time,o,h,l,c,v,fundingRate,premium,log_return,funding_bps
2025-12-03 05:00:00+00:00,93318.0,93639.0,93100.0,93617.0,1634.50662,1.25e-05,-0.0003117644,0.0031989756330626,0.125
2025-12-03 06:00:00+00:00,93617.0,93935.0,93133.0,93400.0,1694.81963,1.25e-05,-0.0002721599,-0.0023206456887439,0.125
2025-12-03 07:00:00+00:00,93400.0,93431.0,92833.0,92973.0,1328.80165,1.25e-05,-0.0002539531,-0.0045822168139451,0.125
2025-12-03 08:00:00+00:00,92974.0,93157.0,92648.0,92730.0,950.68883,1.25e-05,-0.0003187943,-0.0026170836087171,0.125
2025-12-03 09:00:00+00:00,92729.0,93175.0,92673.0,93145.0,1245.16074,1.25e-05,-0.0003594288,0.0044653739295371,0.125
2025-12-03 10:00:00+00:00,93145.0,93344.0,92811.0,92886.0,1818.0073,8.1785e-06,-0.0004345716,-0.0027844839552884,0.081785
2025-12-03 11:00:00+00:00,92887.0,92999.0,92610.0,92961.0,841.91235,6.8379e-06,-0.0004452969,0.0008071155743323,0.068379
2025-12-03 12:00:00+00:00,92961.0,93046.0,92650.0,92894.0,606.6631,-3.2515e-06,-0.0005260124,-0.0007209922025491,-0.032515
2025-12-03 13:00:00+00:00,92893.0,93199.0,92841.0,93077.0,678.58149,-2.895e-07,-0.0005023156,0.0019680494170229,-0.002895
2025-12-03 14:00:00+00:00,93079.0,93642.0,91631.0,92316.0,6863.336,3.1558e-06,-0.0004747535,-0.0082096333103916,0.0315579999999999
2025-12-03 15:00:00+00:00,92329.0,92937.0,91900.0,92338.0,2400.4686,2.9226e-06,-0.0004766193,0.0002382834934968,0.029226
2025-12-03 16:00:00+00:00,92338.0,92721.0,91772.0,92216.0,2519.68806,1.20028e-05,-0.0004039777,-0.0013221064595834,0.120028
2025-12-03 17:00:00+00:00,92216.0,93019.0,92168.0,92931.0,1155.90456,1.25e-05,-0.0002664855,0.0077236310003293,0.125
2025-12-03 18:00:00+00:00,92931.0,93486.0,92350.0,92593.0,1796.10054,1.25e-05,-0.0002630638,-0.0036437374567577,0.125
2025-12-03 19:00:00+00:00,92593.0,93067.0,92507.0,92990.0,757.62605,1.25e-05,-0.0002983771,0.0042784156478228,0.125
2025-12-03 20:00:00+00:00,92994.0,93350.0,92800.0,92934.0,1058.19437,1.25e-05,-0.0002892107,-0.0006023966964292,0.125
2025-12-03 21:00:00+00:00,92936.0,93726.0,92820.0,93655.0,1081.73093,1.25e-05,-0.0002877116,0.0077282539541789,0.125
2025-12-03 22:00:00+00:00,93655.0,94140.0,93266.0,93748.0,1333.44686,1.25e-05,-0.0003566448,0.0009925135417725,0.125
2025-12-03 23:00:00+00:00,93749.0,94069.0,93351.0,93395.0,1181.89191,1.25e-05,-0.0003243122,-0.0037725206783616,0.125
2025-12-04 00:00:00+00:00,93395.0,93439.0,92631.0,93022.0,2536.87639,1.25e-05,-0.0003301567,-0.0040017862939269,0.125
2025-12-04 01:00:00+00:00,93022.0,93712.0,92950.0,93137.0,1052.01617,4.6096e-06,-0.0004631232,0.0012355031411713,0.046096
2025-12-04 02:00:00+00:00,93138.0,94018.0,93065.0,93888.0,1731.46779,8.1776e-06,-0.0004345793,0.0080310550620058,0.0817759999999999
2025-12-04 03:00:00+00:00,93889.0,94031.0,93361.0,93498.0,862.71576,4.6778e-06,-0.0004625774,-0.004162536828984,0.046778
2025-12-04 04:00:00+00:00,93498.0,93542.0,93170.0,93314.0,663.55297,1.7987e-06,-0.0004856102,-0.0019698955045802,0.017987
2025-12-04 05:00:00+00:00,93315.0,93334.0,92730.0,92924.0,1230.2663,1.6075e-06,-0.00048714,-0.0041881954282339,0.016075
2025-12-04 06:00:00+00:00,92924.0,93327.0,92800.0,93100.0,665.3996,-3.7103e-06,-0.0005296821,0.001892229524303,-0.037103
2025-12-04 07:00:00+00:00,93100.0,93379.0,92832.0,93345.0,607.41995,3.896e-07,-0.0004968828,0.0026281224062694,0.003896
2025-12-04 08:00:00+00:00,93346.0,93563.0,93008.0,93233.0,895.64652,4.7694e-06,-0.000461845,-0.0012005704150841,0.0476939999999999
2025-12-04 09:00:00+00:00,93223.0,93581.0,93200.0,93404.0,550.76572,4.9384e-06,-0.0004604924,0.001832434596022,0.049384
2025-12-04 10:00:00+00:00,93404.0,93500.0,93133.0,93215.0,569.46452,3.2715e-06,-0.0004738276,-0.002025517922804,0.032715
2025-12-04 11:00:00+00:00,93214.0,93271.0,92700.0,92898.0,541.27963,2.3771e-06,-0.0004809832,-0.00340653588467,0.023771
2025-12-04 12:00:00+00:00,92899.0,93144.0,92726.0,92947.0,684.5244,4.2056e-06,-0.0004663548,0.0005273211669449,0.042056
2025-12-04 13:00:00+00:00,92951.0,93005.0,92387.0,92476.0,1448.71931,4.3666e-06,-0.0004650673,-0.0050802868362085,0.0436659999999999
2025-12-04 14:00:00+00:00,92477.0,92780.0,91761.0,91867.0,1951.6718,5.3511e-06,-0.0004571909,-0.0066072724816555,0.053511
2025-12-04 15:00:00+00:00,91867.0,93236.0,91866.0,92940.0,3177.2948,7.7289e-06,-0.0004381688,0.0116122447449965,0.077289
2025-12-04 16:00:00+00:00,92939.0,93130.0,92222.0,92384.0,1589.9975,1.25e-05,-0.0003245293,-0.0060003201763077,0.125
2025-12-04 17:00:00+00:00,92385.0,92513.0,91702.0,92393.0,1801.98359,1.25e-05,-0.0003985176,9.741472160630958e-05,0.125
2025-12-04 18:00:00+00:00,92393.0,92503.0,91899.0,92087.0,1398.96535,1.0494e-05,-0.0004160477,-0.0033174358265085,0.1049399999999999
2025-12-04 19:00:00+00:00,92086.0,92123.0,90806.0,91927.0,3571.23966,1.04994e-05,-0.0004160049,-0.0017389985579525,0.104994
2025-12-04 20:00:00+00:00,91933.0,92496.0,91634.0,92459.0,1420.87532,6.737e-06,-0.0004461043,0.0057705191961434,0.06737
2025-12-04 21:00:00+00:00,92457.0,92683.0,92041.0,92113.0,763.90525,9.152e-06,-0.000426784,-0.0037492187904962,0.09152
2025-12-04 22:00:00+00:00,92114.0,92461.0,92106.0,92304.0,489.81965,6.5134e-06,-0.0004478926,0.0020713932912167,0.065134
2025-12-04 23:00:00+00:00,92304.0,92410.0,92034.0,92034.0,547.73583,8.577e-06,-0.000431384,-0.0029294035205067,0.08577
2025-12-05 00:00:00+00:00,92034.0,92439.0,92027.0,92253.0,645.33757,5.0222e-06,-0.0004598224,0.0023767287230386,0.050222
2025-12-05 01:00:00+00:00,92253.0,92562.0,92181.0,92315.0,447.12445,-4.765e-07,-0.0005038117,0.0006718391306409,-0.004765
2025-12-05 02:00:00+00:00,92315.0,92660.0,92209.0,92490.0,940.80404,5.704e-07,-0.0004954369,0.0018938887184622,0.005704
2025-12-05 03:00:00+00:00,92491.0,92632.0,91956.0,92143.0,890.32741,9.6382e-06,-0.0004228946,-0.0037588124393144,0.096382
2025-12-05 04:00:00+00:00,92144.0,92368.0,91780.0,91991.0,771.35141,1.25e-05,-0.0001861498,-0.0016509719500542,0.125
2025-12-05 05:00:00+00:00,91992.0,92173.0,91828.0,91904.0,470.36844,1.25e-05,-0.0002875148,-0.0009461921910957,0.125
2025-12-05 06:00:00+00:00,91903.0,92250.0,91880.0,92237.0,481.59741,1.25e-05,-0.0003736056,0.0036167975953634,0.125
2025-12-05 07:00:00+00:00,92238.0,92464.0,92156.0,92205.0,381.80723,1.25e-05,-0.0003793587,-0.0003469925539852,0.125
2025-12-05 08:00:00+00:00,92206.0,92223.0,91871.0,92081.0,494.44922,1.25e-05,-0.0003704638,-0.0013457345507925,0.125
2025-12-05 09:00:00+00:00,92082.0,92082.0,90940.0,91091.0,1446.75408,1.25e-05,-0.000377702,-0.0108096176263562,0.125
2025-12-05 10:00:00+00:00,91090.0,91451.0,91048.0,91241.0,632.44609,9.1823e-06,-0.0004265417,0.0016453506114093,0.091823
2025-12-05 11:00:00+00:00,91241.0,91520.0,91075.0,91298.0,906.93529,1.25e-05,-0.0003727138,0.0006245240946059,0.125
2025-12-05 12:00:00+00:00,91298.0,91388.0,91033.0,91196.0,456.61969,1.08271e-05,-0.0004133835,-0.0011178450866483,0.108271
2025-12-05 13:00:00+00:00,91197.0,91320.0,90215.0,90419.0,2641.43267,5.8265e-06,-0.0004533883,-0.0085566141641085,0.058265
2025-12-05 14:00:00+00:00,90419.0,90690.0,89868.0,90260.0,3992.69094,8.6619e-06,-0.000430705,-0.0017600279063366,0.0866189999999999
2025-12-05 15:00:00+00:00,90260.0,91440.0,90216.0,90406.0,3674.07812,8.6967e-06,-0.0004304261,0.0016162424781889,0.0869669999999999
2025-12-05 16:00:00+00:00,90406.0,90455.0,88032.0,88759.0,7686.67138,-3.7007e-06,-0.0005296056,-0.018385805212304,-0.037007
2025-12-05 17:00:00+00:00,88760.0,89422.0,88581.0,89289.0,3191.98244,1.1741e-06,-0.000490607,0.0059534683392446,0.011741
2025-12-05 18:00:00+00:00,89290.0,89771.0,88858.0,88899.0,2506.34298,9.718e-06,-0.0004222556,-0.0043774061413176,0.09718
2025-12-05 19:00:00+00:00,88898.0,89767.0,88772.0,89586.0,1913.03028,2.1319e-06,-0.0004829452,0.0076981639099145,0.0213189999999999
2025-12-05 20:00:00+00:00,89587.0,89706.0,89140.0,89272.0,1535.67907,4.0346e-06,-0.0004677231,-0.0035111688891816,0.040346
2025-12-05 21:00:00+00:00,89268.0,89422.0,89030.0,89117.0,945.13002,2.7057e-06,-0.0004783548,-0.0017377757485784,0.027057
2025-12-05 22:00:00+00:00,89119.0,89326.0,88844.0,89194.0,832.83542,-2.849e-07,-0.0005022795,0.0008636596147881,-0.002849
2025-12-05 23:00:00+00:00,89194.0,89341.0,88873.0,89294.0,861.69884,1.0629e-06,-0.0004914967,0.0011205236258248,0.010629
2025-12-06 00:00:00+00:00,89294.0,89434.0,89001.0,89383.0,546.54526,4.528e-06,-0.0004637762,0.0009962111224228,0.0452799999999999
2025-12-06 01:00:00+00:00,89383.0,89478.0,89174.0,89280.0,467.77148,6.8036e-06,-0.0004455713,-0.0011530088648565,0.068036
2025-12-06 02:00:00+00:00,89281.0,89366.0,89129.0,89354.0,299.05152,1.10854e-05,-0.0004113168,0.0008285097375972,0.110854
2025-12-06 03:00:00+00:00,89354.0,89769.0,89346.0,89634.0,643.30226,8.2861e-06,-0.0004337115,0.0031287039176372,0.082861
2025-12-06 04:00:00+00:00,89634.0,89666.0,89489.0,89623.0,156.10316,9.9468e-06,-0.0004204257,-0.0001227288196701,0.0994679999999999
2025-12-06 05:00:00+00:00,89623.0,89698.0,89500.0,89565.0,164.06653,8.0155e-06,-0.0004358762,-0.0006473648014996,0.080155
2025-12-06 06:00:00+00:00,89565.0,89724.0,89479.0,89638.0,207.74743,7.4123e-06,-0.0004407019,0.0008147185486617,0.074123
2025-12-06 07:00:00+00:00,89638.0,89669.0,89422.0,89546.0,230.93339,8.0775e-06,-0.00043538,-0.0010268774900026,0.080775
2025-12-06 08:00:00+00:00,89546.0,89586.0,89171.0,89237.0,433.03606,7.2325e-06,-0.0004421403,-0.0034567079384763,0.072325
2025-12-06 09:00:00+00:00,89237.0,89635.0,89222.0,89528.0,244.81718,5.8012e-06,-0.0004535904,0.003255673728478,0.0580119999999999
2025-12-06 10:00:00+00:00,89528.0,89641.0,89406.0,89471.0,570.05489,1.00746e-05,-0.0004194031,-0.000636875087868,0.100746
2025-12-06 11:00:00+00:00,89471.0,89678.0,89461.0,89581.0,317.17124,7.154e-06,-0.000442768,0.0012286934950607,0.0715399999999999
2025-12-06 12:00:00+00:00,89582.0,89601.0,89516.0,89535.0,153.07346,6.4125e-06,-0.0004486997,-0.0005136336341958,0.064125
2025-12-06 13:00:00+00:00,89535.0,89737.0,89535.0,89617.0,467.42432,3.8988e-06,-0.0004688094,0.0009154238381524,0.038988
2025-12-06 14:00:00+00:00,89618.0,90249.0,89602.0,89946.0,1426.72847,4.868e-07,-0.000496106,0.0036644561313573,0.004868
2025-12-06 15:00:00+00:00,89947.0,89999.0,89451.0,89712.0,957.43824,-1.6024e-06,-0.0005128196,-0.0026049508769159,-0.016024
2025-12-06 16:00:00+00:00,89712.0,89942.0,89623.0,89665.0,533.73564,-1.8218e-06,-0.0005145742,-0.0005240359809292,-0.018218
2025-12-06 17:00:00+00:00,89664.0,89809.0,89562.0,89665.0,576.95108,-7.292e-07,-0.0005058339,0.0,-0.007292
2025-12-06 18:00:00+00:00,89665.0,89750.0,89460.0,89597.0,430.65943,-1.235e-06,-0.0005098803,-0.0007586661228992,-0.01235
2025-12-06 19:00:00+00:00,89597.0,89699.0,89229.0,89359.0,1055.66164,-1.8064e-06,-0.0005144509,-0.0026598732685056,-0.018064
2025-12-06 20:00:00+00:00,89359.0,89521.0,89285.0,89500.0,212.41927,-2.4558e-06,-0.0005196462,0.0015766612718272,-0.024558
2025-12-06 21:00:00+00:00,89499.0,89577.0,89340.0,89359.0,521.14137,2.9053e-06,-0.0004767573,-0.001576661271827,0.029053
2025-12-06 22:00:00+00:00,89359.0,89485.0,89199.0,89235.0,662.53526,-4.5724e-06,-0.0005365789,-0.0013886247010038,-0.0457239999999999
2025-12-06 23:00:00+00:00,89235.0,89279.0,88848.0,89181.0,1383.49496,-1.01574e-05,-0.0005812593,-0.000605326894997,-0.101574
2025-12-07 00:00:00+00:00,89182.0,89509.0,89128.0,89330.0,481.31744,-8.1786e-06,-0.0005654288,0.0016693653007659,-0.081786
2025-12-07 01:00:00+00:00,89330.0,89540.0,89235.0,89236.0,397.04809,-5.8314e-06,-0.0005466514,-0.0010528321033444,-0.058314
2025-12-07 02:00:00+00:00,89235.0,89652.0,89235.0,89586.0,521.87263,-6.306e-06,-0.0005504476,0.0039145121621784,-0.06306
2025-12-07 03:00:00+00:00,89578.0,89699.0,89505.0,89669.0,251.20453,-2.1084e-06,-0.0005168673,0.000926055127406,-0.021084
2025-12-07 04:00:00+00:00,89669.0,89749.0,89445.0,89485.0,239.70451,9.1e-08,-0.0004992719,-0.0020540994306161,0.0009099999999999
2025-12-07 05:00:00+00:00,89487.0,89513.0,89369.0,89467.0,207.446,-3.3813e-06,-0.0005270505,-0.000201171264481,-0.033813
2025-12-07 06:00:00+00:00,89466.0,89659.0,89450.0,89658.0,239.46924,-1.605e-06,-0.0005128398,0.0021325897824203,-0.01605
2025-12-07 07:00:00+00:00,89660.0,89690.0,89140.0,89335.0,499.09882,1.2178e-06,-0.0004902577,-0.0036090836021805,0.012178
2025-12-07 08:00:00+00:00,89336.0,89497.0,89153.0,89269.0,652.8583,1.0707e-06,-0.0004914343,-0.0007390652281493,0.010707
2025-12-07 09:00:00+00:00,89268.0,89358.0,88996.0,89062.0,417.89792,2.6248e-06,-0.000479002,-0.0023215267448579,0.0262479999999999
2025-12-07 10:00:00+00:00,89061.0,89347.0,89055.0,89180.0,521.24965,-3.3042e-06,-0.0005264334,0.0013240427872074,-0.033042
2025-12-07 11:00:00+00:00,89180.0,89222.0,89090.0,89091.0,477.69089,-1.4461e-06,-0.0005115689,-0.0009984799254408,-0.014461
2025-12-07 12:00:00+00:00,89091.0,89544.0,89062.0,89428.0,1003.14218,-1.2345e-05,-0.0005987601,0.0037755129741229,-0.1234499999999999
2025-12-07 13:00:00+00:00,89429.0,89452.0,88543.0,88971.0,2371.53558,-1.17766e-05,-0.000594213,-0.0051233583107683,-0.117766
2025-12-07 14:00:00+00:00,88971.0,89052.0,87666.0,88192.0,3222.23649,-8.4468e-06,-0.0005675741,-0.0087942179861056,-0.084468
2025-12-07 15:00:00+00:00,88192.0,89686.0,88119.0,89508.0,2884.94689,-4.4116e-06,-0.0005352924,0.0148117508098878,-0.044116
2025-12-07 16:00:00+00:00,89507.0,89869.0,89059.0,89859.0,1835.44267,-2.6342e-06,-0.0005210733,0.0039137683970762,-0.026342
2025-12-07 17:00:00+00:00,89859.0,91266.0,89557.0,90906.0,3738.64392,-9.3514e-06,-0.0005748111,0.0115842304476506,-0.093514
2025-12-07 18:00:00+00:00,90907.0,91721.0,90906.0,91306.0,2089.52222,-3.6106e-06,-0.0005288846,0.0043904972509895,-0.036106
2025-12-07 19:00:00+00:00,91305.0,91496.0,91155.0,91372.0,1538.23217,-6.4286e-06,-0.0005514292,0.0007225829368801,-0.064286
2025-12-07 20:00:00+00:00,91372.0,91475.0,91259.0,91390.0,886.5869,-5.4387e-06,-0.0005435098,0.0001969774904869,-0.054387
2025-12-07 21:00:00+00:00,91387.0,91387.0,89803.0,90187.0,3234.21746,-4.0363e-06,-0.0005322902,-0.0132507707709326,-0.0403629999999999
2025-12-07 22:00:00+00:00,90186.0,90222.0,88893.0,89558.0,4280.97369,-7.9747e-06,-0.0005637979,-0.0069988324299183,-0.079747
2025-12-07 23:00:00+00:00,89557.0,90455.0,89465.0,90344.0,1102.21361,2.981e-07,-0.0004976152,0.00873814633811,0.002981
2025-12-08 00:00:00+00:00,90345.0,90569.0,89794.0,90311.0,863.52047,1.6e-06,-0.0004871998,-0.0003653372490885,0.016
2025-12-08 01:00:00+00:00,90310.0,91636.0,90274.0,90851.0,2375.59819,1.2342e-06,-0.0004901261,0.0059615327639718,0.012342
2025-12-08 02:00:00+00:00,90854.0,91394.0,90761.0,91309.0,1175.39924,2.903e-07,-0.000497678,0.0050285569290361,0.002903
2025-12-08 03:00:00+00:00,91310.0,91361.0,90941.0,91025.0,597.84604,2.4247e-06,-0.0004806024,-0.0031151648037914,0.0242469999999999
2025-12-08 04:00:00+00:00,91025.0,91440.0,90969.0,91227.0,464.85361,-8.317e-07,-0.0005066535,0.0022167118354346,-0.008317
2025-12-08 05:00:00+00:00,91228.0,91396.0,91000.0,91282.0,488.1673,-8.919e-07,-0.0005071351,0.0006027100215872,-0.008919
2025-12-08 06:00:00+00:00,91281.0,91617.0,91207.0,91401.0,521.06331,-1.3905e-06,-0.0005111239,0.001302803400771,-0.013905
2025-12-08 07:00:00+00:00,91401.0,91829.0,91326.0,91513.0,715.57855,3.521e-07,-0.0004971832,0.0012246193730073,0.003521
2025-12-08 08:00:00+00:00,91513.0,91879.0,91434.0,91789.0,795.93459,3.4545e-06,-0.000472364,0.0030114260464127,0.034545
2025-12-08 09:00:00+00:00,91789.0,92256.0,91751.0,91881.0,1556.1413,1.624e-07,-0.0004987005,0.0010017967843877,0.001624
2025-12-08 10:00:00+00:00,91881.0,92187.0,91766.0,92089.0,653.88578,7.4749e-06,-0.0004402006,0.0022612392088801,0.074749
2025-12-08 11:00:00+00:00,92089.0,92146.0,91811.0,91926.0,880.25839,5.0249e-06,-0.0004598009,-0.0017715951703063,0.050249
2025-12-08 12:00:00+00:00,91926.0,91951.0,91614.0,91722.0,679.36115,4.0274e-06,-0.0004677812,-0.0022216423147194,0.040274
2025-12-08 13:00:00+00:00,91723.0,92080.0,91220.0,91417.0,1229.19751,4.135e-07,-0.0004966921,-0.0033308064582568,0.004135
2025-12-08 14:00:00+00:00,91417.0,91759.0,90714.0,90815.0,3019.83392,3.657e-07,-0.0004970747,-0.0066069865872883,0.003657
2025-12-08 15:00:00+00:00,90815.0,90950.0,89565.0,89918.0,4271.03883,2.6591e-06,-0.0004787275,-0.0099263262962651,0.026591
2025-12-08 16:00:00+00:00,89918.0,90449.0,89644.0,89932.0,1838.97336,7.7537e-06,-0.0004379703,0.0001556852936143,0.077537
2025-12-08 17:00:00+00:00,89932.0,90289.0,89619.0,90215.0,1796.31437,6.9781e-06,-0.0004441749,0.0031418811615058,0.069781
2025-12-08 18:00:00+00:00,90216.0,90478.0,89681.0,89886.0,1460.46384,3.9041e-06,-0.0004687669,-0.0036535095969619,0.039041
2025-12-08 19:00:00+00:00,89871.0,90325.0,89812.0,90071.0,1280.81297,3.2203e-06,-0.0004742379,0.0020560474465717,0.0322029999999999
2025-12-08 20:00:00+00:00,90072.0,90867.0,90072.0,90742.0,1852.2218,2.8599e-06,-0.0004771209,0.0074220667793,0.028599
2025-12-08 21:00:00+00:00,90749.0,91336.0,90631.0,91273.0,1497.45388,4.2544e-06,-0.0004659646,0.0058347005074767,0.042544
2025-12-08 22:00:00+00:00,91273.0,91338.0,90650.0,90773.0,1462.38425,5.0289e-06,-0.0004597686,-0.0054931309369025,0.050289
2025-12-08 23:00:00+00:00,90774.0,90960.0,90441.0,90594.0,1161.57922,1.7401e-06,-0.0004860789,-0.0019738988693582,0.017401
2025-12-09 00:00:00+00:00,90594.0,90799.0,90304.0,90347.0,733.43636,1.2142e-06,-0.0004902866,-0.002730173409288,0.012142
2025-12-09 01:00:00+00:00,90347.0,90519.0,89912.0,90009.0,881.05548,1.1498e-06,-0.0004908012,-0.0037481469505012,0.011498
2025-12-09 02:00:00+00:00,90010.0,90331.0,89933.0,90009.0,594.66624,1.7238e-06,-0.0004862098,0.0,0.017238
2025-12-09 03:00:00+00:00,90008.0,90395.0,89754.0,90356.0,1097.72799,1.0631e-06,-0.0004914953,0.0038477579144302,0.010631
2025-12-09 04:00:00+00:00,90357.0,90461.0,89677.0,89873.0,1015.85068,-9.127e-07,-0.0005073016,-0.0053598605807687,-0.009127
2025-12-09 05:00:00+00:00,89873.0,90163.0,89500.0,89836.0,1041.44,-1.106e-07,-0.0005008844,-0.0004117768227835,-0.001106
2025-12-09 06:00:00+00:00,89837.0,90189.0,89721.0,90122.0,683.82979,2.4665e-06,-0.0004802682,0.0031785221083608,0.024665
2025-12-09 07:00:00+00:00,90122.0,90487.0,90044.0,90439.0,449.90651,2.3582e-06,-0.0004811347,0.0035112823444015,0.023582
2025-12-09 08:00:00+00:00,90439.0,90550.0,90333.0,90463.0,573.28558,3.1232e-06,-0.0004750141,0.0002653370348675,0.031232
2025-12-09 09:00:00+00:00,90452.0,90452.0,90080.0,90082.0,440.64211,-1.2225e-06,-0.0005097802,-0.004220560697519,-0.012225
2025-12-09 10:00:00+00:00,90083.0,90296.0,89871.0,90252.0,704.6291,-1.3125e-06,-0.0005104999,0.0018853910006791,-0.013125
2025-12-09 11:00:00+00:00,90252.0,90358.0,90100.0,90338.0,460.9125,7.013e-07,-0.00049439,0.0009524337615714,0.0070129999999999
2025-12-09 12:00:00+00:00,90340.0,90647.0,90299.0,90544.0,905.81868,5.2972e-06,-0.0004576225,0.0022777290063302,0.052972
2025-12-09 13:00:00+00:00,90544.0,90827.0,90145.0,90401.0,1740.61156,1.25e-05,-0.0003869172,-0.0015805911163174,0.125
2025-12-09 14:00:00+00:00,90401.0,90608.0,89958.0,90320.0,2849.70769,1.25e-05,-0.0003723592,-0.000896409442444,0.125
2025-12-09 15:00:00+00:00,90320.0,92874.0,90254.0,92671.0,6646.33607,1.25e-05,-0.0003414147,0.0256966666777129,0.125
2025-12-09 16:00:00+00:00,92671.0,94443.0,92671.0,94125.0,7310.21838,1.25e-05,-0.0002578075,0.015568099600938,0.125
2025-12-09 17:00:00+00:00,94126.0,94569.0,93485.0,93858.0,3559.70546,1.25e-05,-0.0003213121,-0.0028406843123694,0.125
2025-12-09 18:00:00+00:00,93859.0,94132.0,93610.0,93878.0,1496.64734,5.4253e-06,-0.0004565977,0.0002130651561305,0.054253
2025-12-09 19:00:00+00:00,93879.0,94172.0,93604.0,93757.0,1910.37447,4.5963e-06,-0.0004632294,-0.0012897382340486,0.045963
2025-12-09 20:00:00+00:00,93757.0,93811.0,92711.0,93059.0,2689.27864,8.1124e-06,-0.0004351012,-0.0074726281264302,0.081124
2025-12-09 21:00:00+00:00,93065.0,93197.0,92199.0,92633.0,2572.54713,3.0189e-06,-0.0004758487,-0.0045882509461623,0.030189
2025-12-09 22:00:00+00:00,92633.0,92991.0,92461.0,92830.0,795.97268,2.2516e-06,-0.000481987,0.0021244137546637,0.022516
2025-12-09 23:00:00+00:00,92830.0,92935.0,92499.0,92654.0,1096.21158,3.8708e-06,-0.0004690339,-0.0018977383798137,0.038708
2025-12-10 00:00:00+00:00,92655.0,92740.0,92000.0,92084.0,1715.57706,1.04131e-05,-0.0004166949,-0.0061709210753774,0.104131
2025-12-10 01:00:00+00:00,92085.0,92369.0,91919.0,92280.0,1272.5078,8.1203e-06,-0.0004350375,0.0021262293489028,0.081203
2025-12-10 02:00:00+00:00,92280.0,92541.0,91972.0,92457.0,755.87193,1.0604e-05,-0.0004151679,0.0019162382647932,0.10604
2025-12-10 03:00:00+00:00,92458.0,92522.0,92307.0,92381.0,337.68892,1.25e-05,-0.0003867291,-0.0008223417726104,0.125
2025-12-10 04:00:00+00:00,92379.0,92627.0,92347.0,92520.0,544.62565,1.25e-05,-0.0003944584,0.0015035075655028,0.125
2025-12-10 05:00:00+00:00,92521.0,92718.0,92501.0,92538.0,937.70852,1.25e-05,-0.0003805695,0.0001945336062938,0.125
2025-12-10 06:00:00+00:00,92538.0,92718.0,92378.0,92675.0,529.76683,1.25e-05,-0.0002301251,0.0014793780672636,0.125
2025-12-10 07:00:00+00:00,92675.0,92779.0,92463.0,92752.0,214.20646,1.25e-05,-0.0002785947,0.0008305155605811,0.125
2025-12-10 08:00:00+00:00,92756.0,92761.0,92517.0,92586.0,335.36914,1.25e-05,-0.0003157431,-0.0017913222802543,0.125
2025-12-10 09:00:00+00:00,92585.0,92905.0,92404.0,92887.0,348.54801,1.25e-05,-0.0003206475,0.0032457582963723,0.125
2025-12-10 10:00:00+00:00,92887.0,93220.0,92097.0,92245.0,1493.46276,1.25e-05,-0.0003411359,-0.0069356197037664,0.125
2025-12-10 11:00:00+00:00,92245.0,92396.0,91730.0,92085.0,904.58993,1.1916e-05,-0.0004046717,-0.0017360173621593,0.11916
2025-12-10 12:00:00+00:00,92084.0,92174.0,91775.0,91959.0,1261.78631,6.7572e-06,-0.0004459421,-0.001369238004885,0.067572
2025-12-10 13:00:00+00:00,91956.0,92184.0,91906.0,92051.0,880.61771,4.9674e-06,-0.000460261,0.0009999457384472,0.049674
2025-12-10 14:00:00+00:00,92051.0,92067.0,91543.0,91807.0,1353.49528,1.22667e-05,-0.0004018666,-0.0026542238384662,0.122667
2025-12-10 15:00:00+00:00,91806.0,92119.0,91547.0,92027.0,1172.97771,1.25e-05,-0.0003834679,0.0023934648109237,0.125
2025-12-10 16:00:00+00:00,92026.0,92570.0,91856.0,92134.0,1754.64106,1.25e-05,-0.0003117118,0.0011620268356518,0.125
2025-12-10 17:00:00+00:00,92134.0,92489.0,92062.0,92364.0,1338.75333,1.25e-05,-0.0003144324,0.0024932532509398,0.125
2025-12-10 18:00:00+00:00,92364.0,93025.0,91968.0,92456.0,2935.23807,1.25e-05,-0.0002585604,0.0009955633329594,0.125
2025-12-10 19:00:00+00:00,92474.0,93231.0,91612.0,92900.0,8607.80438,1.25e-05,-0.0002754327,0.0047907901466526,0.125
2025-12-10 20:00:00+00:00,92898.0,94444.0,92184.0,92419.0,7711.60499,1.25e-05,-0.0003581806,-0.0051910606050055,0.125
2025-12-10 21:00:00+00:00,92425.0,92735.0,91831.0,92317.0,3049.79232,6.4329e-06,-0.0004485366,-0.0011042786502378,0.064329
2025-12-10 22:00:00+00:00,92317.0,92655.0,91915.0,92473.0,2156.51786,1.23158e-05,-0.0004014734,0.0016884034532081,0.123158
2025-12-10 23:00:00+00:00,92473.0,92540.0,91884.0,91961.0,1053.83672,4.3317e-06,-0.0004653468,-0.0055521358887306,0.043317
2025-12-11 00:00:00+00:00,91961.0,92028.0,91009.0,91350.0,1978.4403,3.3058e-06,-0.0004735538,-0.0066662913050113,0.033058
2025-12-11 01:00:00+00:00,91351.0,91357.0,90602.0,90634.0,2263.44582,5.041e-07,-0.0004959671,-0.0078688642352951,0.0050409999999999
2025-12-11 02:00:00+00:00,90632.0,90632.0,89830.0,90031.0,2675.87492,5.9717e-06,-0.0004522267,-0.0066753631213803,0.059717
2025-12-11 03:00:00+00:00,90032.0,90032.0,89344.0,89860.0,1966.19214,1.25e-05,-0.0003921374,-0.0019011518253262,0.125
2025-12-11 04:00:00+00:00,89859.0,90440.0,89662.0,90400.0,1280.44547,1.25e-05,-0.0003339673,0.0059913637561169,0.125
2025-12-11 05:00:00+00:00,90400.0,90400.0,90038.0,90272.0,626.39953,1.25e-05,-0.0003136822,-0.001416932578545,0.125
2025-12-11 06:00:00+00:00,90272.0,90415.0,89929.0,90261.0,662.80177,1.25e-05,-0.0003843211,-0.0001218613772951,0.125
2025-12-11 07:00:00+00:00,90260.0,90291.0,90055.0,90236.0,393.35445,1.25e-05,-0.0003968525,-0.0002770129161134,0.125
2025-12-11 08:00:00+00:00,90236.0,90249.0,89943.0,90151.0,347.2624,1.17478e-05,-0.000406018,-0.0009424183149681,0.117478
2025-12-11 09:00:00+00:00,90150.0,90469.0,90109.0,90190.0,399.42315,1.25e-05,-0.000350366,0.0004325139664077,0.125
2025-12-11 10:00:00+00:00,90190.0,90313.0,90132.0,90287.0,173.64838,1.25e-05,-0.0003422432,0.0010749293188614,0.125
2025-12-11 11:00:00+00:00,90287.0,90380.0,90173.0,90202.0,213.95142,1.25e-05,-0.0003690353,-0.0009418857247142,0.125
2025-12-11 12:00:00+00:00,90201.0,90350.0,89980.0,90000.0,359.44133,1.25e-05,-0.0003417201,-0.0022419294414989,0.125
2025-12-11 13:00:00+00:00,90000.0,90141.0,89849.0,90069.0,754.51644,1.25e-05,-0.0003294225,0.0007663729279012,0.125
2025-12-11 14:00:00+00:00,90069.0,90448.0,89229.0,89518.0,3469.02492,1.25e-05,-0.0003446325,-0.0061363208802976,0.125
2025-12-11 15:00:00+00:00,89517.0,90624.0,89373.0,89849.0,3712.57557,1.25e-05,-0.0002907178,0.0036907611292187,0.125
2025-12-11 16:00:00+00:00,89848.0,90153.0,89289.0,89700.0,2062.52432,1.25e-05,-0.0002845151,-0.0016597144423371,0.125
2025-12-11 17:00:00+00:00,89700.0,90228.0,89601.0,89950.0,1051.0283,1.25e-05,-0.0003746082,0.0027831913317916,0.125
2025-12-11 18:00:00+00:00,89949.0,91160.0,89866.0,90672.0,2603.68224,1.25e-05,-0.0003527657,0.0079946390307213,0.125
2025-12-11 19:00:00+00:00,90668.0,91500.0,90554.0,90787.0,3018.25797,1.25e-05,-0.0003765782,0.0012675041237553,0.125
2025-12-11 20:00:00+00:00,90787.0,91798.0,90744.0,91748.0,3731.5299,4.5767e-06,-0.0004633865,0.0105295847809504,0.0457669999999999
2025-12-11 21:00:00+00:00,91749.0,93544.0,91663.0,92836.0,5579.58625,-2.0704e-06,-0.000516563,0.011788807268879,-0.020704
2025-12-11 22:00:00+00:00,92836.0,93176.0,92064.0,92328.0,2492.73102,1.25e-05,-0.0003407571,-0.0054870414827444,0.125
2025-12-11 23:00:00+00:00,92328.0,92771.0,92293.0,92481.0,2016.24772,1.25e-05,-0.0003557144,0.0016557638962908,0.125
2025-12-12 00:00:00+00:00,92482.0,92611.0,91394.0,91540.0,1477.85119,1.25e-05,-0.0003196435,-0.0102271827888985,0.125
2025-12-12 01:00:00+00:00,91540.0,92285.0,91490.0,92144.0,927.33805,1.25e-05,-0.0003358289,0.0065765355388205,0.125
2025-12-12 02:00:00+00:00,92144.0,92710.0,91913.0,92560.0,1300.87858,1.25e-05,-0.0003116731,0.0045045121211045,0.125
2025-12-12 03:00:00+00:00,92560.0,92728.0,92145.0,92254.0,769.20479,1.25e-05,-0.0002543834,-0.0033114404712166,0.125
2025-12-12 04:00:00+00:00,92254.0,92457.0,92114.0,92375.0,696.9963,1.25e-05,-0.000259716,0.0013107368541614,0.125
2025-12-12 05:00:00+00:00,92374.0,92489.0,92050.0,92424.0,569.16337,1.25e-05,-0.0002816211,0.0005303059123517,0.125
2025-12-12 06:00:00+00:00,92424.0,92723.0,92383.0,92498.0,1225.49918,1.25e-05,-0.0002714267,0.0008003374822897,0.125
2025-12-12 07:00:00+00:00,92497.0,92552.0,92228.0,92413.0,670.87953,1.25e-05,-0.0001680854,-0.0009193612709574,0.125
2025-12-12 08:00:00+00:00,92412.0,92449.0,92082.0,92271.0,628.42621,1.25e-05,-0.0002134232,-0.0015377621015618,0.125
2025-12-12 09:00:00+00:00,92271.0,92552.0,92059.0,92502.0,534.53274,1.25e-05,-0.0002585394,0.0025003666157694,0.125
2025-12-12 10:00:00+00:00,92501.0,92614.0,92401.0,92480.0,239.18818,1.25e-05,-0.0003073661,-0.0002378609821898,0.125
2025-12-12 11:00:00+00:00,92481.0,92481.0,92268.0,92399.0,354.7723,1.25e-05,-0.0001539959,-0.0008762488458151,0.125
2025-12-12 12:00:00+00:00,92399.0,92419.0,92057.0,92410.0,212.6505,1.25e-05,-0.0001658421,0.0001190418216968,0.125
2025-12-12 13:00:00+00:00,92408.0,92490.0,92221.0,92281.0,222.35751,1.25e-05,-0.0001513076,-0.0013969280688028,0.125
2025-12-12 14:00:00+00:00,92282.0,92645.0,91890.0,92425.0,1218.78959,1.25e-05,-0.0001836306,0.0015592349915493,0.125
2025-12-12 15:00:00+00:00,92425.0,92425.0,89746.0,89903.0,7456.3268,1.25e-05,-0.0002009928,-0.0276661934903324,0.125
2025-12-12 16:00:00+00:00,89898.0,90429.0,89448.0,90019.0,4285.4236,1.25e-05,-0.0002789328,0.001289447828198,0.125
2025-12-12 17:00:00+00:00,90019.0,90597.0,89784.0,90055.0,1980.95255,1.25e-05,-0.0002371661,0.0003998356284594,0.125
2025-12-12 18:00:00+00:00,90054.0,90629.0,90011.0,90346.0,1015.41356,1.25e-05,-0.0003335427,0.0032261489946824,0.125
2025-12-12 19:00:00+00:00,90345.0,90367.0,89967.0,90156.0,1338.44528,1.25e-05,-0.0003504765,-0.0021052406086794,0.125
2025-12-12 20:00:00+00:00,90156.0,90308.0,89837.0,90147.0,1000.20123,1.25e-05,-0.0003933911,-9.983194963453678e-05,0.125
2025-12-12 21:00:00+00:00,90165.0,90300.0,90067.0,90147.0,376.24873,8.0833e-06,-0.000435334,0.0,0.0808329999999999
2025-12-12 22:00:00+00:00,90154.0,90369.0,90149.0,90290.0,278.54907,1.12089e-05,-0.0004103284,0.0015850410939984,0.112089
2025-12-12 23:00:00+00:00,90291.0,90356.0,90187.0,90228.0,150.87394,1.25e-05,-0.000363931,-0.0006869121354976,0.125
2025-12-13 00:00:00+00:00,90228.0,90397.0,90165.0,90291.0,193.60537,1.25e-05,-0.0003988315,0.0006979874978005,0.125
2025-12-13 01:00:00+00:00,90292.0,90321.0,90076.0,90194.0,300.50596,1.25e-05,-0.0003499791,-0.001074881672596,0.125
2025-12-13 02:00:00+00:00,90195.0,90291.0,90190.0,90200.0,132.68193,1.25e-05,-0.000392027,6.652105948328971e-05,0.125
2025-12-13 03:00:00+00:00,90200.0,90427.0,90166.0,90309.0,224.62136,1.25e-05,-0.0003971567,0.0012076961619455,0.125
2025-12-13 04:00:00+00:00,90309.0,90379.0,90237.0,90336.0,176.52206,1.25e-05,-0.000386854,0.0002989288405551,0.125
2025-12-13 05:00:00+00:00,90336.0,90343.0,90237.0,90303.0,54.1203,1.20162e-05,-0.0004038707,-0.000365369608635,0.120162
2025-12-13 06:00:00+00:00,90303.0,90330.0,90238.0,90321.0,109.28983,1.25e-05,-0.0003970041,0.0001993090625783,0.125
2025-12-13 07:00:00+00:00,90320.0,90345.0,90291.0,90291.0,71.13872,8.2193e-06,-0.0004342459,-0.0003322038433315,0.0821929999999999
2025-12-13 08:00:00+00:00,90291.0,90542.0,90291.0,90433.0,417.98158,1.15238e-05,-0.0004078092,0.0015714573517867,0.115238
2025-12-13 09:00:00+00:00,90433.0,90488.0,90349.0,90392.0,298.45258,1.25e-05,-0.0003672428,-0.0004534771265323,0.125
2025-12-13 10:00:00+00:00,90392.0,90624.0,90387.0,90557.0,298.16343,1.25e-05,-0.0003368963,0.001823718790729,0.125
2025-12-13 11:00:00+00:00,90557.0,90569.0,90260.0,90311.0,191.75122,1.25e-05,-0.0003609003,-0.0027202175253935,0.125
2025-12-13 12:00:00+00:00,90311.0,90446.0,90252.0,90319.0,176.96871,1.25e-05,-0.0003305132,8.857886292677712e-05,0.125
2025-12-13 13:00:00+00:00,90319.0,90424.0,90171.0,90230.0,159.08337,1.25e-05,-0.0003038244,-0.000985882028798,0.125
2025-12-13 14:00:00+00:00,90229.0,90300.0,89909.0,90052.0,651.26482,1.25e-05,-0.0003183382,-0.0019746847476819,0.125
2025-12-13 15:00:00+00:00,90051.0,90262.0,90002.0,90062.0,325.90113,1.25e-05,-0.000286643,0.0001110407853944,0.125
2025-12-13 16:00:00+00:00,90061.0,90231.0,90008.0,90066.0,173.34396,1.25e-05,-0.0003018823,4.441286197207905e-05,0.125
2025-12-13 17:00:00+00:00,90067.0,90076.0,89958.0,90025.0,189.76505,1.25e-05,-0.0003035674,-0.0004553253711551,0.125
2025-12-13 18:00:00+00:00,90026.0,90146.0,90021.0,90087.0,93.39829,1.25e-05,-0.0003235865,0.0006884605406511,0.125
2025-12-13 19:00:00+00:00,90087.0,90195.0,90079.0,90152.0,71.42194,1.25e-05,-0.0002964856,0.0007212645744579,0.125
2025-12-13 20:00:00+00:00,90152.0,90178.0,90012.0,90060.0,89.86994,1.25e-05,-0.0002676208,-0.0010210197766226,0.125
2025-12-13 21:00:00+00:00,90060.0,90161.0,89724.0,90151.0,836.06658,1.25e-05,-0.0002827141,0.0010099273377834,0.125
2025-12-13 22:00:00+00:00,90151.0,90225.0,89974.0,90109.0,208.22799,1.25e-05,-0.0003251343,-0.0004659935732832,0.125
2025-12-13 23:00:00+00:00,90109.0,90257.0,90042.0,90222.0,140.71106,1.25e-05,-0.0002451171,0.0012532511303123,0.125
2025-12-14 00:00:00+00:00,90222.0,90443.0,90086.0,90311.0,344.22893,1.25e-05,-0.0002683539,0.0009859694040425,0.125
2025-12-14 01:00:00+00:00,90312.0,90414.0,90175.0,90269.0,325.36889,1.25e-05,-0.0003033175,-0.0004651678010558,0.125
2025-12-14 02:00:00+00:00,90269.0,90365.0,90210.0,90262.0,89.18673,1.25e-05,-0.0002536803,-7.754900824248052e-05,0.125
2025-12-14 03:00:00+00:00,90263.0,90273.0,90225.0,90236.0,60.3483,1.25e-05,-0.000284378,-0.000288091836805,0.125
2025-12-14 04:00:00+00:00,90237.0,90303.0,90098.0,90163.0,154.35054,1.25e-05,-0.000308917,-0.0008093171689925,0.125
2025-12-14 05:00:00+00:00,90163.0,90186.0,90013.0,90162.0,429.87031,1.25e-05,-0.0002942484,-1.1091085540155023e-05,0.125
2025-12-14 06:00:00+00:00,90163.0,90194.0,90064.0,90109.0,158.25818,1.25e-05,-0.000376814,-0.0005880036337187,0.125
2025-12-14 07:00:00+00:00,90109.0,90241.0,90042.0,90210.0,51.01499,1.25e-05,-0.0003950462,0.0011202370306216,0.125
2025-12-14 08:00:00+00:00,90209.0,90244.0,90063.0,90079.0,164.03617,1.18711e-05,-0.0004050308,-0.0014532225821256,0.118711
2025-12-14 09:00:00+00:00,90078.0,90121.0,89967.0,89985.0,380.44009,1.25e-05,-0.0003881048,-0.0010440733132556,0.125
2025-12-14 10:00:00+00:00,89985.0,90096.0,89749.0,89795.0,1541.29226,1.05468e-05,-0.0004156255,-0.0021136953024663,0.105468
2025-12-14 11:00:00+00:00,89796.0,89806.0,88587.0,89328.0,2398.216,1.0703e-06,-0.0004914372,-0.0052143059026951,0.0107029999999999
2025-12-14 12:00:00+00:00,89320.0,89627.0,89071.0,89384.0,914.39504,-1.6686e-06,-0.0005133492,0.0006267066770322,-0.016686
2025-12-14 13:00:00+00:00,89384.0,89455.0,89043.0,89455.0,364.93556,4.8361e-06,-0.0004613114,0.0007940102967493,0.048361
2025-12-14 14:00:00+00:00,89455.0,89522.0,88838.0,89071.0,560.14547,3.3066e-06,-0.0004735475,-0.0043019010362983,0.033066
2025-12-14 15:00:00+00:00,89071.0,89141.0,88833.0,88974.0,412.20026,6.557e-06,-0.0004475439,-0.0010896122845008,0.06557
2025-12-14 16:00:00+00:00,88974.0,89359.0,88491.0,88786.0,939.40852,2.131e-06,-0.0004829519,-0.0021152123097951,0.02131
2025-12-14 17:00:00+00:00,88786.0,88987.0,88560.0,88767.0,969.91644,1.9863e-06,-0.0004841098,-0.0002140206031159,0.019863
2025-12-14 18:00:00+00:00,88767.0,89039.0,88680.0,88965.0,805.58409,6.2461e-06,-0.0004500311,0.0022280746507236,0.062461
2025-12-14 19:00:00+00:00,88964.0,88964.0,88442.0,88608.0,908.64366,9.6375e-06,-0.0004228997,-0.0040208869702483,0.096375
2025-12-14 20:00:00+00:00,88605.0,88786.0,88276.0,88518.0,1048.40921,8.1333e-06,-0.0004349339,-0.0010162258250664,0.081333
2025-12-14 21:00:00+00:00,88518.0,88675.0,88292.0,88401.0,390.05671,6.1986e-06,-0.000450411,-0.0013226393666751,0.061986
2025-12-14 22:00:00+00:00,88401.0,88576.0,87976.0,88381.0,1182.56525,7.6293e-06,-0.0004389652,-0.0002262673811284,0.076293
2025-12-14 23:00:00+00:00,88382.0,88555.0,87558.0,88128.0,2071.72219,8.2866e-06,-0.0004337072,-0.0028667113094915,0.082866
2025-12-15 00:00:00+00:00,88129.0,88649.0,88044.0,88438.0,1354.94083,8.8308e-06,-0.0004293534,0.0035114384256322,0.088308
2025-12-15 01:00:00+00:00,88438.0,89322.0,88383.0,89214.0,2027.3217,1.25e-05,-0.0003625677,0.0087362364113192,0.125
2025-12-15 02:00:00+00:00,89214.0,90007.0,89209.0,89280.0,2834.46244,1.25e-05,-0.0003178624,0.0007395206898596,0.125
2025-12-15 03:00:00+00:00,89278.0,89512.0,89188.0,89243.0,643.76893,1.25e-05,-0.0002731223,-0.0004145124217022,0.125
2025-12-15 04:00:00+00:00,89243.0,89768.0,89243.0,89636.0,1775.13301,1.25e-05,-0.0003823279,0.0043940387896056,0.125
2025-12-15 05:00:00+00:00,89637.0,89725.0,89436.0,89564.0,1538.81366,1.25e-05,-0.0002201543,-0.0008035714718121,0.125
2025-12-15 06:00:00+00:00,89564.0,89878.0,89428.0,89685.0,679.40625,4.6403e-06,-0.0004628774,0.0013500774718853,0.046403
2025-12-15 07:00:00+00:00,89686.0,89776.0,89465.0,89694.0,607.79433,-4.7247e-06,-0.0005377976,0.0001003461944547,-0.047247
2025-12-15 08:00:00+00:00,89694.0,89852.0,89597.0,89723.0,410.39774,-5.2313e-06,-0.0005418502,0.0003232692582368,-0.052313
2025-12-15 09:00:00+00:00,89724.0,89973.0,89723.0,89827.0,490.05344,-1.5001e-06,-0.0005120006,0.001158451814322,-0.015001
2025-12-15 10:00:00+00:00,89827.0,89927.0,89678.0,89808.0,325.40383,9.15e-07,-0.0004926799,-0.0002115400681476,0.00915
2025-12-15 11:00:00+00:00,89807.0,89845.0,89534.0,89591.0,460.56535,-3.4668e-06,-0.0005277343,-0.0024191896926104,-0.034668
2025-12-15 12:00:00+00:00,89592.0,89745.0,89372.0,89641.0,1395.6888,-4.8881e-06,-0.0005391047,0.0005579360973158,-0.048881
2025-12-15 13:00:00+00:00,89640.0,89683.0,89231.0,89378.0,583.4351,-1.04049e-05,-0.0005832393,-0.0029382377201507,-0.1040489999999999
2025-12-15 14:00:00+00:00,89378.0,89824.0,87781.0,88006.0,3963.30514,-7.3302e-06,-0.000558642,-0.0154695729122842,-0.0733019999999999
2025-12-15 15:00:00+00:00,88006.0,88150.0,86601.0,87007.0,7250.89942,-8.9505e-06,-0.0005716038,-0.0114164187841287,-0.089505
2025-12-15 16:00:00+00:00,87007.0,87202.0,86026.0,86376.0,4907.68561,1.25e-05,-0.0003676709,-0.0072787157431457,0.125
2025-12-15 17:00:00+00:00,86376.0,86484.0,85583.0,85731.0,2500.82891,1.25e-05,-0.0003429631,-0.0074953722940349,0.125
2025-12-15 18:00:00+00:00,85733.0,86287.0,85123.0,86182.0,3755.96134,1.25e-05,-0.0002266576,0.0052468520082629,0.125
2025-12-15 19:00:00+00:00,86180.0,86539.0,85856.0,86143.0,2737.38307,1.25e-05,-0.0001867664,-0.0004526331137774,0.125
2025-12-15 20:00:00+00:00,86141.0,86182.0,85600.0,85805.0,1180.80779,1.25e-05,-9.80885e-05,-0.0039314261910233,0.125
2025-12-15 21:00:00+00:00,85804.0,86303.0,85491.0,86226.0,1963.82503,1.25e-05,-4.3552e-05,0.0048944764658983,0.125
2025-12-15 22:00:00+00:00,86226.0,86255.0,85817.0,86255.0,486.20977,1.25e-05,9.4446e-06,0.0003362689255426,0.125
2025-12-15 23:00:00+00:00,86254.0,86462.0,86100.0,86427.0,1402.48722,1.25e-05,-1.48659e-05,0.0019921017463474,0.125
2025-12-16 00:00:00+00:00,86427.0,86508.0,85820.0,85837.0,1077.39042,1.25e-05,-9.36673e-05,-0.0068499780221788,0.125
2025-12-16 01:00:00+00:00,85838.0,86153.0,85664.0,85882.0,1040.65165,1.25e-05,-0.0001710866,0.0005241120788043,0.125
2025-12-16 02:00:00+00:00,85882.0,86225.0,85794.0,85939.0,797.60635,1.25e-05,-0.0001830517,0.0006634812053356,0.125
2025-12-16 03:00:00+00:00,85939.0,86003.0,85334.0,85849.0,1986.42026,1.25e-05,-0.0001675779,-0.0010478032020186,0.125
2025-12-16 04:00:00+00:00,85850.0,85889.0,85236.0,85815.0,935.40876,1.25e-05,-0.0002388785,-0.0003961226633957,0.125
2025-12-16 05:00:00+00:00,85814.0,86170.0,85781.0,86006.0,477.09827,1.25e-05,-0.0002496549,0.0022232448731315,0.125
2025-12-16 06:00:00+00:00,86006.0,86592.0,86005.0,86482.0,801.51515,1.25e-05,-0.0002152816,0.0055192385363057,0.125
2025-12-16 07:00:00+00:00,86482.0,86592.0,85824.0,85981.0,1233.59419,1.25e-05,-0.0002499131,-0.0058099581857684,0.125
2025-12-16 08:00:00+00:00,85982.0,86350.0,85877.0,86238.0,877.25358,1.25e-05,-0.000353392,0.002984574184879,0.125
2025-12-16 09:00:00+00:00,86238.0,86397.0,86159.0,86310.0,433.48053,1.25e-05,-0.0003975336,0.0008345504344164,0.125
2025-12-16 10:00:00+00:00,86311.0,87306.0,86240.0,86948.0,1569.71055,8.4387e-06,-0.0004324902,0.0073647725790527,0.0843869999999999
2025-12-16 11:00:00+00:00,86948.0,87300.0,86796.0,87236.0,753.12039,1.25e-05,-0.0003702883,0.0033068509443607,0.125
2025-12-16 12:00:00+00:00,87236.0,87453.0,87042.0,87185.0,785.18032,1.25e-05,-0.0002973431,-0.0005847919855226,0.125
2025-12-16 13:00:00+00:00,87186.0,87728.0,86407.0,86407.0,4008.7304,1.25e-05,-0.0003289994,-0.0089636067227515,0.125
2025-12-16 14:00:00+00:00,86407.0,87688.0,86088.0,87243.0,3279.32844,7.882e-06,-0.000436944,0.0096286375909333,0.07882
2025-12-16 15:00:00+00:00,87243.0,88142.0,86810.0,87939.0,2431.49318,2.595e-07,-0.000497924,0.0079460636607866,0.002595
2025-12-16 16:00:00+00:00,87940.0,88000.0,87346.0,87543.0,1163.41311,-4.4996e-06,-0.0005359968,-0.0045132910749028,-0.044996
2025-12-16 17:00:00+00:00,87542.0,87789.0,87026.0,87079.0,995.41423,-4.1559e-06,-0.0005332473,-0.0053143486162698,-0.041559
2025-12-16 18:00:00+00:00,87080.0,87969.0,87015.0,87728.0,1329.67925,-7.9638e-06,-0.0005637102,0.0074253660544396,-0.079638
2025-12-16 19:00:00+00:00,87728.0,87754.0,87234.0,87536.0,1057.15554,-1.09347e-05,-0.0005874775,-0.0021909813402225,-0.109347
2025-12-16 20:00:00+00:00,87535.0,87793.0,87285.0,87527.0,791.32138,-1.15013e-05,-0.0005920101,-0.0001028201277018,-0.1150129999999999
2025-12-16 21:00:00+00:00,87529.0,87871.0,87439.0,87726.0,540.57642,-6.943e-06,-0.000555544,0.0022710034695876,-0.06943
2025-12-16 22:00:00+00:00,87721.0,87886.0,87590.0,87751.0,460.28307,-3.603e-06,-0.0005288242,0.0002849376290813,-0.03603
2025-12-16 23:00:00+00:00,87750.0,87827.0,87542.0,87814.0,357.84861,1.0551e-06,-0.0004915589,0.0007176829402684,0.010551
2025-12-17 00:00:00+00:00,87814.0,87823.0,87364.0,87488.0,655.21533,-6.8433e-06,-0.0005547467,-0.0037193001312211,-0.068433
2025-12-17 01:00:00+00:00,87497.0,87899.0,87421.0,87504.0,699.54764,-8.5656e-06,-0.0005685245,0.0001828655029325,-0.085656
2025-12-17 02:00:00+00:00,87504.0,87536.0,87129.0,87440.0,752.47478,-7.1466e-06,-0.0005571727,-0.0007316627361337,-0.071466
2025-12-17 03:00:00+00:00,87441.0,87565.0,87100.0,87160.0,629.50864,-7.0765e-06,-0.0005566119,-0.0032073337918639,-0.070765
2025-12-17 04:00:00+00:00,87160.0,87345.0,86673.0,86700.0,1132.36878,-6.6497e-06,-0.0005531974,-0.0052916262899229,-0.066497
2025-12-17 05:00:00+00:00,86700.0,86700.0,86150.0,86580.0,1293.17949,-1.30682e-05,-0.0006045457,-0.0013850417726616,-0.130682
2025-12-17 06:00:00+00:00,86579.0,86948.0,86525.0,86730.0,652.0302,-8.9579e-06,-0.0005716632,0.0017310026825299,-0.0895789999999999
2025-12-17 07:00:00+00:00,86730.0,87101.0,86545.0,87007.0,782.40172,-6.1917e-06,-0.0005495335,0.0031887304916205,-0.061917
2025-12-17 08:00:00+00:00,87007.0,87007.0,86280.0,86357.0,844.14722,-3.6501e-06,-0.0005292005,-0.0074987084495379,-0.036501
2025-12-17 09:00:00+00:00,86358.0,86563.0,86211.0,86369.0,475.39921,7.345e-07,-0.0004941238,0.0001389483924748,0.007345
2025-12-17 10:00:00+00:00,86369.0,86790.0,86206.0,86587.0,686.25626,2.6898e-06,-0.0004784815,0.0025208736955711,0.026898
2025-12-17 11:00:00+00:00,86587.0,87097.0,86533.0,86941.0,697.54849,8.6368e-06,-0.0004309055,0.0040800388534186,0.086368
2025-12-17 12:00:00+00:00,86939.0,87178.0,86766.0,86989.0,758.21433,7.206e-06,-0.0004423524,0.0005519461992591,0.07206
2025-12-17 13:00:00+00:00,86988.0,87825.0,86780.0,87576.0,1457.6067,2.5538e-06,-0.0004795699,0.0067253139230854,0.025538
2025-12-17 14:00:00+00:00,87577.0,89724.0,87130.0,89650.0,5124.90166,5.8884e-06,-0.0004528931,0.0234062122488856,0.058884
2025-12-17 15:00:00+00:00,89649.0,90346.0,87079.0,87186.0,7368.39851,7.8316e-06,-0.0004373471,-0.027869432484528,0.078316
2025-12-17 16:00:00+00:00,87188.0,87739.0,86100.0,86951.0,5546.61784,1.25e-05,-0.0003504092,-0.0026990259698914,0.125
2025-12-17 17:00:00+00:00,86950.0,87056.0,86215.0,86393.0,2001.38865,1.02279e-05,-0.0004181766,-0.0064380875874083,0.102279
2025-12-17 18:00:00+00:00,86393.0,86800.0,85623.0,85793.0,2092.39497,3.5633e-06,-0.0004714932,-0.0069692359252262,0.035633
2025-12-17 19:00:00+00:00,85794.0,86160.0,85270.0,85987.0,3722.98406,1.1345e-05,-0.0004092397,0.0022587039524762,0.11345
2025-12-17 20:00:00+00:00,85988.0,86214.0,85626.0,85853.0,2159.0511,1.25e-05,-0.0003685499,-0.0015595906326925,0.125
2025-12-17 21:00:00+00:00,85853.0,86018.0,85668.0,85939.0,1003.81852,1.25e-05,-0.0003680794,0.0010012108501447,0.125
2025-12-17 22:00:00+00:00,85950.0,86400.0,85862.0,86317.0,1311.31797,1.11411e-05,-0.0004108708,0.0043888236896905,0.111411
2025-12-17 23:00:00+00:00,86317.0,86318.0,85916.0,86210.0,981.87276,1.25e-05,-0.0003780371,-0.001240385721873,0.125
2025-12-18 00:00:00+00:00,86210.0,86291.0,86024.0,86211.0,850.39958,1.25e-05,-0.0003281545,1.159951514039803e-05,0.125
2025-12-18 01:00:00+00:00,86211.0,86212.0,85833.0,86085.0,719.46443,1.25e-05,-0.0002796042,-0.0014625995085384,0.125
2025-12-18 02:00:00+00:00,86086.0,86860.0,85981.0,86670.0,2384.02604,1.25e-05,-0.000328451,0.0067726229178179,0.125
2025-12-18 03:00:00+00:00,86670.0,86670.0,86233.0,86588.0,856.71493,1.25e-05,-0.0003016789,-0.0009465653086445,0.125
2025-12-18 04:00:00+00:00,86587.0,86862.0,86586.0,86736.0,489.9525,1.25e-05,-0.0003707768,0.0017077846803733,0.125
2025-12-18 05:00:00+00:00,86735.0,86736.0,86341.0,86415.0,816.38328,1.25e-05,-0.0003507581,-0.0037077506655262,0.125
2025-12-18 06:00:00+00:00,86414.0,86628.0,86377.0,86615.0,578.88672,1.25e-05,-0.0003752193,0.0023117388784481,0.125
2025-12-18 07:00:00+00:00,86615.0,86835.0,86572.0,86803.0,675.02191,1.21449e-05,-0.0004028405,0.0021681725501223,0.121449
2025-12-18 08:00:00+00:00,86802.0,87100.0,86652.0,86938.0,666.78734,1.25e-05,-0.0003449841,0.0015540376441842,0.125
2025-12-18 09:00:00+00:00,86938.0,87357.0,86769.0,87244.0,583.38433,1.25e-05,-0.0003473329,0.003513569884395,0.125
2025-12-18 10:00:00+00:00,87245.0,87421.0,87186.0,87303.0,761.62667,1.25e-05,-0.0003653136,0.0006760357066812,0.125
2025-12-18 11:00:00+00:00,87304.0,87319.0,87028.0,87230.0,357.05329,1.25e-05,-0.0003564323,-0.00083651807116,0.125
2025-12-18 12:00:00+00:00,87232.0,87402.0,87072.0,87220.0,826.20865,1.19147e-05,-0.0004046827,-0.0001146460305067,0.119147
2025-12-18 13:00:00+00:00,87220.0,89185.0,87219.0,88803.0,4880.85637,1.25e-05,-0.0003992343,0.0179867707966285,0.125
2025-12-18 14:00:00+00:00,88804.0,89441.0,87700.0,88304.0,5011.90067,1.25e-05,-0.0003908768,-0.0056350265141035,0.125
2025-12-18 15:00:00+00:00,88304.0,89347.0,87933.0,88473.0,3929.60251,8.3868e-06,-0.0004329056,0.001912014023157,0.083868
2025-12-18 16:00:00+00:00,88473.0,88496.0,87836.0,87979.0,1369.40432,1.21597e-05,-0.0004027226,-0.00559927108392,0.121597
2025-12-18 17:00:00+00:00,87979.0,87996.0,85429.0,86447.0,8668.12374,1.25e-05,-0.0003884554,-0.0175666402491814,0.125
2025-12-18 18:00:00+00:00,86448.0,86875.0,85634.0,85945.0,3073.23199,8.3306e-06,-0.0004333551,-0.0058239526070807,0.0833059999999999
2025-12-18 19:00:00+00:00,85945.0,85981.0,84410.0,84426.0,5126.43524,8.5137e-06,-0.0004318907,-0.0178321457459465,0.0851369999999999
2025-12-18 20:00:00+00:00,84426.0,85217.0,84395.0,84623.0,2396.61374,2.188e-06,-0.000482496,0.0023306862409945,0.02188
2025-12-18 21:00:00+00:00,84623.0,85782.0,84530.0,85597.0,3524.84753,-6.9929e-06,-0.0005559431,0.0114441385294053,-0.069929
2025-12-18 22:00:00+00:00,85597.0,85707.0,85262.0,85537.0,981.2315,-3.459e-07,-0.0005027674,-0.0007012049324907,-0.003459
2025-12-18 23:00:00+00:00,85537.0,85585.0,85279.0,85477.0,1200.78943,9.1495e-06,-0.0004268037,-0.0007016969658846,0.0914949999999999
2025-12-19 00:00:00+00:00,85477.0,85573.0,85255.0,85565.0,1382.93605,1.07241e-05,-0.0004142074,0.0010289871232169,0.1072409999999999
2025-12-19 01:00:00+00:00,85566.0,85566.0,85092.0,85289.0,1098.58815,1.05005e-05,-0.0004159956,-0.003230831471083,0.105005
2025-12-19 02:00:00+00:00,85289.0,85900.0,85090.0,85601.0,1158.84476,1.25e-05,-0.0003852434,0.0036514757641182,0.125
2025-12-19 03:00:00+00:00,85603.0,87555.0,85587.0,86847.0,4556.52447,1.25e-05,-0.0003721899,0.0144509844537292,0.125
2025-12-19 04:00:00+00:00,86848.0,87365.0,86826.0,87057.0,1156.8527,1.25e-05,-0.0002443292,0.0024151267604498,0.125
2025-12-19 05:00:00+00:00,87062.0,87190.0,86650.0,87100.0,1409.43282,1.25e-05,-0.0003355239,0.0004938073218277,0.125
2025-12-19 06:00:00+00:00,87100.0,87446.0,86863.0,87446.0,672.04251,9.3423e-06,-0.0004252617,0.0039645761369299,0.093423
2025-12-19 07:00:00+00:00,87446.0,88355.0,87440.0,87912.0,2884.2402,6.67e-06,-0.0004466404,0.0053148541492358,0.0667
2025-12-19 08:00:00+00:00,87912.0,88198.0,87696.0,88075.0,1142.2877,1.25e-05,-0.0003734702,0.0018524100826783,0.125
2025-12-19 09:00:00+00:00,88074.0,88124.0,87858.0,88075.0,516.02435,8.6209e-06,-0.0004310329,0.0,0.086209
2025-12-19 10:00:00+00:00,88073.0,88292.0,87888.0,88226.0,1625.95384,8.9616e-06,-0.0004283069,0.0017129799255055,0.089616
2025-12-19 11:00:00+00:00,88226.0,88348.0,88102.0,88144.0,1214.7888,1.15865e-05,-0.0004073082,-0.0009298634224461,0.115865
2025-12-19 12:00:00+00:00,88144.0,88235.0,87786.0,87813.0,1541.24024,1.25e-05,-0.0003700867,-0.0037622872683283,0.125
2025-12-19 13:00:00+00:00,87815.0,88171.0,87795.0,87954.0,949.84263,4.6948e-06,-0.0004624417,0.0016043970739166,0.046948
2025-12-19 14:00:00+00:00,87955.0,88544.0,87489.0,88130.0,3879.17391,8.2957e-06,-0.0004336347,0.00199904657562,0.0829569999999999
2025-12-19 15:00:00+00:00,88129.0,89381.0,87628.0,87913.0,6169.761,5.0453e-06,-0.0004596373,-0.002465308020266,0.050453
2025-12-19 16:00:00+00:00,87913.0,88878.0,87829.0,87925.0,2258.23239,5.2025e-06,-0.0004583798,0.0001364892687432,0.0520249999999999
2025-12-19 17:00:00+00:00,87925.0,88292.0,86661.0,86880.0,4814.06607,6.7152e-06,-0.000446278,-0.0119563221744208,0.067152
2025-12-19 18:00:00+00:00,86881.0,87400.0,86780.0,87098.0,1707.89185,-1.52379e-05,-0.0006219031,0.0025060652966841,-0.152379
2025-12-19 19:00:00+00:00,87099.0,88065.0,87084.0,87786.0,1777.75229,-1.75496e-05,-0.0006403966,0.0078681131417708,-0.1754959999999999
2025-12-19 20:00:00+00:00,87787.0,88398.0,87544.0,87989.0,1857.18639,-1.26302e-05,-0.0006010415,0.0023097720409752,-0.126302
2025-12-19 21:00:00+00:00,87990.0,88051.0,87756.0,87784.0,787.38846,-5.0261e-06,-0.000540209,-0.0023325549765573,-0.050261
2025-12-19 22:00:00+00:00,87785.0,88383.0,87785.0,88297.0,663.46334,4.0235e-06,-0.0004678122,0.0058268802593123,0.040235
2025-12-19 23:00:00+00:00,88297.0,88320.0,88092.0,88092.0,353.59162,4.1155e-06,-0.0004670758,-0.0023244090311657,0.041155
2025-12-20 00:00:00+00:00,88093.0,88140.0,87908.0,87950.0,545.40365,1.4887e-06,-0.0004880902,-0.0016132517330773,0.014887
2025-12-20 01:00:00+00:00,87951.0,88124.0,87950.0,88025.0,280.97801,-6.0575e-06,-0.0005484602,0.0008523938575491,-0.060575
2025-12-20 02:00:00+00:00,88026.0,88268.0,87936.0,88160.0,504.68647,-2.854e-07,-0.0005022829,0.0015324803634881,-0.002854
2025-12-20 03:00:00+00:00,88161.0,88289.0,88117.0,88162.0,359.43684,-9.6376e-06,-0.0005771008,2.2685768084464457e-05,-0.096376
2025-12-20 04:00:00+00:00,88162.0,88288.0,88053.0,88249.0,515.86473,-1.02924e-05,-0.0005823391,0.0009863331317568,-0.102924
2025-12-20 05:00:00+00:00,88248.0,88525.0,88227.0,88253.0,566.27625,-1.40902e-05,-0.000612722,4.532526544383169e-05,-0.140902
2025-12-20 06:00:00+00:00,88252.0,88416.0,88232.0,88258.0,182.07811,-3.4191e-06,-0.0005273524,5.6653692986167095e-05,-0.034191
2025-12-20 07:00:00+00:00,88260.0,88282.0,88135.0,88233.0,197.30151,-3.9477e-06,-0.0005315817,-0.000283300566796,-0.039477
2025-12-20 08:00:00+00:00,88232.0,88392.0,88214.0,88214.0,216.84806,-9.521e-06,-0.0005761679,-0.0002153621209024,-0.09521
2025-12-20 09:00:00+00:00,88214.0,88298.0,88169.0,88173.0,255.53978,-8.355e-07,-0.0005066837,-0.0004648868764524,-0.008355
2025-12-20 10:00:00+00:00,88173.0,88220.0,88081.0,88114.0,504.1158,-4.2991e-06,-0.0005343927,-0.0006693630523282,-0.042991
2025-12-20 11:00:00+00:00,88114.0,88267.0,88046.0,88228.0,126.06302,-1.03978e-05,-0.0005831824,0.0012929423039451,-0.103978
2025-12-20 12:00:00+00:00,88228.0,88293.0,88142.0,88201.0,144.6914,-6.6828e-06,-0.0005534625,-0.0003060721333882,-0.066828
2025-12-20 13:00:00+00:00,88201.0,88302.0,87715.0,88226.0,947.3215,-7.6435e-06,-0.0005611482,0.0002834033358535,-0.076435
2025-12-20 14:00:00+00:00,88225.0,88279.0,87949.0,88208.0,953.40328,-8.7836e-06,-0.0005702692,-0.0002040423054791,-0.087836
2025-12-20 15:00:00+00:00,88207.0,88216.0,87964.0,88131.0,351.4755,-1.32085e-05,-0.0006056681,-0.0008733179261977,-0.132085
2025-12-20 16:00:00+00:00,88130.0,88191.0,88068.0,88113.0,273.12918,-7.8636e-06,-0.0005629089,-0.0002042622734684,-0.078636
2025-12-20 17:00:00+00:00,88113.0,88214.0,88044.0,88135.0,214.40134,-7.8637e-06,-0.00056291,0.000249648224255,-0.078637
2025-12-20 18:00:00+00:00,88135.0,88392.0,88113.0,88267.0,179.81349,-4.7745e-06,-0.0005381961,0.0014965819507413,-0.0477449999999999
2025-12-20 19:00:00+00:00,88267.0,88289.0,88161.0,88189.0,137.78426,1.3032e-06,-0.0004895747,-0.0008840731409564,0.013032
2025-12-20 20:00:00+00:00,88189.0,88274.0,88175.0,88242.0,150.78047,3.4556e-06,-0.0004723555,0.0006008014645299,0.034556
2025-12-20 21:00:00+00:00,88242.0,88404.0,88150.0,88169.0,203.63422,4.586e-06,-0.0004633117,-0.0008276128378246,0.04586
2025-12-20 22:00:00+00:00,88169.0,88299.0,88097.0,88238.0,223.59608,1.08956e-05,-0.0004128352,0.0007822819221323,0.108956
2025-12-20 23:00:00+00:00,88237.0,88384.0,88221.0,88317.0,562.77383,7.5638e-06,-0.0004394899,0.0008949053300365,0.075638
2025-12-21 00:00:00+00:00,88317.0,88383.0,88269.0,88356.0,147.59233,7.6255e-06,-0.0004389959,0.0004414936140041,0.076255
2025-12-21 01:00:00+00:00,88354.0,88354.0,87975.0,87975.0,489.69891,9.1153e-06,-0.0004270778,-0.0043214249669312,0.091153
2025-12-21 02:00:00+00:00,87976.0,88108.0,87828.0,87903.0,337.01816,6.4979e-06,-0.0004480165,-0.0008187494060894,0.064979
2025-12-21 03:00:00+00:00,87904.0,88121.0,87903.0,88035.0,409.05492,1.9012e-06,-0.0004847902,0.0015005288768481,0.0190119999999999
2025-12-21 04:00:00+00:00,88035.0,88106.0,88006.0,88032.0,56.28765,1.0297e-05,-0.000417624,-3.4077936243513115e-05,0.1029699999999999
2025-12-21 05:00:00+00:00,88032.0,88109.0,88015.0,88096.0,119.85158,5.8553e-06,-0.0004531579,0.0007267442180327,0.0585529999999999
2025-12-21 06:00:00+00:00,88096.0,88166.0,88024.0,88050.0,262.75746,8.779e-06,-0.0004297682,-0.0005222940179816,0.08779
2025-12-21 07:00:00+00:00,88049.0,88143.0,88011.0,88137.0,83.54332,7.4338e-06,-0.0004405298,0.0009875871326615,0.074338
2025-12-21 08:00:00+00:00,88137.0,88699.0,88104.0,88500.0,553.45844,5.1756e-06,-0.0004585953,0.0041101299390069,0.051756
2025-12-21 09:00:00+00:00,88499.0,89048.0,88462.0,88843.0,751.36324,4.7044e-06,-0.0004623645,0.0038682150149124,0.047044
2025-12-21 10:00:00+00:00,88842.0,88928.0,88551.0,88622.0,491.80862,7.574e-06,-0.0004394084,-0.0024906332430985,0.07574
2025-12-21 11:00:00+00:00,88626.0,88716.0,88552.0,88563.0,320.13477,8.0292e-06,-0.0004357666,-0.0006659706203191,0.0802919999999999
2025-12-21 12:00:00+00:00,88563.0,88890.0,88423.0,88592.0,592.56104,1.0825e-05,-0.0004134,0.0003273969152328,0.10825
2025-12-21 13:00:00+00:00,88593.0,88677.0,87600.0,87650.0,2012.4126,9.7774e-06,-0.0004217804,-0.0106899487133678,0.097774
2025-12-21 14:00:00+00:00,87650.0,88113.0,87597.0,88028.0,806.94258,4.6548e-06,-0.0004627618,0.0043033343200451,0.046548
2025-12-21 15:00:00+00:00,88028.0,88220.0,87761.0,88038.0,259.22726,1.16999e-05,-0.0004064009,0.0001135937660962,0.1169989999999999
2025-12-21 16:00:00+00:00,88037.0,88322.0,87944.0,88315.0,335.64344,1.25e-05,-0.0003921215,0.003141429154022,0.125
2025-12-21 17:00:00+00:00,88315.0,88444.0,88243.0,88292.0,555.78839,9.5304e-06,-0.0004237565,-0.0002604653284415,0.095304
2025-12-21 18:00:00+00:00,88291.0,88429.0,87899.0,88415.0,1237.25989,7.6689e-06,-0.0004386489,0.0013921352279752,0.076689
2025-12-21 19:00:00+00:00,88415.0,88570.0,88176.0,88456.0,365.74983,7.8764e-06,-0.0004369886,0.0004636147331599,0.078764
2025-12-21 20:00:00+00:00,88456.0,88472.0,88195.0,88203.0,410.15034,1.25e-05,-0.0003887368,-0.0028642772003624,0.125
2025-12-21 21:00:00+00:00,88203.0,88339.0,88044.0,88117.0,400.23132,1.25e-05,-0.000382172,-0.0009754991699159,0.125
2025-12-21 22:00:00+00:00,88117.0,88480.0,88085.0,88434.0,1083.06264,1.25e-05,-0.0003822145,0.0035910342128536,0.125
2025-12-21 23:00:00+00:00,88435.0,88801.0,88331.0,88607.0,1425.68914,1.01163e-05,-0.0004190693,0.0019543501794977,0.101163
2025-12-22 00:00:00+00:00,88608.0,89595.0,88580.0,88583.0,3167.74299,1.05287e-05,-0.00041577,-0.0002708956503952,0.1052869999999999
2025-12-22 01:00:00+00:00,88582.0,89238.0,88489.0,88581.0,1349.51859,1.25e-05,-0.0003760543,-2.257795037463329e-05,0.125
2025-12-22 02:00:00+00:00,88583.0,88609.0,87829.0,88425.0,1721.23104,1.07008e-05,-0.0004143935,-0.0017626525698594,0.1070079999999999
2025-12-22 03:00:00+00:00,88425.0,88824.0,88237.0,88738.0,971.27761,9.2505e-06,-0.0004259957,0.0035334728545077,0.092505
2025-12-22 04:00:00+00:00,88739.0,88997.0,88683.0,88868.0,777.73569,1.25e-05,-0.0003949544,0.0014639147688291,0.125
2025-12-22 05:00:00+00:00,88869.0,88971.0,88736.0,88800.0,306.83656,1.25e-05,-0.0003747433,-0.0007654727167568,0.125
2025-12-22 06:00:00+00:00,88800.0,88981.0,88698.0,88880.0,430.19735,1.25e-05,-0.0003532542,0.0009004953332501,0.125
2025-12-22 07:00:00+00:00,88879.0,89173.0,88860.0,89155.0,734.28407,1.25e-05,-0.0003640827,0.0030892826546353,0.125
2025-12-22 08:00:00+00:00,89155.0,89900.0,89076.0,89298.0,1919.89244,1.25e-05,-0.0003018116,0.0016026632290666,0.125
2025-12-22 09:00:00+00:00,89298.0,89795.0,89266.0,89795.0,587.49382,1.25e-05,-0.0002780949,0.0055502032556232,0.125
2025-12-22 10:00:00+00:00,89795.0,89843.0,89590.0,89744.0,309.82048,1.25e-05,-0.0003184501,-0.0005681217047186,0.125
2025-12-22 11:00:00+00:00,89743.0,90067.0,89614.0,89909.0,906.77696,1.25e-05,-0.0003308437,0.0018368749355034,0.125
2025-12-22 12:00:00+00:00,89909.0,90553.0,89821.0,90175.0,1697.99009,1.25e-05,-0.0003813491,0.0029541790881181,0.125
2025-12-22 13:00:00+00:00,90176.0,90289.0,89694.0,89870.0,1588.97698,9.4677e-06,-0.0004242585,-0.0033880451193205,0.094677
2025-12-22 14:00:00+00:00,89870.0,90256.0,89350.0,90077.0,4663.23514,4.6993e-06,-0.0004624055,0.0023006784364987,0.046993
2025-12-22 15:00:00+00:00,90078.0,90385.0,89140.0,89687.0,4357.76063,2.907e-06,-0.0004767437,-0.0043390290812725,0.02907
2025-12-22 16:00:00+00:00,89687.0,90077.0,89482.0,89514.0,1671.68126,1.9175e-06,-0.0004846602,-0.0019307933967422,0.0191749999999999
2025-12-22 17:00:00+00:00,89513.0,89527.0,89000.0,89268.0,1730.51246,3.2477e-06,-0.0004740181,-0.0027519566315615,0.032477
2025-12-22 18:00:00+00:00,89268.0,89476.0,89097.0,89098.0,400.14758,1.2632e-06,-0.0004898942,-0.0019061934614851,0.012632
2025-12-22 19:00:00+00:00,89098.0,89107.0,87916.0,88014.0,3100.45147,-1.632e-07,-0.0005013054,-0.0122409948020388,-0.001632
2025-12-22 20:00:00+00:00,88014.0,88435.0,87863.0,88318.0,1586.96617,-6.69e-06,-0.0005535204,0.0034480446111679,-0.0669
2025-12-22 21:00:00+00:00,88311.0,88578.0,88175.0,88232.0,899.62747,3.265e-07,-0.0004973879,-0.0009742283410029,0.003265
2025-12-22 22:00:00+00:00,88226.0,88744.0,88106.0,88614.0,900.94735,-1.6141e-06,-0.0005129131,0.0043201496683824,-0.016141
2025-12-22 23:00:00+00:00,88615.0,88655.0,88369.0,88573.0,808.14524,-8.76e-06,-0.0005700802,-0.0004627879103067,-0.0876
2025-12-23 00:00:00+00:00,88567.0,88893.0,88432.0,88730.0,1036.17469,-1.33338e-05,-0.0006066703,0.0017709800853248,-0.1333379999999999
2025-12-23 01:00:00+00:00,88729.0,88844.0,88371.0,88457.0,1286.85599,-9.6357e-06,-0.0005770858,-0.0030814926154265,-0.096357
2025-12-23 02:00:00+00:00,88456.0,88704.0,88047.0,88151.0,1239.81746,-1.20261e-05,-0.000596209,-0.0034653051527971,-0.1202609999999999
2025-12-23 03:00:00+00:00,88152.0,88314.0,87714.0,88152.0,1248.31871,-6.3835e-06,-0.0005510677,1.1344106453225633e-05,-0.063835
2025-12-23 04:00:00+00:00,88152.0,88330.0,87888.0,87888.0,657.50987,1.2858e-06,-0.0004897132,-0.0029993205852112,0.012858
2025-12-23 05:00:00+00:00,87888.0,87984.0,87600.0,87741.0,1654.63395,2.6991e-06,-0.0004784073,-0.0016739836169106,0.026991
2025-12-23 06:00:00+00:00,87742.0,87742.0,87035.0,87362.0,1464.78782,3.5174e-06,-0.0004718607,-0.0043288874759235,0.035174
2025-12-23 07:00:00+00:00,87362.0,87666.0,87340.0,87534.0,501.9615,7.982e-06,-0.0004361439,0.0019668838103831,0.07982
2025-12-23 08:00:00+00:00,87534.0,87663.0,87397.0,87433.0,320.53134,8.4996e-06,-0.0004320035,-0.0011545035488793,0.084996
2025-12-23 09:00:00+00:00,87434.0,87581.0,87270.0,87487.0,290.8957,1.05426e-05,-0.0004156594,0.0006174251282354,0.1054259999999999
2025-12-23 10:00:00+00:00,87488.0,87625.0,87463.0,87575.0,494.11662,1.17634e-05,-0.0004058927,0.0010053581863812,0.117634
2025-12-23 11:00:00+00:00,87576.0,87872.0,87531.0,87825.0,1389.2188,1.25e-05,-0.0003847873,0.0028506290683402,0.125
2025-12-23 12:00:00+00:00,87826.0,87944.0,87569.0,87755.0,1021.06315,1.25e-05,-0.0003059671,-0.0007973573722372,0.125
2025-12-23 13:00:00+00:00,87756.0,87874.0,87401.0,87590.0,1747.78163,1.25e-05,-0.0003001153,-0.0018820046046558,0.125
2025-12-23 14:00:00+00:00,87591.0,87809.0,86571.0,86850.0,3748.20736,1.25e-05,-0.0003003638,-0.0084843434878837,0.125
2025-12-23 15:00:00+00:00,86850.0,87530.0,86688.0,87426.0,1563.78902,1.25e-05,-0.0002776475,0.0066102285726584,0.125
2025-12-23 16:00:00+00:00,87427.0,88164.0,87303.0,87978.0,1390.53366,1.25e-05,-0.0002533525,0.0062940619632246,0.125
2025-12-23 17:00:00+00:00,87978.0,88256.0,87140.0,87153.0,1437.69375,1.25e-05,-0.0002248406,-0.0094215884415218,0.125
2025-12-23 18:00:00+00:00,87152.0,88148.0,87148.0,87961.0,1043.64939,1.25e-05,-0.0002048031,0.0092283396444624,0.125
2025-12-23 19:00:00+00:00,87960.0,88026.0,87627.0,87738.0,690.76128,1.25e-05,-0.0001984448,-0.0025384335681408,0.125
2025-12-23 20:00:00+00:00,87738.0,88355.0,87503.0,87693.0,2597.92351,1.25e-05,-0.0001910725,-0.0005130222251137,0.125
2025-12-23 21:00:00+00:00,87692.0,87844.0,87535.0,87706.0,709.70569,1.25e-05,-0.0001612428,0.0001482334565625,0.125
2025-12-23 22:00:00+00:00,87706.0,87772.0,87222.0,87370.0,1577.00781,1.25e-05,-0.0001287764,-0.0038383377792425,0.125
2025-12-23 23:00:00+00:00,87370.0,87486.0,87151.0,87459.0,522.96632,1.25e-05,-0.0002109747,0.0010181378110971,0.125
2025-12-24 00:00:00+00:00,87459.0,87641.0,87231.0,87620.0,628.65318,1.25e-05,-0.0003259545,0.0018391702646519,0.125
2025-12-24 01:00:00+00:00,87620.0,87825.0,87454.0,87598.0,1230.69351,1.25e-05,-0.0003411309,-0.0002511157542673,0.125
2025-12-24 02:00:00+00:00,87596.0,87618.0,86909.0,87099.0,1372.68044,1.25e-05,-0.0003671496,-0.0057127638951928,0.125
2025-12-24 03:00:00+00:00,87098.0,87363.0,86835.0,87302.0,686.99304,1.25e-05,-0.0003844289,0.0023279693542912,0.125
2025-12-24 04:00:00+00:00,87303.0,87441.0,87053.0,87101.0,533.46001,1.25e-05,-0.0003765872,-0.0023050072417758,0.125
2025-12-24 05:00:00+00:00,87101.0,87222.0,86760.0,86921.0,400.48743,9.1053e-06,-0.0004271575,-0.0020687046947292,0.091053
2025-12-24 06:00:00+00:00,86922.0,87032.0,86762.0,86980.0,238.94739,9.0267e-06,-0.000427786,0.0006785470154139,0.090267
2025-12-24 07:00:00+00:00,86980.0,87148.0,86876.0,86877.0,276.34068,1.25e-05,-0.0003975231,-0.0011848819667948,0.125
2025-12-24 08:00:00+00:00,86877.0,87046.0,86722.0,86755.0,448.84667,1.17565e-05,-0.0004059478,-0.0014052711490623,0.117565
2025-12-24 09:00:00+00:00,86755.0,86862.0,86661.0,86789.0,1100.35181,1.06264e-05,-0.0004149887,0.0003918314713849,0.106264
2025-12-24 10:00:00+00:00,86790.0,87187.0,86788.0,87077.0,1513.99865,1.25e-05,-0.000350685,0.0033128991684076,0.125
2025-12-24 11:00:00+00:00,87078.0,87351.0,87077.0,87191.0,463.3765,1.25e-05,-0.0001345863,0.0013083298857094,0.125
2025-12-24 12:00:00+00:00,87190.0,87490.0,87128.0,87413.0,870.14034,1.25e-05,-0.0001271592,0.0025428984402092,0.125
2025-12-24 13:00:00+00:00,87413.0,87429.0,87028.0,87275.0,736.76189,1.25e-05,-0.0001013215,-0.0015799600282462,0.125
2025-12-24 14:00:00+00:00,87274.0,87443.0,86401.0,86974.0,2580.44081,1.25e-05,-0.0001499664,-0.0034548295759606,0.125
2025-12-24 15:00:00+00:00,86974.0,87211.0,86565.0,87036.0,1391.89954,1.25e-05,-0.0001561714,0.0007126027541365,0.125
2025-12-24 16:00:00+00:00,87036.0,87665.0,86905.0,87275.0,1241.66835,1.25e-05,-0.0001564981,0.0027422268218239,0.125
2025-12-24 17:00:00+00:00,87275.0,87571.0,87236.0,87304.0,260.78677,1.25e-05,-0.0001056146,0.0003322278196888,0.125
2025-12-24 18:00:00+00:00,87304.0,87506.0,87230.0,87453.0,258.99185,1.25e-05,-0.000149429,0.0017052253827326,0.125
2025-12-24 19:00:00+00:00,87453.0,87576.0,87337.0,87546.0,285.86127,1.25e-05,-0.0001283417,0.0010628633164191,0.125
2025-12-24 20:00:00+00:00,87546.0,87683.0,87506.0,87541.0,687.6436,1.25e-05,-0.0001603901,-5.711446311096939e-05,0.125
2025-12-24 21:00:00+00:00,87541.0,87793.0,87540.0,87688.0,356.39097,1.25e-05,-0.0001157831,0.0016778048665929,0.125
2025-12-24 22:00:00+00:00,87687.0,88045.0,87684.0,88005.0,606.87111,1.25e-05,-8.3251e-05,0.0036085711325105,0.125
2025-12-24 23:00:00+00:00,88004.0,88018.0,87579.0,87653.0,1064.37858,1.25e-05,-2.68009e-05,-0.00400779322506,0.125
2025-12-25 00:00:00+00:00,87652.0,87734.0,87504.0,87539.0,672.87671,1.25e-05,-0.0001273169,-0.0013014294726965,0.125
2025-12-25 01:00:00+00:00,87540.0,87728.0,87539.0,87675.0,527.80241,1.25e-05,-0.0002180286,0.0015523876780654,0.125
2025-12-25 02:00:00+00:00,87675.0,87947.0,87554.0,87860.0,322.76834,1.25e-05,-0.0002104914,0.0021078425213916,0.125
2025-12-25 03:00:00+00:00,87859.0,87905.0,87753.0,87824.0,110.59417,1.25e-05,-0.000208048,-0.0004098267401001,0.125
2025-12-25 04:00:00+00:00,87825.0,87825.0,87730.0,87767.0,140.30596,1.25e-05,-0.0002617352,-0.0006492360314841,0.125
2025-12-25 05:00:00+00:00,87763.0,87763.0,87627.0,87728.0,194.08157,1.25e-05,-0.0002466997,-0.0004444571143567,0.125
2025-12-25 06:00:00+00:00,87729.0,87821.0,87660.0,87817.0,133.64239,1.25e-05,-0.0002725776,0.0010139851049653,0.125
2025-12-25 07:00:00+00:00,87818.0,87838.0,87738.0,87808.0,69.91728,1.25e-05,-0.0002747484,-0.0001024911032925,0.125
2025-12-25 08:00:00+00:00,87809.0,87858.0,87312.0,87554.0,530.18962,1.25e-05,-0.0002624693,-0.0028968667969935,0.125
2025-12-25 09:00:00+00:00,87554.0,87562.0,87417.0,87481.0,102.48338,1.25e-05,-0.000329383,-0.0008341189388694,0.125
2025-12-25 10:00:00+00:00,87481.0,87495.0,87232.0,87399.0,501.50642,1.25e-05,-0.0003716309,-0.0009377859790659,0.125
2025-12-25 11:00:00+00:00,87399.0,87586.0,87384.0,87493.0,383.13885,1.25e-05,-0.0003435109,0.0010749492149615,0.125
2025-12-25 12:00:00+00:00,87493.0,87568.0,87464.0,87536.0,131.83287,1.25e-05,-0.0002658568,0.000491347158072,0.125
2025-12-25 13:00:00+00:00,87536.0,87664.0,87385.0,87609.0,386.53734,1.25e-05,-0.0002616047,0.0008335950695388,0.125
2025-12-25 14:00:00+00:00,87609.0,87732.0,87526.0,87692.0,352.50924,1.25e-05,-0.0003275374,0.0009469427579099,0.125
2025-12-25 15:00:00+00:00,87691.0,88575.0,87691.0,88319.0,2144.79842,1.25e-05,-0.0002861492,0.0071245848519987,0.125
2025-12-25 16:00:00+00:00,88318.0,88450.0,87966.0,88066.0,1044.42331,1.25e-05,-0.0002605337,-0.002868726632165,0.125
2025-12-25 17:00:00+00:00,88065.0,88179.0,87980.0,88118.0,611.61458,1.25e-05,-0.0003079368,0.0005902919846288,0.125
2025-12-25 18:00:00+00:00,88117.0,88282.0,88116.0,88210.0,334.1025,1.25e-05,-0.0003052922,0.0010435099172942,0.125
2025-12-25 19:00:00+00:00,88211.0,88224.0,88048.0,88123.0,163.11138,1.25e-05,-0.0002894606,-0.00098676943124,0.125
2025-12-25 20:00:00+00:00,88124.0,88150.0,87600.0,87849.0,863.03982,1.25e-05,-0.0003169603,-0.003114134310388,0.125
2025-12-25 21:00:00+00:00,87849.0,87956.0,87773.0,87864.0,377.85384,1.25e-05,-0.0003491999,0.0001707329569973,0.125
2025-12-25 22:00:00+00:00,87864.0,87887.0,87264.0,87618.0,1187.74016,1.25e-05,-0.000379831,-0.0028037081996553,0.125
2025-12-25 23:00:00+00:00,87618.0,87754.0,86910.0,87200.0,2570.90964,1.25e-05,-0.0003884585,-0.0047821253714554,0.125
2025-12-26 00:00:00+00:00,87201.0,87283.0,86848.0,87101.0,1294.48388,1.25e-05,-0.0003222849,-0.0011359660661264,0.125
2025-12-26 01:00:00+00:00,87101.0,87462.0,87095.0,87401.0,643.94369,1.25e-05,-0.0003465444,0.0034383593948243,0.125
2025-12-26 02:00:00+00:00,87401.0,89433.0,87393.0,89147.0,3018.27865,1.25e-05,-0.0003182355,0.0197799683495573,0.125
2025-12-26 03:00:00+00:00,89148.0,89244.0,88662.0,88787.0,923.83978,1.25e-05,-0.0002643962,-0.0040464497084595,0.125
2025-12-26 04:00:00+00:00,88787.0,89116.0,88485.0,88932.0,1218.06149,1.04164e-05,-0.0004166691,0.0016317898724926,0.104164
2025-12-26 05:00:00+00:00,88931.0,89010.0,88785.0,88957.0,746.20078,1.10051e-05,-0.0004119595,0.0002810741548335,0.110051
2025-12-26 06:00:00+00:00,88958.0,89219.0,88958.0,89095.0,493.50764,5.7438e-06,-0.0004540497,0.0015501092673222,0.057438
2025-12-26 07:00:00+00:00,89096.0,89521.0,88309.0,88428.0,2003.62119,1.25e-05,-0.0003958064,-0.0075145546065154,0.125
2025-12-26 08:00:00+00:00,88427.0,88852.0,88400.0,88703.0,840.4241,1.25e-05,-0.0003883551,0.0031050490422014,0.125
2025-12-26 09:00:00+00:00,88703.0,88884.0,88598.0,88782.0,286.25773,8.5789e-06,-0.0004313685,0.000890216133388,0.085789
2025-12-26 10:00:00+00:00,88781.0,88843.0,88637.0,88710.0,285.12601,1.15076e-05,-0.0004079395,-0.0008113042159566,0.115076
2025-12-26 11:00:00+00:00,88709.0,88712.0,88483.0,88500.0,442.57458,1.1254e-05,-0.0004099682,-0.0023700705186116,0.1125399999999999
2025-12-26 12:00:00+00:00,88499.0,88725.0,88493.0,88643.0,260.85294,8.4175e-06,-0.0004326602,0.0016145151777117,0.084175
2025-12-26 13:00:00+00:00,88643.0,89016.0,88572.0,88964.0,349.15472,1.03987e-05,-0.0004168105,0.003614726328602,0.103987
2025-12-26 14:00:00+00:00,88965.0,89016.0,87313.0,87372.0,4496.51253,1.02206e-05,-0.0004182349,-0.0180569283196232,0.102206
2025-12-26 15:00:00+00:00,87372.0,87372.0,86633.0,87130.0,3354.72822,1.23077e-05,-0.0004015383,-0.0027736089573788,0.123077
2025-12-26 16:00:00+00:00,87131.0,87363.0,86815.0,86828.0,1939.76914,1.25e-05,-0.0001329785,-0.0034721059496796,0.125
2025-12-26 17:00:00+00:00,86828.0,87444.0,86782.0,87295.0,1487.69985,1.25e-05,-0.00014605,0.0053640371432218,0.125
2025-12-26 18:00:00+00:00,87296.0,87354.0,87125.0,87245.0,342.46235,1.25e-05,-0.0002651884,-0.0005729345865443,0.125
2025-12-26 19:00:00+00:00,87244.0,87553.0,87230.0,87480.0,295.62633,1.25e-05,-0.0002252436,0.0026899429583737,0.125
2025-12-26 20:00:00+00:00,87478.0,87772.0,87370.0,87561.0,792.27917,1.25e-05,-0.0002343123,0.0009254975209429,0.125
2025-12-26 21:00:00+00:00,87563.0,87677.0,87431.0,87440.0,482.41732,1.25e-05,-0.0002037752,-0.0013828494612269,0.125
2025-12-26 22:00:00+00:00,87441.0,87568.0,87281.0,87508.0,985.69425,1.25e-05,-0.0002180721,0.000777373887377,0.125
2025-12-26 23:00:00+00:00,87507.0,87519.0,87293.0,87339.0,629.91081,1.25e-05,-0.0003079335,-0.0019331192714625,0.125
2025-12-27 00:00:00+00:00,87338.0,87388.0,87222.0,87375.0,324.29196,1.25e-05,-0.0003650491,0.0004121020697766,0.125
2025-12-27 01:00:00+00:00,87375.0,87453.0,87306.0,87448.0,183.06375,1.25e-05,-0.0003575725,0.0008351304375599,0.125
2025-12-27 02:00:00+00:00,87448.0,87476.0,87369.0,87414.0,117.66141,1.25e-05,-0.0003170496,-0.0003888780916205,0.125
2025-12-27 03:00:00+00:00,87415.0,87522.0,87356.0,87491.0,160.70249,1.25e-05,-0.0002956617,0.0008804780306391,0.125
2025-12-27 04:00:00+00:00,87492.0,87492.0,87431.0,87439.0,90.49474,1.25e-05,-0.0003218783,-0.0005945235412067,0.125
2025-12-27 05:00:00+00:00,87439.0,87502.0,87410.0,87481.0,79.56782,1.25e-05,-0.0003006834,0.0004802195381562,0.125
2025-12-27 06:00:00+00:00,87481.0,87540.0,87388.0,87438.0,264.85554,1.25e-05,-0.0002944141,-0.0004916561478877,0.125
2025-12-27 07:00:00+00:00,87438.0,87683.0,87438.0,87519.0,448.77777,1.25e-05,-0.000320139,0.000925941868999,0.125
2025-12-27 08:00:00+00:00,87519.0,87650.0,87515.0,87563.0,135.83758,1.25e-05,-0.0002862339,0.0005026216393039,0.125
2025-12-27 09:00:00+00:00,87564.0,87640.0,87519.0,87600.0,265.5392,1.25e-05,-0.000291028,0.0004224636544281,0.125
2025-12-27 10:00:00+00:00,87600.0,87600.0,87350.0,87478.0,328.7383,1.25e-05,-0.0002369732,-0.0013936647636679,0.125
2025-12-27 11:00:00+00:00,87478.0,87520.0,87416.0,87442.0,168.36187,1.25e-05,-0.0003325812,-0.0004116167448923,0.125
2025-12-27 12:00:00+00:00,87442.0,87483.0,87402.0,87442.0,58.55894,1.25e-05,-0.0003292849,0.0,0.125
2025-12-27 13:00:00+00:00,87443.0,87453.0,87299.0,87422.0,118.50675,1.25e-05,-0.0003328903,-0.0002287492003753,0.125
2025-12-27 14:00:00+00:00,87423.0,87530.0,87378.0,87515.0,149.69397,1.25e-05,-0.0003380145,0.0010632400093886,0.125
2025-12-27 15:00:00+00:00,87514.0,87573.0,87463.0,87519.0,114.67441,1.25e-05,-0.0002706127,4.5705405814784267e-05,0.125
2025-12-27 16:00:00+00:00,87519.0,87543.0,87405.0,87463.0,286.51881,1.25e-05,-0.0002595963,-0.000640065857195,0.125
2025-12-27 17:00:00+00:00,87463.0,87528.0,87426.0,87526.0,61.39971,1.25e-05,-0.0003630497,0.0007200452910976,0.125
2025-12-27 18:00:00+00:00,87527.0,87533.0,87439.0,87461.0,71.45648,1.25e-05,-0.0003681358,-0.0007429123647992,0.125
2025-12-27 19:00:00+00:00,87462.0,87549.0,87462.0,87538.0,83.41802,1.25e-05,-0.0003153126,0.0008800050853904,0.125
2025-12-27 20:00:00+00:00,87538.0,87605.0,87500.0,87521.0,84.02651,1.25e-05,-0.0003801101,-0.0001942202349315,0.125
2025-12-27 21:00:00+00:00,87521.0,87649.0,87520.0,87644.0,128.74482,1.25e-05,-0.0003452398,0.0014043903772579,0.125
2025-12-27 22:00:00+00:00,87645.0,87930.0,87472.0,87536.0,661.88566,1.25e-05,-0.0003369219,-0.0012330176239638,0.125
2025-12-27 23:00:00+00:00,87536.0,87950.0,87536.0,87844.0,173.12587,1.25e-05,-0.0003406553,0.0035123767435763,0.125
2025-12-28 00:00:00+00:00,87841.0,87940.0,87679.0,87819.0,307.96036,1.25e-05,-0.0003595431,-0.0002846359241136,0.125
2025-12-28 01:00:00+00:00,87820.0,87916.0,87694.0,87753.0,231.78531,1.25e-05,-0.0003080682,-0.0007518283451672,0.125
2025-12-28 02:00:00+00:00,87753.0,87851.0,87719.0,87784.0,71.49831,1.25e-05,-0.0003280741,0.0003532018927323,0.125
2025-12-28 03:00:00+00:00,87785.0,87820.0,87707.0,87717.0,209.88894,1.25e-05,-0.0003121479,-0.0007635284500366,0.125
2025-12-28 04:00:00+00:00,87715.0,87809.0,87649.0,87697.0,255.89361,1.25e-05,-0.0003341443,-0.0002280319710703,0.125
2025-12-28 05:00:00+00:00,87698.0,87698.0,87581.0,87626.0,243.08521,1.25e-05,-0.0003217476,-0.0008099337095679,0.125
2025-12-28 06:00:00+00:00,87627.0,87759.0,87614.0,87708.0,74.6836,1.25e-05,-0.0003532386,0.000935357728432,0.125
2025-12-28 07:00:00+00:00,87708.0,87713.0,87650.0,87708.0,59.56301,1.25e-05,-0.0002895324,0.0,0.125
2025-12-28 08:00:00+00:00,87708.0,87940.0,87708.0,87779.0,221.41703,1.25e-05,-0.0002909262,0.0008091767922869,0.125
2025-12-28 09:00:00+00:00,87779.0,87871.0,87676.0,87768.0,543.13036,1.25e-05,-0.0002815422,-0.0001253225633521,0.125
2025-12-28 10:00:00+00:00,87768.0,87974.0,87767.0,87828.0,787.21498,1.25e-05,-0.0003514453,0.0006833868919006,0.125
2025-12-28 11:00:00+00:00,87828.0,87885.0,87782.0,87848.0,219.30941,1.12763e-05,-0.0004097897,0.0002276918883217,0.112763
2025-12-28 12:00:00+00:00,87848.0,87858.0,87770.0,87825.0,101.60979,9.5366e-06,-0.0004237072,-0.0002618501435214,0.0953659999999999
2025-12-28 13:00:00+00:00,87825.0,87917.0,87777.0,87864.0,93.17806,9.9639e-06,-0.0004202892,0.000443966334154,0.0996389999999999
2025-12-28 14:00:00+00:00,87864.0,88059.0,87864.0,87866.0,263.95725,1.00635e-05,-0.0004194919,2.276219200004038e-05,0.1006349999999999
2025-12-28 15:00:00+00:00,87866.0,87971.0,87768.0,87797.0,157.93443,8.2579e-06,-0.0004339371,-0.0007855951856528,0.082579
2025-12-28 16:00:00+00:00,87797.0,87864.0,87701.0,87777.0,458.39724,7.7423e-06,-0.0004380616,-0.0002278241662946,0.077423
2025-12-28 17:00:00+00:00,87778.0,87903.0,87728.0,87728.0,138.05353,8.7033e-06,-0.0004303738,-0.0005583886644046,0.087033
2025-12-28 18:00:00+00:00,87729.0,87742.0,87453.0,87580.0,805.73285,1.25e-05,-0.0003848643,-0.0016884572884403,0.125
2025-12-28 19:00:00+00:00,87580.0,87660.0,87500.0,87502.0,934.86763,1.25e-05,-0.0003607457,-0.0008910111280469,0.125
2025-12-28 20:00:00+00:00,87502.0,87641.0,87413.0,87481.0,395.87929,1.25e-05,-0.0002309703,-0.0002400233177031,0.125
2025-12-28 21:00:00+00:00,87480.0,87578.0,87408.0,87562.0,195.77427,1.25e-05,-0.0001584692,0.0009254869464251,0.125
2025-12-28 22:00:00+00:00,87562.0,87990.0,87454.0,87887.0,957.81244,1.25e-05,-0.0002491638,0.0037047845440015,0.125
2025-12-28 23:00:00+00:00,87887.0,88044.0,87628.0,87928.0,1326.89591,1.25e-05,-0.0001967698,0.00046639934867,0.125
2025-12-29 00:00:00+00:00,87927.0,88418.0,87792.0,88306.0,2569.57427,1.25e-05,-0.0001674409,0.0042897577046822,0.125
2025-12-29 01:00:00+00:00,88307.0,88499.0,87862.0,88435.0,1291.69163,1.25e-05,-0.0001480693,0.0014597634154755,0.125
2025-12-29 02:00:00+00:00,88435.0,89378.0,88434.0,89148.0,2957.09892,1.25e-05,-7.88939e-05,0.0080300910709125,0.125
2025-12-29 03:00:00+00:00,89148.0,90149.0,89097.0,90109.0,1256.98776,1.25e-05,-9.06486e-05,0.0107221386802561,0.125
2025-12-29 04:00:00+00:00,90109.0,90380.0,89953.0,90096.0,1059.59273,1.25e-05,-0.0001431809,-0.000144280125663,0.125
2025-12-29 05:00:00+00:00,90111.0,90274.0,89903.0,89960.0,743.52912,1.25e-05,-0.0002660021,-0.0015106414211478,0.125
2025-12-29 06:00:00+00:00,89961.0,90096.0,89720.0,89742.0,729.9114,1.25e-05,-0.0002822517,-0.0024262401858703,0.125
2025-12-29 07:00:00+00:00,89743.0,89830.0,89463.0,89582.0,762.13094,1.25e-05,-0.0002872602,-0.0017844799631755,0.125
2025-12-29 08:00:00+00:00,89582.0,89790.0,89424.0,89513.0,940.66977,1.25e-05,-0.0003148303,-0.0007705408125739,0.125
2025-12-29 09:00:00+00:00,89514.0,89564.0,87716.0,88084.0,3482.74917,1.25e-05,-0.0003570669,-0.0160929614855492,0.125
2025-12-29 10:00:00+00:00,88085.0,88232.0,87598.0,87742.0,1708.8008,1.25e-05,-0.0003901199,-0.0038902145452017,0.125
2025-12-29 11:00:00+00:00,87743.0,87749.0,87524.0,87527.0,1108.69144,1.25e-05,-0.0003882319,-0.0024533729049757,0.125
2025-12-29 12:00:00+00:00,87527.0,87588.0,86736.0,87336.0,3013.08701,4.0066e-06,-0.0004679468,-0.0021845682157999,0.040066
2025-12-29 13:00:00+00:00,87336.0,87515.0,87124.0,87352.0,1577.90745,3.4954e-06,-0.000472037,0.0001831837337966,0.034954
2025-12-29 14:00:00+00:00,87351.0,88185.0,87221.0,87411.0,3712.91063,6.161e-06,-0.0004507122,0.0006752001538252,0.06161
2025-12-29 15:00:00+00:00,87411.0,87938.0,87200.0,87667.0,2067.37314,1.25e-05,-0.0003726547,0.0029244129182046,0.125
2025-12-29 16:00:00+00:00,87666.0,87819.0,87424.0,87609.0,457.40572,1.25e-05,-0.0002216581,-0.0006618133927861,0.125
2025-12-29 17:00:00+00:00,87609.0,87842.0,87318.0,87835.0,1323.51236,1.25e-05,-0.0001737477,0.0025763220743373,0.125
2025-12-29 18:00:00+00:00,87833.0,88012.0,87341.0,87428.0,2652.62023,1.25e-05,-0.0001597685,-0.0046444569774053,0.125
2025-12-29 19:00:00+00:00,87429.0,87641.0,87284.0,87337.0,987.65844,1.25e-05,-0.0002072942,-0.0010413985434636,0.125
2025-12-29 20:00:00+00:00,87338.0,87595.0,87069.0,87215.0,2777.01011,1.25e-05,-0.0001820886,-0.0013978644743792,0.125
2025-12-29 21:00:00+00:00,87233.0,87378.0,87198.0,87337.0,610.18004,1.25e-05,-0.0001182134,0.0013978644743793,0.125
2025-12-29 22:00:00+00:00,87337.0,87396.0,87069.0,87343.0,548.20874,1.25e-05,2.85184e-05,6.86970460540584e-05,0.125
2025-12-29 23:00:00+00:00,87342.0,87400.0,87173.0,87228.0,288.94882,1.25e-05,-4.52343e-05,-0.0013175157000327,0.125
2025-12-30 00:00:00+00:00,87227.0,87351.0,87081.0,87250.0,761.63193,1.25e-05,-7.47909e-05,0.0002521807920377,0.125
2025-12-30 01:00:00+00:00,87246.0,87346.0,87101.0,87298.0,525.08681,1.25e-05,-0.0001170266,0.0005499919931475,0.125
2025-12-30 02:00:00+00:00,87298.0,87336.0,86955.0,87094.0,640.86522,1.25e-05,-0.0001110217,-0.0023395579275427,0.125
2025-12-30 03:00:00+00:00,87093.0,87418.0,86824.0,87356.0,1281.18573,1.25e-05,-0.0001411688,0.0030037282543843,0.125
2025-12-30 04:00:00+00:00,87356.0,87480.0,87264.0,87287.0,543.86526,1.25e-05,-0.0001817858,-0.0007901834438281,0.125
2025-12-30 05:00:00+00:00,87287.0,87335.0,87125.0,87240.0,512.10009,1.25e-05,-0.0001896746,-0.0005385986252692,0.125
2025-12-30 06:00:00+00:00,87240.0,87527.0,87233.0,87433.0,385.90312,1.25e-05,-0.0002059062,0.0022098444355057,0.125
2025-12-30 07:00:00+00:00,87433.0,87593.0,87370.0,87482.0,131.51366,1.25e-05,-7.43136e-05,0.0005602721468344,0.125
2025-12-30 08:00:00+00:00,87482.0,88200.0,87482.0,87849.0,992.60436,1.25e-05,-0.0001205343,0.004186373613279,0.125
2025-12-30 09:00:00+00:00,87850.0,88020.0,87640.0,87982.0,343.81026,1.25e-05,-0.000118507,0.0015128165723389,0.125
2025-12-30 10:00:00+00:00,87981.0,88174.0,87905.0,87940.0,486.61326,1.25e-05,-0.0001688627,-0.0004774843487224,0.125
2025-12-30 11:00:00+00:00,87940.0,88017.0,87742.0,87874.0,679.01492,1.25e-05,-0.0001369383,-0.0007507934874389,0.125
2025-12-30 12:00:00+00:00,87875.0,88069.0,87874.0,87999.0,236.08254,1.25e-05,-0.0001729128,0.0014214805120511,0.125
2025-12-30 13:00:00+00:00,88000.0,88127.0,87888.0,88096.0,241.53129,1.25e-05,-0.0001709086,0.0011016781829204,0.125
2025-12-30 14:00:00+00:00,88096.0,88988.0,87818.0,88845.0,2944.7372,1.25e-05,-0.0002056733,0.0084661494368414,0.125
2025-12-30 15:00:00+00:00,88846.0,89141.0,88192.0,88973.0,1874.65731,1.25e-05,-0.0001633225,0.0014396745223587,0.125
2025-12-30 16:00:00+00:00,88973.0,89376.0,88543.0,88721.0,1813.80795,1.25e-05,-0.0003081004,-0.0028363385251175,0.125
2025-12-30 17:00:00+00:00,88721.0,88857.0,88080.0,88338.0,1248.1833,9.776e-06,-0.0004217917,-0.004326248282953,0.0977599999999999
2025-12-30 18:00:00+00:00,88338.0,88470.0,88083.0,88273.0,614.69837,8.5988e-06,-0.0004312098,-0.0007360810247926,0.085988
2025-12-30 19:00:00+00:00,88272.0,88397.0,87924.0,88184.0,919.93427,1.21099e-05,-0.0004031205,-0.0010087444255194,0.121099
2025-12-30 20:00:00+00:00,88185.0,88185.0,87842.0,87894.0,883.12816,1.25e-05,-0.000380578,-0.0032939976853264,0.125
2025-12-30 21:00:00+00:00,87895.0,88317.0,87864.0,88251.0,812.49194,1.25e-05,-0.0003833312,0.004053484218277,0.125
2025-12-30 22:00:00+00:00,88251.0,88456.0,88251.0,88412.0,507.00522,1.25e-05,-0.0002264919,0.0018226798432307,0.125
2025-12-30 23:00:00+00:00,88412.0,88549.0,88339.0,88466.0,511.23672,1.25e-05,-0.0002071966,0.0006105903693811,0.125
2025-12-31 00:00:00+00:00,88467.0,88467.0,88224.0,88239.0,487.05361,1.25e-05,-0.0002798075,-0.0025692552544668,0.125
2025-12-31 01:00:00+00:00,88239.0,88768.0,88155.0,88629.0,554.84215,1.25e-05,-0.0003126034,0.0044100756732108,0.125
2025-12-31 02:00:00+00:00,88628.0,88727.0,88500.0,88644.0,295.90532,1.25e-05,-0.000223885,0.00016923050928,0.125
2025-12-31 03:00:00+00:00,88645.0,88793.0,88344.0,88422.0,462.39305,1.25e-05,-0.000285045,-0.0025075408754201,0.125
2025-12-31 04:00:00+00:00,88422.0,88519.0,88306.0,88307.0,360.12947,1.25e-05,-0.000296919,-0.001301427793191,0.125
2025-12-31 05:00:00+00:00,88308.0,88501.0,88308.0,88431.0,234.13762,1.25e-05,-0.0003325775,0.0014032072372239,0.125
2025-12-31 06:00:00+00:00,88431.0,88535.0,88431.0,88486.0,125.19047,1.25e-05,-0.0002950624,0.000621760506586,0.125
2025-12-31 07:00:00+00:00,88487.0,88613.0,88400.0,88578.0,237.7681,1.25e-05,-0.0003014565,0.0010391723702059,0.125
2025-12-31 08:00:00+00:00,88579.0,88712.0,88358.0,88404.0,282.6608,1.25e-05,-0.0003108538,-0.0019663022913289,0.125
2025-12-31 09:00:00+00:00,88404.0,88680.0,88402.0,88640.0,193.467,1.25e-05,-0.0003559922,0.0026660055102967,0.125
2025-12-31 10:00:00+00:00,88641.0,88850.0,88630.0,88809.0,405.30146,1.25e-05,-0.0003348927,0.0019047732148008,0.125
2025-12-31 11:00:00+00:00,88810.0,89000.0,88777.0,88985.0,323.24683,1.25e-05,-0.0003575292,0.0019798199881743,0.125
2025-12-31 12:00:00+00:00,88982.0,89009.0,88712.0,88746.0,340.97894,1.25e-05,-0.0003515684,-0.0026894592846609,0.125
2025-12-31 13:00:00+00:00,88745.0,89025.0,88708.0,88957.0,388.87887,1.25e-05,-0.0003535976,0.0023747499947676,0.125
2025-12-31 14:00:00+00:00,88957.0,89178.0,88250.0,88445.0,1469.31374,1.25e-05,-0.0003367215,-0.0057722170165847,0.125
2025-12-31 15:00:00+00:00,88444.0,88455.0,87747.0,87927.0,3218.39804,1.25e-05,-0.0003258355,-0.0058739651350416,0.125
2025-12-31 16:00:00+00:00,87926.0,88030.0,87366.0,87630.0,2262.15473,1.25e-05,-0.0002619178,-0.0033835196926699,0.125
2025-12-31 17:00:00+00:00,87631.0,87736.0,87456.0,87599.0,867.8537,1.25e-05,-0.0002126847,-0.0003538227156852,0.125
2025-12-31 18:00:00+00:00,87599.0,87978.0,87554.0,87673.0,885.08263,1.25e-05,-0.0001888987,0.0008444018941636,0.125
2025-12-31 19:00:00+00:00,87674.0,87858.0,87520.0,87534.0,566.37165,1.25e-05,-0.0001627358,-0.0015866949284241,0.125
2025-12-31 20:00:00+00:00,87533.0,87710.0,87229.0,87660.0,1496.69354,1.25e-05,-0.0001186508,0.0014384056728497,0.125
2025-12-31 21:00:00+00:00,87660.0,87875.0,87657.0,87794.0,348.21587,1.25e-05,-8.62442e-05,0.0015274661854793,0.125
2025-12-31 22:00:00+00:00,87793.0,87886.0,87646.0,87727.0,377.39348,1.25e-05,1.3992e-06,-0.0007634414486494,0.125
2025-12-31 23:00:00+00:00,87726.0,87726.0,87615.0,87632.0,360.98304,1.25e-05,-5.205e-06,-0.0010834916861274,0.125
2026-01-01 00:00:00+00:00,87631.0,87837.0,87628.0,87807.0,365.07286,1.25e-05,-0.0001308388,0.0019949960731855,0.125
2026-01-01 01:00:00+00:00,87807.0,88043.0,87805.0,87955.0,253.58595,1.25e-05,-0.0001004107,0.0016840959363178,0.125
2026-01-01 02:00:00+00:00,87956.0,88096.0,87885.0,87902.0,354.78846,1.25e-05,-6.9418e-05,-0.0006027624900307,0.125
2026-01-01 03:00:00+00:00,87903.0,88011.0,87831.0,87839.0,175.69812,1.25e-05,-5.22769e-05,-0.0007169641995743,0.125
2026-01-01 04:00:00+00:00,87839.0,87854.0,87550.0,87597.0,529.66977,1.25e-05,-4.511e-05,-0.0027588425806876,0.125
2026-01-01 05:00:00+00:00,87597.0,87741.0,87596.0,87718.0,146.30682,1.25e-05,-2.85096e-05,0.0013803726915902,0.125
2026-01-01 06:00:00+00:00,87718.0,87718.0,87646.0,87664.0,59.03478,1.25e-05,0.000104394,-0.0006157986761063,0.125
2026-01-01 07:00:00+00:00,87664.0,87677.0,87602.0,87642.0,133.99845,1.25e-05,0.0001068424,-0.0002509896993313,0.125
2026-01-01 08:00:00+00:00,87641.0,87827.0,87632.0,87774.0,140.43132,1.25e-05,0.0001057491,0.0015049941272754,0.125
2026-01-01 09:00:00+00:00,87774.0,87973.0,87757.0,87878.0,145.94248,1.25e-05,3.35794e-05,0.0011841597266491,0.125
2026-01-01 10:00:00+00:00,87878.0,87886.0,87788.0,87860.0,113.25132,1.25e-05,4.31579e-05,-0.0002048504030197,0.125
2026-01-01 11:00:00+00:00,87860.0,88023.0,87851.0,88022.0,238.37517,1.25e-05,-2.25135e-05,0.0018421446857802,0.125
2026-01-01 12:00:00+00:00,88022.0,88043.0,87923.0,87947.0,298.04323,1.25e-05,-6.75699e-05,-0.0008524229215532,0.125
2026-01-01 13:00:00+00:00,87946.0,88024.0,87855.0,87899.0,478.72853,1.25e-05,-7.3506e-06,-0.0005459322497204,0.125
2026-01-01 14:00:00+00:00,87899.0,87951.0,87786.0,87936.0,1012.22687,1.25e-05,-4.89818e-05,0.0004208490976893,0.125
2026-01-01 15:00:00+00:00,87937.0,88096.0,87899.0,88011.0,243.3124,1.25e-05,-0.0002702526,0.0008525295065279,0.125
2026-01-01 16:00:00+00:00,88011.0,88023.0,87857.0,87968.0,400.68522,1.25e-05,-0.0002661446,-0.0004886946835222,0.125
2026-01-01 17:00:00+00:00,87969.0,88495.0,87961.0,88293.0,912.58451,1.25e-05,-0.0002199406,0.0036877172864465,0.125
2026-01-01 18:00:00+00:00,88293.0,88340.0,88059.0,88169.0,393.37248,1.25e-05,-0.0002370172,-0.0014054019608746,0.125
2026-01-01 19:00:00+00:00,88170.0,88420.0,88044.0,88377.0,672.65555,1.25e-05,-0.0003181031,0.0023563274867682,0.125
2026-01-01 20:00:00+00:00,88365.0,88376.0,88204.0,88238.0,389.37185,1.25e-05,-0.0002389337,-0.0015740455646359,0.125
2026-01-01 21:00:00+00:00,88238.0,88424.0,88238.0,88365.0,260.52682,1.25e-05,-0.0002589066,0.0014382544112209,0.125
2026-01-01 22:00:00+00:00,88365.0,88689.0,88364.0,88637.0,1060.71872,1.25e-05,-0.0002417222,0.0030734140191233,0.125
2026-01-01 23:00:00+00:00,88637.0,88888.0,88460.0,88809.0,1375.95132,1.25e-05,-0.000178698,0.0019386185528908,0.125
2026-01-02 00:00:00+00:00,88810.0,88871.0,88562.0,88802.0,1471.99411,1.25e-05,-0.000197902,-7.882394675581036e-05,0.125
2026-01-02 01:00:00+00:00,88804.0,88845.0,88494.0,88618.0,460.94468,1.25e-05,-0.0002601383,-0.0020741750193562,0.125
2026-01-02 02:00:00+00:00,88618.0,88643.0,88350.0,88606.0,542.96798,1.25e-05,-0.0002853694,-0.0001354218392355,0.125
2026-01-02 03:00:00+00:00,88607.0,89094.0,88544.0,88910.0,1260.34214,1.25e-05,-0.0003344195,0.0034250467246206,0.125
2026-01-02 04:00:00+00:00,88911.0,88960.0,88581.0,88599.0,761.04009,1.25e-05,-0.0003079598,-0.003504051267423,0.125
2026-01-02 05:00:00+00:00,88599.0,88759.0,88538.0,88724.0,521.18665,1.21813e-05,-0.00040255,0.0014098568229182,0.1218129999999999
2026-01-02 06:00:00+00:00,88724.0,89059.0,88701.0,88906.0,482.81679,1.25e-05,-0.0003596968,0.0020492041174174,0.125
2026-01-02 07:00:00+00:00,88906.0,89036.0,88805.0,88827.0,308.67892,1.25e-05,-0.0003650999,-0.0008889739688481,0.125
2026-01-02 08:00:00+00:00,88827.0,89192.0,88771.0,89149.0,887.77292,1.25e-05,-0.0003886447,0.0036184693592097,0.125
2026-01-02 09:00:00+00:00,89150.0,89475.0,89059.0,89436.0,2155.61421,1.05918e-05,-0.0004152658,0.003214158491235,0.105918
2026-01-02 10:00:00+00:00,89436.0,89899.0,89426.0,89618.0,2680.2837,1.25e-05,-0.0002743661,0.0020329069742025,0.125
2026-01-02 11:00:00+00:00,89618.0,89640.0,89290.0,89459.0,1877.13636,5.7789e-06,-0.0004537687,-0.0017757728997262,0.057789
2026-01-02 12:00:00+00:00,89459.0,89548.0,89326.0,89361.0,715.71412,5.329e-07,-0.0004957365,-0.001096074374357,0.005329
2026-01-02 13:00:00+00:00,89361.0,89642.0,89274.0,89297.0,597.98188,5.1975e-06,-0.0004584198,-0.0007164526943951,0.051975
2026-01-02 14:00:00+00:00,89298.0,90079.0,88444.0,89530.0,4662.05031,8.4142e-06,-0.0004326862,0.0026058719527834,0.084142
2026-01-02 15:00:00+00:00,89531.0,89850.0,88752.0,89366.0,3704.9641,4.6961e-06,-0.0004624315,-0.0018334680031071,0.0469609999999999
2026-01-02 16:00:00+00:00,89367.0,90786.0,89161.0,90340.0,5999.44374,4.4126e-06,-0.0004646995,0.0108400335835006,0.044126
2026-01-02 17:00:00+00:00,90341.0,90956.0,90134.0,90310.0,2490.74072,8.3593e-06,-0.0004331259,-0.0003321339637507,0.083593
2026-01-02 18:00:00+00:00,90310.0,90498.0,89508.0,89740.0,2209.08736,-1.5941e-06,-0.0005127525,-0.0063315957148701,-0.015941
2026-01-02 19:00:00+00:00,89739.0,90137.0,89612.0,89849.0,1241.55681,4.711e-07,-0.0004962315,0.0012138829592503,0.004711
2026-01-02 20:00:00+00:00,89848.0,90036.0,89573.0,89735.0,940.70923,6.0741e-06,-0.0004514074,-0.0012696010258477,0.060741
2026-01-02 21:00:00+00:00,89734.0,90141.0,89683.0,90027.0,627.34496,-4.5595e-06,-0.0005364762,0.0032487428580233,-0.045595
2026-01-02 22:00:00+00:00,90026.0,90356.0,89973.0,90149.0,826.32657,-1.0285e-06,-0.0005082282,0.0013542316251342,-0.0102849999999999
2026-01-02 23:00:00+00:00,90148.0,90149.0,89851.0,89932.0,390.70587,1.3348e-06,-0.0004893217,-0.0024100277656411,0.0133479999999999
2026-01-03 00:00:00+00:00,89932.0,90148.0,89915.0,90112.0,445.23071,-2.8235e-06,-0.0005225879,0.0019995118967664,-0.028235
2026-01-03 01:00:00+00:00,90112.0,90250.0,90035.0,90236.0,222.20695,4.0019e-06,-0.0004679851,0.0013751194306547,0.040019
2026-01-03 02:00:00+00:00,90235.0,90369.0,90090.0,90300.0,527.62956,3.5501e-06,-0.0004715995,0.0007089998967625,0.035501
2026-01-03 03:00:00+00:00,90299.0,90341.0,90146.0,90274.0,282.52422,3.7402e-06,-0.0004700785,-0.0002879705846874,0.037402
2026-01-03 04:00:00+00:00,90273.0,90430.0,90008.0,90119.0,410.14398,4.915e-07,-0.0004960682,-0.0017184706517962,0.004915
2026-01-03 05:00:00+00:00,90119.0,90158.0,89886.0,90000.0,453.51579,2.2977e-06,-0.0004816181,-0.0013213488561909,0.022977
2026-01-03 06:00:00+00:00,90000.0,90088.0,89811.0,89836.0,308.76857,7.2188e-06,-0.0004422494,-0.0018238844887887,0.072188
2026-01-03 07:00:00+00:00,89835.0,89911.0,89269.0,89528.0,2139.64416,6.0963e-06,-0.0004512293,-0.0034343603257501,0.060963
2026-01-03 08:00:00+00:00,89529.0,89802.0,89389.0,89637.0,1170.56191,8.1292e-06,-0.0004349662,0.001216755654819,0.081292
2026-01-03 09:00:00+00:00,89637.0,89952.0,89589.0,89751.0,892.3725,1.25e-05,-0.0003963714,0.0012709881970522,0.125
2026-01-03 10:00:00+00:00,89751.0,89836.0,89673.0,89724.0,274.66903,1.25e-05,-0.0003732933,-0.0003008775618185,0.125
2026-01-03 11:00:00+00:00,89724.0,89747.0,89643.0,89720.0,99.14826,1.25e-05,-0.0003624609,-4.458215377128236e-05,0.125
2026-01-03 12:00:00+00:00,89721.0,90020.0,89630.0,90006.0,342.41738,1.25e-05,-0.0003431501,0.0031826251228006,0.125
2026-01-03 13:00:00+00:00,90005.0,90025.0,89895.0,89980.0,366.64021,1.25e-05,-0.00030207,-0.000288911361782,0.125
2026-01-03 14:00:00+00:00,89980.0,90214.0,89929.0,90093.0,267.14519,1.25e-05,-0.0002984378,0.0012550467291886,0.125
2026-01-03 15:00:00+00:00,90093.0,90097.0,89929.0,89934.0,616.90846,1.25e-05,-0.0003144804,-0.0017664021657011,0.125
2026-01-03 16:00:00+00:00,89933.0,90190.0,89881.0,90069.0,977.83587,1.00383e-05,-0.0004196937,0.0014999752816527,0.100383
2026-01-03 17:00:00+00:00,90070.0,90100.0,89989.0,90060.0,275.26881,1.25e-05,-0.0003495472,-9.992838474083732e-05,0.125
2026-01-03 18:00:00+00:00,90060.0,90165.0,90000.0,90099.0,524.3729,1.25e-05,-0.0003941719,0.0004329509001404,0.125
2026-01-03 19:00:00+00:00,90099.0,90112.0,90002.0,90079.0,280.80927,1.25e-05,-0.0003809913,-0.0002220026871443,0.125
2026-01-03 20:00:00+00:00,90079.0,90340.0,89983.0,90340.0,602.2323,8.3607e-06,-0.0004331143,0.0028932671400363,0.083607
2026-01-03 21:00:00+00:00,90340.0,90711.0,90260.0,90527.0,1521.26264,1.25e-05,-0.0003648461,0.0020678185255724,0.125
2026-01-03 22:00:00+00:00,90527.0,90711.0,90463.0,90546.0,607.14864,1.25e-05,-0.0002843308,0.0002098601124378,0.125
2026-01-03 23:00:00+00:00,90546.0,90683.0,90421.0,90600.0,534.24962,1.25e-05,-0.0003672053,0.0005962041844651,0.125
2026-01-04 00:00:00+00:00,90599.0,91555.0,90599.0,91308.0,2628.87023,1.25e-05,-0.0003837395,0.0077841939334523,0.125
2026-01-04 01:00:00+00:00,91308.0,91446.0,90952.0,91182.0,1669.00231,1.25e-05,-0.0003958261,-0.0013808978028629,0.125
2026-01-04 02:00:00+00:00,91183.0,91260.0,91030.0,91091.0,335.12682,8.1158e-06,-0.0004350737,-0.0009985023295895,0.081158
2026-01-04 03:00:00+00:00,91090.0,91313.0,91040.0,91190.0,454.40443,6.9842e-06,-0.0004441263,0.0010862350956406,0.069842
2026-01-04 04:00:00+00:00,91189.0,91560.0,91148.0,91370.0,510.02418,8.2581e-06,-0.0004339355,0.001971955064955,0.082581
2026-01-04 05:00:00+00:00,91370.0,91448.0,91308.0,91443.0,212.91372,9.9762e-06,-0.0004201902,0.0007986303367923,0.0997619999999999
2026-01-04 06:00:00+00:00,91442.0,91834.0,91177.0,91180.0,770.83219,1.22433e-05,-0.0004020538,-0.0028802525620262,0.122433
2026-01-04 07:00:00+00:00,91181.0,91514.0,91166.0,91494.0,559.69345,1.25e-05,-0.0003962275,0.0034378215756348,0.125
2026-01-04 08:00:00+00:00,91493.0,91526.0,91120.0,91331.0,691.67741,1.15467e-05,-0.000407626,-0.0017831264125665,0.115467
2026-01-04 09:00:00+00:00,91331.0,91439.0,91209.0,91419.0,274.68565,1.25e-05,-0.0003981979,0.0009630643699219,0.125
2026-01-04 10:00:00+00:00,91419.0,91577.0,91373.0,91559.0,386.11682,4.9497e-06,-0.0004604021,0.0015302389065246,0.049497
2026-01-04 11:00:00+00:00,91559.0,91559.0,91187.0,91256.0,474.71643,2.5689e-06,-0.0004794489,-0.0033148294992132,0.025689
2026-01-04 12:00:00+00:00,91256.0,91312.0,91050.0,91101.0,535.58858,3.4233e-06,-0.0004726135,-0.001699962571522,0.034233
2026-01-04 13:00:00+00:00,91102.0,91232.0,90975.0,91226.0,449.20082,3.7309e-06,-0.000470153,0.0013711630157271,0.037309
2026-01-04 14:00:00+00:00,91226.0,91373.0,91108.0,91301.0,471.58239,2.501e-06,-0.0004799917,0.0008217962736573,0.0250099999999999
2026-01-04 15:00:00+00:00,91301.0,91341.0,91053.0,91294.0,684.30249,5.2562e-06,-0.0004579506,-7.66724171355295e-05,0.052562
2026-01-04 16:00:00+00:00,91294.0,91411.0,91196.0,91283.0,446.54192,3.712e-06,-0.0004703042,-0.0001204971054767,0.03712
2026-01-04 17:00:00+00:00,91283.0,91394.0,91268.0,91301.0,281.6432,6.8565e-06,-0.0004451483,0.0001971695226123,0.068565
2026-01-04 18:00:00+00:00,91301.0,91301.0,90950.0,91176.0,948.18998,8.6608e-06,-0.0004307134,-0.0013700358900251,0.086608
2026-01-04 19:00:00+00:00,91176.0,91176.0,90839.0,91101.0,767.02835,9.9687e-06,-0.0004202503,-0.0008229233993593,0.099687
2026-01-04 20:00:00+00:00,91101.0,91306.0,91083.0,91270.0,356.90622,8.8914e-06,-0.0004288688,0.0018533653747112,0.0889139999999999
2026-01-04 21:00:00+00:00,91271.0,91392.0,91138.0,91242.0,449.0016,1.04483e-05,-0.0004164139,-0.0003068291424089,0.1044829999999999
2026-01-04 22:00:00+00:00,91243.0,91372.0,91115.0,91184.0,383.57628,8.0895e-06,-0.0004352836,-0.0006358742937332,0.080895
2026-01-04 23:00:00+00:00,91184.0,91571.0,91184.0,91511.0,1237.57396,1.25e-05,-0.0003950193,0.0035797405423925,0.125
2026-01-05 00:00:00+00:00,91510.0,92412.0,91479.0,92373.0,2722.65521,1.25e-05,-0.0003507736,0.0093755445193789,0.125
2026-01-05 01:00:00+00:00,92374.0,93366.0,92261.0,92921.0,2931.88378,1.25e-05,-0.0003016878,0.0059149416356436,0.125
2026-01-05 02:00:00+00:00,92922.0,93128.0,92701.0,93004.0,879.25771,1.25e-05,-0.0003236699,0.0008928331909493,0.125
2026-01-05 03:00:00+00:00,93004.0,93176.0,92835.0,92844.0,692.66802,1.25e-05,-0.0003966065,-0.0017218376256905,0.125
2026-01-05 04:00:00+00:00,92843.0,92925.0,92312.0,92579.0,1212.18719,1.25e-05,-0.000392063,-0.0028583312795293,0.125
2026-01-05 05:00:00+00:00,92580.0,92694.0,92307.0,92318.0,1513.78787,1.24628e-05,-0.0004002975,-0.0028231953288248,0.124628
2026-01-05 06:00:00+00:00,92319.0,92465.0,92109.0,92456.0,377.56961,1.25e-05,-0.0003515008,0.0014937169261766,0.125
2026-01-05 07:00:00+00:00,92456.0,92600.0,92454.0,92497.0,229.11597,1.25e-05,-0.0003999236,0.000443355886864,0.125
2026-01-05 08:00:00+00:00,92498.0,92735.0,92425.0,92430.0,475.28111,1.25e-05,-0.0003591598,-0.0007246102833181,0.125
2026-01-05 09:00:00+00:00,92431.0,92817.0,92290.0,92660.0,1337.22935,1.1345e-05,-0.0004092403,0.0024852787118159,0.11345
2026-01-05 10:00:00+00:00,92661.0,93146.0,92646.0,93054.0,1875.22221,1.25e-05,-0.0003486294,0.0042430898168684,0.125
2026-01-05 11:00:00+00:00,93055.0,93131.0,92853.0,93114.0,2529.42933,1.25e-05,-0.0002383433,0.0006445791121719,0.125
2026-01-05 12:00:00+00:00,93115.0,93193.0,92729.0,92851.0,501.16316,1.25e-05,-0.0002461549,-0.0028284911175893,0.125
2026-01-05 13:00:00+00:00,92852.0,92991.0,92508.0,92716.0,691.10728,1.25e-05,-0.0002522474,-0.0014550003375227,0.125
2026-01-05 14:00:00+00:00,92716.0,93623.0,92368.0,93398.0,3092.83208,1.25e-05,-0.0002543906,0.0073288742668675,0.125
2026-01-05 15:00:00+00:00,93399.0,93983.0,93167.0,93929.0,3029.12737,1.25e-05,-0.0002273935,0.0056692459945413,0.125
2026-01-05 16:00:00+00:00,93929.0,94000.0,93534.0,93655.0,2154.81768,1.25e-05,-0.000297714,-0.002921359975984,0.125
2026-01-05 17:00:00+00:00,93655.0,94443.0,93202.0,94257.0,4521.2659,4.954e-06,-0.0004603683,0.0064072763793724,0.04954
2026-01-05 18:00:00+00:00,94258.0,94472.0,93859.0,94404.0,3291.39414,2.6185e-06,-0.0004790523,0.0015583510078776,0.026185
2026-01-05 19:00:00+00:00,94405.0,94463.0,94086.0,94263.0,1843.01171,-1.971e-07,-0.0005015764,-0.0014946972841134,-0.001971
2026-01-05 20:00:00+00:00,94264.0,94753.0,93981.0,94128.0,1507.83145,-4.0825e-06,-0.0005326602,-0.0014331897288922,-0.040825
2026-01-05 21:00:00+00:00,94127.0,94192.0,93764.0,94045.0,1117.66749,-3.5464e-06,-0.0005283711,-0.0008821669993322,-0.035464
2026-01-05 22:00:00+00:00,94046.0,94366.0,93955.0,94125.0,920.27559,1.8134e-06,-0.0004854928,0.0008502949972897,0.018134
2026-01-05 23:00:00+00:00,94126.0,94153.0,93812.0,93832.0,483.95449,4.7033e-06,-0.0004623738,-0.0031177369008537,0.047033
2026-01-06 00:00:00+00:00,93831.0,93945.0,93511.0,93778.0,897.34014,7.2612e-06,-0.0004419104,-0.0005756622940274,0.072612
2026-01-06 01:00:00+00:00,93778.0,94123.0,93704.0,93743.0,525.06269,8.0533e-06,-0.0004355733,-0.0003732915290172,0.080533
2026-01-06 02:00:00+00:00,93742.0,93830.0,93493.0,93590.0,594.37919,1.14052e-05,-0.0004087586,-0.0016334552269941,0.114052
2026-01-06 03:00:00+00:00,93591.0,93901.0,93568.0,93725.0,286.8169,1.16812e-05,-0.00040655,0.0014414224528106,0.116812
2026-01-06 04:00:00+00:00,93726.0,93978.0,93704.0,93776.0,426.13819,1.25e-05,-0.000368146,0.0005439971120976,0.125
2026-01-06 05:00:00+00:00,93776.0,93781.0,93528.0,93559.0,529.5102,1.25e-05,-0.0003910744,-0.0023167064035612,0.125
2026-01-06 06:00:00+00:00,93560.0,93906.0,93511.0,93747.0,472.40121,1.25e-05,-0.0003838089,0.002007411007997,0.125
2026-01-06 07:00:00+00:00,93746.0,93747.0,93133.0,93234.0,1603.5562,8.5744e-06,-0.0004314046,-0.0054872023058571,0.085744
2026-01-06 08:00:00+00:00,93234.0,93414.0,93164.0,93211.0,554.41744,1.25e-05,-0.0003240202,-0.0002467215545245,0.125
2026-01-06 09:00:00+00:00,93211.0,93547.0,93210.0,93443.0,799.10465,1.25e-05,-0.0002046406,0.0024858842507811,0.125
2026-01-06 10:00:00+00:00,93444.0,93651.0,93388.0,93560.0,679.47623,1.25e-05,-0.0001850537,0.0012513169870696,0.125
2026-01-06 11:00:00+00:00,93560.0,93890.0,93555.0,93825.0,543.20719,1.25e-05,-0.0001574265,0.0028284033051061,0.125
2026-01-06 12:00:00+00:00,93826.0,93987.0,93769.0,93855.0,325.85808,1.25e-05,-8.56094e-05,0.000319693097352,0.125
2026-01-06 13:00:00+00:00,93855.0,93863.0,93637.0,93709.0,649.50806,1.25e-05,-0.0001178021,-0.0015568022593624,0.125
2026-01-06 14:00:00+00:00,93710.0,94435.0,93512.0,93823.0,5830.01097,1.25e-05,-0.0001121818,0.0012157926545062,0.125
2026-01-06 15:00:00+00:00,93823.0,94292.0,93327.0,93644.0,2845.63258,1.25e-05,-0.0001178603,-0.0019096700155086,0.125
2026-01-06 16:00:00+00:00,93643.0,93754.0,92321.0,92706.0,4172.63222,1.25e-05,-0.0001297409,-0.0100671631017354,0.125
2026-01-06 17:00:00+00:00,92706.0,92773.0,91537.0,91604.0,3712.04541,1.25e-05,-0.000152935,-0.0119582565474055,0.125
2026-01-06 18:00:00+00:00,91605.0,92265.0,91316.0,92090.0,4259.42126,1.25e-05,6.43875e-05,0.0052914208843449,0.125
2026-01-06 19:00:00+00:00,92090.0,92374.0,91950.0,92153.0,1031.02183,1.25e-05,0.000564245,0.0006838794684778,0.125
2026-01-06 20:00:00+00:00,92151.0,92733.0,92150.0,92548.0,892.69026,1.25e-05,0.000453931,0.0042771896436823,0.125
2026-01-06 21:00:00+00:00,92549.0,93897.0,92411.0,93285.0,4439.01425,1.25e-05,0.0004449229,0.0079318943785265,0.125
2026-01-06 22:00:00+00:00,93286.0,93567.0,93000.0,93409.0,1787.20864,1.25e-05,0.0002999463,0.0013283771115733,0.125
2026-01-06 23:00:00+00:00,93395.0,93837.0,93371.0,93801.0,898.20411,1.25e-05,0.0002871067,0.0041878166006256,0.125
2026-01-07 00:00:00+00:00,93801.0,93801.0,92696.0,92750.0,1474.48357,1.25e-05,0.0003844509,-0.0112678154486168,0.125
2026-01-07 01:00:00+00:00,92751.0,92925.0,92356.0,92495.0,1141.50523,1.25e-05,0.0003776184,-0.002753112484192,0.125
2026-01-07 02:00:00+00:00,92492.0,93110.0,92285.0,93024.0,1140.51712,1.25e-05,0.0004968549,0.005702935373113,0.125
2026-01-07 03:00:00+00:00,93025.0,93172.0,92798.0,92889.0,1113.04476,1.25e-05,0.000572825,-0.0014522924564497,0.125
2026-01-07 04:00:00+00:00,92889.0,93000.0,92669.0,92724.0,1054.51705,1.91482e-05,0.0006531853,-0.0017778931805684,0.191482
2026-01-07 05:00:00+00:00,92723.0,92921.0,92561.0,92576.0,818.14459,2.4145e-05,0.0006931603,-0.0015974099457225,0.24145
2026-01-07 06:00:00+00:00,92577.0,92958.0,92570.0,92656.0,436.78171,1.25e-05,0.0005963248,0.0008637816897093,0.125
2026-01-07 07:00:00+00:00,92656.0,92954.0,92655.0,92944.0,291.19559,1.25e-05,0.000529167,0.0031034507667427,0.125
2026-01-07 08:00:00+00:00,92943.0,93024.0,92757.0,92768.0,338.64218,1.25e-05,0.000547233,-0.0018954085109317,0.125
2026-01-07 09:00:00+00:00,92768.0,92768.0,91621.0,91771.0,3176.85341,1.25e-05,0.0005264325,-0.0108054091604574,0.125
2026-01-07 10:00:00+00:00,91770.0,92081.0,91645.0,92039.0,1084.86428,1.25e-05,0.0004506525,0.0029160566879815,0.125
2026-01-07 11:00:00+00:00,92040.0,92342.0,91991.0,92162.0,1572.45631,1.65057e-05,0.0006320455,0.0013354978342291,0.165057
2026-01-07 12:00:00+00:00,92159.0,92261.0,92049.0,92057.0,993.39551,5.64481e-05,0.0009515846,-0.001139947685857,0.564481
2026-01-07 13:00:00+00:00,92057.0,92351.0,91931.0,92106.0,816.97449,2.88674e-05,0.0007309388,0.0005321373039783,0.288674
2026-01-07 14:00:00+00:00,92106.0,92244.0,91422.0,92051.0,3203.66852,2.69142e-05,0.0007153137,-0.0005973164379879,0.269142
2026-01-07 15:00:00+00:00,92051.0,92078.0,91133.0,91409.0,4109.31189,3.97461e-05,0.0008179686,-0.0069988293973744,0.397461
2026-01-07 16:00:00+00:00,91408.0,91851.0,91204.0,91304.0,2388.03582,4.79239e-05,0.0008833912,-0.0011493436324581,0.4792389999999999
2026-01-07 17:00:00+00:00,91306.0,91740.0,91096.0,91336.0,1781.34702,2.38663e-05,0.00069093,0.0003504161227271,0.238663
2026-01-07 18:00:00+00:00,91336.0,91527.0,90677.0,90919.0,4279.23319,1.25e-05,0.000574714,-0.0045760141303279,0.125
2026-01-07 19:00:00+00:00,90919.0,91316.0,90677.0,91219.0,1977.10246,1.25e-05,0.00056579,0.0032942084715455,0.125
2026-01-07 20:00:00+00:00,91219.0,91337.0,90804.0,91096.0,987.86185,1.25e-05,0.0002351806,-0.0013493132069398,0.125
2026-01-07 21:00:00+00:00,91096.0,91272.0,91077.0,91086.0,671.87006,1.25e-05,0.0003155006,-0.0001097803296708,0.125
2026-01-07 22:00:00+00:00,91114.0,91398.0,90884.0,91199.0,1399.79138,1.25e-05,0.0003085364,0.0012398169292567,0.125
2026-01-07 23:00:00+00:00,91199.0,91499.0,91024.0,91373.0,1260.20791,1.25e-05,0.0002117561,0.0019060978976133,0.125
2026-01-08 00:00:00+00:00,91373.0,91518.0,91071.0,91386.0,740.80407,1.25e-05,0.0001384139,0.0001422638559186,0.125
2026-01-08 01:00:00+00:00,91386.0,91676.0,91304.0,91437.0,520.89877,1.25e-05,-8.5354e-06,0.0005579166879759,0.125
2026-01-08 02:00:00+00:00,91438.0,91473.0,90774.0,90967.0,1134.95361,1.25e-05,2.47002e-05,-0.0051534071640141,0.125
2026-01-08 03:00:00+00:00,90966.0,91139.0,90591.0,90812.0,660.0719,1.25e-05,7.10011e-05,-0.0017053679200048,0.125
2026-01-08 04:00:00+00:00,90812.0,91160.0,90706.0,91033.0,274.76458,1.25e-05,6.11246e-05,0.0024306426770722,0.125
2026-01-08 05:00:00+00:00,91033.0,91200.0,90790.0,90824.0,829.18233,1.25e-05,5.24394e-05,-0.0022985102802184,0.125
2026-01-08 06:00:00+00:00,90824.0,90867.0,89828.0,89848.0,3946.86743,1.25e-05,4.63625e-05,-0.0108042142014975,0.125
2026-01-08 07:00:00+00:00,89854.0,90559.0,89622.0,90515.0,2596.50261,1.25e-05,-6.67722e-05,0.0073962291671722,0.125
2026-01-08 08:00:00+00:00,90514.0,90721.0,90112.0,90199.0,847.4045,1.25e-05,-0.000224611,-0.0034972422952856,0.125
2026-01-08 09:00:00+00:00,90199.0,90345.0,89915.0,89978.0,749.51319,1.25e-05,-0.0002621123,-0.0024531445282136,0.125
2026-01-08 10:00:00+00:00,89979.0,90474.0,89750.0,90386.0,1811.9365,1.25e-05,-0.0002856393,0.0045241921439141,0.125
2026-01-08 11:00:00+00:00,90386.0,90460.0,90000.0,90198.0,938.78976,1.25e-05,-0.0002408339,-0.0020821342745695,0.125
2026-01-08 12:00:00+00:00,90198.0,90220.0,89772.0,89964.0,1042.90329,1.25e-05,-0.000252908,-0.0025976635648269,0.125
2026-01-08 13:00:00+00:00,89964.0,90091.0,89862.0,89956.0,709.05274,1.25e-05,-0.0002184584,-8.892841268645062e-05,0.125
2026-01-08 14:00:00+00:00,89950.0,90176.0,89300.0,90031.0,5400.43931,1.25e-05,-0.0001631688,0.0008333935711013,0.125
2026-01-08 15:00:00+00:00,90031.0,90859.0,89828.0,90795.0,3838.31256,1.25e-05,-0.0001385912,0.00845016254442,0.125
2026-01-08 16:00:00+00:00,90800.0,90956.0,90336.0,90956.0,2393.61676,1.25e-05,0.0001232785,0.0017716550897846,0.125
2026-01-08 17:00:00+00:00,90956.0,91450.0,90863.0,91380.0,2253.2313,1.25e-05,0.000190631,0.0046507630335806,0.125
2026-01-08 18:00:00+00:00,91380.0,91490.0,90934.0,91104.0,2184.85558,1.25e-05,0.0002005667,-0.0030249250394984,0.125
2026-01-08 19:00:00+00:00,91104.0,91330.0,90812.0,90928.0,1577.51185,1.25e-05,8.54029e-05,-0.0019337265408613,0.125
2026-01-08 20:00:00+00:00,90928.0,90977.0,90542.0,90924.0,1575.62376,1.25e-05,-2.75655e-05,-4.399181752906814e-05,0.125
2026-01-08 21:00:00+00:00,90924.0,91319.0,90908.0,91254.0,1020.26017,1.25e-05,-9.10559e-05,0.0036228343810499,0.125
2026-01-08 22:00:00+00:00,91253.0,91466.0,91008.0,91210.0,1031.08801,1.25e-05,-0.0001480075,-0.0004822869262195,0.125
2026-01-08 23:00:00+00:00,91210.0,91310.0,91030.0,91079.0,518.3428,1.25e-05,-0.0001848354,-0.0014372784156072,0.125
2026-01-09 00:00:00+00:00,91079.0,91280.0,91041.0,91270.0,433.46581,1.25e-05,-0.0002126933,0.002094884752326,0.125
2026-01-09 01:00:00+00:00,91270.0,91627.0,90815.0,91039.0,1154.09203,1.25e-05,-0.0001989282,-0.0025341603938685,0.125
2026-01-09 02:00:00+00:00,91037.0,91461.0,90987.0,91023.0,672.56344,1.25e-05,-0.0002626206,-0.000175764300526,0.125
2026-01-09 03:00:00+00:00,91023.0,91263.0,90934.0,91207.0,468.13816,1.25e-05,-0.0002533021,0.0020194266863921,0.125
2026-01-09 04:00:00+00:00,91207.0,91220.0,90910.0,91010.0,407.55639,1.25e-05,-0.0001952457,-0.0021622579315191,0.125
2026-01-09 05:00:00+00:00,91010.0,91118.0,90902.0,91085.0,573.41205,1.25e-05,-0.0001769601,0.0008237458935278,0.125
2026-01-09 06:00:00+00:00,91084.0,91148.0,90980.0,91137.0,743.9888,1.25e-05,-7.2992e-05,0.0005707324188244,0.125
2026-01-09 07:00:00+00:00,91137.0,91138.0,90710.0,90733.0,1850.90985,1.25e-05,-5.2276e-05,-0.0044427411283963,0.125
2026-01-09 08:00:00+00:00,90734.0,90849.0,89645.0,90012.0,5408.01873,1.25e-05,-2.79883e-05,-0.0079781329977208,0.125
2026-01-09 09:00:00+00:00,90009.0,90491.0,89995.0,90326.0,2390.57878,1.25e-05,-0.0001237599,0.0034823533289431,0.125
2026-01-09 10:00:00+00:00,90327.0,90545.0,90267.0,90478.0,550.85487,1.25e-05,-0.000207294,0.0016813791266687,0.125
2026-01-09 11:00:00+00:00,90478.0,90683.0,90390.0,90434.0,278.90987,1.25e-05,-0.0001380577,-0.0004864243484961,0.125
2026-01-09 12:00:00+00:00,90434.0,90583.0,90204.0,90438.0,415.05787,1.25e-05,-0.0001642473,4.423017383180236e-05,0.125
2026-01-09 13:00:00+00:00,90438.0,90915.0,90369.0,90585.0,969.1335,1.25e-05,-0.0002096643,0.001624103371527,0.125
2026-01-09 14:00:00+00:00,90585.0,90652.0,89929.0,90137.0,2137.09429,1.25e-05,-0.0001617058,-0.00495790128133,0.125
2026-01-09 15:00:00+00:00,90137.0,92061.0,89834.0,91185.0,6094.2877,1.25e-05,-0.000156466,0.0115596747221514,0.125
2026-01-09 16:00:00+00:00,91185.0,91784.0,91156.0,91621.0,2864.56715,1.25e-05,-4.89461e-05,0.004770093177693,0.125
2026-01-09 17:00:00+00:00,91622.0,91676.0,90999.0,91428.0,1633.55362,1.25e-05,7.9215e-06,-0.0021087257676157,0.125
2026-01-09 18:00:00+00:00,91427.0,91501.0,90275.0,90821.0,3273.80343,1.25e-05,-2.5143e-05,-0.0066612408791113,0.125
2026-01-09 19:00:00+00:00,90821.0,90821.0,90143.0,90336.0,3035.76774,1.25e-05,-5.97267e-05,-0.0053544843286826,0.125
2026-01-09 20:00:00+00:00,90334.0,90565.0,90221.0,90307.0,1859.90476,1.25e-05,-8.17794e-05,-0.000321075272766,0.125
2026-01-09 21:00:00+00:00,90308.0,90634.0,90131.0,90540.0,634.91111,1.25e-05,-0.0001095911,0.0025767652094996,0.125
2026-01-09 22:00:00+00:00,90541.0,90700.0,90350.0,90629.0,778.98908,1.25e-05,-4.50044e-05,0.0009825081240109,0.125
2026-01-09 23:00:00+00:00,90630.0,90732.0,90602.0,90650.0,261.62531,1.25e-05,-1.55902e-05,0.0002316870690366,0.125
2026-01-10 00:00:00+00:00,90651.0,90693.0,90520.0,90585.0,254.77407,1.25e-05,1.48058e-05,-0.0007173007728858,0.125
2026-01-10 01:00:00+00:00,90586.0,90733.0,90581.0,90682.0,357.22549,1.25e-05,-2.1927e-05,0.0010702445481951,0.125
2026-01-10 02:00:00+00:00,90683.0,90790.0,90597.0,90692.0,270.69908,1.25e-05,-4.04296e-05,0.0001102693882267,0.125
2026-01-10 03:00:00+00:00,90692.0,90695.0,90545.0,90631.0,157.21047,1.25e-05,-9.9435e-06,-0.0006728324845854,0.125
2026-01-10 04:00:00+00:00,90631.0,90641.0,90400.0,90442.0,335.49628,1.25e-05,-7.74904e-05,-0.0020875566057535,0.125
2026-01-10 05:00:00+00:00,90443.0,90612.0,90422.0,90592.0,80.02811,1.25e-05,-7.10791e-05,0.0016571476554317,0.125
2026-01-10 06:00:00+00:00,90592.0,90597.0,90468.0,90498.0,69.27589,1.25e-05,-0.0001030456,-0.0010381579153188,0.125
2026-01-10 07:00:00+00:00,90499.0,90684.0,90498.0,90657.0,339.80387,1.25e-05,-7.93976e-05,0.0017554032825932,0.125
2026-01-10 08:00:00+00:00,90657.0,90729.0,90603.0,90646.0,61.70909,1.25e-05,-0.0001608633,-0.0001213438278848,0.125
2026-01-10 09:00:00+00:00,90646.0,90755.0,90615.0,90754.0,63.96641,1.25e-05,-0.0001515486,0.0011907388396992,0.125
2026-01-10 10:00:00+00:00,90755.0,90800.0,90707.0,90800.0,171.26326,1.25e-05,-0.0001744798,0.0005067362986694,0.125
2026-01-10 11:00:00+00:00,90800.0,90800.0,90686.0,90715.0,71.03661,1.25e-05,-0.0001575872,-0.0009365617851211,0.125
2026-01-10 12:00:00+00:00,90715.0,90779.0,90663.0,90730.0,218.15915,1.25e-05,-0.0001632611,0.0001653393594109,0.125
2026-01-10 13:00:00+00:00,90731.0,90752.0,90628.0,90648.0,74.75679,1.25e-05,-8.87963e-05,-0.0009041891032721,0.125
2026-01-10 14:00:00+00:00,90648.0,90657.0,90517.0,90585.0,373.089,1.25e-05,-8.98168e-05,-0.0006952376502912,0.125
2026-01-10 15:00:00+00:00,90585.0,90654.0,90566.0,90646.0,87.26083,1.25e-05,-0.0001717185,0.0006731740409044,0.125
2026-01-10 16:00:00+00:00,90646.0,90710.0,90595.0,90651.0,93.83182,1.25e-05,-0.0001673231,5.5158110738328666e-05,0.125
2026-01-10 17:00:00+00:00,90651.0,90737.0,90514.0,90515.0,471.43577,1.25e-05,-0.0002201997,-0.0015013857517099,0.125
2026-01-10 18:00:00+00:00,90516.0,90567.0,90496.0,90566.0,151.40208,1.25e-05,-0.0002298026,0.0005632838491998,0.125
2026-01-10 19:00:00+00:00,90567.0,90603.0,90562.0,90603.0,41.03701,1.25e-05,-0.0002606175,0.0004084584063986,0.125
2026-01-10 20:00:00+00:00,90603.0,90630.0,90537.0,90544.0,42.57063,1.25e-05,-0.0002324575,-0.0006514046833376,0.125
2026-01-10 21:00:00+00:00,90545.0,90554.0,90466.0,90473.0,201.11123,1.25e-05,-0.000267452,-0.0007844567487136,0.125
2026-01-10 22:00:00+00:00,90472.0,90568.0,90349.0,90391.0,589.82461,1.25e-05,-0.000279559,-0.0009067587316264,0.125
2026-01-10 23:00:00+00:00,90391.0,90536.0,90390.0,90485.0,124.04609,1.25e-05,-0.0003290444,0.0010393861923365,0.125
2026-01-11 00:00:00+00:00,90485.0,90631.0,90420.0,90625.0,496.93139,1.25e-05,-0.0003053464,0.0015460220626744,0.125
2026-01-11 01:00:00+00:00,90625.0,90654.0,90546.0,90622.0,48.1529,1.25e-05,-0.0002545257,-3.310399620713136e-05,0.125
2026-01-11 02:00:00+00:00,90623.0,90712.0,90600.0,90676.0,89.42838,1.25e-05,-0.0001919928,0.000595704327647,0.125
2026-01-11 03:00:00+00:00,90677.0,90715.0,90625.0,90712.0,40.17633,1.25e-05,-0.0001731609,0.0003969391632598,0.125
2026-01-11 04:00:00+00:00,90715.0,90785.0,90650.0,90784.0,122.67841,1.25e-05,-0.0001677297,0.0007934059569021,0.125
2026-01-11 05:00:00+00:00,90784.0,90845.0,90730.0,90761.0,62.22361,1.25e-05,-0.0001332203,-0.0002533807058641,0.125
2026-01-11 06:00:00+00:00,90762.0,90789.0,90523.0,90709.0,771.01243,1.25e-05,-0.0001198402,-0.000573097497363,0.125
2026-01-11 07:00:00+00:00,90710.0,90717.0,90644.0,90676.0,142.31042,1.25e-05,-0.0002982745,-0.0003638669169346,0.125
2026-01-11 08:00:00+00:00,90676.0,90777.0,90573.0,90777.0,283.2449,1.25e-05,-0.0003286437,0.001113236049343,0.125
2026-01-11 09:00:00+00:00,90763.0,90779.0,90636.0,90695.0,115.70895,1.25e-05,-0.0003804179,-0.0009037207456892,0.125
2026-01-11 10:00:00+00:00,90695.0,90711.0,90640.0,90708.0,308.20137,1.25e-05,-0.0003611578,0.0001433272881072,0.125
2026-01-11 11:00:00+00:00,90708.0,90713.0,90663.0,90703.0,42.0353,1.25e-05,-0.000344705,-5.512344897786588e-05,0.125
2026-01-11 12:00:00+00:00,90704.0,90975.0,90685.0,90908.0,419.81658,1.25e-05,-0.0003196724,0.0022575734627039,0.125
2026-01-11 13:00:00+00:00,90908.0,90952.0,90787.0,90833.0,278.85398,1.25e-05,-0.0003036656,-0.0008253504080809,0.125
2026-01-11 14:00:00+00:00,90834.0,91157.0,90833.0,91095.0,446.11474,1.25e-05,-0.0002762105,0.0028802623139634,0.125
2026-01-11 15:00:00+00:00,91096.0,91126.0,90639.0,90837.0,1748.75537,1.25e-05,-0.0002705457,-0.0028362264247065,0.125
2026-01-11 16:00:00+00:00,90837.0,91250.0,90837.0,90996.0,397.47286,4.5364e-06,-0.000463709,0.001748857913857,0.045364
2026-01-11 17:00:00+00:00,90995.0,91105.0,90877.0,90953.0,793.48515,9.759e-06,-0.000421928,-0.0004726599299863,0.09759
2026-01-11 18:00:00+00:00,90952.0,90954.0,90735.0,90851.0,577.286,1.25e-05,-0.0003771338,-0.00112208764056,0.125
2026-01-11 19:00:00+00:00,90850.0,90890.0,90623.0,90661.0,503.59846,9.8033e-06,-0.0004215736,-0.0020935262615711,0.098033
2026-01-11 20:00:00+00:00,90661.0,90700.0,90388.0,90679.0,1271.57743,1.02575e-05,-0.0004179397,0.0001985221138096,0.102575
2026-01-11 21:00:00+00:00,90679.0,90816.0,90563.0,90732.0,896.33274,1.25e-05,-0.0003694907,0.0005843085756422,0.125
2026-01-11 22:00:00+00:00,90732.0,90739.0,90424.0,90509.0,1654.58092,1.25e-05,-0.0002414416,-0.0024608130890166,0.125
2026-01-11 23:00:00+00:00,90508.0,91050.0,90207.0,90997.0,1680.70717,1.25e-05,-0.0001931027,0.0053772456653419,0.125
2026-01-12 00:00:00+00:00,90998.0,91247.0,90674.0,91246.0,1588.17224,1.25e-05,-0.000138998,0.0027326169448954,0.125
2026-01-12 01:00:00+00:00,91247.0,91796.0,91074.0,91400.0,1384.00687,1.25e-05,-0.0001396587,0.0016863225747505,0.125
2026-01-12 02:00:00+00:00,91402.0,92424.0,91360.0,92197.0,1593.1435,1.25e-05,-0.0001250159,0.0086821136121185,0.125
2026-01-12 03:00:00+00:00,92197.0,92505.0,91790.0,91793.0,1493.6205,1.25e-05,-9.2326e-05,-0.0043915500764761,0.125
2026-01-12 04:00:00+00:00,91794.0,92280.0,91736.0,92158.0,1078.48494,1.25e-05,-0.0001493672,0.003968453327467,0.125
2026-01-12 05:00:00+00:00,92158.0,92258.0,92033.0,92095.0,246.01549,1.25e-05,-0.0001323972,-0.0006838423521474,0.125
2026-01-12 06:00:00+00:00,92095.0,92191.0,91790.0,91804.0,612.22767,1.25e-05,-0.0001520627,-0.0031647833091468,0.125
2026-01-12 07:00:00+00:00,91805.0,91940.0,91366.0,91389.0,1200.35308,1.25e-05,-0.000196443,-0.0045307485538796,0.125
2026-01-12 08:00:00+00:00,91389.0,91598.0,90358.0,90731.0,2653.5781,1.25e-05,-0.0002265545,-0.0072260362744665,0.125
2026-01-12 09:00:00+00:00,90731.0,90903.0,90605.0,90655.0,549.66157,1.25e-05,-0.0003143122,-0.000837991955801,0.125
2026-01-12 10:00:00+00:00,90655.0,90759.0,90330.0,90403.0,482.48731,1.25e-05,-0.0003436204,-0.0027836401895711,0.125
2026-01-12 11:00:00+00:00,90404.0,90793.0,90397.0,90588.0,374.56283,1.25e-05,-0.0003657106,0.0020443012572871,0.125
2026-01-12 12:00:00+00:00,90592.0,90840.0,90590.0,90767.0,493.47423,1.25e-05,-0.0002969736,0.0019740294794975,0.125
2026-01-12 13:00:00+00:00,90767.0,90807.0,90506.0,90597.0,744.81172,1.25e-05,-0.0002885662,-0.0018746835070671,0.125
2026-01-12 14:00:00+00:00,90596.0,91097.0,90081.0,90876.0,3206.6532,1.25e-05,-0.0003700817,0.0030748400017674,0.125
2026-01-12 15:00:00+00:00,90876.0,91640.0,90672.0,91640.0,2634.00927,1.25e-05,-0.0003265012,0.0083719176656087,0.125
2026-01-12 16:00:00+00:00,91639.0,92281.0,91548.0,92100.0,3264.06366,1.25e-05,-0.0002326765,0.0050070856759664,0.125
2026-01-12 17:00:00+00:00,92099.0,92291.0,90876.0,91476.0,7068.3563,1.25e-05,-0.0002911902,-0.0067983004671241,0.125
2026-01-12 18:00:00+00:00,91481.0,91920.0,91373.0,91634.0,2988.30376,5.2117e-06,-0.0004583066,0.0017257390553508,0.052117
2026-01-12 19:00:00+00:00,91634.0,91834.0,91380.0,91808.0,1444.89371,-2.1591e-06,-0.0005172725,0.0018970579494663,-0.021591
2026-01-12 20:00:00+00:00,91807.0,92013.0,91351.0,91445.0,1872.51807,-1.8426e-06,-0.0005147408,-0.0039617411424152,-0.0184259999999999
2026-01-12 21:00:00+00:00,91444.0,91444.0,90874.0,91007.0,1146.35821,-2.0593e-06,-0.0005164744,-0.004801272021194,-0.020593
2026-01-12 22:00:00+00:00,91007.0,91390.0,91002.0,91192.0,953.87163,-6.7e-06,-0.0005536004,0.0020307472991323,-0.067
2026-01-12 23:00:00+00:00,91191.0,91269.0,91009.0,91249.0,592.63697,-9.3532e-06,-0.0005748258,0.0006248595639645,-0.093532
2026-01-13 00:00:00+00:00,91249.0,91500.0,91199.0,91434.0,2166.26838,-7.2182e-06,-0.0005577454,0.0020253670373366,-0.072182
2026-01-13 01:00:00+00:00,91433.0,91500.0,90991.0,91148.0,796.38099,-6.014e-07,-0.0005048111,-0.0031328415059193,-0.0060139999999999
2026-01-13 02:00:00+00:00,91149.0,91334.0,91066.0,91082.0,429.24018,4.796e-07,-0.0004961629,-0.0007243593577987,0.004796
2026-01-13 03:00:00+00:00,91082.0,91410.0,91080.0,91382.0,771.39236,9.312e-07,-0.0004925505,0.0032883228508268,0.0093119999999999
2026-01-13 04:00:00+00:00,91383.0,91600.0,91309.0,91484.0,352.11642,1.3279e-06,-0.0004893769,0.0011155710802253,0.013279
2026-01-13 05:00:00+00:00,91484.0,92293.0,91432.0,91906.0,5048.25406,8.8481e-06,-0.0004292148,0.0046022219842463,0.0884809999999999
2026-01-13 06:00:00+00:00,91906.0,92271.0,91789.0,92171.0,1930.52119,1.25e-05,-0.0002166283,0.0028792318765546,0.125
2026-01-13 07:00:00+00:00,92172.0,92195.0,91896.0,91950.0,381.46497,1.25e-05,-8.32548e-05,-0.0024005964135836,0.125
2026-01-13 08:00:00+00:00,91950.0,92266.0,91915.0,92172.0,675.65782,1.25e-05,-9.12911e-05,0.002411445754215,0.125
2026-01-13 09:00:00+00:00,92171.0,92686.0,91935.0,92261.0,2015.12773,1.25e-05,-2.85802e-05,0.0009651201998374,0.125
2026-01-13 10:00:00+00:00,92260.0,92351.0,92005.0,92130.0,853.94798,1.25e-05,2.00812e-05,-0.0014208938835419,0.125
2026-01-13 11:00:00+00:00,92130.0,92250.0,91965.0,91992.0,338.08508,1.25e-05,-6.01344e-05,-0.001499006374477,0.125
2026-01-13 12:00:00+00:00,91993.0,92150.0,91904.0,92100.0,220.57082,1.25e-05,-5.19662e-05,0.0011733265148974,0.125
2026-01-13 13:00:00+00:00,92099.0,92600.0,91988.0,92071.0,2601.34189,1.25e-05,-2.61775e-05,-0.0003149247193062,0.125
2026-01-13 14:00:00+00:00,92070.0,92913.0,91779.0,92455.0,2923.39602,1.25e-05,-1.75989e-05,0.0041620211169946,0.125
2026-01-13 15:00:00+00:00,92455.0,93434.0,92122.0,93434.0,3361.19911,1.25e-05,-7.00908e-05,0.0105332650305004,0.125
2026-01-13 16:00:00+00:00,93435.0,93724.0,93019.0,93362.0,3547.87593,1.25e-05,-9.31613e-05,-0.0007708944898784,0.125
2026-01-13 17:00:00+00:00,93363.0,93460.0,93060.0,93210.0,1283.67368,1.25e-05,-0.0002859419,-0.0016293981265057,0.125
2026-01-13 18:00:00+00:00,93209.0,93843.0,93159.0,93583.0,2044.59568,1.25e-05,-0.0003349804,0.003993730983233,0.125
2026-01-13 19:00:00+00:00,93584.0,94200.0,93438.0,94176.0,2151.45116,1.25e-05,-0.0003976814,0.0063166289947633,0.125
2026-01-13 20:00:00+00:00,94177.0,94484.0,94081.0,94360.0,3496.15674,1.10475e-05,-0.0004116203,0.001951882488412,0.110475
2026-01-13 21:00:00+00:00,94359.0,94464.0,94020.0,94041.0,1764.32173,6.783e-06,-0.0004457362,-0.0033863971512811,0.06783
2026-01-13 22:00:00+00:00,94040.0,96626.0,94040.0,95719.0,8957.67213,-1.611e-07,-0.0005012892,0.0176859584599232,-0.001611
2026-01-13 23:00:00+00:00,95719.0,96093.0,94994.0,95374.0,4051.30355,1.25e-05,-0.0003046659,-0.0036108112263788,0.125
2026-01-14 00:00:00+00:00,95374.0,95600.0,95117.0,95203.0,1364.80229,4.8368e-06,-0.0004613055,-0.0017945507158877,0.048368
2026-01-14 01:00:00+00:00,95203.0,95538.0,95084.0,95189.0,883.34056,4.1113e-06,-0.0004671096,-0.0001470650029962,0.041113
2026-01-14 02:00:00+00:00,95190.0,95522.0,95161.0,95299.0,991.87794,3.9134e-06,-0.000468693,0.0011549285228156,0.0391339999999999
2026-01-14 03:00:00+00:00,95299.0,95681.0,95246.0,95681.0,387.28179,7.1098e-06,-0.0004431212,0.0040004242270524,0.071098
2026-01-14 04:00:00+00:00,95680.0,95754.0,95157.0,95194.0,640.75181,3.9885e-06,-0.0004680923,-0.0051028270516581,0.039885
2026-01-14 05:00:00+00:00,95193.0,95231.0,94894.0,94958.0,1579.1393,1.7512e-06,-0.0004859901,-0.0024822260210262,0.017512
2026-01-14 06:00:00+00:00,94958.0,94992.0,94544.0,94992.0,1348.48302,-4.3451e-06,-0.0005347605,0.0003579889482822,-0.043451
2026-01-14 07:00:00+00:00,94992.0,95212.0,94819.0,95183.0,2453.08354,9.3327e-06,-0.0004253381,0.0020086768946527,0.093327
2026-01-14 08:00:00+00:00,95182.0,95302.0,94863.0,94869.0,629.93338,1.25e-05,-0.0003694123,-0.0033043618137007,0.125
2026-01-14 09:00:00+00:00,94869.0,95166.0,94860.0,95058.0,335.94287,1.25e-05,-0.0003296666,0.0019902390116893,0.125
2026-01-14 10:00:00+00:00,95058.0,95264.0,94842.0,95067.0,692.56356,1.25e-05,-0.000286626,9.46745562836903e-05,0.125
2026-01-14 11:00:00+00:00,95067.0,95067.0,94714.0,94773.0,649.51509,1.25e-05,-0.0002770101,-0.0030973476089574,0.125
2026-01-14 12:00:00+00:00,94773.0,95144.0,94647.0,95048.0,843.81343,1.25e-05,-0.0001882615,0.0028974685876991,0.125
2026-01-14 13:00:00+00:00,95048.0,95230.0,94855.0,94974.0,1449.96933,1.25e-05,-0.0002091999,-0.0007788572243299,0.125
2026-01-14 14:00:00+00:00,94975.0,96900.0,94966.0,96482.0,7300.00073,1.25e-05,-0.00022568,0.0157532925172707,0.125
2026-01-14 15:00:00+00:00,96487.0,97102.0,96189.0,96737.0,3923.75504,1.25e-05,-0.0001195579,0.0026394935078554,0.125
2026-01-14 16:00:00+00:00,96737.0,97671.0,96712.0,97283.0,3531.09357,1.25e-05,-0.0001810591,0.0056283006013571,0.125
2026-01-14 17:00:00+00:00,97283.0,97765.0,96759.0,96943.0,3784.84838,1.25e-05,-0.0001548209,-0.0035010796422459,0.125
2026-01-14 18:00:00+00:00,96943.0,97108.0,96263.0,96794.0,2034.33499,1.25e-05,-0.0002156069,-0.0015381680254917,0.125
2026-01-14 19:00:00+00:00,96795.0,97651.0,96666.0,97241.0,1759.87919,1.25e-05,-0.0001486319,0.0046074243384554,0.125
2026-01-14 20:00:00+00:00,97241.0,97949.0,97186.0,97629.0,2310.57671,1.25e-05,-0.0001580118,0.0039821472030131,0.125
2026-01-14 21:00:00+00:00,97630.0,97696.0,97364.0,97550.0,1028.43361,1.25e-05,-0.0001638188,-0.0008095133627504,0.125
2026-01-14 22:00:00+00:00,97551.0,97563.0,96799.0,96854.0,2146.69019,1.25e-05,-0.0002099842,-0.007160377088079,0.125
2026-01-14 23:00:00+00:00,96854.0,97370.0,96835.0,96917.0,1228.73842,1.25e-05,-0.0002128364,0.0006502521246196,0.125
2026-01-15 00:00:00+00:00,96917.0,96975.0,96469.0,96639.0,1472.66158,1.25e-05,-0.0001581708,-0.0028725556548129,0.125
2026-01-15 01:00:00+00:00,96639.0,96944.0,96280.0,96435.0,984.57346,1.25e-05,-0.0002676478,-0.0021131801890882,0.125
2026-01-15 02:00:00+00:00,96435.0,96599.0,96075.0,96310.0,854.19223,1.25e-05,-0.0001992406,-0.0012970506889868,0.125
2026-01-15 03:00:00+00:00,96311.0,96371.0,95747.0,95970.0,1973.07394,1.25e-05,-0.0001892695,-0.0035365129432365,0.125
2026-01-15 04:00:00+00:00,95970.0,96380.0,95948.0,96299.0,759.49551,1.25e-05,-0.0001929797,0.0034222919046354,0.125
2026-01-15 05:00:00+00:00,96300.0,96499.0,96231.0,96432.0,637.03878,1.25e-05,-0.0001516553,0.0013801622065163,0.125
2026-01-15 06:00:00+00:00,96437.0,96581.0,96156.0,96230.0,500.66193,1.25e-05,-8.62322e-05,-0.0020969373723788,0.125
2026-01-15 07:00:00+00:00,96230.0,96775.0,96173.0,96629.0,506.77974,1.25e-05,-0.000136011,0.0041377438363838,0.125
2026-01-15 08:00:00+00:00,96629.0,96667.0,96269.0,96636.0,916.48319,1.25e-05,-7.39536e-05,7.243939671492303e-05,0.125
2026-01-15 09:00:00+00:00,96636.0,97202.0,96550.0,97036.0,1391.35625,1.25e-05,-0.000142573,0.0041307010693978,0.125
2026-01-15 10:00:00+00:00,97036.0,97060.0,96737.0,96806.0,448.17139,1.25e-05,-0.0001272779,-0.0023730678380962,0.125
2026-01-15 11:00:00+00:00,96807.0,96940.0,96578.0,96579.0,441.10773,1.25e-05,-0.0001040037,-0.0023476495515,0.125
2026-01-15 12:00:00+00:00,96580.0,97052.0,96508.0,96996.0,825.54122,1.25e-05,-9.83359e-05,0.0043084142584977,0.125
2026-01-15 13:00:00+00:00,96996.0,97045.0,96614.0,96858.0,945.44955,1.25e-05,-1.10933e-05,-0.0014237521362602,0.125
2026-01-15 14:00:00+00:00,96858.0,97176.0,95575.0,96085.0,4084.36523,1.25e-05,7.581e-05,-0.0080127720190568,0.125
2026-01-15 15:00:00+00:00,96085.0,96792.0,95436.0,96791.0,4291.37702,1.25e-05,8.96509e-05,0.0073207983690669,0.125
2026-01-15 16:00:00+00:00,96791.0,96956.0,96269.0,96748.0,2168.90394,1.25e-05,4.65316e-05,-0.0004443548918567,0.125
2026-01-15 17:00:00+00:00,96748.0,97088.0,96431.0,96625.0,948.95454,1.25e-05,1.4053e-05,-0.0012721529540145,0.125
2026-01-15 18:00:00+00:00,96625.0,96629.0,95728.0,95812.0,2442.50509,1.25e-05,1.36238e-05,-0.0084495688149361,0.125
2026-01-15 19:00:00+00:00,95812.0,95925.0,95075.0,95486.0,5429.61036,1.25e-05,-9.37322e-05,-0.0034082982109737,0.125
2026-01-15 20:00:00+00:00,95487.0,95634.0,95085.0,95227.0,1602.8069,1.25e-05,-0.0003278369,-0.0027161248496687,0.125
2026-01-15 21:00:00+00:00,95229.0,95610.0,95158.0,95569.0,693.40636,1.25e-05,-0.0002850706,0.0035849846567559,0.125
2026-01-15 22:00:00+00:00,95570.0,95827.0,95471.0,95549.0,564.37694,1.25e-05,-0.0002098911,-0.0002092947819985,0.125
2026-01-15 23:00:00+00:00,95550.0,95698.0,95369.0,95588.0,828.43422,1.25e-05,-0.000219394,0.0004080842593661,0.125
2026-01-16 00:00:00+00:00,95589.0,95804.0,95567.0,95611.0,684.20825,1.25e-05,-0.0002027668,0.0002405870335194,0.125
2026-01-16 01:00:00+00:00,95611.0,95835.0,95410.0,95656.0,818.32695,1.25e-05,-0.000113707,0.0004705464176287,0.125
2026-01-16 02:00:00+00:00,95656.0,95692.0,95385.0,95505.0,828.67896,1.25e-05,-8.5144e-05,-0.0015798204801805,0.125
2026-01-16 03:00:00+00:00,95506.0,95588.0,95308.0,95333.0,409.32328,1.25e-05,-1.22384e-05,-0.0018025764949647,0.125
2026-01-16 04:00:00+00:00,95333.0,95570.0,95150.0,95253.0,599.11472,1.25e-05,-4.48011e-05,-0.0008395160683217,0.125
2026-01-16 05:00:00+00:00,95254.0,95691.0,95248.0,95653.0,803.30281,1.25e-05,-0.0001469089,0.0041905501697887,0.125
2026-01-16 06:00:00+00:00,95653.0,95832.0,95523.0,95754.0,605.8888,1.25e-05,-4.66671e-05,0.0010553429015035,0.125
2026-01-16 07:00:00+00:00,95754.0,95809.0,95471.0,95650.0,447.72913,1.25e-05,-1.08196e-05,-0.0010867067588424,0.125
2026-01-16 08:00:00+00:00,95651.0,95860.0,95570.0,95670.0,644.69053,1.25e-05,-1.44723e-05,0.000209073803814,0.125
2026-01-16 09:00:00+00:00,95670.0,95787.0,95584.0,95605.0,188.25302,1.25e-05,-6.935e-05,-0.0006796497451531,0.125
2026-01-16 10:00:00+00:00,95605.0,95623.0,95320.0,95321.0,660.26234,1.25e-05,-0.0001110387,-0.0029749767916522,0.125
2026-01-16 11:00:00+00:00,95321.0,95478.0,95288.0,95434.0,387.46835,1.25e-05,9.1846e-06,0.0011847659376467,0.125
2026-01-16 12:00:00+00:00,95434.0,95581.0,95381.0,95458.0,398.93091,1.25e-05,4.70285e-05,0.0002514510836122,0.125
2026-01-16 13:00:00+00:00,95458.0,95572.0,95322.0,95451.0,420.14239,1.25e-05,5.04465e-05,-7.333336828686145e-05,0.125
2026-01-16 14:00:00+00:00,95452.0,95808.0,95241.0,95241.0,1404.94697,1.25e-05,-1.17031e-05,-0.0022025054526987,0.125
2026-01-16 15:00:00+00:00,95242.0,95703.0,94302.0,94608.0,5007.59486,1.25e-05,2.87781e-05,-0.0066684822750697,0.125
2026-01-16 16:00:00+00:00,94609.0,95029.0,94536.0,94904.0,1189.31725,1.25e-05,0.0002132995,0.003123815280328,0.125
2026-01-16 17:00:00+00:00,94903.0,95180.0,94600.0,95123.0,776.6443,1.25e-05,0.000302446,0.0023049366348716,0.125
2026-01-16 18:00:00+00:00,95123.0,95258.0,95008.0,95042.0,822.42208,1.25e-05,0.0003489609,-0.0008518918297121,0.125
2026-01-16 19:00:00+00:00,95041.0,95081.0,94868.0,95022.0,593.7484,1.25e-05,0.0003569166,-0.0002104554263176,0.125
2026-01-16 20:00:00+00:00,95022.0,95593.0,94701.0,95582.0,938.75005,1.25e-05,0.0002976432,0.0058760740731279,0.125
2026-01-16 21:00:00+00:00,95583.0,95634.0,95380.0,95552.0,797.43372,1.25e-05,0.00034229,-0.0003139158940466,0.125
2026-01-16 22:00:00+00:00,95553.0,95615.0,95286.0,95540.0,368.96194,1.25e-05,0.0003190356,-0.0001255939549093,0.125
2026-01-16 23:00:00+00:00,95541.0,95606.0,95466.0,95586.0,222.23459,1.25e-05,0.0002310642,0.000481357856997,0.125
2026-01-17 00:00:00+00:00,95586.0,95613.0,95456.0,95478.0,256.25582,1.25e-05,0.0002387259,-0.0011305113627109,0.125
2026-01-17 01:00:00+00:00,95478.0,95564.0,95395.0,95408.0,503.59094,1.25e-05,0.0002305604,-0.0007334220753517,0.125
2026-01-17 02:00:00+00:00,95409.0,95430.0,95239.0,95390.0,447.00469,1.25e-05,0.0001838471,-0.0001886812236333,0.125
2026-01-17 03:00:00+00:00,95389.0,95407.0,95282.0,95399.0,359.16003,1.25e-05,0.0001849497,9.434506189230924e-05,0.125
2026-01-17 04:00:00+00:00,95398.0,95399.0,95281.0,95323.0,223.56785,1.25e-05,0.000165066,-0.0007969715504524,0.125
2026-01-17 05:00:00+00:00,95323.0,95390.0,95298.0,95338.0,79.25515,1.25e-05,0.0002196628,0.000157347334074,0.125
2026-01-17 06:00:00+00:00,95338.0,95371.0,95211.0,95256.0,130.28017,1.25e-05,0.0002082226,-0.0008604678537565,0.125
2026-01-17 07:00:00+00:00,95256.0,95256.0,95059.0,95117.0,521.62658,1.25e-05,0.0002184307,-0.0014602913722102,0.125
2026-01-17 08:00:00+00:00,95116.0,95275.0,95033.0,95260.0,106.61756,1.25e-05,8.28315e-05,0.0015022825960505,0.125
2026-01-17 09:00:00+00:00,95260.0,95310.0,95203.0,95288.0,179.62566,1.25e-05,0.0001529526,0.0002938892058855,0.125
2026-01-17 10:00:00+00:00,95287.0,95296.0,95119.0,95120.0,259.1702,1.25e-05,0.0002255095,-0.0017646321960733,0.125
2026-01-17 11:00:00+00:00,95119.0,95336.0,95087.0,95336.0,285.84766,1.25e-05,0.0002329085,0.0022682414059787,0.125
2026-01-17 12:00:00+00:00,95336.0,95408.0,95254.0,95274.0,122.20173,1.25e-05,9.55991e-05,-0.0006505430164898,0.125
2026-01-17 13:00:00+00:00,95273.0,95455.0,95199.0,95447.0,275.02521,1.25e-05,0.0001285987,0.0018141688377079,0.125
2026-01-17 14:00:00+00:00,95447.0,95561.0,95376.0,95496.0,235.70331,1.25e-05,0.0001152054,0.0005132421830141,0.125
2026-01-17 15:00:00+00:00,95495.0,95659.0,95435.0,95576.0,338.97558,1.25e-05,0.0001530131,0.0008373807221854,0.125
2026-01-17 16:00:00+00:00,95576.0,95583.0,95210.0,95313.0,304.35899,1.25e-05,0.000127034,-0.0027555298253122,0.125
2026-01-17 17:00:00+00:00,95314.0,95450.0,95295.0,95369.0,380.84714,1.25e-05,5.03733e-05,0.0005873653686242,0.125
2026-01-17 18:00:00+00:00,95369.0,95481.0,95354.0,95443.0,122.27228,1.25e-05,9.72813e-05,0.0007756325986825,0.125
2026-01-17 19:00:00+00:00,95443.0,95444.0,95273.0,95291.0,344.04828,1.25e-05,0.0001214831,-0.0015938430712676,0.125
2026-01-17 20:00:00+00:00,95290.0,95401.0,95290.0,95400.0,155.71443,1.25e-05,2.92014e-05,0.0011432108685914,0.125
2026-01-17 21:00:00+00:00,95399.0,95413.0,95261.0,95316.0,484.12602,1.25e-05,5.22208e-05,-0.0008808910152454,0.125
2026-01-17 22:00:00+00:00,95316.0,95316.0,95034.0,95159.0,847.66279,1.25e-05,6.01903e-05,-0.0016485106765203,0.125
2026-01-17 23:00:00+00:00,95158.0,95210.0,95099.0,95144.0,257.88494,1.25e-05,-6.85045e-05,-0.0001576433375307,0.125
2026-01-18 00:00:00+00:00,95143.0,95261.0,95049.0,95103.0,616.13986,1.25e-05,-1.68865e-05,-0.000431018629831,0.125
2026-01-18 01:00:00+00:00,95104.0,95108.0,94847.0,94955.0,545.65502,1.25e-05,2.09616e-05,-0.0015574196289047,0.125
2026-01-18 02:00:00+00:00,94955.0,95051.0,94859.0,95023.0,265.02984,1.25e-05,-0.0001018869,0.0007158723947405,0.125
2026-01-18 03:00:00+00:00,95023.0,95204.0,95023.0,95194.0,170.87626,1.25e-05,-7.8124e-05,0.0017979470401147,0.125
2026-01-18 04:00:00+00:00,95194.0,95195.0,95058.0,95079.0,233.23637,1.25e-05,-1.367e-07,-0.0012087896233612,0.125
2026-01-18 05:00:00+00:00,95080.0,95240.0,95050.0,95179.0,131.31341,1.25e-05,-9.49027e-05,0.0010512042511598,0.125
2026-01-18 06:00:00+00:00,95179.0,95197.0,95131.0,95168.0,58.98954,1.25e-05,-9.02492e-05,-0.0001155783911723,0.125
2026-01-18 07:00:00+00:00,95168.0,95181.0,95009.0,95024.0,100.3331,1.25e-05,-7.7379e-05,-0.0015142595641855,0.125
2026-01-18 08:00:00+00:00,95024.0,95183.0,95008.0,95174.0,211.43632,1.25e-05,-7.45922e-05,0.0015773039789965,0.125
2026-01-18 09:00:00+00:00,95174.0,95285.0,95140.0,95268.0,232.64866,1.25e-05,-0.0001620132,0.0009871772784756,0.125
2026-01-18 10:00:00+00:00,95267.0,95286.0,95085.0,95168.0,131.93703,1.25e-05,-0.0001715295,-0.0010502216932868,0.125
2026-01-18 11:00:00+00:00,95169.0,95169.0,95054.0,95149.0,133.67802,1.25e-05,-9.16008e-05,-0.0001996668722512,0.125
2026-01-18 12:00:00+00:00,95150.0,95163.0,95065.0,95100.0,88.15033,1.25e-05,-0.0001624818,-0.000515114414094,0.125
2026-01-18 13:00:00+00:00,95099.0,95206.0,94887.0,95152.0,414.24048,1.25e-05,-0.0001155493,0.0005466434128931,0.125
2026-01-18 14:00:00+00:00,95153.0,95370.0,94918.0,94948.0,610.72855,1.25e-05,-9.44208e-05,-0.0021462396455323,0.125
2026-01-18 15:00:00+00:00,94947.0,95110.0,94915.0,95110.0,160.84623,1.25e-05,-1.7461e-05,0.0017047431755886,0.125
2026-01-18 16:00:00+00:00,95109.0,95201.0,95062.0,95162.0,237.53599,1.25e-05,-6.35e-06,0.0005465859537359,0.125
2026-01-18 17:00:00+00:00,95162.0,95269.0,95130.0,95263.0,125.89167,1.25e-05,-1.28517e-05,0.0010607851854638,0.125
2026-01-18 18:00:00+00:00,95262.0,95521.0,95165.0,95438.0,582.44206,1.25e-05,-3.17998e-05,0.0018353343624129,0.125
2026-01-18 19:00:00+00:00,95438.0,95524.0,95331.0,95387.0,512.48551,1.25e-05,-3.879e-06,-0.0005345211708557,0.125
2026-01-18 20:00:00+00:00,95387.0,95443.0,95284.0,95309.0,359.60691,1.25e-05,7.09704e-05,-0.0008180560090394,0.125
2026-01-18 21:00:00+00:00,95309.0,95443.0,95300.0,95430.0,164.01034,1.25e-05,1.4828e-06,0.0012687496131509,0.125
2026-01-18 22:00:00+00:00,95431.0,95537.0,95406.0,95483.0,154.37301,1.25e-05,5.57006e-05,0.0005552267405734,0.125
2026-01-18 23:00:00+00:00,95483.0,95488.0,93555.0,93621.0,6279.33836,1.25e-05,-5.727e-06,-0.0196935038765414,0.125
2026-01-19 00:00:00+00:00,93620.0,93621.0,91800.0,92704.0,8909.85703,1.25e-05,-0.0001815026,-0.0098430957062546,0.125
2026-01-19 01:00:00+00:00,92704.0,92851.0,92209.0,92551.0,1491.53867,1.25e-05,-0.0003882405,-0.0016517776555203,0.125
2026-01-19 02:00:00+00:00,92551.0,92639.0,92359.0,92540.0,555.69231,1.25e-05,-0.000252432,-0.000118860452566,0.125
2026-01-19 03:00:00+00:00,92541.0,92768.0,92475.0,92682.0,457.69807,1.25e-05,-0.0002451082,0.0015332954813154,0.125
2026-01-19 04:00:00+00:00,92682.0,92719.0,92467.0,92637.0,368.37232,1.25e-05,-0.0002242892,-0.0004856490795272,0.125
2026-01-19 05:00:00+00:00,92638.0,92776.0,92442.0,92465.0,620.71668,1.25e-05,-0.0003249072,-0.0018584353438017,0.125
2026-01-19 06:00:00+00:00,92465.0,92595.0,92327.0,92545.0,779.84019,1.25e-05,-0.0003685035,0.00086481817184,0.125
2026-01-19 07:00:00+00:00,92544.0,92810.0,92510.0,92783.0,606.23153,3.7811e-06,-0.0004697515,0.0025684206470282,0.037811
2026-01-19 08:00:00+00:00,92784.0,93338.0,92643.0,93212.0,1660.38413,-3.1354e-06,-0.0005250833,0.0046130354123835,-0.031354
2026-01-19 09:00:00+00:00,93213.0,93225.0,92900.0,93005.0,860.03038,1.01489e-05,-0.0004188091,-0.0022232136191777,0.101489
2026-01-19 10:00:00+00:00,93005.0,93047.0,92848.0,93029.0,257.84403,1.25e-05,-0.0003862552,0.0002580173530982,0.125
2026-01-19 11:00:00+00:00,93029.0,93284.0,92912.0,93152.0,489.54452,1.17311e-05,-0.0004061511,0.0013212950612002,0.117311
2026-01-19 12:00:00+00:00,93151.0,93196.0,92972.0,93036.0,337.20306,1.2368e-05,-0.0004010559,-0.0012460525383904,0.12368
2026-01-19 13:00:00+00:00,93036.0,93117.0,92788.0,92981.0,369.53126,1.25e-05,-0.0003435266,-0.0005913438191427,0.125
2026-01-19 14:00:00+00:00,92982.0,92996.0,92670.0,92778.0,740.47556,1.25e-05,-0.0003558134,-0.002185628484331,0.125
2026-01-19 15:00:00+00:00,92778.0,93033.0,92777.0,93010.0,535.1898,9.6471e-06,-0.0004228232,0.0024974715330271,0.096471
2026-01-19 16:00:00+00:00,93009.0,93384.0,92946.0,93260.0,739.35945,1.00925e-05,-0.0004192598,0.0026842771257991,0.100925
2026-01-19 17:00:00+00:00,93268.0,93341.0,93108.0,93199.0,426.80715,7.6751e-06,-0.0004385991,-0.0006542993599259,0.076751
2026-01-19 18:00:00+00:00,93199.0,93219.0,92879.0,93011.0,808.54654,8.953e-06,-0.0004283758,-0.0020192262915772,0.08953
2026-01-19 19:00:00+00:00,93010.0,93118.0,92956.0,93065.0,256.76738,5.9483e-06,-0.0004524134,0.0005804080216249,0.059483
2026-01-19 20:00:00+00:00,93064.0,93242.0,93060.0,93099.0,386.71644,7.105e-06,-0.0004431598,0.0003652693364778,0.07105
2026-01-19 21:00:00+00:00,93099.0,93331.0,92952.0,92952.0,1360.86467,1.25e-05,-0.0003671466,-0.0015802122062135,0.125
2026-01-19 22:00:00+00:00,92953.0,93013.0,92497.0,92497.0,1741.28486,4.6543e-06,-0.0004627653,-0.0049070193205563,0.0465429999999999
2026-01-19 23:00:00+00:00,92498.0,92700.0,92075.0,92581.0,2738.00887,-4.5685e-06,-0.0005365482,0.0009077254537843,-0.045685
2026-01-20 00:00:00+00:00,92582.0,92821.0,92307.0,92671.0,688.4365,-9.0253e-06,-0.0005722024,0.0009716495053308,-0.090253
2026-01-20 01:00:00+00:00,92671.0,92814.0,92479.0,92664.0,705.76596,-8.992e-07,-0.0005071935,-7.55388890747216e-05,-0.008992
2026-01-20 02:00:00+00:00,92664.0,92676.0,92294.0,92500.0,1268.2859,-4.2163e-06,-0.0005337305,-0.0017714031116653,-0.042163
2026-01-20 03:00:00+00:00,92500.0,92595.0,92200.0,92379.0,758.65251,-1.11645e-05,-0.0005893157,-0.0013089644283738,-0.111645
2026-01-20 04:00:00+00:00,92379.0,92424.0,91932.0,92007.0,1095.60352,-1.18502e-05,-0.0005948019,-0.0040350189789092,-0.118502
2026-01-20 05:00:00+00:00,92007.0,92012.0,91217.0,91561.0,3745.77108,-1.09062e-05,-0.0005872498,-0.0048592442864602,-0.109062
2026-01-20 06:00:00+00:00,91561.0,91572.0,90688.0,90869.0,5399.73016,-1.79404e-05,-0.0006435229,-0.0075865079099678,-0.1794039999999999
2026-01-20 07:00:00+00:00,90868.0,91247.0,90798.0,91122.0,1191.10877,-4.4066e-05,-0.000852528,0.0027803590615195,-0.44066
2026-01-20 08:00:00+00:00,91122.0,91186.0,90622.0,91049.0,1731.7813,-2.20249e-05,-0.0006761995,-0.0008014448392708,-0.220249
2026-01-20 09:00:00+00:00,91048.0,91049.0,90831.0,90980.0,708.07978,-2.66791e-05,-0.0007134332,-0.0007581209950589,-0.266791
2026-01-20 10:00:00+00:00,90980.0,91231.0,90942.0,91208.0,648.50211,-2.28699e-05,-0.0006829588,0.0025029103895605,-0.2286989999999999
2026-01-20 11:00:00+00:00,91208.0,91376.0,91161.0,91162.0,747.96739,-1.69612e-05,-0.0006356899,-0.0005044689474753,-0.1696119999999999
2026-01-20 12:00:00+00:00,91162.0,91250.0,91000.0,91222.0,773.49698,-2.08182e-05,-0.000666546,0.000657952475705,-0.208182
2026-01-20 13:00:00+00:00,91222.0,91228.0,90724.0,90894.0,1931.18412,-1.81004e-05,-0.0006448033,-0.0036021036554068,-0.181004
2026-01-20 14:00:00+00:00,90894.0,91309.0,90159.0,90478.0,4731.12096,-2.22034e-05,-0.000677627,-0.0045872651731301,-0.222034
2026-01-20 15:00:00+00:00,90479.0,90758.0,89797.0,90633.0,4500.50806,-1.47775e-05,-0.0006182198,0.0017116579097117,-0.147775
2026-01-20 16:00:00+00:00,90633.0,90924.0,89970.0,90122.0,2539.31181,-1.03666e-05,-0.0005829329,-0.0056540771909861,-0.103666
2026-01-20 17:00:00+00:00,90123.0,90455.0,89389.0,89746.0,4294.0657,-6.5326e-06,-0.0005522609,-0.0041808498197678,-0.065326
2026-01-20 18:00:00+00:00,89746.0,89933.0,89353.0,89457.0,2421.41654,1.25e-05,-0.0003806595,-0.0032253952282392,0.125
2026-01-20 19:00:00+00:00,89457.0,89763.0,89260.0,89704.0,1720.16484,1.25e-05,-0.0002894265,0.0027572982567496,0.125
2026-01-20 20:00:00+00:00,89703.0,89838.0,89390.0,89701.0,1339.61519,1.25e-05,-0.0003306689,-3.344388395278698e-05,0.125
2026-01-20 21:00:00+00:00,89702.0,89828.0,89411.0,89469.0,544.4637,1.25e-05,-0.0001602007,-0.0025897207083992,0.125
2026-01-20 22:00:00+00:00,89469.0,89632.0,87804.0,88496.0,4826.74085,1.25e-05,-0.000154274,-0.0109348433139053,0.125
2026-01-20 23:00:00+00:00,88496.0,88500.0,87844.0,88404.0,2653.93185,1.25e-05,-0.0001927422,-0.0010401357636453,0.125
2026-01-21 00:00:00+00:00,88403.0,88962.0,88214.0,88907.0,1100.60322,1.25e-05,-0.000233937,0.0056736620888188,0.125
2026-01-21 01:00:00+00:00,88906.0,89131.0,88825.0,88992.0,437.58828,1.25e-05,-0.0002633153,0.0009555984740585,0.125
2026-01-21 02:00:00+00:00,88992.0,89341.0,88957.0,89009.0,964.17348,1.25e-05,-0.0002989608,0.000191010163445,0.125
2026-01-21 03:00:00+00:00,89010.0,89581.0,89008.0,89395.0,743.28881,1.25e-05,-0.0003593092,0.0043272639887841,0.125
2026-01-21 04:00:00+00:00,89395.0,89596.0,89309.0,89410.0,490.44131,1.25e-05,-0.0003668281,0.0001677805434432,0.125
2026-01-21 05:00:00+00:00,89409.0,90107.0,89400.0,89919.0,804.8604,1.25e-05,-0.0003771336,0.0056767323398743,0.125
2026-01-21 06:00:00+00:00,89919.0,89919.0,89448.0,89602.0,712.48,1.25e-05,-0.0003259917,-0.0035316239267641,0.125
2026-01-21 07:00:00+00:00,89603.0,89737.0,89036.0,89174.0,721.85724,1.13914e-05,-0.0004088687,-0.0047881238835004,0.113914
2026-01-21 08:00:00+00:00,89174.0,89343.0,88948.0,89152.0,595.88671,4.6296e-06,-0.0004629631,-0.0002467391194959,0.046296
2026-01-21 09:00:00+00:00,89153.0,89458.0,89036.0,89068.0,471.94181,2.7104e-06,-0.0004783168,-0.0009426552151295,0.027104
2026-01-21 10:00:00+00:00,89069.0,89351.0,89035.0,89217.0,194.33249,8.9516e-06,-0.0004283876,0.0016714814447687,0.089516
2026-01-21 11:00:00+00:00,89216.0,89350.0,88648.0,88741.0,796.85567,9.093e-06,-0.0004272563,-0.0053495896243434,0.09093
2026-01-21 12:00:00+00:00,88741.0,88802.0,88129.0,88677.0,3033.33038,4.0105e-06,-0.0004679159,-0.0007214600860794,0.040105
2026-01-21 13:00:00+00:00,88676.0,88968.0,88501.0,88639.0,839.68275,-2.09604e-05,-0.0006676833,-0.0004286133296684,-0.209604
2026-01-21 14:00:00+00:00,88636.0,89944.0,88543.0,89762.0,3911.6057,-1.19173e-05,-0.0005953387,0.0125897818191943,-0.119173
2026-01-21 15:00:00+00:00,89757.0,90500.0,89701.0,90230.0,3188.74028,-2.5157e-06,-0.0005201258,0.0052002428403264,-0.025157
2026-01-21 16:00:00+00:00,90230.0,90309.0,87509.0,87534.0,9044.37535,-1.0386e-05,-0.0005830879,-0.0303346766885958,-0.10386
2026-01-21 17:00:00+00:00,87533.0,88122.0,87200.0,87894.0,3978.89221,-2.53967e-05,-0.0007031738,0.0041042536578745,-0.253967
2026-01-21 18:00:00+00:00,87890.0,88598.0,87539.0,88429.0,1235.84904,-1.20153e-05,-0.0005961228,0.0060684271685065,-0.120153
2026-01-21 19:00:00+00:00,88429.0,90400.0,88234.0,90312.0,6441.18993,-2.5832e-06,-0.0005206656,0.0210703718150515,-0.025832
2026-01-21 20:00:00+00:00,90312.0,90337.0,89411.0,90145.0,3354.06515,-1.0094e-06,-0.0005080755,-0.0018508569650822,-0.010094
2026-01-21 21:00:00+00:00,90145.0,90300.0,89899.0,90207.0,1564.01451,1.17391e-05,-0.0004060869,0.0006875443847849,0.117391
2026-01-21 22:00:00+00:00,90207.0,90344.0,89706.0,89721.0,983.10159,-1.1509e-06,-0.0005092073,-0.0054021740021622,-0.011509
2026-01-21 23:00:00+00:00,89721.0,90178.0,89293.0,89401.0,1861.62701,-6.1651e-06,-0.0005493212,-0.0035729875775505,-0.061651
2026-01-22 00:00:00+00:00,89400.0,89978.0,89393.0,89860.0,703.31899,-7.1632e-06,-0.0005573057,0.0051210358427779,-0.071632
2026-01-22 01:00:00+00:00,89860.0,90156.0,89766.0,90061.0,492.0897,8.266e-07,-0.0004933872,0.0022343148784046,0.0082659999999999
2026-01-22 02:00:00+00:00,90061.0,90312.0,89797.0,89889.0,498.85785,-6.3379e-06,-0.0005507032,-0.0019116427049671,-0.063379
2026-01-22 03:00:00+00:00,89889.0,90120.0,89646.0,89842.0,818.05796,-1.1543e-06,-0.0005092341,-0.0005230038343006,-0.011543
2026-01-22 04:00:00+00:00,89842.0,90030.0,89769.0,89943.0,234.94129,-6.6586e-06,-0.0005532688,0.0011235643755059,-0.066586
2026-01-22 05:00:00+00:00,89943.0,90023.0,89874.0,89976.0,541.09467,-3.5447e-06,-0.0005283576,0.0003668317450636,-0.035447
2026-01-22 06:00:00+00:00,89977.0,90167.0,89842.0,90136.0,568.61184,-1.8197e-06,-0.0005145578,0.0017766727601442,-0.0181969999999999
2026-01-22 07:00:00+00:00,90136.0,90149.0,89728.0,89764.0,531.97882,3.1321e-06,-0.0004749433,-0.0041356368005347,0.031321
2026-01-22 08:00:00+00:00,89764.0,89919.0,89708.0,89878.0,637.22702,-1.065e-06,-0.0005085196,0.0012691911168106,-0.01065
2026-01-22 09:00:00+00:00,89879.0,90086.0,89850.0,89978.0,270.52725,-2.7399e-06,-0.000521919,0.0011120008262671,-0.027399
2026-01-22 10:00:00+00:00,89979.0,90061.0,89913.0,90033.0,199.01909,4.5173e-06,-0.0004638612,0.0006110737867293,0.045173
2026-01-22 11:00:00+00:00,90033.0,90126.0,89852.0,89897.0,333.15008,6.2815e-06,-0.0004497477,-0.0015116992819354,0.062815
2026-01-22 12:00:00+00:00,89897.0,90055.0,89828.0,89979.0,186.04902,4.0653e-06,-0.0004674779,0.0009117392612725,0.040653
2026-01-22 13:00:00+00:00,89978.0,90300.0,89424.0,89551.0,1723.62844,2.5527e-06,-0.0004795785,-0.0047680143802629,0.025527
2026-01-22 14:00:00+00:00,89552.0,89679.0,89000.0,89059.0,2511.85024,1.2142e-06,-0.0004902862,-0.0055092239450519,0.012142
2026-01-22 15:00:00+00:00,89060.0,89420.0,88445.0,88956.0,2893.98233,-1.0713e-06,-0.0005085701,-0.0011572059825762,-0.010713
2026-01-22 16:00:00+00:00,88957.0,89231.0,88631.0,89033.0,2740.41649,1.4261e-06,-0.0004885916,0.0008652220620776,0.014261
2026-01-22 17:00:00+00:00,89032.0,89593.0,88992.0,89513.0,1340.95012,6.0027e-06,-0.0004519787,0.0053767786048342,0.060027
2026-01-22 18:00:00+00:00,89514.0,89770.0,89271.0,89309.0,1256.19494,1.25e-05,-0.0003580393,-0.0022815994508151,0.125
2026-01-22 19:00:00+00:00,89308.0,89917.0,89067.0,89738.0,2309.42571,1.25e-05,-0.0002823521,0.0047920470150572,0.125
2026-01-22 20:00:00+00:00,89737.0,89900.0,89350.0,89362.0,943.61425,1.25e-05,-0.000308624,-0.0041987778045583,0.125
2026-01-22 21:00:00+00:00,89362.0,89634.0,89175.0,89201.0,1540.8176,2.9029e-06,-0.0004767771,-0.0018032856037234,0.029029
2026-01-22 22:00:00+00:00,89202.0,89497.0,89081.0,89284.0,2468.82648,-1.1276e-06,-0.0005090205,0.0009300502113104,-0.011276
2026-01-22 23:00:00+00:00,89284.0,89532.0,89092.0,89500.0,861.90302,-2.98691e-05,-0.0007389531,0.0024163247840438,-0.298691
2026-01-23 00:00:00+00:00,89500.0,89584.0,89390.0,89458.0,377.87477,-2.05783e-05,-0.0006646264,-0.0004693838863993,-0.205783
2026-01-23 01:00:00+00:00,89459.0,89892.0,89459.0,89891.0,687.18328,-1.77206e-05,-0.0006417646,0.0048285838369949,-0.177206
2026-01-23 02:00:00+00:00,89891.0,89918.0,89594.0,89616.0,415.60194,-1.35495e-05,-0.0006083959,-0.0030639497639287,-0.135495
2026-01-23 03:00:00+00:00,89616.0,89878.0,89590.0,89878.0,898.309,-1.11454e-05,-0.0005891634,0.002919319710664,-0.111454
2026-01-23 04:00:00+00:00,89878.0,90035.0,89828.0,89921.0,395.20571,-9.4639e-06,-0.0005757116,0.0004783119018437,-0.0946389999999999
2026-01-23 05:00:00+00:00,89921.0,89921.0,89407.0,89550.0,1322.95793,-1.20059e-05,-0.0005960475,-0.0041343785732636,-0.120059
2026-01-23 06:00:00+00:00,89550.0,89766.0,89351.0,89454.0,1206.80047,-1.30646e-05,-0.0006045166,-0.0010726018324036,-0.130646
2026-01-23 07:00:00+00:00,89454.0,89635.0,89389.0,89490.0,584.82697,-6.0494e-06,-0.0005483955,0.0004023605204497,-0.060494
2026-01-23 08:00:00+00:00,89490.0,89575.0,89074.0,89171.0,1407.55307,-1.54881e-05,-0.0006239049,-0.003571012576825,-0.154881
2026-01-23 09:00:00+00:00,89170.0,89345.0,88818.0,88918.0,1355.94276,-1.10074e-05,-0.000588059,-0.0028412779026528,-0.110074
2026-01-23 10:00:00+00:00,88919.0,89105.0,88809.0,88994.0,802.94819,-1.34951e-05,-0.0006079607,0.0008543550139713,-0.134951
2026-01-23 11:00:00+00:00,88995.0,89312.0,88951.0,89160.0,442.21377,-9.1655e-06,-0.000573324,0.0018635567884079,-0.091655
2026-01-23 12:00:00+00:00,89160.0,89330.0,89044.0,89227.0,470.61911,1.9514e-06,-0.0004843886,0.000751175849703,0.019514
2026-01-23 13:00:00+00:00,89227.0,89409.0,89191.0,89292.0,378.39126,-1.744e-07,-0.0005013949,0.0007282138357535,-0.001744
2026-01-23 14:00:00+00:00,89293.0,89671.0,88582.0,88946.0,4199.09212,-1.8252e-06,-0.0005146016,-0.0038824541861747,-0.0182519999999999
2026-01-23 15:00:00+00:00,88946.0,89818.0,88510.0,89706.0,2556.87582,-1.28511e-05,-0.0006028084,0.0085082124428961,-0.128511
2026-01-23 16:00:00+00:00,89706.0,90444.0,89434.0,90065.0,2650.69089,-7.3694e-06,-0.0005589551,0.003993975415676,-0.073694
2026-01-23 17:00:00+00:00,90065.0,91206.0,89916.0,90566.0,4323.99576,-9.8383e-06,-0.0005787063,0.0055472348015852,-0.098383
2026-01-23 18:00:00+00:00,90567.0,90979.0,90442.0,90484.0,1685.37966,-2.276e-06,-0.0005182079,-0.0009058271815178,-0.02276
2026-01-23 19:00:00+00:00,90484.0,90484.0,89554.0,89935.0,2880.84237,1.7668e-06,-0.0004858656,-0.006085852315655,0.017668
2026-01-23 20:00:00+00:00,89934.0,90116.0,89159.0,89439.0,2021.33955,2.7068e-06,-0.0004783458,-0.0055303585154346,0.027068
2026-01-23 21:00:00+00:00,89440.0,89645.0,89259.0,89299.0,396.40751,-1.2559e-06,-0.000510047,-0.0015665390530331,-0.0125589999999999
2026-01-23 22:00:00+00:00,89298.0,89716.0,89280.0,89576.0,924.54419,-7.8186e-06,-0.0005625487,0.0030971373464295,-0.078186
2026-01-23 23:00:00+00:00,89575.0,89588.0,89414.0,89552.0,438.18463,-2.0339e-06,-0.0005162711,-0.000267964808892,-0.020339
2026-01-24 00:00:00+00:00,89552.0,89580.0,89369.0,89414.0,258.60564,-8.2983e-06,-0.0005663867,-0.0015421926773925,-0.082983
2026-01-24 01:00:00+00:00,89414.0,89555.0,89404.0,89506.0,244.90432,-7.616e-07,-0.0005060931,0.0010283926683231,-0.007616
2026-01-24 02:00:00+00:00,89506.0,89668.0,89505.0,89658.0,125.18859,8.935e-07,-0.0004928517,0.0016967698473764,0.008935
2026-01-24 03:00:00+00:00,89659.0,89883.0,89624.0,89719.0,243.11979,4.9582e-06,-0.0004603346,0.0006801318156893,0.049582
2026-01-24 04:00:00+00:00,89719.0,89812.0,89669.0,89791.0,118.1433,3.08e-08,-0.0004997538,0.0008021837653722,0.000308
2026-01-24 05:00:00+00:00,89791.0,89808.0,89701.0,89729.0,54.37253,-2.0843e-06,-0.0005166744,-0.0006907308652525,-0.020843
2026-01-24 06:00:00+00:00,89729.0,89751.0,89598.0,89601.0,293.76569,1.9596e-06,-0.0004843235,-0.0014275360702298,0.019596
2026-01-24 07:00:00+00:00,89601.0,89652.0,89527.0,89584.0,103.09069,-2.0512e-06,-0.0005164094,-0.0001897480263526,-0.020512
2026-01-24 08:00:00+00:00,89584.0,89647.0,89541.0,89622.0,100.02867,1.802e-07,-0.0004985582,0.0004240929496728,0.001802
2026-01-24 09:00:00+00:00,89623.0,89623.0,89550.0,89566.0,92.50595,4.6393e-06,-0.0004628855,-0.0006250418758305,0.046393
2026-01-24 10:00:00+00:00,89565.0,89607.0,89539.0,89589.0,75.83457,6.406e-07,-0.0004948753,0.0002567609067719,0.0064059999999999
2026-01-24 11:00:00+00:00,89589.0,89635.0,89559.0,89559.0,183.41675,6.7377e-06,-0.0004460986,-0.0003349186179072,0.0673769999999999
2026-01-24 12:00:00+00:00,89560.0,89560.0,89444.0,89495.0,151.41937,9.8175e-06,-0.0004214598,-0.0007148681707811,0.098175
2026-01-24 13:00:00+00:00,89495.0,89511.0,89317.0,89330.0,94.68896,1.03309e-05,-0.0004173527,-0.0018453800847154,0.103309
2026-01-24 14:00:00+00:00,89330.0,89471.0,89143.0,89404.0,240.30441,2.7698e-06,-0.0004778413,0.0008280461941012,0.027698
2026-01-24 15:00:00+00:00,89404.0,89450.0,89210.0,89222.0,197.68036,-7.786e-07,-0.0005062289,-0.0020377779604331,-0.007786
2026-01-24 16:00:00+00:00,89222.0,89315.0,89115.0,89240.0,416.81381,-3.3649e-06,-0.0005269191,0.000201723616916,-0.033649
2026-01-24 17:00:00+00:00,89240.0,89374.0,89214.0,89359.0,346.3185,-1.28115e-05,-0.0006024919,0.0013325944446508,-0.1281149999999999
2026-01-24 18:00:00+00:00,89364.0,89411.0,89329.0,89346.0,161.09106,-7.3085e-06,-0.0005584681,-0.0001454911728595,-0.073085
2026-01-24 19:00:00+00:00,89347.0,89347.0,89217.0,89275.0,215.78931,-5.639e-06,-0.0005451117,-0.0007949793556108,-0.0563899999999999
2026-01-24 20:00:00+00:00,89275.0,89353.0,89275.0,89335.0,76.61312,-1.73413e-05,-0.0006387302,0.0006718549046184,-0.1734129999999999
2026-01-24 21:00:00+00:00,89335.0,89335.0,89226.0,89331.0,88.22942,-7.9062e-06,-0.0005632494,-4.477628648618408e-05,-0.079062
2026-01-24 22:00:00+00:00,89331.0,89447.0,89260.0,89381.0,204.41369,-1.12714e-05,-0.0005901709,0.00055955952935,-0.112714
2026-01-24 23:00:00+00:00,89381.0,89434.0,89154.0,89171.0,192.0036,-5.3917e-06,-0.000543134,-0.0023522570100527,-0.053917
2026-01-25 00:00:00+00:00,89172.0,89268.0,89124.0,89268.0,139.57371,-8.0597e-06,-0.0005644779,0.0010872063792629,-0.080597
2026-01-25 01:00:00+00:00,89268.0,89278.0,89057.0,89132.0,144.99087,-3.4454e-06,-0.0005275633,-0.0015246639724827,-0.034454
2026-01-25 02:00:00+00:00,89132.0,89222.0,89100.0,89100.0,140.2548,-2.5412e-06,-0.0005203296,-0.0003590825479581,-0.025412
2026-01-25 03:00:00+00:00,89101.0,89135.0,88780.0,88913.0,761.80586,1.7392e-06,-0.0004860864,-0.0021009709266857,0.017392
2026-01-25 04:00:00+00:00,88914.0,89045.0,88900.0,88974.0,113.49855,-5.6269e-06,-0.0005450151,0.0006858286709091,-0.056269
2026-01-25 05:00:00+00:00,88974.0,89010.0,88824.0,88958.0,186.43192,3.194e-06,-0.0004744483,-0.0001798439858274,0.0319399999999999
2026-01-25 06:00:00+00:00,88958.0,88958.0,88609.0,88803.0,563.86637,1.5685e-06,-0.0004874519,-0.0017439150239104,0.015685
2026-01-25 07:00:00+00:00,88802.0,88802.0,88600.0,88615.0,301.95595,-6.5226e-06,-0.000552181,-0.0021192897041459,-0.065226
2026-01-25 08:00:00+00:00,88616.0,88720.0,88069.0,88272.0,1096.47002,7.34e-08,-0.0004994131,-0.003878186977028,0.000734
2026-01-25 09:00:00+00:00,88272.0,88454.0,88200.0,88365.0,548.18851,2.592e-06,-0.0004792642,0.0010530071116853,0.02592
2026-01-25 10:00:00+00:00,88366.0,88639.0,88366.0,88616.0,197.3988,8.5815e-06,-0.0004313478,0.0028364645728713,0.085815
2026-01-25 11:00:00+00:00,88616.0,88668.0,88496.0,88525.0,237.78687,9.8049e-06,-0.0004215607,-0.0010274302166643,0.098049
2026-01-25 12:00:00+00:00,88525.0,88780.0,88405.0,88771.0,623.35664,5.4194e-06,-0.0004566449,0.0027750220858373,0.054194
2026-01-25 13:00:00+00:00,88772.0,88964.0,88620.0,88893.0,710.22818,1.25e-05,-0.0003844579,0.0013733791784048,0.125
2026-01-25 14:00:00+00:00,88894.0,88908.0,88575.0,88672.0,1007.97573,1.25e-05,-0.0003329044,-0.0024892305816417,0.125
2026-01-25 15:00:00+00:00,88672.0,88725.0,88352.0,88417.0,261.05741,1.25e-05,-0.0003892919,-0.0028799098334164,0.125
2026-01-25 16:00:00+00:00,88418.0,88418.0,87513.0,88052.0,3666.53586,8.1445e-06,-0.0004348442,-0.0041367097960666,0.081445
2026-01-25 17:00:00+00:00,88053.0,88072.0,87718.0,87851.0,2825.07316,6.6521e-06,-0.0004467831,-0.0022853514434934,0.066521
2026-01-25 18:00:00+00:00,87852.0,87947.0,86821.0,87390.0,3851.31458,4.8001e-06,-0.0004615996,-0.0052613379681384,0.048001
2026-01-25 19:00:00+00:00,87391.0,87478.0,86117.0,86449.0,4773.99375,8.8253e-06,-0.0004293979,-0.0108262149570444,0.088253
2026-01-25 20:00:00+00:00,86450.0,86671.0,86203.0,86630.0,1847.88393,1.25e-05,-0.0003994714,0.0020915312196404,0.125
2026-01-25 21:00:00+00:00,86630.0,86965.0,86363.0,86543.0,2243.05977,1.25e-05,-0.0003947301,-0.0010047756557824,0.125
2026-01-25 22:00:00+00:00,86544.0,86660.0,86200.0,86499.0,1493.81278,1.25e-05,-0.0003487383,-0.0005085470688997,0.125
2026-01-25 23:00:00+00:00,86499.0,86791.0,86051.0,86637.0,2971.7675,1.25e-05,-0.0003258201,0.0015941228770922,0.125
2026-01-26 00:00:00+00:00,86638.0,87159.0,86469.0,86821.0,1667.14087,1.25e-05,-0.000232593,0.0021215518340469,0.125
2026-01-26 01:00:00+00:00,86822.0,87788.0,86784.0,87654.0,2778.78916,1.25e-05,-0.0003169011,0.0095487184899262,0.125
2026-01-26 02:00:00+00:00,87659.0,87921.0,87399.0,87517.0,1143.4786,1.25e-05,-0.000369312,-0.0015641861716027,0.125
2026-01-26 03:00:00+00:00,87517.0,87649.0,87041.0,87235.0,668.85717,5.5348e-06,-0.0004557212,-0.0032274336749641,0.055348
2026-01-26 04:00:00+00:00,87236.0,87903.0,87204.0,87706.0,755.48982,1.3933e-06,-0.0004888536,0.0053846855573807,0.013933
2026-01-26 05:00:00+00:00,87706.0,87903.0,87639.0,87772.0,346.5528,6.4133e-06,-0.0004486934,0.0007522310843772,0.064133
2026-01-26 06:00:00+00:00,87773.0,88000.0,87717.0,87901.0,406.39767,4.957e-06,-0.0004603441,0.0014686380170732,0.04957
2026-01-26 07:00:00+00:00,87902.0,88033.0,87666.0,87961.0,446.58766,7.831e-07,-0.0004937353,0.0006823532352416,0.007831
2026-01-26 08:00:00+00:00,87962.0,88369.0,87801.0,87953.0,1490.53085,7.5441e-06,-0.0004396475,-9.095353417596194e-05,0.075441
2026-01-26 09:00:00+00:00,87953.0,87969.0,87560.0,87634.0,809.41181,1.25e-05,-0.0003665464,-0.0036335303976664,0.125
2026-01-26 10:00:00+00:00,87634.0,87919.0,87627.0,87858.0,268.35616,1.20464e-05,-0.0004036288,0.0025528243070796,0.120464
2026-01-26 11:00:00+00:00,87858.0,87949.0,87719.0,87804.0,560.66079,1.12161e-05,-0.0004102708,-0.0006148171112818,0.112161
2026-01-26 12:00:00+00:00,87804.0,87939.0,87696.0,87768.0,662.50443,1.18915e-05,-0.0004048682,-0.0004100881747034,0.1189149999999999
2026-01-26 13:00:00+00:00,87769.0,88012.0,87641.0,87911.0,922.92144,7.473e-06,-0.0004402158,0.0016279695533622,0.07473
2026-01-26 14:00:00+00:00,87912.0,88500.0,87400.0,88157.0,2937.30872,5.9619e-06,-0.0004523047,0.0027943767189388,0.059619
2026-01-26 15:00:00+00:00,88157.0,88840.0,87264.0,87602.0,6367.514,1.25e-05,-0.0003926012,-0.0063154870555413,0.125
2026-01-26 16:00:00+00:00,87603.0,87913.0,87135.0,87556.0,1875.26645,1.25e-05,-0.0003233432,-0.0005252400810414,0.125
2026-01-26 17:00:00+00:00,87557.0,87731.0,86946.0,87649.0,1480.10344,1.1485e-06,-0.0004908119,0.0010616136381316,0.011485
2026-01-26 18:00:00+00:00,87650.0,88375.0,87612.0,88365.0,1554.0849,-3.8121e-06,-0.0005304969,0.0081357613527204,-0.038121
2026-01-26 19:00:00+00:00,88365.0,88512.0,87904.0,87968.0,1261.40808,5.915e-07,-0.0004952683,-0.0045028516589251,0.005915
2026-01-26 20:00:00+00:00,87967.0,88087.0,87507.0,87584.0,608.92268,-2.275e-06,-0.0005181999,-0.0043747791245666,-0.02275
2026-01-26 21:00:00+00:00,87584.0,88205.0,87529.0,88017.0,568.31905,2.5877e-06,-0.0004792986,0.0049316447809151,0.0258769999999999
2026-01-26 22:00:00+00:00,88022.0,88221.0,87964.0,88091.0,546.36938,4.7135e-06,-0.0004622918,0.0008403934444235,0.0471349999999999
2026-01-26 23:00:00+00:00,88092.0,88651.0,87959.0,88299.0,2387.69691,-9.065e-07,-0.000507252,0.0023584114338658,-0.009065
2026-01-27 00:00:00+00:00,88299.0,88419.0,88158.0,88313.0,876.35726,1.25e-05,-0.000384375,0.0001585396239136,0.125
2026-01-27 01:00:00+00:00,88313.0,88676.0,88146.0,88524.0,726.29473,3.2064e-06,-0.0004743488,0.0023863795487786,0.032064
2026-01-27 02:00:00+00:00,88524.0,88819.0,88523.0,88785.0,599.86673,9.3591e-06,-0.0004251271,0.0029440151206325,0.093591
2026-01-27 03:00:00+00:00,88786.0,88873.0,88555.0,88751.0,433.56215,1.25e-05,-0.000371628,-0.000383020913118,0.125
2026-01-27 04:00:00+00:00,88750.0,88977.0,88468.0,88542.0,492.73489,1.0995e-05,-0.0004120397,-0.0023576801883125,0.10995
2026-01-27 05:00:00+00:00,88542.0,88550.0,88361.0,88422.0,280.83384,1.02996e-05,-0.0004176033,-0.0013562082501865,0.102996
2026-01-27 06:00:00+00:00,88422.0,88489.0,88241.0,88290.0,246.66192,1.25e-05,-0.0003922134,-0.0014939565456897,0.125
2026-01-27 07:00:00+00:00,88289.0,88527.0,88289.0,88290.0,151.51638,1.14988e-05,-0.0004080096,0.0,0.114988
2026-01-27 08:00:00+00:00,88290.0,88360.0,88074.0,88136.0,286.37794,1.25e-05,-0.0003451278,-0.0017457748757273,0.125
2026-01-27 09:00:00+00:00,88137.0,88137.0,87818.0,87851.0,1026.44746,1.02269e-05,-0.0004181851,-0.0032388784301724,0.102269
2026-01-27 10:00:00+00:00,87850.0,88015.0,87718.0,87743.0,383.33228,8.3385e-06,-0.0004332917,-0.0012301105233498,0.083385
2026-01-27 11:00:00+00:00,87743.0,88061.0,87692.0,87955.0,402.54704,1.05006e-05,-0.0004159953,0.0024132329666271,0.105006
2026-01-27 12:00:00+00:00,87955.0,88132.0,87906.0,87943.0,271.23852,1.25e-05,-0.0003788279,-0.0001364427113283,0.125
2026-01-27 13:00:00+00:00,87944.0,88034.0,87753.0,87940.0,393.84038,9.5871e-06,-0.0004233032,-3.411358687644594e-05,0.095871
2026-01-27 14:00:00+00:00,87940.0,88418.0,87619.0,87702.0,1559.67113,8.003e-06,-0.0004359757,-0.0027100596174534,0.0800299999999999
2026-01-27 15:00:00+00:00,87703.0,88165.0,87527.0,88006.0,1595.99071,1.25e-05,-0.0003989287,0.0034602898369031,0.125
2026-01-27 16:00:00+00:00,88007.0,88780.0,87972.0,88602.0,2478.18783,1.10974e-05,-0.0004112211,0.006749436747578,0.110974
2026-01-27 17:00:00+00:00,88601.0,88651.0,87256.0,87514.0,3157.98768,1.25e-05,-0.0003960212,-0.0123556501547579,0.125
2026-01-27 18:00:00+00:00,87514.0,88465.0,87411.0,88247.0,1414.80834,6.2818e-06,-0.0004497457,0.008340920336374,0.062818
2026-01-27 19:00:00+00:00,88248.0,88509.0,88009.0,88372.0,534.24591,1.25e-05,-0.0003867956,0.0014154764874737,0.125
2026-01-27 20:00:00+00:00,88373.0,89495.0,88351.0,89367.0,3663.88091,1.17642e-05,-0.0004058867,0.0111963091295764,0.117642
2026-01-27 21:00:00+00:00,89368.0,89499.0,88965.0,89039.0,957.03985,1.25e-05,-0.0003776989,-0.0036770105215933,0.125
2026-01-27 22:00:00+00:00,89040.0,89418.0,88969.0,89216.0,789.60011,1.25e-05,-0.0003729553,0.0019859197012389,0.125
2026-01-27 23:00:00+00:00,89217.0,89494.0,89123.0,89215.0,643.82248,1.25e-05,-0.000363419,-1.1208814611917889e-05,0.125
2026-01-28 00:00:00+00:00,89216.0,89435.0,89104.0,89428.0,567.86783,1.25e-05,-0.0003113705,0.0023846453646205,0.125
2026-01-28 01:00:00+00:00,89429.0,89469.0,89150.0,89380.0,765.82515,1.25e-05,-0.0003795222,-0.0005368887427072,0.125
2026-01-28 02:00:00+00:00,89381.0,89426.0,89056.0,89254.0,689.91191,1.25e-05,-0.0003580412,-0.0014107059226793,0.125
2026-01-28 03:00:00+00:00,89253.0,89276.0,88958.0,89093.0,397.40502,1.25e-05,-0.0003663665,-0.0018054696040256,0.125
2026-01-28 04:00:00+00:00,89092.0,89121.0,88801.0,88944.0,676.74993,1.23754e-05,-0.0004009967,-0.0016738097674866,0.123754
2026-01-28 05:00:00+00:00,88944.0,89086.0,88812.0,89061.0,405.91731,1.25e-05,-0.0003893956,0.0013145700047629,0.125
2026-01-28 06:00:00+00:00,89061.0,89374.0,89061.0,89293.0,655.13968,1.18999e-05,-0.0004048006,0.0026015691361125,0.118999
2026-01-28 07:00:00+00:00,89293.0,89332.0,89067.0,89110.0,401.91255,1.25e-05,-0.0002678411,-0.0020515357273607,0.125
2026-01-28 08:00:00+00:00,89110.0,89248.0,88854.0,88899.0,291.44464,1.25e-05,-0.0002391563,-0.0023706677619612,0.125
2026-01-28 09:00:00+00:00,88899.0,89553.0,88836.0,89552.0,1534.14885,1.25e-05,-0.0002952944,0.0073185682863364,0.125
2026-01-28 10:00:00+00:00,89552.0,89702.0,89301.0,89400.0,1864.39989,1.25e-05,-0.0002110546,-0.0016987799695352,0.125
2026-01-28 11:00:00+00:00,89399.0,90150.0,89302.0,90071.0,3712.60343,1.25e-05,-9.99641e-05,0.0074775660304031,0.125
2026-01-28 12:00:00+00:00,90070.0,90150.0,89764.0,89979.0,1413.05978,1.25e-05,-0.0001266102,-0.0010219384393973,0.125
2026-01-28 13:00:00+00:00,89980.0,90497.0,89956.0,90238.0,2619.00803,1.25e-05,-0.0001267136,0.0028743146131015,0.125
2026-01-28 14:00:00+00:00,90237.0,90245.0,89402.0,89584.0,2599.65745,1.25e-05,-0.0001462571,-0.0072738917770383,0.125
2026-01-28 15:00:00+00:00,89583.0,89822.0,88793.0,89446.0,4782.68754,1.25e-05,-0.0003101666,-0.0015416413710726,0.125
2026-01-28 16:00:00+00:00,89445.0,89811.0,89202.0,89599.0,1810.10928,1.25e-05,-0.0003832269,0.001709067968853,0.125
2026-01-28 17:00:00+00:00,89599.0,90587.0,89235.0,90138.0,3439.6851,9.4909e-06,-0.000424073,0.0059976701040237,0.094909
2026-01-28 18:00:00+00:00,90137.0,90156.0,89314.0,89506.0,2076.41172,1.25e-05,-0.0003760928,-0.0070361671684071,0.125
2026-01-28 19:00:00+00:00,89506.0,89702.0,88960.0,89370.0,2734.9012,1.25e-05,-0.000299122,-0.0015206067466338,0.125
2026-01-28 20:00:00+00:00,89369.0,89874.0,88946.0,89075.0,1284.94628,1.09308e-05,-0.0004125538,-0.0033063439014008,0.109308
2026-01-28 21:00:00+00:00,89081.0,89486.0,88811.0,89377.0,2537.41475,8.6779e-06,-0.0004305767,0.0033846668942742,0.086779
2026-01-28 22:00:00+00:00,89378.0,89451.0,89096.0,89357.0,772.70657,1.25e-05,-0.0003904013,-0.0002237962568227,0.125
2026-01-28 23:00:00+00:00,89357.0,89441.0,89185.0,89276.0,414.80279,1.25e-05,-0.0003584211,-0.0009068873674125,0.125
2026-01-29 00:00:00+00:00,89276.0,89316.0,88841.0,89100.0,1393.7693,1.25e-05,-0.0003151632,-0.0019733602851751,0.125
2026-01-29 01:00:00+00:00,89100.0,89128.0,88483.0,88555.0,2749.32196,4.221e-06,-0.0004662317,-0.0061355065681681,0.04221
2026-01-29 02:00:00+00:00,88556.0,88720.0,87647.0,87860.0,4628.2102,3.5539e-06,-0.0004715689,-0.007879189360962,0.035539
2026-01-29 03:00:00+00:00,87860.0,88288.0,87732.0,88019.0,4835.22388,5.6788e-06,-0.0004545693,0.0018080617164687,0.056788
2026-01-29 04:00:00+00:00,88019.0,88320.0,87866.0,88286.0,737.47432,1.25e-05,-0.0003826219,0.0030288443789931,0.125
2026-01-29 05:00:00+00:00,88286.0,88384.0,88116.0,88156.0,516.96996,1.25e-05,-0.0003810113,-0.0014735723186505,0.125
2026-01-29 06:00:00+00:00,88157.0,88322.0,88144.0,88298.0,337.84703,1.25e-05,-0.0003311663,0.0016094849723278,0.125
2026-01-29 07:00:00+00:00,88298.0,88411.0,88220.0,88327.0,2090.80756,1.25e-05,-0.0003017766,0.0003283793376996,0.125
2026-01-29 08:00:00+00:00,88326.0,88567.0,87864.0,88031.0,8055.26743,1.25e-05,-0.0002134685,-0.0033568114624622,0.125
2026-01-29 09:00:00+00:00,88030.0,88119.0,87850.0,87850.0,423.66015,1.25e-05,-0.0003345804,-0.0020582105389038,0.125
2026-01-29 10:00:00+00:00,87850.0,88001.0,87793.0,87920.0,590.13588,7.4044e-06,-0.0004407648,0.0007964954622596,0.074044
2026-01-29 11:00:00+00:00,87920.0,88028.0,87704.0,87795.0,1014.48297,1.25e-05,-0.0003652336,-0.0014227586840719,0.125
2026-01-29 12:00:00+00:00,87795.0,88103.0,87774.0,88095.0,1349.20533,8.4364e-06,-0.0004325085,0.0034112262312984,0.084364
2026-01-29 13:00:00+00:00,88094.0,88129.0,87924.0,88029.0,326.8088,1.25e-05,-0.0002688382,-0.0007494719980172,0.125
2026-01-29 14:00:00+00:00,88028.0,88054.0,86953.0,86982.0,2966.53833,1.25e-05,-0.0002346588,-0.0119651049477598,0.125
2026-01-29 15:00:00+00:00,86981.0,86995.0,84323.0,84911.0,16579.42997,1.25e-05,-0.0002560535,-0.0240975515790605,0.125
2026-01-29 16:00:00+00:00,84910.0,85444.0,84207.0,85268.0,6516.70449,1.25e-05,-0.0002600289,0.004195588453193,0.125
2026-01-29 17:00:00+00:00,85268.0,85626.0,84010.0,84252.0,8627.40245,1.25e-05,-0.0002738081,-0.0119869297478359,0.125
2026-01-29 18:00:00+00:00,84252.0,84619.0,83389.0,83452.0,5156.67375,1.25e-05,-0.0001241955,-0.0095406915554844,0.125
2026-01-29 19:00:00+00:00,83454.0,84277.0,83360.0,83995.0,3039.19099,1.25e-05,-0.0001409524,0.0064856569945499,0.125
2026-01-29 20:00:00+00:00,83996.0,84392.0,83810.0,84234.0,1506.54087,1.25e-05,-0.0001349712,0.0028413669556915,0.125
2026-01-29 21:00:00+00:00,84234.0,84649.0,84203.0,84509.0,1771.5316,1.25e-05,-3.98341e-05,0.0032593973493311,0.125
2026-01-29 22:00:00+00:00,84509.0,84618.0,84286.0,84539.0,1069.0233,1.25e-05,-5.22631e-05,0.0003549287813513,0.125
2026-01-29 23:00:00+00:00,84538.0,84720.0,84423.0,84641.0,516.57752,1.25e-05,-0.0002507379,0.0012058164364457,0.125
2026-01-30 00:00:00+00:00,84639.0,84709.0,84128.0,84154.0,1445.07352,1.25e-05,-0.0002602356,-0.0057703291127136,0.125
2026-01-30 01:00:00+00:00,84154.0,84154.0,81000.0,82426.0,8989.10963,1.25e-05,-0.0003797403,-0.0207475325466522,0.125
2026-01-30 02:00:00+00:00,82426.0,82488.0,81097.0,82121.0,4577.95824,4.5095e-06,-0.0004639239,-0.0037071517475312,0.0450949999999999
2026-01-30 03:00:00+00:00,82121.0,82707.0,82002.0,82641.0,1881.25077,-8.304e-07,-0.0005066435,0.0063121560377082,-0.008304
2026-01-30 04:00:00+00:00,82641.0,83289.0,82640.0,82899.0,1615.11055,7.86e-08,-0.0004993714,0.0031170739265094,0.000786
2026-01-30 05:00:00+00:00,82898.0,83319.0,82841.0,82850.0,2251.63911,-2.5716e-06,-0.0005205724,-0.0005912554697459,-0.025716
2026-01-30 06:00:00+00:00,82850.0,82868.0,82013.0,82554.0,1479.09297,2.4498e-06,-0.0004804014,-0.0035791191988375,0.024498
2026-01-30 07:00:00+00:00,82554.0,83057.0,82434.0,82776.0,1517.50008,-5.9905e-06,-0.0005479239,0.0026855396289149,-0.059905
2026-01-30 08:00:00+00:00,82776.0,82930.0,82392.0,82622.0,477.88908,-7.8993e-06,-0.0005631944,-0.0018621754132711,-0.078993
2026-01-30 09:00:00+00:00,82621.0,82789.0,82108.0,82317.0,756.22001,-8.71e-07,-0.0005069681,-0.0036983411763398,-0.00871
2026-01-30 10:00:00+00:00,82316.0,82854.0,82127.0,82776.0,1082.07757,-4.298e-06,-0.0005343842,0.005560516589611,-0.04298
2026-01-30 11:00:00+00:00,82777.0,83284.0,82641.0,83119.0,1602.30871,-1.3601e-06,-0.0005108806,0.0041351516171068,-0.0136009999999999
2026-01-30 12:00:00+00:00,83119.0,83322.0,82595.0,82771.0,2304.47864,-1.3901e-06,-0.0005111212,-0.0041955574233312,-0.013901
2026-01-30 13:00:00+00:00,82771.0,83051.0,82413.0,82708.0,1063.38962,8.0416e-06,-0.0004356669,-0.0007614259579014,0.0804159999999999
2026-01-30 14:00:00+00:00,82708.0,83803.0,82707.0,83053.0,4184.3068,1.25e-05,-0.0003801626,0.0041626256859468,0.125
2026-01-30 15:00:00+00:00,83053.0,83585.0,82272.0,82846.0,4848.14899,1.25e-05,-0.0003722954,-0.0024954955415564,0.125
2026-01-30 16:00:00+00:00,82845.0,83454.0,82507.0,83108.0,1467.05163,5.5748e-06,-0.0004554017,0.0031575040996255,0.055748
2026-01-30 17:00:00+00:00,83107.0,83467.0,82588.0,82909.0,3109.05363,4.4694e-06,-0.0004642444,-0.002397345998408,0.044694
2026-01-30 18:00:00+00:00,82909.0,84172.0,81829.0,83915.0,7824.05769,1.25e-05,-0.0003706147,0.0120607609760109,0.125
2026-01-30 19:00:00+00:00,83915.0,84600.0,83891.0,84216.0,3602.80964,1.25e-05,-0.00035755,0.0035805451888811,0.125
2026-01-30 20:00:00+00:00,84220.0,84290.0,83509.0,83913.0,4623.53153,1.25e-05,-0.0001674299,-0.0036043791140913,0.125
2026-01-30 21:00:00+00:00,83912.0,84500.0,83768.0,84288.0,1852.90165,1.25e-05,-0.000211751,0.0044589582858834,0.125
2026-01-30 22:00:00+00:00,84288.0,84310.0,83891.0,84214.0,1403.28565,1.25e-05,-0.0001581698,-0.0008783279101415,0.125
2026-01-30 23:00:00+00:00,84213.0,84281.0,83906.0,84241.0,928.1218,1.25e-05,-0.0002372936,0.000320560389792,0.125
2026-01-31 00:00:00+00:00,84240.0,84251.0,83980.0,84034.0,693.87786,1.25e-05,-0.0001920129,-0.0024602597463929,0.125
2026-01-31 01:00:00+00:00,84035.0,84230.0,83878.0,83970.0,770.67445,1.25e-05,-0.0002507612,-0.0007618866586015,0.125
2026-01-31 02:00:00+00:00,83969.0,84167.0,83775.0,84095.0,1127.07754,1.25e-05,-0.0003608769,0.0014875199839242,0.125
2026-01-31 03:00:00+00:00,84096.0,84202.0,83990.0,83991.0,220.96916,1.25e-05,-0.0003686937,-0.0012374619334313,0.125
2026-01-31 04:00:00+00:00,83990.0,84128.0,83896.0,83964.0,377.11015,1.25e-05,-0.0003767444,-0.0003215146942048,0.125
2026-01-31 05:00:00+00:00,83963.0,84073.0,83858.0,83963.0,322.86912,1.25e-05,-0.0003542451,-1.1909937056105088e-05,0.125
2026-01-31 06:00:00+00:00,83963.0,84014.0,83605.0,83736.0,673.05128,9.6781e-06,-0.0004225749,-0.0027072330621212,0.0967809999999999
2026-01-31 07:00:00+00:00,83736.0,83768.0,83360.0,83518.0,1811.44358,1.01474e-05,-0.0004188206,-0.0026068150651259,0.101474
2026-01-31 08:00:00+00:00,83517.0,83597.0,82521.0,83046.0,2191.70505,6.7195e-06,-0.0004462437,-0.0056675063448368,0.067195
2026-01-31 09:00:00+00:00,83046.0,83272.0,82861.0,83078.0,458.88781,1.25e-05,-0.0003720527,0.0003852543930531,0.125
2026-01-31 10:00:00+00:00,83078.0,83171.0,82894.0,83126.0,194.40105,1.25e-05,-0.0002855024,0.0005776034431722,0.125
2026-01-31 11:00:00+00:00,83126.0,83134.0,82812.0,82986.0,191.70542,1.25e-05,-0.0003727515,-0.0016856101082195,0.125
2026-01-31 12:00:00+00:00,82987.0,83121.0,82684.0,82732.0,707.13219,1.08167e-05,-0.0004134664,-0.0030654509335486,0.108167
2026-01-31 13:00:00+00:00,82732.0,82891.0,82450.0,82736.0,610.99073,1.25e-05,-0.0003794272,4.834771678857418e-05,0.125
2026-01-31 14:00:00+00:00,82737.0,82898.0,80792.0,81450.0,6254.82313,1.25e-05,-0.0003523293,-0.0156654806058114,0.125
2026-01-31 15:00:00+00:00,81450.0,81748.0,81051.0,81269.0,3621.24526,6.4638e-06,-0.0004482898,-0.0022246950221111,0.064638
2026-01-31 16:00:00+00:00,81268.0,82123.0,80039.0,80310.0,9462.7698,1.25e-05,-0.0003485965,-0.0118704938255721,0.125
2026-01-31 17:00:00+00:00,80311.0,80508.0,78095.0,78866.0,12335.9298,1.21998e-05,-0.0004024016,-0.0181439364452977,0.121998
2026-01-31 18:00:00+00:00,78866.0,79102.0,75280.0,78013.0,13750.13345,-3.8611e-06,-0.0005308885,-0.0108747302861605,-0.038611
2026-01-31 19:00:00+00:00,78008.0,78526.0,77161.0,77730.0,6084.8224,1.09358e-05,-0.0004125133,-0.0036341962267841,0.109358
2026-01-31 20:00:00+00:00,77730.0,78120.0,77058.0,77979.0,3295.99817,1.25e-05,-0.0002994271,0.0031982764291226,0.125
2026-01-31 21:00:00+00:00,77978.0,78383.0,77352.0,78292.0,3037.19766,1.25e-05,-0.0002386246,0.0040058669690264,0.125
2026-01-31 22:00:00+00:00,78292.0,78486.0,77978.0,78140.0,2234.75833,1.25e-05,-0.0001754114,-0.0019433370133528,0.125
2026-01-31 23:00:00+00:00,78139.0,79222.0,78053.0,78728.0,3016.47913,1.25e-05,-0.0001724701,0.0074967839697597,0.125
2026-02-01 00:00:00+00:00,78728.0,79417.0,78650.0,78889.0,2254.42222,1.25e-05,-0.0001651195,0.0020429275521697,0.125
2026-02-01 01:00:00+00:00,78890.0,78930.0,78290.0,78503.0,1487.14113,1.25e-05,-0.0001248603,-0.0049049605302158,0.125
2026-02-01 02:00:00+00:00,78503.0,79039.0,78357.0,78881.0,872.45729,1.25e-05,-0.0002045581,0.0048035470801701,0.125
2026-02-01 03:00:00+00:00,78881.0,78998.0,78653.0,78841.0,743.60873,1.25e-05,-0.0002292931,-0.0005072215779355,0.125
2026-02-01 04:00:00+00:00,78841.0,79116.0,78694.0,78950.0,612.43497,1.25e-05,-0.0002309245,0.0013815745807783,0.125
2026-02-01 05:00:00+00:00,78951.0,78995.0,78501.0,78586.0,736.30698,1.25e-05,-0.0002556101,-0.0046211741795616,0.125
2026-02-01 06:00:00+00:00,78586.0,78785.0,78230.0,78272.0,743.39968,1.25e-05,-0.0003249399,-0.0040036264573823,0.125
2026-02-01 07:00:00+00:00,78271.0,78682.0,77958.0,78333.0,1323.25827,1.25e-05,-0.0003348217,0.0007790300831393,0.125
2026-02-01 08:00:00+00:00,78333.0,78848.0,78211.0,78570.0,842.8344,1.25e-05,-0.0003752063,0.0030209770398836,0.125
2026-02-01 09:00:00+00:00,78570.0,79109.0,78515.0,79007.0,352.74534,1.25e-05,-0.0003808579,0.0055465089488068,0.125
2026-02-01 10:00:00+00:00,79006.0,79203.0,78106.0,78244.0,1478.75971,1.25e-05,-0.0003971574,-0.0097043069724241,0.125
2026-02-01 11:00:00+00:00,78245.0,78831.0,78245.0,78714.0,860.25653,1.25e-05,-0.0003801519,0.0059888811628353,0.125
2026-02-01 12:00:00+00:00,78713.0,78722.0,78200.0,78431.0,843.4173,1.15331e-05,-0.0004077353,-0.0036017729605275,0.115331
2026-02-01 13:00:00+00:00,78432.0,78743.0,78158.0,78275.0,841.49862,6.364e-06,-0.0004490876,-0.0019909901539512,0.06364
2026-02-01 14:00:00+00:00,78276.0,78489.0,77200.0,78164.0,7059.6396,7.215e-06,-0.0004422802,-0.0014190837147723,0.07215
2026-02-01 15:00:00+00:00,78166.0,78228.0,76768.0,77546.0,4569.22117,1.7702e-06,-0.0004858385,-0.0079378748314715,0.017702
2026-02-01 16:00:00+00:00,77546.0,77800.0,77048.0,77461.0,2359.93384,4.4877e-06,-0.0004640983,-0.0010967247739763,0.044877
2026-02-01 17:00:00+00:00,77461.0,77716.0,77272.0,77716.0,1237.19898,5.3523e-06,-0.0004571817,0.0032865724886172,0.053523
2026-02-01 18:00:00+00:00,77716.0,78404.0,77685.0,78001.0,2523.74489,1.1733e-05,-0.0004061358,0.0036604907393636,0.1173299999999999
2026-02-01 19:00:00+00:00,78001.0,78079.0,76941.0,77133.0,1357.89233,1.03155e-05,-0.0004174759,-0.0111904425592769,0.103155
2026-02-01 20:00:00+00:00,77132.0,77700.0,76568.0,77069.0,2344.12951,3.7766e-06,-0.0004697876,-0.0008300800725651,0.037766
2026-02-01 21:00:00+00:00,77068.0,77137.0,76306.0,76489.0,3243.82147,3.2314e-06,-0.0004741486,-0.0075541848444664,0.032314
2026-02-01 22:00:00+00:00,76490.0,77730.0,76418.0,77219.0,3296.98796,4.227e-06,-0.0004661843,0.0094986010953664,0.04227
2026-02-01 23:00:00+00:00,77218.0,77595.0,75620.0,76928.0,10309.56319,4.1339e-06,-0.0004669285,-0.0037756212666004,0.041339
2026-02-02 00:00:00+00:00,76928.0,78098.0,76560.0,77635.0,2824.00791,-5.1235e-06,-0.0005409882,0.0091484369604453,-0.051235
2026-02-02 01:00:00+00:00,77634.0,77907.0,76579.0,77481.0,2568.61096,2.5014e-06,-0.0004799891,-0.0019856114210961,0.0250139999999999
2026-02-02 02:00:00+00:00,77481.0,77524.0,76395.0,76454.0,2083.38627,2.2263e-06,-0.0004821897,-0.0133434922267616,0.022263
2026-02-02 03:00:00+00:00,76453.0,76532.0,74564.0,76248.0,7363.71485,-4.4058e-06,-0.0005352463,-0.0026980671499505,-0.044058
2026-02-02 04:00:00+00:00,76256.0,76573.0,75272.0,75853.0,2674.05931,-1.37156e-05,-0.000609725,-0.0051939288760643,-0.137156
2026-02-02 05:00:00+00:00,75853.0,75941.0,74856.0,75463.0,2281.93496,-4.0263e-06,-0.0005322103,-0.0051547868511461,-0.040263
2026-02-02 06:00:00+00:00,75453.0,76743.0,74892.0,76490.0,3087.67218,-8.7695e-06,-0.000570156,0.0135175434256603,-0.087695
2026-02-02 07:00:00+00:00,76491.0,76920.0,76277.0,76603.0,1671.69844,-8.1149e-06,-0.000564919,0.0014762271367239,-0.0811489999999999
2026-02-02 08:00:00+00:00,76610.0,77139.0,76575.0,76847.0,1241.19088,-9.5544e-06,-0.0005764354,0.0031801916669084,-0.0955439999999999
2026-02-02 09:00:00+00:00,76847.0,77770.0,76628.0,77658.0,1515.23349,-5.869e-06,-0.0005469517,0.0104981385509489,-0.05869
2026-02-02 10:00:00+00:00,77659.0,77811.0,77412.0,77461.0,1025.67631,-5.1016e-06,-0.0005408128,-0.0025399867961069,-0.051016
2026-02-02 11:00:00+00:00,77461.0,77925.0,77400.0,77718.0,832.59141,-1.07794e-05,-0.0005862351,0.0033123068839246,-0.107794
2026-02-02 12:00:00+00:00,77719.0,78358.0,77666.0,77953.0,964.9891,-6.193e-06,-0.0005495439,0.0030191901961448,-0.06193
2026-02-02 13:00:00+00:00,77954.0,78375.0,77755.0,78182.0,1067.03715,-3.9687e-06,-0.0005317494,0.0029333610555552,-0.039687
2026-02-02 14:00:00+00:00,78181.0,78834.0,77579.0,77796.0,4954.89173,-5.4321e-06,-0.0005434569,-0.0049494260470151,-0.054321
2026-02-02 15:00:00+00:00,77796.0,79286.0,77467.0,78784.0,5602.24149,-1.27316e-05,-0.0006018527,0.0126199145811293,-0.127316
2026-02-02 16:00:00+00:00,78785.0,79233.0,78524.0,78579.0,2170.52294,-2.06174e-05,-0.0006649394,-0.0026054423970983,-0.206174
2026-02-02 17:00:00+00:00,78579.0,79154.0,78554.0,78927.0,1001.70528,-2.47413e-05,-0.00069793,0.0044188864712454,-0.247413
2026-02-02 18:00:00+00:00,78926.0,78927.0,78299.0,78527.0,1154.23379,-2.56344e-05,-0.0007050748,-0.0050808599400995,-0.256344
2026-02-02 19:00:00+00:00,78528.0,78651.0,78227.0,78283.0,1083.54969,-1.78286e-05,-0.0006426291,-0.0031120489372517,-0.178286
2026-02-02 20:00:00+00:00,78288.0,78616.0,77859.0,77928.0,1049.91736,-2.13987e-05,-0.0006711895,-0.0045451422901295,-0.2139869999999999
2026-02-02 21:00:00+00:00,77931.0,78500.0,77865.0,78478.0,1069.06661,-2.19947e-05,-0.0006759575,0.0070330072639293,-0.219947
2026-02-02 22:00:00+00:00,78479.0,78817.0,78479.0,78764.0,732.53729,-1.04821e-05,-0.0005838571,0.0036377089503399,-0.104821
2026-02-02 23:00:00+00:00,78763.0,78913.0,78504.0,78684.0,399.90343,-9.7486e-06,-0.0005779891,-0.001016208613441,-0.097486
2026-02-03 00:00:00+00:00,78684.0,79068.0,78367.0,79028.0,652.07522,-8.0147e-06,-0.0005641175,0.0043623889816758,-0.080147
2026-02-03 01:00:00+00:00,79028.0,79154.0,78676.0,78972.0,519.04677,-1.7428e-06,-0.0005139425,-0.0007088607891762,-0.017428
2026-02-03 02:00:00+00:00,78972.0,78972.0,77731.0,77758.0,1666.55596,-1.3655e-06,-0.0005109241,-0.0154919196051768,-0.013655
2026-02-03 03:00:00+00:00,77757.0,78853.0,77596.0,78691.0,2489.55712,-5.1564e-06,-0.0005412512,0.0119273509043958,-0.051564
2026-02-03 04:00:00+00:00,78691.0,78957.0,78436.0,78757.0,967.14649,-1.3276e-05,-0.0006062082,0.0008383720830468,-0.13276
2026-02-03 05:00:00+00:00,78756.0,78757.0,78175.0,78194.0,439.87511,-1.8237e-05,-0.0006458956,-0.0071742443793101,-0.1823699999999999
2026-02-03 06:00:00+00:00,78194.0,78645.0,77886.0,78550.0,1120.59022,-1.56483e-05,-0.0006251864,0.0045424464366921,-0.156483
2026-02-03 07:00:00+00:00,78550.0,78880.0,78442.0,78743.0,939.87212,-5.7991e-06,-0.0005463925,0.0024540201643719,-0.057991
2026-02-03 08:00:00+00:00,78743.0,79042.0,78417.0,78707.0,566.56521,7.745e-07,-0.000493804,-0.000457288035914,0.0077449999999999
2026-02-03 09:00:00+00:00,78707.0,78806.0,77905.0,78356.0,1100.23099,1.5339e-06,-0.0004877286,-0.004469551508934,0.015339
2026-02-03 10:00:00+00:00,78356.0,78517.0,78028.0,78072.0,651.43406,3.84e-08,-0.0004996929,-0.0036310674819939,0.000384
2026-02-03 11:00:00+00:00,78072.0,78305.0,77957.0,78034.0,785.21143,-7.114e-07,-0.0005056913,-0.0004868486893593,-0.007114
2026-02-03 12:00:00+00:00,78035.0,78375.0,77951.0,78303.0,730.14844,-1.5443e-06,-0.0005123547,0.0034412872892326,-0.015443
2026-02-03 13:00:00+00:00,78299.0,78415.0,78151.0,78277.0,1008.08588,-1.0129e-06,-0.0005081035,-0.0003320986107927,-0.010129
2026-02-03 14:00:00+00:00,78277.0,78395.0,77126.0,77166.0,3019.26247,-7.613e-07,-0.0005060904,-0.0142948723162358,-0.007613
2026-02-03 15:00:00+00:00,77165.0,78151.0,77011.0,78095.0,4531.08359,-1.5966e-06,-0.000512773,0.0119670887976809,-0.015966
2026-02-03 16:00:00+00:00,78094.0,78107.0,76456.0,76460.0,3497.9579,-5.07e-07,-0.0005040561,-0.021158306041419,-0.00507
2026-02-03 17:00:00+00:00,76461.0,76495.0,74853.0,74866.0,5467.56076,6.2457e-06,-0.0004500341,-0.0210678793911821,0.062457
2026-02-03 18:00:00+00:00,74868.0,75269.0,73111.0,73121.0,9307.01928,1.25e-05,-0.000349792,-0.023584245675911,0.125
2026-02-03 19:00:00+00:00,73120.0,75294.0,72900.0,74897.0,12531.30036,1.25e-05,-0.0003337702,0.0239982331153019,0.125
2026-02-03 20:00:00+00:00,74898.0,76699.0,74565.0,76459.0,7139.79127,1.25e-05,-0.0002585131,0.0206408131322853,0.125
2026-02-03 21:00:00+00:00,76458.0,76918.0,76115.0,76205.0,3578.99128,1.25e-05,-0.0003754819,-0.0033275721109478,0.125
2026-02-03 22:00:00+00:00,76204.0,76273.0,75364.0,75684.0,2946.37727,1.25e-05,-0.0003395837,-0.0068602998682984,0.125
2026-02-03 23:00:00+00:00,75684.0,75983.0,75400.0,75731.0,1644.27678,1.07012e-05,-0.0004143902,0.0006208103755836,0.107012
2026-02-04 00:00:00+00:00,75732.0,76241.0,75421.0,75875.0,1204.30728,1.23536e-05,-0.000401171,0.0018996615345641,0.1235359999999999
2026-02-04 01:00:00+00:00,75874.0,76772.0,75874.0,76400.0,1447.69218,8.5792e-06,-0.0004313665,0.0068954467928124,0.085792
2026-02-04 02:00:00+00:00,76399.0,76577.0,75675.0,75926.0,1329.15205,1.25e-05,-0.000349748,-0.0062235144350698,0.125
2026-02-04 03:00:00+00:00,75927.0,76947.0,75872.0,76672.0,2418.12515,7.7661e-06,-0.0004378714,0.0097774013155244,0.077661
2026-02-04 04:00:00+00:00,76672.0,76803.0,76390.0,76447.0,631.16416,1.25e-05,-0.0003862733,-0.0029388927820248,0.125
2026-02-04 05:00:00+00:00,76447.0,76504.0,76068.0,76249.0,708.78691,1.25e-05,-0.0003693598,-0.0025933896234811,0.125
2026-02-04 06:00:00+00:00,76249.0,76756.0,76230.0,76617.0,907.93657,1.09098e-05,-0.0004127212,0.0048146835907158,0.109098
2026-02-04 07:00:00+00:00,76617.0,76628.0,76303.0,76477.0,452.71346,1.16536e-05,-0.000406771,-0.0018289422057735,0.116536
2026-02-04 08:00:00+00:00,76477.0,76564.0,76044.0,76547.0,770.37655,8.5649e-06,-0.0004314812,0.0009148892315274,0.085649
2026-02-04 09:00:00+00:00,76548.0,76565.0,75940.0,76097.0,1532.318,8.4335e-06,-0.0004325321,-0.0058960889867167,0.084335
2026-02-04 10:00:00+00:00,76098.0,76300.0,76039.0,76267.0,612.30179,1.25e-05,-0.0003983469,0.0022314991801759,0.125
2026-02-04 11:00:00+00:00,76267.0,76267.0,75639.0,76020.0,1184.96685,9.9821e-06,-0.0004201434,-0.0032438778962498,0.099821
2026-02-04 12:00:00+00:00,76020.0,76244.0,75985.0,76150.0,1217.46297,1.25e-05,-0.0003308423,0.0017086157800681,0.125
2026-02-04 13:00:00+00:00,76150.0,76159.0,74815.0,74829.0,2351.95285,1.25e-05,-0.0002812615,-0.0174995689624125,0.125
2026-02-04 14:00:00+00:00,74828.0,75746.0,74209.0,74342.0,6329.62489,1.03324e-05,-0.0004173405,-0.0065294424548087,0.103324
2026-02-04 15:00:00+00:00,74342.0,75317.0,73751.0,74092.0,8476.61167,1.25e-05,-0.0003788164,-0.0033685036634729,0.125
2026-02-04 16:00:00+00:00,74092.0,74206.0,73055.0,73618.0,5903.20553,1.25e-05,-0.0003330663,-0.0064180032094524,0.125
2026-02-04 17:00:00+00:00,73617.0,73843.0,72170.0,72547.0,8470.72407,1.25e-05,-0.000372409,-0.0146549333683518,0.125
2026-02-04 18:00:00+00:00,72546.0,74107.0,72234.0,73399.0,6419.66752,1.25e-05,-0.000379082,0.0116756838667885,0.125
2026-02-04 19:00:00+00:00,73399.0,74004.0,73012.0,73916.0,3300.16807,1.25e-05,-0.0002494966,0.0070190017657181,0.125
2026-02-04 20:00:00+00:00,73916.0,74144.0,73399.0,73492.0,1845.64596,1.25e-05,-0.0002454242,-0.0057527565576907,0.125
2026-02-04 21:00:00+00:00,73493.0,73640.0,72164.0,72780.0,2626.75905,1.25e-05,-0.0001870675,-0.0097353645734746,0.125
2026-02-04 22:00:00+00:00,72776.0,73675.0,71820.0,72534.0,4739.47677,1.25e-05,-0.0002674283,-0.0033857747361039,0.125
2026-02-04 23:00:00+00:00,72535.0,73510.0,72434.0,73147.0,2446.16899,1.25e-05,-0.0003109004,0.0084156975572648,0.125
2026-02-05 00:00:00+00:00,73139.0,73306.0,72721.0,72825.0,1858.9587,1.25e-05,-0.0002497439,-0.0044118121596765,0.125
2026-02-05 01:00:00+00:00,72827.0,73310.0,71955.0,72371.0,2701.38614,1.25e-05,-0.0003816427,-0.0062536361825908,0.125
2026-02-05 02:00:00+00:00,72377.0,72804.0,71265.0,71452.0,4629.6655,9.6567e-06,-0.0004227463,-0.0127797710762694,0.096567
2026-02-05 03:00:00+00:00,71452.0,71845.0,71121.0,71202.0,3153.24139,6.3034e-06,-0.0004495729,-0.003504987675581,0.0630339999999999
2026-02-05 04:00:00+00:00,71202.0,71410.0,70687.0,70860.0,4392.69803,1.25e-05,-0.0003352914,-0.004814808473731,0.125
2026-02-05 05:00:00+00:00,70852.0,71139.0,70114.0,70715.0,4739.51425,1.25e-05,-0.0003348436,-0.0020483849648628,0.125
2026-02-05 06:00:00+00:00,70717.0,70969.0,70443.0,70938.0,2265.4462,1.25e-05,-0.0003034633,0.0031485416365681,0.125
2026-02-05 07:00:00+00:00,70938.0,71594.0,70634.0,70725.0,2982.3603,1.25e-05,-0.0001640158,-0.0030071389214004,0.125
2026-02-05 08:00:00+00:00,70730.0,71536.0,70665.0,71042.0,1747.7413,1.25e-05,-0.000222407,0.0044721342531444,0.125
2026-02-05 09:00:00+00:00,71042.0,71956.0,71041.0,71552.0,1421.54892,1.25e-05,-0.0001734879,0.007153206651804,0.125
2026-02-05 10:00:00+00:00,71552.0,71716.0,70630.0,70842.0,1583.01249,1.25e-05,-0.0001096116,-0.0099724129395515,0.125
2026-02-05 11:00:00+00:00,70842.0,71038.0,69886.0,70298.0,4778.31464,1.25e-05,-0.0001580639,-0.0077086962432369,0.125
2026-02-05 12:00:00+00:00,70299.0,70577.0,69149.0,69555.0,8509.76233,1.25e-05,-0.0002686411,-0.0106255423982569,0.125
2026-02-05 13:00:00+00:00,69557.0,69840.0,69250.0,69680.0,3256.06565,1.25e-05,-0.0002645837,0.0017955260327134,0.125
2026-02-05 14:00:00+00:00,69680.0,70853.0,69278.0,69392.0,9502.01631,1.25e-05,-6.9595e-05,-0.0041417454512369,0.125
2026-02-05 15:00:00+00:00,69393.0,69576.0,66709.0,67465.0,24741.79738,1.25e-05,-0.000194432,-0.0281626422102597,0.125
2026-02-05 16:00:00+00:00,67465.0,68700.0,66926.0,68278.0,8369.46527,1.25e-05,-0.0002811151,0.0119786614604236,0.125
2026-02-05 17:00:00+00:00,68279.0,68341.0,66146.0,66175.0,10849.04238,1.25e-05,-0.0001319325,-0.0312848582300092,0.125
2026-02-05 18:00:00+00:00,66175.0,66527.0,65364.0,66316.0,9745.43783,1.25e-05,-0.000157534,0.0021284472640538,0.125
2026-02-05 19:00:00+00:00,66319.0,66605.0,65160.0,65235.0,7327.82915,1.25e-05,-0.0002785662,-0.0164350606595074,0.125
2026-02-05 20:00:00+00:00,65235.0,65671.0,62156.0,63725.0,26370.30242,1.25e-05,-0.0001140392,-0.0234191844555322,0.125
2026-02-05 21:00:00+00:00,63726.0,64721.0,62879.0,63216.0,13246.61,1.25e-05,-0.0003931591,-0.0080195165931442,0.125
2026-02-05 22:00:00+00:00,63216.0,64585.0,62665.0,63904.0,10301.12492,1.25e-05,-0.0003330342,0.0108245235643697,0.125
2026-02-05 23:00:00+00:00,63904.0,64888.0,62690.0,62894.0,5804.8335,1.25e-05,-9.61055e-05,-0.0159311875840324,0.125
2026-02-06 00:00:00+00:00,62894.0,63836.0,60000.0,63493.0,21271.40116,1.25e-05,-0.0002254506,0.0094788939523424,0.125
2026-02-06 01:00:00+00:00,63491.0,65730.0,63481.0,65667.0,7361.79401,2.3795e-06,-0.0004809639,0.0336668525974123,0.0237949999999999
2026-02-06 02:00:00+00:00,65668.0,65968.0,64207.0,64965.0,5954.93045,6.4565e-06,-0.0004483481,-0.0107478528644275,0.064565
2026-02-06 03:00:00+00:00,64967.0,65131.0,63730.0,64133.0,3437.80779,9.5327e-06,-0.0004237385,-0.0128896112899078,0.095327
2026-02-06 04:00:00+00:00,64131.0,64987.0,63918.0,64884.0,1356.63509,2.461e-07,-0.0004980311,0.0116420081430761,0.002461
2026-02-06 05:00:00+00:00,64883.0,66794.0,64763.0,66374.0,4004.73891,2.7544e-06,-0.0004779645,0.0227043533473717,0.027544
2026-02-06 06:00:00+00:00,66369.0,66741.0,64789.0,64935.0,3596.75405,5.3234e-06,-0.0004574129,-0.0219186439731863,0.053234
2026-02-06 07:00:00+00:00,64935.0,65499.0,64612.0,64794.0,3349.16438,-1.25776e-05,-0.0006006211,-0.0021737630833759,-0.125776
2026-02-06 08:00:00+00:00,64794.0,65181.0,64468.0,64859.0,1521.51883,1.0634e-06,-0.0004914931,0.001002676458635,0.010634
2026-02-06 09:00:00+00:00,64860.0,66123.0,64720.0,65760.0,2509.06733,-7.7625e-06,-0.0005620999,0.0137960678106117,-0.077625
2026-02-06 10:00:00+00:00,65761.0,66176.0,65509.0,65923.0,2335.46929,4.105e-07,-0.0004967163,0.0024756435264943,0.004105
2026-02-06 11:00:00+00:00,65921.0,66703.0,65713.0,66589.0,1673.49703,-1.17338e-05,-0.00059387,0.0100520044654916,-0.117338
2026-02-06 12:00:00+00:00,66590.0,66590.0,66076.0,66526.0,1352.74825,-6.4255e-06,-0.0005514039,-0.0009465500462573,-0.0642549999999999
2026-02-06 13:00:00+00:00,66525.0,67642.0,66438.0,67274.0,3709.74123,-3.0178e-06,-0.0005241423,0.0111809834461504,-0.030178
2026-02-06 14:00:00+00:00,67274.0,68612.0,66600.0,68124.0,8642.818,3.1771e-06,-0.0004745829,0.0125557418367861,0.031771
2026-02-06 15:00:00+00:00,68146.0,69111.0,67748.0,68544.0,9219.85516,-6.8101e-06,-0.0005544806,0.006146300848694,-0.068101
2026-02-06 16:00:00+00:00,68544.0,70170.0,68356.0,69907.0,7588.40196,-3.10356e-05,-0.0007482849,0.0196899124620157,-0.3103559999999999
2026-02-06 17:00:00+00:00,69907.0,71448.0,69489.0,70701.0,8668.47844,-4.98358e-05,-0.0008986867,0.0112939297867684,-0.498358
2026-02-06 18:00:00+00:00,70701.0,70751.0,69274.0,69705.0,5782.16356,-3.88053e-05,-0.0008104425,-0.0141876658690164,-0.388053
2026-02-06 19:00:00+00:00,69706.0,70860.0,69584.0,70680.0,2845.96721,-4.52321e-05,-0.0008618565,0.0138905962464443,-0.452321
2026-02-06 20:00:00+00:00,70678.0,70901.0,69913.0,69913.0,4088.28092,-4.28544e-05,-0.0008428352,-0.0109110355324742,-0.428544
2026-02-06 21:00:00+00:00,69914.0,70425.0,69755.0,70294.0,1460.96063,-6.93858e-05,-0.0010550867,0.0054348347488056,-0.693858
2026-02-06 22:00:00+00:00,70293.0,71521.0,70213.0,71308.0,3311.38615,-6.38099e-05,-0.0010104789,0.0143220764217879,-0.638099
2026-02-06 23:00:00+00:00,71308.0,71684.0,70433.0,70516.0,3089.60522,-4.09391e-05,-0.0008275126,-0.0111688886661181,-0.409391
2026-02-07 00:00:00+00:00,70516.0,70550.0,69658.0,69900.0,2215.6257,-3.53026e-05,-0.0007824207,-0.0087739851837324,-0.353026
2026-02-07 01:00:00+00:00,69899.0,70631.0,69700.0,70429.0,1068.17206,-3.02863e-05,-0.0007422906,0.0075394609217951,-0.302863
2026-02-07 02:00:00+00:00,70429.0,70572.0,70102.0,70312.0,534.85839,-2.40166e-05,-0.0006921332,-0.0016626288992157,-0.240166
2026-02-07 03:00:00+00:00,70311.0,70877.0,70219.0,70867.0,1066.20731,-2.61056e-05,-0.0007088451,0.0078623996351933,-0.261056
2026-02-07 04:00:00+00:00,70869.0,71656.0,70547.0,70716.0,1448.70425,-1.92406e-05,-0.0006539251,-0.0021330252537607,-0.192406
2026-02-07 05:00:00+00:00,70713.0,71142.0,69911.0,70112.0,1462.64596,-2.45135e-05,-0.0006961081,-0.0085778922307205,-0.245135
2026-02-07 06:00:00+00:00,70112.0,70266.0,68683.0,68705.0,2611.64317,-2.40432e-05,-0.0006923457,-0.0202719866293183,-0.240432
2026-02-07 07:00:00+00:00,68724.0,69034.0,67244.0,68038.0,6185.60629,-2.52262e-05,-0.00070181,-0.0097556041619416,-0.252262
2026-02-07 08:00:00+00:00,68039.0,68723.0,67720.0,68455.0,1710.25774,-3.09566e-05,-0.0007476528,0.0061102224639233,-0.309566
2026-02-07 09:00:00+00:00,68444.0,68719.0,67844.0,68069.0,1056.72861,-2.54647e-05,-0.0007037173,-0.0056546984932818,-0.254647
2026-02-07 10:00:00+00:00,68068.0,68242.0,67535.0,67955.0,1967.36504,-2.83961e-05,-0.0007271686,-0.0016761751851268,-0.283961
2026-02-07 11:00:00+00:00,67955.0,68105.0,67656.0,67926.0,1254.46998,-2.28758e-05,-0.0006830066,-0.0004268440832833,-0.228758
2026-02-07 12:00:00+00:00,67926.0,69933.0,67869.0,68983.0,3710.5506,-1.7879e-05,-0.0006430317,0.015441220105885,-0.17879
2026-02-07 13:00:00+00:00,68984.0,69320.0,68766.0,69055.0,1382.96054,-1.46991e-05,-0.0006175932,0.0010431910999795,-0.1469909999999999
2026-02-07 14:00:00+00:00,69055.0,69133.0,68328.0,68611.0,1010.05269,-1.48933e-05,-0.0006191468,-0.0064504167984887,-0.148933
2026-02-07 15:00:00+00:00,68611.0,69724.0,68520.0,69113.0,2071.38589,-1.12278e-05,-0.0005898224,0.0072899744877772,-0.1122779999999999
2026-02-07 16:00:00+00:00,69113.0,69837.0,68800.0,68911.0,6572.84813,-4.7811e-06,-0.0005382489,-0.0029270292734534,-0.047811
2026-02-07 17:00:00+00:00,68911.0,69372.0,68518.0,69158.0,1786.20756,-1.26739e-05,-0.0006013912,0.0035779250012451,-0.126739
2026-02-07 18:00:00+00:00,69157.0,69666.0,68964.0,69479.0,1602.09274,-7.1781e-06,-0.0005574246,0.0046308066913841,-0.071781
2026-02-07 19:00:00+00:00,69480.0,69537.0,69242.0,69338.0,766.0843,-7.958e-07,-0.000506366,-0.0020314521779014,-0.007958
2026-02-07 20:00:00+00:00,69339.0,69703.0,69219.0,69603.0,567.0906,-5.304e-07,-0.0005042429,0.0038145733992679,-0.005304
2026-02-07 21:00:00+00:00,69604.0,69678.0,69308.0,69455.0,548.57368,2.3038e-06,-0.0004815695,-0.0021286090103703,0.023038
2026-02-07 22:00:00+00:00,69455.0,69667.0,69273.0,69344.0,935.45479,-2.5388e-06,-0.0005203104,-0.001599435495404,-0.025388
2026-02-07 23:00:00+00:00,69344.0,69420.0,68740.0,69236.0,1639.90132,-1.50223e-05,-0.0006201784,-0.0015586667897961,-0.150223
2026-02-08 00:00:00+00:00,69237.0,69385.0,68840.0,69092.0,1240.57913,-1.95208e-05,-0.000656166,-0.0020820087331143,-0.195208
2026-02-08 01:00:00+00:00,69093.0,69467.0,69059.0,69340.0,865.24552,-1.76852e-05,-0.0006414813,0.0035829904258392,-0.176852
2026-02-08 02:00:00+00:00,69345.0,69665.0,69135.0,69335.0,455.20126,-4.8514e-06,-0.0005388116,-7.211105104984405e-05,-0.048514
2026-02-08 03:00:00+00:00,69334.0,69410.0,69023.0,69054.0,311.03706,-6.6366e-06,-0.0005530931,-0.0040610219914185,-0.066366
2026-02-08 04:00:00+00:00,69054.0,69320.0,68922.0,69300.0,558.33213,-7.9506e-06,-0.0005636045,0.0035560989814485,-0.079506
2026-02-08 05:00:00+00:00,69300.0,69380.0,69108.0,69179.0,245.85607,-7.7288e-06,-0.0005618306,-0.0017475578361206,-0.077288
2026-02-08 06:00:00+00:00,69180.0,69372.0,69040.0,69315.0,390.71902,-9.8966e-06,-0.0005791726,0.0019639846306025,-0.098966
2026-02-08 07:00:00+00:00,69316.0,69676.0,69178.0,69675.0,665.00795,-1.32035e-05,-0.0006056277,0.0051802403776724,-0.1320349999999999
2026-02-08 08:00:00+00:00,69670.0,70749.0,69477.0,70626.0,1792.82317,-8.129e-06,-0.0005650318,0.0135567752903866,-0.08129
2026-02-08 09:00:00+00:00,70625.0,70676.0,70060.0,70079.0,895.57615,-4.674e-07,-0.0005037395,-0.0077751715384642,-0.004674
2026-02-08 10:00:00+00:00,70073.0,70415.0,69855.0,70237.0,832.52085,-6.3485e-06,-0.000550788,0.0022520605886484,-0.063485
2026-02-08 11:00:00+00:00,70236.0,71179.0,70185.0,70956.0,1503.94213,-2.1486e-06,-0.0005171891,0.0101847289181104,-0.021486
2026-02-08 12:00:00+00:00,70956.0,71239.0,70657.0,71207.0,1225.91446,1.028e-07,-0.0004991776,0.0035311615654143,0.0010279999999999
2026-02-08 13:00:00+00:00,71207.0,71487.0,70936.0,71486.0,1121.34233,-4.3874e-06,-0.0005350989,0.003910498139906,-0.0438739999999999
2026-02-08 14:00:00+00:00,71486.0,71525.0,71061.0,71218.0,913.41787,-1.7942e-06,-0.0005143536,-0.0037560308761269,-0.017942
2026-02-08 15:00:00+00:00,71219.0,71417.0,70759.0,71150.0,1619.16223,1.2277e-06,-0.0004901784,-0.0009552709200251,0.012277
2026-02-08 16:00:00+00:00,71149.0,71226.0,70203.0,70375.0,1656.4332,2.7679e-06,-0.0004778568,-0.0109522380760069,0.027679
2026-02-08 17:00:00+00:00,70374.0,70846.0,70370.0,70760.0,1172.9682,6.8762e-06,-0.0004449907,0.0054557828317299,0.068762
2026-02-08 18:00:00+00:00,70760.0,71385.0,70722.0,71112.0,1663.18244,4.6217e-06,-0.0004630267,0.0049622296477892,0.046217
2026-02-08 19:00:00+00:00,71110.0,71495.0,71107.0,71385.0,713.44768,1.24491e-05,-0.000400407,0.0038316643018096,0.124491
2026-02-08 20:00:00+00:00,71389.0,71391.0,70659.0,70802.0,1277.12503,9.4503e-06,-0.0004243977,-0.0082005143529226,0.094503
2026-02-08 21:00:00+00:00,70798.0,71086.0,70514.0,70662.0,1265.74559,1.1675e-06,-0.0004906598,-0.0019793028007944,0.011675
2026-02-08 22:00:00+00:00,70668.0,71065.0,70611.0,71024.0,718.84906,1.9755e-06,-0.0004841962,0.005109902004213,0.0197549999999999
2026-02-08 23:00:00+00:00,71024.0,72271.0,69929.0,70297.0,7035.44997,3.3541e-06,-0.0004731675,-0.0102887244388326,0.033541
2026-02-09 00:00:00+00:00,70290.0,70739.0,70089.0,70459.0,1546.9338,4.7042e-06,-0.0004623665,0.0023018567099142,0.047042
2026-02-09 01:00:00+00:00,70453.0,70900.0,70021.0,70331.0,1562.76429,-8.483e-07,-0.0005067866,-0.0018183114605686,-0.008483
2026-02-09 02:00:00+00:00,70332.0,70996.0,70180.0,70599.0,1015.72243,2.6385e-06,-0.0004788917,0.0038033111907403,0.026385
2026-02-09 03:00:00+00:00,70599.0,71417.0,70583.0,71269.0,940.72543,5.8667e-06,-0.0004530666,0.0094454701732581,0.058667
2026-02-09 04:00:00+00:00,71269.0,71324.0,70886.0,70962.0,574.05014,1.20953e-05,-0.0004032374,-0.0043169277691558,0.1209529999999999
2026-02-09 05:00:00+00:00,70961.0,71087.0,70775.0,71015.0,544.93896,5.119e-06,-0.0004590483,0.0007465998360564,0.05119
2026-02-09 06:00:00+00:00,71013.0,71013.0,70278.0,70630.0,624.7488,6.354e-06,-0.0004491678,-0.0054361389122605,0.06354
2026-02-09 07:00:00+00:00,70631.0,70863.0,70322.0,70394.0,1568.74524,4.03e-06,-0.0004677602,-0.0033469511616118,0.0403
2026-02-09 08:00:00+00:00,70396.0,70587.0,69364.0,69858.0,2296.13838,1.25e-05,-0.0003554773,-0.0076434219762851,0.125
2026-02-09 09:00:00+00:00,69854.0,70092.0,69436.0,69597.0,1177.67623,1.00926e-05,-0.0004192595,-0.0037431473198161,0.100926
2026-02-09 10:00:00+00:00,69597.0,69690.0,68366.0,68694.0,2810.07056,3.4365e-06,-0.0004725077,-0.0130596037933874,0.034365
2026-02-09 11:00:00+00:00,68695.0,68996.0,68550.0,68876.0,1447.10218,-4.065e-06,-0.0005325198,0.0026459272542091,-0.04065
2026-02-09 12:00:00+00:00,68880.0,69200.0,68824.0,69108.0,1213.1629,-3.7766e-06,-0.0005302127,0.0033627118885961,-0.037766
2026-02-09 13:00:00+00:00,69109.0,69262.0,68550.0,68550.0,1210.57313,-5.3363e-06,-0.0005426905,-0.0081070923042122,-0.053363
2026-02-09 14:00:00+00:00,68550.0,69718.0,68263.0,69241.0,4323.74114,-6.6233e-06,-0.0005529866,0.0100297667141682,-0.066233
2026-02-09 15:00:00+00:00,69239.0,69834.0,68774.0,69539.0,3916.7921,-4.503e-06,-0.0005360237,0.0042945735410002,-0.04503
2026-02-09 16:00:00+00:00,69540.0,70373.0,69060.0,70055.0,2820.55853,-5.4763e-06,-0.0005438108,0.0073929015597027,-0.054763
2026-02-09 17:00:00+00:00,70056.0,70930.0,69835.0,70567.0,3343.01294,-5.1538e-06,-0.0005412301,0.0072819653039229,-0.0515379999999999
2026-02-09 18:00:00+00:00,70572.0,71000.0,70054.0,70385.0,2518.84891,-5.9758e-06,-0.0005478066,-0.0025824408471891,-0.059758
2026-02-09 19:00:00+00:00,70386.0,71044.0,70222.0,70924.0,996.78348,-3.141e-06,-0.0005251277,0.0076287089148133,-0.03141
2026-02-09 20:00:00+00:00,70919.0,71094.0,70460.0,70705.0,1169.48326,5.741e-07,-0.0004954074,-0.0030925894350023,0.005741
2026-02-09 21:00:00+00:00,70705.0,70763.0,69773.0,70377.0,2449.99703,-6.3598e-06,-0.0005508785,-0.0046497865207541,-0.063598
2026-02-09 22:00:00+00:00,70377.0,70697.0,70240.0,70325.0,892.96941,-8.1345e-06,-0.0005650759,-0.000739150863065,-0.081345
2026-02-09 23:00:00+00:00,70325.0,70537.0,70050.0,70093.0,657.68095,-8.4836e-06,-0.0005678689,-0.0033044226681005,-0.084836
2026-02-10 00:00:00+00:00,70093.0,70220.0,69710.0,69796.0,860.7425,-8.4721e-06,-0.0005677766,-0.0042462301718364,-0.0847209999999999
2026-02-10 01:00:00+00:00,69794.0,70499.0,69780.0,70447.0,1263.78033,-8.7943e-06,-0.0005703546,0.0092839525095303,-0.087943
2026-02-10 02:00:00+00:00,70445.0,70445.0,69943.0,70074.0,624.70097,2.3052e-06,-0.0004815587,-0.0053088275210305,0.023052
2026-02-10 03:00:00+00:00,70073.0,70134.0,69172.0,69475.0,1229.10532,7.593e-07,-0.0004939258,-0.0085848508959159,0.007593
2026-02-10 04:00:00+00:00,69474.0,69872.0,69449.0,69803.0,416.64914,-8.851e-07,-0.0005070808,0.0047100131588414,-0.008851
2026-02-10 05:00:00+00:00,69802.0,69814.0,69173.0,69417.0,830.94559,3.4612e-06,-0.0004723102,-0.0055451944993274,0.034612
2026-02-10 06:00:00+00:00,69416.0,69469.0,68640.0,68885.0,934.73497,-1.5858e-06,-0.0005126863,-0.0076933467915191,-0.015858
2026-02-10 07:00:00+00:00,68884.0,69171.0,68820.0,68879.0,704.85238,2.3358e-06,-0.0004813132,-8.710548479709347e-05,0.023358
2026-02-10 08:00:00+00:00,68882.0,69176.0,68690.0,69098.0,1148.57249,-2.0671e-06,-0.0005165367,0.003174444782928,-0.020671
2026-02-10 09:00:00+00:00,69099.0,69384.0,68922.0,69121.0,912.65257,-6.102e-07,-0.0005048818,0.0003328051890448,-0.006102
2026-02-10 10:00:00+00:00,69122.0,69225.0,68883.0,68884.0,347.30107,3.0861e-06,-0.000475311,-0.0034346615410851,0.030861
2026-02-10 11:00:00+00:00,68884.0,69047.0,68407.0,68505.0,2081.56347,5.3797e-06,-0.0004569622,-0.0055171951375809,0.053797
2026-02-10 12:00:00+00:00,68506.0,68838.0,68416.0,68579.0,1016.76456,4.2948e-06,-0.0004656415,0.0010796301127466,0.042948
2026-02-10 13:00:00+00:00,68580.0,69100.0,68332.0,68992.0,1577.46741,6.4047e-06,-0.0004487621,0.0060041904286587,0.0640469999999999
2026-02-10 14:00:00+00:00,68992.0,69555.0,67887.0,68418.0,7682.53563,8.8389e-06,-0.0004292886,-0.0083546079432009,0.088389
2026-02-10 15:00:00+00:00,68419.0,69482.0,68256.0,69269.0,3357.7946,7.9829e-06,-0.000436137,0.0123615277631386,0.079829
2026-02-10 16:00:00+00:00,69259.0,69782.0,68929.0,69493.0,2040.4756,1.10484e-05,-0.0004116129,0.0032285524073293,0.110484
2026-02-10 17:00:00+00:00,69493.0,69983.0,69295.0,69895.0,1551.59311,1.25e-05,-0.0003466564,0.0057680878493476,0.125
2026-02-10 18:00:00+00:00,69896.0,69912.0,68569.0,68867.0,2970.08401,1.25e-05,-0.0003146895,-0.0148170076463223,0.125
2026-02-10 19:00:00+00:00,68867.0,69262.0,68666.0,69027.0,1067.78528,9.9318e-06,-0.000420546,0.0023206241287358,0.099318
2026-02-10 20:00:00+00:00,69027.0,69102.0,68589.0,68712.0,709.5557,4.8965e-06,-0.0004608284,-0.0045738759415817,0.0489649999999999
2026-02-10 21:00:00+00:00,68711.0,68981.0,68332.0,68621.0,1499.51972,3.2795e-06,-0.0004737642,-0.0013252461290211,0.032795
2026-02-10 22:00:00+00:00,68621.0,68833.0,68522.0,68682.0,758.80025,4.0221e-06,-0.0004678236,0.0008885458294918,0.040221
2026-02-10 23:00:00+00:00,68663.0,68834.0,68465.0,68801.0,942.71409,2.3661e-06,-0.0004810712,0.0017311235529942,0.023661
2026-02-11 00:00:00+00:00,68802.0,69216.0,68754.0,69158.0,809.97524,4.7743e-06,-0.0004618054,0.0051754622295836,0.047743
2026-02-11 01:00:00+00:00,69163.0,69270.0,68868.0,68953.0,455.85704,9.1847e-06,-0.0004265224,-0.0029686288644822,0.091847
2026-02-11 02:00:00+00:00,68953.0,69130.0,68574.0,68644.0,576.19961,-2.49e-07,-0.0005019923,-0.0044913845424333,-0.00249
2026-02-11 03:00:00+00:00,68646.0,68722.0,67969.0,68144.0,1039.49018,-7.525e-07,-0.0005060203,-0.007310615359199,-0.007525
2026-02-11 04:00:00+00:00,68145.0,68281.0,67316.0,67549.0,1741.56164,-9.684e-07,-0.0005077472,-0.0087698527332285,-0.009684
2026-02-11 05:00:00+00:00,67551.0,67769.0,67352.0,67364.0,660.60163,-2.7714e-06,-0.0005221711,-0.0027425098538211,-0.027714
2026-02-11 06:00:00+00:00,67364.0,67461.0,66518.0,66772.0,2228.98775,1.3089e-06,-0.0004895286,-0.0088269196006662,0.013089
2026-02-11 07:00:00+00:00,66771.0,67230.0,66607.0,67001.0,1348.28702,-7.0252e-06,-0.0005562016,0.0034237136595765,-0.070252
2026-02-11 08:00:00+00:00,67001.0,67098.0,66765.0,66959.0,757.91217,-1.5289e-06,-0.0005122309,-0.0006270528721436,-0.015289
2026-02-11 09:00:00+00:00,66959.0,67076.0,66692.0,66852.0,721.2221,2.3465e-06,-0.0004812283,-0.0015992709538956,0.023465
2026-02-11 10:00:00+00:00,66852.0,66865.0,66350.0,66500.0,1893.58402,3.2911e-06,-0.0004736711,-0.0052792731648702,0.032911
2026-02-11 11:00:00+00:00,66499.0,67075.0,66479.0,67032.0,1908.17307,4.2875e-06,-0.0004656999,0.0079681696491768,0.042875
2026-02-11 12:00:00+00:00,67033.0,67399.0,66942.0,67096.0,1711.15576,1.25e-05,-0.0003553361,0.0009543123711251,0.125
2026-02-11 13:00:00+00:00,67098.0,67646.0,66771.0,67429.0,3975.83803,8.3496e-06,-0.0004332029,0.0049507627601362,0.083496
2026-02-11 14:00:00+00:00,67429.0,68764.0,66417.0,66565.0,7912.5066,2.9384e-06,-0.000476493,-0.0128962785583661,0.029384
2026-02-11 15:00:00+00:00,66562.0,66784.0,65700.0,66479.0,7288.25945,1.04502e-05,-0.0004163985,-0.0012928055677517,0.104502
2026-02-11 16:00:00+00:00,66482.0,67206.0,65903.0,66000.0,2509.5375,8.094e-06,-0.0004352478,-0.0072313662897031,0.08094
2026-02-11 17:00:00+00:00,65999.0,66890.0,65839.0,66479.0,2026.53478,1.4779e-06,-0.0004881768,0.0072313662897031,0.014779
2026-02-11 18:00:00+00:00,66480.0,67279.0,66119.0,67244.0,1616.85357,1.6581e-06,-0.0004867352,0.0114416868546835,0.016581
2026-02-11 19:00:00+00:00,67244.0,67820.0,67077.0,67555.0,1822.34211,-2.0681e-06,-0.0005165451,0.0046142857411101,-0.020681
2026-02-11 20:00:00+00:00,67555.0,67717.0,67142.0,67506.0,1776.83395,-1.0441e-06,-0.0005083524,-0.0007255980949325,-0.010441
2026-02-11 21:00:00+00:00,67509.0,68308.0,67380.0,67774.0,2399.09711,-4.923e-06,-0.0005393838,0.0039621577558261,-0.04923
2026-02-11 22:00:00+00:00,67775.0,67833.0,67356.0,67386.0,1426.87759,-5.4302e-06,-0.0005434416,-0.0057413593638619,-0.054302
2026-02-11 23:00:00+00:00,67397.0,67526.0,66733.0,67059.0,1832.17453,-9.5824e-06,-0.000576659,-0.0048644523011441,-0.0958239999999999
2026-02-12 00:00:00+00:00,67058.0,67654.0,67017.0,67421.0,2073.92526,-1.5481e-05,-0.0006238483,0.0053837131820542,-0.15481
2026-02-12 01:00:00+00:00,67421.0,68005.0,67419.0,67649.0,2649.14355,-1.75218e-05,-0.0006401741,0.0033760304516769,-0.1752179999999999
2026-02-12 02:00:00+00:00,67650.0,67758.0,67362.0,67389.0,654.13467,-1.87874e-05,-0.0006502988,-0.0038507726903984,-0.1878739999999999
2026-02-12 03:00:00+00:00,67392.0,67556.0,67273.0,67552.0,359.46111,-1.50082e-05,-0.0006200658,0.0024158718147673,-0.150082
2026-02-12 04:00:00+00:00,67551.0,67643.0,66952.0,66978.0,684.1522,-8.9305e-06,-0.0005714441,-0.0085334644052599,-0.089305
2026-02-12 05:00:00+00:00,66979.0,67172.0,66623.0,67093.0,530.38141,-1.19107e-05,-0.0005952856,0.0017155093674766,-0.1191069999999999
2026-02-12 06:00:00+00:00,67094.0,67310.0,66976.0,67080.0,307.19108,-9.3717e-06,-0.0005749736,-0.0001937796731187,-0.093717
2026-02-12 07:00:00+00:00,67080.0,67303.0,66882.0,67188.0,746.45544,-9.6338e-06,-0.0005770704,0.0016087231997484,-0.096338
2026-02-12 08:00:00+00:00,67180.0,67310.0,66861.0,67095.0,1039.3683,-3.0226e-06,-0.0005241809,-0.0013851346018354,-0.030226
2026-02-12 09:00:00+00:00,67097.0,67676.0,67017.0,67511.0,1328.71817,-2.5651e-06,-0.0005205208,0.0061810220115048,-0.0256509999999999
2026-02-12 10:00:00+00:00,67510.0,67996.0,67382.0,67989.0,1108.63068,-4.132e-06,-0.0005330558,0.0070553798204772,-0.04132
2026-02-12 11:00:00+00:00,67988.0,68261.0,67744.0,68047.0,2022.64966,-2.584e-07,-0.0005020674,0.0008527155093421,-0.002584
2026-02-12 12:00:00+00:00,68046.0,68136.0,67700.0,67833.0,918.83576,8.819e-06,-0.0004294479,-0.003149840696693,0.08819
2026-02-12 13:00:00+00:00,67832.0,68380.0,67645.0,68351.0,1653.313,5.6285e-06,-0.0004549721,0.0076073914432883,0.056285
2026-02-12 14:00:00+00:00,68349.0,68399.0,67459.0,67558.0,2280.0672,9.6142e-06,-0.0004230862,-0.0116697054549993,0.096142
2026-02-12 15:00:00+00:00,67556.0,67978.0,66963.0,67111.0,4011.34746,8.1054e-06,-0.0004351569,-0.0066385232177552,0.081054
2026-02-12 16:00:00+00:00,67111.0,67199.0,65501.0,65834.0,6953.27993,1.25e-05,-0.0003887752,-0.019211542764014,0.125
2026-02-12 17:00:00+00:00,65834.0,66260.0,65335.0,65378.0,4059.05507,1.25e-05,-0.0003410648,-0.006950611770519,0.125
2026-02-12 18:00:00+00:00,65378.0,65780.0,65097.0,65573.0,2599.77827,1.25e-05,-0.0003039333,0.0029782154261317,0.125
2026-02-12 19:00:00+00:00,65574.0,66100.0,65261.0,65777.0,2111.29782,1.25e-05,-0.000220825,0.0031062072938695,0.125
2026-02-12 20:00:00+00:00,65776.0,66022.0,65194.0,65402.0,1550.51893,1.25e-05,-0.0002464357,-0.0057173941182361,0.125
2026-02-12 21:00:00+00:00,65409.0,65891.0,65409.0,65825.0,1587.8851,1.25e-05,-0.0003189577,0.0064468663470551,0.125
2026-02-12 22:00:00+00:00,65826.0,66387.0,65623.0,66270.0,1805.61273,1.25e-05,-0.0002070586,0.0067376007177624,0.125
2026-02-12 23:00:00+00:00,66270.0,66461.0,66136.0,66244.0,1151.21391,1.25e-05,-0.0002460849,-0.000392411372891,0.125
2026-02-13 00:00:00+00:00,66245.0,66490.0,65827.0,65882.0,1250.43901,1.25e-05,-0.0003218372,-0.005479631651527,0.125
2026-02-13 01:00:00+00:00,65882.0,66579.0,65882.0,66425.0,1482.04367,1.20995e-05,-0.0004032041,0.0082082285701596,0.120995
2026-02-13 02:00:00+00:00,66424.0,66732.0,66356.0,66641.0,435.01853,1.25e-05,-0.0003684535,0.003246512102522,0.125
2026-02-13 03:00:00+00:00,66641.0,66750.0,66421.0,66518.0,479.91333,5.2265e-06,-0.0004581882,-0.001847416021188,0.052265
2026-02-13 04:00:00+00:00,66518.0,66639.0,66274.0,66293.0,362.67991,2.046e-07,-0.0004983635,-0.0033882768032441,0.002046
2026-02-13 05:00:00+00:00,66292.0,66471.0,66140.0,66140.0,328.19786,7.013e-07,-0.0004943895,-0.0023106033703203,0.0070129999999999
2026-02-13 06:00:00+00:00,66140.0,66374.0,65962.0,66331.0,587.14583,1.8907e-06,-0.0004848745,0.0028836520046531,0.018907
2026-02-13 07:00:00+00:00,66330.0,66538.0,66014.0,66175.0,1045.86359,-1.2146e-06,-0.0005097171,-0.0023546114451349,-0.012146
2026-02-13 08:00:00+00:00,66175.0,66715.0,66162.0,66650.0,818.24792,-3.4497e-06,-0.0005275976,0.0071522985115528,-0.034497
2026-02-13 09:00:00+00:00,66649.0,67029.0,66577.0,66920.0,756.14383,3.0545e-06,-0.0004755637,0.0040428294939055,0.030545
2026-02-13 10:00:00+00:00,66920.0,67085.0,66778.0,66944.0,472.13048,1.2519e-06,-0.0004899847,0.0003585728837796,0.012519
2026-02-13 11:00:00+00:00,66946.0,67184.0,66758.0,67127.0,661.15101,2.7761e-06,-0.0004777909,0.0027298985410457,0.027761
2026-02-13 12:00:00+00:00,67128.0,67169.0,66886.0,67056.0,447.16285,2.131e-07,-0.0004982955,-0.0010582563607328,0.002131
2026-02-13 13:00:00+00:00,67057.0,67617.0,66894.0,67241.0,2344.22477,2.886e-07,-0.0004976911,0.0027550893470511,0.0028859999999999
2026-02-13 14:00:00+00:00,67241.0,68000.0,66821.0,67690.0,3536.80588,6.013e-07,-0.0004951899,0.0066552779907494,0.0060129999999999
2026-02-13 15:00:00+00:00,67694.0,69282.0,67654.0,68663.0,6471.0708,6.919e-06,-0.0004446478,0.0142720221169755,0.06919
2026-02-13 16:00:00+00:00,68663.0,69456.0,68502.0,68925.0,4599.94903,1.25e-05,-0.0003915243,0.0038084762723686,0.125
2026-02-13 17:00:00+00:00,68925.0,69205.0,68609.0,69000.0,1211.54815,1.0115e-05,-0.0004190801,0.0010875476873989,0.10115
2026-02-13 18:00:00+00:00,69000.0,69387.0,68864.0,69100.0,1521.68278,7.3524e-06,-0.000441181,0.0014482261763647,0.073524
2026-02-13 19:00:00+00:00,69099.0,69210.0,68889.0,68906.0,1111.81077,1.25e-05,-0.0003958486,-0.0028114738168998,0.125
2026-02-13 20:00:00+00:00,68906.0,68947.0,68648.0,68764.0,1362.60786,1.0865e-05,-0.0004130799,-0.0020629047774772,0.10865
2026-02-13 21:00:00+00:00,68763.0,69055.0,68703.0,68866.0,608.59644,1.25e-05,-0.0003802801,0.0014822352492142,0.125
2026-02-13 22:00:00+00:00,68866.0,68978.0,68700.0,68978.0,382.43408,1.25e-05,-0.000379657,0.0016250257486232,0.125
2026-02-13 23:00:00+00:00,68977.0,68980.0,68805.0,68822.0,226.03923,1.25e-05,-0.0003514201,-0.0022641519106383,0.125
2026-02-14 00:00:00+00:00,68823.0,69121.0,68745.0,69040.0,379.88103,1.25e-05,-0.0003913195,0.0031625855087261,0.125
2026-02-14 01:00:00+00:00,69049.0,69087.0,68899.0,68936.0,480.05066,1.25e-05,-0.0003954951,-0.0015075088377068,0.125
2026-02-14 02:00:00+00:00,68936.0,68988.0,68825.0,68850.0,229.77379,7.5308e-06,-0.0004397537,-0.0012483127628018,0.075308
2026-02-14 03:00:00+00:00,68850.0,68989.0,68819.0,68953.0,216.88145,1.25e-05,-0.0003843916,0.0014948879078262,0.125
2026-02-14 04:00:00+00:00,68952.0,68968.0,68759.0,68763.0,254.55918,1.25e-05,-0.0003730182,-0.0027593035021511,0.125
2026-02-14 05:00:00+00:00,68764.0,68882.0,68750.0,68750.0,298.1652,1.25e-05,-0.0003432753,-0.0001890730336583,0.125
2026-02-14 06:00:00+00:00,68751.0,68917.0,68705.0,68907.0,228.67404,1.25e-05,-0.0003942834,0.0022810328290463,0.125
2026-02-14 07:00:00+00:00,68907.0,69330.0,68859.0,69193.0,474.84731,1.25e-05,-0.0003568576,0.0041419320619122,0.125
2026-02-14 08:00:00+00:00,69194.0,69846.0,69187.0,69725.0,958.13127,1.25e-05,-0.0003404676,0.0076592320759132,0.125
2026-02-14 09:00:00+00:00,69725.0,69878.0,69546.0,69675.0,431.08312,1.25e-05,-0.0003359454,-0.0007173601455407,0.125
2026-02-14 10:00:00+00:00,69679.0,69680.0,69550.0,69651.0,337.0112,1.25e-05,-0.0003940536,-0.0003445157434704,0.125
2026-02-14 11:00:00+00:00,69654.0,70532.0,69653.0,70484.0,2130.41065,1.25e-05,-0.0003726436,0.0118886760819428,0.125
2026-02-14 12:00:00+00:00,70484.0,70521.0,69542.0,69610.0,1773.16536,1.25e-05,-0.0003167117,-0.012477498525909,0.125
2026-02-14 13:00:00+00:00,69610.0,69750.0,69200.0,69427.0,2323.743,1.25e-05,-0.0003884079,-0.0026323943363977,0.125
2026-02-14 14:00:00+00:00,69428.0,69840.0,69312.0,69681.0,1292.74231,6.4703e-06,-0.0004482376,0.0036518429174121,0.064703
2026-02-14 15:00:00+00:00,69681.0,70020.0,69528.0,69760.0,931.25007,1.25e-05,-0.0003994772,0.0011330958391346,0.125
2026-02-14 16:00:00+00:00,69762.0,69791.0,69263.0,69728.0,840.27429,1.25e-05,-0.000325203,-0.0004588208385148,0.125
2026-02-14 17:00:00+00:00,69728.0,69895.0,69583.0,69708.0,747.93697,1.25e-05,-0.000346799,-0.0002868699638135,0.125
2026-02-14 18:00:00+00:00,69708.0,69836.0,69640.0,69732.0,488.12416,1.25e-05,-0.000351496,0.000344234082573,0.125
2026-02-14 19:00:00+00:00,69734.0,69877.0,69579.0,69851.0,307.29846,1.25e-05,-0.0003621981,0.0017050791117926,0.125
2026-02-14 20:00:00+00:00,69851.0,69997.0,69719.0,69994.0,506.17688,1.25e-05,-0.0003968789,0.0020451220972039,0.125
2026-02-14 21:00:00+00:00,69995.0,70226.0,69644.0,69906.0,1729.38814,1.16681e-05,-0.0004066554,-0.0012580416241063,0.1166809999999999
2026-02-14 22:00:00+00:00,69906.0,70081.0,69760.0,69933.0,318.96238,1.25e-05,-0.0003773217,0.0003861583726358,0.125
2026-02-14 23:00:00+00:00,69932.0,69996.0,69701.0,69792.0,440.79614,1.25e-05,-0.0003774727,-0.0020182508192764,0.125
2026-02-15 00:00:00+00:00,69792.0,69836.0,69564.0,69744.0,443.25848,1.25e-05,-0.0003674736,-0.0006879945231817,0.125
2026-02-15 01:00:00+00:00,69744.0,69872.0,69324.0,69680.0,774.94697,8.8521e-06,-0.0004291829,-0.0009180629517894,0.0885209999999999
2026-02-15 02:00:00+00:00,69680.0,69714.0,69330.0,69454.0,419.77761,7.7114e-06,-0.0004383089,-0.0032486696100768,0.077114
2026-02-15 03:00:00+00:00,69451.0,69970.0,69226.0,69928.0,708.04295,4.3299e-06,-0.0004653608,0.0068014783440163,0.043299
2026-02-15 04:00:00+00:00,69929.0,70502.0,69928.0,70161.0,1690.50435,1.25e-05,-0.0003622253,0.0033264598198556,0.125
2026-02-15 05:00:00+00:00,70161.0,70452.0,70109.0,70245.0,956.46,1.25e-05,-0.0002810635,0.0011965302055722,0.125
2026-02-15 06:00:00+00:00,70246.0,70516.0,70137.0,70378.0,1041.11462,1.25e-05,-0.0003246912,0.0018915830220819,0.125
2026-02-15 07:00:00+00:00,70379.0,70888.0,70284.0,70790.0,889.29102,1.25e-05,-0.0003660094,0.0058370334604009,0.125
2026-02-15 08:00:00+00:00,70790.0,70949.0,70156.0,70414.0,1084.30311,1.25e-05,-0.0003906419,-0.0053256407564893,0.125
2026-02-15 09:00:00+00:00,70413.0,70633.0,70339.0,70388.0,424.43341,1.25e-05,-0.0003827749,-0.0003693129400934,0.125
2026-02-15 10:00:00+00:00,70388.0,70496.0,70185.0,70394.0,234.44539,9.5671e-06,-0.0004234636,8.523816970406521e-05,0.095671
2026-02-15 11:00:00+00:00,70396.0,70512.0,70244.0,70263.0,308.5948,1.00901e-05,-0.0004192791,-0.0018626877848458,0.100901
2026-02-15 12:00:00+00:00,70263.0,70384.0,69280.0,69289.0,1148.31905,1.25e-05,-0.0003990179,-0.0139591810362107,0.125
2026-02-15 13:00:00+00:00,69289.0,69584.0,68747.0,68901.0,2537.49435,8.3914e-06,-0.0004328684,-0.0056154717357749,0.083914
2026-02-15 14:00:00+00:00,68901.0,69170.0,68813.0,69125.0,1160.28189,3.1641e-06,-0.0004746869,0.0032457681401113,0.031641
2026-02-15 15:00:00+00:00,69128.0,69217.0,68839.0,69059.0,855.3581,3.2833e-06,-0.0004737336,-0.0009552481476689,0.032833
2026-02-15 16:00:00+00:00,69060.0,69066.0,68750.0,68988.0,447.29798,-3.5517e-06,-0.0005284134,-0.0010286352656757,-0.035517
2026-02-15 17:00:00+00:00,68989.0,69050.0,68179.0,68611.0,1367.94895,3.0591e-06,-0.0004755268,-0.0054797046977509,0.030591
2026-02-15 18:00:00+00:00,68612.0,68753.0,68328.0,68417.0,840.64691,8.8035e-06,-0.0004295721,-0.0028315399716575,0.088035
2026-02-15 19:00:00+00:00,68416.0,68529.0,68034.0,68264.0,993.12428,9.3083e-06,-0.0004255332,-0.0022387905254618,0.093083
2026-02-15 20:00:00+00:00,68265.0,68539.0,68088.0,68427.0,697.70389,1.25e-05,-0.0003547241,0.0023849423482353,0.125
2026-02-15 21:00:00+00:00,68426.0,68935.0,68426.0,68817.0,765.63807,1.25e-05,-0.0003466549,0.0056833238575816,0.125
2026-02-15 22:00:00+00:00,68817.0,69065.0,68771.0,68975.0,450.17485,1.25e-05,-0.0003214958,0.0022933126632491,0.125
2026-02-15 23:00:00+00:00,68974.0,68974.0,68288.0,68798.0,788.01855,1.25e-05,-0.000326687,-0.0025694453540275,0.125
2026-02-16 00:00:00+00:00,68800.0,69036.0,68670.0,68819.0,672.98181,1.25e-05,-0.0003722518,0.0003051948547491,0.125
2026-02-16 01:00:00+00:00,68820.0,69009.0,68425.0,68598.0,785.47911,1.25e-05,-0.0003644336,-0.0032164898161834,0.125
2026-02-16 02:00:00+00:00,68598.0,68704.0,68206.0,68290.0,400.689,7.1976e-06,-0.0004424193,-0.0045000368148899,0.071976
2026-02-16 03:00:00+00:00,68291.0,68433.0,68113.0,68389.0,430.44996,1.06883e-05,-0.0004144937,0.0014486500093407,0.106883
2026-02-16 04:00:00+00:00,68389.0,68866.0,68385.0,68838.0,492.0273,3.6622e-06,-0.0004707026,0.0065439250627223,0.036622
2026-02-16 05:00:00+00:00,68838.0,68867.0,68259.0,68360.0,732.6076,7.8763e-06,-0.0004369894,-0.0069680597976708,0.078763
2026-02-16 06:00:00+00:00,68359.0,68504.0,68201.0,68423.0,347.63183,2.754e-06,-0.0004779684,0.0009211671692371,0.02754
2026-02-16 07:00:00+00:00,68422.0,68645.0,68348.0,68555.0,305.2972,6.8515e-06,-0.0004451881,0.001927317391991,0.068515
2026-02-16 08:00:00+00:00,68554.0,68765.0,68514.0,68728.0,170.42068,1.01416e-05,-0.000418867,0.0025203425271369,0.1014159999999999
2026-02-16 09:00:00+00:00,68727.0,69024.0,68717.0,68962.0,812.02907,5.9846e-06,-0.0004521233,0.0033989429193087,0.059846
2026-02-16 10:00:00+00:00,68962.0,68962.0,68667.0,68761.0,573.66134,2.6715e-06,-0.0004786278,-0.0029189045070182,0.026715
2026-02-16 11:00:00+00:00,68760.0,68890.0,68300.0,68787.0,611.55505,5.2887e-06,-0.0004576901,0.0003780498489205,0.0528869999999999
2026-02-16 12:00:00+00:00,68787.0,69813.0,68782.0,69722.0,1626.73392,2.9843e-06,-0.0004761259,0.0135011328166777,0.0298429999999999
2026-02-16 13:00:00+00:00,69722.0,70099.0,68193.0,68363.0,3464.91069,2.4751e-06,-0.0004801988,-0.0196841638161377,0.024751
2026-02-16 14:00:00+00:00,68360.0,68677.0,68230.0,68393.0,1686.38718,3.9743e-06,-0.0004682055,0.0004387376127003,0.039743
2026-02-16 15:00:00+00:00,68394.0,68560.0,67270.0,67506.0,3421.60334,1.105e-06,-0.0004911603,-0.013053997393217,0.01105
2026-02-16 16:00:00+00:00,67506.0,67936.0,67480.0,67854.0,864.518,3.6854e-06,-0.0004705168,0.0051418553002551,0.036854
2026-02-16 17:00:00+00:00,67855.0,68037.0,67559.0,67918.0,1195.22393,4.4648e-06,-0.0004642814,0.0009427570447547,0.044648
2026-02-16 18:00:00+00:00,67916.0,68218.0,67798.0,67823.0,800.6427,-5.2042e-06,-0.0005416336,-0.0013997247038192,-0.052042
2026-02-16 19:00:00+00:00,67823.0,68103.0,67783.0,67881.0,618.25566,-4.076e-07,-0.0005032606,0.0008548016791198,-0.004076
2026-02-16 20:00:00+00:00,67877.0,68530.0,67800.0,68494.0,1226.95035,4.5058e-06,-0.0004639537,0.0089899780536664,0.045058
2026-02-16 21:00:00+00:00,68493.0,68914.0,68394.0,68833.0,856.32193,1.23127e-05,-0.0004014981,0.0049371309152731,0.123127
2026-02-16 22:00:00+00:00,68829.0,68860.0,68480.0,68556.0,937.00916,6.9964e-06,-0.0004440286,-0.0040323515759143,0.069964
2026-02-16 23:00:00+00:00,68556.0,68950.0,68507.0,68870.0,382.2983,8.6635e-06,-0.0004306919,0.004569740026281,0.0866349999999999
2026-02-17 00:00:00+00:00,68870.0,69003.0,68677.0,68850.0,651.68719,8.817e-06,-0.0004294637,-0.000290444381943,0.08817
2026-02-17 01:00:00+00:00,68849.0,68968.0,68537.0,68582.0,555.66372,1.02601e-05,-0.0004179188,-0.0039001155438331,0.102601
2026-02-17 02:00:00+00:00,68581.0,69213.0,68363.0,68808.0,1184.26807,4.519e-06,-0.0004638478,0.0032899076183476,0.04519
2026-02-17 03:00:00+00:00,68808.0,68826.0,68439.0,68449.0,1042.73751,7.1753e-06,-0.0004425974,-0.0052310748252343,0.071753
2026-02-17 04:00:00+00:00,68448.0,68678.0,68256.0,68447.0,305.74941,3.3437e-06,-0.0004732508,-2.9219261339179168e-05,0.033437
2026-02-17 05:00:00+00:00,68447.0,68481.0,67857.0,68208.0,664.65674,7.0648e-06,-0.0004434815,-0.0034978631397503,0.070648
2026-02-17 06:00:00+00:00,68208.0,68484.0,68208.0,68377.0,402.07705,5.9076e-06,-0.0004527395,0.0024746507485429,0.059076
2026-02-17 07:00:00+00:00,68376.0,68450.0,68135.0,68355.0,427.78851,7.9845e-06,-0.0004361236,-0.0003217973874418,0.079845
2026-02-17 08:00:00+00:00,68356.0,68444.0,68097.0,68139.0,542.76638,6.9525e-06,-0.0004443798,-0.0031649769265666,0.069525
2026-02-17 09:00:00+00:00,68139.0,68271.0,67959.0,68089.0,389.55231,3.6649e-06,-0.0004706809,-0.0007340635147723,0.036649
2026-02-17 10:00:00+00:00,68089.0,68164.0,67674.0,67803.0,1210.52428,4.0877e-06,-0.0004672981,-0.0042092311875605,0.040877
2026-02-17 11:00:00+00:00,67802.0,67902.0,67647.0,67821.0,1242.51893,-2.2663e-06,-0.0005181302,0.0002654397467363,-0.022663
2026-02-17 12:00:00+00:00,67821.0,68268.0,67793.0,67878.0,1506.23038,-8.289e-07,-0.0005066314,0.0008400946705923,-0.008289
2026-02-17 13:00:00+00:00,67878.0,68322.0,67699.0,68106.0,2165.24528,2.1372e-06,-0.0004829023,0.0033533388288726,0.021372
2026-02-17 14:00:00+00:00,68106.0,68303.0,66705.0,66839.0,3962.69761,4.4717e-06,-0.0004642263,-0.0187785724871198,0.044717
2026-02-17 15:00:00+00:00,66839.0,67387.0,66600.0,67357.0,3037.24883,6.6159e-06,-0.0004470726,0.0077200896110381,0.066159
2026-02-17 16:00:00+00:00,67356.0,68116.0,67295.0,67486.0,3562.39501,1.18305e-05,-0.0004053561,0.0019133368340101,0.118305
2026-02-17 17:00:00+00:00,67485.0,67675.0,66871.0,67228.0,2764.36494,1.0746e-05,-0.0004140317,-0.0038303415448658,0.10746
2026-02-17 18:00:00+00:00,67227.0,68201.0,67107.0,68078.0,1616.55793,1.25e-05,-0.0003421544,0.0125642792159899,0.125
2026-02-17 19:00:00+00:00,68079.0,68219.0,67726.0,67768.0,712.8782,1.25e-05,-0.0002313348,-0.0045639995010601,0.125
2026-02-17 20:00:00+00:00,67767.0,67913.0,67464.0,67739.0,1330.44497,1.25e-05,-0.0002700798,-0.0004280221751309,0.125
2026-02-17 21:00:00+00:00,67738.0,67909.0,67520.0,67659.0,720.55735,1.25e-05,-0.000245282,-0.0011817014920375,0.125
2026-02-17 22:00:00+00:00,67658.0,67773.0,67487.0,67514.0,400.81808,1.25e-05,-0.0002755294,-0.0021453996821323,0.125
2026-02-17 23:00:00+00:00,67514.0,67602.0,67367.0,67480.0,580.76279,1.25e-05,-0.0002723223,-0.0005037261021813,0.125
2026-02-18 00:00:00+00:00,67481.0,67609.0,67264.0,67300.0,328.8592,1.25e-05,-0.0002725033,-0.0026710210270854,0.125
2026-02-18 01:00:00+00:00,67300.0,67344.0,66858.0,67142.0,1984.94339,1.25e-05,-0.000319858,-0.0023504570408235,0.125
2026-02-18 02:00:00+00:00,67142.0,67400.0,67136.0,67305.0,485.59249,1.25e-05,-0.0003360733,0.0024247484861977,0.125
2026-02-18 03:00:00+00:00,67305.0,67681.0,67305.0,67607.0,351.40864,1.25e-05,-0.0002916188,0.0044769998877582,0.125
2026-02-18 04:00:00+00:00,67608.0,67882.0,67479.0,67797.0,301.94303,1.25e-05,-0.0002614495,0.0028064181959623,0.125
2026-02-18 05:00:00+00:00,67798.0,67917.0,67574.0,67616.0,1402.16337,1.25e-05,-0.0002875187,-0.0026733047461308,0.125
2026-02-18 06:00:00+00:00,67615.0,67947.0,67588.0,67812.0,208.08359,1.25e-05,-0.0003974963,0.0028945290020604,0.125
2026-02-18 07:00:00+00:00,67813.0,68181.0,67668.0,68087.0,571.64538,6.9158e-06,-0.0004446734,0.0040471287552922,0.069158
2026-02-18 08:00:00+00:00,68086.0,68442.0,68023.0,68094.0,1191.46629,7.6073e-06,-0.0004391413,0.0001028043560579,0.076073
2026-02-18 09:00:00+00:00,68094.0,68251.0,67972.0,68132.0,397.84883,9.1486e-06,-0.0004268109,0.0005578964512739,0.091486
2026-02-18 10:00:00+00:00,68132.0,68149.0,67686.0,67760.0,921.50536,1.0137e-05,-0.0004189043,-0.0054749496545318,0.10137
2026-02-18 11:00:00+00:00,67760.0,67770.0,67049.0,67337.0,1319.60643,5.8722e-06,-0.0004530221,-0.0062621876478033,0.058722
2026-02-18 12:00:00+00:00,67337.0,67665.0,67320.0,67435.0,991.12924,1.8573e-06,-0.000485142,0.0014543082728251,0.018573
2026-02-18 13:00:00+00:00,67436.0,67555.0,67008.0,67212.0,695.96696,9.9123e-06,-0.0004207017,-0.0033123679531253,0.099123
2026-02-18 14:00:00+00:00,67211.0,67339.0,66678.0,67197.0,1588.19786,1.05879e-05,-0.0004152968,-0.0002231993402565,0.105879
2026-02-18 15:00:00+00:00,67195.0,68339.0,67166.0,67675.0,3576.12826,1.25e-05,-0.0003562962,0.0070882318249258,0.125
2026-02-18 16:00:00+00:00,67676.0,67679.0,67000.0,67112.0,2663.64826,1.25e-05,-0.0002933153,-0.0083539699563713,0.125
2026-02-18 17:00:00+00:00,67112.0,67466.0,67029.0,67137.0,2127.02385,1.25e-05,-0.0003278405,0.0003724422571338,0.125
2026-02-18 18:00:00+00:00,67138.0,67191.0,66158.0,66291.0,3838.92293,9.5019e-06,-0.0004239844,-0.0126811664300499,0.0950189999999999
2026-02-18 19:00:00+00:00,66317.0,66568.0,65834.0,66137.0,4213.21002,-1.03773e-05,-0.0005830184,-0.0023257931769643,-0.103773
2026-02-18 20:00:00+00:00,66137.0,66493.0,66102.0,66230.0,1710.30877,-1.01341e-05,-0.0005810731,0.0014051843027749,-0.101341
2026-02-18 21:00:00+00:00,66231.0,66481.0,66054.0,66304.0,1625.6796,-6.462e-06,-0.0005516962,0.0011166947000751,-0.06462
2026-02-18 22:00:00+00:00,66305.0,66448.0,66200.0,66365.0,529.24372,2.437e-06,-0.0004805042,0.0009195818812023,0.02437
2026-02-18 23:00:00+00:00,66365.0,66468.0,66237.0,66436.0,264.97999,1.8529e-06,-0.0004851765,0.0010692691585867,0.018529
2026-02-19 00:00:00+00:00,66436.0,66564.0,66307.0,66411.0,394.98454,2.5987e-06,-0.0004792107,-0.0003763728243034,0.025987
2026-02-19 01:00:00+00:00,66412.0,66847.0,66407.0,66835.0,596.7184,4.2484e-06,-0.0004660124,0.0063641900109874,0.042484
2026-02-19 02:00:00+00:00,66835.0,66940.0,66612.0,66809.0,665.27978,5.0923e-06,-0.0004592615,-0.000389093417258,0.050923
2026-02-19 03:00:00+00:00,66809.0,66959.0,66695.0,66953.0,284.81692,6.4821e-06,-0.0004481429,0.0021530786864576,0.064821
2026-02-19 04:00:00+00:00,66954.0,67050.0,66728.0,66783.0,763.26678,6.5879e-06,-0.000447297,-0.0025423235563341,0.065879
2026-02-19 05:00:00+00:00,66782.0,66863.0,66665.0,66845.0,310.53021,1.25e-05,-0.0003747907,0.000927949298784,0.125
2026-02-19 06:00:00+00:00,66844.0,67256.0,66841.0,67115.0,439.7385,1.07971e-05,-0.0004136229,0.0040310595045136,0.107971
2026-02-19 07:00:00+00:00,67115.0,67300.0,66999.0,67190.0,675.15667,1.10697e-05,-0.0004114426,0.0011168609924592,0.110697
2026-02-19 08:00:00+00:00,67189.0,67189.0,66759.0,66940.0,861.19208,1.25e-05,-0.0003978025,-0.003727731148878,0.125
2026-02-19 09:00:00+00:00,66935.0,67167.0,66724.0,66808.0,1223.69446,7.5569e-06,-0.0004395445,-0.0019738619322522,0.075569
2026-02-19 10:00:00+00:00,66809.0,66935.0,66724.0,66821.0,769.40054,1.16041e-05,-0.0004071672,0.0001945685448669,0.1160409999999999
2026-02-19 11:00:00+00:00,66820.0,66910.0,66461.0,66480.0,873.80784,1.25e-05,-0.0003704214,-0.0051162518486024,0.125
2026-02-19 12:00:00+00:00,66480.0,66645.0,66296.0,66490.0,1397.4985,1.25e-05,-0.0003626251,0.0001504098671707,0.125
2026-02-19 13:00:00+00:00,66491.0,66533.0,65736.0,65898.0,2801.42328,7.3441e-06,-0.0004412474,-0.0089434683800997,0.0734409999999999
2026-02-19 14:00:00+00:00,65893.0,66649.0,65619.0,66406.0,4197.16329,1.1221e-05,-0.000410232,0.007679321811558,0.11221
2026-02-19 15:00:00+00:00,66407.0,66712.0,65946.0,66377.0,2566.63743,1.25e-05,-0.0003381667,-0.0004368029109312,0.125
2026-02-19 16:00:00+00:00,66378.0,66500.0,65875.0,66283.0,1723.12797,1.25e-05,-0.0003553533,-0.0014171568782141,0.125
2026-02-19 17:00:00+00:00,66283.0,67038.0,66139.0,66351.0,2201.9454,1.25e-05,-0.0003128871,0.0010253781980176,0.125
2026-02-19 18:00:00+00:00,66351.0,67064.0,66224.0,67016.0,1700.53425,1.25e-05,-0.0002582153,0.0099725645968144,0.125
2026-02-19 19:00:00+00:00,67016.0,67190.0,66684.0,67043.0,1134.16963,1.25e-05,-0.0002304644,0.0004028077244358,0.125
2026-02-19 20:00:00+00:00,67040.0,67158.0,66809.0,67107.0,895.87015,1.25e-05,-0.0002199637,0.0009541558681407,0.125
2026-02-19 21:00:00+00:00,67107.0,67157.0,66886.0,66903.0,519.80216,1.25e-05,-0.0002017249,-0.0030445512659942,0.125
2026-02-19 22:00:00+00:00,66904.0,66981.0,66629.0,66894.0,1263.50355,1.25e-05,-0.0002155914,-0.0001345321646012,0.125
2026-02-19 23:00:00+00:00,66895.0,67008.0,66805.0,66981.0,302.4184,1.25e-05,-0.0002198682,0.0012997200709203,0.125
2026-02-20 00:00:00+00:00,66982.0,67491.0,66934.0,67236.0,1325.76509,1.25e-05,-0.0002147599,0.003799821286738,0.125
2026-02-20 01:00:00+00:00,67236.0,67340.0,67139.0,67260.0,438.00066,1.25e-05,-0.000185113,0.0003568879409757,0.125
2026-02-20 02:00:00+00:00,67261.0,67331.0,67163.0,67226.0,251.69685,1.25e-05,-0.0002059172,-0.0005056288494619,0.125
2026-02-20 03:00:00+00:00,67226.0,67483.0,67223.0,67347.0,350.64881,1.25e-05,-0.0002367137,0.0017982809717793,0.125
2026-02-20 04:00:00+00:00,67348.0,67378.0,67095.0,67247.0,1180.28385,1.25e-05,-0.0002257435,-0.0014859506129605,0.125
2026-02-20 05:00:00+00:00,67248.0,67999.0,67191.0,67773.0,1279.82785,1.25e-05,-0.0002473771,0.0077914777217146,0.125
2026-02-20 06:00:00+00:00,67772.0,67881.0,67644.0,67827.0,707.36195,1.25e-05,-0.0002326352,0.0007964602190939,0.125
2026-02-20 07:00:00+00:00,67828.0,67975.0,67752.0,67813.0,483.26118,1.25e-05,-0.0002125451,-0.0002064287828032,0.125
2026-02-20 08:00:00+00:00,67813.0,67921.0,67733.0,67861.0,249.00545,1.25e-05,-0.0002347706,0.0007075784896541,0.125
2026-02-20 09:00:00+00:00,67860.0,68200.0,67860.0,68199.0,518.29207,1.25e-05,-0.0003063394,0.0049684065161791,0.125
2026-02-20 10:00:00+00:00,68199.0,68300.0,67842.0,67911.0,1114.25736,1.25e-05,-0.0003068252,-0.0042318775962204,0.125
2026-02-20 11:00:00+00:00,67910.0,67955.0,67227.0,67285.0,2104.04798,1.24569e-05,-0.0004003451,-0.0092606951955936,0.124569
2026-02-20 12:00:00+00:00,67284.0,67560.0,67242.0,67518.0,1544.97786,5.32e-06,-0.0004574404,0.0034568998024102,0.0532
2026-02-20 13:00:00+00:00,67517.0,67517.0,66422.0,66800.0,5051.15099,6.9241e-06,-0.0004446074,-0.0106911484533149,0.069241
2026-02-20 14:00:00+00:00,66799.0,67288.0,66645.0,67034.0,2758.65702,1.25e-05,-0.0003531718,0.0034968728192877,0.125
2026-02-20 15:00:00+00:00,67035.0,68101.0,66514.0,67549.0,8494.91617,1.25e-05,-0.0002907736,0.0076533070857412,0.125
2026-02-20 16:00:00+00:00,67547.0,67891.0,67251.0,67765.0,2616.34378,7.7052e-06,-0.0004383581,0.0031925770203502,0.077052
2026-02-20 17:00:00+00:00,67764.0,67765.0,66918.0,67590.0,3432.83989,4.0258e-06,-0.0004677935,-0.0025857943557165,0.0402579999999999
2026-02-20 18:00:00+00:00,67590.0,67977.0,67430.0,67894.0,1569.76448,1.11311e-05,-0.0004109509,0.0044876223049451,0.111311
2026-02-20 19:00:00+00:00,67895.0,67978.0,67510.0,67601.0,1629.38302,1.25e-05,-0.0003632522,-0.0043248895782951,0.125
2026-02-20 20:00:00+00:00,67602.0,67801.0,67491.0,67719.0,1061.79589,1.7113e-06,-0.0004863096,0.0017440146306375,0.017113
2026-02-20 21:00:00+00:00,67720.0,67804.0,67600.0,67790.0,246.77477,-5.714e-07,-0.0005045709,0.0010479009733239,-0.005714
2026-02-20 22:00:00+00:00,67789.0,68093.0,67610.0,68054.0,1608.02095,3.49e-07,-0.0004972079,0.0038868162357028,0.00349
2026-02-20 23:00:00+00:00,68053.0,68225.0,67878.0,67980.0,1007.1927,4.3361e-06,-0.0004653115,-0.001087963410607,0.043361
2026-02-21 00:00:00+00:00,67979.0,68004.0,67766.0,67799.0,426.05087,1.7639e-06,-0.0004858887,-0.0026660986929283,0.017639
2026-02-21 01:00:00+00:00,67799.0,67971.0,67799.0,67916.0,246.04664,-1.3796e-06,-0.0005110371,0.0017242018787238,-0.013796
2026-02-21 02:00:00+00:00,67917.0,68066.0,67883.0,67967.0,193.20606,3.3262e-06,-0.0004733906,0.0007506458113928,0.033262
2026-02-21 03:00:00+00:00,67966.0,67968.0,67481.0,67632.0,500.93176,6.4306e-06,-0.0004485555,-0.004941049440724,0.064306
2026-02-21 04:00:00+00:00,67631.0,67818.0,67557.0,67790.0,381.22761,4.9147e-06,-0.0004606823,0.0023334476184402,0.0491469999999999
2026-02-21 05:00:00+00:00,67790.0,67852.0,67769.0,67826.0,114.57008,4.8647e-06,-0.0004610821,0.0005309108194549,0.048647
2026-02-21 06:00:00+00:00,67826.0,67894.0,67720.0,67760.0,121.23323,8.4629e-06,-0.0004322967,-0.0009735519185301,0.084629
2026-02-21 07:00:00+00:00,67759.0,67847.0,67715.0,67821.0,150.46123,5.0089e-06,-0.0004599287,0.0008998311579933,0.0500889999999999
2026-02-21 08:00:00+00:00,67821.0,68029.0,67784.0,68009.0,561.10322,2.0309e-06,-0.0004837532,0.002768167857613,0.020309
2026-02-21 09:00:00+00:00,68010.0,68264.0,67938.0,68113.0,681.53146,-2.665e-07,-0.0005021319,0.0015280413193442,-0.002665
2026-02-21 10:00:00+00:00,68111.0,68205.0,68106.0,68172.0,227.28701,-2.0418e-06,-0.0005163342,0.0008658326842405,-0.020418
2026-02-21 11:00:00+00:00,68172.0,68244.0,68009.0,68055.0,730.00827,-1.3155e-06,-0.0005105238,-0.0017177215789531,-0.013155
2026-02-21 12:00:00+00:00,68055.0,68179.0,67877.0,68169.0,560.22882,-3.5229e-06,-0.0005281835,0.0016737142737335,-0.035229
2026-02-21 13:00:00+00:00,68168.0,68226.0,68063.0,68224.0,189.07195,-2.9268e-06,-0.0005234143,0.0008064930455542,-0.029268
2026-02-21 14:00:00+00:00,68223.0,68593.0,68148.0,68409.0,1150.56163,-2.3274e-06,-0.0005186195,0.002707985816798,-0.023274
2026-02-21 15:00:00+00:00,68410.0,68661.0,68381.0,68578.0,480.49463,-4.6184e-06,-0.0005369471,0.0024673886681133,-0.0461839999999999
2026-02-21 16:00:00+00:00,68577.0,68598.0,68050.0,68286.0,1654.8598,-4.5366e-06,-0.0005362932,-0.0042670160604284,-0.045366
2026-02-21 17:00:00+00:00,68287.0,68428.0,68154.0,68399.0,594.27765,-1.15307e-05,-0.0005922453,0.0016534371107846,-0.1153069999999999
2026-02-21 18:00:00+00:00,68400.0,68610.0,68333.0,68544.0,915.17605,-9.3017e-06,-0.0005744135,0.0021176701866911,-0.0930169999999999
2026-02-21 19:00:00+00:00,68544.0,68620.0,68477.0,68511.0,284.35717,-4.7001e-06,-0.0005376009,-0.0004815585077191,-0.047001
2026-02-21 20:00:00+00:00,68510.0,68562.0,68171.0,68176.0,454.57047,-9.3582e-06,-0.0005748654,-0.0049017195600082,-0.093582
2026-02-21 21:00:00+00:00,68177.0,68339.0,68150.0,68339.0,220.4493,-1.04287e-05,-0.0005834299,0.0023880171037712,-0.104287
2026-02-21 22:00:00+00:00,68338.0,68387.0,67869.0,67940.0,674.13837,-9.2187e-06,-0.0005737494,-0.0058556511288894,-0.092187
2026-02-21 23:00:00+00:00,67939.0,68072.0,67898.0,67935.0,491.85073,-1.21438e-05,-0.0005971506,-7.35970561509628e-05,-0.121438
2026-02-22 00:00:00+00:00,67932.0,68020.0,67763.0,67903.0,521.82117,-1.36702e-05,-0.0006093614,-0.0004711494661575,-0.136702
2026-02-22 01:00:00+00:00,67903.0,68136.0,67901.0,68115.0,536.4488,-1.97873e-05,-0.0006582982,0.0031172370078947,-0.197873
2026-02-22 02:00:00+00:00,68114.0,68185.0,67831.0,67864.0,288.85817,-8.6886e-06,-0.0005695084,-0.0036917507125905,-0.086886
2026-02-22 03:00:00+00:00,67865.0,68028.0,67785.0,68010.0,223.30496,-1.41337e-05,-0.0006130695,0.0021490506821136,-0.141337
2026-02-22 04:00:00+00:00,68010.0,68045.0,67926.0,67950.0,123.13389,-1.05856e-05,-0.000584685,-0.0008826125903945,-0.105856
2026-02-22 05:00:00+00:00,67950.0,67979.0,67857.0,67945.0,279.32799,-5.2734e-06,-0.0005421874,-7.358622469196444e-05,-0.052734
2026-02-22 06:00:00+00:00,67945.0,68142.0,67933.0,68000.0,361.12632,3.022e-07,-0.0004975822,0.0008091508036459,0.003022
2026-02-22 07:00:00+00:00,68000.0,68065.0,67966.0,67971.0,269.7598,1.1689e-06,-0.0004906486,-0.0004265615526799,0.011689
2026-02-22 08:00:00+00:00,67971.0,67985.0,67885.0,67925.0,299.25806,2.6162e-06,-0.0004790705,-0.0006769883110152,0.026162
2026-02-22 09:00:00+00:00,67926.0,68062.0,67926.0,68019.0,230.7136,7.5995e-06,-0.0004392041,0.0013829226002037,0.075995
2026-02-22 10:00:00+00:00,68020.0,68124.0,67992.0,68108.0,395.99627,8.7682e-06,-0.0004298546,0.0013076026457821,0.087682
2026-02-22 11:00:00+00:00,68107.0,68225.0,68105.0,68180.0,410.07839,8.2612e-06,-0.0004339104,0.0010565861513596,0.0826119999999999
2026-02-22 12:00:00+00:00,68179.0,68200.0,67847.0,67899.0,677.36962,7.5506e-06,-0.0004395951,-0.0041299597940586,0.075506
2026-02-22 13:00:00+00:00,67900.0,68017.0,67534.0,67622.0,1315.25377,1.19545e-05,-0.000404364,-0.0040879330251401,0.119545
2026-02-22 14:00:00+00:00,67622.0,67654.0,67323.0,67417.0,902.65681,1.25e-05,-0.0003428766,-0.0030361622565176,0.125
2026-02-22 15:00:00+00:00,67416.0,67783.0,67280.0,67657.0,969.41216,8.9852e-06,-0.0004281182,0.0035536113917264,0.089852
2026-02-22 16:00:00+00:00,67656.0,67685.0,67482.0,67600.0,283.60444,1.20666e-05,-0.0004034673,-0.0008428399768485,0.120666
2026-02-22 17:00:00+00:00,67601.0,67603.0,67145.0,67351.0,1378.65172,8.091e-06,-0.0004352724,-0.003690232492825,0.08091
2026-02-22 18:00:00+00:00,67353.0,67431.0,67287.0,67398.0,865.90705,4.969e-07,-0.0004960249,0.0006975933313937,0.0049689999999999
2026-02-22 19:00:00+00:00,67397.0,67457.0,67367.0,67391.0,258.24488,6.2171e-06,-0.000450263,-0.0001038660425746,0.062171
2026-02-22 20:00:00+00:00,67390.0,67466.0,67306.0,67361.0,371.91731,6.5074e-06,-0.0004479405,-0.0004452624153355,0.0650739999999999
2026-02-22 21:00:00+00:00,67362.0,67606.0,67362.0,67571.0,241.00857,4.4258e-06,-0.000464594,0.0031126814922142,0.044258
2026-02-22 22:00:00+00:00,67570.0,67713.0,67449.0,67632.0,612.41361,9.82e-07,-0.0004921436,0.0009023469026427,0.00982
2026-02-22 23:00:00+00:00,67633.0,67689.0,67427.0,67602.0,559.39047,-1.5923e-06,-0.0005127386,-0.0004436754143502,-0.015923
2026-02-23 00:00:00+00:00,67602.0,67637.0,66675.0,66700.0,1302.83018,-5.9464e-06,-0.0005475714,-0.0134326154885058,-0.059464
2026-02-23 01:00:00+00:00,66700.0,66700.0,64260.0,64393.0,6280.04753,-9.5652e-06,-0.0005765215,-0.0352000213712445,-0.095652
2026-02-23 02:00:00+00:00,64394.0,64883.0,64284.0,64753.0,2165.56108,5.8472e-06,-0.0004532222,0.0055751000023496,0.0584719999999999
2026-02-23 03:00:00+00:00,64753.0,65027.0,64675.0,64902.0,1332.11408,5.9345e-06,-0.0004525242,0.0022984083235243,0.0593449999999999
2026-02-23 04:00:00+00:00,64902.0,64995.0,64656.0,64785.0,837.03366,5.4135e-06,-0.0004566917,-0.0018043447954334,0.054135
2026-02-23 05:00:00+00:00,64785.0,65183.0,64783.0,65043.0,1577.24863,5.6009e-06,-0.0004551925,0.0039744945562892,0.056009
2026-02-23 06:00:00+00:00,65044.0,65777.0,65003.0,65725.0,2068.8407,1.10023e-05,-0.0004119816,0.0104307809788816,0.110023
2026-02-23 07:00:00+00:00,65726.0,65981.0,65623.0,65928.0,1831.55787,6.4498e-06,-0.0004484015,0.0030838668451376,0.064498
2026-02-23 08:00:00+00:00,65929.0,65931.0,65540.0,65652.0,1176.58927,8.2246e-06,-0.0004342029,-0.0041951725913932,0.082246
2026-02-23 09:00:00+00:00,65652.0,66420.0,65652.0,66370.0,1515.65941,5.9766e-06,-0.0004521876,0.0108770822881443,0.059766
2026-02-23 10:00:00+00:00,66372.0,66570.0,66196.0,66290.0,1025.80982,7.661e-06,-0.0004387118,-0.0012060909045333,0.07661
2026-02-23 11:00:00+00:00,66290.0,66455.0,66065.0,66166.0,1287.62455,6.123e-07,-0.0004951018,-0.0018723204116742,0.006123
2026-02-23 12:00:00+00:00,66166.0,66472.0,65857.0,66235.0,1997.77033,-5.0116e-06,-0.0005400929,0.0010422882945989,-0.0501159999999999
2026-02-23 13:00:00+00:00,66236.0,66408.0,66062.0,66096.0,1008.14393,-8.3763e-06,-0.0005670108,-0.0021007934818161,-0.083763
2026-02-23 14:00:00+00:00,66096.0,66228.0,65500.0,65892.0,2036.68357,-9.3539e-06,-0.0005748309,-0.0030911925696728,-0.093539
2026-02-23 15:00:00+00:00,65893.0,66196.0,65532.0,65623.0,1711.03907,-4.531e-06,-0.0005362479,-0.0040907938278327,-0.04531
2026-02-23 16:00:00+00:00,65621.0,65684.0,65145.0,65323.0,2121.8347,-2.0331e-06,-0.0005162651,-0.0045820494689298,-0.020331
2026-02-23 17:00:00+00:00,65326.0,65415.0,64122.0,64777.0,4383.05022,4.1918e-06,-0.0004664652,-0.0083935927068465,0.041918
2026-02-23 18:00:00+00:00,64779.0,65165.0,64553.0,64599.0,2795.72217,1.25e-05,-0.0003857528,-0.0027516712885459,0.125
2026-02-23 19:00:00+00:00,64598.0,64827.0,64072.0,64270.0,3102.95314,1.25e-05,-0.0003888014,-0.0051059714093857,0.125
2026-02-23 20:00:00+00:00,64270.0,64453.0,63859.0,64450.0,2100.4723,1.25e-05,-0.0003147936,0.0027967700020016,0.125
2026-02-23 21:00:00+00:00,64449.0,64769.0,64432.0,64559.0,1059.98306,1.25e-05,-0.000299112,0.0016898049893715,0.125
2026-02-23 22:00:00+00:00,64559.0,65000.0,64536.0,64704.0,1649.25275,1.25e-05,-0.0002731841,0.0022434890234383,0.125
2026-02-23 23:00:00+00:00,64705.0,64889.0,64504.0,64631.0,1341.61276,1.25e-05,-0.0002642824,-0.001128851552202,0.125
2026-02-24 00:00:00+00:00,64631.0,64994.0,64630.0,64921.0,904.70113,1.25e-05,-0.0002387864,0.0044769742555816,0.125
2026-02-24 01:00:00+00:00,64922.0,64922.0,63416.0,64130.0,7166.43662,1.25e-05,-0.0002273519,-0.0122588729406141,0.125
2026-02-24 02:00:00+00:00,64129.0,64479.0,63951.0,64081.0,1688.6588,1.25e-05,-0.0003650736,-0.0007643650292986,0.125
2026-02-24 03:00:00+00:00,64081.0,64081.0,63313.0,63559.0,2032.23717,5.5746e-06,-0.000455403,-0.0081792997522381,0.055746
2026-02-24 04:00:00+00:00,63560.0,63599.0,62839.0,63352.0,2615.84093,8.3336e-06,-0.0004333316,-0.0032621314711233,0.083336
2026-02-24 05:00:00+00:00,63352.0,63520.0,62667.0,63075.0,1735.88042,7.4794e-06,-0.0004401644,-0.0043819823809899,0.074794
2026-02-24 06:00:00+00:00,63075.0,63292.0,62865.0,63055.0,1233.39978,1.12323e-05,-0.0004101416,-0.0003171331192836,0.1123229999999999
2026-02-24 07:00:00+00:00,63054.0,63337.0,62889.0,63173.0,919.48681,1.00947e-05,-0.0004192422,0.0018696332726921,0.100947
2026-02-24 08:00:00+00:00,63171.0,63414.0,62993.0,63387.0,985.89782,1.15639e-05,-0.0004074888,0.0033817984189627,0.1156389999999999
2026-02-24 09:00:00+00:00,63387.0,63398.0,62909.0,63222.0,704.7045,1.25e-05,-0.0003126487,-0.0026064512540471,0.125
2026-02-24 10:00:00+00:00,63223.0,63343.0,63089.0,63257.0,543.32405,1.25e-05,-0.0002986756,0.0005534515752559,0.125
2026-02-24 11:00:00+00:00,63256.0,63302.0,63035.0,63196.0,976.674,1.25e-05,-0.0003770784,-0.000964785410099,0.125
2026-02-24 12:00:00+00:00,63197.0,63330.0,62930.0,62941.0,1570.38729,1.25e-05,-0.0003640015,-0.004043228353115,0.125
2026-02-24 13:00:00+00:00,62941.0,63070.0,62468.0,62883.0,2514.9918,1.25e-05,-0.0003210709,-0.0009219227509545,0.125
2026-02-24 14:00:00+00:00,62884.0,63826.0,62747.0,63432.0,3524.60629,1.25e-05,-0.0003306836,0.0086926090635648,0.125
2026-02-24 15:00:00+00:00,63432.0,64023.0,63290.0,63957.0,3586.36719,1.25e-05,-0.0002497007,0.0082425165804169,0.125
2026-02-24 16:00:00+00:00,63956.0,64408.0,63650.0,64232.0,3443.44125,1.25e-05,-0.0002683756,0.0042905463318681,0.125
2026-02-24 17:00:00+00:00,64233.0,64503.0,64014.0,64186.0,2361.08135,1.25e-05,-0.0003685667,-0.0007164105026932,0.125
2026-02-24 18:00:00+00:00,64186.0,64471.0,63880.0,64394.0,2507.99733,-7.6e-07,-0.00050608,0.003235342688375,-0.0076
2026-02-24 19:00:00+00:00,64395.0,64719.0,64200.0,64403.0,3172.57433,3.9714e-06,-0.0004682289,0.0001397548081811,0.039714
2026-02-24 20:00:00+00:00,64403.0,64548.0,64287.0,64431.0,716.57801,4.4999e-06,-0.0004640008,0.0004346678740217,0.044999
2026-02-24 21:00:00+00:00,64435.0,64435.0,63781.0,63994.0,3850.50897,2.3461e-06,-0.0004812316,-0.0068055547854014,0.023461
2026-02-24 22:00:00+00:00,63993.0,64183.0,63930.0,64088.0,512.03922,-2.05695e-05,-0.0006645558,0.0014678099479498,-0.205695
2026-02-24 23:00:00+00:00,64087.0,64209.0,63800.0,64015.0,1310.88444,-1.3576e-05,-0.0006086083,-0.0011397080146733,-0.13576
2026-02-25 00:00:00+00:00,64015.0,64280.0,63852.0,64186.0,1353.47008,-1.44896e-05,-0.0006159166,0.0026676874815472,-0.144896
2026-02-25 01:00:00+00:00,64185.0,66266.0,64116.0,65865.0,8573.69886,-1.3095e-05,-0.0006047602,0.0258220743021008,-0.13095
2026-02-25 02:00:00+00:00,65866.0,66326.0,65837.0,65854.0,1653.34583,1.00786e-05,-0.0004193715,-0.0001670222219356,0.100786
2026-02-25 03:00:00+00:00,65855.0,65923.0,65329.0,65356.0,1782.08037,7.6837e-06,-0.0004385306,-0.0075909212912777,0.076837
2026-02-25 04:00:00+00:00,65357.0,65630.0,65100.0,65427.0,901.17919,6.4998e-06,-0.0004480016,0.0010857681346216,0.064998
2026-02-25 05:00:00+00:00,65429.0,65489.0,64726.0,64851.0,1198.22419,8.5683e-06,-0.0004314533,-0.0088426864591733,0.085683
2026-02-25 06:00:00+00:00,64852.0,65093.0,64835.0,64865.0,660.72814,7.9712e-06,-0.0004362307,0.0002158561789503,0.0797119999999999
2026-02-25 07:00:00+00:00,64865.0,65181.0,64758.0,64997.0,960.0371,1.15878e-05,-0.0004072977,0.002032927961386,0.115878
2026-02-25 08:00:00+00:00,64997.0,65560.0,64931.0,65494.0,994.96343,1.25e-05,-0.0003861306,0.0076174204075934,0.125
2026-02-25 09:00:00+00:00,65494.0,65657.0,65401.0,65529.0,461.55408,1.0181e-05,-0.0004185521,0.0005342573568381,0.10181
2026-02-25 10:00:00+00:00,65529.0,65623.0,65320.0,65371.0,247.89102,8.4941e-06,-0.0004320469,-0.0024140577040647,0.084941
2026-02-25 11:00:00+00:00,65370.0,65446.0,65163.0,65398.0,417.11538,5.0215e-06,-0.0004598283,0.0004129419110595,0.050215
2026-02-25 12:00:00+00:00,65398.0,66200.0,65297.0,66040.0,1849.4923,-3.93e-08,-0.0005003141,0.0097689420961391,-0.000393
2026-02-25 13:00:00+00:00,66039.0,66648.0,65995.0,66210.0,1670.16635,1.17131e-05,-0.0004062956,0.0025708898848273,0.117131
2026-02-25 14:00:00+00:00,66209.0,66984.0,66165.0,66943.0,2422.0678,1.11928e-05,-0.0004104576,0.0110100020955687,0.111928
2026-02-25 15:00:00+00:00,66942.0,67534.0,66690.0,67368.0,2844.5481,1.25e-05,-0.0003989454,0.0063286166953675,0.125
2026-02-25 16:00:00+00:00,67366.0,68275.0,67366.0,68264.0,3989.29642,2.5835e-06,-0.0004793318,0.0132124135065925,0.025835
2026-02-25 17:00:00+00:00,68264.0,68847.0,67988.0,68624.0,4477.14107,4.1614e-06,-0.000466709,0.0052597865402409,0.041614
2026-02-25 18:00:00+00:00,68625.0,69495.0,68329.0,69277.0,4542.7597,-7.7902e-06,-0.0005623217,0.0094706330016572,-0.077902
2026-02-25 19:00:00+00:00,69278.0,69372.0,68743.0,68994.0,3070.24202,-1.00079e-05,-0.0005800635,-0.0040934164815992,-0.100079
2026-02-25 20:00:00+00:00,68993.0,69326.0,68576.0,69096.0,1822.47666,-7.7964e-06,-0.000562371,0.0014772976834016,-0.077964
2026-02-25 21:00:00+00:00,69096.0,69984.0,68726.0,68881.0,3362.24153,-8.7729e-06,-0.0005701835,-0.0031164639615714,-0.087729
2026-02-25 22:00:00+00:00,68881.0,69140.0,68022.0,68418.0,2210.86536,-8.4226e-06,-0.0005673812,-0.0067444301131367,-0.084226
2026-02-25 23:00:00+00:00,68418.0,68659.0,67511.0,67944.0,2812.06067,-9.8566e-06,-0.0005788527,-0.0069521114255682,-0.098566
2026-02-26 00:00:00+00:00,67945.0,68498.0,67686.0,68300.0,2453.45867,-6.8873e-06,-0.0005550988,0.0052259300990363,-0.068873
2026-02-26 01:00:00+00:00,68302.0,68662.0,68169.0,68210.0,1181.69309,-7.5521e-06,-0.0005604172,-0.0013185849101164,-0.075521
2026-02-26 02:00:00+00:00,68211.0,68301.0,67771.0,68218.0,891.35069,-5.4547e-06,-0.0005436379,0.000117277978262,-0.054547
2026-02-26 03:00:00+00:00,68218.0,68336.0,68002.0,68193.0,1086.76133,-3.4477e-06,-0.0005275813,-0.0003665393594343,-0.034477
2026-02-26 04:00:00+00:00,68193.0,68816.0,68150.0,68544.0,2164.06598,-1.5703e-06,-0.0005125621,0.0051339545398279,-0.015703
2026-02-26 05:00:00+00:00,68544.0,68544.0,68100.0,68407.0,891.32539,8.9994e-06,-0.0004280048,-0.002000716251789,0.089994
2026-02-26 06:00:00+00:00,68409.0,68496.0,68039.0,68143.0,577.22717,4.8208e-06,-0.0004614333,-0.0038667203066054,0.0482079999999999
2026-02-26 07:00:00+00:00,68144.0,68266.0,67800.0,67800.0,886.06513,4.4993e-06,-0.0004640055,-0.0050462433205392,0.044993
2026-02-26 08:00:00+00:00,67801.0,68202.0,67771.0,67920.0,1008.60154,1.25e-05,-0.0003877125,0.0017683470567419,0.125
2026-02-26 09:00:00+00:00,67921.0,68622.0,67902.0,68560.0,1514.01708,1.01537e-05,-0.0004187702,0.0093787322864325,0.101537
2026-02-26 10:00:00+00:00,68560.0,68692.0,68235.0,68269.0,1298.11692,1.25e-05,-0.0003502674,-0.0042534906888935,0.125
2026-02-26 11:00:00+00:00,68269.0,68368.0,67956.0,68012.0,736.56555,1.25e-05,-0.0003684669,-0.0037716234053914,0.125
2026-02-26 12:00:00+00:00,68011.0,68259.0,67974.0,68122.0,1002.37914,5.9675e-06,-0.00045226,0.0016160551212772,0.059675
2026-02-26 13:00:00+00:00,68123.0,68179.0,67802.0,67871.0,1208.49396,-1.7577e-06,-0.0005140619,-0.0036913706590042,-0.017577
2026-02-26 14:00:00+00:00,67870.0,68219.0,67255.0,67672.0,3572.20322,-6.7917e-06,-0.0005543338,-0.002936339655799,-0.0679169999999999
2026-02-26 15:00:00+00:00,67671.0,67712.0,66765.0,67354.0,4677.59265,7.2061e-06,-0.0004423516,-0.0047102126691381,0.072061
2026-02-26 16:00:00+00:00,67353.0,67519.0,66488.0,66613.0,4180.69152,1.19802e-05,-0.0004041583,-0.01106253863914,0.1198019999999999
2026-02-26 17:00:00+00:00,66614.0,67026.0,66582.0,66813.0,1780.73751,1.10541e-05,-0.000411567,0.0029979186933869,0.110541
2026-02-26 18:00:00+00:00,66813.0,67344.0,66554.0,67278.0,2119.0596,1.25e-05,-0.0003440018,0.0069356163199766,0.125
2026-02-26 19:00:00+00:00,67278.0,67910.0,67264.0,67567.0,2573.52461,1.25e-05,-0.0003271252,0.0042864094699887,0.125
2026-02-26 20:00:00+00:00,67567.0,67797.0,67260.0,67387.0,1038.98553,1.25e-05,-0.0003477727,-0.0026675772002238,0.125
2026-02-26 21:00:00+00:00,67388.0,67561.0,67121.0,67437.0,544.10036,1.25e-05,-0.0003781109,0.0007417077418294,0.125
2026-02-26 22:00:00+00:00,67437.0,67607.0,67299.0,67541.0,503.96627,1.25e-05,-0.0003361427,0.0015409921702848,0.125
2026-02-26 23:00:00+00:00,67540.0,67626.0,67365.0,67453.0,519.6001,1.25e-05,-0.0003521864,-0.0013037618333431,0.125
2026-02-27 00:00:00+00:00,67452.0,67510.0,66988.0,67199.0,912.52671,5.9437e-06,-0.00045245,-0.0037726925893343,0.059437
2026-02-27 01:00:00+00:00,67198.0,67346.0,66850.0,67312.0,777.16725,9.8703e-06,-0.0004210377,0.0016801603821645,0.098703
2026-02-27 02:00:00+00:00,67312.0,67499.0,67223.0,67229.0,1075.88918,5.5964e-06,-0.0004552291,-0.0012338247899064,0.055964
2026-02-27 03:00:00+00:00,67229.0,67695.0,67069.0,67572.0,1213.49137,7.2649e-06,-0.0004418808,0.005088994002223,0.0726489999999999
2026-02-27 04:00:00+00:00,67571.0,68178.0,67552.0,67716.0,1881.99734,9.0446e-06,-0.0004276434,0.0021287927145215,0.090446
2026-02-27 05:00:00+00:00,67715.0,67890.0,67647.0,67690.0,717.14085,1.18849e-05,-0.0004049206,-0.0003840302544871,0.118849
2026-02-27 06:00:00+00:00,67689.0,67798.0,67494.0,67626.0,823.3646,5.7384e-06,-0.0004540928,-0.0009459340325197,0.057384
2026-02-27 07:00:00+00:00,67627.0,67747.0,67425.0,67654.0,1094.38351,8.403e-06,-0.000432776,0.0004139562448231,0.08403
2026-02-27 08:00:00+00:00,67654.0,68034.0,67636.0,67910.0,1455.47027,6.2564e-06,-0.000449949,0.0037768183928802,0.062564
2026-02-27 09:00:00+00:00,67910.0,68127.0,67268.0,67337.0,1490.64282,7.7008e-06,-0.0004383937,-0.0084734364297043,0.077008
2026-02-27 10:00:00+00:00,67336.0,67381.0,66529.0,66575.0,2533.47355,1.25e-05,-0.0003762835,-0.0113807309959997,0.125
2026-02-27 11:00:00+00:00,66575.0,66752.0,65935.0,66103.0,2767.35837,4.3233e-06,-0.0004654139,-0.0071150000931361,0.043233
2026-02-27 12:00:00+00:00,66103.0,66175.0,65714.0,65901.0,2096.68708,9.3432e-06,-0.0004252547,-0.0030605157067014,0.093432
2026-02-27 13:00:00+00:00,65900.0,66318.0,65638.0,66246.0,1628.80984,1.25e-05,-0.0003632963,0.0052214697848964,0.125
2026-02-27 14:00:00+00:00,66245.0,66298.0,65653.0,65872.0,2458.64942,1.25e-05,-0.000362736,-0.005661620657506,0.125
2026-02-27 15:00:00+00:00,65870.0,66280.0,65816.0,66081.0,1445.17266,7.528e-06,-0.0004397761,0.0031677972425813,0.07528
2026-02-27 16:00:00+00:00,66080.0,66097.0,65425.0,65441.0,2483.66937,9.6065e-06,-0.0004231477,-0.0097322889188003,0.096065
2026-02-27 17:00:00+00:00,65440.0,65701.0,65085.0,65664.0,2203.23125,9.4858e-06,-0.0004241135,0.0034018567569198,0.094858
2026-02-27 18:00:00+00:00,65663.0,65749.0,65193.0,65274.0,1017.15814,-5.034e-06,-0.000540272,-0.0059570354412489,-0.05034
2026-02-27 19:00:00+00:00,65273.0,65436.0,65126.0,65362.0,751.86114,-6.1853e-06,-0.0005494827,0.0013472551717859,-0.061853
2026-02-27 20:00:00+00:00,65361.0,65622.0,65361.0,65557.0,796.99843,-5.6917e-06,-0.0005455333,0.0029789433803216,-0.056917
2026-02-27 21:00:00+00:00,65557.0,65696.0,65350.0,65490.0,596.48688,-2.3766e-06,-0.0005190126,-0.0010225339891458,-0.023766
2026-02-27 22:00:00+00:00,65490.0,65629.0,64849.0,65599.0,1134.09625,-6.3093e-06,-0.0005504744,0.0016629927014526,-0.063093
2026-02-27 23:00:00+00:00,65599.0,65924.0,65514.0,65837.0,924.3329,-8.6467e-06,-0.0005691739,0.0036215383932077,-0.086467
2026-02-28 00:00:00+00:00,65838.0,65983.0,65685.0,65908.0,857.17833,-3.7569e-06,-0.0005300549,0.0010778398705624,-0.037569
2026-02-28 01:00:00+00:00,65909.0,65940.0,65712.0,65744.0,481.89777,-3.1098e-06,-0.0005248785,-0.002491418054131,-0.0310979999999999
2026-02-28 02:00:00+00:00,65744.0,65973.0,65726.0,65929.0,275.94308,-4.5268e-06,-0.0005362141,0.002809993267123,-0.0452679999999999
2026-02-28 03:00:00+00:00,65929.0,65941.0,65708.0,65754.0,281.54747,-3.6773e-06,-0.0005294182,-0.0026578996988668,-0.036773
2026-02-28 04:00:00+00:00,65754.0,65781.0,65456.0,65629.0,424.73908,-9.8772e-06,-0.0005790178,-0.0019028342740908,-0.098772
2026-02-28 05:00:00+00:00,65629.0,65686.0,65452.0,65549.0,314.25342,-6.4397e-06,-0.0005515174,-0.0012197168720068,-0.064397
2026-02-28 06:00:00+00:00,65550.0,65553.0,62983.0,63184.0,5885.70033,-6.9089e-06,-0.0005552716,-0.0367468500189187,-0.069089
2026-02-28 07:00:00+00:00,63183.0,64315.0,63000.0,63783.0,4067.11148,-1.94227e-05,-0.0006553816,0.0094355926200446,-0.1942269999999999
2026-02-28 08:00:00+00:00,63782.0,63833.0,63344.0,63425.0,1860.20036,-1.55382e-05,-0.0006243055,-0.0056285916789927,-0.155382
2026-02-28 09:00:00+00:00,63424.0,63888.0,63313.0,63612.0,1091.71107,-1.76998e-05,-0.0006415981,0.0029440263083238,-0.176998
2026-02-28 10:00:00+00:00,63610.0,64000.0,63435.0,63952.0,1442.72806,-3.06471e-05,-0.0007451765,0.0053306701752984,-0.306471
2026-02-28 11:00:00+00:00,63953.0,64258.0,63725.0,63782.0,2822.69076,-2.33124e-05,-0.0006864988,-0.0026617830862899,-0.233124
2026-02-28 12:00:00+00:00,63781.0,64028.0,63777.0,63971.0,824.05851,-2.70008e-05,-0.0007160063,0.0029588367848385,-0.270008
2026-02-28 13:00:00+00:00,63972.0,65200.0,63854.0,65063.0,5296.38288,-3.23758e-05,-0.0007590066,0.0169261755964903,-0.323758
2026-02-28 14:00:00+00:00,65073.0,65333.0,64257.0,64397.0,2922.40559,-2.06754e-05,-0.0006654029,-0.0102889830896915,-0.206754
2026-02-28 15:00:00+00:00,64397.0,64993.0,64172.0,64800.0,1708.17317,-7.6687e-06,-0.0005613499,0.006238555183914,-0.076687
2026-02-28 16:00:00+00:00,64799.0,65181.0,64636.0,65065.0,994.53887,-1.78e-06,-0.0005142397,0.0040811668704915,-0.0178
2026-02-28 17:00:00+00:00,65064.0,65549.0,64807.0,65412.0,1834.06657,-1.5549e-06,-0.0005124393,0.0053189576414235,-0.0155489999999999
2026-02-28 18:00:00+00:00,65411.0,66159.0,65161.0,65879.0,2255.88652,2.1732e-06,-0.0004826147,0.0071139982105516,0.0217319999999999
2026-02-28 19:00:00+00:00,65878.0,66620.0,65559.0,66326.0,3576.44214,4.3994e-06,-0.0004648047,0.0067622511004605,0.043994
2026-02-28 20:00:00+00:00,66325.0,67120.0,66163.0,66915.0,3486.57552,1.1249e-06,-0.000491001,0.0088411800671813,0.011249
2026-02-28 21:00:00+00:00,66915.0,66977.0,66313.0,66681.0,3177.79264,2.1009e-06,-0.0004831928,-0.0035031024775985,0.021009
2026-02-28 22:00:00+00:00,66681.0,67760.0,66574.0,67072.0,4821.97526,1.0621e-06,-0.000491503,0.0058466144877831,0.010621
2026-02-28 23:00:00+00:00,67072.0,67175.0,66713.0,66931.0,1845.78665,7.72e-08,-0.0004993821,-0.0021044312744701,0.000772
2026-03-01 00:00:00+00:00,66931.0,67098.0,66596.0,66762.0,1292.93577,1.8723e-06,-0.0004850215,-0.0025281815804337,0.018723
2026-03-01 01:00:00+00:00,66762.0,67687.0,66026.0,67316.0,2809.69803,9.7737e-06,-0.0004218102,0.0082638934472083,0.0977369999999999
2026-03-01 02:00:00+00:00,67316.0,68173.0,67302.0,67601.0,3699.06754,8.9086e-06,-0.0004287315,0.0042248259880859,0.089086
2026-03-01 03:00:00+00:00,67600.0,67791.0,67376.0,67479.0,1515.3933,1.25e-05,-0.0003354836,-0.0018063374766413,0.125
2026-03-01 04:00:00+00:00,67479.0,67574.0,67037.0,67312.0,1688.24145,1.25e-05,-0.0003286348,-0.0024779115141063,0.125
2026-03-01 05:00:00+00:00,67313.0,67533.0,67171.0,67270.0,653.19724,4.2426e-06,-0.000466059,-0.0006241548106506,0.042426
2026-03-01 06:00:00+00:00,67270.0,67321.0,66750.0,66901.0,1307.57822,6.0385e-06,-0.0004516918,-0.005500457331938,0.060385
2026-03-01 07:00:00+00:00,66900.0,67211.0,66755.0,67113.0,599.76156,8.6278e-06,-0.0004309778,0.0031638511923007,0.086278
2026-03-01 08:00:00+00:00,67112.0,67267.0,66404.0,66524.0,1774.04987,9.1305e-06,-0.000426956,-0.0088149810899837,0.091305
2026-03-01 09:00:00+00:00,66527.0,66732.0,66209.0,66368.0,1050.02126,4.2297e-06,-0.0004661621,-0.0023477722008312,0.042297
2026-03-01 10:00:00+00:00,66367.0,66696.0,66193.0,66428.0,838.17509,-1.13178e-05,-0.0005905424,0.0009036417374445,-0.113178
2026-03-01 11:00:00+00:00,66428.0,66642.0,66321.0,66430.0,964.75268,-4.8228e-06,-0.0005385822,3.01073326432464e-05,-0.048228
2026-03-01 12:00:00+00:00,66430.0,66521.0,66213.0,66265.0,788.8118,-1.7256e-06,-0.000513805,-0.0024869073445078,-0.017256
2026-03-01 13:00:00+00:00,66265.0,67275.0,66087.0,66904.0,1582.87869,-2.236e-07,-0.000501789,0.0095969017465826,-0.0022359999999999
2026-03-01 14:00:00+00:00,66904.0,67263.0,66729.0,66833.0,1287.74871,5.55e-07,-0.0004955602,-0.0010617855443202,0.0055499999999999
2026-03-01 15:00:00+00:00,66832.0,67214.0,66780.0,66796.0,1093.92243,5.7302e-06,-0.0004541582,-0.0005537720247183,0.057302
2026-03-01 16:00:00+00:00,66796.0,67073.0,65783.0,66100.0,2073.38994,3.3034e-06,-0.0004735728,-0.0104744516525453,0.033034
2026-03-01 17:00:00+00:00,66099.0,66181.0,65658.0,65950.0,1238.17587,-2.7597e-06,-0.0005220779,-0.002271867694317,-0.027597
2026-03-01 18:00:00+00:00,65951.0,66624.0,65949.0,66277.0,1253.48439,-5.4687e-06,-0.0005437493,0.0049460498480284,-0.054687
2026-03-01 19:00:00+00:00,66278.0,66309.0,65753.0,65919.0,755.59371,-7.1472e-06,-0.0005571774,-0.0054162134281125,-0.071472
2026-03-01 20:00:00+00:00,65919.0,65923.0,65056.0,65251.0,1966.11411,-8.194e-06,-0.000565552,-0.0101853438273754,-0.08194
2026-03-01 21:00:00+00:00,65252.0,65708.0,65234.0,65626.0,776.17847,-1.57652e-05,-0.0006261218,0.0057305871350634,-0.157652
2026-03-01 22:00:00+00:00,65627.0,66500.0,65000.0,65222.0,2873.25506,-1.7312e-05,-0.0006384956,-0.0061751235598802,-0.17312
2026-03-01 23:00:00+00:00,65222.0,66051.0,65093.0,65734.0,2235.32497,-1.33577e-05,-0.0006068619,0.0078194601057782,-0.133577
2026-03-02 00:00:00+00:00,65734.0,66771.0,65724.0,66469.0,1444.65211,-3.8806e-06,-0.0005310448,0.0111193781225735,-0.038806
2026-03-02 01:00:00+00:00,66470.0,67027.0,66336.0,66496.0,1435.10464,3.1778e-06,-0.0004745774,0.0004061219173632,0.031778
2026-03-02 02:00:00+00:00,66497.0,66580.0,65847.0,66242.0,1140.09819,3.731e-06,-0.0004701522,-0.0038270926188496,0.0373099999999999
2026-03-02 03:00:00+00:00,66243.0,67000.0,66078.0,66789.0,1517.2843,7.087e-07,-0.0004943303,0.0082236934663033,0.0070869999999999
2026-03-02 04:00:00+00:00,66790.0,66942.0,66591.0,66834.0,1243.16446,4.3002e-06,-0.000465598,0.0006735367668917,0.043002
2026-03-02 05:00:00+00:00,66835.0,66959.0,66524.0,66699.0,802.64148,5.1055e-06,-0.0004591562,-0.0020219727856665,0.0510549999999999
2026-03-02 06:00:00+00:00,66699.0,66700.0,66014.0,66173.0,1719.07582,2.4648e-06,-0.0004802819,-0.0079174355428391,0.024648
2026-03-02 07:00:00+00:00,66174.0,66174.0,65515.0,65968.0,1249.29844,-1.40785e-05,-0.0006126278,-0.0031027487980578,-0.140785
2026-03-02 08:00:00+00:00,65969.0,66274.0,65631.0,66241.0,1226.91655,-4.6197e-06,-0.000536958,0.0041298306168647,-0.046197
2026-03-02 09:00:00+00:00,66240.0,66692.0,66124.0,66131.0,1774.37688,-4.493e-07,-0.0005035948,-0.0016619832792442,-0.004493
2026-03-02 10:00:00+00:00,66125.0,66350.0,66038.0,66280.0,488.44031,-2.4781e-06,-0.0005198248,0.0022505692561974,-0.024781
2026-03-02 11:00:00+00:00,66280.0,66427.0,65979.0,66337.0,567.20353,-1.7532e-06,-0.0005140255,0.0008596183522471,-0.017532
2026-03-02 12:00:00+00:00,66334.0,66360.0,65869.0,65932.0,800.71073,-8.15e-07,-0.0005065202,-0.0061239030414997,-0.00815
2026-03-02 13:00:00+00:00,65933.0,66102.0,65323.0,65414.0,2160.39544,-6.127e-06,-0.0005490157,-0.0078876050367994,-0.06127
2026-03-02 14:00:00+00:00,65414.0,67214.0,65250.0,67142.0,5138.42804,2.012e-07,-0.00049839,0.0260734767775487,0.002012
2026-03-02 15:00:00+00:00,67142.0,69597.0,66954.0,69093.0,10848.3983,5.8162e-06,-0.00045347,0.0286436435721222,0.058162
2026-03-02 16:00:00+00:00,69092.0,70067.0,68901.0,69385.0,5106.61483,-6.583e-06,-0.000552664,0.004217282640993,-0.06583
2026-03-02 17:00:00+00:00,69384.0,69500.0,68750.0,69159.0,2946.19524,-1.34806e-05,-0.0006078445,-0.0032625043374051,-0.1348059999999999
2026-03-02 18:00:00+00:00,69158.0,69232.0,68693.0,68839.0,1757.9622,-2.20042e-05,-0.0006760339,-0.0046377566858569,-0.220042
2026-03-02 19:00:00+00:00,68839.0,69001.0,68534.0,68916.0,1551.66974,-7.447e-06,-0.0005595762,0.0011179268704481,-0.07447
2026-03-02 20:00:00+00:00,68916.0,69462.0,68528.0,69076.0,2621.2609,-1.07447e-05,-0.0005859575,0.0023189760522638,-0.107447
2026-03-02 21:00:00+00:00,69076.0,69492.0,68962.0,69367.0,1501.72923,-1.1182e-05,-0.0005894557,0.0042039023795376,-0.11182
2026-03-02 22:00:00+00:00,69366.0,69462.0,69108.0,69396.0,958.19689,-6.7074e-06,-0.0005536588,0.0004179788621204,-0.067074
2026-03-02 23:00:00+00:00,69396.0,69453.0,68689.0,68774.0,1213.1386,-3.4761e-06,-0.0005278091,-0.0090034624263644,-0.034761
2026-03-03 00:00:00+00:00,68773.0,69127.0,68604.0,69054.0,1106.17881,-1.5143e-05,-0.0006211443,0.004063040676692,-0.15143
2026-03-03 01:00:00+00:00,69054.0,69199.0,68705.0,68716.0,812.56388,-1.02083e-05,-0.0005816661,-0.0049067384502098,-0.102083
2026-03-03 02:00:00+00:00,68716.0,68722.0,68204.0,68474.0,1510.63127,-9.0166e-06,-0.000572133,-0.0035279575917203,-0.090166
2026-03-03 03:00:00+00:00,68473.0,68506.0,68200.0,68327.0,797.13166,-4.3214e-06,-0.0005345715,-0.0021491079243374,-0.0432139999999999
2026-03-03 04:00:00+00:00,68326.0,68414.0,68013.0,68095.0,702.36853,-3.2367e-06,-0.0005258939,-0.0034012142272206,-0.032367
2026-03-03 05:00:00+00:00,68095.0,68546.0,67824.0,67919.0,1835.76445,-2.722e-06,-0.0005217757,-0.0025879703299853,-0.02722
2026-03-03 06:00:00+00:00,67919.0,68185.0,67800.0,68084.0,1275.925,7.8273e-06,-0.0004373814,0.0024264182547914,0.078273
2026-03-03 07:00:00+00:00,68084.0,68237.0,67935.0,68148.0,1074.63429,1.25e-05,-0.0003309426,0.000939573737569,0.125
2026-03-03 08:00:00+00:00,68151.0,68279.0,66900.0,66991.0,4357.1908,1.25e-05,-0.0003089742,-0.0171235286734006,0.125
2026-03-03 09:00:00+00:00,66990.0,67181.0,66371.0,66643.0,4264.99871,1.25e-05,-0.0002925699,-0.0052082671573851,0.125
2026-03-03 10:00:00+00:00,66643.0,67012.0,66432.0,66845.0,1817.13744,1.25e-05,-0.0001652652,0.0030264915825758,0.125
2026-03-03 11:00:00+00:00,66844.0,67151.0,66760.0,67012.0,1550.52934,1.25e-05,-0.0001643177,0.0024952013962,0.125
2026-03-03 12:00:00+00:00,67012.0,67968.0,67011.0,67378.0,2312.67881,1.25e-05,-0.0002050149,0.0054468473082519,0.125
2026-03-03 13:00:00+00:00,67378.0,67423.0,66616.0,66917.0,2031.13926,1.25e-05,-0.0001704937,-0.0068655096731335,0.125
2026-03-03 14:00:00+00:00,66916.0,67578.0,66104.0,66541.0,4122.05185,1.25e-05,-0.0002437152,-0.0056347464347483,0.125
2026-03-03 15:00:00+00:00,66540.0,67818.0,66433.0,67691.0,4039.20267,1.25e-05,-0.000267843,0.0171349326106425,0.125
2026-03-03 16:00:00+00:00,67692.0,69000.0,67466.0,68154.0,9479.05099,1.25e-05,-0.0002941964,0.0068166188350407,0.125
2026-03-03 17:00:00+00:00,68155.0,68372.0,67597.0,68282.0,3173.50301,1.25e-05,-0.0001008108,0.0018763381739942,0.125
2026-03-03 18:00:00+00:00,68288.0,68879.0,67950.0,68588.0,2241.53144,1.25e-05,-0.0002792352,0.0044714036652709,0.125
2026-03-03 19:00:00+00:00,68588.0,68861.0,68292.0,68391.0,2214.11011,1.25e-05,-0.0003926103,-0.0028763552927376,0.125
2026-03-03 20:00:00+00:00,68393.0,68570.0,68043.0,68231.0,976.2784,8.0873e-06,-0.0004353013,-0.0023422299943963,0.080873
2026-03-03 21:00:00+00:00,68231.0,68231.0,67791.0,67990.0,918.24462,1.1931e-06,-0.0004904554,-0.0035383714911025,0.011931
2026-03-03 22:00:00+00:00,67990.0,68495.0,67983.0,68284.0,998.45904,4.926e-07,-0.000496059,0.0043148429801381,0.004926
2026-03-03 23:00:00+00:00,68285.0,68837.0,68215.0,68299.0,980.40211,5.3304e-06,-0.0004573566,0.0002196466626199,0.053304
2026-03-04 00:00:00+00:00,68298.0,68386.0,67817.0,68063.0,1289.35955,4.7084e-06,-0.0004623332,-0.0034613783257657,0.0470839999999999
2026-03-04 01:00:00+00:00,68062.0,68877.0,67925.0,68390.0,2660.55513,4.6936e-06,-0.0004624508,0.0047928682546441,0.046936
2026-03-04 02:00:00+00:00,68390.0,68415.0,67950.0,68268.0,1312.64115,2.4693e-06,-0.0004802457,-0.001785479553494,0.024693
2026-03-04 03:00:00+00:00,68267.0,68355.0,67351.0,67695.0,2133.69757,4.3397e-06,-0.0004652823,-0.0084288136094364,0.043397
2026-03-04 04:00:00+00:00,67694.0,67912.0,67407.0,67748.0,1979.2134,2.986e-07,-0.0004976108,0.0007826170818005,0.002986
2026-03-04 05:00:00+00:00,67747.0,68353.0,67651.0,68176.0,1554.01,-4.868e-06,-0.0005389437,0.0062976577286813,-0.04868
2026-03-04 06:00:00+00:00,68176.0,68677.0,68000.0,68478.0,2285.7417,7.9757e-06,-0.0004361943,0.0044199290419617,0.079757
2026-03-04 07:00:00+00:00,68478.0,69635.0,68317.0,69473.0,4983.08636,7.9232e-06,-0.0004366143,0.0144256620811129,0.079232
2026-03-04 08:00:00+00:00,69474.0,71170.0,69123.0,71000.0,4678.30371,1.25e-05,-0.0003953759,0.0217416891606845,0.125
2026-03-04 09:00:00+00:00,71000.0,71850.0,70705.0,71474.0,6166.63388,1.25e-05,-0.000322218,0.0066538701632752,0.125
2026-03-04 10:00:00+00:00,71474.0,71833.0,71166.0,71290.0,2964.43187,1.25e-05,-0.000390514,-0.0025776820750536,0.125
2026-03-04 11:00:00+00:00,71290.0,71456.0,70900.0,71077.0,2110.75485,-9.5213e-06,-0.0005761706,-0.002992268698893,-0.0952129999999999
2026-03-04 12:00:00+00:00,71077.0,71300.0,70548.0,71293.0,2454.16375,2.0584e-06,-0.0004835325,0.0030343494518642,0.020584
2026-03-04 13:00:00+00:00,71293.0,71561.0,71162.0,71441.0,1654.80362,-7.344e-07,-0.0005058755,0.0020737883481259,-0.007344
2026-03-04 14:00:00+00:00,71441.0,72602.0,71249.0,71564.0,6780.46883,-1.31511e-05,-0.0006052088,0.001720219996942,-0.131511
2026-03-04 15:00:00+00:00,71564.0,73429.0,71558.0,73344.0,6994.32592,-2.09528e-05,-0.000667622,0.0245685474246432,-0.209528
2026-03-04 16:00:00+00:00,73344.0,73453.0,72479.0,73231.0,4600.39157,-1.53815e-05,-0.0006230523,-0.0015418730668521,-0.1538149999999999
2026-03-04 17:00:00+00:00,73231.0,73688.0,72879.0,73164.0,2793.24447,-3.18571e-05,-0.0007548571,-0.0009153318716882,-0.318571
2026-03-04 18:00:00+00:00,73164.0,73654.0,72841.0,73651.0,2202.03973,-3.02488e-05,-0.0007419905,0.006634223835302,-0.302488
2026-03-04 19:00:00+00:00,73650.0,73995.0,73440.0,73562.0,2515.01675,-3.60062e-05,-0.0007880492,-0.0012091324929616,-0.360062
2026-03-04 20:00:00+00:00,73562.0,73634.0,72995.0,73004.0,1947.89559,-1.93777e-05,-0.0006550215,-0.0076143538882455,-0.193777
2026-03-04 21:00:00+00:00,73005.0,73250.0,72822.0,73250.0,1451.53816,-3.61459e-05,-0.0007891672,0.0033640137294025,-0.361459
2026-03-04 22:00:00+00:00,73249.0,73456.0,72578.0,72655.0,1141.06591,-3.18551e-05,-0.0007548407,-0.0081560371245174,-0.318551
2026-03-04 23:00:00+00:00,72656.0,72813.0,72255.0,72633.0,1288.84072,-2.61447e-05,-0.0007091573,-0.0003028467618543,-0.261447
2026-03-05 00:00:00+00:00,72634.0,72947.0,72492.0,72703.0,1021.25723,-2.14716e-05,-0.0006717724,0.0009632851518255,-0.214716
2026-03-05 01:00:00+00:00,72704.0,73233.0,72356.0,72495.0,1805.83925,-2.16694e-05,-0.0006733556,-0.0028650551974733,-0.216694
2026-03-05 02:00:00+00:00,72493.0,72840.0,72286.0,72464.0,1787.33289,-1.00028e-05,-0.0005800224,-0.0004277071512989,-0.100028
2026-03-05 03:00:00+00:00,72465.0,72707.0,72301.0,72451.0,1037.85826,-1.41693e-05,-0.0006133548,-0.0001794155199236,-0.141693
2026-03-05 04:00:00+00:00,72451.0,73043.0,72413.0,72783.0,1109.01434,-5.9594e-06,-0.0005476749,0.0045719401559701,-0.059594
2026-03-05 05:00:00+00:00,72783.0,72880.0,72221.0,72363.0,2099.71336,-2.2099e-06,-0.0005176796,-0.0057872924124083,-0.0220989999999999
2026-03-05 06:00:00+00:00,72363.0,72618.0,71988.0,72515.0,1901.94658,-2.7814e-06,-0.0005222516,0.0020983179747174,-0.027814
2026-03-05 07:00:00+00:00,72516.0,72631.0,71750.0,72024.0,2021.34305,-6.8444e-06,-0.0005547549,-0.0067940402060377,-0.068444
2026-03-05 08:00:00+00:00,72025.0,72344.0,71720.0,72317.0,1658.39794,-6.42e-08,-0.0005005137,0.004059836116446,-0.000642
2026-03-05 09:00:00+00:00,72317.0,72841.0,72276.0,72552.0,2259.08823,3.5923e-06,-0.0004712616,0.003244313222645,0.035923
2026-03-05 10:00:00+00:00,72551.0,73500.0,72480.0,73346.0,2054.86721,-9.5804e-06,-0.0005766429,0.0108844238960747,-0.095804
2026-03-05 11:00:00+00:00,73346.0,73399.0,72757.0,72886.0,1597.896,-4.4587e-06,-0.0005356696,-0.0062913933652666,-0.044587
2026-03-05 12:00:00+00:00,72885.0,73020.0,72640.0,72851.0,1478.54908,5.1881e-06,-0.0004584953,-0.0004803172931087,0.051881
2026-03-05 13:00:00+00:00,72850.0,72882.0,72141.0,72432.0,2590.16016,6.5359e-06,-0.0004477128,-0.0057680686893632,0.065359
2026-03-05 14:00:00+00:00,72432.0,72813.0,71930.0,72558.0,3043.12917,-6.304e-06,-0.0005504323,0.0017380513375906,-0.06304
2026-03-05 15:00:00+00:00,72559.0,72734.0,71138.0,71617.0,4596.40445,-2.4213e-06,-0.0005193702,-0.0130537660790771,-0.024213
2026-03-05 16:00:00+00:00,71617.0,71626.0,70774.0,71274.0,2253.58091,7.637e-07,-0.0004938902,-0.0048008714166585,0.007637
2026-03-05 17:00:00+00:00,71273.0,71529.0,70610.0,70668.0,2476.68019,1.02104e-05,-0.0004183169,-0.0085387507850235,0.102104
2026-03-05 18:00:00+00:00,70668.0,71057.0,70620.0,70967.0,1766.56471,1.20827e-05,-0.0004033386,0.0042221265107232,0.120827
2026-03-05 19:00:00+00:00,70968.0,71400.0,70853.0,70891.0,1761.39067,1.25e-05,-0.0003800402,-0.0010714941317556,0.125
2026-03-05 20:00:00+00:00,70891.0,71374.0,70828.0,71238.0,1247.00592,1.25e-05,-0.00027437,0.0048828977823086,0.125
2026-03-05 21:00:00+00:00,71233.0,71543.0,70994.0,71105.0,1304.2032,1.25e-05,-0.0002612459,-0.0018687260870505,0.125
2026-03-05 22:00:00+00:00,71105.0,71339.0,71042.0,71172.0,967.27562,1.25e-05,-0.0003149919,0.0009418248199303,0.125
2026-03-05 23:00:00+00:00,71171.0,71270.0,70748.0,70828.0,1229.54089,1.25e-05,-0.0003940478,-0.0048450799006194,0.125
2026-03-06 00:00:00+00:00,70827.0,71022.0,70752.0,70943.0,675.85507,4.067e-06,-0.0004674643,0.0016223349658681,0.04067
2026-03-06 01:00:00+00:00,70943.0,71256.0,70333.0,71212.0,1851.08006,-9.186e-07,-0.0005073488,0.0037846058327775,-0.009186
2026-03-06 02:00:00+00:00,71212.0,71388.0,71004.0,71220.0,1445.67747,-1.3902e-06,-0.0005111218,0.0001123343070154,-0.013902
2026-03-06 03:00:00+00:00,71219.0,71260.0,70962.0,71049.0,657.42318,2.299e-07,-0.0004981607,-0.0024038980009254,0.002299
2026-03-06 04:00:00+00:00,71049.0,71088.0,70261.0,70576.0,1451.96123,5.5067e-06,-0.0004559463,-0.0066796364861223,0.055067
2026-03-06 05:00:00+00:00,70579.0,70631.0,70087.0,70398.0,2481.44635,7.1042e-06,-0.0004431665,-0.0025252896930421,0.071042
2026-03-06 06:00:00+00:00,70398.0,70820.0,70231.0,70587.0,909.48496,5.5461e-06,-0.0004556308,0.002681137897207,0.055461
2026-03-06 07:00:00+00:00,70587.0,71150.0,70455.0,71024.0,1737.39503,6.544e-06,-0.0004476478,0.0061718565249306,0.06544
2026-03-06 08:00:00+00:00,71024.0,71049.0,70707.0,70749.0,1038.90338,1.13476e-05,-0.0004092191,-0.0038794459438405,0.113476
2026-03-06 09:00:00+00:00,70749.0,70782.0,70268.0,70535.0,710.63561,1.01837e-05,-0.0004185303,-0.0030293616213731,0.101837
2026-03-06 10:00:00+00:00,70535.0,70773.0,70445.0,70505.0,1026.46685,1.23572e-05,-0.000401142,-0.0004254112372722,0.1235719999999999
2026-03-06 11:00:00+00:00,70503.0,70608.0,70166.0,70185.0,862.80643,1.19609e-05,-0.0004043126,-0.004549016302904,0.119609
2026-03-06 12:00:00+00:00,70184.0,70201.0,69637.0,69900.0,4878.09084,1.04767e-05,-0.0004161866,-0.0040689637465246,0.104767
2026-03-06 13:00:00+00:00,69900.0,70323.0,69162.0,69188.0,3704.29841,1.04954e-05,-0.0004160367,-0.0102382120580876,0.1049539999999999
2026-03-06 14:00:00+00:00,69188.0,69226.0,68124.0,68395.0,8749.12245,1.25e-05,-0.0003932763,-0.0115277146402693,0.125
2026-03-06 15:00:00+00:00,68393.0,69077.0,68278.0,68484.0,4835.86802,1.25e-05,-0.0003979504,0.0013004188011636,0.125
2026-03-06 16:00:00+00:00,68484.0,68764.0,68181.0,68439.0,4200.0186,1.25e-05,-0.0002863879,-0.0006573037637238,0.125
2026-03-06 17:00:00+00:00,68438.0,68631.0,67720.0,67932.0,5158.93526,1.25e-05,-0.0002213411,-0.0074356327363243,0.125
2026-03-06 18:00:00+00:00,67932.0,68450.0,67918.0,68145.0,2318.56036,1.25e-05,-0.000348618,0.003130583036953,0.125
2026-03-06 19:00:00+00:00,68146.0,68451.0,67958.0,68099.0,1372.43699,1.25e-05,-0.0003555675,-0.0006752591196368,0.125
2026-03-06 20:00:00+00:00,68100.0,68256.0,67749.0,68088.0,1560.66882,1.25e-05,-0.0003656719,-0.0001615425851794,0.125
2026-03-06 21:00:00+00:00,68088.0,68322.0,67890.0,68269.0,2119.21567,1.25e-05,-0.0003483811,0.002654797425971,0.125
2026-03-06 22:00:00+00:00,68269.0,68415.0,68193.0,68294.0,1216.6957,1.25e-05,-0.0003550882,0.0003661313866754,0.125
2026-03-06 23:00:00+00:00,68293.0,68316.0,68065.0,68082.0,1158.33284,1.25e-05,-0.0003595214,-0.0031090539503988,0.125
2026-03-07 00:00:00+00:00,68082.0,68368.0,68067.0,68249.0,1004.84901,-9.787e-07,-0.0005078294,0.0024499209061679,-0.009787
2026-03-07 01:00:00+00:00,68249.0,68333.0,68147.0,68232.0,178.21351,3.885e-06,-0.0004689197,-0.0002491189262669,0.03885
2026-03-07 02:00:00+00:00,68232.0,68331.0,68019.0,68318.0,462.43997,6.1536e-06,-0.0004507713,0.0012596120303301,0.061536
2026-03-07 03:00:00+00:00,68318.0,68533.0,68063.0,68063.0,747.62032,6.6461e-06,-0.0004468312,-0.003739528191778,0.0664609999999999
2026-03-07 04:00:00+00:00,68064.0,68119.0,67790.0,68035.0,637.58655,4.7857e-06,-0.0004617146,-0.0004114682125387,0.047857
2026-03-07 05:00:00+00:00,68034.0,68115.0,67868.0,67977.0,395.50587,7.8668e-06,-0.0004370656,-0.0008528659752915,0.078668
2026-03-07 06:00:00+00:00,67977.0,67990.0,67551.0,67644.0,895.5342,3.6614e-06,-0.000470709,-0.004910753780092,0.036614
2026-03-07 07:00:00+00:00,67645.0,67829.0,67401.0,67807.0,1948.79408,-1.9997e-06,-0.0005159975,0.0024067755672883,-0.019997
2026-03-07 08:00:00+00:00,67808.0,68007.0,67681.0,67765.0,1637.80342,-1.53614e-05,-0.0006228913,-0.0006195969867472,-0.1536139999999999
2026-03-07 09:00:00+00:00,67765.0,68039.0,67702.0,67971.0,682.73973,-1.7096e-06,-0.0005136768,0.0030353061554473,-0.017096
2026-03-07 10:00:00+00:00,67971.0,68074.0,67827.0,67851.0,386.33422,2.3251e-06,-0.0004813991,-0.0017670190576424,0.023251
2026-03-07 11:00:00+00:00,67851.0,68204.0,67799.0,67981.0,974.90184,1.3615e-06,-0.0004891081,0.0019141298028766,0.013615
2026-03-07 12:00:00+00:00,67980.0,68062.0,67872.0,67955.0,798.64545,9.7247e-06,-0.0004222024,-0.0003825329613501,0.097247
2026-03-07 13:00:00+00:00,67955.0,68054.0,67829.0,67903.0,1356.56054,5.5211e-06,-0.0004558312,-0.0007655051971812,0.055211
2026-03-07 14:00:00+00:00,67903.0,68058.0,67590.0,68001.0,1477.99392,6.3895e-06,-0.0004488842,0.0014421947401998,0.063895
2026-03-07 15:00:00+00:00,68001.0,68027.0,67745.0,67852.0,921.29456,1.25e-05,-0.0003972867,-0.0021935483168527,0.125
2026-03-07 16:00:00+00:00,67852.0,67868.0,67691.0,67782.0,677.48649,1.25e-05,-0.000304259,-0.0010321896606296,0.125
2026-03-07 17:00:00+00:00,67782.0,67928.0,67747.0,67769.0,659.31291,1.25e-05,-0.0003343194,-0.0001918097253411,0.125
2026-03-07 18:00:00+00:00,67770.0,67770.0,67452.0,67546.0,1077.52556,1.25e-05,-0.0002638427,-0.0032960159906014,0.125
2026-03-07 19:00:00+00:00,67546.0,67548.0,66898.0,67053.0,2595.83665,1.25e-05,-0.0003076146,-0.0073254958008361,0.125
2026-03-07 20:00:00+00:00,67053.0,67401.0,67036.0,67356.0,695.58017,1.25e-05,-0.0003835081,0.0045086342919945,0.125
2026-03-07 21:00:00+00:00,67357.0,67450.0,67241.0,67421.0,833.70362,6.0019e-06,-0.0004519851,0.0009645563418015,0.060019
2026-03-07 22:00:00+00:00,67421.0,67432.0,67050.0,67212.0,1054.42296,2.9066e-06,-0.0004767474,-0.0031047390741686,0.0290659999999999
2026-03-07 23:00:00+00:00,67212.0,67379.0,67153.0,67230.0,442.71828,-5.526e-07,-0.0005044204,0.0002677734652497,-0.005526
2026-03-08 00:00:00+00:00,67230.0,67461.0,67140.0,67165.0,914.64854,4.6809e-06,-0.0004625524,-0.0009672979659688,0.046809
2026-03-08 01:00:00+00:00,67164.0,67331.0,67055.0,67271.0,594.01025,6.6085e-06,-0.0004471322,0.0015769588795669,0.066085
2026-03-08 02:00:00+00:00,67270.0,67402.0,66800.0,66896.0,1086.22709,3.7714e-06,-0.0004698291,-0.0055900627803342,0.037714
2026-03-08 03:00:00+00:00,66896.0,67056.0,66814.0,67001.0,930.81789,9.3321e-06,-0.0004253431,0.0015683700385088,0.093321
2026-03-08 04:00:00+00:00,67001.0,67064.0,66514.0,66604.0,1483.6446,6.5568e-06,-0.0004475459,-0.0059429088498477,0.065568
2026-03-08 05:00:00+00:00,66603.0,67215.0,66597.0,67110.0,1067.10952,3.3368e-06,-0.0004733054,0.0075684283672775,0.033368
2026-03-08 06:00:00+00:00,67110.0,67195.0,67004.0,67134.0,432.03446,-1.8846e-06,-0.0005150768,0.0003575578834912,-0.0188459999999999
2026-03-08 07:00:00+00:00,67133.0,67417.0,67118.0,67289.0,981.4227,9.709e-07,-0.0004922327,0.0023061539869709,0.009709
2026-03-08 08:00:00+00:00,67288.0,67533.0,67120.0,67501.0,609.16667,6.0921e-06,-0.0004512632,0.0031456365429506,0.0609209999999999
2026-03-08 09:00:00+00:00,67501.0,67862.0,67434.0,67669.0,1683.23656,5.9499e-06,-0.0004524011,0.002485759954221,0.059499
2026-03-08 10:00:00+00:00,67670.0,68161.0,67668.0,67858.0,2162.89398,1.25e-05,-0.0003755644,0.0027891139407159,0.125
2026-03-08 11:00:00+00:00,67858.0,67858.0,67364.0,67483.0,1065.50271,2.2344e-06,-0.0004821252,-0.0055415721718688,0.022344
2026-03-08 12:00:00+00:00,67482.0,67615.0,66837.0,67288.0,3114.16502,-7.0633e-06,-0.0005565065,-0.0028937996464925,-0.070633
2026-03-08 13:00:00+00:00,67287.0,67398.0,66782.0,67205.0,903.72558,-2.7436e-06,-0.0005219484,-0.0012342651370245,-0.027436
2026-03-08 14:00:00+00:00,67206.0,67407.0,67018.0,67303.0,1190.49905,7.754e-07,-0.0004937972,0.0014571626570979,0.007754
2026-03-08 15:00:00+00:00,67302.0,67333.0,67040.0,67175.0,383.73611,2.387e-07,-0.0004980902,-0.0019036576786546,0.002387
2026-03-08 16:00:00+00:00,67174.0,67224.0,66756.0,66835.0,888.83168,-3.7864e-06,-0.0005302915,-0.0050742590781185,-0.037864
2026-03-08 17:00:00+00:00,66834.0,67185.0,66759.0,67016.0,1159.53237,-4.4933e-06,-0.0005359462,0.0027045014280719,-0.044933
2026-03-08 18:00:00+00:00,67016.0,67043.0,66700.0,66782.0,1135.32115,2.4636e-06,-0.0004802914,-0.003497813697912,0.024636
2026-03-08 19:00:00+00:00,66781.0,67453.0,66743.0,67304.0,1931.88573,-6.4438e-06,-0.0005515506,0.0077860870949161,-0.064438
2026-03-08 20:00:00+00:00,67304.0,67495.0,67000.0,67192.0,2371.94452,9.1177e-06,-0.0004270587,-0.0016654774251864,0.091177
2026-03-08 21:00:00+00:00,67193.0,67233.0,66677.0,66974.0,1678.12972,4.9044e-06,-0.000460765,-0.0032497084485034,0.049044
2026-03-08 22:00:00+00:00,66975.0,66975.0,65573.0,66199.0,5839.70624,3.1826e-06,-0.000474539,-0.0116391272861341,0.031826
2026-03-08 23:00:00+00:00,66199.0,66524.0,65878.0,65933.0,1533.80076,1.4108e-06,-0.0004887136,-0.004026282192695,0.0141079999999999
2026-03-09 00:00:00+00:00,65933.0,66719.0,65780.0,66331.0,1733.13959,5.799e-07,-0.0004953609,0.0060182846623066,0.005799
2026-03-09 01:00:00+00:00,66331.0,66670.0,66094.0,66181.0,2288.01916,-3.904e-07,-0.000503123,-0.0022639468737651,-0.003904
2026-03-09 02:00:00+00:00,66182.0,66683.0,65918.0,66512.0,2593.50071,1.25e-05,-0.0003940435,0.0049889698257468,0.125
2026-03-09 03:00:00+00:00,66511.0,67632.0,66478.0,67170.0,2877.06617,6.3277e-06,-0.0004493783,0.0098443367684915,0.063277
2026-03-09 04:00:00+00:00,67170.0,67599.0,67014.0,67070.0,3812.78035,1.25e-05,-0.0003811443,-0.0014898691671272,0.125
2026-03-09 05:00:00+00:00,67070.0,68041.0,67070.0,67871.0,2776.79473,1.25e-05,-0.0003616529,0.0118719945458664,0.125
2026-03-09 06:00:00+00:00,67872.0,67896.0,67216.0,67228.0,2461.19407,4.4339e-06,-0.0004645286,-0.0095190172431922,0.044339
2026-03-09 07:00:00+00:00,67228.0,67534.0,66862.0,67513.0,1546.70338,-4.4876e-06,-0.000535901,0.0042303445131841,-0.044876
2026-03-09 08:00:00+00:00,67513.0,67890.0,67339.0,67780.0,1441.62251,5.0609e-06,-0.0004595127,0.0039469942514009,0.050609
2026-03-09 09:00:00+00:00,67779.0,68426.0,67544.0,67949.0,3039.66316,1.6249e-06,-0.0004870005,0.0024902576064971,0.016249
2026-03-09 10:00:00+00:00,67950.0,68046.0,67524.0,67568.0,1130.4985,1.05393e-05,-0.0004156854,-0.0056229255938147,0.1053929999999999
2026-03-09 11:00:00+00:00,67569.0,67832.0,67314.0,67732.0,1300.58091,2.64e-06,-0.0004788796,0.0024242436115064,0.0264
2026-03-09 12:00:00+00:00,67733.0,68331.0,67729.0,68134.0,1583.60796,5.5969e-06,-0.0004552244,0.0059176125462875,0.055969
2026-03-09 13:00:00+00:00,68135.0,69249.0,68121.0,68961.0,3796.80121,1.25e-05,-0.000325653,0.0120647730610081,0.125
2026-03-09 14:00:00+00:00,68960.0,69444.0,68640.0,69105.0,3795.19559,1.05963e-05,-0.0004152295,0.0020859596456003,0.105963
2026-03-09 15:00:00+00:00,69104.0,69209.0,68651.0,68832.0,2685.02277,2.4534e-06,-0.0004803726,-0.0039583339706704,0.024534
2026-03-09 16:00:00+00:00,68831.0,69214.0,68594.0,68929.0,2706.80053,-2.08571e-05,-0.0006668569,0.0014082362356587,-0.208571
2026-03-09 17:00:00+00:00,68930.0,69047.0,68235.0,68563.0,2142.60498,-1.20428e-05,-0.0005963427,-0.0053239586958942,-0.120428
2026-03-09 18:00:00+00:00,68563.0,68665.0,68183.0,68311.0,1002.68274,-1.1366e-05,-0.0005909283,-0.0036822228434035,-0.11366
2026-03-09 19:00:00+00:00,68312.0,69460.0,68312.0,68953.0,4981.96994,-1.43137e-05,-0.0006145099,0.0093543053008093,-0.143137
2026-03-09 20:00:00+00:00,68949.0,69092.0,68710.0,68919.0,1143.93204,-1.27375e-05,-0.0006018999,-0.0004932111043464,-0.127375
2026-03-09 21:00:00+00:00,68919.0,69055.0,68571.0,68884.0,3592.68988,-2.701e-05,-0.0007160798,-0.0005079715354905,-0.2701
2026-03-09 22:00:00+00:00,68885.0,68989.0,68537.0,68587.0,1157.83077,-2.88527e-05,-0.0007308217,-0.0043209180422138,-0.288527
2026-03-09 23:00:00+00:00,68588.0,68646.0,68334.0,68389.0,624.08331,-2.55138e-05,-0.0007041106,-0.0028910194181005,-0.255138
2026-03-10 00:00:00+00:00,68388.0,69256.0,68346.0,69117.0,1588.84829,-2.66676e-05,-0.0007133411,0.0105887277937558,-0.2666759999999999
2026-03-10 01:00:00+00:00,69117.0,69341.0,68765.0,69230.0,1033.93846,-1.72365e-05,-0.0006378919,0.0016335739138394,-0.172365
2026-03-10 02:00:00+00:00,69231.0,70598.0,69066.0,70240.0,5348.8411,-1.59728e-05,-0.0006277826,0.0144836546369272,-0.159728
2026-03-10 03:00:00+00:00,70241.0,70338.0,69342.0,69394.0,2031.57161,3.8228e-06,-0.0004694177,-0.012117540882992,0.038228
2026-03-10 04:00:00+00:00,69394.0,70095.0,69394.0,70043.0,1527.23119,8.1795e-06,-0.0004345637,0.0093089307235369,0.081795
2026-03-10 05:00:00+00:00,70046.0,70338.0,69871.0,69940.0,1486.85116,8.1019e-06,-0.000435185,-0.0014716075321762,0.081019
2026-03-10 06:00:00+00:00,69941.0,70155.0,69715.0,69886.0,1432.26777,1.25e-05,-0.0003995799,-0.0007723885784421,0.125
2026-03-10 07:00:00+00:00,69885.0,70500.0,69800.0,70363.0,1282.4551,9.5142e-06,-0.0004238863,0.0068022137660238,0.0951419999999999
2026-03-10 08:00:00+00:00,70363.0,71072.0,70336.0,70642.0,2593.63299,1.25e-05,-0.0003933028,0.0039573116428813,0.125
2026-03-10 09:00:00+00:00,70644.0,71269.0,70610.0,71024.0,2408.66534,1.15143e-05,-0.0004078857,0.0053929796259867,0.115143
2026-03-10 10:00:00+00:00,71025.0,71037.0,70627.0,70730.0,1271.87552,-2.216e-07,-0.0005017727,-0.0041480370437808,-0.002216
2026-03-10 11:00:00+00:00,70730.0,70800.0,70503.0,70555.0,1762.98004,-1.5428e-06,-0.0005123427,-0.0024772635381745,-0.015428
2026-03-10 12:00:00+00:00,70553.0,70586.0,70254.0,70480.0,785.08291,-1.65254e-05,-0.000632203,-0.0010635658817999,-0.1652539999999999
2026-03-10 13:00:00+00:00,70480.0,70877.0,69667.0,69881.0,2071.35623,-1.07166e-05,-0.0005857331,-0.0085351862183226,-0.107166
2026-03-10 14:00:00+00:00,69880.0,71500.0,69250.0,71448.0,3889.61129,-9.7332e-06,-0.0005778656,0.0221761169719835,-0.097332
2026-03-10 15:00:00+00:00,71447.0,71760.0,70861.0,71307.0,4605.61779,1.0534e-06,-0.0004915728,-0.0019754130622607,0.010534
2026-03-10 16:00:00+00:00,71308.0,71650.0,70906.0,71222.0,1439.09643,-1.8341e-06,-0.0005146725,-0.0011927398645461,-0.018341
2026-03-10 17:00:00+00:00,71221.0,71412.0,70461.0,70825.0,2876.65458,-4.0356e-06,-0.0005322845,-0.0055897137381978,-0.040356
2026-03-10 18:00:00+00:00,70824.0,70862.0,69844.0,69964.0,3134.69265,-8.1635e-06,-0.000565308,-0.0122312216717635,-0.081635
2026-03-10 19:00:00+00:00,69964.0,70246.0,69691.0,69997.0,1380.96533,-1.39277e-05,-0.0006114213,0.0004715599432916,-0.139277
2026-03-10 20:00:00+00:00,69994.0,70308.0,69937.0,70187.0,1044.43984,-1.86044e-05,-0.0006488353,0.0027107247095783,-0.186044
2026-03-10 21:00:00+00:00,70187.0,70358.0,69467.0,69705.0,1775.04248,-1.40577e-05,-0.0006124615,-0.0068910574926353,-0.1405769999999999
2026-03-10 22:00:00+00:00,69704.0,69818.0,69400.0,69655.0,651.70899,-2.91618e-05,-0.0007332946,-0.0007175660468631,-0.291618
2026-03-10 23:00:00+00:00,69655.0,69924.0,69650.0,69898.0,731.41774,-2.67087e-05,-0.0007136692,0.0034825513689462,-0.267087
2026-03-11 00:00:00+00:00,69897.0,70128.0,69707.0,69996.0,1645.78187,-2.32418e-05,-0.0006859348,0.0014010610323665,-0.232418
2026-03-11 01:00:00+00:00,69996.0,70096.0,69830.0,70026.0,685.01286,-2.38206e-05,-0.000690565,0.0004285040987706,-0.238206
2026-03-11 02:00:00+00:00,70026.0,70074.0,69582.0,69764.0,553.38537,-1.75876e-05,-0.0006407009,-0.0037484842518495,-0.175876
2026-03-11 03:00:00+00:00,69763.0,69843.0,69434.0,69511.0,643.94718,-1.65093e-05,-0.0006320745,-0.0036331039782907,-0.165093
2026-03-11 04:00:00+00:00,69511.0,70244.0,69455.0,70090.0,1368.17428,-1.49835e-05,-0.0006198683,0.0082951170841021,-0.149835
2026-03-11 05:00:00+00:00,70090.0,70161.0,69364.0,69465.0,1152.62785,-3.2166e-06,-0.0005257329,-0.0089571019114084,-0.032166
2026-03-11 06:00:00+00:00,69460.0,69961.0,69454.0,69906.0,718.43284,-7.4715e-06,-0.0005597718,0.006328453865034,-0.074715
2026-03-11 07:00:00+00:00,69906.0,69982.0,69459.0,69614.0,899.60071,-7.0376e-06,-0.0005563005,-0.0041857859280309,-0.070376
2026-03-11 08:00:00+00:00,69619.0,69747.0,69460.0,69620.0,908.80594,-6.3068e-06,-0.0005504543,8.61858454647239e-05,-0.063068
2026-03-11 09:00:00+00:00,69619.0,69697.0,69346.0,69429.0,506.72559,-4.4478e-06,-0.0005355823,-0.002747234717658,-0.044478
2026-03-11 10:00:00+00:00,69428.0,69680.0,69347.0,69574.0,607.37185,-7.2378e-06,-0.0005579021,0.0020862866642276,-0.072378
2026-03-11 11:00:00+00:00,69574.0,69647.0,69126.0,69129.0,960.98973,-2.6099e-06,-0.0005208795,-0.0064166099770981,-0.026099
2026-03-11 12:00:00+00:00,69128.0,69712.0,68947.0,69303.0,1589.85557,-3.561e-06,-0.0005284878,0.0025138709493964,-0.0356099999999999
2026-03-11 13:00:00+00:00,69303.0,71046.0,69286.0,70143.0,5596.20278,-6.1629e-06,-0.0005493031,0.0120478200948504,-0.0616289999999999
2026-03-11 14:00:00+00:00,70143.0,70918.0,69922.0,70535.0,5268.03792,-3.5041e-06,-0.0005280331,0.0055730251294544,-0.035041
2026-03-11 15:00:00+00:00,70534.0,70604.0,69634.0,70180.0,2547.47564,-2.00795e-05,-0.0006606361,-0.0050456703713966,-0.200795
2026-03-11 16:00:00+00:00,70180.0,70794.0,70124.0,70534.0,2257.89873,-1.78767e-05,-0.0006430138,0.0050314929121389,-0.178767
2026-03-11 17:00:00+00:00,70535.0,71294.0,70480.0,70738.0,3331.52843,-1.02141e-05,-0.0005817127,0.0028880477630942,-0.102141
2026-03-11 18:00:00+00:00,70733.0,70854.0,70376.0,70587.0,1572.11458,1.1185e-06,-0.0004910523,-0.0021369192635531,0.011185
2026-03-11 19:00:00+00:00,70586.0,70712.0,70339.0,70598.0,1388.941,-3.8502e-06,-0.0005308014,0.0001558239192867,-0.038502
2026-03-11 20:00:00+00:00,70597.0,70658.0,70349.0,70586.0,801.15992,-4.1747e-06,-0.0005333976,-0.0001699909342262,-0.041747
2026-03-11 21:00:00+00:00,70587.0,70737.0,70443.0,70711.0,1001.83711,-2.01008e-05,-0.0006608066,0.0017693232355877,-0.201008
2026-03-11 22:00:00+00:00,70712.0,70898.0,70200.0,70323.0,1491.7996,-1.77791e-05,-0.0006422325,-0.0055022332044369,-0.177791
2026-03-11 23:00:00+00:00,70324.0,70463.0,70068.0,70135.0,847.16156,-1.89649e-05,-0.0006517189,-0.0026769584113255,-0.1896489999999999
2026-03-12 00:00:00+00:00,70136.0,70312.0,70081.0,70174.0,501.56714,-2.68833e-05,-0.0007150667,0.0005559158857148,-0.268833
2026-03-12 01:00:00+00:00,70175.0,70175.0,69703.0,69780.0,834.84312,-1.90861e-05,-0.0006526887,-0.0056304362987216,-0.190861
2026-03-12 02:00:00+00:00,69780.0,69836.0,69176.0,69231.0,1244.00057,-2.10963e-05,-0.0006687701,-0.0078986965680762,-0.210963
2026-03-12 03:00:00+00:00,69231.0,69571.0,69200.0,69379.0,1196.8161,-2.32141e-05,-0.0006857132,0.0021354888715656,-0.232141
2026-03-12 04:00:00+00:00,69380.0,69618.0,69241.0,69321.0,675.05358,-2.74503e-05,-0.0007196026,-0.0008363374676384,-0.274503
2026-03-12 05:00:00+00:00,69319.0,69500.0,69163.0,69437.0,699.90362,-2.58607e-05,-0.0007068852,0.0016719760593723,-0.258607
2026-03-12 06:00:00+00:00,69436.0,69507.0,69320.0,69455.0,622.62867,-1.87987e-05,-0.0006503892,0.0002591941955011,-0.187987
2026-03-12 07:00:00+00:00,69456.0,69819.0,69368.0,69786.0,1303.68021,-7.2455e-06,-0.0005579643,0.0047543557356042,-0.072455
2026-03-12 08:00:00+00:00,69787.0,70061.0,69661.0,69862.0,1236.74577,-3.1802e-06,-0.0005254417,0.0010884510698795,-0.031802
2026-03-12 09:00:00+00:00,69863.0,70349.0,69538.0,69918.0,1393.47222,-1.0541e-05,-0.0005843282,0.0008012591643449,-0.1054099999999999
2026-03-12 10:00:00+00:00,69917.0,70468.0,69825.0,70370.0,1005.5285,-1.39819e-05,-0.0006118554,0.0064439091592763,-0.139819
2026-03-12 11:00:00+00:00,70370.0,70770.0,70317.0,70388.0,1565.38908,-1.21777e-05,-0.0005974219,0.0002557581110574,-0.121777
2026-03-12 12:00:00+00:00,70389.0,70577.0,70239.0,70344.0,1487.00486,-1.75484e-05,-0.0006403873,-0.000625302012814,-0.175484
2026-03-12 13:00:00+00:00,70345.0,70492.0,69655.0,69936.0,2588.12403,-1.13339e-05,-0.0005906713,-0.0058169539557423,-0.113339
2026-03-12 14:00:00+00:00,69936.0,70608.0,69303.0,69554.0,3270.35698,-6.2875e-06,-0.0005503003,-0.0054771088244147,-0.062875
2026-03-12 15:00:00+00:00,69554.0,70516.0,69450.0,70278.0,2588.60424,-7.9203e-06,-0.0005633623,0.0103553760192487,-0.079203
2026-03-12 16:00:00+00:00,70279.0,70520.0,69865.0,70326.0,2428.29758,-1.37243e-05,-0.0006097944,0.0006827686533055,-0.137243
2026-03-12 17:00:00+00:00,70326.0,70495.0,70024.0,70167.0,1043.03223,-1.1411e-05,-0.0005912881,-0.0022634589322315,-0.11411
2026-03-12 18:00:00+00:00,70167.0,70241.0,69750.0,69785.0,1001.32198,-1.54659e-05,-0.0006237271,-0.0054590280762589,-0.154659
2026-03-12 19:00:00+00:00,69782.0,70537.0,69725.0,70400.0,2751.33633,-1.6316e-05,-0.0006305278,0.0087741762033891,-0.16316
2026-03-12 20:00:00+00:00,70403.0,70518.0,70080.0,70128.0,1329.01433,-2.3487e-06,-0.0005187893,-0.0038711194875433,-0.023487
2026-03-12 21:00:00+00:00,70129.0,70435.0,70128.0,70248.0,933.35394,-3.067e-06,-0.0005245357,0.0017096943812411,-0.03067
2026-03-12 22:00:00+00:00,70248.0,70280.0,69981.0,70141.0,798.19746,4.9648e-06,-0.0004602814,-0.0015243362474093,0.049648
2026-03-12 23:00:00+00:00,70140.0,70700.0,70136.0,70500.0,1195.64322,4.7659e-06,-0.0004618724,0.0051052080079379,0.047659
2026-03-13 00:00:00+00:00,70500.0,71986.0,70353.0,71455.0,5227.4838,5.6573e-06,-0.0004547414,0.013455171115535,0.056573
2026-03-13 01:00:00+00:00,71455.0,71728.0,71254.0,71640.0,2080.23721,1.25e-05,-0.0002820485,0.0025856962587529,0.125
2026-03-13 02:00:00+00:00,71639.0,71677.0,71032.0,71117.0,1836.35388,1.25e-05,-0.0002996557,-0.0073271691037786,0.125
2026-03-13 03:00:00+00:00,71116.0,71474.0,70926.0,71376.0,1271.39736,1.25e-05,-0.0003914578,0.0036352702971766,0.125
2026-03-13 04:00:00+00:00,71375.0,71461.0,71215.0,71364.0,905.15544,1.25e-05,-0.000354686,-0.0001681378734519,0.125
2026-03-13 05:00:00+00:00,71363.0,71614.0,71223.0,71520.0,699.55386,1.25e-05,-0.0003267489,0.0021835903528016,0.125
2026-03-13 06:00:00+00:00,71519.0,71573.0,71156.0,71320.0,850.46462,1.25e-05,-0.0002852825,-0.002800337870319,0.125
2026-03-13 07:00:00+00:00,71322.0,71655.0,71222.0,71598.0,963.13788,1.25e-05,-0.0002736373,0.003890347620634,0.125
2026-03-13 08:00:00+00:00,71599.0,72127.0,71363.0,71794.0,1544.64277,1.25e-05,-0.000252065,0.0027337664872071,0.125
2026-03-13 09:00:00+00:00,71793.0,72073.0,71558.0,71992.0,2728.22868,1.25e-05,-0.0002838095,0.0027540946288664,0.125
2026-03-13 10:00:00+00:00,71991.0,72570.0,71979.0,72454.0,2384.1234,1.25e-05,-0.0003571924,0.006396876000994,0.125
2026-03-13 11:00:00+00:00,72454.0,72511.0,72184.0,72202.0,1184.72343,1.25e-05,-0.0002487292,-0.0034841313864969,0.125
2026-03-13 12:00:00+00:00,72202.0,72855.0,72186.0,72748.0,1546.72626,1.25e-05,-0.0003299311,0.0075336679186268,0.125
2026-03-13 13:00:00+00:00,72748.0,73560.0,72664.0,73350.0,4671.82163,1.25e-05,-0.0003705875,0.0082410903242193,0.125
2026-03-13 14:00:00+00:00,73349.0,73869.0,72342.0,72342.0,4246.85524,1.25e-05,-0.0002737113,-0.0138376312257619,0.125
2026-03-13 15:00:00+00:00,72343.0,72799.0,71703.0,71801.0,3390.44246,1.09666e-05,-0.0004122668,-0.0075064698294363,0.109666
2026-03-13 16:00:00+00:00,71802.0,72061.0,71128.0,71847.0,3907.62005,1.25e-05,-0.0003237997,0.0006404544660888,0.125
2026-03-13 17:00:00+00:00,71848.0,72216.0,70865.0,71004.0,3004.84723,9.6497e-06,-0.0004228028,-0.0118026445173238,0.096497
2026-03-13 18:00:00+00:00,71004.0,71328.0,70776.0,71022.0,2098.71139,2.764e-06,-0.0004778878,0.0002534747172541,0.02764
2026-03-13 19:00:00+00:00,71022.0,71273.0,70970.0,71135.0,1347.19816,6.1587e-06,-0.0004507308,0.0015897919033187,0.061587
2026-03-13 20:00:00+00:00,71135.0,71440.0,71115.0,71316.0,602.08369,5.0563e-06,-0.0004595497,0.0025412260693936,0.050563
2026-03-13 21:00:00+00:00,71316.0,71462.0,71018.0,71053.0,1234.8704,6.652e-06,-0.000446784,-0.003694628734747,0.06652
2026-03-13 22:00:00+00:00,71052.0,71140.0,70519.0,70769.0,2454.78256,-5.4255e-06,-0.0005434043,-0.0040050257311094,-0.054255
2026-03-13 23:00:00+00:00,70768.0,70964.0,70660.0,70901.0,752.68233,-3.7942e-06,-0.0005303538,0.0018634861043041,-0.037942
2026-03-14 00:00:00+00:00,70900.0,70911.0,70514.0,70586.0,1630.05017,-1.4407e-06,-0.0005115254,-0.004452713259162,-0.014407
2026-03-14 01:00:00+00:00,70586.0,70865.0,70449.0,70795.0,617.5971,-6.6408e-06,-0.0005531268,0.0029565521851247,-0.066408
2026-03-14 02:00:00+00:00,70794.0,70851.0,70696.0,70757.0,704.9585,-2.1686e-06,-0.0005173486,-0.0005369051784905,-0.021686
2026-03-14 03:00:00+00:00,70757.0,71124.0,70757.0,71039.0,734.07642,-2.644e-06,-0.0005211518,0.0039775504498185,-0.02644
2026-03-14 04:00:00+00:00,71039.0,71262.0,70984.0,71001.0,488.28956,-5.0046e-06,-0.0005400365,-0.0005350605590901,-0.050046
2026-03-14 05:00:00+00:00,71001.0,71103.0,70864.0,70978.0,578.84519,-4.303e-07,-0.0005034425,-0.0003239915790531,-0.0043029999999999
2026-03-14 06:00:00+00:00,70977.0,70977.0,70276.0,70598.0,1358.10355,-8.7722e-06,-0.0005701779,-0.0053681543840831,-0.087722
2026-03-14 07:00:00+00:00,70598.0,70714.0,70450.0,70564.0,927.51233,-1.16548e-05,-0.0005932383,-0.0004817160518762,-0.116548
2026-03-14 08:00:00+00:00,70563.0,70672.0,70494.0,70543.0,381.20545,-9.7827e-06,-0.0005782619,-0.000297646469063,-0.097827
2026-03-14 09:00:00+00:00,70544.0,70688.0,70370.0,70480.0,532.37977,-4.9435e-06,-0.0005395483,-0.0008934713371723,-0.049435
2026-03-14 10:00:00+00:00,70480.0,70537.0,70352.0,70529.0,243.64988,-4.6682e-06,-0.0005373455,0.0006949911278329,-0.0466819999999999
2026-03-14 11:00:00+00:00,70529.0,70734.0,70528.0,70709.0,573.36129,-3.8212e-06,-0.0005305696,0.0025488904891406,-0.0382119999999999
2026-03-14 12:00:00+00:00,70708.0,70809.0,70573.0,70730.0,623.41247,6.5023e-06,-0.0004479812,0.0002969478030007,0.065023
2026-03-14 13:00:00+00:00,70730.0,70891.0,70691.0,70828.0,444.51364,-4.149e-07,-0.0005033194,0.0013845916960717,-0.004149
2026-03-14 14:00:00+00:00,70828.0,70911.0,70519.0,70564.0,1074.19388,2.2292e-06,-0.0004821667,-0.003734303309811,0.022292
2026-03-14 15:00:00+00:00,70565.0,70692.0,70444.0,70545.0,1123.33285,-5.637e-06,-0.0005450957,-0.0002692953690384,-0.05637
2026-03-14 16:00:00+00:00,70544.0,70666.0,70431.0,70642.0,405.21279,-1.34852e-05,-0.0006078819,0.0013740644005717,-0.134852
2026-03-14 17:00:00+00:00,70642.0,70698.0,70544.0,70582.0,180.76302,-7.2117e-06,-0.000557694,-0.000849713980769,-0.072117
2026-03-14 18:00:00+00:00,70582.0,70659.0,70515.0,70626.0,276.32299,-3.6147e-06,-0.0005289174,0.0006231941734748,-0.036147
2026-03-14 19:00:00+00:00,70626.0,70693.0,70561.0,70660.0,144.94461,-9.6848e-06,-0.0005774785,0.0004812932726006,-0.0968479999999999
2026-03-14 20:00:00+00:00,70661.0,70815.0,70604.0,70765.0,521.73473,-5.2613e-06,-0.0005420902,0.0014848862548029,-0.052613
2026-03-14 21:00:00+00:00,70764.0,70780.0,70624.0,70765.0,215.88093,-4.867e-07,-0.0005038938,0.0,-0.004867
2026-03-14 22:00:00+00:00,70765.0,70770.0,70655.0,70677.0,247.53272,-1.3686e-06,-0.0005109486,-0.0012443264568452,-0.0136859999999999
2026-03-14 23:00:00+00:00,70677.0,71216.0,70677.0,71180.0,995.3799,7.334e-07,-0.0004941331,0.0070916783530896,0.007334
2026-03-15 00:00:00+00:00,71181.0,71188.0,70929.0,70952.0,609.96586,1.908e-06,-0.000484736,-0.0032082880078953,0.01908
2026-03-15 01:00:00+00:00,70952.0,71005.0,70822.0,70968.0,320.80956,3.767e-07,-0.0004969866,0.0002254791441344,0.003767
2026-03-15 02:00:00+00:00,70968.0,71590.0,70968.0,71426.0,1243.91831,6.0004e-06,-0.0004519964,0.0064328775005771,0.060004
2026-03-15 03:00:00+00:00,71426.0,71500.0,71200.0,71313.0,654.8512,8.816e-06,-0.000429472,-0.0015833097276337,0.08816
2026-03-15 04:00:00+00:00,71313.0,71642.0,71301.0,71551.0,483.89323,4.1903e-06,-0.0004664772,0.0033318431539552,0.041903
2026-03-15 05:00:00+00:00,71551.0,71750.0,71434.0,71463.0,478.13764,1.1816e-06,-0.0004905471,-0.0012306489029927,0.011816
2026-03-15 06:00:00+00:00,71463.0,71558.0,71344.0,71416.0,415.36759,7.497e-06,-0.0004400238,-0.0006578993651307,0.07497
2026-03-15 07:00:00+00:00,71415.0,71633.0,71370.0,71420.0,297.03149,-1.3473e-06,-0.0005107783,5.600828924139202e-05,-0.013473
2026-03-15 08:00:00+00:00,71419.0,71679.0,71419.0,71679.0,380.40334,3.0498e-06,-0.0004756019,0.0036198755102008,0.030498
2026-03-15 09:00:00+00:00,71679.0,71931.0,71677.0,71755.0,882.83424,1.8666e-06,-0.0004850675,0.0010597209463918,0.018666
2026-03-15 10:00:00+00:00,71756.0,71879.0,71677.0,71747.0,412.12226,-7.194e-07,-0.0005057549,-0.0001114967039941,-0.007194
2026-03-15 11:00:00+00:00,71747.0,71859.0,71625.0,71809.0,481.79219,-1.9984e-06,-0.0005159869,0.0008637744692647,-0.019984
2026-03-15 12:00:00+00:00,71809.0,71809.0,71537.0,71571.0,334.33763,1.8182e-06,-0.0004854547,-0.0033198524004945,0.018182
2026-03-15 13:00:00+00:00,71571.0,71636.0,71205.0,71571.0,753.67633,2.4409e-06,-0.0004804729,0.0,0.024409
2026-03-15 14:00:00+00:00,71570.0,71587.0,71301.0,71585.0,839.16817,-1.3818e-06,-0.0005110544,0.0001955908246196,-0.013818
2026-03-15 15:00:00+00:00,71585.0,71585.0,71372.0,71444.0,234.58031,-3.1914e-06,-0.0005255309,-0.0019716287700536,-0.031914
2026-03-15 16:00:00+00:00,71445.0,71545.0,71256.0,71383.0,744.07293,-1.9039e-06,-0.0005152314,-0.0008541802839648,-0.019039
2026-03-15 17:00:00+00:00,71383.0,71950.0,71367.0,71780.0,1116.48441,-8.5903e-06,-0.0005687222,0.0055461399611889,-0.085903
2026-03-15 18:00:00+00:00,71783.0,71842.0,71276.0,71341.0,776.55977,-6.3317e-06,-0.0005506538,-0.0061346885054051,-0.063317
2026-03-15 19:00:00+00:00,71340.0,71539.0,71287.0,71516.0,782.24768,-7.6477e-06,-0.0005611813,0.0024500036755176,-0.076477
2026-03-15 20:00:00+00:00,71516.0,71896.0,71382.0,71685.0,992.2862,-9.7804e-06,-0.0005782429,0.0023603198086575,-0.097804
2026-03-15 21:00:00+00:00,71685.0,72257.0,71581.0,72072.0,1317.11886,-4.6183e-06,-0.0005369464,0.0053840986509075,-0.046183
2026-03-15 22:00:00+00:00,72072.0,73057.0,71684.0,72710.0,3497.08837,-1.173e-06,-0.0005093839,0.0088133073128265,-0.01173
2026-03-15 23:00:00+00:00,72711.0,73182.0,72369.0,72778.0,2649.88309,8.3336e-06,-0.0004333311,0.0009347850675198,0.083336
2026-03-16 00:00:00+00:00,72778.0,72978.0,72403.0,72492.0,1128.46579,5.9444e-06,-0.0004524444,-0.0039375007848808,0.059444
2026-03-16 01:00:00+00:00,72500.0,72823.0,72237.0,72727.0,1210.4246,3.1175e-06,-0.0004750596,0.0032364939179209,0.0311749999999999
2026-03-16 02:00:00+00:00,72728.0,72824.0,72331.0,72480.0,673.45059,7.9138e-06,-0.0004366899,-0.0034020431278015,0.079138
2026-03-16 03:00:00+00:00,72480.0,74263.0,72400.0,73535.0,3004.24816,6.1335e-06,-0.0004509321,0.0144508216175531,0.061335
2026-03-16 04:00:00+00:00,73536.0,74395.0,73535.0,73800.0,2035.67342,8.2868e-06,-0.0004337053,0.0035972482541497,0.082868
2026-03-16 05:00:00+00:00,73800.0,74232.0,73686.0,74166.0,1596.73913,4.6873e-06,-0.0004625014,0.0049470925273142,0.046873
2026-03-16 06:00:00+00:00,74170.0,74171.0,73568.0,73686.0,864.12506,8.8292e-06,-0.0004293663,-0.006493002277439,0.088292
2026-03-16 07:00:00+00:00,73686.0,73886.0,73357.0,73413.0,803.70268,1.5592e-06,-0.0004875266,-0.0037117902016393,0.015592
2026-03-16 08:00:00+00:00,73414.0,73733.0,72856.0,73103.0,1462.54075,7.8916e-06,-0.0004368673,-0.0042316260693516,0.078916
2026-03-16 09:00:00+00:00,73103.0,73302.0,73026.0,73226.0,580.13921,5.8945e-06,-0.0004528441,0.001681143573304,0.058945
2026-03-16 10:00:00+00:00,73227.0,73750.0,73168.0,73750.0,848.19554,8.075e-06,-0.0004354003,0.0071304460613141,0.08075
2026-03-16 11:00:00+00:00,73749.0,73794.0,73480.0,73519.0,749.29532,1.00206e-05,-0.0004198354,-0.003137119006025,0.100206
2026-03-16 12:00:00+00:00,73520.0,74019.0,73421.0,73830.0,1491.57211,9.4734e-06,-0.0004242129,0.00422127685717,0.094734
2026-03-16 13:00:00+00:00,73831.0,74472.0,73741.0,74074.0,2767.97774,5.7472e-06,-0.0004540226,0.003299440466179,0.0574719999999999
2026-03-16 14:00:00+00:00,74076.0,74421.0,72947.0,73521.0,4355.79552,8.4273e-06,-0.0004325813,-0.0074935138413016,0.084273
2026-03-16 15:00:00+00:00,73521.0,73987.0,73154.0,73235.0,2456.03657,9.179e-07,-0.0004926564,-0.0038976309256811,0.009179
2026-03-16 16:00:00+00:00,73235.0,73879.0,73128.0,73734.0,1496.17679,-7.708e-07,-0.0005061667,0.0067905737602446,-0.007708
2026-03-16 17:00:00+00:00,73735.0,74009.0,73602.0,73905.0,1903.01574,5.7376e-06,-0.0004540994,0.002316462133521,0.0573759999999999
2026-03-16 18:00:00+00:00,73904.0,74313.0,73811.0,73859.0,2668.02988,-3.7803e-06,-0.0005302422,-0.0006226144593539,-0.037803
2026-03-16 19:00:00+00:00,73859.0,74381.0,73757.0,73930.0,1704.527,-1.2951e-06,-0.0005103611,0.0009608293643265,-0.012951
2026-03-16 20:00:00+00:00,73931.0,74218.0,73816.0,74202.0,1228.99037,-3.387e-07,-0.0005027096,0.0036724044189662,-0.003387
2026-03-16 21:00:00+00:00,74202.0,74760.0,74123.0,74358.0,3091.63811,2.1021e-06,-0.0004831836,0.002100162322817,0.021021
2026-03-16 22:00:00+00:00,74358.0,74878.0,74331.0,74719.0,2995.60788,6.455e-06,-0.0004483599,0.0048431442225932,0.06455
2026-03-16 23:00:00+00:00,74720.0,74898.0,74200.0,74854.0,2663.94212,8.324e-06,-0.0004334083,0.0018051391181353,0.08324
2026-03-17 00:00:00+00:00,74854.0,75496.0,74576.0,75300.0,5178.73283,8.1541e-06,-0.0004347673,0.0059405851543269,0.081541
2026-03-17 01:00:00+00:00,75300.0,75972.0,75036.0,75585.0,4674.44757,1.25e-05,-0.0003215976,0.0037777159948231,0.125
2026-03-17 02:00:00+00:00,75586.0,75642.0,75073.0,75148.0,1726.41071,1.25e-05,-0.0003853889,-0.0057983483956186,0.125
2026-03-17 03:00:00+00:00,75148.0,75281.0,74233.0,74426.0,2161.78297,9.085e-07,-0.0004927318,-0.0096541592481653,0.009085
2026-03-17 04:00:00+00:00,74427.0,74649.0,73943.0,74209.0,2292.65797,-3.4631e-06,-0.0005277052,-0.0029199065385116,-0.034631
2026-03-17 05:00:00+00:00,74209.0,74426.0,73735.0,73999.0,2156.91276,-4.2142e-06,-0.0005337134,-0.0028338570190276,-0.042142
2026-03-17 06:00:00+00:00,74000.0,74264.0,73836.0,74044.0,1469.16916,2.996e-07,-0.0004976035,0.0006079314980906,0.002996
2026-03-17 07:00:00+00:00,74045.0,74413.0,74025.0,74210.0,812.45821,1.6595e-06,-0.0004867238,0.0022394008846035,0.016595
2026-03-17 08:00:00+00:00,74211.0,74415.0,74061.0,74156.0,697.93212,1.186e-07,-0.0004990511,-0.0007279296116963,0.001186
2026-03-17 09:00:00+00:00,74156.0,74379.0,73813.0,73897.0,1505.09098,4.2312e-06,-0.0004661508,-0.0034987506393934,0.042312
2026-03-17 10:00:00+00:00,73898.0,73928.0,73479.0,73701.0,1493.40353,1.96e-06,-0.0004843199,-0.0026558641066819,0.0196
2026-03-17 11:00:00+00:00,73702.0,74177.0,73655.0,73996.0,654.03149,1.10205e-05,-0.000411836,0.0039946700648721,0.110205
2026-03-17 12:00:00+00:00,73996.0,74144.0,73627.0,73701.0,1549.58308,1.19201e-05,-0.0004046394,-0.0039946700648721,0.119201
2026-03-17 13:00:00+00:00,73702.0,74119.0,73318.0,73569.0,2627.17528,5.3702e-06,-0.0004570381,-0.001792626269418,0.053702
2026-03-17 14:00:00+00:00,73569.0,74375.0,73383.0,74358.0,2007.47184,3.4784e-06,-0.0004721731,0.0106675249559396,0.034784
2026-03-17 15:00:00+00:00,74358.0,74866.0,73624.0,73881.0,3326.74848,6.4573e-06,-0.0004483417,-0.0064355756084436,0.064573
2026-03-17 16:00:00+00:00,73881.0,74319.0,73833.0,74116.0,1921.33124,7.394e-07,-0.0004940845,0.0031757427178195,0.0073939999999999
2026-03-17 17:00:00+00:00,74116.0,74574.0,73961.0,74488.0,1645.11357,-1.107e-07,-0.0005008852,0.0050066051660604,-0.001107
2026-03-17 18:00:00+00:00,74489.0,74739.0,74336.0,74646.0,1217.1698,3.9167e-06,-0.0004686662,0.0021189005741802,0.039167
2026-03-17 19:00:00+00:00,74647.0,74774.0,74383.0,74477.0,958.13353,2.2087e-06,-0.0004823304,-0.0022665862724314,0.022087
2026-03-17 20:00:00+00:00,74477.0,74654.0,74304.0,74475.0,854.82807,7.4e-09,-0.0004999405,-2.685428863152705e-05,7.4e-05
2026-03-17 21:00:00+00:00,74476.0,74775.0,74419.0,74654.0,856.34235,-2.6275e-06,-0.0005210202,0.0024006073394643,-0.026275
2026-03-17 22:00:00+00:00,74655.0,74743.0,73899.0,74273.0,1379.98461,7.5027e-06,-0.0004399785,-0.0051166119132953,0.075027
2026-03-17 23:00:00+00:00,74272.0,74358.0,73826.0,73864.0,674.23056,1.2544e-06,-0.0004899648,-0.0055219295551881,0.012544
2026-03-18 00:00:00+00:00,73863.0,74021.0,73500.0,73827.0,1205.35504,-5.1104e-06,-0.0005408833,-0.0005010461134945,-0.051104
2026-03-18 01:00:00+00:00,73828.0,74177.0,73791.0,74037.0,948.7688,-2.4635e-06,-0.0005197077,0.0028404498889886,-0.0246349999999999
2026-03-18 02:00:00+00:00,74037.0,74432.0,74013.0,74296.0,1119.52159,4.6249e-06,-0.0004630007,0.0034921462278863,0.046249
2026-03-18 03:00:00+00:00,74296.0,74638.0,74220.0,74416.0,912.05303,-5.94e-07,-0.0005047519,0.001613858008034,-0.00594
2026-03-18 04:00:00+00:00,74416.0,74457.0,74095.0,74131.0,570.10587,1.8423e-06,-0.0004852616,-0.0038371740889099,0.018423
2026-03-18 05:00:00+00:00,74132.0,74262.0,73785.0,73907.0,1090.76283,-3.5377e-06,-0.0005283017,-0.0030262523264715,-0.035377
2026-03-18 06:00:00+00:00,73906.0,74196.0,73895.0,73914.0,654.25733,-1.20646e-05,-0.0005965172,9.470914153241698e-05,-0.120646
2026-03-18 07:00:00+00:00,73914.0,73948.0,73655.0,73850.0,611.83319,-7.973e-07,-0.0005063782,-0.0008662462305032,-0.007973
2026-03-18 08:00:00+00:00,73850.0,74084.0,73832.0,74010.0,636.85918,-2.7449e-06,-0.0005219588,0.0021642102319861,-0.027449
2026-03-18 09:00:00+00:00,74010.0,74250.0,74009.0,74146.0,377.79843,-2.58e-07,-0.0005020641,0.0018359032128225,-0.00258
2026-03-18 10:00:00+00:00,74146.0,74229.0,73777.0,73906.0,611.25515,1.4663e-06,-0.0004882697,-0.0032421069654596,0.014663
2026-03-18 11:00:00+00:00,73906.0,74034.0,72746.0,72915.0,2939.34728,4.0737e-06,-0.0004674107,-0.0134996362912092,0.0407369999999999
2026-03-18 12:00:00+00:00,72915.0,72935.0,72244.0,72332.0,2169.9905,-4.0345e-06,-0.0005322759,-0.0080277476427952,-0.040345
2026-03-18 13:00:00+00:00,72332.0,72541.0,71946.0,72108.0,2919.74539,-2.0644e-06,-0.0005165153,-0.0031016363829419,-0.020644
2026-03-18 14:00:00+00:00,72108.0,72188.0,71100.0,71144.0,4442.29099,9.336e-06,-0.0004253123,-0.0134590030424523,0.09336
2026-03-18 15:00:00+00:00,71147.0,71494.0,70811.0,71442.0,4409.13231,1.1086e-05,-0.0004113124,0.004179939599754,0.11086
2026-03-18 16:00:00+00:00,71442.0,71568.0,71000.0,71293.0,1915.60108,1.25e-05,-0.0003645259,-0.0020877858145848,0.125
2026-03-18 17:00:00+00:00,71292.0,71729.0,71171.0,71563.0,1843.8217,1.25e-05,-0.0003397585,0.0037800347412054,0.125
2026-03-18 18:00:00+00:00,71563.0,71951.0,70900.0,71067.0,3167.65374,1.25e-05,-0.0003601456,-0.0069550865796143,0.125
2026-03-18 19:00:00+00:00,71064.0,71462.0,70901.0,71032.0,1725.81732,1.3294e-06,-0.0004893651,-0.0004926143140737,0.0132939999999999
2026-03-18 20:00:00+00:00,71033.0,71282.0,70440.0,71197.0,2718.18983,-1.7603e-06,-0.0005140826,0.0023202029687467,-0.017603
2026-03-18 21:00:00+00:00,71198.0,71390.0,71120.0,71226.0,938.5158,-3.4063e-06,-0.0005272507,0.0004072376006794,-0.0340629999999999
2026-03-18 22:00:00+00:00,71226.0,71227.0,70899.0,71118.0,1260.03984,4.5656e-06,-0.0004634752,-0.0015174509740336,0.045656
2026-03-18 23:00:00+00:00,71117.0,71332.0,71033.0,71213.0,1040.39237,-7.8073e-06,-0.0005624581,0.0013349166956956,-0.078073
2026-03-19 00:00:00+00:00,71213.0,71289.0,70935.0,70963.0,1687.73528,-2.1465e-06,-0.0005171721,-0.0035167715741052,-0.021465
2026-03-19 01:00:00+00:00,70963.0,71147.0,70921.0,71082.0,573.19236,-9.5803e-06,-0.0005766422,0.0016755257536685,-0.095803
2026-03-19 02:00:00+00:00,71082.0,71213.0,70851.0,71023.0,653.5029,-2.8962e-06,-0.0005231699,-0.0008303719558091,-0.0289619999999999
2026-03-19 03:00:00+00:00,71023.0,71570.0,71023.0,71181.0,1629.07098,7.088e-07,-0.0004943296,0.0022221606286316,0.007088
2026-03-19 04:00:00+00:00,71182.0,71182.0,70600.0,70780.0,1907.69784,2.6303e-06,-0.0004789575,-0.0056494539561822,0.026303
2026-03-19 05:00:00+00:00,70781.0,70869.0,70626.0,70794.0,500.50204,-1.06893e-05,-0.0005855143,0.0001977764285199,-0.1068929999999999
2026-03-19 06:00:00+00:00,70793.0,70973.0,70454.0,70547.0,1278.80169,-3.082e-06,-0.0005246558,-0.0034950969844537,-0.03082
2026-03-19 07:00:00+00:00,70547.0,70553.0,69425.0,70151.0,3746.68557,4.4915e-06,-0.0004640677,-0.0056290927470193,0.044915
2026-03-19 08:00:00+00:00,70151.0,70251.0,69852.0,69945.0,1172.12655,-1.36287e-05,-0.0006090299,-0.0029408426859703,-0.136287
2026-03-19 09:00:00+00:00,69944.0,70527.0,69935.0,70467.0,1396.34241,-1.20166e-05,-0.0005961329,0.0074352961974142,-0.120166
2026-03-19 10:00:00+00:00,70466.0,70483.0,70065.0,70087.0,881.64164,-1.55268e-05,-0.0006242148,-0.0054071876411821,-0.155268
2026-03-19 11:00:00+00:00,70088.0,70207.0,69850.0,69896.0,1232.62727,-1.59813e-05,-0.0006278501,-0.0027289044888325,-0.1598129999999999
2026-03-19 12:00:00+00:00,69896.0,69896.0,69067.0,69243.0,2422.71472,-2.00987e-05,-0.0006607896,-0.0093863660700705,-0.200987
2026-03-19 13:00:00+00:00,69244.0,70034.0,69044.0,69859.0,2579.97012,-2.40413e-05,-0.0006923301,0.0088568680075402,-0.240413
2026-03-19 14:00:00+00:00,69860.0,70111.0,69051.0,69454.0,2429.59282,-1.04531e-05,-0.0005836252,-0.0058142619990926,-0.104531
2026-03-19 15:00:00+00:00,69454.0,69876.0,68750.0,69376.0,3673.0829,-1.13106e-05,-0.000590485,-0.0011236765570441,-0.113106
2026-03-19 16:00:00+00:00,69376.0,69608.0,69147.0,69427.0,1731.99863,-4.9378e-06,-0.0005395025,0.0007348544670511,-0.049378
2026-03-19 17:00:00+00:00,69427.0,69916.0,69068.0,69824.0,2518.41792,8.1402e-06,-0.0004348783,0.0057019493664281,0.081402
2026-03-19 18:00:00+00:00,69824.0,69889.0,69539.0,69786.0,1183.2866,5.4161e-06,-0.0004566715,-0.0005443736256488,0.0541609999999999
2026-03-19 19:00:00+00:00,69786.0,70603.0,69770.0,70254.0,5286.36418,3.0977e-06,-0.0004752185,0.0066838295096858,0.030977
2026-03-19 20:00:00+00:00,70260.0,70692.0,70178.0,70480.0,1540.62574,1.25e-05,-0.0002902392,0.0032117355332815,0.125
2026-03-19 21:00:00+00:00,70481.0,70701.0,70366.0,70408.0,1038.83553,1.25e-05,-0.0001322024,-0.0010220885564135,0.125
2026-03-19 22:00:00+00:00,70409.0,70500.0,69950.0,70175.0,1080.15941,1.25e-05,-4.55223e-05,-0.0033147708235644,0.125
2026-03-19 23:00:00+00:00,70175.0,70300.0,69697.0,69919.0,2179.97634,1.25e-05,-7.42651e-05,-0.0036546930624381,0.125
2026-03-20 00:00:00+00:00,69920.0,70300.0,69830.0,70189.0,636.67611,1.25e-05,-7.83154e-05,0.0038541744115934,0.125
2026-03-20 01:00:00+00:00,70190.0,70581.0,70179.0,70386.0,788.69897,1.25e-05,-8.00046e-05,0.0028027761545367,0.125
2026-03-20 02:00:00+00:00,70386.0,70504.0,70068.0,70401.0,707.33769,1.25e-05,-0.0001064778,0.0002130878569294,0.125
2026-03-20 03:00:00+00:00,70401.0,70824.0,70368.0,70715.0,1140.78025,1.25e-05,-0.000215504,0.0044502468638954,0.125
2026-03-20 04:00:00+00:00,70716.0,70950.0,70540.0,70771.0,860.14498,1.25e-05,-0.0001874513,0.0007915977965913,0.125
2026-03-20 05:00:00+00:00,70772.0,70858.0,70508.0,70566.0,827.8764,1.25e-05,-0.0001478706,-0.0029008701720999,0.125
2026-03-20 06:00:00+00:00,70566.0,70626.0,70308.0,70472.0,801.00094,1.25e-05,-0.0002113591,-0.0013329742894599,0.125
2026-03-20 07:00:00+00:00,70473.0,70919.0,70200.0,70829.0,896.41092,1.25e-05,-0.0002266273,0.0050530535469225,0.125
2026-03-20 08:00:00+00:00,70830.0,71360.0,70773.0,71016.0,1110.74157,1.25e-05,-0.0002648491,0.0026366824116013,0.125
2026-03-20 09:00:00+00:00,71017.0,71017.0,70390.0,70558.0,1167.1548,1.25e-05,-0.000325894,-0.0064701371404019,0.125
2026-03-20 10:00:00+00:00,70559.0,70636.0,70187.0,70580.0,1189.58316,1.25e-05,-0.0003794503,0.0003117516215077,0.125
2026-03-20 11:00:00+00:00,70580.0,70801.0,70272.0,70446.0,1375.78819,5.0084e-06,-0.0004599332,-0.0019003593709942,0.050084
2026-03-20 12:00:00+00:00,70445.0,70650.0,70210.0,70309.0,1325.15807,4.5852e-06,-0.0004633184,-0.001946645494123,0.045852
2026-03-20 13:00:00+00:00,70309.0,70583.0,69739.0,69825.0,2464.70474,-3.395e-07,-0.0005027159,-0.0069077015507663,-0.003395
2026-03-20 14:00:00+00:00,69825.0,70229.0,69551.0,69707.0,3304.57152,2.3908e-06,-0.0004808738,-0.00169136869149,0.023908
2026-03-20 15:00:00+00:00,69706.0,69983.0,69441.0,69829.0,2292.49959,4.3917e-06,-0.0004648668,0.0017486531230292,0.043917
2026-03-20 16:00:00+00:00,69829.0,70071.0,69578.0,69803.0,1359.70874,1.25e-05,-0.0003849895,-0.0003724074753708,0.125
2026-03-20 17:00:00+00:00,69804.0,69990.0,69344.0,69976.0,1463.97675,8.7337e-06,-0.0004301306,0.0024753373301449,0.087337
2026-03-20 18:00:00+00:00,69975.0,70050.0,69488.0,69743.0,2565.4465,1.07629e-05,-0.0004138966,-0.0033352688752613,0.107629
2026-03-20 19:00:00+00:00,69744.0,70161.0,69638.0,70137.0,1642.54656,3.9561e-06,-0.0004683513,0.0056334149553506,0.039561
2026-03-20 20:00:00+00:00,70138.0,70225.0,69700.0,70026.0,3340.01197,1.04591e-05,-0.0004163275,-0.0015838705393716,0.1045909999999999
2026-03-20 21:00:00+00:00,70027.0,70673.0,69905.0,70511.0,1617.04694,-1.5605e-06,-0.0005124837,0.0069021243575857,-0.0156049999999999
2026-03-20 22:00:00+00:00,70511.0,70882.0,70499.0,70747.0,1747.44082,3.686e-07,-0.000497051,0.0033414067816092,0.003686
2026-03-20 23:00:00+00:00,70748.0,70748.0,70381.0,70474.0,866.80544,5.4091e-06,-0.0004567271,-0.0038662853268367,0.0540909999999999
2026-03-21 00:00:00+00:00,70474.0,70787.0,70417.0,70645.0,506.50694,3.6635e-06,-0.0004706918,0.0024234877471412,0.036635
2026-03-21 01:00:00+00:00,70644.0,70728.0,70439.0,70440.0,357.35513,1.0536e-06,-0.0004915712,-0.0029060515897657,0.010536
2026-03-21 02:00:00+00:00,70439.0,70754.0,70414.0,70707.0,275.05327,2.1439e-06,-0.0004828487,0.003783294274355,0.021439
2026-03-21 03:00:00+00:00,70706.0,70755.0,70594.0,70637.0,201.68444,7.6606e-06,-0.0004387151,-0.0009904913646554,0.076606
2026-03-21 04:00:00+00:00,70636.0,70784.0,70585.0,70607.0,283.16362,3.7306e-06,-0.0004701551,-0.000424796811916,0.037306
2026-03-21 05:00:00+00:00,70607.0,70798.0,70601.0,70676.0,606.97538,3.9692e-06,-0.0004682462,0.0009767630286146,0.039692
2026-03-21 06:00:00+00:00,70676.0,70785.0,70670.0,70743.0,249.20997,2.2533e-06,-0.000481974,0.0009475389447371,0.022533
2026-03-21 07:00:00+00:00,70742.0,70849.0,70637.0,70688.0,324.75213,6.8567e-06,-0.0004451464,-0.000777764461434,0.068567
2026-03-21 08:00:00+00:00,70687.0,70727.0,70464.0,70558.0,343.49,9.8917e-06,-0.0004208665,-0.0018407606120903,0.098917
2026-03-21 09:00:00+00:00,70557.0,70702.0,70536.0,70616.0,623.83311,6.7487e-06,-0.0004460107,0.0008216810923153,0.067487
2026-03-21 10:00:00+00:00,70616.0,70634.0,70523.0,70566.0,606.03163,7.118e-07,-0.0004943058,-0.0007083056209772,0.007118
2026-03-21 11:00:00+00:00,70567.0,70610.0,70531.0,70610.0,232.46495,-1.6009e-06,-0.0005128072,0.0006233354313009,-0.016009
2026-03-21 12:00:00+00:00,70610.0,70768.0,70609.0,70687.0,485.92342,-7.757e-07,-0.0005062056,0.0010899029366834,-0.007757
2026-03-21 13:00:00+00:00,70688.0,70775.0,70668.0,70699.0,389.59655,-3.2966e-06,-0.0005263727,0.0001697480659869,-0.032966
2026-03-21 14:00:00+00:00,70699.0,71076.0,70549.0,70587.0,929.89836,-1.451e-07,-0.000501161,-0.001585436964177,-0.001451
2026-03-21 15:00:00+00:00,70587.0,70727.0,70416.0,70594.0,456.39537,1.5556e-06,-0.0004875548,9.916348525273175e-05,0.015556
2026-03-21 16:00:00+00:00,70594.0,70623.0,70200.0,70261.0,998.64811,2.8338e-06,-0.0004773293,-0.0047282754661901,0.028338
2026-03-21 17:00:00+00:00,70260.0,70384.0,70175.0,70279.0,372.08492,6.615e-07,-0.0004947078,0.0002561548327654,0.006615
2026-03-21 18:00:00+00:00,70279.0,70490.0,70257.0,70363.0,546.58992,-4.7359e-06,-0.0005378869,0.0011945224042346,-0.047359
2026-03-21 19:00:00+00:00,70362.0,70416.0,70284.0,70358.0,196.57695,-3.9195e-06,-0.0005313558,-7.106259907335332e-05,-0.039195
2026-03-21 20:00:00+00:00,70358.0,70475.0,70327.0,70425.0,440.64789,7.371e-07,-0.000494103,0.0009518195386982,0.007371
2026-03-21 21:00:00+00:00,70424.0,70470.0,70233.0,70323.0,439.0792,4.7611e-06,-0.0004619114,-0.001449399179476,0.047611
2026-03-21 22:00:00+00:00,70322.0,70354.0,70231.0,70249.0,371.53676,-6.2318e-06,-0.0005498544,-0.0010528413458668,-0.062318
2026-03-21 23:00:00+00:00,70249.0,70251.0,68507.0,68874.0,3432.19855,-5.7182e-06,-0.0005457459,-0.0197673249256788,-0.057182
2026-03-22 00:00:00+00:00,68875.0,69106.0,68190.0,68895.0,4298.81747,-1.3486e-05,-0.0006078881,0.0003048581344517,-0.1348599999999999
2026-03-22 01:00:00+00:00,68895.0,69057.0,68731.0,68925.0,1086.32176,-1.25725e-05,-0.0006005799,0.0004353504639938,-0.125725
2026-03-22 02:00:00+00:00,68924.0,69377.0,68904.0,69228.0,915.51362,-1.46116e-05,-0.0006168926,0.0043864481528922,-0.146116
2026-03-22 03:00:00+00:00,69229.0,69554.0,69082.0,69300.0,926.28607,-1.49755e-05,-0.0006198042,0.0010395011331048,-0.149755
2026-03-22 04:00:00+00:00,69300.0,69475.0,69149.0,69311.0,464.92781,-1.92502e-05,-0.0006540015,0.0001587175624315,-0.192502
2026-03-22 05:00:00+00:00,69310.0,69310.0,69102.0,69111.0,295.11786,-2.10606e-05,-0.0006684847,-0.002889716073663,-0.210606
2026-03-22 06:00:00+00:00,69112.0,69189.0,69023.0,69118.0,288.16511,-1.97173e-05,-0.0006577382,0.0001012812073584,-0.197173
2026-03-22 07:00:00+00:00,69117.0,69206.0,68850.0,68874.0,579.5667,-1.76049e-05,-0.0006408391,-0.0035364405805698,-0.176049
2026-03-22 08:00:00+00:00,68874.0,68943.0,68503.0,68765.0,887.64231,-1.78915e-05,-0.0006431322,-0.0015838537447435,-0.178915
2026-03-22 09:00:00+00:00,68765.0,68852.0,68548.0,68792.0,281.2386,-1.14472e-05,-0.0005915773,0.0003925645419242,-0.1144719999999999
2026-03-22 10:00:00+00:00,68790.0,68808.0,68534.0,68602.0,387.09127,-8.9182e-06,-0.0005713458,-0.0027657702827901,-0.089182
2026-03-22 11:00:00+00:00,68599.0,68634.0,68059.0,68172.0,1308.07007,-1.9705e-05,-0.0006576403,-0.0062877654628151,-0.1970499999999999
2026-03-22 12:00:00+00:00,68174.0,68717.0,68141.0,68620.0,1770.15288,-2.38457e-05,-0.0006907658,0.0065501140673135,-0.238457
2026-03-22 13:00:00+00:00,68620.0,68913.0,68508.0,68660.0,774.94443,-1.24875e-05,-0.0005998997,0.0005827505992424,-0.124875
2026-03-22 14:00:00+00:00,68660.0,68879.0,68500.0,68671.0,1053.72076,-7.1344e-06,-0.0005570753,0.0001601968968916,-0.071344
2026-03-22 15:00:00+00:00,68671.0,68960.0,68664.0,68805.0,695.41749,-1.7923e-06,-0.0005143381,0.0019494317908072,-0.017923
2026-03-22 16:00:00+00:00,68806.0,68842.0,68625.0,68767.0,466.653,-3.9418e-06,-0.0005315347,-0.0005524380101536,-0.039418
2026-03-22 17:00:00+00:00,68767.0,68817.0,68631.0,68633.0,317.21119,-7.2514e-06,-0.0005580113,-0.0019505100798175,-0.072514
2026-03-22 18:00:00+00:00,68633.0,68709.0,68298.0,68585.0,777.3841,-6.4917e-06,-0.0005519339,-0.0006996166969035,-0.064917
2026-03-22 19:00:00+00:00,68585.0,68598.0,68098.0,68160.0,1114.36359,-7.3259e-06,-0.0005586074,-0.00621596940931,-0.0732589999999999
2026-03-22 20:00:00+00:00,68160.0,68465.0,68046.0,68133.0,1022.42032,-1.18441e-05,-0.0005947528,-0.0003962052394943,-0.118441
2026-03-22 21:00:00+00:00,68133.0,68186.0,67313.0,67864.0,4769.14718,-1.22332e-05,-0.0005978655,-0.0039559747761323,-0.122332
2026-03-22 22:00:00+00:00,67864.0,68373.0,67542.0,68304.0,3313.79845,-9.1597e-06,-0.0005732773,0.0064626275101726,-0.091597
2026-03-22 23:00:00+00:00,68305.0,68438.0,67808.0,67831.0,1849.46212,7.8557e-06,-0.0004371547,-0.0069490124270902,0.078557
2026-03-23 00:00:00+00:00,67831.0,68133.0,67404.0,67635.0,1763.32341,4.6081e-06,-0.0004631354,-0.0028937170473588,0.046081
2026-03-23 01:00:00+00:00,67635.0,68129.0,67501.0,67889.0,1203.55168,3.8132e-06,-0.0004694944,0.0037484179540904,0.038132
2026-03-23 02:00:00+00:00,67888.0,68370.0,67774.0,68285.0,1189.5709,6.3258e-06,-0.0004493939,0.00581610463514,0.063258
2026-03-23 03:00:00+00:00,68286.0,68570.0,68028.0,68043.0,462.04603,4.79e-07,-0.000496168,-0.0035502648639793,0.00479
2026-03-23 04:00:00+00:00,68043.0,68515.0,68020.0,68512.0,568.88652,-1.1127e-06,-0.0005089018,0.0068690541408638,-0.011127
2026-03-23 05:00:00+00:00,68513.0,68880.0,68512.0,68870.0,1614.1089,5.8101e-06,-0.0004535194,0.0052117571493346,0.058101
2026-03-23 06:00:00+00:00,68871.0,68871.0,67674.0,67844.0,1877.24817,3.2128e-06,-0.0004742978,-0.0150097175470143,0.032128
2026-03-23 07:00:00+00:00,67844.0,68426.0,67474.0,68286.0,1648.1072,4.8995e-06,-0.0004608043,0.0064938155182151,0.048995
2026-03-23 08:00:00+00:00,68287.0,68665.0,68287.0,68400.0,1081.25029,3.4881e-06,-0.0004720951,0.001668057100697,0.034881
2026-03-23 09:00:00+00:00,68400.0,68431.0,67889.0,68311.0,755.10683,2.5011e-06,-0.0004799915,-0.0013020168468241,0.025011
2026-03-23 10:00:00+00:00,68311.0,68697.0,68259.0,68515.0,701.9634,8.833e-06,-0.0004293363,0.0029818916164836,0.08833
2026-03-23 11:00:00+00:00,68515.0,71502.0,68513.0,70075.0,13494.75475,6.7721e-06,-0.0004458228,0.0225133976526876,0.067721
2026-03-23 12:00:00+00:00,70076.0,70845.0,69635.0,70703.0,4195.33611,1.25e-05,-0.0003651545,0.0089219077661388,0.125
2026-03-23 13:00:00+00:00,70703.0,71573.0,70560.0,71443.0,4665.47466,-6.607e-07,-0.0005052854,0.0104119241506348,-0.006607
2026-03-23 14:00:00+00:00,71444.0,71785.0,71082.0,71402.0,3019.19389,8.6443e-06,-0.0004308456,-0.0005740488099115,0.0864429999999999
2026-03-23 15:00:00+00:00,71402.0,71613.0,70051.0,70088.0,3881.4576,-1.01033e-05,-0.0005808265,-0.0185742847936512,-0.101033
2026-03-23 16:00:00+00:00,70087.0,70731.0,70087.0,70520.0,2211.09368,-8.4183e-06,-0.0005673465,0.0061447621656068,-0.084183
2026-03-23 17:00:00+00:00,70520.0,71081.0,70326.0,71045.0,1825.21158,1.5115e-06,-0.000487908,0.007417121560369,0.015115
2026-03-23 18:00:00+00:00,71044.0,71141.0,70815.0,71022.0,1365.22259,-3.289e-06,-0.0005263117,-0.000323790890227,-0.03289
2026-03-23 19:00:00+00:00,71027.0,71218.0,70603.0,70636.0,1732.73877,-1.08936e-05,-0.0005871487,-0.0054497586489336,-0.108936
2026-03-23 20:00:00+00:00,70638.0,70955.0,70526.0,70874.0,710.06234,-1.22164e-05,-0.000597731,0.0033637230500578,-0.122164
2026-03-23 21:00:00+00:00,70875.0,70966.0,70777.0,70804.0,832.79612,-1.8801e-06,-0.0005150409,-0.0009881563220256,-0.018801
2026-03-23 22:00:00+00:00,70803.0,70856.0,70464.0,70754.0,1912.57851,2.9838e-06,-0.0004761298,-0.0007064242512513,0.029838
2026-03-23 23:00:00+00:00,70753.0,70963.0,70369.0,70860.0,1317.1216,-7.5375e-06,-0.0005602999,0.001497027409667,-0.075375
2026-03-24 00:00:00+00:00,70861.0,71074.0,70345.0,70648.0,1560.85222,5.1478e-06,-0.0004588177,-0.0029962992708248,0.051478
2026-03-24 01:00:00+00:00,70648.0,70841.0,70250.0,70473.0,804.51049,3.681e-07,-0.0004970551,-0.0024801424267632,0.003681
2026-03-24 02:00:00+00:00,70473.0,70664.0,70330.0,70415.0,487.81629,-5.253e-07,-0.0005042027,-0.0008233490897242,-0.005253
2026-03-24 03:00:00+00:00,70415.0,70552.0,70370.0,70499.0,520.77276,-2.4235e-06,-0.0005193879,0.0011922166704467,-0.024235
2026-03-24 04:00:00+00:00,70500.0,70711.0,70214.0,70338.0,402.55476,1.898e-06,-0.0004848162,-0.002286332002714,0.01898
2026-03-24 05:00:00+00:00,70340.0,70351.0,70097.0,70242.0,627.11709,4.0513e-06,-0.00046759,-0.0013657705921558,0.0405129999999999
2026-03-24 06:00:00+00:00,70242.0,70541.0,70216.0,70512.0,735.07389,-9.47e-08,-0.0005007579,0.0038364853740407,-0.0009469999999999
2026-03-24 07:00:00+00:00,70512.0,71385.0,70465.0,71266.0,1954.62628,7.069e-06,-0.0004434478,0.0106364472424995,0.07069
2026-03-24 08:00:00+00:00,71267.0,71319.0,70828.0,70929.0,701.70169,1.18603e-05,-0.0004051178,-0.0047399786343988,0.118603
2026-03-24 09:00:00+00:00,70930.0,71336.0,70817.0,71291.0,624.44374,1.14414e-05,-0.0004084691,0.0050907155362175,0.114414
2026-03-24 10:00:00+00:00,71291.0,71304.0,71045.0,71239.0,811.04252,1.12761e-05,-0.0004097911,-0.0007296709788417,0.112761
2026-03-24 11:00:00+00:00,71238.0,71291.0,70926.0,71126.0,689.95053,5.3996e-06,-0.000456803,-0.0015874691634959,0.053996
2026-03-24 12:00:00+00:00,71126.0,71153.0,70837.0,70920.0,715.03754,3.6644e-06,-0.0004706849,-0.0029004708956046,0.036644
2026-03-24 13:00:00+00:00,70919.0,71038.0,69903.0,70057.0,3770.19317,8.142e-06,-0.0004348637,-0.0122432847931107,0.0814199999999999
2026-03-24 14:00:00+00:00,70056.0,70418.0,69466.0,69841.0,4633.36503,-4.3082e-06,-0.0005344655,-0.003087966541904,-0.0430819999999999
2026-03-24 15:00:00+00:00,69841.0,70231.0,69734.0,69837.0,2570.97408,1.807e-06,-0.0004855443,-5.7274588712563664e-05,0.01807
2026-03-24 16:00:00+00:00,69836.0,69973.0,69295.0,69435.0,1870.22944,1.25e-05,-0.0003936049,-0.0057728921309363,0.125
2026-03-24 17:00:00+00:00,69434.0,69481.0,68904.0,69217.0,3886.21638,5.4458e-06,-0.000456434,-0.0031445659584763,0.0544579999999999
2026-03-24 18:00:00+00:00,69216.0,69718.0,69152.0,69406.0,1886.1627,1.6766e-06,-0.0004865871,0.0027268219142569,0.016766
2026-03-24 19:00:00+00:00,69405.0,69680.0,69248.0,69335.0,1310.71481,1.25e-05,-0.0003506746,-0.0010234899012966,0.125
2026-03-24 20:00:00+00:00,69335.0,70299.0,69265.0,70072.0,3579.41575,1.25e-05,-0.0003753833,0.0105734556549602,0.125
2026-03-24 21:00:00+00:00,70072.0,70407.0,69888.0,70313.0,1369.92202,1.25e-05,-0.0002888262,0.0034334186237786,0.125
2026-03-24 22:00:00+00:00,70314.0,70589.0,70108.0,70290.0,1423.57383,1.25e-05,-0.0002484367,-0.0003271622967525,0.125
2026-03-24 23:00:00+00:00,70290.0,70824.0,70244.0,70553.0,1189.75933,1.25e-05,-0.000264022,0.0037346592402402,0.125
2026-03-25 00:00:00+00:00,70554.0,71045.0,70454.0,70821.0,1485.78015,1.25e-05,-0.0002874373,0.0037913664610114,0.125
2026-03-25 01:00:00+00:00,70822.0,70968.0,70610.0,70655.0,621.63714,1.25e-05,-0.0002002224,-0.0023466888543561,0.125
2026-03-25 02:00:00+00:00,70655.0,70740.0,70465.0,70503.0,1552.96618,1.25e-05,-0.0002210313,-0.0021536159303585,0.125
2026-03-25 03:00:00+00:00,70502.0,70792.0,70387.0,70691.0,1083.07916,1.25e-05,-0.000276469,0.0026630042509113,0.125
2026-03-25 04:00:00+00:00,70690.0,70951.0,70678.0,70950.0,1911.18597,1.25e-05,-0.000372367,0.0036571372507892,0.125
2026-03-25 05:00:00+00:00,70950.0,71338.0,70923.0,71094.0,1534.74828,1.25e-05,-0.0002469797,0.0020275414566061,0.125
2026-03-25 06:00:00+00:00,71095.0,71235.0,70976.0,70976.0,466.7428,1.25e-05,-0.0002165155,-0.001661153334756,0.125
2026-03-25 07:00:00+00:00,70977.0,71259.0,70851.0,70900.0,1183.66275,1.25e-05,-0.0002833918,-0.00107135818982,0.125
2026-03-25 08:00:00+00:00,70900.0,71487.0,70771.0,71223.0,1984.35129,1.25e-05,-0.0003075838,0.0045453664235588,0.125
2026-03-25 09:00:00+00:00,71222.0,71385.0,71061.0,71308.0,1374.11354,1.25e-05,-0.0003590189,0.0011927231279745,0.125
2026-03-25 10:00:00+00:00,71307.0,71616.0,71243.0,71466.0,1673.09626,7.9959e-06,-0.0004360326,0.0022132890372038,0.079959
2026-03-25 11:00:00+00:00,71465.0,71998.0,71445.0,71656.0,2323.15834,4.4183e-06,-0.0004646538,0.0026550790460753,0.044183
2026-03-25 12:00:00+00:00,71655.0,72034.0,71080.0,71710.0,3964.07142,1.25e-05,-0.0003336199,0.0007533167215892,0.125
2026-03-25 13:00:00+00:00,71709.0,71949.0,71483.0,71561.0,2132.31618,1.25e-05,-0.0003595235,-0.0020799750642932,0.125
2026-03-25 14:00:00+00:00,71562.0,71661.0,71199.0,71208.0,1521.20301,1.25e-05,-0.0002264919,-0.0049450611735599,0.125
2026-03-25 15:00:00+00:00,71209.0,71273.0,70538.0,70814.0,2644.03292,1.25e-05,-0.0003012911,-0.0055484503919612,0.125
2026-03-25 16:00:00+00:00,70814.0,71770.0,70711.0,71294.0,2781.13977,1.25e-05,-0.0003148567,0.0067554511419963,0.125
2026-03-25 17:00:00+00:00,71295.0,71368.0,70685.0,70743.0,1482.04339,1.25e-05,-0.0003137688,-0.0077585807075249,0.125
2026-03-25 18:00:00+00:00,70743.0,71106.0,70665.0,70785.0,1116.75658,1.04689e-05,-0.0004162484,0.0005935221473198,0.104689
2026-03-25 19:00:00+00:00,70784.0,71058.0,70739.0,70845.0,993.16766,8.5923e-06,-0.0004312618,0.0008472781697295,0.085923
2026-03-25 20:00:00+00:00,70846.0,71032.0,70605.0,70977.0,975.85287,1.11853e-05,-0.0004105175,0.001861488882071,0.111853
2026-03-25 21:00:00+00:00,70977.0,71154.0,70921.0,71005.0,514.22944,6.614e-06,-0.0004470879,0.0003944161987151,0.0661399999999999
2026-03-25 22:00:00+00:00,71006.0,71546.0,70911.0,71334.0,805.73154,8.2044e-06,-0.0004343649,0.0046227750074862,0.082044
2026-03-25 23:00:00+00:00,71335.0,71407.0,71150.0,71303.0,889.63584,6.8248e-06,-0.0004454017,-0.0004346698330459,0.068248
2026-03-26 00:00:00+00:00,71302.0,71411.0,71084.0,71269.0,798.1094,6.5523e-06,-0.0004475818,-0.0004769520052259,0.065523
2026-03-26 01:00:00+00:00,71269.0,71342.0,71132.0,71216.0,500.81676,7.4243e-06,-0.0004406056,-0.0007439379926922,0.074243
2026-03-26 02:00:00+00:00,71216.0,71258.0,70640.0,70861.0,1001.9401,6.4787e-06,-0.0004481705,-0.0049973006015705,0.064787
2026-03-26 03:00:00+00:00,70861.0,70949.0,70649.0,70871.0,1086.98193,5.2167e-06,-0.000458266,0.0001411113935681,0.052167
2026-03-26 04:00:00+00:00,70872.0,70877.0,70676.0,70730.0,547.7799,4.4944e-06,-0.0004640451,-0.0019915120175974,0.044944
2026-03-26 05:00:00+00:00,70730.0,70760.0,69897.0,69981.0,1738.99356,-3.3895e-06,-0.0005271157,-0.0106460344133699,-0.033895
2026-03-26 06:00:00+00:00,69980.0,70122.0,69823.0,70063.0,1162.10161,-5.3482e-06,-0.0005427856,0.0011710606576665,-0.053482
2026-03-26 07:00:00+00:00,70063.0,70140.0,69770.0,70066.0,980.09626,9.1699e-06,-0.0004266408,4.281768942131372e-05,0.091699
2026-03-26 08:00:00+00:00,70066.0,70102.0,69770.0,69984.0,691.61005,4.5761e-06,-0.000463391,-0.0011710104872589,0.045761
2026-03-26 09:00:00+00:00,69985.0,70106.0,69371.0,69538.0,1613.17046,4.6583e-06,-0.0004627334,-0.0063932787538852,0.046583
2026-03-26 10:00:00+00:00,69538.0,69675.0,69429.0,69480.0,502.47505,-5.652e-07,-0.0005045218,-0.0008344243675678,-0.005652
2026-03-26 11:00:00+00:00,69479.0,69627.0,69151.0,69221.0,1551.69864,-4.559e-07,-0.0005036472,-0.0037346565783508,-0.004559
2026-03-26 12:00:00+00:00,69221.0,69432.0,69184.0,69415.0,1806.65354,-7.0203e-06,-0.0005561621,0.0027986976922123,-0.070203
2026-03-26 13:00:00+00:00,69416.0,69848.0,69189.0,69618.0,2141.54899,8.543e-07,-0.0004931656,0.0029201721066976,0.008543
2026-03-26 14:00:00+00:00,69616.0,69798.0,69212.0,69455.0,1696.23116,1.06685e-05,-0.0004146516,-0.0023440937441107,0.106685
2026-03-26 15:00:00+00:00,69456.0,69473.0,68654.0,69063.0,3380.8318,1.25e-05,-0.0003953818,-0.0056599293444834,0.125
2026-03-26 16:00:00+00:00,69064.0,69064.0,68801.0,68908.0,1438.7763,1.25e-05,-0.000361238,-0.0022468499207463,0.125
2026-03-26 17:00:00+00:00,68909.0,69149.0,68321.0,68463.0,1741.68334,1.25e-05,-0.0002655383,-0.0064788282327392,0.125
2026-03-26 18:00:00+00:00,68463.0,68591.0,68123.0,68477.0,2420.51,1.25e-05,-0.0002712194,0.0002044691112717,0.125
2026-03-26 19:00:00+00:00,68476.0,68678.0,68328.0,68524.0,2031.74307,1.25e-05,-0.0002993489,0.0006861264055568,0.125
2026-03-26 20:00:00+00:00,68520.0,69477.0,68424.0,68982.0,3811.9724,1.25e-05,-0.0002147047,0.0066615521314461,0.125
2026-03-26 21:00:00+00:00,68982.0,69155.0,68846.0,68893.0,1430.65127,1.25e-05,-0.0002822818,-0.0012910246580118,0.125
2026-03-26 22:00:00+00:00,68892.0,68998.0,68578.0,68877.0,879.29347,1.25e-05,-0.0003491568,-0.0002322711776428,0.125
2026-03-26 23:00:00+00:00,68876.0,68969.0,68601.0,68806.0,862.48116,1.25e-05,-0.0003362657,-0.00103135472489,0.125
2026-03-27 00:00:00+00:00,68806.0,68960.0,68500.0,68755.0,1020.21152,1.25e-05,-0.0002556597,-0.0007414892642053,0.125
2026-03-27 01:00:00+00:00,68755.0,69047.0,68674.0,69022.0,408.27409,1.25e-05,-0.0003127686,0.0038758331832057,0.125
2026-03-27 02:00:00+00:00,69021.0,69152.0,68830.0,68879.0,611.59591,1.25e-05,-0.0003140955,-0.0020739523463484,0.125
2026-03-27 03:00:00+00:00,68878.0,68901.0,68650.0,68735.0,363.67348,1.25e-05,-0.0003556476,-0.0020928110883819,0.125
2026-03-27 04:00:00+00:00,68735.0,68767.0,68267.0,68550.0,915.08803,1.22543e-05,-0.0004019652,-0.0026951249150599,0.122543
2026-03-27 05:00:00+00:00,68549.0,68833.0,68469.0,68599.0,661.57445,5.2236e-06,-0.0004582109,0.0007145513577916,0.052236
2026-03-27 06:00:00+00:00,68599.0,68815.0,68539.0,68623.0,431.8424,4.9013e-06,-0.0004607893,0.0003497981408916,0.049013
2026-03-27 07:00:00+00:00,68622.0,68926.0,68441.0,68507.0,1458.33455,6.9427e-06,-0.0004444588,-0.0016918256788252,0.069427
2026-03-27 08:00:00+00:00,68507.0,68600.0,67541.0,67888.0,2633.76864,8.284e-06,-0.0004337281,-0.0090766413682124,0.08284
2026-03-27 09:00:00+00:00,67888.0,67915.0,67513.0,67663.0,1141.20703,8.003e-07,-0.0004935973,-0.0033197867465885,0.008003
2026-03-27 10:00:00+00:00,67663.0,67744.0,66316.0,66464.0,4145.26824,3.7928e-06,-0.0004696576,-0.0178790540196786,0.0379279999999999
2026-03-27 11:00:00+00:00,66463.0,66827.0,66144.0,66676.0,2272.14989,5.1628e-06,-0.0004586977,0.0031846203871397,0.051628
2026-03-27 12:00:00+00:00,66675.0,66755.0,66415.0,66599.0,1341.87135,1.25e-05,-0.0003967764,-0.0011555056622396,0.125
2026-03-27 13:00:00+00:00,66598.0,66708.0,66010.0,66164.0,3413.92709,1.17845e-05,-0.0004057243,-0.0065530540386272,0.117845
2026-03-27 14:00:00+00:00,66164.0,66372.0,65703.0,66184.0,3132.43576,9.0044e-06,-0.0004279644,0.000302233507907,0.090044
2026-03-27 15:00:00+00:00,66185.0,66627.0,65947.0,66097.0,2333.19223,1.25e-05,-0.000372508,-0.0013153818393293,0.125
2026-03-27 16:00:00+00:00,66097.0,66152.0,65800.0,65966.0,2148.08187,1.25e-05,-0.0002306004,-0.0019839022734083,0.125
2026-03-27 17:00:00+00:00,65966.0,66281.0,65579.0,65612.0,1968.26882,1.25e-05,-0.0001874517,-0.0053808517249048,0.125
2026-03-27 18:00:00+00:00,65613.0,65940.0,65550.0,65825.0,1491.19862,1.25e-05,-0.0002572832,0.0032410993321338,0.125
2026-03-27 19:00:00+00:00,65826.0,66140.0,65684.0,66032.0,1349.28341,1.25e-05,-0.0001792911,0.0031397676278529,0.125
2026-03-27 20:00:00+00:00,66032.0,66167.0,65801.0,65996.0,1764.34663,1.25e-05,-0.0001286332,-0.000545338881028,0.125
2026-03-27 21:00:00+00:00,65998.0,66165.0,65994.0,66063.0,513.59895,1.25e-05,-0.0002177794,0.0010146980629669,0.125
2026-03-27 22:00:00+00:00,66064.0,66079.0,65890.0,66002.0,436.86499,1.25e-05,-0.0002263611,-0.0009237875945637,0.125
2026-03-27 23:00:00+00:00,66002.0,66399.0,65952.0,66396.0,665.95044,1.25e-05,-0.0002973749,0.0059517691063719,0.125
2026-03-28 00:00:00+00:00,66397.0,66489.0,66267.0,66402.0,447.91401,1.25e-05,-0.0002808017,9.03628067303598e-05,0.125
2026-03-28 01:00:00+00:00,66403.0,66403.0,66035.0,66142.0,581.13921,1.25e-05,-0.0003424267,-0.0039232305270335,0.125
2026-03-28 02:00:00+00:00,66143.0,66219.0,65903.0,66027.0,332.23998,9.4371e-06,-0.0004245035,-0.001740196703025,0.094371
2026-03-28 03:00:00+00:00,66028.0,66215.0,66027.0,66203.0,310.62676,7.4705e-06,-0.0004402364,0.0026620298560674,0.074705
2026-03-28 04:00:00+00:00,66203.0,66271.0,66088.0,66252.0,240.26177,1.18226e-05,-0.0004054194,0.0007398739531958,0.118226
2026-03-28 05:00:00+00:00,66253.0,66360.0,66176.0,66328.0,527.33324,1.23005e-05,-0.0004015963,0.0011464777240097,0.123005
2026-03-28 06:00:00+00:00,66328.0,66472.0,66296.0,66381.0,266.69721,1.25e-05,-0.0003609128,0.0007987401429859,0.125
2026-03-28 07:00:00+00:00,66380.0,66548.0,66359.0,66537.0,308.99734,1.25e-05,-0.0002750035,0.0023473129542786,0.125
2026-03-28 08:00:00+00:00,66538.0,66551.0,66377.0,66391.0,265.03771,1.25e-05,-0.0003506389,-0.0021966787841387,0.125
2026-03-28 09:00:00+00:00,66392.0,66393.0,66219.0,66280.0,367.91478,1.25e-05,-0.0002884485,-0.0016733125686814,0.125
2026-03-28 10:00:00+00:00,66280.0,66385.0,66108.0,66195.0,505.0843,1.25e-05,-0.000368255,-0.0012832611687419,0.125
2026-03-28 11:00:00+00:00,66196.0,66336.0,66175.0,66302.0,222.72078,1.25e-05,-0.000386702,0.0016151312597334,0.125
2026-03-28 12:00:00+00:00,66303.0,66501.0,66217.0,66433.0,773.77535,1.25e-05,-0.0003943988,0.0019738583272325,0.125
2026-03-28 13:00:00+00:00,66433.0,67128.0,66395.0,66817.0,1831.39849,1.25e-05,-0.0002825895,0.0057636182066317,0.125
2026-03-28 14:00:00+00:00,66817.0,66951.0,66660.0,66733.0,1288.34772,1.25e-05,-0.0003053464,-0.0012579559876775,0.125
2026-03-28 15:00:00+00:00,66733.0,67280.0,66701.0,66997.0,1116.57039,1.25e-05,-0.0002773646,0.0039482590735423,0.125
2026-03-28 16:00:00+00:00,66996.0,67086.0,66834.0,66912.0,815.09024,1.25e-05,-0.0002305876,-0.0012695190228596,0.125
2026-03-28 17:00:00+00:00,66911.0,66975.0,66672.0,66826.0,428.49878,1.25e-05,-0.000250852,-0.0012860968737979,0.125
2026-03-28 18:00:00+00:00,66825.0,66935.0,66820.0,66896.0,364.16274,1.25e-05,-0.0002861934,0.0010469482417839,0.125
2026-03-28 19:00:00+00:00,66895.0,66940.0,66785.0,66888.0,454.36147,1.25e-05,-0.0002252942,-0.0001195957664523,0.125
2026-03-28 20:00:00+00:00,66889.0,66995.0,66888.0,66898.0,674.87393,1.25e-05,-0.0003102968,0.0001494924733322,0.125
2026-03-28 21:00:00+00:00,66899.0,66909.0,66555.0,66657.0,581.33291,1.25e-05,-0.0002874374,-0.0036090039546784,0.125
2026-03-28 22:00:00+00:00,66657.0,66768.0,66571.0,66742.0,666.91481,1.25e-05,-0.0003622979,0.0012743725440746,0.125
2026-03-28 23:00:00+00:00,66741.0,66741.0,66261.0,66353.0,780.57513,1.25e-05,-0.0003302253,-0.0058454653842675,0.125
2026-03-29 00:00:00+00:00,66353.0,66478.0,66267.0,66466.0,443.76597,1.25e-05,-0.0002872515,0.0017015641928379,0.125
2026-03-29 01:00:00+00:00,66465.0,66603.0,66356.0,66552.0,537.12502,1.25e-05,-0.0003124221,0.0012930582625308,0.125
2026-03-29 02:00:00+00:00,66551.0,66832.0,66517.0,66795.0,368.20058,1.25e-05,-0.0003417076,0.0036446304601887,0.125
2026-03-29 03:00:00+00:00,66794.0,67096.0,66746.0,66886.0,402.04279,1.25e-05,-0.0002622839,0.0013614502293679,0.125
2026-03-29 04:00:00+00:00,66885.0,66921.0,66696.0,66710.0,342.90119,1.25e-05,-0.0002745721,-0.0026348109497191,0.125
2026-03-29 05:00:00+00:00,66710.0,66795.0,66580.0,66754.0,350.8976,1.25e-05,-0.0003315184,0.000659353857131,0.125
2026-03-29 06:00:00+00:00,66754.0,66861.0,66615.0,66724.0,376.4711,1.25e-05,-0.0003589139,-0.0004495122867461,0.125
2026-03-29 07:00:00+00:00,66723.0,66723.0,66531.0,66649.0,333.85348,1.25e-05,-0.0003053965,-0.0011246655305864,0.125
2026-03-29 08:00:00+00:00,66648.0,66755.0,66575.0,66699.0,184.04802,1.25e-05,-0.0003660104,0.0007499175442187,0.125
2026-03-29 09:00:00+00:00,66700.0,66747.0,66517.0,66604.0,331.39769,1.25e-05,-0.0003042091,-0.0014253245025708,0.125
2026-03-29 10:00:00+00:00,66605.0,66605.0,66378.0,66475.0,507.23268,1.15721e-05,-0.0004074229,-0.0019386986737867,0.115721
2026-03-29 11:00:00+00:00,66475.0,66942.0,66475.0,66782.0,469.65387,1.02047e-05,-0.0004183624,0.0046076460245129,0.102047
2026-03-29 12:00:00+00:00,66782.0,66841.0,66674.0,66820.0,232.28059,1.25e-05,-0.0003764286,0.0005688537750139,0.125
2026-03-29 13:00:00+00:00,66820.0,66844.0,66501.0,66543.0,759.51706,1.16262e-05,-0.0004069906,-0.0041540816918484,0.116262
2026-03-29 14:00:00+00:00,66542.0,66767.0,66438.0,66560.0,413.55058,8.286e-06,-0.0004337124,0.0002554412761911,0.08286
2026-03-29 15:00:00+00:00,66560.0,66693.0,66295.0,66493.0,992.77637,5.6677e-06,-0.0004546586,-0.0010071175495944,0.056677
2026-03-29 16:00:00+00:00,66494.0,66633.0,66405.0,66466.0,438.62153,2.1557e-06,-0.0004827542,-0.0004061402443029,0.021557
2026-03-29 17:00:00+00:00,66465.0,66512.0,66115.0,66351.0,780.81772,2.5916e-06,-0.0004792669,-0.0017317064643618,0.0259159999999999
2026-03-29 18:00:00+00:00,66351.0,66500.0,66291.0,66400.0,480.37073,5.203e-07,-0.0004958377,0.0007382242276942,0.005203
2026-03-29 19:00:00+00:00,66399.0,66452.0,66294.0,66318.0,268.44835,5.75e-07,-0.0004954002,-0.0012357029255147,0.00575
2026-03-29 20:00:00+00:00,66318.0,66793.0,66317.0,66577.0,695.49039,5.6449e-06,-0.0004548407,0.0038978189986884,0.056449
2026-03-29 21:00:00+00:00,66577.0,66732.0,66478.0,66675.0,326.51868,3.3764e-06,-0.0004729888,0.0014708975125161,0.033764
2026-03-29 22:00:00+00:00,66674.0,66675.0,64904.0,65818.0,4843.98904,5.7004e-06,-0.000454397,-0.0129367129154868,0.057004
2026-03-29 23:00:00+00:00,65819.0,66351.0,65811.0,65970.0,2669.88457,-5.2228e-06,-0.0005417823,0.0023067360821883,-0.052228
2026-03-30 00:00:00+00:00,65969.0,67040.0,65759.0,66246.0,3150.96386,-1.57495e-05,-0.0006259961,0.0041749924502753,-0.157495
2026-03-30 01:00:00+00:00,66246.0,66785.0,66246.0,66606.0,1078.43469,-4.543e-06,-0.000536344,0.0054195778935101,-0.04543
2026-03-30 02:00:00+00:00,66607.0,67400.0,66538.0,67091.0,1384.13958,9.377e-07,-0.0004924981,0.0072552432361689,0.009377
2026-03-30 03:00:00+00:00,67090.0,67288.0,66946.0,67133.0,855.0219,2.0451e-06,-0.0004836391,0.0006258195459944,0.020451
2026-03-30 04:00:00+00:00,67135.0,67617.0,67129.0,67581.0,1214.02938,6.2285e-06,-0.0004501717,0.0066511520932377,0.062285
2026-03-30 05:00:00+00:00,67580.0,67773.0,67409.0,67461.0,674.83847,3.9169e-06,-0.000468665,-0.0017772253311606,0.0391689999999999
2026-03-30 06:00:00+00:00,67461.0,67550.0,67237.0,67277.0,565.62764,3.106e-07,-0.0004975152,-0.002731228226345,0.003106
2026-03-30 07:00:00+00:00,67276.0,67600.0,67200.0,67600.0,592.79597,3.3157e-06,-0.0004734742,0.0047895581524578,0.033157
2026-03-30 08:00:00+00:00,67599.0,67890.0,67579.0,67627.0,949.58138,7.5939e-06,-0.0004392491,0.0003993285417675,0.075939
2026-03-30 09:00:00+00:00,67632.0,67659.0,67417.0,67463.0,718.42375,-3.7834e-06,-0.0005302674,-0.0024280121484686,-0.037834
2026-03-30 10:00:00+00:00,67463.0,67486.0,67325.0,67455.0,437.21146,-5.2841e-06,-0.000542273,-0.0001185905514367,-0.052841
2026-03-30 11:00:00+00:00,67455.0,67971.0,67446.0,67632.0,1349.48453,-6.1739e-06,-0.0005493911,0.0026205349336536,-0.061739
2026-03-30 12:00:00+00:00,67632.0,67941.0,67624.0,67864.0,849.65292,-7.7824e-06,-0.0005622595,0.0034244586809994,-0.077824
2026-03-30 13:00:00+00:00,67864.0,68127.0,67403.0,67480.0,2465.93716,-8.2398e-06,-0.0005659185,-0.005674444827666,-0.082398
2026-03-30 14:00:00+00:00,67479.0,67824.0,67043.0,67754.0,2423.39393,-1.63514e-05,-0.0006308109,0.0040522409296215,-0.163514
2026-03-30 15:00:00+00:00,67754.0,67849.0,67375.0,67587.0,1835.60684,-1.59454e-05,-0.0006275635,-0.0024678417442736,-0.159454
2026-03-30 16:00:00+00:00,67586.0,67606.0,67191.0,67327.0,1096.10233,-1.1154e-05,-0.0005892317,-0.0038543119598243,-0.11154
2026-03-30 17:00:00+00:00,67328.0,67421.0,66600.0,66797.0,2184.60841,-1.57942e-05,-0.0006263538,-0.0079031755488241,-0.157942
2026-03-30 18:00:00+00:00,66797.0,66899.0,66468.0,66629.0,1304.56738,-5.5803e-06,-0.0005446423,-0.0025182511471862,-0.055803
2026-03-30 19:00:00+00:00,66628.0,66636.0,66184.0,66515.0,1714.09063,-1.49e-07,-0.0005011921,-0.0017124320714117,-0.00149
2026-03-30 20:00:00+00:00,66515.0,66659.0,66492.0,66605.0,740.24003,-7.4268e-06,-0.0005594144,0.0013521636675569,-0.074268
2026-03-30 21:00:00+00:00,66606.0,66957.0,66545.0,66769.0,992.31859,-6.0769e-06,-0.0005486152,0.0024592511682163,-0.060769
2026-03-30 22:00:00+00:00,66768.0,66956.0,66649.0,66745.0,463.70121,-7.7604e-06,-0.0005620829,-0.0003595128639467,-0.0776039999999999
2026-03-30 23:00:00+00:00,66745.0,66766.0,66361.0,66766.0,786.71754,-5.2778e-06,-0.0005422225,0.0003145808236501,-0.052778
2026-03-31 00:00:00+00:00,66766.0,67285.0,66491.0,67177.0,1705.92441,-1.0189e-05,-0.0005815122,0.0061369581080224,-0.10189
2026-03-31 01:00:00+00:00,67176.0,68370.0,67011.0,67910.0,3297.489,-6.6604e-06,-0.0005532834,0.0108523720863317,-0.066604
2026-03-31 02:00:00+00:00,67910.0,68061.0,67740.0,67919.0,986.38821,4.7264e-06,-0.0004621884,0.0001325195652352,0.047264
2026-03-31 03:00:00+00:00,67918.0,67975.0,67613.0,67671.0,933.41951,2.1244e-06,-0.0004830048,-0.0036580909588261,0.021244
2026-03-31 04:00:00+00:00,67672.0,67837.0,67466.0,67508.0,1143.77458,-3.865e-07,-0.0005030921,-0.0024116183578713,-0.003865
2026-03-31 05:00:00+00:00,67508.0,67753.0,67352.0,67646.0,1273.5226,-1.2769e-06,-0.0005102151,0.002042115630432,-0.012769
2026-03-31 06:00:00+00:00,67646.0,67679.0,67298.0,67464.0,1097.97043,-8.188e-07,-0.0005065505,-0.0026941027323295,-0.008188
2026-03-31 07:00:00+00:00,67464.0,67492.0,67069.0,67343.0,2065.07872,-1.5006e-06,-0.0005120045,-0.0017951594871856,-0.015006
2026-03-31 08:00:00+00:00,67342.0,67468.0,66652.0,66740.0,2587.79838,9.724e-07,-0.0004922206,-0.0089944894619267,0.009724
2026-03-31 09:00:00+00:00,66737.0,66884.0,65951.0,66079.0,3318.92537,4.704e-07,-0.0004962365,-0.0099534773969257,0.004704
2026-03-31 10:00:00+00:00,66078.0,66440.0,66056.0,66323.0,1577.59828,-3.2971e-06,-0.0005263766,0.0036857491008159,-0.032971
2026-03-31 11:00:00+00:00,66324.0,66827.0,66200.0,66652.0,2499.03959,-1.0542e-05,-0.000584336,0.0049483086492588,-0.10542
2026-03-31 12:00:00+00:00,66652.0,66912.0,66489.0,66616.0,967.75191,-3.5158e-06,-0.000528126,-0.0005402647428589,-0.035158
2026-03-31 13:00:00+00:00,66617.0,67387.0,66616.0,67266.0,1976.78294,2.504e-07,-0.0004979966,0.0097101194659933,0.002504
2026-03-31 14:00:00+00:00,67267.0,67749.0,66395.0,66555.0,5058.58919,-2.0374e-06,-0.0005162991,-0.010626234900529,-0.020374
2026-03-31 15:00:00+00:00,66556.0,67266.0,66555.0,66691.0,1842.17159,3.6033e-06,-0.0004711736,0.002041337784649,0.0360329999999999
2026-03-31 16:00:00+00:00,66690.0,67983.0,66690.0,67627.0,3507.56722,-5.812e-06,-0.000546496,0.0139373003070541,-0.05812
2026-03-31 17:00:00+00:00,67626.0,68559.0,67358.0,67484.0,5775.43457,-4.3957e-06,-0.0005351654,-0.0021167788469574,-0.043957
2026-03-31 18:00:00+00:00,67484.0,67906.0,67479.0,67798.0,1891.84216,-1.51231e-05,-0.0006209844,0.0046421632424577,-0.151231
2026-03-31 19:00:00+00:00,67797.0,67996.0,67666.0,67803.0,961.73177,-1.68316e-05,-0.0006346526,7.374576886983123e-05,-0.168316
2026-03-31 20:00:00+00:00,67803.0,68239.0,67782.0,68234.0,2242.9396,-1.73939e-05,-0.000639151,0.0063365325920491,-0.1739389999999999
2026-03-31 21:00:00+00:00,68234.0,68375.0,67845.0,68241.0,2168.61663,-1.72815e-05,-0.0006382516,0.0001025828907291,-0.172815
2026-03-31 22:00:00+00:00,68241.0,68300.0,67912.0,68128.0,1434.61121,-1.06528e-05,-0.0005852225,-0.0016572685267654,-0.106528
2026-03-31 23:00:00+00:00,68130.0,68341.0,68055.0,68244.0,726.84175,-1.58361e-05,-0.0006266891,0.0017012294015939,-0.158361
2026-04-01 00:00:00+00:00,68243.0,68295.0,67825.0,68288.0,1156.15275,-6.5066e-06,-0.0005520526,0.0006445375666252,-0.065066
2026-04-01 01:00:00+00:00,68289.0,68321.0,67733.0,67744.0,864.86268,-9.8538e-06,-0.0005788305,-0.0079981607268335,-0.098538
2026-04-01 02:00:00+00:00,67745.0,67875.0,67553.0,67629.0,941.54301,-9.9308e-06,-0.0005794463,-0.0016990098123492,-0.099308
2026-04-01 03:00:00+00:00,67628.0,68218.0,67628.0,68136.0,536.07054,-7.6419e-06,-0.0005611354,0.0074688226986743,-0.076419
2026-04-01 04:00:00+00:00,68136.0,68441.0,67992.0,68278.0,1582.26614,-4.9621e-06,-0.0005396967,0.0020818985043944,-0.049621
2026-04-01 05:00:00+00:00,68278.0,68730.0,68122.0,68430.0,1131.85588,6.439e-06,-0.0004484884,0.0022237186212321,0.06439
2026-04-01 06:00:00+00:00,68431.0,69205.0,68430.0,69070.0,3098.42729,9.831e-06,-0.0004213523,0.0093091581364751,0.09831
2026-04-01 07:00:00+00:00,69069.0,69265.0,68637.0,68653.0,2177.29272,6.4121e-06,-0.0004487034,-0.0060556519145486,0.064121
2026-04-01 08:00:00+00:00,68653.0,68835.0,68428.0,68632.0,1948.06522,1.3418e-06,-0.0004892655,-0.0003059329156687,0.013418
2026-04-01 09:00:00+00:00,68632.0,68701.0,68350.0,68614.0,1246.34858,1.6294e-06,-0.0004869645,-0.000262302727995,0.016294
2026-04-01 10:00:00+00:00,68615.0,68625.0,68361.0,68546.0,1247.44449,4.3789e-06,-0.0004649685,-0.000991542805063,0.0437889999999999
2026-04-01 11:00:00+00:00,68547.0,68703.0,68474.0,68675.0,460.90726,-4.3524e-06,-0.0005348195,0.0018801792437315,-0.043524
2026-04-01 12:00:00+00:00,68676.0,68726.0,68225.0,68341.0,1452.07491,-1.9792e-06,-0.0005158333,-0.0048753526824897,-0.019792
2026-04-01 13:00:00+00:00,68344.0,68650.0,67845.0,68075.0,2839.75816,-4.961e-06,-0.0005396881,-0.0038998407390244,-0.0496099999999999
2026-04-01 14:00:00+00:00,68075.0,68638.0,68026.0,68551.0,2092.35749,-1.35247e-05,-0.0006081979,0.0069679552341474,-0.135247
2026-04-01 15:00:00+00:00,68555.0,68914.0,68381.0,68878.0,1498.29953,-1.16614e-05,-0.0005932912,0.0047588298993059,-0.116614
2026-04-01 16:00:00+00:00,68878.0,68951.0,68561.0,68775.0,1876.12364,-1.13304e-05,-0.0005906431,-0.0014965168826383,-0.113304
2026-04-01 17:00:00+00:00,68775.0,69117.0,68203.0,68228.0,1890.43487,-1.24711e-05,-0.0005997685,-0.0079852690320117,-0.124711
2026-04-01 18:00:00+00:00,68228.0,68284.0,67904.0,68040.0,2156.91659,-1.35994e-05,-0.0006087953,-0.0027592702509654,-0.135994
2026-04-01 19:00:00+00:00,68039.0,68250.0,67978.0,68137.0,1172.87546,-2.7873e-06,-0.0005222985,0.0014246167327139,-0.027873
2026-04-01 20:00:00+00:00,68136.0,68206.0,67914.0,68148.0,1291.61562,-2.9708e-06,-0.0005237667,0.0001614264229209,-0.029708
2026-04-01 21:00:00+00:00,68148.0,68499.0,68130.0,68319.0,1761.46316,-1.22902e-05,-0.0005983216,0.0025061016875547,-0.122902
2026-04-01 22:00:00+00:00,68319.0,68320.0,68019.0,68083.0,1350.69466,-2.5444e-06,-0.000520355,-0.0034603632716655,-0.025444
2026-04-01 23:00:00+00:00,68084.0,68201.0,67956.0,68084.0,708.09933,-6.1896e-06,-0.0005495172,1.468784654156377e-05,-0.061896
2026-04-02 00:00:00+00:00,68083.0,68624.0,68012.0,68564.0,1573.37921,-4.974e-06,-0.0005397922,0.007025378699084,-0.04974
2026-04-02 01:00:00+00:00,68565.0,68565.0,67009.0,67315.0,6453.82321,-8.481e-07,-0.0005067848,-0.0183845212136124,-0.0084809999999999
2026-04-02 02:00:00+00:00,67315.0,67315.0,66601.0,66814.0,2458.71453,-1.28285e-05,-0.0006026278,-0.0074704550092706,-0.1282849999999999
2026-04-02 03:00:00+00:00,66813.0,66926.0,66445.0,66538.0,1130.40236,-1.70213e-05,-0.0006361702,-0.0041394263918269,-0.170213
2026-04-02 04:00:00+00:00,66538.0,66612.0,66179.0,66290.0,1499.18206,-1.84969e-05,-0.0006479751,-0.0037341567768003,-0.184969
2026-04-02 05:00:00+00:00,66290.0,66603.0,66263.0,66548.0,1636.48828,-2.07213e-05,-0.0006657704,0.0038844355441962,-0.207213
2026-04-02 06:00:00+00:00,66547.0,66795.0,66509.0,66646.0,1431.9017,-1.67052e-05,-0.0006336416,0.0014715380224978,-0.167052
2026-04-02 07:00:00+00:00,66646.0,66888.0,66514.0,66878.0,811.37404,-8.1483e-06,-0.000565186,0.003475034203089,-0.081483
2026-04-02 08:00:00+00:00,66878.0,66878.0,66375.0,66401.0,1459.43376,-1.56101e-05,-0.000624881,-0.0071579474131356,-0.156101
2026-04-02 09:00:00+00:00,66401.0,66465.0,66263.0,66422.0,745.84531,-1.87101e-05,-0.0006496807,0.0003162102975384,-0.187101
2026-04-02 10:00:00+00:00,66422.0,66464.0,66168.0,66421.0,770.94498,-1.61506e-05,-0.0006292049,-1.5055366109129313e-05,-0.161506
2026-04-02 11:00:00+00:00,66422.0,66447.0,66103.0,66171.0,890.63318,-1.76351e-05,-0.0006410807,-0.0037709710428166,-0.176351
2026-04-02 12:00:00+00:00,66172.0,66204.0,65911.0,66007.0,1263.89602,-1.7389e-05,-0.0006391121,-0.0024815034901028,-0.17389
2026-04-02 13:00:00+00:00,66008.0,66244.0,65697.0,66240.0,2673.98403,-1.4819e-05,-0.0006185517,0.0035237130685464,-0.14819
2026-04-02 14:00:00+00:00,66240.0,67070.0,66130.0,66830.0,5213.82221,-7.7121e-06,-0.0005616968,0.0088675714459745,-0.077121
2026-04-02 15:00:00+00:00,66831.0,66951.0,66606.0,66798.0,2395.45758,-1.15098e-05,-0.000592078,-0.0004789415483535,-0.1150979999999999
2026-04-02 16:00:00+00:00,66798.0,67241.0,66709.0,67053.0,1749.63358,-1.8183e-05,-0.0006454637,0.0038102114814426,-0.18183
2026-04-02 17:00:00+00:00,67052.0,67390.0,66620.0,66638.0,2244.64869,-1.66116e-05,-0.0006328925,-0.0062083660526518,-0.1661159999999999
2026-04-02 18:00:00+00:00,66638.0,67038.0,66549.0,66940.0,1823.30919,-1.86432e-05,-0.0006491455,0.0045217103797644,-0.186432
2026-04-02 19:00:00+00:00,66941.0,67080.0,66829.0,66930.0,1538.81955,-6.7795e-06,-0.0005542357,-0.0001493986706297,-0.067795
2026-04-02 20:00:00+00:00,66937.0,67078.0,66754.0,66900.0,992.09892,-1.29105e-05,-0.0006032841,-0.000448329978368,-0.129105
2026-04-02 21:00:00+00:00,66899.0,66976.0,66673.0,66906.0,830.10945,-7.3098e-06,-0.0005584788,8.96820770970884e-05,-0.073098
2026-04-02 22:00:00+00:00,66905.0,67011.0,66790.0,66950.0,539.84553,-1.2129e-05,-0.0005970317,0.0006574229259018,-0.12129
2026-04-02 23:00:00+00:00,66951.0,67057.0,66816.0,66866.0,217.34958,-5.2031e-06,-0.0005416248,-0.0012554554168885,-0.052031
2026-04-03 00:00:00+00:00,66866.0,66971.0,66661.0,66748.0,556.75582,-3.4961e-06,-0.0005279692,-0.0017662824356366,-0.034961
2026-04-03 01:00:00+00:00,66749.0,66869.0,66426.0,66589.0,1057.467,-8.756e-06,-0.0005700482,-0.002384935544746,-0.08756
2026-04-03 02:00:00+00:00,66588.0,66710.0,66246.0,66498.0,924.64265,-1.17438e-05,-0.0005939501,-0.0013675267183393,-0.1174379999999999
2026-04-03 03:00:00+00:00,66497.0,66690.0,66453.0,66558.0,935.34767,-9.4356e-06,-0.0005754845,0.0009018759630066,-0.094356
2026-04-03 04:00:00+00:00,66558.0,66668.0,66471.0,66572.0,562.23227,-4.1648e-06,-0.0005333188,0.0002103207399025,-0.041648
2026-04-03 05:00:00+00:00,66572.0,66783.0,66384.0,66575.0,738.88601,-1.9187e-06,-0.0005153497,4.506297551598973e-05,-0.019187
2026-04-03 06:00:00+00:00,66574.0,66768.0,66526.0,66768.0,612.70305,-5.3898e-06,-0.0005431187,0.0028947921492009,-0.0538979999999999
2026-04-03 07:00:00+00:00,66767.0,67229.0,66726.0,67013.0,1324.10748,-3.9951e-06,-0.0005319607,0.0036627065711586,-0.039951
2026-04-03 08:00:00+00:00,67013.0,67268.0,66854.0,66935.0,1567.01012,2.1797e-06,-0.0004825622,-0.0011646311824943,0.021797
2026-04-03 09:00:00+00:00,66936.0,66978.0,66706.0,66832.0,689.82828,2.3172e-06,-0.0004814627,-0.0015399914830415,0.023172
2026-04-03 10:00:00+00:00,66833.0,66865.0,66631.0,66851.0,949.83341,-1.2668e-06,-0.0005101342,0.0002842545443762,-0.012668
2026-04-03 11:00:00+00:00,66852.0,67031.0,66800.0,66975.0,879.33908,-2.0454e-06,-0.0005163628,0.0018531531314765,-0.020454
2026-04-03 12:00:00+00:00,66976.0,67371.0,66597.0,66691.0,2649.72117,2.571e-06,-0.0004794321,-0.0042494041470408,0.02571
2026-04-03 13:00:00+00:00,66691.0,66705.0,66480.0,66640.0,848.06082,-3.4859e-06,-0.0005278874,-0.0007650134250443,-0.034859
2026-04-03 14:00:00+00:00,66639.0,66971.0,66601.0,66916.0,1241.11471,2.1759e-06,-0.0004825926,0.004133103610447,0.021759
2026-04-03 15:00:00+00:00,66915.0,66987.0,66788.0,66806.0,1062.70217,2.1913e-06,-0.0004824693,-0.0016452046007597,0.021913
2026-04-03 16:00:00+00:00,66806.0,67053.0,66797.0,66980.0,690.1734,-2.439e-07,-0.0005019515,0.002601170497784,-0.002439
2026-04-03 17:00:00+00:00,66980.0,67044.0,66720.0,66817.0,1025.86387,7.3292e-06,-0.0004413661,-0.0024365281828404,0.073292
2026-04-03 18:00:00+00:00,66818.0,66900.0,66743.0,66782.0,360.21823,5.586e-07,-0.0004955314,-0.0005239560296216,0.005586
2026-04-03 19:00:00+00:00,66782.0,66868.0,66736.0,66856.0,342.90589,1.76e-08,-0.000499859,0.0011074695455386,0.000176
2026-04-03 20:00:00+00:00,66856.0,66891.0,66798.0,66798.0,270.76173,-5.0635e-06,-0.0005405082,-0.0008679127245097,-0.050635
2026-04-03 21:00:00+00:00,66799.0,66950.0,66785.0,66937.0,625.75786,1.6223e-06,-0.000487022,0.0020787385509157,0.0162229999999999
2026-04-03 22:00:00+00:00,66938.0,66938.0,66800.0,66856.0,770.75601,6.5192e-06,-0.0004478466,-0.001210825826406,0.065192
2026-04-03 23:00:00+00:00,66857.0,66943.0,66793.0,66942.0,235.24466,2.048e-07,-0.0004983619,0.0012855201399625,0.002048
2026-04-04 00:00:00+00:00,66930.0,66942.0,66837.0,66861.0,214.3362,-4.3767e-06,-0.0005350136,-0.001210735333209,-0.043767
2026-04-04 01:00:00+00:00,66862.0,66888.0,66787.0,66810.0,344.25314,2.3824e-06,-0.0004809405,-0.0007630675685026,0.0238239999999999
2026-04-04 02:00:00+00:00,66810.0,66889.0,66772.0,66804.0,386.28508,-3.3649e-06,-0.0005269194,-8.981094801495383e-05,-0.033649
2026-04-04 03:00:00+00:00,66805.0,66868.0,66793.0,66794.0,71.37796,-9.3546e-06,-0.0005748365,-0.0001497028401424,-0.093546
2026-04-04 04:00:00+00:00,66795.0,66833.0,66728.0,66824.0,146.44487,-7.8242e-06,-0.0005625935,0.0004490413043766,-0.078242
2026-04-04 05:00:00+00:00,66824.0,66905.0,66814.0,66866.0,193.07514,-3.1582e-06,-0.0005252657,0.0006283192666878,-0.031582
2026-04-04 06:00:00+00:00,66866.0,67019.0,66866.0,66985.0,516.14575,1.0787e-06,-0.0004913704,0.001778097008656,0.010787
2026-04-04 07:00:00+00:00,66985.0,67003.0,66900.0,66977.0,280.05365,-1.3441e-06,-0.0005107525,-0.0001194368553695,-0.013441
2026-04-04 08:00:00+00:00,66977.0,67015.0,66864.0,66897.0,455.20922,-7.4463e-06,-0.0005595703,-0.0011951537942037,-0.074463
2026-04-04 09:00:00+00:00,66896.0,66957.0,66879.0,66944.0,156.74464,-9.9428e-06,-0.0005795421,0.0007023259230271,-0.099428
2026-04-04 10:00:00+00:00,66944.0,67141.0,66880.0,67137.0,524.74947,-6.5787e-06,-0.0005526297,0.0028788587987243,-0.065787
2026-04-04 11:00:00+00:00,67137.0,67198.0,67053.0,67126.0,727.18326,-1.9715e-06,-0.0005157721,-0.000163857503923,-0.019715
2026-04-04 12:00:00+00:00,67125.0,67145.0,67000.0,67057.0,556.42218,-4.6206e-06,-0.0005369645,-0.0010284463170712,-0.046206
2026-04-04 13:00:00+00:00,67056.0,67241.0,67044.0,67167.0,454.05257,-2.5731e-06,-0.0005205846,0.0016390515053366,-0.025731
2026-04-04 14:00:00+00:00,67166.0,67170.0,66989.0,67167.0,377.8873,-1.3549e-05,-0.000608392,0.0,-0.13549
2026-04-04 15:00:00+00:00,67167.0,67493.0,67140.0,67337.0,816.20544,-2.03073e-05,-0.0006624587,0.0025278072105258,-0.203073
2026-04-04 16:00:00+00:00,67336.0,67483.0,67282.0,67319.0,493.02723,-1.87294e-05,-0.0006498355,-0.0002673479103375,-0.187294
2026-04-04 17:00:00+00:00,67319.0,67377.0,67242.0,67293.0,460.87746,-2.0357e-05,-0.0006628562,-0.0003862954316601,-0.2035699999999999
2026-04-04 18:00:00+00:00,67292.0,67339.0,67227.0,67257.0,158.84718,-1.3946e-05,-0.0006115681,-0.0005351170696254,-0.13946
2026-04-04 19:00:00+00:00,67257.0,67513.0,67239.0,67256.0,478.27014,-1.36321e-05,-0.000609057,-1.4868451376731296e-05,-0.136321
2026-04-04 20:00:00+00:00,67256.0,67257.0,67151.0,67223.0,367.09138,-5.1592e-06,-0.0005412738,-0.0004907829573745,-0.051592
2026-04-04 21:00:00+00:00,67223.0,67430.0,67159.0,67316.0,504.69518,-9.3827e-06,-0.0005750617,0.0013824989752057,-0.093827
2026-04-04 22:00:00+00:00,67315.0,67429.0,67300.0,67361.0,292.84345,-1.30313e-05,-0.0006042507,0.0006682655787502,-0.130313
2026-04-04 23:00:00+00:00,67360.0,67361.0,67221.0,67264.0,166.39334,-9.6876e-06,-0.0005775012,-0.0014410401750911,-0.096876
2026-04-05 00:00:00+00:00,67263.0,67264.0,67112.0,67169.0,341.26896,-1.28064e-05,-0.0006024509,-0.0014133436851645,-0.128064
2026-04-05 01:00:00+00:00,67169.0,67185.0,67043.0,67051.0,218.54962,-1.70056e-05,-0.0006360451,-0.0017583077097479,-0.1700559999999999
2026-04-05 02:00:00+00:00,67050.0,67141.0,66922.0,67136.0,570.00884,-1.73362e-05,-0.0006386898,0.0012668889142584,-0.173362
2026-04-05 03:00:00+00:00,67136.0,67152.0,67047.0,67095.0,150.82099,-1.37947e-05,-0.0006103576,-0.0006108872209108,-0.137947
2026-04-05 04:00:00+00:00,67095.0,67154.0,67032.0,67054.0,401.70006,-1.46677e-05,-0.0006173416,-0.0006112606322313,-0.146677
2026-04-05 05:00:00+00:00,67054.0,67116.0,66845.0,66885.0,634.25796,-1.04796e-05,-0.0005838366,-0.00252353817314,-0.104796
2026-04-05 06:00:00+00:00,66886.0,66901.0,66565.0,66764.0,1115.54098,-1.56392e-05,-0.0006251138,-0.0018107136313786,-0.156392
2026-04-05 07:00:00+00:00,66764.0,66868.0,66672.0,66770.0,1026.06818,-1.05732e-05,-0.0005845853,8.986475360632538e-05,-0.105732
2026-04-05 08:00:00+00:00,66770.0,66890.0,66770.0,66888.0,486.64324,-2.63455e-05,-0.000710764,0.0017657009779792,-0.263455
2026-04-05 09:00:00+00:00,66889.0,67007.0,66840.0,66987.0,593.50216,-2.83484e-05,-0.0007267868,0.0014789918662361,-0.283484
2026-04-05 10:00:00+00:00,66987.0,67119.0,66919.0,67003.0,366.32691,-2.45441e-05,-0.0006963528,0.0002388237939554,-0.245441
2026-04-05 11:00:00+00:00,67002.0,67040.0,66927.0,66953.0,428.17117,-2.03716e-05,-0.0006629731,-0.0007465138153126,-0.203716
2026-04-05 12:00:00+00:00,66953.0,66953.0,66637.0,66749.0,692.74298,-2.33904e-05,-0.0006871233,-0.0030515647979056,-0.233904
2026-04-05 13:00:00+00:00,66749.0,66884.0,66662.0,66853.0,369.71037,-2.4988e-05,-0.0006999038,0.0015568632356771,-0.24988
2026-04-05 14:00:00+00:00,66853.0,66926.0,66776.0,66874.0,493.52891,-1.60002e-05,-0.0006280013,0.0003140727029338,-0.160002
2026-04-05 15:00:00+00:00,66874.0,67809.0,66790.0,67259.0,2516.64754,-1.77249e-05,-0.0006417995,0.0057405866905884,-0.177249
2026-04-05 16:00:00+00:00,67259.0,67372.0,67134.0,67166.0,653.36706,-1.22883e-05,-0.0005983063,-0.0013836714128731,-0.122883
2026-04-05 17:00:00+00:00,67167.0,67362.0,67145.0,67333.0,505.20901,-1.87636e-05,-0.0006501088,0.0024832911147352,-0.187636
2026-04-05 18:00:00+00:00,67332.0,67419.0,67234.0,67361.0,379.18545,-1.89504e-05,-0.000651603,0.0004157572037853,-0.189504
2026-04-05 19:00:00+00:00,67361.0,67525.0,67240.0,67320.0,592.58439,-1.29609e-05,-0.0006036869,-0.0006088461069718,-0.129609
2026-04-05 20:00:00+00:00,67320.0,67653.0,67290.0,67619.0,849.23384,-1.47376e-05,-0.0006179007,0.0044316393236781,-0.1473759999999999
2026-04-05 21:00:00+00:00,67619.0,67639.0,67374.0,67498.0,677.57856,-1.23999e-05,-0.0005991996,-0.0017910408363949,-0.123999
2026-04-05 22:00:00+00:00,67497.0,68340.0,67305.0,68295.0,3194.99586,-1.83538e-05,-0.0006468301,0.0117385896449667,-0.183538
2026-04-05 23:00:00+00:00,68295.0,69096.0,68223.0,68988.0,3791.51418,-1.0037e-05,-0.0005802958,0.010096018974299,-0.10037
2026-04-06 00:00:00+00:00,68989.0,69700.0,68988.0,69042.0,4766.48091,-9.8878e-06,-0.0005791026,0.0007824386402222,-0.098878
2026-04-06 01:00:00+00:00,69043.0,69102.0,68763.0,68779.0,1432.45933,-1.008e-06,-0.0005080641,-0.0038165492811567,-0.0100799999999999
2026-04-06 02:00:00+00:00,68771.0,69379.0,68753.0,69183.0,1519.80405,2.9207e-06,-0.0004766341,0.0058567019149944,0.0292069999999999
2026-04-06 03:00:00+00:00,69182.0,69229.0,69028.0,69085.0,1067.9435,6.3027e-06,-0.0004495784,-0.0014175371945814,0.063027
2026-04-06 04:00:00+00:00,69085.0,69183.0,68943.0,69106.0,693.56529,2.5927e-06,-0.0004792587,0.0003039271755997,0.025927
2026-04-06 05:00:00+00:00,69106.0,69204.0,69050.0,69166.0,415.81022,9.294e-07,-0.0004925645,0.0008678547177426,0.009294
2026-04-06 06:00:00+00:00,69167.0,69324.0,68752.0,68939.0,1345.20357,3.2501e-06,-0.0004739989,-0.0032873567854455,0.032501
2026-04-06 07:00:00+00:00,68940.0,69187.0,68791.0,69082.0,1138.43759,1.401e-06,-0.0004887924,0.0020721491826287,0.01401
2026-04-06 08:00:00+00:00,69083.0,69326.0,69051.0,69189.0,1065.69436,6.1694e-06,-0.0004506449,0.0015476856514867,0.061694
2026-04-06 09:00:00+00:00,69189.0,70243.0,69188.0,69695.0,3867.61875,1.09716e-05,-0.000412227,0.0072866887312044,0.109716
2026-04-06 10:00:00+00:00,69696.0,69919.0,69667.0,69740.0,876.30975,1.20199e-05,-0.0004038408,0.0006454620656554,0.120199
2026-04-06 11:00:00+00:00,69740.0,69740.0,69512.0,69585.0,1414.18808,1.25e-05,-0.0003879,-0.0022250143756884,0.125
2026-04-06 12:00:00+00:00,69585.0,69598.0,69271.0,69318.0,992.15318,1.1844e-06,-0.0004905249,-0.0038444141428801,0.011844
2026-04-06 13:00:00+00:00,69318.0,69527.0,69195.0,69402.0,1419.43941,1.8709e-06,-0.0004850329,0.001211072812383,0.018709
2026-04-06 14:00:00+00:00,69402.0,69783.0,69120.0,69621.0,2525.92266,2.373e-06,-0.0004810157,0.0031505604274118,0.02373
2026-04-06 15:00:00+00:00,69621.0,69926.0,69499.0,69926.0,1273.11752,1.7327e-06,-0.0004861386,0.0043712940538585,0.017327
2026-04-06 16:00:00+00:00,69925.0,70316.0,69741.0,69748.0,2524.02041,5.337e-07,-0.0004957304,-0.0025487935673424,0.005337
2026-04-06 17:00:00+00:00,69748.0,69771.0,69223.0,69529.0,2278.464,-1.14632e-05,-0.0005917054,-0.0031448147287765,-0.114632
2026-04-06 18:00:00+00:00,69529.0,69922.0,69436.0,69851.0,1351.83963,-1.07763e-05,-0.0005862101,0.0046204702662907,-0.107763
2026-04-06 19:00:00+00:00,69850.0,69851.0,69544.0,69706.0,970.38012,-1.10744e-05,-0.0005885951,-0.002078004717457,-0.110744
2026-04-06 20:00:00+00:00,69705.0,69941.0,69576.0,69785.0,947.40738,-8.5887e-06,-0.0005687097,0.0011326896853033,-0.0858869999999999
2026-04-06 21:00:00+00:00,69786.0,69787.0,69391.0,69469.0,1548.64227,-4.5799e-06,-0.0005366395,-0.0045384770621721,-0.045799
2026-04-06 22:00:00+00:00,69469.0,69541.0,68758.0,68769.0,2208.08676,-1.10394e-05,-0.000588315,-0.0101275478967864,-0.1103939999999999
2026-04-06 23:00:00+00:00,68769.0,68881.0,68282.0,68818.0,2908.21063,-1.46985e-05,-0.0006175881,0.0007122766260131,-0.146985
2026-04-07 00:00:00+00:00,68817.0,69080.0,68682.0,68736.0,1399.22391,2.6848e-06,-0.0004785213,-0.0011922591813172,0.026848
2026-04-07 01:00:00+00:00,68737.0,68866.0,68306.0,68363.0,1174.47134,-6.154e-06,-0.0005492318,-0.0054413368488382,-0.06154
2026-04-07 02:00:00+00:00,68363.0,68687.0,68230.0,68648.0,1144.05557,-1.05452e-05,-0.0005843616,0.0041602559073132,-0.105452
2026-04-07 03:00:00+00:00,68644.0,68772.0,68592.0,68744.0,494.95425,-1.8383e-06,-0.0005147066,0.0013974615061021,-0.018383
2026-04-07 04:00:00+00:00,68744.0,68966.0,68506.0,68826.0,927.2331,4.6691e-06,-0.000462647,0.0011921205162637,0.0466909999999999
2026-04-07 05:00:00+00:00,68825.0,68835.0,68575.0,68628.0,322.46809,6.365e-07,-0.0004949083,-0.0028809658060061,0.006365
2026-04-07 06:00:00+00:00,68628.0,68628.0,68399.0,68542.0,1177.26377,-1.351e-06,-0.0005108082,-0.0012539186595936,-0.01351
2026-04-07 07:00:00+00:00,68541.0,68673.0,68459.0,68590.0,470.53767,3.0901e-06,-0.000475279,0.0007000554496441,0.0309009999999999
2026-04-07 08:00:00+00:00,68589.0,68960.0,68564.0,68909.0,664.66015,5.3322e-06,-0.0004573425,0.004640042070687,0.053322
2026-04-07 09:00:00+00:00,68909.0,69220.0,68898.0,69111.0,919.71243,7.5588e-06,-0.0004395296,0.0029271141027086,0.075588
2026-04-07 10:00:00+00:00,69111.0,69169.0,68157.0,68193.0,2063.55312,1.03327e-05,-0.0004173387,-0.0133719873991701,0.103327
2026-04-07 11:00:00+00:00,68193.0,68432.0,68026.0,68316.0,1380.49143,-2.5651e-06,-0.0005205206,0.0018020794714895,-0.0256509999999999
2026-04-07 12:00:00+00:00,68315.0,68584.0,68028.0,68362.0,1773.81123,8.904e-07,-0.000492877,0.0006731149378367,0.008904
2026-04-07 13:00:00+00:00,68362.0,68600.0,68161.0,68204.0,1282.84125,1.9494e-06,-0.0004844049,-0.0023139005388766,0.019494
2026-04-07 14:00:00+00:00,68204.0,68205.0,67728.0,67830.0,2205.49101,-2.6877e-06,-0.0005215017,-0.005498639197917,-0.026877
2026-04-07 15:00:00+00:00,67829.0,68217.0,67695.0,68134.0,1328.36007,-2.1088e-06,-0.0005168703,0.0044717793913934,-0.021088
2026-04-07 16:00:00+00:00,68133.0,68426.0,68045.0,68203.0,1066.50188,4.8385e-06,-0.0004612922,0.0010121978023739,0.048385
2026-04-07 17:00:00+00:00,68203.0,68998.0,68155.0,68668.0,1671.6151,2.8201e-06,-0.000477439,0.0067947452569272,0.028201
2026-04-07 18:00:00+00:00,68669.0,68742.0,68315.0,68410.0,1221.7998,4.277e-06,-0.0004657843,-0.0037642846357761,0.0427699999999999
2026-04-07 19:00:00+00:00,68409.0,69084.0,68321.0,68999.0,3191.1256,7.655e-06,-0.0004387604,0.0085729989657086,0.07655
2026-04-07 20:00:00+00:00,68999.0,69540.0,68997.0,69290.0,3125.17944,9.2327e-06,-0.0004261381,0.0042085839006747,0.092327
2026-04-07 21:00:00+00:00,69291.0,70211.0,69279.0,69889.0,4936.96881,1.25e-05,-0.0003447595,0.0086076735487866,0.125
2026-04-07 22:00:00+00:00,69890.0,71554.0,69890.0,71495.0,8242.63899,1.25e-05,-0.0003583911,0.0227192479967338,0.125
2026-04-07 23:00:00+00:00,71494.0,72772.0,71175.0,71919.0,6997.21508,1.25e-05,-0.0001771329,0.0059129685437346,0.125
2026-04-08 00:00:00+00:00,71920.0,72111.0,71531.0,71701.0,2547.08291,1.25e-05,-6.36251e-05,-0.0030357912188342,0.125
2026-04-08 01:00:00+00:00,71701.0,71757.0,71425.0,71458.0,1433.21601,1.25e-05,-0.0001008679,-0.0033948299915281,0.125
2026-04-08 02:00:00+00:00,71459.0,71720.0,71235.0,71352.0,1130.1451,1.25e-05,-0.000125421,-0.0014844901542765,0.125
2026-04-08 03:00:00+00:00,71352.0,71476.0,71265.0,71283.0,531.36102,1.25e-05,-0.0001221959,-0.0009675045449206,0.125
2026-04-08 04:00:00+00:00,71284.0,71700.0,71272.0,71567.0,1073.48784,1.25e-05,-0.0001615897,0.0039762040486469,0.125
2026-04-08 05:00:00+00:00,71567.0,71844.0,71553.0,71729.0,628.2012,1.25e-05,-4.43505e-05,0.0022610550052616,0.125
2026-04-08 06:00:00+00:00,71730.0,71945.0,71573.0,71722.0,886.21537,1.25e-05,-6.36931e-05,-9.759430057027403e-05,0.125
2026-04-08 07:00:00+00:00,71723.0,71913.0,71577.0,71630.0,921.23347,1.25e-05,-5.17471e-05,-0.0012835539459639,0.125
2026-04-08 08:00:00+00:00,71630.0,71818.0,71630.0,71793.0,392.37243,1.25e-05,-7.06651e-05,0.002272997638852,0.125
2026-04-08 09:00:00+00:00,71793.0,71963.0,71580.0,71670.0,654.10758,1.25e-05,-9.3526e-05,-0.0017147282593839,0.125
2026-04-08 10:00:00+00:00,71671.0,71771.0,71400.0,71457.0,638.71359,1.25e-05,-0.0001377151,-0.0029763798199407,0.125
2026-04-08 11:00:00+00:00,71458.0,71721.0,71378.0,71657.0,845.92733,1.25e-05,-0.000229538,0.0027949764551086,0.125
2026-04-08 12:00:00+00:00,71656.0,72157.0,71557.0,72049.0,1367.61849,1.25e-05,-0.0002380004,0.0054555964576971,0.125
2026-04-08 13:00:00+00:00,72048.0,72851.0,71488.0,71581.0,6223.31821,1.25e-05,-0.0002591646,-0.0065167674756095,0.125
2026-04-08 14:00:00+00:00,71581.0,71738.0,70676.0,70885.0,3515.42533,1.25e-05,-0.0001730645,-0.0097708300534884,0.125
2026-04-08 15:00:00+00:00,70885.0,71336.0,70811.0,71288.0,943.66027,1.25e-05,-0.0003137217,0.0056691647408237,0.125
2026-04-08 16:00:00+00:00,71288.0,71658.0,71226.0,71576.0,1144.21576,1.25e-05,-0.0002481471,0.0040318119348761,0.125
2026-04-08 17:00:00+00:00,71577.0,71941.0,71453.0,71858.0,1785.54426,1.25e-05,-0.0002900596,0.0039321271574114,0.125
2026-04-08 18:00:00+00:00,71859.0,71859.0,71044.0,71059.0,2334.78041,1.25e-05,-0.0003601748,-0.0111814315235372,0.125
2026-04-08 19:00:00+00:00,71060.0,71337.0,70979.0,71288.0,1337.89261,3.4689e-06,-0.0004722485,0.0032174924312497,0.034689
2026-04-08 20:00:00+00:00,71288.0,71444.0,71227.0,71336.0,743.81186,2.0265e-06,-0.0004837884,0.0006730985221595,0.020265
2026-04-08 21:00:00+00:00,71336.0,71726.0,71286.0,71516.0,991.77826,-1.8857e-06,-0.0005150858,0.0025200920569954,-0.018857
2026-04-08 22:00:00+00:00,71516.0,71532.0,71027.0,71028.0,1016.94646,1.4503e-06,-0.0004883978,-0.0068470353929853,0.0145029999999999
2026-04-08 23:00:00+00:00,71028.0,71168.0,70845.0,71036.0,1344.89769,6.67e-08,-0.0004994661,0.0001126252957604,0.000667
2026-04-09 00:00:00+00:00,71036.0,71098.0,70596.0,70773.0,1895.88507,6.955e-07,-0.0004944358,-0.003709218759544,0.0069549999999999
2026-04-09 01:00:00+00:00,70774.0,70928.0,70425.0,70895.0,1093.72653,-2.9114e-06,-0.000523291,0.0017223371567164,-0.029114
2026-04-09 02:00:00+00:00,70895.0,71167.0,70780.0,71023.0,808.66728,6.4058e-06,-0.0004487539,0.0018038590553466,0.064058
2026-04-09 03:00:00+00:00,71023.0,71079.0,70816.0,70961.0,476.42715,6.8484e-06,-0.000445213,-0.0008733378963927,0.068484
2026-04-09 04:00:00+00:00,70961.0,70977.0,70703.0,70750.0,585.06119,4.4593e-06,-0.0004643252,-0.0029778938251281,0.044593
2026-04-09 05:00:00+00:00,70750.0,71060.0,70646.0,70950.0,767.91121,3.3565e-06,-0.0004731481,0.0028228670827047,0.033565
2026-04-09 06:00:00+00:00,70950.0,71050.0,70765.0,70988.0,645.92261,3.7106e-06,-0.0004703156,0.0005354450662668,0.037106
2026-04-09 07:00:00+00:00,70987.0,71076.0,70916.0,70941.0,511.88738,5.0594e-06,-0.0004595245,-0.0006623030066867,0.050594
2026-04-09 08:00:00+00:00,70942.0,71343.0,70830.0,71220.0,883.56272,-2.1414e-06,-0.0005171311,0.0039251321839999,-0.021414
2026-04-09 09:00:00+00:00,71220.0,71535.0,71061.0,71500.0,1188.99419,4.1051e-06,-0.0004671593,0.0039237718503302,0.041051
2026-04-09 10:00:00+00:00,71499.0,71501.0,71230.0,71230.0,516.95906,2.56e-08,-0.0004997955,-0.0037833717096995,0.000256
2026-04-09 11:00:00+00:00,71230.0,71306.0,71009.0,71100.0,1185.68736,-1.088e-06,-0.0005087038,-0.0018267411810672,-0.01088
2026-04-09 12:00:00+00:00,71099.0,71281.0,71001.0,71241.0,728.16902,-1.0912e-05,-0.0005872961,0.0019811585715798,-0.10912
2026-04-09 13:00:00+00:00,71242.0,71317.0,70586.0,70763.0,1749.11831,-8.0506e-06,-0.0005644045,-0.0067322301535411,-0.080506
2026-04-09 14:00:00+00:00,70764.0,71218.0,70495.0,71088.0,1762.98542,-1.17356e-05,-0.0005938844,0.0045822809663188,-0.117356
2026-04-09 15:00:00+00:00,71087.0,72359.0,70876.0,72108.0,6536.76836,-2.9466e-06,-0.0005235732,0.0142464489462386,-0.029466
2026-04-09 16:00:00+00:00,72109.0,72387.0,71710.0,72050.0,2800.04384,9.1331e-06,-0.0004269351,-0.0008046726942601,0.091331
2026-04-09 17:00:00+00:00,72049.0,72525.0,72036.0,72317.0,3571.50082,6.4545e-06,-0.0004483642,0.0036989104770906,0.0645449999999999
2026-04-09 18:00:00+00:00,72317.0,72341.0,71714.0,71854.0,1846.02522,6.8748e-06,-0.0004450016,-0.006422950409264,0.068748
2026-04-09 19:00:00+00:00,71855.0,72280.0,71714.0,72071.0,2563.31405,-2.006e-06,-0.0005160481,0.0030154617256473,-0.0200599999999999
2026-04-09 20:00:00+00:00,72070.0,72439.0,71956.0,72388.0,1184.77193,1.2403e-05,-0.0004007756,0.0043887955589497,0.12403
2026-04-09 21:00:00+00:00,72389.0,72680.0,72108.0,72246.0,1498.91024,1.25e-05,-0.0003251683,-0.0019635776598177,0.125
2026-04-09 22:00:00+00:00,72245.0,73158.0,71899.0,71915.0,4102.90841,1.25e-05,-0.0003755821,-0.0045920960822843,0.125
2026-04-09 23:00:00+00:00,71915.0,71998.0,71513.0,71758.0,2458.94258,1.25e-05,-0.0003536683,-0.0021855193737511,0.125
2026-04-10 00:00:00+00:00,71757.0,71997.0,71564.0,71946.0,1311.30161,1.09263e-05,-0.0004125894,0.0026164909432496,0.109263
2026-04-10 01:00:00+00:00,71946.0,72367.0,71644.0,72128.0,1194.45166,1.25e-05,-0.0003699461,0.0025264807919599,0.125
2026-04-10 02:00:00+00:00,72129.0,72271.0,71891.0,71921.0,562.04822,1.25e-05,-0.0003602608,-0.0028740240124571,0.125
2026-04-10 03:00:00+00:00,71922.0,71987.0,71781.0,71847.0,301.89513,1.25e-05,-0.0003584623,-0.0010294364049726,0.125
2026-04-10 04:00:00+00:00,71848.0,72191.0,71800.0,72099.0,383.98103,1.24855e-05,-0.0004001162,0.0035013165693178,0.124855
2026-04-10 05:00:00+00:00,72099.0,72259.0,71986.0,72098.0,763.01643,1.25e-05,-0.0003364363,-1.3869914076125056e-05,0.125
2026-04-10 06:00:00+00:00,72099.0,72153.0,71771.0,71785.0,278.18943,1.25e-05,-0.0003646833,-0.0043507640754658,0.125
2026-04-10 07:00:00+00:00,71785.0,71819.0,71388.0,71457.0,1104.76079,1.25e-05,-0.0003312576,-0.0045796703937701,0.125
2026-04-10 08:00:00+00:00,71457.0,71733.0,71405.0,71577.0,1023.863,1.25e-05,-0.0003422776,0.0016779231253304,0.125
2026-04-10 09:00:00+00:00,71577.0,71842.0,71571.0,71763.0,754.52168,1.25e-05,-0.0003640779,0.0025952295855426,0.125
2026-04-10 10:00:00+00:00,71762.0,71904.0,71685.0,71884.0,322.19169,1.25e-05,-0.0003296389,0.0016846857730153,0.125
2026-04-10 11:00:00+00:00,71884.0,72230.0,71875.0,72096.0,652.43386,1.25e-05,-0.0003567339,0.0029448555800582,0.125
2026-04-10 12:00:00+00:00,72095.0,72434.0,71969.0,72227.0,2181.21111,1.25e-05,-0.000383315,0.0018153729617141,0.125
2026-04-10 13:00:00+00:00,72227.0,72387.0,71870.0,72276.0,1352.2466,1.25e-05,-0.0003778643,0.0006781866380362,0.125
2026-04-10 14:00:00+00:00,72276.0,73132.0,72224.0,72880.0,3424.07831,1.18947e-05,-0.0004048423,0.0083221291021184,0.118947
2026-04-10 15:00:00+00:00,72880.0,73282.0,72336.0,72415.0,2798.29227,6.6363e-06,-0.0004469099,-0.0064007926988831,0.066363
2026-04-10 16:00:00+00:00,72416.0,73032.0,72355.0,72967.0,1563.87064,6.922e-07,-0.0004944624,0.0075938238934788,0.006922
2026-04-10 17:00:00+00:00,72967.0,73104.0,72762.0,73095.0,1068.03433,8.6392e-06,-0.0004308865,0.0017526808172806,0.086392
2026-04-10 18:00:00+00:00,73095.0,73127.0,72836.0,73071.0,626.54134,3.9722e-06,-0.0004682222,-0.0003283937470504,0.039722
2026-04-10 19:00:00+00:00,73071.0,73231.0,72852.0,73209.0,1468.74314,5.727e-06,-0.0004541837,0.0018867930125766,0.05727
2026-04-10 20:00:00+00:00,73208.0,73479.0,73001.0,73321.0,1644.80084,-2.6853e-06,-0.0005214822,0.0015286974928167,-0.026853
2026-04-10 21:00:00+00:00,73320.0,73326.0,72910.0,73160.0,997.63919,-3.8061e-06,-0.0005304489,-0.0021982381992572,-0.038061
2026-04-10 22:00:00+00:00,73160.0,73200.0,72726.0,72838.0,1025.0632,-5.458e-07,-0.0005043664,-0.0044110264811866,-0.005458
2026-04-10 23:00:00+00:00,72837.0,72926.0,72750.0,72926.0,295.0356,4.277e-06,-0.0004657837,0.0012074313368349,0.0427699999999999
2026-04-11 00:00:00+00:00,72926.0,72926.0,72760.0,72793.0,338.63219,4.6499e-06,-0.0004628006,-0.0018254316449041,0.046499
2026-04-11 01:00:00+00:00,72793.0,72973.0,72650.0,72919.0,372.68846,9.5494e-06,-0.0004236045,0.001729439324216,0.095494
2026-04-11 02:00:00+00:00,72921.0,73071.0,72885.0,72929.0,231.5743,8.7099e-06,-0.0004303207,0.0001371290660917,0.087099
2026-04-11 03:00:00+00:00,72929.0,73043.0,72783.0,72839.0,198.35259,1.16345e-05,-0.0004069241,-0.0012348390790325,0.116345
2026-04-11 04:00:00+00:00,72839.0,72921.0,72649.0,72774.0,287.54342,1.13298e-05,-0.0004093614,-0.0008927774898856,0.113298
2026-04-11 05:00:00+00:00,72773.0,72806.0,72631.0,72689.0,210.20545,9.5026e-06,-0.0004239793,-0.0011686822033719,0.095026
2026-04-11 06:00:00+00:00,72688.0,72746.0,72592.0,72740.0,283.31509,7.8637e-06,-0.0004370901,0.0007013732074164,0.078637
2026-04-11 07:00:00+00:00,72740.0,72805.0,72645.0,72705.0,151.12987,1.15181e-05,-0.0004078553,-0.0004812815933939,0.115181
2026-04-11 08:00:00+00:00,72705.0,72778.0,72622.0,72646.0,238.41543,1.25e-05,-0.000387553,-0.0008118279645877,0.125
2026-04-11 09:00:00+00:00,72645.0,72881.0,72593.0,72880.0,449.11918,1.25e-05,-0.000349303,0.0032159229508417,0.125
2026-04-11 10:00:00+00:00,72881.0,72887.0,72734.0,72818.0,292.89634,1.25e-05,-0.0003905242,-0.0008510755637328,0.125
2026-04-11 11:00:00+00:00,72818.0,72880.0,72798.0,72880.0,177.82975,1.00413e-05,-0.0004196693,0.0008510755637327,0.100413
2026-04-11 12:00:00+00:00,72880.0,72957.0,72792.0,72911.0,285.56942,1.25e-05,-0.0003712187,0.0004252663122853,0.125
2026-04-11 13:00:00+00:00,72912.0,72912.0,72500.0,72633.0,800.05334,1.25e-05,-0.0003289629,-0.0038201552531834,0.125
2026-04-11 14:00:00+00:00,72633.0,72743.0,72571.0,72660.0,427.42424,1.25e-05,-0.0003913595,0.0003716627822509,0.125
2026-04-11 15:00:00+00:00,72659.0,72880.0,72648.0,72830.0,302.94884,1.22872e-05,-0.0004017023,0.0023369314367678,0.122872
2026-04-11 16:00:00+00:00,72830.0,73200.0,72786.0,73018.0,1494.70077,1.10529e-05,-0.000411577,0.0025780278663295,0.110529
2026-04-11 17:00:00+00:00,73019.0,73155.0,72925.0,73080.0,621.80424,1.25e-05,-0.0003583025,0.0008487454136525,0.125
2026-04-11 18:00:00+00:00,73079.0,73708.0,73011.0,73527.0,1820.86216,1.25e-05,-0.0002736901,0.006097954192393,0.125
2026-04-11 19:00:00+00:00,73527.0,73773.0,73453.0,73659.0,1322.95484,1.25e-05,-0.0002895469,0.0017936493333462,0.125
2026-04-11 20:00:00+00:00,73658.0,73669.0,73211.0,73264.0,1092.90842,1.25e-05,-0.000320688,-0.0053769791208056,0.125
2026-04-11 21:00:00+00:00,73265.0,73527.0,73188.0,73408.0,587.71768,1.25e-05,-0.0003652786,0.0019635655921657,0.125
2026-04-11 22:00:00+00:00,73408.0,73553.0,73218.0,73350.0,584.75749,1.25e-05,-0.0003218174,-0.0007904169179147,0.125
2026-04-11 23:00:00+00:00,73349.0,73349.0,72886.0,73015.0,709.97283,1.25e-05,-0.0003336346,-0.0045776050965559,0.125
2026-04-12 00:00:00+00:00,73015.0,73102.0,72825.0,73060.0,566.53811,1.25e-05,-0.0003473903,0.0006161218747017,0.125
2026-04-12 01:00:00+00:00,73061.0,73115.0,71258.0,71596.0,4876.69117,1.25e-05,-0.0002814056,-0.0202418148828829,0.125
2026-04-12 02:00:00+00:00,71596.0,71897.0,71291.0,71727.0,2112.79657,1.15972e-05,-0.0004072224,0.0018280392746525,0.1159719999999999
2026-04-12 03:00:00+00:00,71727.0,71833.0,71564.0,71570.0,957.37465,-9.639e-07,-0.000507711,-0.0021912540084,-0.009639
2026-04-12 04:00:00+00:00,71569.0,71650.0,71409.0,71435.0,571.4833,6.559e-07,-0.000494753,-0.0018880464333847,0.006559
2026-04-12 05:00:00+00:00,71435.0,71767.0,71380.0,71680.0,1138.25319,5.7136e-06,-0.0004542908,0.0034238233495535,0.057136
2026-04-12 06:00:00+00:00,71680.0,71726.0,71600.0,71617.0,467.46865,5.0413e-06,-0.0004596698,-0.0008792927145587,0.050413
2026-04-12 07:00:00+00:00,71617.0,71716.0,71552.0,71643.0,561.13462,1.3929e-06,-0.0004888565,0.0003629764105189,0.013929
2026-04-12 08:00:00+00:00,71642.0,71727.0,71560.0,71589.0,360.74056,-4.2964e-06,-0.000534371,-0.0007540214834459,-0.042964
2026-04-12 09:00:00+00:00,71590.0,71600.0,71464.0,71498.0,387.17867,8.785e-07,-0.0004929722,-0.0012719535984236,0.008785
2026-04-12 10:00:00+00:00,71498.0,71656.0,71316.0,71411.0,694.90279,1.6313e-06,-0.0004869494,-0.0012175581768502,0.016313
2026-04-12 11:00:00+00:00,71411.0,71516.0,71365.0,71438.0,996.37362,2.1298e-06,-0.0004829616,0.0003780215517298,0.0212979999999999
2026-04-12 12:00:00+00:00,71438.0,71475.0,71027.0,71053.0,1226.71427,3.8558e-06,-0.0004691535,-0.0054038632178681,0.038558
2026-04-12 13:00:00+00:00,71052.0,71106.0,70833.0,70855.0,1726.25425,2.2916e-06,-0.0004816675,-0.002790542160943,0.022916
2026-04-12 14:00:00+00:00,70855.0,71064.0,70666.0,70709.0,1060.90528,2.0863e-06,-0.0004833099,-0.0020626720319359,0.020863
2026-04-12 15:00:00+00:00,70709.0,70905.0,70590.0,70849.0,791.90757,4.0129e-06,-0.0004678969,0.0019779884661427,0.040129
2026-04-12 16:00:00+00:00,70848.0,70929.0,70784.0,70900.0,509.46486,5.1847e-06,-0.0004585227,0.0007195818270412,0.051847
2026-04-12 17:00:00+00:00,70900.0,71178.0,70874.0,71099.0,632.02345,3.2047e-06,-0.0004743626,0.0028028384745956,0.032047
2026-04-12 18:00:00+00:00,71100.0,71180.0,71019.0,71099.0,566.01135,4.0099e-06,-0.0004679205,0.0,0.040099
2026-04-12 19:00:00+00:00,71099.0,71194.0,71031.0,71044.0,452.0547,4.2025e-06,-0.0004663804,-0.000773868607597,0.042025
2026-04-12 20:00:00+00:00,71044.0,71408.0,70904.0,71308.0,1351.97646,-3.27e-08,-0.0005002618,0.0037091196845347,-0.000327
2026-04-12 21:00:00+00:00,71309.0,71413.0,71121.0,71331.0,643.43002,-8.5725e-06,-0.0005685802,0.0003224924487599,-0.085725
2026-04-12 22:00:00+00:00,71332.0,71332.0,70450.0,70883.0,2807.04503,-7.8976e-06,-0.0005631809,-0.006300385080796,-0.078976
2026-04-12 23:00:00+00:00,70883.0,70883.0,70524.0,70705.0,1573.54516,7.068e-07,-0.0004943454,-0.0025143386978391,0.007068
2026-04-13 00:00:00+00:00,70708.0,71222.0,70585.0,71135.0,1195.20788,3.0638e-06,-0.0004754898,0.0060631883433903,0.030638
2026-04-13 01:00:00+00:00,71135.0,71195.0,71002.0,71171.0,876.66513,6.3351e-06,-0.0004493192,0.000505951973465,0.0633509999999999
2026-04-13 02:00:00+00:00,71171.0,71248.0,70965.0,71038.0,748.88454,5.5078e-06,-0.0004559373,-0.0018704869421413,0.055078
2026-04-13 03:00:00+00:00,71037.0,71123.0,70877.0,70952.0,957.84603,8.6731e-06,-0.000430615,-0.0012113530603028,0.086731
2026-04-13 04:00:00+00:00,70952.0,71105.0,70808.0,70854.0,1114.60068,5.4905e-06,-0.0004560763,-0.0013821702269516,0.054905
2026-04-13 05:00:00+00:00,70853.0,70886.0,70614.0,70846.0,935.80073,1.7395e-06,-0.0004860836,-0.0001129146084473,0.017395
2026-04-13 06:00:00+00:00,70845.0,71079.0,70844.0,70991.0,696.75697,-1.5848e-06,-0.0005126781,0.0020446012043837,-0.015848
2026-04-13 07:00:00+00:00,70990.0,71034.0,70650.0,70791.0,837.5993,8.9837e-06,-0.0004281308,-0.0028212344677891,0.089837
2026-04-13 08:00:00+00:00,70792.0,70829.0,70529.0,70653.0,1001.42854,4.1716e-06,-0.0004666275,-0.0019513029013206,0.041716
2026-04-13 09:00:00+00:00,70653.0,70876.0,70636.0,70757.0,527.81686,4.3437e-06,-0.00046525,0.0014709004844176,0.0434369999999999
2026-04-13 10:00:00+00:00,70757.0,70811.0,70654.0,70707.0,350.18022,4.0844e-06,-0.000467325,-0.0007068936560831,0.040844
2026-04-13 11:00:00+00:00,70708.0,70955.0,70708.0,70888.0,328.11087,2.7186e-06,-0.0004782508,0.0025565888426407,0.027186
2026-04-13 12:00:00+00:00,70888.0,71195.0,70731.0,71056.0,1006.14732,4.6852e-06,-0.0004625182,0.0023671318047451,0.046852
2026-04-13 13:00:00+00:00,71057.0,71696.0,70800.0,71626.0,2758.78215,5.5829e-06,-0.0004553369,0.0079898379932794,0.055829
2026-04-13 14:00:00+00:00,71625.0,72392.0,71364.0,72357.0,3804.27043,1.25e-05,-0.0003551268,0.0101540637547873,0.125
2026-04-13 15:00:00+00:00,72357.0,72436.0,71605.0,71830.0,3172.42358,-4.0823e-06,-0.0005326587,-0.0073099842111031,-0.040823
2026-04-13 16:00:00+00:00,71829.0,72388.0,71648.0,72162.0,2418.85534,-1.09187e-05,-0.0005873494,0.0046113754698243,-0.1091869999999999
2026-04-13 17:00:00+00:00,72162.0,72592.0,72022.0,72113.0,1691.71265,-2.7289e-06,-0.000521831,-0.0006792583868864,-0.0272889999999999
2026-04-13 18:00:00+00:00,72108.0,72429.0,72008.0,72390.0,684.06244,-6.8759e-06,-0.000555007,0.0038338351354019,-0.068759
2026-04-13 19:00:00+00:00,72390.0,73425.0,72256.0,73267.0,4044.34258,-2.7777e-06,-0.0005222212,0.0120421345765486,-0.027777
2026-04-13 20:00:00+00:00,73267.0,73340.0,72945.0,73094.0,2682.55071,-4.5367e-06,-0.0005362936,-0.0023640188379248,-0.045367
2026-04-13 21:00:00+00:00,73093.0,73332.0,73031.0,73141.0,1150.8001,-2.43527e-05,-0.0006948213,0.0006428009931732,-0.243527
2026-04-13 22:00:00+00:00,73141.0,74712.0,73134.0,74599.0,6007.02977,-8.2912e-06,-0.0005663292,0.0197380172572853,-0.082912
2026-04-13 23:00:00+00:00,74598.0,74907.0,74365.0,74387.0,2486.98174,1.20594e-05,-0.0004035252,-0.0028459069051535,0.120594
2026-04-14 00:00:00+00:00,74387.0,74492.0,74046.0,74127.0,1808.48376,1.25e-05,-0.0003468867,-0.0035013569848292,0.125
2026-04-14 01:00:00+00:00,74128.0,74400.0,73950.0,74358.0,843.87846,1.25e-05,-0.0003533586,0.0031114279066424,0.125
2026-04-14 02:00:00+00:00,74357.0,74545.0,74260.0,74304.0,541.50878,1.25e-05,-0.0003575757,-0.0007264802353658,0.125
2026-04-14 03:00:00+00:00,74304.0,74468.0,74216.0,74417.0,615.00506,1.25e-05,-0.0003461062,0.001519624286355,0.125
2026-04-14 04:00:00+00:00,74417.0,74484.0,74318.0,74352.0,515.56515,1.25e-05,-0.0003651785,-0.0008738380191589,0.125
2026-04-14 05:00:00+00:00,74353.0,74404.0,74113.0,74174.0,963.79649,1.25e-05,-0.0003477566,-0.0023968878878923,0.125
2026-04-14 06:00:00+00:00,74174.0,74542.0,74174.0,74517.0,931.31511,1.25e-05,-0.0003779386,0.0046136028193434,0.125
2026-04-14 07:00:00+00:00,74516.0,74893.0,74411.0,74508.0,1522.71289,1.25e-05,-0.0003825664,-0.0001207851033174,0.125
2026-04-14 08:00:00+00:00,74509.0,74876.0,74434.0,74705.0,2350.58507,1.25e-05,-0.0003741306,0.0026405221322921,0.125
2026-04-14 09:00:00+00:00,74706.0,74786.0,74392.0,74449.0,1321.62206,8.387e-06,-0.0004329042,-0.0034326970966833,0.08387
2026-04-14 10:00:00+00:00,74448.0,74569.0,74300.0,74316.0,579.57334,-8.0086e-06,-0.0005640687,-0.0017880554624406,-0.080086
2026-04-14 11:00:00+00:00,74315.0,74414.0,74242.0,74339.0,643.41104,-9.8733e-06,-0.0005789864,0.0003094413263398,-0.098733
2026-04-14 12:00:00+00:00,74338.0,74437.0,74226.0,74416.0,915.70842,-3.4099e-06,-0.0005272791,0.0010352594114772,-0.034099
2026-04-14 13:00:00+00:00,74416.0,75459.0,74373.0,75459.0,4644.24897,-4.3025e-06,-0.00053442,0.0139184899125455,-0.043025
2026-04-14 14:00:00+00:00,75458.0,76000.0,74939.0,74940.0,6265.83143,-1.139e-07,-0.0005009113,-0.0069016690287454,-0.001139
2026-04-14 15:00:00+00:00,74939.0,75375.0,74480.0,75264.0,3734.51573,-2.32732e-05,-0.0006861857,0.0043141394705656,-0.232732
2026-04-14 16:00:00+00:00,75265.0,75634.0,74425.0,74592.0,2322.99862,-2.40632e-05,-0.0006925057,-0.0089686699827603,-0.240632
2026-04-14 17:00:00+00:00,74592.0,74889.0,74181.0,74690.0,1749.50524,-4.37798e-05,-0.0008502383,0.0013129515156286,-0.4377979999999999
2026-04-14 18:00:00+00:00,74690.0,74753.0,73800.0,74044.0,2572.93542,-3.41474e-05,-0.0007731795,-0.0086867032715365,-0.341474
2026-04-14 19:00:00+00:00,74043.0,74351.0,73809.0,74158.0,1906.5828,-3.21675e-05,-0.0007573401,0.0015384410802096,-0.321675
2026-04-14 20:00:00+00:00,74158.0,74381.0,73934.0,74037.0,1230.3084,-3.04334e-05,-0.0007434674,-0.0016329839318274,-0.304334
2026-04-14 21:00:00+00:00,74037.0,74259.0,73888.0,74228.0,1370.11206,-3.73029e-05,-0.0007984235,0.0025764692362716,-0.373029
2026-04-14 22:00:00+00:00,74228.0,74324.0,73800.0,73986.0,1897.9892,-3.87815e-05,-0.0008102516,-0.0032655513656439,-0.387815
2026-04-14 23:00:00+00:00,73985.0,74188.0,73954.0,74098.0,1168.22979,-2.156e-05,-0.0006724797,0.0015126552680349,-0.2156
2026-04-15 00:00:00+00:00,74097.0,74637.0,74079.0,74527.0,1387.31174,-1.60079e-05,-0.0006280635,0.0057729344515585,-0.160079
2026-04-15 01:00:00+00:00,74527.0,74726.0,74448.0,74559.0,1117.97063,-1.41059e-05,-0.0006128475,0.0004292824341846,-0.141059
2026-04-15 02:00:00+00:00,74558.0,74647.0,74135.0,74279.0,784.78784,-1.53487e-05,-0.0006227896,-0.0037624844503868,-0.153487
2026-04-15 03:00:00+00:00,74278.0,74333.0,74125.0,74300.0,482.56752,-1.61713e-05,-0.0006293707,0.0002826779038738,-0.161713
2026-04-15 04:00:00+00:00,74300.0,74400.0,74218.0,74294.0,538.17862,-1.44376e-05,-0.0006155005,-8.075696196697645e-05,-0.144376
2026-04-15 05:00:00+00:00,74294.0,74388.0,73826.0,73976.0,1493.37887,-5.1385e-06,-0.0005411082,-0.004289478486409,-0.051385
2026-04-15 06:00:00+00:00,73975.0,74006.0,73817.0,73844.0,332.98924,-1.30892e-05,-0.0006047135,-0.0017859563670144,-0.130892
2026-04-15 07:00:00+00:00,73844.0,73963.0,73451.0,73687.0,1092.17498,-1.48697e-05,-0.0006189576,-0.0021283670451198,-0.148697
2026-04-15 08:00:00+00:00,73688.0,74153.0,73635.0,74080.0,1541.94913,-1.43471e-05,-0.0006147771,0.0053191974747208,-0.143471
2026-04-15 09:00:00+00:00,74080.0,74140.0,73870.0,73970.0,602.63574,-3.4245e-06,-0.0005273959,-0.0014859847381476,-0.034245
2026-04-15 10:00:00+00:00,73971.0,74197.0,73752.0,73801.0,1581.76122,-1.3056e-05,-0.0006044483,-0.0022873239496503,-0.13056
2026-04-15 11:00:00+00:00,73801.0,74220.0,73800.0,74161.0,939.5349,-7.343e-06,-0.0005587437,0.0048661238747052,-0.07343
2026-04-15 12:00:00+00:00,74161.0,74417.0,74001.0,74241.0,1240.03948,-7.9024e-06,-0.0005632189,0.0010781526899829,-0.079024
2026-04-15 13:00:00+00:00,74241.0,74399.0,73772.0,74020.0,1466.63463,-5.641e-07,-0.0005045124,-0.0029812312568041,-0.005641
2026-04-15 14:00:00+00:00,74020.0,74470.0,73800.0,74100.0,1581.27993,5.29e-07,-0.000495768,0.0010802053440313,0.00529
2026-04-15 15:00:00+00:00,74100.0,74263.0,73550.0,73797.0,1608.75441,1.8175e-06,-0.0004854601,-0.0040974519283686,0.018175
2026-04-15 16:00:00+00:00,73797.0,74134.0,73722.0,73898.0,819.32039,-1.6432e-06,-0.0005131458,0.001367683614799,-0.016432
2026-04-15 17:00:00+00:00,73898.0,74209.0,73874.0,74087.0,616.80315,-1.9967e-06,-0.0005159736,0.0025543143259277,-0.019967
2026-04-15 18:00:00+00:00,74086.0,74374.0,74032.0,74348.0,1094.6621,-6.709e-07,-0.0005053673,0.0035166944317073,-0.006709
2026-04-15 19:00:00+00:00,74348.0,75255.0,74326.0,74930.0,3094.63988,4.184e-07,-0.0004966526,0.0077975716301128,0.004184
2026-04-15 20:00:00+00:00,74931.0,74979.0,74444.0,74791.0,2344.0882,-3.6571e-06,-0.0005292567,-0.0018567874905376,-0.036571
2026-04-15 21:00:00+00:00,74791.0,74808.0,74515.0,74700.0,775.05147,-1.44736e-05,-0.0006157884,-0.0012174647469101,-0.144736
2026-04-15 22:00:00+00:00,74700.0,75400.0,74699.0,74912.0,1763.73856,-1.12141e-05,-0.0005897128,0.0028339991697286,-0.112141
2026-04-15 23:00:00+00:00,74912.0,74913.0,74587.0,74774.0,1003.40945,-5.6304e-06,-0.0005450431,-0.0018438603356083,-0.056304
2026-04-16 00:00:00+00:00,74775.0,74848.0,74422.0,74777.0,1520.4322,-6.8305e-06,-0.0005546441,4.012009281647591e-05,-0.068305
2026-04-16 01:00:00+00:00,74777.0,74777.0,74414.0,74605.0,1095.56716,-3.6102e-06,-0.0005288814,-0.0023028219733234,-0.036102
2026-04-16 02:00:00+00:00,74605.0,75228.0,74554.0,74846.0,1314.43128,-1.07555e-05,-0.0005860437,0.0032251401315124,-0.107555
2026-04-16 03:00:00+00:00,74846.0,75100.0,74824.0,74849.0,913.2772,-4.9071e-06,-0.0005392568,4.008149905342241e-05,-0.049071
2026-04-16 04:00:00+00:00,74849.0,75147.0,74664.0,74906.0,1655.37899,-1.0613e-06,-0.0005084905,0.0007612434009225,-0.010613
2026-04-16 05:00:00+00:00,74905.0,75099.0,74860.0,75008.0,588.12209,-4.679e-07,-0.0005037435,0.0013607803906193,-0.004679
2026-04-16 06:00:00+00:00,75009.0,75076.0,74819.0,74992.0,787.44265,3.1269e-06,-0.0004749848,-0.0002133333341424,0.031269
2026-04-16 07:00:00+00:00,74991.0,75056.0,74584.0,74671.0,597.55725,5.2702e-06,-0.0004578387,-0.0042896439631413,0.052702
2026-04-16 08:00:00+00:00,74671.0,74711.0,74468.0,74632.0,807.17754,1.8609e-06,-0.000485113,-0.000522427558549,0.018609
2026-04-16 09:00:00+00:00,74632.0,74880.0,74555.0,74555.0,1140.92785,6.911e-07,-0.0004944711,-0.0010322616157891,0.006911
2026-04-16 10:00:00+00:00,74555.0,74609.0,74232.0,74269.0,1523.43897,6.716e-07,-0.0004946272,-0.0038434708390085,0.006716
2026-04-16 11:00:00+00:00,74269.0,74534.0,74236.0,74531.0,1109.70507,-3.0758e-06,-0.0005246066,0.0035215090155331,-0.0307579999999999
2026-04-16 12:00:00+00:00,74531.0,74820.0,74530.0,74583.0,1094.67273,-1.54264e-05,-0.0006234114,0.0006974529837294,-0.1542639999999999
2026-04-16 13:00:00+00:00,74582.0,74974.0,73254.0,73750.0,5122.48537,-1.62719e-05,-0.0006301756,-0.0112316039831955,-0.162719
2026-04-16 14:00:00+00:00,73749.0,74151.0,73371.0,73931.0,3451.35499,-6.5127e-06,-0.0005521015,0.0024512305662701,-0.065127
2026-04-16 15:00:00+00:00,73931.0,74869.0,73880.0,74653.0,3802.74438,-9.1331e-06,-0.0005730652,0.0097184849333644,-0.091331
2026-04-16 16:00:00+00:00,74653.0,74896.0,74007.0,74125.0,2076.26018,1.2307e-06,-0.0004901542,-0.0070978534016742,0.0123069999999999
2026-04-16 17:00:00+00:00,74124.0,74410.0,73816.0,74301.0,1826.47902,2.5235e-06,-0.0004798121,0.0023715532654549,0.025235
2026-04-16 18:00:00+00:00,74301.0,75064.0,74193.0,75012.0,2055.3016,2.9733e-06,-0.0004762139,0.0095236901543311,0.029733
2026-04-16 19:00:00+00:00,75011.0,75386.0,74698.0,75316.0,2239.25097,9.8641e-06,-0.0004210869,0.0040444948965064,0.0986409999999999
2026-04-16 20:00:00+00:00,75316.0,75499.0,74960.0,75183.0,1805.51586,1.11566e-05,-0.0004107475,-0.0017674540644542,0.111566
2026-04-16 21:00:00+00:00,75184.0,75248.0,74761.0,74900.0,808.21472,3.2671e-06,-0.0004738632,-0.0037712510465538,0.032671
2026-04-16 22:00:00+00:00,74900.0,75088.0,74791.0,74830.0,913.09854,-4.801e-07,-0.0005038404,-0.0009350164309066,-0.004801
2026-04-16 23:00:00+00:00,74829.0,75149.0,74801.0,75130.0,579.85312,3.268e-07,-0.0004973854,0.0040010722888019,0.003268
2026-04-17 00:00:00+00:00,75129.0,75129.0,74839.0,74909.0,425.7204,6.7867e-06,-0.0004457066,-0.0029459028629374,0.067867
2026-04-17 01:00:00+00:00,74909.0,74996.0,74529.0,74708.0,711.92121,8.3384e-06,-0.0004332925,-0.0026868620667711,0.083384
2026-04-17 02:00:00+00:00,74709.0,74782.0,74501.0,74671.0,437.01475,2.2463e-06,-0.0004820296,-0.0004953842341515,0.022463
2026-04-17 03:00:00+00:00,74672.0,74808.0,74566.0,74578.0,248.88852,4.0032e-06,-0.0004679745,-0.0012462396670882,0.040032
2026-04-17 04:00:00+00:00,74578.0,74812.0,74557.0,74746.0,213.11467,7.2651e-06,-0.0004418796,0.0022501415831871,0.072651
2026-04-17 05:00:00+00:00,74746.0,74775.0,74509.0,74604.0,547.26941,5.8203e-06,-0.000453438,-0.0019015740581069,0.058203
2026-04-17 06:00:00+00:00,74604.0,74908.0,74561.0,74891.0,302.41535,1.7514e-06,-0.0004859888,0.003839598014538,0.017514
2026-04-17 07:00:00+00:00,74890.0,75066.0,74890.0,75042.0,785.3111,4.4795e-06,-0.0004641638,0.0020142337050858,0.044795
2026-04-17 08:00:00+00:00,75041.0,75846.0,74953.0,75721.0,2307.32473,7.2612e-06,-0.0004419102,0.0090075760095409,0.072612
2026-04-17 09:00:00+00:00,75721.0,76316.0,75477.0,75729.0,3052.57932,-3.57e-08,-0.0005002855,0.0001056454276321,-0.000357
2026-04-17 10:00:00+00:00,75729.0,75840.0,75050.0,75228.0,1899.62249,-2.0019e-06,-0.0005160152,-0.0066376761521656,-0.020019
2026-04-17 11:00:00+00:00,75227.0,75558.0,75198.0,75541.0,866.32986,-1.16745e-05,-0.000593396,0.0041520531364494,-0.116745
2026-04-17 12:00:00+00:00,75542.0,76225.0,75479.0,76201.0,2444.64029,-1.28326e-05,-0.0006026605,0.0086990307497887,-0.128326
2026-04-17 13:00:00+00:00,76201.0,77407.0,76024.0,77286.0,8996.44275,-5.6944e-06,-0.0005455556,0.0141382406759358,-0.056944
2026-04-17 14:00:00+00:00,77287.0,78000.0,76961.0,77835.0,5819.38763,6.622e-07,-0.0004947024,0.0070783748458067,0.006622
2026-04-17 15:00:00+00:00,77835.0,77925.0,77387.0,77717.0,3044.24256,-8.4281e-06,-0.0005674247,-0.0015171778265101,-0.084281
2026-04-17 16:00:00+00:00,77717.0,78279.0,77666.0,77796.0,3296.24216,-2.20303e-05,-0.000676242,0.0010159923195563,-0.220303
2026-04-17 17:00:00+00:00,77796.0,77862.0,77050.0,77473.0,2490.43763,-2.65216e-05,-0.0007121724,-0.004160527419215,-0.265216
2026-04-17 18:00:00+00:00,77474.0,77519.0,77050.0,77117.0,1803.66948,-1.55055e-05,-0.0006240441,-0.0046057394309321,-0.155055
2026-04-17 19:00:00+00:00,77116.0,77413.0,76975.0,77345.0,1364.26092,-1.22773e-05,-0.0005982186,0.0029521845579166,-0.122773
2026-04-17 20:00:00+00:00,77357.0,77555.0,77108.0,77296.0,958.38249,-1.1946e-05,-0.0005955679,-0.0006337258765773,-0.11946
2026-04-17 21:00:00+00:00,77295.0,77453.0,77228.0,77398.0,617.50071,-2.2665e-05,-0.0006813197,0.0013187326564956,-0.22665
2026-04-17 22:00:00+00:00,77398.0,77476.0,77214.0,77249.0,897.62831,-1.11584e-05,-0.0005892673,-0.0019269697582974,-0.111584
2026-04-17 23:00:00+00:00,77248.0,77249.0,76835.0,77021.0,822.76366,-1.26582e-05,-0.0006012653,-0.00295585876716,-0.126582
2026-04-18 00:00:00+00:00,77021.0,77209.0,76930.0,77119.0,721.95162,-1.8937e-05,-0.0006514958,0.0012715714701521,-0.1893699999999999
2026-04-18 01:00:00+00:00,77121.0,77289.0,77062.0,77168.0,622.2759,-1.63757e-05,-0.0006310054,0.0006351799133748,-0.1637569999999999
2026-04-18 02:00:00+00:00,77167.0,77369.0,77071.0,77244.0,357.15383,-1.50709e-05,-0.000620567,0.0009843795318629,-0.150709
2026-04-18 03:00:00+00:00,77244.0,77249.0,76924.0,76954.0,301.41337,-1.44502e-05,-0.0006156019,-0.0037614021182303,-0.144502
2026-04-18 04:00:00+00:00,76955.0,77115.0,76850.0,77073.0,474.4232,-1.2034e-05,-0.0005962719,0.0015451839440742,-0.12034
2026-04-18 05:00:00+00:00,77073.0,77228.0,77061.0,77085.0,329.45029,-7.3326e-06,-0.0005586607,0.0001556844279794,-0.073326
2026-04-18 06:00:00+00:00,77085.0,77175.0,77013.0,77088.0,165.16108,-1.0466e-05,-0.0005837281,3.8917320158208654e-05,-0.1046599999999999
2026-04-18 07:00:00+00:00,77087.0,77091.0,76860.0,76956.0,528.14828,-5.4072e-06,-0.0005432573,-0.0017137964777346,-0.0540719999999999
2026-04-18 08:00:00+00:00,76956.0,77000.0,76457.0,76691.0,1228.0549,1.2496e-06,-0.0004900029,-0.0034494687532575,0.012496
2026-04-18 09:00:00+00:00,76692.0,76692.0,76370.0,76559.0,1508.28929,3e-10,-0.0004999977,-0.0017226757930666,3e-06
2026-04-18 10:00:00+00:00,76559.0,76560.0,76093.0,76151.0,1200.71615,-1.49217e-05,-0.0006193732,-0.0053434741770924,-0.149217
2026-04-18 11:00:00+00:00,76151.0,76151.0,75728.0,76004.0,1585.02282,-2.6218e-06,-0.0005209742,-0.0019322407510241,-0.026218
2026-04-18 12:00:00+00:00,76005.0,76263.0,76005.0,76172.0,1110.75244,-3.803e-07,-0.0005030424,0.0022079706162847,-0.003803
2026-04-18 13:00:00+00:00,76173.0,76180.0,75750.0,76079.0,844.34502,2.1438e-06,-0.0004828499,-0.0012216670047046,0.021438
2026-04-18 14:00:00+00:00,76079.0,76246.0,75926.0,76214.0,934.5951,7.28e-07,-0.0004941762,0.0017728987591111,0.0072799999999999
2026-04-18 15:00:00+00:00,76213.0,76315.0,75969.0,76120.0,631.41635,3.008e-07,-0.0004975935,-0.001234130423028,0.003008
2026-04-18 16:00:00+00:00,76121.0,76164.0,75619.0,75901.0,892.32075,-5.8545e-06,-0.0005468359,-0.0028811828825905,-0.0585449999999999
2026-04-18 17:00:00+00:00,75902.0,75919.0,75737.0,75772.0,547.69962,-7.1123e-06,-0.0005568984,-0.0017010282793258,-0.0711229999999999
2026-04-18 18:00:00+00:00,75772.0,75799.0,75402.0,75600.0,1834.88463,-8.5786e-06,-0.0005686284,-0.002272548080545,-0.085786
2026-04-18 19:00:00+00:00,75601.0,75753.0,75517.0,75608.0,784.1347,-2.45205e-05,-0.0006961644,0.0001058145072677,-0.245205
2026-04-18 20:00:00+00:00,75608.0,75794.0,75552.0,75705.0,509.66197,-2.46542e-05,-0.0006972338,0.0012821107675803,-0.2465419999999999
2026-04-18 21:00:00+00:00,75705.0,75792.0,75532.0,75766.0,535.30872,-1.76829e-05,-0.0006414632,0.0008054347472147,-0.176829
2026-04-18 22:00:00+00:00,75766.0,75830.0,75550.0,75781.0,552.06536,-2.17784e-05,-0.0006742272,0.0001979583897929,-0.217784
2026-04-18 23:00:00+00:00,75780.0,75836.0,75639.0,75642.0,966.75172,-2.12517e-05,-0.0006700133,-0.0018359171201558,-0.2125169999999999
2026-04-19 00:00:00+00:00,75642.0,75802.0,75500.0,75622.0,620.91686,-1.95831e-05,-0.0006566645,-0.0002644383345217,-0.1958309999999999
2026-04-19 01:00:00+00:00,75622.0,75752.0,75408.0,75572.0,698.27575,-2.06578e-05,-0.0006652622,-0.0006614019315941,-0.206578
2026-04-19 02:00:00+00:00,75572.0,75685.0,75354.0,75447.0,676.34129,-1.47201e-05,-0.0006177611,-0.0016554212191318,-0.147201
2026-04-19 03:00:00+00:00,75448.0,75593.0,75308.0,75467.0,465.25852,-8.834e-06,-0.0005706718,0.0002650516203544,-0.08834
2026-04-19 04:00:00+00:00,75466.0,75728.0,75378.0,75629.0,550.02124,-7.7053e-06,-0.0005616422,0.0021443329019326,-0.077053
2026-04-19 05:00:00+00:00,75629.0,75648.0,75450.0,75508.0,524.2833,-6.6869e-06,-0.000553495,-0.0016011966077394,-0.066869
2026-04-19 06:00:00+00:00,75508.0,75508.0,75232.0,75340.0,624.23852,-5.7351e-06,-0.0005458812,-0.0022274086425923,-0.057351
2026-04-19 07:00:00+00:00,75341.0,75349.0,74851.0,75210.0,1550.32661,-1.16717e-05,-0.0005933733,-0.0017270014255832,-0.116717
2026-04-19 08:00:00+00:00,75209.0,75262.0,75032.0,75221.0,771.76109,-8.3646e-06,-0.0005669166,0.0001462464521222,-0.083646
2026-04-19 09:00:00+00:00,75221.0,75231.0,74877.0,74973.0,912.16159,3.7529e-06,-0.0004699764,-0.0033023985696798,0.037529
2026-04-19 10:00:00+00:00,74973.0,75200.0,74889.0,75183.0,511.17132,-6.3134e-06,-0.000550507,0.0027970928489735,-0.063134
2026-04-19 11:00:00+00:00,75183.0,75597.0,75182.0,75565.0,1231.38216,-2.008e-07,-0.0005016062,0.0050680714523561,-0.002008
2026-04-19 12:00:00+00:00,75565.0,75664.0,75385.0,75533.0,981.6849,4.6254e-06,-0.0004629971,-0.0004235661686908,0.0462539999999999
2026-04-19 13:00:00+00:00,75533.0,76195.0,75509.0,75884.0,1638.4907,-5.8242e-06,-0.0005465935,0.0046362116369058,-0.058242
2026-04-19 14:00:00+00:00,75885.0,76115.0,75634.0,75986.0,962.51916,-2.1583e-06,-0.0005172664,0.0013432543008735,-0.021583
2026-04-19 15:00:00+00:00,75985.0,76119.0,75374.0,75811.0,1752.40723,-1.0497e-06,-0.0005083977,-0.002305711938042,-0.010497
2026-04-19 16:00:00+00:00,75810.0,75818.0,75251.0,75343.0,951.43303,6.9e-09,-0.0004999448,-0.0061923798970087,6.9e-05
2026-04-19 17:00:00+00:00,75343.0,75350.0,74577.0,74737.0,1883.69388,-4.6187e-06,-0.0005369493,-0.0080757368534311,-0.046187
2026-04-19 18:00:00+00:00,74737.0,74861.0,74558.0,74737.0,1262.70455,-1.35901e-05,-0.0006087212,0.0,-0.135901
2026-04-19 19:00:00+00:00,74737.0,75033.0,74737.0,74926.0,1345.04523,-1.29344e-05,-0.0006034753,0.0025256756909834,-0.129344
2026-04-19 20:00:00+00:00,74927.0,74927.0,74388.0,74591.0,1244.85467,1.6594e-06,-0.0004867244,-0.0044811032935985,0.016594
2026-04-19 21:00:00+00:00,74592.0,74779.0,74317.0,74375.0,827.58522,-1.0674e-06,-0.0005085389,-0.0028999926342817,-0.010674
2026-04-19 22:00:00+00:00,74376.0,74380.0,73718.0,74003.0,3675.45526,-1.7233e-06,-0.0005137862,-0.005014230942829,-0.017233
2026-04-19 23:00:00+00:00,74003.0,74013.0,73740.0,73741.0,1311.59838,-5.1759e-06,-0.0005414074,-0.0035466790480826,-0.051759
2026-04-20 00:00:00+00:00,73741.0,74313.0,73690.0,74248.0,1152.59326,-1.15768e-05,-0.0005926141,0.0068518874182096,-0.115768
2026-04-20 01:00:00+00:00,74244.0,74722.0,74181.0,74556.0,1671.80316,-5.2337e-06,-0.0005418698,0.0041396795764655,-0.052337
2026-04-20 02:00:00+00:00,74557.0,74591.0,74265.0,74371.0,748.4037,4.811e-07,-0.0004961514,-0.0024844399626456,0.004811
2026-04-20 03:00:00+00:00,74372.0,74619.0,74307.0,74606.0,753.56193,-6.557e-07,-0.0005052458,0.0031548520229925,-0.006557
2026-04-20 04:00:00+00:00,74606.0,74607.0,74400.0,74530.0,286.76868,1.1004e-06,-0.0004911966,-0.0010192040363014,0.011004
2026-04-20 05:00:00+00:00,74528.0,74528.0,74067.0,74234.0,625.29644,3.3371e-06,-0.0004733036,-0.0039794626472031,0.033371
2026-04-20 06:00:00+00:00,74234.0,74864.0,74222.0,74755.0,950.96638,-3.3659e-06,-0.0005269273,0.0069938334194917,-0.033659
2026-04-20 07:00:00+00:00,74755.0,75522.0,74614.0,74797.0,2070.54181,5.7433e-06,-0.0004540535,0.0005616775583635,0.057433
2026-04-20 08:00:00+00:00,74797.0,74971.0,74578.0,74694.0,810.48657,6.3816e-06,-0.0004489474,-0.0013780095965507,0.063816
2026-04-20 09:00:00+00:00,74693.0,75208.0,74661.0,75030.0,401.24438,9.662e-07,-0.0004922702,0.0044882659299334,0.0096619999999999
2026-04-20 10:00:00+00:00,75030.0,75375.0,74959.0,74987.0,662.21155,3.9129e-06,-0.0004686967,-0.0005732683786186,0.039129
2026-04-20 11:00:00+00:00,74987.0,75248.0,74909.0,75154.0,967.55918,2.7763e-06,-0.0004777892,0.0022245764830388,0.027763
2026-04-20 12:00:00+00:00,75154.0,75652.0,75035.0,75253.0,1570.29775,1.2144e-06,-0.0004902849,0.00131642828189,0.012144
2026-04-20 13:00:00+00:00,75253.0,75397.0,74811.0,75233.0,1402.96465,6.9385e-06,-0.000444492,-0.0002658054585509,0.069385
2026-04-20 14:00:00+00:00,75232.0,75722.0,74870.0,74990.0,2171.57099,4.7016e-06,-0.0004623873,-0.0032351931720985,0.047016
2026-04-20 15:00:00+00:00,74989.0,75721.0,74661.0,75668.0,2504.51112,1.759e-06,-0.0004859279,0.0090005784901188,0.01759
2026-04-20 16:00:00+00:00,75668.0,75679.0,75252.0,75302.0,957.53222,-5.2834e-06,-0.0005422674,-0.004848654925324,-0.052834
2026-04-20 17:00:00+00:00,75302.0,75949.0,75244.0,75861.0,1794.92751,1.2074e-06,-0.0004903411,0.0073960234734716,0.012074
2026-04-20 18:00:00+00:00,75860.0,76426.0,75860.0,76375.0,2625.18221,5.0884e-06,-0.0004592928,0.006752699140195,0.050884
2026-04-20 19:00:00+00:00,76375.0,76444.0,76108.0,76260.0,1275.59141,7.135e-07,-0.0004942924,-0.0015068630623417,0.007135
2026-04-20 20:00:00+00:00,76259.0,76540.0,76073.0,76246.0,1181.16959,-3.598e-07,-0.000502878,-0.0001835993343124,-0.0035979999999999
2026-04-20 21:00:00+00:00,76246.0,76330.0,75738.0,75910.0,1004.2274,-6.1433e-06,-0.0005491463,-0.0044165270664284,-0.061433
2026-04-20 22:00:00+00:00,75910.0,76100.0,75861.0,75926.0,480.95093,-8.6099e-06,-0.0005688788,0.000210753708728,-0.086099
2026-04-20 23:00:00+00:00,75925.0,75925.0,75576.0,75802.0,991.41954,-4.9213e-06,-0.0005393701,-0.0016345042128884,-0.049213
2026-04-21 00:00:00+00:00,75801.0,76069.0,75653.0,76059.0,1209.82948,-4.2796e-06,-0.0005342372,0.0033846773740482,-0.0427959999999999
2026-04-21 01:00:00+00:00,76059.0,76223.0,75818.0,75880.0,1545.55326,5.003e-07,-0.0004959977,-0.0023562098317511,0.005003
2026-04-21 02:00:00+00:00,75880.0,75883.0,75535.0,75539.0,1103.68825,-6.252e-07,-0.0005050015,-0.0045040658897183,-0.006252
2026-04-21 03:00:00+00:00,75540.0,75680.0,75409.0,75669.0,781.44184,-1.4909e-05,-0.0006192724,0.0017194861651523,-0.14909
2026-04-21 04:00:00+00:00,75670.0,75778.0,75560.0,75768.0,550.38105,-1.01314e-05,-0.0005810509,0.0013074745815525,-0.1013139999999999
2026-04-21 05:00:00+00:00,75769.0,75950.0,75746.0,75767.0,721.07429,-6.4913e-06,-0.0005519307,-1.3198271026659252e-05,-0.064913
2026-04-21 06:00:00+00:00,75768.0,76096.0,75664.0,75938.0,667.62171,-1.7794e-06,-0.000514235,0.002254376222557,-0.017794
2026-04-21 07:00:00+00:00,75939.0,76278.0,75776.0,76054.0,1589.54684,-1.1472e-06,-0.000509178,0.0015263964224726,-0.011472
2026-04-21 08:00:00+00:00,76054.0,76881.0,76033.0,76476.0,1853.53122,6.4308e-06,-0.0004485535,0.005533351822354,0.064308
2026-04-21 09:00:00+00:00,76477.0,76540.0,76122.0,76330.0,718.4508,1.13966e-05,-0.000408827,-0.0019109203097784,0.113966
2026-04-21 10:00:00+00:00,76331.0,76848.0,76312.0,76704.0,945.8109,7.2758e-06,-0.0004417932,0.0048878124415948,0.072758
2026-04-21 11:00:00+00:00,76704.0,76711.0,76300.0,76410.0,1676.51135,7.3231e-06,-0.0004414153,-0.0038402805924984,0.073231
2026-04-21 12:00:00+00:00,76411.0,76492.0,75666.0,75977.0,3077.82504,6.4864e-06,-0.0004481089,-0.0056829147542689,0.064864
2026-04-21 13:00:00+00:00,75978.0,76139.0,75700.0,75859.0,1260.34024,-8.6966e-06,-0.0005695726,-0.0015543089090349,-0.086966
2026-04-21 14:00:00+00:00,75860.0,76592.0,75586.0,75636.0,3450.61818,-3.8335e-06,-0.0005306684,-0.002943993677198,-0.038335
2026-04-21 15:00:00+00:00,75636.0,75945.0,75408.0,75802.0,2346.51383,7.5293e-06,-0.0004397659,0.002192317205543,0.075293
2026-04-21 16:00:00+00:00,75801.0,76146.0,75715.0,75729.0,1242.7048,2.4154e-06,-0.0004806767,-0.0009634992925189,0.024154
2026-04-21 17:00:00+00:00,75730.0,75849.0,75021.0,75494.0,2890.78022,6.001e-07,-0.000495199,-0.0031079953336174,0.0060009999999999
2026-04-21 18:00:00+00:00,75501.0,75614.0,75260.0,75570.0,979.75865,-4.4201e-06,-0.0005353612,0.0010061961342486,-0.044201
2026-04-21 19:00:00+00:00,75570.0,75871.0,74770.0,74972.0,2775.71084,-5.9455e-06,-0.0005475638,-0.0079446685358898,-0.059455
2026-04-21 20:00:00+00:00,74972.0,75832.0,74931.0,75684.0,4068.67904,-2.4844e-06,-0.0005198755,0.0094520669727758,-0.0248439999999999
2026-04-21 21:00:00+00:00,75683.0,75737.0,75402.0,75508.0,797.21642,-6.336e-07,-0.0005050687,-0.0023281665630271,-0.006336
2026-04-21 22:00:00+00:00,75507.0,75608.0,75256.0,75600.0,633.40272,-5.4229e-06,-0.0005433836,0.0012176722789999,-0.054229
2026-04-21 23:00:00+00:00,75600.0,76398.0,75586.0,76288.0,1587.73669,2.428e-07,-0.0004980577,0.0090593688173425,0.0024279999999999
2026-04-22 00:00:00+00:00,76289.0,76486.0,76180.0,76323.0,1108.28238,8.5382e-06,-0.0004316943,0.0004586825407558,0.085382
2026-04-22 01:00:00+00:00,76323.0,76389.0,76098.0,76266.0,1026.5194,4.6815e-06,-0.0004625478,-0.0007471050029987,0.046815
2026-04-22 02:00:00+00:00,76266.0,77606.0,76188.0,77564.0,3915.57731,4.157e-06,-0.0004667441,0.0168761724797846,0.04157
2026-04-22 03:00:00+00:00,77564.0,77697.0,77365.0,77497.0,1786.90737,4.3831e-06,-0.0004649352,-0.0008641760877284,0.0438309999999999
2026-04-22 04:00:00+00:00,77497.0,77675.0,77337.0,77483.0,1238.34404,1.1375e-06,-0.0004908997,-0.0001806684738428,0.011375
2026-04-22 05:00:00+00:00,77483.0,78419.0,77408.0,77944.0,2773.21276,3.5519e-06,-0.0004715847,0.0059320626642399,0.0355189999999999
2026-04-22 06:00:00+00:00,77944.0,77992.0,77854.0,77964.0,801.55955,-7.9415e-06,-0.0005635318,0.000256561563354,-0.079415
2026-04-22 07:00:00+00:00,77964.0,78074.0,77777.0,77965.0,1248.34539,-1.02192e-05,-0.0005817535,1.2826350454624622e-05,-0.102192
2026-04-22 08:00:00+00:00,77965.0,78176.0,77888.0,77971.0,1226.8593,-8.0115e-06,-0.0005640917,7.695464809880417e-05,-0.0801149999999999
2026-04-22 09:00:00+00:00,77971.0,78144.0,77908.0,77958.0,711.20649,-5.6438e-06,-0.0005451508,-0.0001667425562932,-0.056438
2026-04-22 10:00:00+00:00,77958.0,78137.0,77894.0,78111.0,580.19085,-5.4011e-06,-0.0005432086,0.0019606718696727,-0.0540109999999999
2026-04-22 11:00:00+00:00,78111.0,78344.0,78069.0,78261.0,881.70737,-8.2504e-06,-0.0005660033,0.0019185026220569,-0.082504
2026-04-22 12:00:00+00:00,78261.0,78450.0,78049.0,78191.0,1685.09491,-2.3542e-06,-0.0005188336,-0.0008948432064915,-0.0235419999999999
2026-04-22 13:00:00+00:00,78191.0,78794.0,78106.0,78791.0,3030.61962,-1.12012e-05,-0.0005896098,0.0076442257291474,-0.112012
2026-04-22 14:00:00+00:00,78792.0,79113.0,78534.0,78993.0,3178.05088,-4.0037e-06,-0.00053203,0.0025604638031599,-0.040037
2026-04-22 15:00:00+00:00,78993.0,79350.0,78811.0,79223.0,1936.7351,-3.3737e-06,-0.0005269899,0.0029074197554928,-0.033737
2026-04-22 16:00:00+00:00,79224.0,79400.0,78592.0,78688.0,1780.57696,-5.8456e-06,-0.0005467652,-0.0067759946679107,-0.058456
2026-04-22 17:00:00+00:00,78688.0,78995.0,78656.0,78853.0,838.75003,-1.3976e-05,-0.0006118081,0.0020946935760397,-0.13976
2026-04-22 18:00:00+00:00,78852.0,79122.0,78773.0,78983.0,913.04985,-1.2626e-05,-0.0006010079,0.0016472798271189,-0.12626
2026-04-22 19:00:00+00:00,78984.0,79028.0,78655.0,78798.0,1350.18974,-5.9257e-06,-0.0005474056,-0.0023450236058629,-0.059257
2026-04-22 20:00:00+00:00,78797.0,78865.0,78362.0,78378.0,1202.97969,-1.44315e-05,-0.000615452,-0.0053443400985966,-0.144315
2026-04-22 21:00:00+00:00,78377.0,78789.0,78374.0,78723.0,1000.6949,-2.13484e-05,-0.0006707873,0.0043920860414559,-0.213484
2026-04-22 22:00:00+00:00,78722.0,78785.0,78407.0,78562.0,783.95331,-7.9414e-06,-0.0005635312,-0.0020472398033099,-0.079414
2026-04-22 23:00:00+00:00,78561.0,78561.0,78090.0,78137.0,976.58072,-4.0123e-06,-0.0005320988,-0.0054244257093338,-0.040123
2026-04-23 00:00:00+00:00,78138.0,78530.0,77533.0,78383.0,4159.11197,-7.984e-06,-0.0005638719,0.0031433708478912,-0.07984
2026-04-23 01:00:00+00:00,78385.0,78410.0,78016.0,78318.0,1102.29572,7.92e-07,-0.0004936641,-0.0008296054744768,0.00792
2026-04-23 02:00:00+00:00,78320.0,78323.0,77714.0,77898.0,1880.69172,4.0375e-06,-0.0004677001,-0.0053771830285363,0.040375
2026-04-23 03:00:00+00:00,77898.0,77994.0,77459.0,77722.0,1668.25412,4.3222e-06,-0.0004654221,-0.0022619210260746,0.043222
2026-04-23 04:00:00+00:00,77715.0,77911.0,77638.0,77882.0,636.75909,8.1845e-06,-0.0004345237,0.002056503128318,0.0818449999999999
2026-04-23 05:00:00+00:00,77882.0,78059.0,77735.0,77982.0,479.27281,1.02671e-05,-0.0004178632,0.0012831701190914,0.102671
2026-04-23 06:00:00+00:00,77982.0,78311.0,77982.0,78172.0,705.29218,9.5632e-06,-0.0004234945,0.002433496340324,0.095632
2026-04-23 07:00:00+00:00,78172.0,78220.0,77945.0,78012.0,590.1596,5.8638e-06,-0.0004530897,-0.0020488661574984,0.0586379999999999
2026-04-23 08:00:00+00:00,78012.0,78145.0,77691.0,77828.0,1010.08031,3.3378e-06,-0.0004732978,-0.0023613974012023,0.033378
2026-04-23 09:00:00+00:00,77828.0,77841.0,77398.0,77619.0,1385.06038,1.04809e-05,-0.0004161526,-0.0026890210288652,0.104809
2026-04-23 10:00:00+00:00,77619.0,77675.0,77152.0,77375.0,1515.94175,6.3108e-06,-0.0004495138,-0.0031485115755041,0.063108
2026-04-23 11:00:00+00:00,77375.0,77712.0,77339.0,77659.0,1116.02914,4.6679e-06,-0.0004626569,0.0036637165740844,0.046679
2026-04-23 12:00:00+00:00,77659.0,77835.0,77526.0,77835.0,1489.71845,1.8035e-06,-0.0004855721,0.0022637539089677,0.018035
2026-04-23 13:00:00+00:00,77834.0,77877.0,77358.0,77492.0,1304.71707,3.1055e-06,-0.0004751559,-0.0044164962631131,0.031055
2026-04-23 14:00:00+00:00,77492.0,78191.0,77388.0,78151.0,2240.22212,4.585e-07,-0.0004963318,0.0084681474662294,0.004585
2026-04-23 15:00:00+00:00,78151.0,78649.0,77951.0,78343.0,2314.58622,1.25e-05,-0.0003722239,0.0024537694267606,0.125
2026-04-23 16:00:00+00:00,78343.0,78479.0,77968.0,78044.0,1518.60322,1.06375e-05,-0.0004149001,-0.0038238519100373,0.106375
2026-04-23 17:00:00+00:00,78045.0,78131.0,76910.0,77732.0,4585.44525,-1.2234e-06,-0.000509787,-0.0040057572051952,-0.012234
2026-04-23 18:00:00+00:00,77733.0,78109.0,77640.0,77644.0,2876.48989,-8.1764e-06,-0.0005654108,-0.001132736193612,-0.081764
2026-04-23 19:00:00+00:00,77645.0,77855.0,77554.0,77688.0,1809.25892,2.8995e-06,-0.0004768043,0.000566528483208,0.028995
2026-04-23 20:00:00+00:00,77688.0,78035.0,77615.0,77857.0,1073.08016,9.066e-06,-0.0004274723,0.0021730054518091,0.0906599999999999
2026-04-23 21:00:00+00:00,77857.0,78067.0,77765.0,77852.0,807.53931,1.25e-05,-0.0003123523,-6.422236353353552e-05,0.125
2026-04-23 22:00:00+00:00,77851.0,78316.0,77842.0,78207.0,1342.83437,1.25e-05,-0.0002946606,0.004549569231288,0.125
2026-04-23 23:00:00+00:00,78206.0,78277.0,78006.0,78226.0,560.00136,1.25e-05,-0.0002861316,0.0002429154985639,0.125
2026-04-24 00:00:00+00:00,78226.0,78472.0,78149.0,78385.0,1042.57706,1.25e-05,-0.0003284339,0.0020305094103137,0.125
2026-04-24 01:00:00+00:00,78385.0,78419.0,77933.0,78401.0,1009.52199,1.25e-05,-0.0003444484,0.000204099856563,0.125
2026-04-24 02:00:00+00:00,78401.0,78548.0,78023.0,78090.0,1402.42369,1.25e-05,-0.0003694659,-0.0039746747024736,0.125
2026-04-24 03:00:00+00:00,78089.0,78142.0,77505.0,77710.0,864.78186,1.24002e-05,-0.0004007981,-0.0048780584534328,0.124002
2026-04-24 04:00:00+00:00,77709.0,77829.0,77471.0,77657.0,580.50473,1.19255e-05,-0.0004045959,-0.0006822555890998,0.119255
2026-04-24 05:00:00+00:00,77657.0,78000.0,77423.0,77927.0,720.60879,1.25e-05,-0.0003445888,0.003470797396194,0.125
2026-04-24 06:00:00+00:00,77927.0,77968.0,77740.0,77768.0,491.18278,1.25e-05,-0.0003052988,-0.002042455509477,0.125
2026-04-24 07:00:00+00:00,77767.0,77836.0,77520.0,77631.0,734.41512,1.25e-05,-0.0002569611,-0.0017632035662149,0.125
2026-04-24 08:00:00+00:00,77631.0,78003.0,77549.0,77759.0,862.86171,1.25e-05,-0.0002681762,0.0016474680346346,0.125
2026-04-24 09:00:00+00:00,77760.0,77782.0,77365.0,77499.0,1500.76749,1.25e-05,-0.0002465649,-0.00334926693694,0.125
2026-04-24 10:00:00+00:00,77499.0,77756.0,77418.0,77728.0,422.31476,1.25e-05,-0.0003701592,0.0029505197695143,0.125
2026-04-24 11:00:00+00:00,77729.0,78350.0,77726.0,78207.0,2926.73538,1.25e-05,-0.0003876626,0.0061436047918546,0.125
2026-04-24 12:00:00+00:00,78207.0,78314.0,77981.0,78244.0,1872.39053,1.25e-05,-0.000335544,0.0004729915524963,0.125
2026-04-24 13:00:00+00:00,78243.0,78424.0,77867.0,78050.0,1916.77495,1.11146e-05,-0.000411083,-0.0024825022026719,0.111146
2026-04-24 14:00:00+00:00,78049.0,78049.0,77643.0,77996.0,1333.76579,7.4312e-06,-0.00044055,-0.0006921036381007,0.074312
2026-04-24 15:00:00+00:00,78000.0,78193.0,77514.0,78021.0,1379.93636,2.7022e-06,-0.0004783827,0.0003204778993824,0.027022
2026-04-24 16:00:00+00:00,78021.0,78031.0,77553.0,77751.0,1099.98078,1.15939e-05,-0.0004072486,-0.0034666085097561,0.1159389999999999
2026-04-24 17:00:00+00:00,77750.0,77780.0,77455.0,77659.0,1126.24475,1.25e-05,-0.0003853883,-0.0011839651341217,0.125
2026-04-24 18:00:00+00:00,77659.0,77683.0,77322.0,77582.0,938.38594,9.129e-06,-0.0004269678,-0.0009920060591529,0.09129
2026-04-24 19:00:00+00:00,77585.0,77701.0,77490.0,77594.0,356.9075,4.2975e-06,-0.0004656204,0.000154663092539,0.042975
2026-04-24 20:00:00+00:00,77594.0,77736.0,77421.0,77698.0,484.97209,4.826e-06,-0.0004613924,0.0013394124043507,0.04826
2026-04-24 21:00:00+00:00,77698.0,77720.0,77506.0,77507.0,469.67164,1.22308e-05,-0.0004021538,-0.0024612621554737,0.122308
2026-04-24 22:00:00+00:00,77507.0,77582.0,77225.0,77310.0,769.5704,1.05011e-05,-0.0004159909,-0.0025449415287244,0.105011
2026-04-24 23:00:00+00:00,77311.0,77426.0,77301.0,77402.0,386.45419,7.6354e-06,-0.0004389171,0.0011893067227379,0.0763539999999999
2026-04-25 00:00:00+00:00,77402.0,77466.0,77273.0,77421.0,258.36785,9.2602e-06,-0.0004259181,0.0002454415699912,0.092602
2026-04-25 01:00:00+00:00,77421.0,77580.0,77408.0,77507.0,175.06235,9.4427e-06,-0.0004244587,0.001110193235995,0.094427
2026-04-25 02:00:00+00:00,77507.0,77615.0,77464.0,77570.0,507.26888,1.09257e-05,-0.0004125945,0.0008124996416724,0.1092569999999999
2026-04-25 03:00:00+00:00,77570.0,77679.0,77513.0,77634.0,387.6337,4.7607e-06,-0.0004619147,0.0008247210590906,0.047607
2026-04-25 04:00:00+00:00,77634.0,77663.0,77557.0,77588.0,138.43734,5.0728e-06,-0.0004594172,-0.0005926995058254,0.050728
2026-04-25 05:00:00+00:00,77589.0,77589.0,77444.0,77474.0,158.21949,1.18059e-05,-0.0004055531,-0.0014703798550149,0.118059
2026-04-25 06:00:00+00:00,77474.0,77539.0,77445.0,77468.0,292.82274,3.809e-07,-0.0004969525,-7.7448335544919e-05,0.003809
2026-04-25 07:00:00+00:00,77468.0,77534.0,77412.0,77467.0,256.26177,2.6398e-06,-0.0004788815,-1.2908639106848214e-05,0.026398
2026-04-25 08:00:00+00:00,77467.0,77632.0,77451.0,77615.0,335.9905,6.6614e-06,-0.0004467091,0.001908668252028,0.066614
2026-04-25 09:00:00+00:00,77615.0,77749.0,77551.0,77700.0,460.82971,1.25e-05,-0.0003552992,0.0010945498951951,0.125
2026-04-25 10:00:00+00:00,77700.0,77854.0,77700.0,77765.0,286.10306,1.25e-05,-0.0003680068,0.0008362011229217,0.125
2026-04-25 11:00:00+00:00,77765.0,77765.0,77573.0,77642.0,512.51504,1.25e-05,-0.0003557648,-0.0015829406099265,0.125
2026-04-25 12:00:00+00:00,77642.0,77678.0,77504.0,77524.0,661.79536,7.9738e-06,-0.0004362093,-0.0015209520480956,0.079738
2026-04-25 13:00:00+00:00,77524.0,77687.0,77524.0,77664.0,551.28264,2.7242e-06,-0.0004782064,0.0018042637056897,0.027242
2026-04-25 14:00:00+00:00,77663.0,77734.0,77613.0,77624.0,556.76229,1.25e-05,-0.000367534,-0.0005151718211925,0.125
2026-04-25 15:00:00+00:00,77624.0,77702.0,77269.0,77294.0,913.92249,1.25e-05,-0.0003229889,-0.0042603248058321,0.125
2026-04-25 16:00:00+00:00,77294.0,77419.0,77100.0,77368.0,1042.36642,1.25e-05,-0.0003618926,0.0009569254974958,0.125
2026-04-25 17:00:00+00:00,77368.0,77381.0,77175.0,77213.0,229.77791,7.2021e-06,-0.0004423835,-0.0020054217781896,0.072021
2026-04-25 18:00:00+00:00,77212.0,77361.0,77172.0,77261.0,216.61932,8.1781e-06,-0.0004345751,0.0006214638262086,0.081781
2026-04-25 19:00:00+00:00,77260.0,77307.0,77153.0,77296.0,511.96268,3.2784e-06,-0.0004737727,0.0004529073493698,0.032784
2026-04-25 20:00:00+00:00,77297.0,77455.0,77272.0,77448.0,283.88374,2.9444e-06,-0.0004764451,0.0019645356057194,0.029444
2026-04-25 21:00:00+00:00,77447.0,77500.0,77385.0,77496.0,326.3335,1.23797e-05,-0.0004009623,0.0006195787063133,0.1237969999999999
2026-04-25 22:00:00+00:00,77497.0,77606.0,77458.0,77513.0,242.42671,2.8339e-06,-0.0004773287,0.0002193421035959,0.028339
2026-04-25 23:00:00+00:00,77514.0,77608.0,77492.0,77582.0,130.00567,7.1756e-06,-0.0004425954,0.0008897772920119,0.071756
2026-04-26 00:00:00+00:00,77582.0,77604.0,77403.0,77462.0,174.71884,2.8836e-06,-0.0004769309,-0.0015479479884604,0.0288359999999999
2026-04-26 01:00:00+00:00,77461.0,77535.0,77406.0,77414.0,225.17927,2.5538e-06,-0.0004795694,-0.0006198507391313,0.025538
2026-04-26 02:00:00+00:00,77414.0,77565.0,77412.0,77474.0,368.0594,2.941e-07,-0.0004976469,0.0007747534089305,0.002941
2026-04-26 03:00:00+00:00,77474.0,77505.0,77279.0,77359.0,253.97855,9.681e-07,-0.0004922554,-0.0014854717165827,0.009681
2026-04-26 04:00:00+00:00,77359.0,77774.0,77347.0,77734.0,512.99744,-1.977e-06,-0.0005158164,0.0048358176163344,-0.01977
2026-04-26 05:00:00+00:00,77734.0,78172.0,77672.0,77941.0,1362.13399,-6.782e-07,-0.0005054253,0.0026593881098178,-0.006782
2026-04-26 06:00:00+00:00,77942.0,78012.0,77861.0,77964.0,320.5617,2.6556e-06,-0.0004787549,0.0002950514757942,0.026556
2026-04-26 07:00:00+00:00,77965.0,78083.0,77924.0,78071.0,383.06158,3.8881e-06,-0.0004688954,0.001371487381319,0.038881
2026-04-26 08:00:00+00:00,78071.0,78170.0,77980.0,77989.0,742.70494,5.7357e-06,-0.0004541145,-0.0010508779641978,0.057357
2026-04-26 09:00:00+00:00,77988.0,78014.0,77888.0,77968.0,413.42569,5.353e-07,-0.0004957174,-0.000269305002365,0.005353
2026-04-26 10:00:00+00:00,77968.0,78023.0,77933.0,77964.0,169.69502,4.3145e-06,-0.0004654838,-5.1304414756136366e-05,0.043145
2026-04-26 11:00:00+00:00,77964.0,78128.0,77963.0,78050.0,509.4224,9.6345e-06,-0.0004229239,0.0011024652750468,0.096345
2026-04-26 12:00:00+00:00,78050.0,78064.0,77724.0,77802.0,593.03658,7.3445e-06,-0.0004412436,-0.0031825091666389,0.073445
2026-04-26 13:00:00+00:00,77802.0,77947.0,77759.0,77940.0,610.86298,2.655e-06,-0.0004787604,0.0017721621157608,0.02655
2026-04-26 14:00:00+00:00,77940.0,78140.0,77842.0,78061.0,442.06095,6.038e-07,-0.0004951693,0.0015512724183177,0.006038
2026-04-26 15:00:00+00:00,78061.0,78091.0,77955.0,78010.0,388.40958,7.3093e-06,-0.0004415257,-0.0006535487286591,0.0730929999999999
2026-04-26 16:00:00+00:00,78011.0,78040.0,77892.0,77892.0,242.1195,7.106e-07,-0.0004943154,-0.0015137717608899,0.007106
2026-04-26 17:00:00+00:00,77893.0,78019.0,77810.0,77983.0,175.34867,7.622e-07,-0.0004939026,0.0011676023780377,0.0076219999999999
2026-04-26 18:00:00+00:00,77983.0,78333.0,77954.0,78238.0,755.45007,7.0518e-06,-0.0004435859,0.0032646088102811,0.070518
2026-04-26 19:00:00+00:00,78238.0,78469.0,77979.0,78186.0,1116.12686,4.5948e-06,-0.0004632413,-0.0006648596368268,0.0459479999999999
2026-04-26 20:00:00+00:00,78187.0,78347.0,78114.0,78159.0,465.22485,8.1528e-06,-0.0004347772,-0.0003453900063118,0.0815279999999999
2026-04-26 21:00:00+00:00,78159.0,78916.0,77815.0,78377.0,1834.50144,5.8032e-06,-0.0004535742,0.0027853035842932,0.058032
2026-04-26 22:00:00+00:00,78376.0,78792.0,77898.0,78283.0,2058.87734,2.6561e-06,-0.0004787515,-0.0012000512100212,0.0265609999999999
2026-04-26 23:00:00+00:00,78280.0,78862.0,77984.0,78615.0,1200.73786,6.081e-07,-0.000495135,0.0042320551634552,0.006081
2026-04-27 00:00:00+00:00,78616.0,79333.0,78354.0,79207.0,2044.03317,4.0103e-06,-0.0004679177,0.0075021578309035,0.040103
2026-04-27 01:00:00+00:00,79208.0,79434.0,78699.0,79249.0,1914.9335,7.825e-06,-0.0004374001,0.000530115628106,0.07825
2026-04-27 02:00:00+00:00,79249.0,79270.0,78996.0,79088.0,1034.67814,6.1473e-06,-0.0004508213,-0.0020336378166451,0.061473
2026-04-27 03:00:00+00:00,79088.0,79268.0,79033.0,79061.0,545.05395,1.2478e-06,-0.000490018,-0.0003414501547569,0.012478
2026-04-27 04:00:00+00:00,79061.0,79122.0,78836.0,78890.0,351.94049,-1.6428e-06,-0.0005131424,-0.0021652293028483,-0.0164279999999999
2026-04-27 05:00:00+00:00,78891.0,78906.0,77549.0,77756.0,3622.61119,-2.9354e-06,-0.0005234831,-0.0144787586071318,-0.0293539999999999
2026-04-27 06:00:00+00:00,77756.0,77848.0,77436.0,77673.0,1171.44444,9.2603e-06,-0.0004259179,-0.0010680118625158,0.092603
2026-04-27 07:00:00+00:00,77673.0,77713.0,77536.0,77568.0,561.44853,1.25e-05,-0.0003758059,-0.0013527356305559,0.125
2026-04-27 08:00:00+00:00,77569.0,77793.0,77517.0,77773.0,604.27003,9.002e-06,-0.0004279844,0.0026393562421501,0.0900199999999999
2026-04-27 09:00:00+00:00,77774.0,77949.0,77673.0,77866.0,819.88313,7.2833e-06,-0.0004417333,0.0011950733565308,0.072833
2026-04-27 10:00:00+00:00,77866.0,77911.0,77749.0,77813.0,256.14811,1.1172e-05,-0.0004106237,-0.0006808882642823,0.11172
2026-04-27 11:00:00+00:00,77812.0,77854.0,77701.0,77814.0,378.23774,8.6461e-06,-0.000430831,1.2851240466194314e-05,0.086461
2026-04-27 12:00:00+00:00,77814.0,77849.0,77578.0,77635.0,943.53482,1.25e-05,-0.0003989203,-0.0023030071485263,0.125
2026-04-27 13:00:00+00:00,77635.0,77926.0,77528.0,77709.0,1656.49013,1.25e-05,-0.0003853237,0.0009527243485088,0.125
2026-04-27 14:00:00+00:00,77710.0,78222.0,77641.0,77761.0,1572.11165,3.4716e-06,-0.000472227,0.0006689393701561,0.034716
2026-04-27 15:00:00+00:00,77762.0,77791.0,76516.0,76765.0,5548.18507,5.3998e-06,-0.0004568015,-0.0128912130409356,0.053998
2026-04-27 16:00:00+00:00,76765.0,76821.0,76495.0,76584.0,2008.55567,8.4627e-06,-0.0004322985,-0.0023606294668102,0.084627
2026-04-27 17:00:00+00:00,76584.0,76896.0,76584.0,76705.0,1080.20878,4.4239e-06,-0.0004646084,0.0015787176526847,0.044239
2026-04-27 18:00:00+00:00,76701.0,76873.0,76617.0,76798.0,618.19734,3.4319e-06,-0.0004725449,0.0012117028511331,0.034319
2026-04-27 19:00:00+00:00,76797.0,76869.0,76363.0,76822.0,1443.46649,5.495e-06,-0.0004560401,0.0003124593177353,0.05495
2026-04-27 20:00:00+00:00,76822.0,77015.0,76801.0,76917.0,547.90974,-1.4166e-06,-0.0005113325,0.0012358609343307,-0.014166
2026-04-27 21:00:00+00:00,76918.0,76945.0,76739.0,76739.0,481.82445,-8.0466e-06,-0.0005643731,-0.0023168646798469,-0.080466
2026-04-27 22:00:00+00:00,76740.0,77042.0,76722.0,77028.0,493.82776,-9.2056e-06,-0.0005736449,0.0037589383975524,-0.092056
2026-04-27 23:00:00+00:00,77027.0,77414.0,76972.0,77320.0,856.18618,-1.124e-06,-0.0005089919,0.0037836622224886,-0.01124
2026-04-28 00:00:00+00:00,77320.0,77440.0,77166.0,77343.0,1058.29791,-1.0881e-06,-0.000508705,0.0002974208462209,-0.010881
2026-04-28 01:00:00+00:00,77343.0,77351.0,76987.0,77042.0,994.64928,-7.1606e-06,-0.0005572846,-0.0038993474934709,-0.071606
2026-04-28 02:00:00+00:00,77043.0,77200.0,76627.0,76846.0,1976.34284,-1.01968e-05,-0.0005815747,-0.0025473085098696,-0.101968
2026-04-28 03:00:00+00:00,76845.0,76846.0,76632.0,76773.0,505.93516,-5.4281e-06,-0.0005434245,-0.0009504033419677,-0.0542809999999999
2026-04-28 04:00:00+00:00,76765.0,76900.0,76641.0,76848.0,1633.33958,-2.6243e-06,-0.0005209945,0.0009764290814256,-0.026243
2026-04-28 05:00:00+00:00,76848.0,77109.0,76747.0,76828.0,2207.5534,-1.7682e-06,-0.0005141458,-0.000260287879863,-0.017682
2026-04-28 06:00:00+00:00,76828.0,76992.0,76530.0,76657.0,1187.38196,-3.6477e-06,-0.0005291817,-0.0022282316936701,-0.0364769999999999
2026-04-28 07:00:00+00:00,76656.0,76883.0,76352.0,76834.0,1699.43003,-4.3761e-06,-0.0005350088,0.0023063251716028,-0.043761
2026-04-28 08:00:00+00:00,76834.0,76957.0,76700.0,76815.0,410.87013,-1.32948e-05,-0.0006063583,-0.0002473169379149,-0.132948
2026-04-28 09:00:00+00:00,76816.0,76819.0,76440.0,76550.0,1054.86743,-6.9104e-06,-0.0005552834,-0.0034558114789305,-0.069104
2026-04-28 10:00:00+00:00,76550.0,76650.0,76425.0,76565.0,582.08916,-1.43761e-05,-0.0006150088,0.0001959311634782,-0.143761
2026-04-28 11:00:00+00:00,76564.0,76605.0,76078.0,76193.0,1556.46092,-1.38067e-05,-0.0006104533,-0.0048704583113421,-0.138067
2026-04-28 12:00:00+00:00,76193.0,76382.0,76123.0,76344.0,937.55095,-1.18926e-05,-0.0005951404,0.0019798481591237,-0.118926
2026-04-28 13:00:00+00:00,76344.0,76381.0,75917.0,76157.0,3031.71412,-8.701e-07,-0.000506961,-0.0024524441639815,-0.008701
2026-04-28 14:00:00+00:00,76156.0,76163.0,75649.0,75916.0,3007.96031,-1.92e-08,-0.000500154,-0.0031695330762978,-0.000192
2026-04-28 15:00:00+00:00,75917.0,76050.0,75800.0,76024.0,1402.95943,3.7749e-06,-0.0004698011,0.0014216140343409,0.037749
2026-04-28 16:00:00+00:00,76024.0,76186.0,75852.0,76089.0,723.12982,2.67e-08,-0.0004997865,0.0008546278616065,0.000267
2026-04-28 17:00:00+00:00,76088.0,76239.0,75922.0,76148.0,725.46696,4.1195e-06,-0.0004670442,0.0007751072729216,0.041195
2026-04-28 18:00:00+00:00,76148.0,76245.0,76094.0,76198.0,353.46154,4.4779e-06,-0.0004641765,0.000656400585447,0.044779
2026-04-28 19:00:00+00:00,76198.0,76350.0,76028.0,76294.0,469.3571,3.0207e-06,-0.0004758345,0.0012590826100032,0.030207
2026-04-28 20:00:00+00:00,76294.0,76443.0,76293.0,76440.0,653.08798,5.6686e-06,-0.000454651,0.0019118211330797,0.056686
2026-04-28 21:00:00+00:00,76440.0,76451.0,76224.0,76321.0,848.46211,6.7457e-06,-0.0004460343,-0.0015579895925142,0.067457
2026-04-28 22:00:00+00:00,76321.0,76408.0,76169.0,76200.0,310.40366,6.0014e-06,-0.0004519887,-0.0015866670869574,0.060014
2026-04-28 23:00:00+00:00,76201.0,76333.0,76147.0,76297.0,156.36758,3.9179e-06,-0.0004686565,0.0012721563451336,0.039179
2026-04-29 00:00:00+00:00,76297.0,76521.0,76231.0,76471.0,447.67487,3.2327e-06,-0.0004741383,0.0022779649565654,0.032327
2026-04-29 01:00:00+00:00,76470.0,76585.0,76144.0,76525.0,886.80015,3.3007e-06,-0.0004735945,0.0007059008371765,0.033007
2026-04-29 02:00:00+00:00,76526.0,76622.0,76341.0,76481.0,712.24226,9.372e-07,-0.0004925028,-0.0005751408600039,0.009372
2026-04-29 03:00:00+00:00,76481.0,77090.0,76469.0,76945.0,1565.27334,-9.3058e-06,-0.0005744465,0.0060485369443428,-0.093058
2026-04-29 04:00:00+00:00,76944.0,77414.0,76842.0,77215.0,1460.07194,-5.0917e-06,-0.0005407334,0.0035028577591493,-0.050917
2026-04-29 05:00:00+00:00,77216.0,77281.0,77155.0,77246.0,752.5724,-6.487e-06,-0.0005518962,0.0004013958269882,-0.06487
2026-04-29 06:00:00+00:00,77247.0,77288.0,76888.0,76977.0,1155.93875,-1.1054e-05,-0.0005884322,-0.0034884585670885,-0.11054
2026-04-29 07:00:00+00:00,76981.0,77152.0,76969.0,77004.0,736.83677,-9.7464e-06,-0.0005779716,0.0003506926215146,-0.097464
2026-04-29 08:00:00+00:00,77006.0,77114.0,76926.0,76995.0,691.6167,-9.5054e-06,-0.0005760435,-0.0001168838760023,-0.095054
2026-04-29 09:00:00+00:00,76995.0,77757.0,76919.0,77590.0,2067.3117,-1.47919e-05,-0.0006183351,0.0076980682254817,-0.147919
2026-04-29 10:00:00+00:00,77591.0,77866.0,77508.0,77578.0,1428.80179,-7.9623e-06,-0.000563698,-0.0001546710665075,-0.079623
2026-04-29 11:00:00+00:00,77579.0,77634.0,77436.0,77548.0,988.03537,-1.66331e-05,-0.0006330648,-0.0003867823623892,-0.1663309999999999
2026-04-29 12:00:00+00:00,77548.0,77549.0,76934.0,77090.0,1381.64915,-1.25314e-05,-0.0006002513,-0.0059235290057902,-0.125314
2026-04-29 13:00:00+00:00,77095.0,77200.0,76387.0,76747.0,2596.51692,-1.14954e-05,-0.0005919631,-0.0044592727157007,-0.114954
2026-04-29 14:00:00+00:00,76745.0,76828.0,76460.0,76541.0,1611.93182,-8.7559e-06,-0.000570047,-0.0026877527792422,-0.087559
2026-04-29 15:00:00+00:00,76540.0,76597.0,75648.0,75867.0,2583.60022,5.5932e-06,-0.0004552545,-0.008844737728703,0.055932
2026-04-29 16:00:00+00:00,75868.0,76091.0,75657.0,75765.0,1598.50697,3.2908e-06,-0.0004736738,-0.0013453626593991,0.032908
2026-04-29 17:00:00+00:00,75765.0,76162.0,75764.0,76140.0,2099.09012,3.1086e-06,-0.0004751315,0.0049373063662257,0.031086
2026-04-29 18:00:00+00:00,76140.0,76226.0,74894.0,75477.0,5550.12542,5.0997e-06,-0.0004592025,-0.0087457768718611,0.0509969999999999
2026-04-29 19:00:00+00:00,75478.0,75555.0,75259.0,75528.0,1413.62831,1.23142e-05,-0.0004014862,0.0006754743477252,0.123142
2026-04-29 20:00:00+00:00,75527.0,75827.0,75459.0,75636.0,1564.25048,9.2697e-06,-0.0004258426,0.0014289118887578,0.092697
2026-04-29 21:00:00+00:00,75637.0,76068.0,75572.0,75891.0,993.30514,9.5956e-06,-0.000423235,0.0033657399766949,0.095956
2026-04-29 22:00:00+00:00,75890.0,75972.0,75766.0,75885.0,1051.96625,5.9297e-06,-0.0004525622,-7.906388365911804e-05,0.059297
2026-04-29 23:00:00+00:00,75885.0,75951.0,75626.0,75727.0,1300.22838,-6.6458e-06,-0.0005531667,-0.0020842684905984,-0.066458
2026-04-30 00:00:00+00:00,75727.0,76300.0,75610.0,76227.0,2294.07725,-1.08545e-05,-0.0005868362,0.0065809627195504,-0.1085449999999999
2026-04-30 01:00:00+00:00,76226.0,76424.0,76134.0,76196.0,1969.64763,-5.1244e-06,-0.0005409954,-0.0004067627645096,-0.051244
2026-04-30 02:00:00+00:00,76196.0,76325.0,75429.0,75665.0,1730.81381,2.4361e-06,-0.0004805112,-0.0069932657374621,0.0243609999999999
2026-04-30 03:00:00+00:00,75665.0,75947.0,75622.0,75881.0,946.83122,-5.767e-06,-0.0005461364,0.0028506215442012,-0.05767
2026-04-30 04:00:00+00:00,75880.0,75912.0,75353.0,75457.0,665.60079,-8.246e-06,-0.0005659679,-0.0056033660995285,-0.08246
2026-04-30 05:00:00+00:00,75457.0,75716.0,75286.0,75566.0,915.37745,-9.0129e-06,-0.0005721033,0.0014434889907707,-0.090129
2026-04-30 06:00:00+00:00,75566.0,75827.0,75536.0,75720.0,912.19445,2.3548e-06,-0.0004811619,0.0020358797666891,0.023548
2026-04-30 07:00:00+00:00,75719.0,76161.0,75688.0,76139.0,1098.43489,1.62e-06,-0.0004870403,0.0055182908259045,0.0162
2026-04-30 08:00:00+00:00,76138.0,76183.0,76009.0,76016.0,851.58732,1.15238e-05,-0.0004078099,-0.0016167727224609,0.115238
2026-04-30 09:00:00+00:00,76016.0,76321.0,75970.0,76065.0,1373.41416,1.16101e-05,-0.0004071189,0.0006443934705265,0.116101
2026-04-30 10:00:00+00:00,76065.0,76127.0,75930.0,75990.0,499.81697,-3.029e-07,-0.0005024234,-0.0009864852333985,-0.003029
2026-04-30 11:00:00+00:00,75990.0,76204.0,75834.0,76018.0,1383.98442,-6.1245e-06,-0.0005489963,0.0003684016672368,-0.061245
2026-04-30 12:00:00+00:00,76019.0,76375.0,76000.0,76270.0,1262.8018,-7.3776e-06,-0.0005590206,0.0033095218272165,-0.073776
2026-04-30 13:00:00+00:00,76270.0,76622.0,76071.0,76369.0,1502.63146,-3.7274e-06,-0.0005298192,0.0012971784915001,-0.037274
2026-04-30 14:00:00+00:00,76368.0,76540.0,76030.0,76262.0,2353.07917,-6.7416e-06,-0.0005539325,-0.0014020745134146,-0.067416
2026-04-30 15:00:00+00:00,76261.0,76616.0,76114.0,76424.0,1032.87241,-1.07591e-05,-0.0005860731,0.0021220028134745,-0.107591
2026-04-30 16:00:00+00:00,76423.0,76443.0,76163.0,76213.0,788.13469,9.84e-08,-0.0004992127,-0.0027647311517179,0.0009839999999999
2026-04-30 17:00:00+00:00,76213.0,76289.0,76062.0,76200.0,605.6493,-1.08569e-05,-0.000586855,-0.0001705891233887,-0.108569
2026-04-30 18:00:00+00:00,76201.0,76430.0,76159.0,76310.0,910.50394,-8.7976e-06,-0.0005703809,0.0014425286089412,-0.087976
2026-04-30 19:00:00+00:00,76311.0,76478.0,76268.0,76372.0,461.09413,-4.2398e-06,-0.0005339188,0.0008121455496762,-0.042398
2026-04-30 20:00:00+00:00,76371.0,76526.0,76278.0,76461.0,501.10035,-4.1576e-06,-0.0005332611,0.0011646700655014,-0.0415759999999999
2026-04-30 21:00:00+00:00,76460.0,76503.0,76191.0,76201.0,699.19281,-9.7388e-06,-0.0005779107,-0.0034062209506492,-0.097388
2026-04-30 22:00:00+00:00,76200.0,76421.0,76155.0,76183.0,766.32623,-1.19657e-05,-0.0005957257,-0.0002362452761933,-0.119657
2026-04-30 23:00:00+00:00,76184.0,76336.0,76170.0,76300.0,894.19881,-1.54515e-05,-0.0006236124,0.0015345976005344,-0.1545149999999999
2026-05-01 00:00:00+00:00,76300.0,76552.0,76283.0,76414.0,1021.23397,-8.6543e-06,-0.0005692341,0.001492987167851,-0.086543
2026-05-01 01:00:00+00:00,76414.0,76723.0,76404.0,76642.0,920.29735,-8.5919e-06,-0.0005687349,0.0029793038972501,-0.085919
2026-05-01 02:00:00+00:00,76642.0,76699.0,76483.0,76550.0,720.36298,-6.5515e-06,-0.0005524122,-0.0012011072518196,-0.065515
2026-05-01 03:00:00+00:00,76551.0,77404.0,76513.0,77076.0,2056.75198,-1.22214e-05,-0.0005977711,0.006847825959963,-0.1222139999999999
2026-05-01 04:00:00+00:00,77076.0,77158.0,76932.0,77000.0,588.82983,-1.06129e-05,-0.0005849034,-0.0009865262099718,-0.106129
2026-05-01 05:00:00+00:00,77001.0,77153.0,76997.0,77126.0,365.59871,-8.5227e-06,-0.0005681815,0.0016350262521542,-0.085227
2026-05-01 06:00:00+00:00,77126.0,77136.0,76837.0,76973.0,650.23527,-7.15e-08,-0.0005005717,-0.0019857370946623,-0.000715
2026-05-01 07:00:00+00:00,76970.0,77105.0,76912.0,77095.0,472.75062,-4.4707e-06,-0.0005357652,0.0015837166121402,-0.044707
2026-05-01 08:00:00+00:00,77095.0,77465.0,77005.0,77330.0,881.77325,5.068e-07,-0.0004959455,0.0030435509976281,0.005068
2026-05-01 09:00:00+00:00,77330.0,77345.0,77160.0,77225.0,491.91812,1.3802e-06,-0.0004889584,-0.0013587398162987,0.013802
2026-05-01 10:00:00+00:00,77224.0,77396.0,77116.0,77267.0,386.77247,-5.7948e-06,-0.0005463581,0.0005437174874389,-0.057948
2026-05-01 11:00:00+00:00,77267.0,77619.0,77234.0,77425.0,1300.41214,-3.8601e-06,-0.0005308807,0.0020427695671821,-0.0386009999999999
2026-05-01 12:00:00+00:00,77425.0,78137.0,77369.0,77840.0,3567.86796,2.4091e-06,-0.0004807269,0.0053457120184832,0.0240909999999999
2026-05-01 13:00:00+00:00,77839.0,78900.0,77839.0,78684.0,4113.51306,2.6167e-06,-0.000479066,0.0107843931917329,0.026167
2026-05-01 14:00:00+00:00,78684.0,78826.0,78013.0,78316.0,2569.60782,-5.4708e-06,-0.0005437668,-0.004687906674456,-0.054708
2026-05-01 15:00:00+00:00,78316.0,78700.0,78132.0,78414.0,2132.236,-2.2769e-06,-0.0005182154,0.0012505584479272,-0.022769
2026-05-01 16:00:00+00:00,78413.0,78624.0,78117.0,78170.0,2205.47296,-7.963e-06,-0.0005637042,-0.0031165406107148,-0.0796299999999999
2026-05-01 17:00:00+00:00,78170.0,78549.0,78068.0,78507.0,1224.77393,-1.24216e-05,-0.0005993729,0.0043018505550618,-0.124216
2026-05-01 18:00:00+00:00,78507.0,78586.0,78330.0,78383.0,718.3011,-9.082e-06,-0.0005726562,-0.0015807256781162,-0.09082
2026-05-01 19:00:00+00:00,78383.0,78497.0,78263.0,78308.0,850.72275,-9.4825e-06,-0.0005758598,-0.0009572981948883,-0.0948249999999999
2026-05-01 20:00:00+00:00,78307.0,78373.0,77710.0,77831.0,1412.12411,-7.5953e-06,-0.0005607621,-0.0061099595095444,-0.0759529999999999
2026-05-01 21:00:00+00:00,77830.0,78156.0,77805.0,78155.0,971.31379,-1.21606e-05,-0.0005972849,0.0041542249426827,-0.121606
2026-05-01 22:00:00+00:00,78155.0,78370.0,78087.0,78103.0,1443.70651,-1.40194e-05,-0.0006121551,-0.000665565947594,-0.140194
2026-05-01 23:00:00+00:00,78103.0,78206.0,77982.0,78189.0,577.72041,-1.62659e-05,-0.0006301271,0.0011005042955444,-0.162659
2026-05-02 00:00:00+00:00,78189.0,78359.0,78127.0,78300.0,1129.88719,-1.27207e-05,-0.0006017658,0.0014186303013724,-0.127207
2026-05-02 01:00:00+00:00,78300.0,78385.0,78247.0,78300.0,201.00628,-7.2342e-06,-0.0005578739,0.0,-0.072342
2026-05-02 02:00:00+00:00,78300.0,78491.0,78213.0,78323.0,450.83461,-5.6858e-06,-0.0005454862,0.0002936988841399,-0.056858
2026-05-02 03:00:00+00:00,78323.0,78498.0,78190.0,78379.0,527.53772,-7.0227e-06,-0.0005561815,0.0007147324524758,-0.070227
2026-05-02 04:00:00+00:00,78380.0,78413.0,78092.0,78134.0,346.61223,-1.9129e-06,-0.0005153029,-0.0031307329118181,-0.019129
2026-05-02 05:00:00+00:00,78134.0,78185.0,77981.0,78139.0,850.95345,-3.5117e-06,-0.0005280934,6.399058060836107e-05,-0.035117
2026-05-02 06:00:00+00:00,78139.0,78360.0,78102.0,78300.0,738.51693,-1.28657e-05,-0.0006029257,0.0020583109945939,-0.128657
2026-05-02 07:00:00+00:00,78301.0,78308.0,78169.0,78184.0,273.5564,-4.6017e-06,-0.0005368137,-0.0014825799602228,-0.046017
2026-05-02 08:00:00+00:00,78185.0,78319.0,78119.0,78275.0,412.33911,6.1381e-06,-0.0004508949,0.0011632441759348,0.061381
2026-05-02 09:00:00+00:00,78275.0,78367.0,78182.0,78257.0,241.22653,5.626e-06,-0.0004549923,-0.0002299849242243,0.05626
2026-05-02 10:00:00+00:00,78257.0,78269.0,78184.0,78215.0,292.87681,-1.0802e-06,-0.0005086414,-0.0005368372745115,-0.010802
2026-05-02 11:00:00+00:00,78215.0,78215.0,78061.0,78105.0,201.76097,-2.8316e-06,-0.000522653,-0.0014073697307615,-0.028316
2026-05-02 12:00:00+00:00,78105.0,78226.0,78077.0,78180.0,404.81915,-1.5557e-06,-0.0005124455,0.0009597850818367,-0.015557
2026-05-02 13:00:00+00:00,78181.0,78390.0,78180.0,78332.0,506.2939,2.4668e-06,-0.000480266,0.0019423436897812,0.024668
2026-05-02 14:00:00+00:00,78332.0,78456.0,78265.0,78387.0,514.26584,6.827e-07,-0.0004945385,0.0007018932261946,0.006827
2026-05-02 15:00:00+00:00,78388.0,78454.0,78328.0,78448.0,425.24885,-3.889e-06,-0.0005311123,0.0007778876280929,-0.03889
2026-05-02 16:00:00+00:00,78449.0,78545.0,78388.0,78415.0,443.30456,-3.912e-07,-0.0005031299,-0.0004207493224895,-0.003912
2026-05-02 17:00:00+00:00,78416.0,78457.0,78333.0,78351.0,241.44771,-2.081e-06,-0.000516648,-0.0008165036239441,-0.02081
2026-05-02 18:00:00+00:00,78351.0,78456.0,78270.0,78433.0,366.27226,-2.3529e-06,-0.0005188235,0.0010460251999797,-0.0235289999999999
2026-05-02 19:00:00+00:00,78432.0,78485.0,78411.0,78445.0,154.46274,1.9205e-06,-0.000484636,0.0001529851224951,0.019205
2026-05-02 20:00:00+00:00,78446.0,78452.0,78385.0,78420.0,147.49927,1.07283e-05,-0.0004141735,-0.0003187454207332,0.107283
2026-05-02 21:00:00+00:00,78421.0,79133.0,78409.0,78694.0,1558.40801,7.7272e-06,-0.0004381822,0.0034879167710109,0.077272
2026-05-02 22:00:00+00:00,78694.0,78839.0,78570.0,78798.0,944.64361,9.23e-06,-0.0004261602,0.0013207021958813,0.0923
2026-05-02 23:00:00+00:00,78798.0,78798.0,78590.0,78651.0,359.34673,8.9491e-06,-0.000428407,-0.0018672718494512,0.089491
2026-05-03 00:00:00+00:00,78651.0,78719.0,78451.0,78509.0,391.80374,1.13842e-05,-0.0004089262,-0.0018070760835076,0.113842
2026-05-03 01:00:00+00:00,78510.0,78510.0,78113.0,78204.0,949.76931,1.03e-05,-0.0004176002,-0.0038924707598752,0.103
2026-05-03 02:00:00+00:00,78205.0,78273.0,78071.0,78125.0,594.1362,6.9687e-06,-0.0004442502,-0.001010689081678,0.069687
2026-05-03 03:00:00+00:00,78125.0,78184.0,78071.0,78162.0,314.06607,9.547e-07,-0.0004923624,0.0004734878869165,0.009547
2026-05-03 04:00:00+00:00,78163.0,78200.0,78073.0,78123.0,131.56559,4.8385e-06,-0.000461292,-0.000499088214602,0.048385
2026-05-03 05:00:00+00:00,78124.0,78218.0,78123.0,78212.0,207.55988,3.122e-07,-0.0004975023,0.0011385807351485,0.003122
2026-05-03 06:00:00+00:00,78213.0,78296.0,78032.0,78253.0,393.64621,4.673e-07,-0.0004962617,0.0005240788794736,0.004673
2026-05-03 07:00:00+00:00,78254.0,78415.0,78254.0,78329.0,542.18737,-5.505e-07,-0.0005044036,0.0009707374534506,-0.0055049999999999
2026-05-03 08:00:00+00:00,78329.0,78468.0,78329.0,78358.0,293.83662,5.0517e-06,-0.0004595863,0.0003701647275285,0.050517
2026-05-03 09:00:00+00:00,78357.0,78582.0,78318.0,78500.0,329.03752,8.7945e-06,-0.0004296439,0.0018105552638816,0.087945
2026-05-03 10:00:00+00:00,78500.0,78500.0,78367.0,78368.0,133.79432,1.25e-05,-0.000392324,-0.0016829440186054,0.125
2026-05-03 11:00:00+00:00,78367.0,78806.0,78343.0,78618.0,939.02916,4.1431e-06,-0.0004668552,0.0031850000807459,0.041431
2026-05-03 12:00:00+00:00,78618.0,78847.0,78618.0,78699.0,863.25171,5.9225e-06,-0.0004526198,0.0010297680118214,0.0592249999999999
2026-05-03 13:00:00+00:00,78700.0,78740.0,78553.0,78636.0,695.83448,3.9716e-06,-0.0004682268,-0.0008008390169644,0.039716
2026-05-03 14:00:00+00:00,78635.0,78759.0,78576.0,78705.0,537.70675,8.1589e-06,-0.0004347285,0.0008770759614246,0.081589
2026-05-03 15:00:00+00:00,78704.0,78774.0,78589.0,78624.0,384.63704,9.938e-06,-0.000420496,-0.0010296894680162,0.09938
2026-05-03 16:00:00+00:00,78623.0,78742.0,78562.0,78627.0,243.80596,5.9954e-06,-0.0004520369,3.8155560223752855e-05,0.059954
2026-05-03 17:00:00+00:00,78627.0,78798.0,78545.0,78698.0,388.80806,9.5109e-06,-0.0004239131,0.0009025902408405,0.095109
2026-05-03 18:00:00+00:00,78698.0,78719.0,78590.0,78708.0,547.32169,1.25e-05,-0.000378473,0.0001270599597659,0.125
2026-05-03 19:00:00+00:00,78707.0,78816.0,78634.0,78741.0,219.00399,2.7895e-06,-0.0004776843,0.0004191833607481,0.027895
2026-05-03 20:00:00+00:00,78740.0,79242.0,78697.0,78879.0,1532.0033,5.4428e-06,-0.0004564575,0.001751047268886,0.054428
2026-05-03 21:00:00+00:00,78879.0,79032.0,78614.0,78801.0,1050.89269,1.06337e-05,-0.0004149303,-0.0009893455905914,0.106337
2026-05-03 22:00:00+00:00,78801.0,79400.0,78801.0,79132.0,2899.99816,1.17005e-05,-0.0004063961,0.0041916570272041,0.117005
2026-05-03 23:00:00+00:00,79132.0,79259.0,78443.0,78533.0,2022.66371,8.1008e-06,-0.0004351937,-0.0075984255477046,0.081008
2026-05-04 00:00:00+00:00,78533.0,78533.0,78244.0,78515.0,1329.12756,-1.5458e-06,-0.0005123661,-0.0002292292812238,-0.015458
2026-05-04 01:00:00+00:00,78516.0,79830.0,78368.0,79736.0,2892.2471,2.6322e-06,-0.0004789424,0.0154314883282379,0.0263219999999999
2026-05-04 02:00:00+00:00,79737.0,80369.0,79502.0,80128.0,5942.16544,5.354e-06,-0.0004571679,0.0049041783724235,0.05354
2026-05-04 03:00:00+00:00,80128.0,80418.0,79870.0,80279.0,2014.49076,2.4323e-06,-0.0004805416,0.0018827114103862,0.024323
2026-05-04 04:00:00+00:00,80279.0,80591.0,80185.0,80300.0,1483.72354,-1.85e-06,-0.0005148002,0.000261553504751,-0.0185
2026-05-04 05:00:00+00:00,80300.0,80356.0,79903.0,79978.0,1111.00823,-1.01708e-05,-0.0005813664,-0.0040180240982681,-0.1017079999999999
2026-05-04 06:00:00+00:00,79977.0,80000.0,79460.0,79825.0,1243.32942,-8.1725e-06,-0.0005653796,-0.0019148582536021,-0.081725
2026-05-04 07:00:00+00:00,79826.0,79908.0,79639.0,79656.0,962.84627,-8.4629e-06,-0.000567703,-0.0021193755150625,-0.084629
2026-05-04 08:00:00+00:00,79656.0,79781.0,79557.0,79670.0,1148.34278,-7.121e-07,-0.0005056972,0.0001757403064914,-0.007121
2026-05-04 09:00:00+00:00,79670.0,79896.0,79608.0,79801.0,670.42554,2.9908e-06,-0.0004760735,0.0016429323132927,0.0299079999999999
2026-05-04 10:00:00+00:00,79800.0,79832.0,78156.0,78906.0,5458.24996,3.1452e-06,-0.0004748381,-0.0112787651176846,0.031452
2026-05-04 11:00:00+00:00,78907.0,79090.0,78648.0,78751.0,1300.06472,4.7913e-06,-0.0004616694,-0.0019662945500661,0.047913
2026-05-04 12:00:00+00:00,78752.0,78995.0,78677.0,78826.0,930.22217,3.137e-06,-0.0004749041,0.000951915643316,0.03137
2026-05-04 13:00:00+00:00,78827.0,79085.0,78537.0,78747.0,1715.52359,6.4108e-06,-0.0004487133,-0.0010027099391274,0.064108
2026-05-04 14:00:00+00:00,78747.0,80496.0,78472.0,80156.0,4583.542,2.8133e-06,-0.0004774937,0.0177345541498924,0.028133
2026-05-04 15:00:00+00:00,80155.0,80323.0,79244.0,79984.0,4860.27247,3.3074e-06,-0.0004735407,-0.0021481212206829,0.033074
2026-05-04 16:00:00+00:00,79985.0,80351.0,79572.0,79974.0,2987.48566,-7.4756e-06,-0.0005598044,-0.0001250328212784,-0.074756
2026-05-04 17:00:00+00:00,79974.0,80762.0,79974.0,80330.0,2524.83441,-8.6374e-06,-0.0005690995,0.0044415683357851,-0.0863739999999999
2026-05-04 18:00:00+00:00,80331.0,80394.0,79979.0,80063.0,1876.39964,-1.4091e-05,-0.0006127278,-0.0033293254272696,-0.14091
2026-05-04 19:00:00+00:00,80064.0,80092.0,79841.0,79998.0,932.75718,-1.55014e-05,-0.0006240114,-0.0008121903970751,-0.155014
2026-05-04 20:00:00+00:00,79998.0,80105.0,79832.0,79882.0,1259.20191,-9.1766e-06,-0.0005734125,-0.0014510885708617,-0.091766
2026-05-04 21:00:00+00:00,79881.0,80332.0,79881.0,80214.0,834.92153,-1.67224e-05,-0.0006337793,0.0041475174385258,-0.167224
2026-05-04 22:00:00+00:00,80214.0,80365.0,79996.0,80026.0,580.79287,-5.3649e-06,-0.0005429188,-0.0023464813562189,-0.053649
2026-05-04 23:00:00+00:00,80027.0,80027.0,79697.0,79803.0,608.06632,-6.8027e-06,-0.0005544214,-0.0027904841387321,-0.068027
2026-05-05 00:00:00+00:00,79803.0,80136.0,79754.0,80135.0,642.29793,-1.32818e-05,-0.0006062541,0.0041516147114493,-0.132818
2026-05-05 01:00:00+00:00,80135.0,80345.0,80038.0,80297.0,688.36863,-9.071e-06,-0.0005725678,0.0020195479089052,-0.09071
2026-05-05 02:00:00+00:00,80298.0,80880.0,80259.0,80500.0,2130.80932,-3.7253e-06,-0.0005298028,0.0025249240700738,-0.037253
2026-05-05 03:00:00+00:00,80500.0,81073.0,80411.0,80851.0,2608.18749,-3.9228e-06,-0.0005313826,0.004350770105905,-0.039228
2026-05-05 04:00:00+00:00,80850.0,80952.0,80678.0,80867.0,695.05905,-6.521e-07,-0.0005052165,0.0001978753144635,-0.006521
2026-05-05 05:00:00+00:00,80867.0,81294.0,80797.0,80933.0,1405.26725,1.7407e-06,-0.0004860748,0.0008158220477208,0.017407
2026-05-05 06:00:00+00:00,80934.0,80971.0,80750.0,80944.0,829.65552,2.5697e-06,-0.0004794427,0.0001359056569732,0.025697
2026-05-05 07:00:00+00:00,80942.0,81100.0,80796.0,80819.0,733.80801,-6.1987e-06,-0.0005495894,-0.0015454711507576,-0.0619869999999999
2026-05-05 08:00:00+00:00,80820.0,80870.0,80689.0,80776.0,1098.04877,7.4186e-06,-0.0004406515,-0.0005321946968026,0.074186
2026-05-05 09:00:00+00:00,80776.0,80778.0,80505.0,80550.0,664.8755,5.2941e-06,-0.0004576468,-0.0028017820790365,0.0529409999999999
2026-05-05 10:00:00+00:00,80550.0,80828.0,80504.0,80799.0,1127.98923,7.8924e-06,-0.0004368607,0.0030864795898563,0.078924
2026-05-05 11:00:00+00:00,80798.0,81073.0,80751.0,80983.0,999.36504,1.25e-05,-0.0003657294,0.0022746668892253,0.125
2026-05-05 12:00:00+00:00,80983.0,81297.0,80893.0,81249.0,1414.70072,1.25e-05,-0.0003682697,0.0032792573397337,0.125
2026-05-05 13:00:00+00:00,81248.0,81680.0,81146.0,81304.0,3303.4263,1.25e-05,-0.0003892674,0.0006767023936663,0.125
2026-05-05 14:00:00+00:00,81303.0,81457.0,80907.0,81285.0,1991.83337,1.25e-05,-0.0003750067,-0.0002337181492781,0.125
2026-05-05 15:00:00+00:00,81285.0,81659.0,81204.0,81486.0,973.03283,7.8288e-06,-0.0004373692,0.002469728663799,0.078288
2026-05-05 16:00:00+00:00,81486.0,81580.0,81008.0,81267.0,1868.19852,6.6353e-06,-0.0004469175,-0.0026911962566132,0.066353
2026-05-05 17:00:00+00:00,81267.0,81429.0,81191.0,81230.0,845.26503,-1.7766e-06,-0.0005142129,-0.0004553930305104,-0.017766
2026-05-05 18:00:00+00:00,81229.0,81572.0,81229.0,81473.0,961.0463,9.6091e-06,-0.0004231275,0.00298703995229,0.096091
2026-05-05 19:00:00+00:00,81474.0,81652.0,81363.0,81565.0,781.40664,9.2567e-06,-0.000425946,0.0011285713731133,0.092567
2026-05-05 20:00:00+00:00,81564.0,81767.0,81465.0,81611.0,1604.45979,5.2501e-06,-0.0004579995,0.0005638084181317,0.052501
2026-05-05 21:00:00+00:00,81611.0,81758.0,81267.0,81362.0,1480.15419,2.2706e-06,-0.0004818349,-0.0030557232640001,0.022706
2026-05-05 22:00:00+00:00,81362.0,81587.0,80750.0,81081.0,3327.0724,1.5171e-06,-0.0004878632,-0.0034596785368753,0.015171
2026-05-05 23:00:00+00:00,81081.0,81185.0,80749.0,80862.0,1843.97453,-3.4166e-06,-0.0005273329,-0.0027046569904451,-0.034166
2026-05-06 00:00:00+00:00,80863.0,81233.0,80711.0,80991.0,2168.77827,-2.1595e-06,-0.0005172762,0.0015940393729537,-0.021595
2026-05-06 01:00:00+00:00,80991.0,81485.0,80949.0,81400.0,1104.03881,5.4737e-06,-0.0004562101,0.0050372356204637,0.054737
2026-05-06 02:00:00+00:00,81399.0,81403.0,81010.0,81331.0,1111.61768,7.5586e-06,-0.0004395314,-0.0008480253195161,0.075586
2026-05-06 03:00:00+00:00,81332.0,81718.0,81323.0,81547.0,1114.42547,3.6771e-06,-0.0004705833,0.0026522934542893,0.036771
2026-05-06 04:00:00+00:00,81547.0,81607.0,81234.0,81294.0,683.15271,9.8715e-06,-0.0004210279,-0.0031073280509188,0.098715
2026-05-06 05:00:00+00:00,81294.0,81312.0,81030.0,81291.0,731.84277,6.6866e-06,-0.0004465068,-3.690377341503775e-05,0.066866
2026-05-06 06:00:00+00:00,81291.0,81498.0,81171.0,81453.0,1288.30257,6.2725e-06,-0.0004498203,0.0019908574633464,0.062725
2026-05-06 07:00:00+00:00,81454.0,81587.0,81279.0,81343.0,783.06441,1.25e-05,-0.0003202894,-0.0013513847605658,0.125
2026-05-06 08:00:00+00:00,81343.0,81972.0,81297.0,81900.0,1967.74279,1.25e-05,-0.000319534,0.0068242088373091,0.125
2026-05-06 09:00:00+00:00,81899.0,82047.0,81627.0,81961.0,3220.4442,1.25e-05,-0.0002601216,0.0007445335109372,0.125
2026-05-06 10:00:00+00:00,81962.0,82369.0,81928.0,82259.0,2317.43096,1.25e-05,-0.0003784224,0.0036292817817172,0.125
2026-05-06 11:00:00+00:00,82259.0,82799.0,82229.0,82479.0,2746.28241,1.25e-05,-0.0003919934,0.0026709093322186,0.125
2026-05-06 12:00:00+00:00,82480.0,82497.0,82139.0,82190.0,2001.29275,1.25e-05,-0.0003963346,-0.0035100753234883,0.125
2026-05-06 13:00:00+00:00,82190.0,82190.0,81568.0,81642.0,2876.58356,9.1057e-06,-0.000427154,-0.0066898047236322,0.091057
2026-05-06 14:00:00+00:00,81635.0,81977.0,81088.0,81495.0,3025.90611,1.25e-05,-0.0003969646,-0.0018021667651802,0.125
2026-05-06 15:00:00+00:00,81495.0,81799.0,81289.0,81680.0,1397.3809,1.25e-05,-0.0002946929,0.0022675051848139,0.125
2026-05-06 16:00:00+00:00,81679.0,81866.0,81398.0,81592.0,1362.86141,1.25e-05,-0.0003050042,-0.0010779559081931,0.125
2026-05-06 17:00:00+00:00,81592.0,81668.0,81351.0,81408.0,859.94132,1.25e-05,-0.0003669211,-0.0022576696706147,0.125
2026-05-06 18:00:00+00:00,81407.0,81518.0,81219.0,81310.0,589.67389,4.5611e-06,-0.0004635113,-0.0012045380578561,0.045611
2026-05-06 19:00:00+00:00,81309.0,81487.0,81144.0,81430.0,838.28071,4.7024e-06,-0.0004623809,0.0014747452592937,0.047024
2026-05-06 20:00:00+00:00,81430.0,81654.0,81257.0,81375.0,719.34568,8.9554e-06,-0.0004283571,-0.0006756549503065,0.089554
2026-05-06 21:00:00+00:00,81376.0,81586.0,81259.0,81505.0,361.80645,1.10661e-05,-0.0004114715,0.0015962675295197,0.110661
2026-05-06 22:00:00+00:00,81505.0,81510.0,81195.0,81304.0,564.52493,1.11553e-05,-0.0004107573,-0.0024691522227878,0.111553
2026-05-06 23:00:00+00:00,81304.0,81419.0,80888.0,81401.0,1504.76615,1.5736e-06,-0.0004874115,0.001192342109854,0.015736
2026-05-07 00:00:00+00:00,81402.0,81457.0,80935.0,80982.0,1189.41335,1.0824e-05,-0.0004134077,-0.0051606501901195,0.10824
2026-05-07 01:00:00+00:00,80982.0,81258.0,80797.0,81135.0,2060.31306,3.1512e-06,-0.0004747908,0.0018875262363,0.031512
2026-05-07 02:00:00+00:00,81135.0,81141.0,80850.0,81090.0,1152.49861,9.1257e-06,-0.0004269948,-0.000554785035034,0.0912569999999999
2026-05-07 03:00:00+00:00,81089.0,81090.0,80780.0,80798.0,803.09514,6.3751e-06,-0.0004489991,-0.0036074362110113,0.063751
2026-05-07 04:00:00+00:00,80797.0,80953.0,80700.0,80953.0,1471.76121,2.5518e-06,-0.0004795853,0.0019165266050147,0.025518
2026-05-07 05:00:00+00:00,80952.0,81139.0,80948.0,81056.0,782.39359,5.6172e-06,-0.0004550623,0.0012715344687954,0.056172
2026-05-07 06:00:00+00:00,81055.0,81386.0,80834.0,81385.0,823.06657,2.0828e-06,-0.0004833374,0.0040507070241968,0.020828
2026-05-07 07:00:00+00:00,81385.0,81675.0,81349.0,81480.0,1356.8172,7.0447e-06,-0.000443642,0.0011666105151436,0.070447
2026-05-07 08:00:00+00:00,81480.0,81553.0,81160.0,81184.0,775.95953,-9.9e-08,-0.0005007922,-0.0036394079417336,-0.00099
2026-05-07 09:00:00+00:00,81186.0,81187.0,80814.0,80890.0,1196.87375,-4.7868e-06,-0.0005382946,-0.0036279763870101,-0.0478679999999999
2026-05-07 10:00:00+00:00,80890.0,80950.0,80526.0,80820.0,1482.00495,-8.1379e-06,-0.0005651036,-0.0008657473795336,-0.081379
2026-05-07 11:00:00+00:00,80819.0,81000.0,80748.0,80826.0,715.35531,3.0121e-06,-0.000475903,7.423629415825958e-05,0.030121
2026-05-07 12:00:00+00:00,80825.0,81148.0,80804.0,81132.0,791.90239,4.6777e-06,-0.000462578,0.0037787619520552,0.046777
2026-05-07 13:00:00+00:00,81131.0,81132.0,80229.0,80474.0,1857.67336,1.05195e-05,-0.0004158436,-0.0081433070081981,0.105195
2026-05-07 14:00:00+00:00,80473.0,80657.0,80000.0,80137.0,2304.17586,4.9756e-06,-0.0004601955,-0.0041964808706756,0.049756
2026-05-07 15:00:00+00:00,80136.0,80233.0,79720.0,79868.0,3831.1282,9.5045e-06,-0.000423964,-0.0033623980930162,0.095045
2026-05-07 16:00:00+00:00,79868.0,80004.0,79674.0,79768.0,1756.06945,1.25e-05,-0.0003483509,-0.0012528503981594,0.125
2026-05-07 17:00:00+00:00,79769.0,80135.0,79500.0,80084.0,1787.38002,1.25e-05,-0.0003098643,0.0039536622829612,0.125
2026-05-07 18:00:00+00:00,80084.0,80257.0,79969.0,80178.0,1384.12145,1.25e-05,-0.0002107465,0.0011730792175257,0.125
2026-05-07 19:00:00+00:00,80178.0,80198.0,79919.0,80107.0,404.69767,1.25e-05,-0.0001920383,-0.0008859220094673,0.125
2026-05-07 20:00:00+00:00,80110.0,80343.0,79818.0,79843.0,1383.6492,1.25e-05,-0.0002994042,-0.0033010345699305,0.125
2026-05-07 21:00:00+00:00,79844.0,79912.0,79619.0,79692.0,1643.24702,1.19111e-05,-0.0004047111,-0.0018930021010038,0.119111
2026-05-07 22:00:00+00:00,79691.0,79971.0,79550.0,79900.0,1407.47585,1.25e-05,-0.00038722,0.0026066484256521,0.125
2026-05-07 23:00:00+00:00,79901.0,80058.0,79840.0,79992.0,516.19261,1.25e-05,-0.0003205962,0.0011507769013192,0.125
2026-05-08 00:00:00+00:00,79991.0,80100.0,79711.0,79805.0,613.99228,1.25e-05,-0.0002660307,-0.0023404705390265,0.125
2026-05-08 01:00:00+00:00,79806.0,79880.0,79575.0,79699.0,1356.72481,1.25e-05,-0.0003466129,-0.0013291204685101,0.125
2026-05-08 02:00:00+00:00,79699.0,79700.0,79296.0,79457.0,1595.78569,1.25e-05,-0.0003845564,-0.0030410438374958,0.125
2026-05-08 03:00:00+00:00,79457.0,79645.0,79176.0,79543.0,1005.30016,1.25e-05,-0.0003558069,0.0010817611117796,0.125
2026-05-08 04:00:00+00:00,79543.0,79706.0,79510.0,79625.0,743.50294,1.25e-05,-0.00032641,0.001030357952032,0.125
2026-05-08 05:00:00+00:00,79625.0,79752.0,79562.0,79581.0,445.31423,1.25e-05,-0.0003979022,-0.0005527430011463,0.125
2026-05-08 06:00:00+00:00,79580.0,79619.0,79376.0,79483.0,495.62677,1.25e-05,-0.0003624093,-0.0012322085751616,0.125
2026-05-08 07:00:00+00:00,79484.0,79712.0,79220.0,79669.0,1324.70615,1.25e-05,-0.0003648195,0.0023373892214047,0.125
2026-05-08 08:00:00+00:00,79670.0,79963.0,79649.0,79864.0,1073.89408,1.25e-05,-0.0003094141,0.0024446364967,0.125
2026-05-08 09:00:00+00:00,79865.0,80025.0,79757.0,79840.0,1172.98525,1.25e-05,-0.0002369731,-0.0003005560309155,0.125
2026-05-08 10:00:00+00:00,79841.0,80217.0,79754.0,80182.0,881.33032,1.25e-05,-0.0003469084,0.0042744187763373,0.125
2026-05-08 11:00:00+00:00,80182.0,80300.0,80093.0,80189.0,2210.90945,1.25e-05,-0.0003449766,8.729757879469695e-05,0.125
2026-05-08 12:00:00+00:00,80190.0,80485.0,79950.0,80003.0,1519.78416,1.7726e-06,-0.0004858191,-0.0023222143875665,0.017726
2026-05-08 13:00:00+00:00,80003.0,80066.0,79507.0,79613.0,1909.49684,5.338e-06,-0.0004572962,-0.0048867378722236,0.05338
2026-05-08 14:00:00+00:00,79614.0,80406.0,79613.0,80107.0,2517.19909,1.16814e-05,-0.0004065489,0.0061858449189609,0.116814
2026-05-08 15:00:00+00:00,80107.0,80168.0,79576.0,80093.0,1875.01219,1.25e-05,-0.0003921234,-0.000174781523541,0.125
2026-05-08 16:00:00+00:00,80094.0,80147.0,79700.0,79770.0,1365.49639,4.1508e-06,-0.0004667936,-0.0040409655709322,0.041508
2026-05-08 17:00:00+00:00,79771.0,80232.0,79693.0,80041.0,1581.89765,-1.6897e-06,-0.0005135174,0.0033915094675716,-0.016897
2026-05-08 18:00:00+00:00,80042.0,80276.0,80040.0,80041.0,862.71222,1.25e-05,-0.0003994215,0.0,0.125
2026-05-08 19:00:00+00:00,80041.0,80152.0,79912.0,80141.0,465.25338,1.17283e-05,-0.0004061733,0.0012485799027514,0.117283
2026-05-08 20:00:00+00:00,80141.0,80270.0,80043.0,80097.0,830.25854,1.23143e-05,-0.0004014853,-0.0005491831039563,0.123143
2026-05-08 21:00:00+00:00,80098.0,80236.0,80074.0,80231.0,471.14062,1.25e-05,-0.0003590253,0.0016715736640067,0.125
2026-05-08 22:00:00+00:00,80232.0,80382.0,80214.0,80245.0,1118.78507,1.08928e-05,-0.0004128579,0.0001744809197078,0.108928
2026-05-08 23:00:00+00:00,80245.0,80260.0,80066.0,80152.0,373.80073,1.25e-05,-0.0003711375,-0.0011596228161576,0.125
2026-05-09 00:00:00+00:00,80153.0,80210.0,80087.0,80203.0,264.36044,2.008e-06,-0.0004839363,0.0006360886996922,0.02008
2026-05-09 01:00:00+00:00,80204.0,80418.0,80200.0,80301.0,459.19753,7.4556e-06,-0.0004403553,0.0012211535186444,0.074556
2026-05-09 02:00:00+00:00,80300.0,80466.0,80300.0,80387.0,531.80249,1.25e-05,-0.0003561923,0.0010703973938466,0.125
2026-05-09 03:00:00+00:00,80387.0,80514.0,80280.0,80354.0,337.95562,1.25e-05,-0.0003048449,-0.000410598421854,0.125
2026-05-09 04:00:00+00:00,80354.0,80600.0,80333.0,80347.0,773.0718,1.25e-05,-0.00033026,-8.711831294674345e-05,0.125
2026-05-09 05:00:00+00:00,80347.0,80463.0,80320.0,80356.0,589.78381,1.25e-05,-0.0003898993,0.0001120078655582,0.125
2026-05-09 06:00:00+00:00,80355.0,80411.0,80160.0,80227.0,525.95758,1.25e-05,-0.0003020241,-0.0016066461300274,0.125
2026-05-09 07:00:00+00:00,80227.0,80265.0,80107.0,80187.0,378.04193,1.25e-05,-0.0003550557,-0.0004987095992749,0.125
2026-05-09 08:00:00+00:00,80187.0,80416.0,80179.0,80371.0,375.86316,7.6588e-06,-0.0004387295,0.0022920076302715,0.076588
2026-05-09 09:00:00+00:00,80370.0,80375.0,80168.0,80193.0,338.92547,1.25e-05,-0.0003981578,-0.0022171853331921,0.125
2026-05-09 10:00:00+00:00,80192.0,80298.0,80128.0,80222.0,499.54264,4.5403e-06,-0.0004636776,0.0003615622019876,0.045403
2026-05-09 11:00:00+00:00,80222.0,80328.0,80213.0,80310.0,352.103,-3.576e-06,-0.0005286078,0.0010963547307032,-0.03576
2026-05-09 12:00:00+00:00,80310.0,80391.0,80223.0,80368.0,549.72437,-4.6747e-06,-0.0005373977,0.000721940807318,-0.046747
2026-05-09 13:00:00+00:00,80368.0,80379.0,80272.0,80352.0,202.58212,-5.512e-06,-0.0005440961,-0.0001991040325143,-0.05512
2026-05-09 14:00:00+00:00,80352.0,80389.0,80203.0,80299.0,911.09106,-5.498e-07,-0.0005043981,-0.000659815400126,-0.005498
2026-05-09 15:00:00+00:00,80299.0,80566.0,80193.0,80480.0,1396.38131,1.3741e-06,-0.0004890068,0.0022515387763806,0.013741
2026-05-09 16:00:00+00:00,80480.0,80732.0,80448.0,80576.0,1080.33399,1.6485e-06,-0.0004868121,0.0011921320704529,0.016485
2026-05-09 17:00:00+00:00,80576.0,80879.0,80576.0,80757.0,812.67716,-7.3878e-06,-0.0005591028,0.002243807230258,-0.073878
2026-05-09 18:00:00+00:00,80757.0,81038.0,80734.0,80859.0,725.87499,-5.9184e-06,-0.0005473475,0.0012622514298444,-0.059184
2026-05-09 19:00:00+00:00,80859.0,80921.0,80732.0,80895.0,396.97718,-6.6263e-06,-0.0005530105,0.0004451203753155,-0.066263
2026-05-09 20:00:00+00:00,80894.0,80897.0,80689.0,80755.0,223.05969,-2.3483e-06,-0.0005187864,-0.0017321377668235,-0.023483
2026-05-09 21:00:00+00:00,80755.0,80860.0,80700.0,80728.0,217.74366,-5.6011e-06,-0.0005448091,-0.0003344005282487,-0.056011
2026-05-09 22:00:00+00:00,80727.0,80784.0,80616.0,80727.0,271.13129,-3.1322e-06,-0.0005250573,-1.238735251327195e-05,-0.0313219999999999
2026-05-09 23:00:00+00:00,80727.0,80801.0,80577.0,80620.0,378.17019,-8.5359e-06,-0.0005682869,-0.0013263341206946,-0.085359
2026-05-10 00:00:00+00:00,80619.0,80734.0,80580.0,80631.0,473.71024,-2.8119e-06,-0.0005224948,0.0001364332626409,-0.028119
2026-05-10 01:00:00+00:00,80630.0,80655.0,80519.0,80653.0,434.93906,9.8312e-06,-0.0004213506,0.0002728106958711,0.098312
2026-05-10 02:00:00+00:00,80653.0,80754.0,80570.0,80744.0,244.61035,6.7765e-06,-0.0004457881,0.0011276542890264,0.067765
2026-05-10 03:00:00+00:00,80745.0,80855.0,80683.0,80742.0,211.97424,1.25e-05,-0.0003984046,-2.476994909899509e-05,0.125
2026-05-10 04:00:00+00:00,80742.0,80804.0,80700.0,80724.0,142.79838,1.25e-05,-0.0003886849,-0.0002229571559903,0.125
2026-05-10 05:00:00+00:00,80724.0,80779.0,80635.0,80656.0,256.84011,1.07694e-05,-0.0004138447,-0.0008427314911939,0.107694
2026-05-10 06:00:00+00:00,80657.0,80720.0,80604.0,80696.0,256.01858,8.2464e-06,-0.0004340286,0.0004958104122591,0.082464
2026-05-10 07:00:00+00:00,80696.0,80766.0,80686.0,80700.0,83.92893,3.2515e-06,-0.0004739881,4.956752336892418e-05,0.032515
2026-05-10 08:00:00+00:00,80701.0,80887.0,80681.0,80811.0,840.80212,7.6449e-06,-0.0004388409,0.0013745195989879,0.076449
2026-05-10 09:00:00+00:00,80812.0,80889.0,80720.0,80770.0,174.41301,1.25e-05,-0.0003470788,-0.000507485420686,0.125
2026-05-10 10:00:00+00:00,80770.0,80864.0,80682.0,80862.0,290.93759,1.25e-05,-0.0003226266,0.0011383885608722,0.125
2026-05-10 11:00:00+00:00,80863.0,80949.0,80718.0,80799.0,217.11646,1.25e-05,-0.0002965111,-0.0007794088022374,0.125
2026-05-10 12:00:00+00:00,80799.0,80931.0,80766.0,80907.0,214.02995,1.25e-05,-0.000262337,0.0013357576844179,0.125
2026-05-10 13:00:00+00:00,80907.0,80986.0,80837.0,80946.0,250.81815,1.25e-05,-0.000274964,0.0004819187874774,0.125
2026-05-10 14:00:00+00:00,80946.0,80972.0,80788.0,80952.0,465.95505,1.25e-05,-0.0002873779,7.41207427237809e-05,0.125
2026-05-10 15:00:00+00:00,80952.0,81400.0,80897.0,81375.0,2801.44807,1.25e-05,-0.0003333877,0.0052117141012744,0.125
2026-05-10 16:00:00+00:00,81376.0,81463.0,81149.0,81335.0,1092.50175,7.143e-06,-0.0004428562,-0.0004916723103165,0.07143
2026-05-10 17:00:00+00:00,81335.0,81567.0,81180.0,81421.0,903.20113,-4.3195e-06,-0.0005345559,0.0010567967755889,-0.043195
2026-05-10 18:00:00+00:00,81421.0,81454.0,81180.0,81215.0,895.85001,-2.526e-07,-0.0005020209,-0.0025332658226464,-0.002526
2026-05-10 19:00:00+00:00,81215.0,81440.0,81082.0,81381.0,624.10327,-1.44456e-05,-0.0006155651,0.0020418713581448,-0.144456
2026-05-10 20:00:00+00:00,81381.0,81415.0,80203.0,80696.0,3383.91308,-7.8364e-06,-0.0005626912,-0.0084528227769697,-0.078364
2026-05-10 21:00:00+00:00,80696.0,80912.0,80521.0,80675.0,793.19743,-9.8017e-06,-0.0005784137,-0.0002602698145087,-0.0980169999999999
2026-05-10 22:00:00+00:00,80674.0,82140.0,80619.0,82000.0,3233.47163,-7.4146e-06,-0.0005593166,0.0162905093262276,-0.074146
2026-05-10 23:00:00+00:00,82000.0,82436.0,82000.0,82164.0,1938.68561,-7.0402e-06,-0.0005563212,0.001998002662673,-0.070402
2026-05-11 00:00:00+00:00,82165.0,82344.0,81250.0,81441.0,1993.40619,-1.05134e-05,-0.0005841069,-0.0088384182217105,-0.105134
2026-05-11 01:00:00+00:00,81442.0,81711.0,81250.0,81465.0,1286.7684,-3.1931e-06,-0.0005255451,0.0002946484497026,-0.031931
2026-05-11 02:00:00+00:00,81464.0,81530.0,81079.0,81146.0,959.75423,1.23147e-05,-0.0004014827,-0.0039234788447938,0.1231469999999999
2026-05-11 03:00:00+00:00,81145.0,81158.0,80491.0,80720.0,1886.30997,1.14273e-05,-0.0004085815,-0.0052636252647709,0.114273
2026-05-11 04:00:00+00:00,80719.0,80854.0,80621.0,80797.0,601.42179,1.25e-05,-0.0003629552,0.000953460079537,0.125
2026-05-11 05:00:00+00:00,80797.0,80957.0,80732.0,80814.0,414.73938,1.25e-05,-0.0002197618,0.0002103817198421,0.125
2026-05-11 06:00:00+00:00,80814.0,81032.0,80733.0,80798.0,488.31426,1.25e-05,-0.0002592487,-0.0001980050992782,0.125
2026-05-11 07:00:00+00:00,80798.0,80824.0,80656.0,80715.0,590.90592,1.25e-05,-0.0002742886,-0.0010277811359619,0.125
2026-05-11 08:00:00+00:00,80715.0,80845.0,80592.0,80744.0,511.40026,1.25e-05,-0.0003007206,0.0003592243270656,0.125
2026-05-11 09:00:00+00:00,80742.0,80989.0,80730.0,80936.0,358.35108,1.25e-05,-0.0003166211,0.0023750629670308,0.125
2026-05-11 10:00:00+00:00,80935.0,81185.0,80909.0,80909.0,1285.24694,1.25e-05,-0.0002749029,-0.0003336525719111,0.125
2026-05-11 11:00:00+00:00,80910.0,81164.0,80871.0,81162.0,876.50738,1.25e-05,-0.0003413522,0.0031220910034336,0.125
2026-05-11 12:00:00+00:00,81164.0,81327.0,81000.0,81011.0,1378.8576,1.25e-05,-0.0003498355,-0.0018622094138578,0.125
2026-05-11 13:00:00+00:00,81012.0,81295.0,80710.0,81034.0,1641.73535,1.09212e-05,-0.0004126308,0.0002838717659223,0.109212
2026-05-11 14:00:00+00:00,81034.0,81216.0,80401.0,80917.0,2377.16068,5.3955e-06,-0.0004568362,-0.0014448817278672,0.053955
2026-05-11 15:00:00+00:00,80917.0,81414.0,80788.0,81405.0,1701.97234,3.5367e-06,-0.0004717064,0.0060127582241685,0.035367
2026-05-11 16:00:00+00:00,81405.0,81857.0,81311.0,81535.0,1901.58807,1.4768e-06,-0.0004881855,0.0015956797297626,0.014768
2026-05-11 17:00:00+00:00,81536.0,81999.0,81311.0,81894.0,1986.02077,-7.9383e-06,-0.0005635066,0.0043933521888728,-0.079383
2026-05-11 18:00:00+00:00,81894.0,82087.0,81788.0,81811.0,1651.91916,-6.8107e-06,-0.0005544852,-0.0010140192066455,-0.068107
2026-05-11 19:00:00+00:00,81811.0,82053.0,81691.0,81906.0,877.76299,-1.71154e-05,-0.0006369234,0.0011605393534279,-0.171154
2026-05-11 20:00:00+00:00,81907.0,82039.0,81706.0,81775.0,1034.15297,-1.13319e-05,-0.0005906555,-0.0016006748244481,-0.113319
2026-05-11 21:00:00+00:00,81776.0,81855.0,81550.0,81772.0,898.47325,-1.01097e-05,-0.0005808774,-3.66867016862202e-05,-0.101097
2026-05-11 22:00:00+00:00,81772.0,81927.0,81684.0,81794.0,540.64884,-3.9111e-06,-0.0005312885,0.0002690045624722,-0.039111
2026-05-11 23:00:00+00:00,81795.0,81795.0,81577.0,81703.0,487.14862,2.547e-07,-0.000497962,-0.001113170387186,0.002547
2026-05-12 00:00:00+00:00,81704.0,81747.0,81436.0,81506.0,699.90276,3.67e-07,-0.0004970641,-0.0024140837291208,0.00367
2026-05-12 01:00:00+00:00,81506.0,81577.0,80700.0,81173.0,2414.81392,-5.59e-07,-0.0005044717,-0.0040939576110431,-0.0055899999999999
2026-05-12 02:00:00+00:00,81173.0,81301.0,81043.0,81216.0,988.98954,8.4883e-06,-0.0004320937,0.0005295925340386,0.084883
2026-05-12 03:00:00+00:00,81217.0,81267.0,81000.0,81025.0,284.75483,1.25e-05,-0.0003996059,-0.0023545230643113,0.125
2026-05-12 04:00:00+00:00,81026.0,81295.0,80974.0,81190.0,718.3507,5.8877e-06,-0.0004528986,0.002034337846744,0.058877
2026-05-12 05:00:00+00:00,81191.0,81282.0,81159.0,81194.0,268.34186,1.25e-05,-0.0003135807,4.9265937540733494e-05,0.125
2026-05-12 06:00:00+00:00,81194.0,81278.0,80983.0,80991.0,295.69276,1.25e-05,-0.0003300447,-0.0025033154238649,0.125
2026-05-12 07:00:00+00:00,80991.0,81105.0,80795.0,80843.0,568.64984,1.25e-05,-0.0003507178,-0.0018290351997671,0.125
2026-05-12 08:00:00+00:00,80843.0,80927.0,80728.0,80812.0,559.91854,1.25e-05,-0.0003846657,-0.0003835328369676,0.125
2026-05-12 09:00:00+00:00,80812.0,80930.0,80676.0,80806.0,811.33064,1.25e-05,-0.0003680409,-7.424915544994868e-05,0.125
2026-05-12 10:00:00+00:00,80806.0,80807.0,80592.0,80628.0,498.71953,9.3534e-06,-0.0004251728,-0.0022052364698329,0.0935339999999999
2026-05-12 11:00:00+00:00,80628.0,80750.0,80475.0,80750.0,734.21046,9.6926e-06,-0.0004224588,0.0015119783767525,0.096926
2026-05-12 12:00:00+00:00,80750.0,80975.0,80578.0,80854.0,1517.62088,1.13842e-05,-0.0004089266,0.001287097031724,0.113842
2026-05-12 13:00:00+00:00,80855.0,80893.0,80363.0,80422.0,1151.66935,1.25e-05,-0.0003779175,-0.0053572885391374,0.125
2026-05-12 14:00:00+00:00,80422.0,80847.0,80355.0,80510.0,2475.02439,1.25e-05,-0.0003703888,0.0010936297165368,0.125
2026-05-12 15:00:00+00:00,80511.0,80642.0,80153.0,80301.0,2195.7466,7.3834e-06,-0.0004409328,-0.0025993261365905,0.073834
2026-05-12 16:00:00+00:00,80301.0,80402.0,79804.0,79967.0,1654.73668,7.724e-06,-0.0004382078,-0.0041680246029459,0.0772399999999999
2026-05-12 17:00:00+00:00,79967.0,80547.0,79920.0,80482.0,1282.18183,1.19116e-05,-0.0004047069,0.0064195073649299,0.119116
2026-05-12 18:00:00+00:00,80482.0,80732.0,80399.0,80637.0,1117.17298,7.9866e-06,-0.0004361074,0.0019240443127974,0.079866
2026-05-12 19:00:00+00:00,80638.0,80830.0,80637.0,80802.0,577.47453,8.7734e-06,-0.0004298128,0.0020441164458794,0.0877339999999999
2026-05-12 20:00:00+00:00,80802.0,80843.0,80591.0,80654.0,727.83938,7.7228e-06,-0.0004382179,-0.0018333173304551,0.077228
2026-05-12 21:00:00+00:00,80653.0,80701.0,80454.0,80543.0,499.07663,3.7511e-06,-0.0004699912,-0.0013771970637693,0.037511
2026-05-12 22:00:00+00:00,80543.0,80759.0,80543.0,80607.0,341.75446,5.701e-06,-0.0004543924,0.0007942910749585,0.05701
2026-05-12 23:00:00+00:00,80608.0,80678.0,80389.0,80459.0,230.22851,6.0822e-06,-0.0004513421,-0.0018377564682051,0.060822
2026-05-13 00:00:00+00:00,80459.0,80731.0,80372.0,80673.0,402.27166,1.901e-06,-0.000484792,0.0026562088948452,0.01901
2026-05-13 01:00:00+00:00,80674.0,81158.0,80640.0,80957.0,867.79665,3.8092e-06,-0.0004695262,0.003514202713287,0.038092
2026-05-13 02:00:00+00:00,80957.0,81235.0,80889.0,81017.0,443.91504,3.7046e-06,-0.000470363,0.0007408596780269,0.037046
2026-05-13 03:00:00+00:00,81018.0,81268.0,80946.0,81222.0,797.60768,4.097e-06,-0.0004672239,0.002527137237056,0.04097
2026-05-13 04:00:00+00:00,81222.0,81254.0,81095.0,81203.0,376.94427,1.25e-05,-0.000395719,-0.0002339541337436,0.125
2026-05-13 05:00:00+00:00,81203.0,81221.0,80961.0,80979.0,293.16211,1.25e-05,-0.0003652117,-0.0027623304982725,0.125
2026-05-13 06:00:00+00:00,80980.0,81122.0,80921.0,80939.0,505.60519,1.25e-05,-0.0003965941,-0.0004940772590287,0.125
2026-05-13 07:00:00+00:00,80940.0,81005.0,80849.0,80988.0,321.37375,2.6995e-06,-0.0004784036,0.0006052110086106,0.026995
2026-05-13 08:00:00+00:00,80987.0,81182.0,80912.0,81159.0,404.27469,2.7501e-06,-0.0004779994,0.002109197991874,0.027501
2026-05-13 09:00:00+00:00,81160.0,81271.0,81083.0,81256.0,471.53287,1.05647e-05,-0.0004154823,0.0011944710960562,0.105647
2026-05-13 10:00:00+00:00,81257.0,81264.0,80758.0,80767.0,1029.36365,1.08062e-05,-0.0004135502,-0.0060361983761997,0.108062
2026-05-13 11:00:00+00:00,80767.0,80796.0,80433.0,80459.0,1292.76677,2.3807e-06,-0.0004809545,-0.0038207283525115,0.023807
2026-05-13 12:00:00+00:00,80459.0,80554.0,79810.0,80165.0,2280.79061,-5.9884e-06,-0.0005479075,-0.0036607272676881,-0.059884
2026-05-13 13:00:00+00:00,80166.0,80299.0,79529.0,79620.0,2484.17334,-5.6247e-06,-0.0005449977,-0.0068216930686294,-0.056247
2026-05-13 14:00:00+00:00,79621.0,79875.0,79450.0,79725.0,1946.67129,-2.9943e-06,-0.000523954,0.0013178953239502,-0.0299429999999999
2026-05-13 15:00:00+00:00,79725.0,79826.0,78800.0,78801.0,3543.02024,1.05952e-05,-0.0004152386,-0.0116575257574797,0.105952
2026-05-13 16:00:00+00:00,78800.0,79204.0,78735.0,79086.0,2316.06289,1.01684e-05,-0.000418653,0.0036101808197421,0.101684
2026-05-13 17:00:00+00:00,79086.0,79547.0,79081.0,79494.0,1822.2787,1.25e-05,-0.0002573455,0.0051456791556575,0.125
2026-05-13 18:00:00+00:00,79494.0,79780.0,79494.0,79571.0,912.56,1.25e-05,-0.0002554482,0.0009681577470158,0.125
2026-05-13 19:00:00+00:00,79571.0,79618.0,79357.0,79611.0,893.50117,1.25e-05,-0.000326661,0.0005025693965639,0.125
2026-05-13 20:00:00+00:00,79612.0,79731.0,79588.0,79670.0,390.03622,1.25e-05,-0.0003903477,0.0007408291346539,0.125
2026-05-13 21:00:00+00:00,79670.0,79676.0,79307.0,79363.0,688.22625,1.25e-05,-0.0003950381,-0.0038608387107958,0.125
2026-05-13 22:00:00+00:00,79363.0,79440.0,79191.0,79392.0,582.94122,7.45e-07,-0.0004940398,0.0003653428279118,0.00745
2026-05-13 23:00:00+00:00,79392.0,79468.0,79193.0,79283.0,400.33643,9.6563e-06,-0.0004227494,-0.0013738776385082,0.096563
2026-05-14 00:00:00+00:00,79283.0,79652.0,79282.0,79537.0,502.70138,8.6851e-06,-0.0004305195,0.0031985923253491,0.086851
2026-05-14 01:00:00+00:00,79537.0,79656.0,79376.0,79569.0,349.57657,1.11347e-05,-0.0004109222,0.0004022475636554,0.111347
2026-05-14 02:00:00+00:00,79569.0,79633.0,79173.0,79330.0,630.83642,6.977e-06,-0.0004441844,-0.0030082024459751,0.06977
2026-05-14 03:00:00+00:00,79329.0,79424.0,78880.0,79000.0,1312.40271,1.25e-05,-0.0003946325,-0.00416851484689,0.125
2026-05-14 04:00:00+00:00,79000.0,79435.0,78931.0,79405.0,509.33928,-1.9439e-06,-0.0005155515,0.0051134860955883,-0.019439
2026-05-14 05:00:00+00:00,79405.0,79959.0,79333.0,79776.0,845.89157,3.8674e-06,-0.0004690609,0.0046613687785373,0.0386739999999999
2026-05-14 06:00:00+00:00,79776.0,79908.0,79717.0,79765.0,547.4299,5.1534e-06,-0.0004587726,-0.0001378955881864,0.0515339999999999
2026-05-14 07:00:00+00:00,79764.0,79904.0,79652.0,79702.0,563.28738,1.6045e-06,-0.0004871639,-0.0007901321687574,0.016045
2026-05-14 08:00:00+00:00,79701.0,79900.0,79594.0,79781.0,345.8476,-3.1763e-06,-0.0005254105,0.0009907012842932,-0.031763
2026-05-14 09:00:00+00:00,79780.0,79867.0,79541.0,79600.0,519.42738,4.484e-07,-0.0004964125,-0.0022712880181593,0.004484
2026-05-14 10:00:00+00:00,79600.0,79734.0,79360.0,79529.0,1617.36308,6.1818e-06,-0.0004505454,-0.0008923578318402,0.061818
2026-05-14 11:00:00+00:00,79529.0,79562.0,79176.0,79208.0,1129.08255,1.67e-06,-0.0004866402,-0.0040444311982835,0.0167
2026-05-14 12:00:00+00:00,79207.0,79750.0,79200.0,79732.0,1273.25996,-1.32295e-05,-0.0006058361,0.0065937070403056,-0.132295
2026-05-14 13:00:00+00:00,79732.0,80022.0,79644.0,79672.0,2208.46559,2.7875e-06,-0.0004777002,-0.0007528042311807,0.027875
2026-05-14 14:00:00+00:00,79673.0,80995.0,79520.0,80933.0,5297.54095,5.5032e-06,-0.0004559741,0.0157034452632685,0.055032
2026-05-14 15:00:00+00:00,80933.0,81297.0,80769.0,81264.0,2335.31178,1.25e-05,-0.000349678,0.0040814621662822,0.125
2026-05-14 16:00:00+00:00,81264.0,81850.0,81026.0,81838.0,5882.78042,9.097e-07,-0.0004927226,0.0070385693582071,0.009097
2026-05-14 17:00:00+00:00,81839.0,81992.0,81225.0,81616.0,4497.17693,-1.07705e-05,-0.0005861639,-0.0027163622365255,-0.107705
2026-05-14 18:00:00+00:00,81617.0,81899.0,81387.0,81535.0,1244.21998,-1.30133e-05,-0.0006041061,-0.0009929452673302,-0.130133
2026-05-14 19:00:00+00:00,81535.0,81662.0,81272.0,81368.0,1027.86397,-1.04595e-05,-0.0005836759,-0.0020503005899454,-0.104595
2026-05-14 20:00:00+00:00,81369.0,81538.0,81107.0,81360.0,1561.16132,-1.76938e-05,-0.00064155,-9.832358299054988e-05,-0.176938
2026-05-14 21:00:00+00:00,81360.0,81471.0,81211.0,81354.0,666.3381,-1.71239e-05,-0.0006369911,-7.374903207743446e-05,-0.171239
2026-05-14 22:00:00+00:00,81353.0,81515.0,81284.0,81408.0,654.17096,-8.724e-06,-0.0005697917,0.000663545569375,-0.08724
2026-05-14 23:00:00+00:00,81408.0,81408.0,81015.0,81044.0,869.50617,-2.223e-06,-0.0005177842,-0.0044813312136974,-0.02223
2026-05-15 00:00:00+00:00,81044.0,81623.0,81026.0,81475.0,1043.53824,-1.16656e-05,-0.0005933245,0.0053040076597203,-0.116656
2026-05-15 01:00:00+00:00,81473.0,81578.0,81067.0,81088.0,845.11588,-1.7085e-06,-0.0005136682,-0.0047612400249513,-0.017085
2026-05-15 02:00:00+00:00,81088.0,81323.0,80709.0,81260.0,1770.51086,1.6748e-06,-0.0004866018,0.0021189058609068,0.016748
2026-05-15 03:00:00+00:00,81260.0,81312.0,80886.0,81015.0,547.85736,9.13e-07,-0.0004926963,-0.0030195678466165,0.00913
2026-05-15 04:00:00+00:00,81016.0,81064.0,80661.0,80681.0,448.30535,3.6117e-06,-0.0004711065,-0.0041312150582529,0.036117
2026-05-15 05:00:00+00:00,80682.0,80846.0,80279.0,80324.0,1235.95914,-3.0418e-06,-0.0005243342,-0.0044346521544978,-0.0304179999999999
2026-05-15 06:00:00+00:00,80324.0,80595.0,80274.0,80543.0,1161.8811,4.868e-06,-0.0004610563,0.0027227478015221,0.04868
2026-05-15 07:00:00+00:00,80542.0,80973.0,80530.0,80782.0,908.0715,5.1995e-06,-0.0004584038,0.002962965130657,0.051995
2026-05-15 08:00:00+00:00,80783.0,80793.0,80363.0,80603.0,918.0097,6.0314e-06,-0.0004517487,-0.0022182987688157,0.060314
2026-05-15 09:00:00+00:00,80603.0,80637.0,80319.0,80441.0,599.41315,1.9684e-06,-0.0004842524,-0.0020118732103406,0.019684
2026-05-15 10:00:00+00:00,80442.0,80741.0,80362.0,80674.0,573.5384,-1.5214e-06,-0.0005121715,0.0028923459942688,-0.015214
2026-05-15 11:00:00+00:00,80674.0,80722.0,80551.0,80591.0,362.49512,1.1098e-06,-0.000491122,-0.0010293617006641,0.011098
2026-05-15 12:00:00+00:00,80590.0,80598.0,80291.0,80329.0,1174.50415,5.9182e-06,-0.0004526542,-0.0032562792879261,0.059182
2026-05-15 13:00:00+00:00,80329.0,80329.0,78648.0,78715.0,6350.03674,-4.4227e-06,-0.0005353817,-0.0202969669923222,-0.044227
2026-05-15 14:00:00+00:00,78715.0,79300.0,78608.0,79127.0,4720.004,-4.626e-06,-0.0005370081,0.0052204221395991,-0.04626
2026-05-15 15:00:00+00:00,79127.0,79338.0,79000.0,79118.0,1121.34811,1.09929e-05,-0.0004120571,-0.0001137476698751,0.109929
2026-05-15 16:00:00+00:00,79119.0,79348.0,79097.0,79262.0,829.14955,1.2419e-05,-0.0004006477,0.0018184119166492,0.12419
2026-05-15 17:00:00+00:00,79262.0,79464.0,79187.0,79430.0,749.77572,1.03105e-05,-0.0004175157,0.0021173097920753,0.103105
2026-05-15 18:00:00+00:00,79429.0,79518.0,79131.0,79247.0,942.02779,3.6121e-06,-0.0004711036,-0.002306573493755,0.036121
2026-05-15 19:00:00+00:00,79247.0,79249.0,79021.0,79100.0,719.6792,8.2589e-06,-0.0004339292,-0.0018566823776774,0.082589
2026-05-15 20:00:00+00:00,79100.0,79174.0,78949.0,79074.0,1180.8943,1.8629e-06,-0.0004850969,-0.000328751883801,0.018629
2026-05-15 21:00:00+00:00,79073.0,79153.0,78824.0,78921.0,606.44839,-3.4619e-06,-0.0005276949,-0.0019367707563692,-0.034619
2026-05-15 22:00:00+00:00,78921.0,79107.0,78921.0,79068.0,323.12764,-1.37826e-05,-0.0006102606,0.0018608895862452,-0.137826
2026-05-15 23:00:00+00:00,79067.0,79108.0,79033.0,79063.0,504.7548,-1.16883e-05,-0.0005935061,-6.323870716896937e-05,-0.116883
2026-05-16 00:00:00+00:00,79062.0,79177.0,79025.0,79053.0,407.30517,-7.8744e-06,-0.0005629949,-0.0001264894130048,-0.078744
2026-05-16 01:00:00+00:00,79053.0,79141.0,78955.0,79122.0,476.5564,-4.9133e-06,-0.0005393061,0.0008724514541075,-0.049133
2026-05-16 02:00:00+00:00,79122.0,79169.0,79019.0,79109.0,409.3673,-9.8897e-06,-0.0005791177,-0.0001643167271805,-0.098897
2026-05-16 03:00:00+00:00,79110.0,79147.0,79009.0,79048.0,507.06967,-8.912e-06,-0.0005712963,-0.0007713854337748,-0.08912
2026-05-16 04:00:00+00:00,79048.0,79076.0,78806.0,78990.0,1002.99628,-6.7341e-06,-0.0005538727,-0.0007340007163339,-0.067341
2026-05-16 05:00:00+00:00,78990.0,78992.0,78871.0,78984.0,345.47709,-9.381e-06,-0.0005750477,-7.596186717920796e-05,-0.09381
2026-05-16 06:00:00+00:00,78984.0,79000.0,78359.0,78583.0,1839.88842,-6.7382e-06,-0.0005539058,-0.0050899092542359,-0.067382
2026-05-16 07:00:00+00:00,78583.0,78583.0,78000.0,78331.0,2868.99668,-1.33929e-05,-0.0006071432,-0.0032119532565543,-0.133929
2026-05-16 08:00:00+00:00,78332.0,78487.0,78282.0,78376.0,677.83256,-2.16245e-05,-0.0006729957,0.0005743202439829,-0.216245
2026-05-16 09:00:00+00:00,78376.0,78393.0,77852.0,78043.0,2049.77956,-2.06877e-05,-0.0006655016,-0.0042578012015934,-0.2068769999999999
2026-05-16 10:00:00+00:00,78044.0,78055.0,77600.0,77915.0,2033.84035,-2.43061e-05,-0.0006944485,-0.0016414679431699,-0.243061
2026-05-16 11:00:00+00:00,77915.0,78132.0,77915.0,78034.0,845.70845,-2.28456e-05,-0.000682765,0.0015261402522228,-0.228456
2026-05-16 12:00:00+00:00,78035.0,78071.0,77873.0,77967.0,625.2347,-1.95953e-05,-0.0006567627,-0.000858968905578,-0.195953
2026-05-16 13:00:00+00:00,77966.0,77972.0,77795.0,77972.0,661.82186,-1.3076e-05,-0.0006046082,6.412763967593653e-05,-0.13076
2026-05-16 14:00:00+00:00,77971.0,78297.0,77851.0,78096.0,1885.6381,-9.6171e-06,-0.0005769368,0.001589051260893,-0.0961709999999999
2026-05-16 15:00:00+00:00,78096.0,78258.0,78044.0,78198.0,454.21725,-1.3189e-06,-0.0005105513,0.0013052326318461,-0.013189
2026-05-16 16:00:00+00:00,78198.0,78336.0,78093.0,78159.0,1178.71566,2.1944e-06,-0.0004824444,-0.0004988583921256,0.021944
2026-05-16 17:00:00+00:00,78159.0,78282.0,78159.0,78175.0,283.51232,4.4934e-06,-0.0004640528,0.0002046899593928,0.044934
2026-05-16 18:00:00+00:00,78176.0,78294.0,78112.0,78198.0,411.7755,2.1793e-06,-0.0004825658,0.0002941684327326,0.021793
2026-05-16 19:00:00+00:00,78199.0,78270.0,78166.0,78226.0,187.76811,1.9731e-06,-0.000484215,0.0003580013335428,0.019731
2026-05-16 20:00:00+00:00,78226.0,78265.0,78166.0,78216.0,289.74462,5.9049e-06,-0.0004527606,-0.0001278429068104,0.059049
2026-05-16 21:00:00+00:00,78216.0,78264.0,78180.0,78223.0,211.06983,3.817e-07,-0.0004969466,8.949175083792569e-05,0.0038169999999999
2026-05-16 22:00:00+00:00,78222.0,78244.0,78138.0,78151.0,161.98405,4.8083e-06,-0.0004615333,-0.000920869263279,0.048083
2026-05-16 23:00:00+00:00,78150.0,78240.0,78079.0,78104.0,423.05868,5.147e-06,-0.0004588239,-0.0006015807675586,0.05147
2026-05-17 00:00:00+00:00,78104.0,78200.0,77751.0,77903.0,904.26921,-2.4795e-06,-0.0005198358,-0.002576808876769,-0.024795
2026-05-17 01:00:00+00:00,77903.0,78064.0,77676.0,77697.0,1185.49236,-5.01e-07,-0.0005040081,-0.0026478164569964,-0.00501
2026-05-17 02:00:00+00:00,77697.0,77906.0,77690.0,77857.0,663.10568,-1.79e-08,-0.0005001433,0.002057164154257,-0.000179
2026-05-17 03:00:00+00:00,77857.0,78045.0,77843.0,77989.0,415.99906,1.3011e-06,-0.0004895913,0.0016939803596532,0.013011
2026-05-17 04:00:00+00:00,77988.0,78169.0,77962.0,78120.0,571.9456,1.6434e-06,-0.0004868525,0.0016783149049627,0.016434
2026-05-17 05:00:00+00:00,78120.0,78264.0,78072.0,78082.0,453.9689,2.7262e-06,-0.0004781904,-0.0004865494775949,0.0272619999999999
2026-05-17 06:00:00+00:00,78083.0,78167.0,77971.0,78064.0,610.34341,6.9489e-06,-0.0004444088,-0.0002305534574018,0.069489
2026-05-17 07:00:00+00:00,78064.0,78164.0,78024.0,78138.0,329.3929,-5.5421e-06,-0.0005443368,0.0009474911401397,-0.055421
2026-05-17 08:00:00+00:00,78138.0,78158.0,77983.0,78050.0,298.28586,1.4527e-06,-0.0004883782,-0.0011268472521801,0.014527
2026-05-17 09:00:00+00:00,78050.0,78266.0,78041.0,78211.0,294.93415,-7.9861e-06,-0.000563889,0.002060655659073,-0.079861
2026-05-17 10:00:00+00:00,78211.0,78562.0,78210.0,78428.0,1080.96118,1.874e-06,-0.0004850082,0.0027707038326613,0.01874
2026-05-17 11:00:00+00:00,78428.0,78440.0,78256.0,78369.0,744.08752,3.135e-06,-0.0004749203,-0.0007525654544994,0.03135
2026-05-17 12:00:00+00:00,78370.0,78519.0,78297.0,78324.0,606.48796,-4.7477e-06,-0.0005379815,-0.0005743715575952,-0.047477
2026-05-17 13:00:00+00:00,78325.0,78325.0,78113.0,78164.0,470.47952,-3.801e-07,-0.0005030409,-0.0020448859433836,-0.003801
2026-05-17 14:00:00+00:00,78164.0,78171.0,77796.0,78012.0,774.27782,-6.0663e-06,-0.0005485305,-0.001946522487365,-0.060663
2026-05-17 15:00:00+00:00,78012.0,78075.0,77886.0,78015.0,428.30037,1.9548e-06,-0.0004843613,3.845488281345754e-05,0.019548
2026-05-17 16:00:00+00:00,78015.0,78141.0,77988.0,77989.0,322.75225,2.2584e-06,-0.0004819327,-0.0003333247896301,0.022584
2026-05-17 17:00:00+00:00,77989.0,78050.0,77812.0,78050.0,776.75624,2.9588e-06,-0.0004763292,0.0007818558579256,0.029588
2026-05-17 18:00:00+00:00,78050.0,78245.0,77966.0,78237.0,604.05155,-3.5823e-06,-0.0005286588,0.0023930344717055,-0.035823
2026-05-17 19:00:00+00:00,78237.0,78444.0,78184.0,78381.0,894.4772,-3.456e-07,-0.0005027646,0.0018388696136752,-0.003456
2026-05-17 20:00:00+00:00,78382.0,78405.0,78212.0,78247.0,885.03332,6.7532e-06,-0.0004459748,-0.0017110610196513,0.067532
2026-05-17 21:00:00+00:00,78248.0,78450.0,78195.0,78368.0,437.54359,6.9539e-06,-0.000444369,0.0015451907425867,0.0695389999999999
2026-05-17 22:00:00+00:00,78368.0,78378.0,77781.0,77967.0,1708.42278,7.7603e-06,-0.000437918,-0.0051300205255346,0.0776029999999999
2026-05-17 23:00:00+00:00,77966.0,77967.0,76700.0,77431.0,4307.59185,4.3331e-06,-0.0004653356,-0.0068984430381177,0.043331
2026-05-18 00:00:00+00:00,77430.0,77448.0,76876.0,77175.0,1923.50575,9.2206e-06,-0.0004262351,-0.0033116468178818,0.092206
2026-05-18 01:00:00+00:00,77174.0,77257.0,76712.0,77076.0,1317.31917,8.9834e-06,-0.0004281327,-0.0012836223245672,0.089834
2026-05-18 02:00:00+00:00,77076.0,77190.0,76667.0,76797.0,1519.44017,1.02363e-05,-0.0004181094,-0.0036263711729885,0.102363
2026-05-18 03:00:00+00:00,76797.0,76985.0,76771.0,76897.0,565.96609,3.8911e-06,-0.000468871,0.0013012871564437,0.038911
2026-05-18 04:00:00+00:00,76896.0,77046.0,76744.0,77010.0,625.90873,3.8548e-06,-0.0004691618,0.0014684195040477,0.038548
2026-05-18 05:00:00+00:00,77010.0,77049.0,76843.0,76879.0,543.9772,6.8438e-06,-0.0004452496,-0.0017025262577962,0.068438
2026-05-18 06:00:00+00:00,76878.0,76934.0,76552.0,76879.0,848.00382,4.6614e-06,-0.000462709,0.0,0.046614
2026-05-18 07:00:00+00:00,76878.0,77048.0,76734.0,77039.0,616.23301,3.2605e-06,-0.0004739164,0.0020790298422736,0.032605
2026-05-18 08:00:00+00:00,77039.0,77142.0,76840.0,76997.0,562.25594,8.384e-06,-0.0004329278,-0.0005453270799142,0.08384
2026-05-18 09:00:00+00:00,76996.0,77016.0,76836.0,76903.0,212.91589,4.1522e-06,-0.0004667824,-0.0012215726015492,0.0415219999999999
2026-05-18 10:00:00+00:00,76902.0,76914.0,76674.0,76730.0,613.00823,8.8751e-06,-0.000428999,-0.0022521212645987,0.088751
2026-05-18 11:00:00+00:00,76730.0,77374.0,76631.0,77253.0,1255.73582,6.47e-06,-0.0004482398,0.00679298378568,0.0647
2026-05-18 12:00:00+00:00,77254.0,77754.0,77249.0,77596.0,2133.81941,5.4767e-06,-0.0004561866,0.0044301294936057,0.0547669999999999
2026-05-18 13:00:00+00:00,77598.0,77607.0,76659.0,76903.0,2802.90238,6.1083e-06,-0.000451134,-0.0089709920146869,0.061083
2026-05-18 14:00:00+00:00,76904.0,76922.0,76200.0,76359.0,2796.68786,2.2459e-06,-0.0004820328,-0.007098984544085,0.022459
2026-05-18 15:00:00+00:00,76360.0,76461.0,76037.0,76394.0,2886.09219,1.20047e-05,-0.0004039627,0.0004582561470149,0.120047
2026-05-18 16:00:00+00:00,76393.0,76638.0,76171.0,76385.0,1457.28024,1.25e-05,-0.0003135439,-0.0001178172394165,0.125
2026-05-18 17:00:00+00:00,76385.0,76739.0,76349.0,76683.0,1034.78901,1.25e-05,-0.0003123766,0.0038936992251212,0.125
2026-05-18 18:00:00+00:00,76683.0,76683.0,76122.0,76222.0,1048.59252,1.25e-05,-0.0003134152,-0.0060299061092865,0.125
2026-05-18 19:00:00+00:00,76222.0,76977.0,76204.0,76882.0,2469.99344,1.25e-05,-0.0003399426,0.0086216439583014,0.125
2026-05-18 20:00:00+00:00,76882.0,77167.0,76857.0,76876.0,1825.62958,1.25e-05,-0.0003454014,-7.804471966397731e-05,0.125
2026-05-18 21:00:00+00:00,76877.0,77161.0,76763.0,77082.0,928.85388,1.25e-05,-0.0003080062,0.0026760561053694,0.125
2026-05-18 22:00:00+00:00,77082.0,77213.0,76921.0,77058.0,792.79454,1.25e-05,-0.0003397811,-0.0003114052185538,0.125
2026-05-18 23:00:00+00:00,77058.0,77138.0,76921.0,76984.0,280.53411,1.25e-05,-0.0002329258,-0.0009607770048739,0.125
2026-05-19 00:00:00+00:00,76984.0,77399.0,76933.0,77123.0,1077.06943,1.25e-05,-0.0002762929,0.0018039419065267,0.125
2026-05-19 01:00:00+00:00,77123.0,77137.0,76634.0,76635.0,1528.06105,1.25e-05,-0.0001905378,-0.0063476585097554,0.125
2026-05-19 02:00:00+00:00,76635.0,76974.0,76443.0,76594.0,919.00019,1.25e-05,-0.0002807936,-0.0005351467539235,0.125
2026-05-19 03:00:00+00:00,76594.0,76841.0,76553.0,76756.0,306.77566,1.25e-05,-0.0003272434,0.0021128146105485,0.125
2026-05-19 04:00:00+00:00,76757.0,76927.0,76676.0,76905.0,658.64712,1.25e-05,-0.0002971129,0.0019393345962776,0.125
2026-05-19 05:00:00+00:00,76905.0,77003.0,76620.0,76886.0,371.457,1.25e-05,-0.0002395872,-0.0002470885825134,0.125
2026-05-19 06:00:00+00:00,76887.0,77085.0,76861.0,77004.0,209.62149,1.25e-05,-0.0002598969,0.0015335632351184,0.125
2026-05-19 07:00:00+00:00,77005.0,77264.0,76944.0,77199.0,457.32525,1.25e-05,-0.0002621765,0.0025291350225807,0.125
2026-05-19 08:00:00+00:00,77199.0,77291.0,76941.0,77020.0,622.07719,1.25e-05,-0.0003093491,-0.0023213751921964,0.125
2026-05-19 09:00:00+00:00,77020.0,77043.0,76669.0,76786.0,1019.73312,1.25e-05,-0.0003332616,-0.0030427965169483,0.125
2026-05-19 10:00:00+00:00,76785.0,77085.0,76679.0,77017.0,879.95497,1.25e-05,-0.0003814328,0.003003844836503,0.125
2026-05-19 11:00:00+00:00,77017.0,77061.0,76597.0,76694.0,809.16119,1.25e-05,-0.0003226321,-0.0042026982508751,0.125
2026-05-19 12:00:00+00:00,76694.0,76964.0,76621.0,76916.0,381.91239,1.25e-05,-0.0003717187,0.0028904388328982,0.125
2026-05-19 13:00:00+00:00,76917.0,77038.0,76564.0,76846.0,1828.31542,1.25e-05,-0.000319572,-0.0009104981053299,0.125
2026-05-19 14:00:00+00:00,76846.0,76984.0,76125.0,76377.0,2672.71867,1.25e-05,-0.0002925752,-0.0061218154547357,0.125
2026-05-19 15:00:00+00:00,76378.0,76661.0,76317.0,76489.0,1080.67162,1.25e-05,-0.0002306641,0.0014653359156467,0.125
2026-05-19 16:00:00+00:00,76490.0,76906.0,76386.0,76871.0,1189.80669,1.25e-05,-0.0002119228,0.0049817526086966,0.125
2026-05-19 17:00:00+00:00,76872.0,76996.0,76733.0,76827.0,841.1818,1.25e-05,-0.0002520456,-0.0005725513826073,0.125
2026-05-19 18:00:00+00:00,76827.0,76925.0,76715.0,76777.0,607.42936,1.25e-05,-0.0003141207,-0.0006510247358918,0.125
2026-05-19 19:00:00+00:00,76778.0,77055.0,76739.0,76792.0,433.39671,1.25e-05,-0.0003117769,0.0001953519271167,0.125
2026-05-19 20:00:00+00:00,76792.0,77015.0,76792.0,76994.0,424.22887,1.25e-05,-0.0003380323,0.002627028678443,0.125
2026-05-19 21:00:00+00:00,76995.0,77017.0,76943.0,76956.0,312.64136,1.25e-05,-0.0003267019,-0.0004936667849527,0.125
2026-05-19 22:00:00+00:00,76957.0,76957.0,76612.0,76689.0,970.40917,1.25e-05,-0.0003522868,-0.0034755477726878,0.125
2026-05-19 23:00:00+00:00,76689.0,76954.0,76644.0,76806.0,319.4351,1.25e-05,-0.0003408397,0.0015244799199893,0.125
2026-05-20 00:00:00+00:00,76807.0,76873.0,76490.0,76760.0,756.84776,1.25e-05,-0.0003258333,-0.0005990909625284,0.125
2026-05-20 01:00:00+00:00,76761.0,76886.0,76505.0,76784.0,824.65035,1.25e-05,-0.0003520212,0.0003126139763905,0.125
2026-05-20 02:00:00+00:00,76785.0,76880.0,76570.0,76657.0,382.50392,1.25e-05,-0.000353528,-0.0016553597669543,0.125
2026-05-20 03:00:00+00:00,76658.0,76803.0,76574.0,76692.0,309.25674,1.25e-05,-0.000368643,0.0004564751072095,0.125
2026-05-20 04:00:00+00:00,76693.0,76800.0,76663.0,76749.0,819.29994,1.25e-05,-0.0003856361,0.0007429566103183,0.125
2026-05-20 05:00:00+00:00,76750.0,77299.0,76750.0,77173.0,962.18474,1.25e-05,-0.000342025,0.005509297858001,0.125
2026-05-20 06:00:00+00:00,77173.0,77391.0,77165.0,77384.0,535.19445,1.25e-05,-0.0003801438,0.0027303859557815,0.125
2026-05-20 07:00:00+00:00,77385.0,77441.0,77207.0,77248.0,329.68367,1.25e-05,-0.0003547807,-0.0017590154051795,0.125
2026-05-20 08:00:00+00:00,77249.0,77616.0,77179.0,77438.0,890.95397,1.25e-05,-0.0003605263,0.0024565907134659,0.125
2026-05-20 09:00:00+00:00,77438.0,77520.0,77340.0,77456.0,413.01122,1.25e-05,-0.0003722529,0.0002324170088063,0.125
2026-05-20 10:00:00+00:00,77456.0,77636.0,77455.0,77488.0,408.5365,1.25e-05,-0.0003206209,0.0004130524635346,0.125
2026-05-20 11:00:00+00:00,77489.0,77542.0,77287.0,77359.0,420.94148,1.25e-05,-0.0003766007,-0.0016661611764257,0.125
2026-05-20 12:00:00+00:00,77359.0,77722.0,77335.0,77598.0,989.06614,1.25e-05,-0.0003675444,0.0030847291767146,0.125
2026-05-20 13:00:00+00:00,77598.0,77636.0,76933.0,77185.0,1878.55543,1.25e-05,-0.0003025933,-0.0053365160273576,0.125
2026-05-20 14:00:00+00:00,77186.0,77547.0,76851.0,77448.0,4234.17084,1.25e-05,-0.0002896728,0.0034016057839657,0.125
2026-05-20 15:00:00+00:00,77445.0,77839.0,77300.0,77439.0,3406.65698,1.25e-05,-0.0002052663,-0.0001162137559657,0.125
2026-05-20 16:00:00+00:00,77439.0,77544.0,77013.0,77325.0,1119.38412,1.25e-05,-0.0001792497,-0.0014732110906713,0.125
2026-05-20 17:00:00+00:00,77325.0,77704.0,77222.0,77555.0,915.87674,1.25e-05,-0.0001511273,0.0029700435055807,0.125
2026-05-20 18:00:00+00:00,77556.0,77625.0,77375.0,77397.0,472.37807,1.25e-05,-0.0001574381,-0.0020393419221314,0.125
2026-05-20 19:00:00+00:00,77398.0,77706.0,77329.0,77646.0,622.17165,1.25e-05,-0.0002098819,0.0032120149130051,0.125
2026-05-20 20:00:00+00:00,77646.0,77766.0,77454.0,77706.0,1958.31989,1.25e-05,-0.0002338966,0.0007724394019171,0.125
2026-05-20 21:00:00+00:00,77707.0,77768.0,77489.0,77489.0,535.81585,1.25e-05,-0.0001723139,-0.0027964836678688,0.125
2026-05-20 22:00:00+00:00,77489.0,77489.0,77205.0,77484.0,1085.68789,1.25e-05,-0.0001367344,-6.45273693060646e-05,0.125
2026-05-20 23:00:00+00:00,77483.0,77540.0,77365.0,77533.0,343.18984,1.25e-05,-0.0002418506,0.000632188748743,0.125
2026-05-21 00:00:00+00:00,77533.0,78055.0,77500.0,77955.0,1584.11153,1.25e-05,-0.0002224766,0.0054280849474415,0.125
2026-05-21 01:00:00+00:00,77955.0,78174.0,77786.0,77847.0,1544.7825,1.25e-05,-0.0001756679,-0.0013863752364966,0.125
2026-05-21 02:00:00+00:00,77846.0,78095.0,77809.0,77939.0,611.52669,1.25e-05,-0.0001521714,0.0011811075538893,0.125
2026-05-21 03:00:00+00:00,77939.0,78085.0,77878.0,78075.0,658.13073,1.25e-05,-0.0001618132,0.0017434337232345,0.125
2026-05-21 04:00:00+00:00,78074.0,78158.0,77936.0,78010.0,1093.32183,1.25e-05,-0.0002016481,-0.0008328795689205,0.125
2026-05-21 05:00:00+00:00,78010.0,78117.0,77700.0,77801.0,785.86793,1.25e-05,-0.0002822211,-0.0026827390280439,0.125
2026-05-21 06:00:00+00:00,77800.0,77851.0,77480.0,77585.0,1057.12325,1.25e-05,-0.0003563726,-0.0027801750367305,0.125
2026-05-21 07:00:00+00:00,77585.0,77874.0,77476.0,77853.0,657.00262,1.25e-05,-0.0003601477,0.0034483236475531,0.125
2026-05-21 08:00:00+00:00,77853.0,78157.0,77852.0,77888.0,1444.96476,8.3352e-06,-0.0004333182,0.0004494641820614,0.083352
2026-05-21 09:00:00+00:00,77887.0,77950.0,77603.0,77604.0,1360.08128,8.7189e-06,-0.0004302491,-0.0036529251126059,0.087189
2026-05-21 10:00:00+00:00,77603.0,77649.0,77135.0,77158.0,2347.57511,1.23877e-05,-0.0004008982,-0.0057637047167501,0.123877
2026-05-21 11:00:00+00:00,77158.0,77346.0,77106.0,77147.0,1088.15705,1.25e-05,-0.0003995172,-0.0001425747709877,0.125
2026-05-21 12:00:00+00:00,77148.0,77342.0,77035.0,77253.0,890.52326,9.5863e-06,-0.0004233092,0.0013730572105357,0.095863
2026-05-21 13:00:00+00:00,77253.0,77320.0,76700.0,77099.0,1808.08151,1.10729e-05,-0.0004114165,-0.0019954396586956,0.110729
2026-05-21 14:00:00+00:00,77099.0,77222.0,76746.0,76945.0,1274.85968,1.25e-05,-0.0003888666,-0.0019994294007431,0.125
2026-05-21 15:00:00+00:00,76946.0,77374.0,76867.0,77229.0,1302.59046,1.25e-05,-0.0003989163,0.0036841532453882,0.125
2026-05-21 16:00:00+00:00,77230.0,77310.0,76969.0,77159.0,1260.67428,1.25e-05,-0.0003857559,-0.000906806290602,0.125
2026-05-21 17:00:00+00:00,77159.0,78053.0,77144.0,77828.0,3708.54596,6.5216e-06,-0.0004478273,0.0086330357385284,0.065216
2026-05-21 18:00:00+00:00,77828.0,77885.0,77207.0,77356.0,2597.46941,3.6573e-06,-0.0004707412,-0.0060831201090775,0.036573
2026-05-21 19:00:00+00:00,77356.0,77771.0,77332.0,77667.0,1214.62809,6.9793e-06,-0.0004441657,0.0040123132338223,0.069793
2026-05-21 20:00:00+00:00,77667.0,77769.0,77604.0,77674.0,856.48888,5.4444e-06,-0.0004564451,9.012430723033124e-05,0.054444
2026-05-21 21:00:00+00:00,77675.0,77787.0,77621.0,77641.0,642.85624,1.051e-07,-0.0004991592,-0.0004249428644571,0.0010509999999999
2026-05-21 22:00:00+00:00,77640.0,77720.0,77516.0,77587.0,213.86077,1.14263e-05,-0.0004085894,-0.0006957507946802,0.1142629999999999
2026-05-21 23:00:00+00:00,77588.0,77724.0,77501.0,77587.0,337.01293,8.3784e-06,-0.000432973,0.0,0.083784
2026-05-22 00:00:00+00:00,77587.0,77608.0,77320.0,77345.0,526.5254,1.25e-05,-0.0003929775,-0.0031239536933392,0.125
2026-05-22 01:00:00+00:00,77344.0,77636.0,77290.0,77581.0,557.82341,1.25e-05,-0.0003888235,0.003046618160201,0.125
2026-05-22 02:00:00+00:00,77582.0,77699.0,77555.0,77641.0,632.89768,9.7543e-06,-0.0004219656,0.0007730863278183,0.097543
2026-05-22 03:00:00+00:00,77641.0,77779.0,77640.0,77740.0,315.44011,4.1607e-06,-0.0004667143,0.0012742872474294,0.041607
2026-05-22 04:00:00+00:00,77739.0,77870.0,77609.0,77620.0,314.29807,4.5102e-06,-0.0004639184,-0.0015447994833168,0.0451019999999999
2026-05-22 05:00:00+00:00,77619.0,77689.0,77418.0,77446.0,430.42325,4.351e-07,-0.0004965191,-0.0022442066349646,0.004351
2026-05-22 06:00:00+00:00,77447.0,77491.0,77340.0,77375.0,478.46793,7.5861e-06,-0.0004393116,-0.0009171883010354,0.075861
2026-05-22 07:00:00+00:00,77374.0,77505.0,77247.0,77363.0,400.84401,1.233e-07,-0.0004990137,-0.0001551008805083,0.001233
2026-05-22 08:00:00+00:00,77363.0,77507.0,77162.0,77239.0,742.67548,-6.626e-07,-0.0005053006,-0.0016041193075085,-0.006626
2026-05-22 09:00:00+00:00,77239.0,77333.0,77161.0,77285.0,739.07719,8.5922e-06,-0.0004312627,0.0005953767875387,0.085922
2026-05-22 10:00:00+00:00,77285.0,77338.0,77241.0,77285.0,258.68583,7.7404e-06,-0.0004380765,0.0,0.077404
2026-05-22 11:00:00+00:00,77285.0,77406.0,77136.0,77406.0,624.82104,1.25e-05,-0.0003723287,0.0015644093667726,0.125
2026-05-22 12:00:00+00:00,77406.0,77540.0,77369.0,77496.0,703.69958,5.5984e-06,-0.0004552127,0.0011620251530293,0.055984
2026-05-22 13:00:00+00:00,77496.0,77519.0,77091.0,77262.0,1323.47217,1.25e-05,-0.0003984292,-0.0030240786043819,0.125
2026-05-22 14:00:00+00:00,77262.0,77262.0,76731.0,76735.0,2247.24528,1.20482e-05,-0.0004036141,-0.0068443158926435,0.1204819999999999
2026-05-22 15:00:00+00:00,76736.0,76995.0,76517.0,76770.0,2227.17905,1.25e-05,-0.0003970314,0.0004560112127488,0.125
2026-05-22 16:00:00+00:00,76770.0,76970.0,76738.0,76919.0,756.68933,1.25e-05,-0.0003729086,0.0019389812762435,0.125
2026-05-22 17:00:00+00:00,76919.0,77084.0,76730.0,76731.0,1006.84174,1.25e-05,-0.0003474246,-0.0024471212992944,0.125
2026-05-22 18:00:00+00:00,76731.0,76880.0,76051.0,76504.0,2983.07029,1.25e-05,-0.0003414353,-0.0029627717695146,0.125
2026-05-22 19:00:00+00:00,76504.0,76555.0,75621.0,75823.0,4668.4874,1.25e-05,-0.0002801907,-0.0089413503453562,0.125
2026-05-22 20:00:00+00:00,75828.0,76050.0,75782.0,75955.0,1490.67912,2.1655e-06,-0.0004826761,0.0017393829577407,0.0216549999999999
2026-05-22 21:00:00+00:00,75955.0,76051.0,75902.0,75943.0,628.33171,7.28e-06,-0.0004417597,-0.000158000763999,0.0728
2026-05-22 22:00:00+00:00,75943.0,75945.0,75507.0,75707.0,1405.93219,5.9325e-06,-0.0004525399,-0.0031124324499256,0.059325
2026-05-22 23:00:00+00:00,75707.0,75846.0,75350.0,75500.0,1200.74458,3.502e-06,-0.0004719837,-0.0027379701907223,0.03502
2026-05-23 00:00:00+00:00,75500.0,75598.0,75173.0,75331.0,1243.81627,5.0002e-06,-0.0004599984,-0.0022409195818174,0.050002
2026-05-23 01:00:00+00:00,75327.0,75474.0,75313.0,75452.0,407.59773,2.0787e-06,-0.0004833701,0.0016049558103166,0.020787
2026-05-23 02:00:00+00:00,75452.0,75560.0,75382.0,75537.0,572.39135,5.7291e-06,-0.0004541676,0.0011259099534317,0.057291
2026-05-23 03:00:00+00:00,75536.0,75631.0,75530.0,75602.0,418.39158,7.7506e-06,-0.0004379952,0.0008601354251043,0.077506
2026-05-23 04:00:00+00:00,75601.0,75613.0,75472.0,75494.0,586.9731,3.6089e-06,-0.0004711291,-0.0014295549636343,0.0360889999999999
2026-05-23 05:00:00+00:00,75493.0,75519.0,75432.0,75447.0,210.93611,6.903e-07,-0.0004944774,-0.0006227599064402,0.0069029999999999
2026-05-23 06:00:00+00:00,75447.0,75464.0,75353.0,75361.0,203.8306,-1.6118e-06,-0.0005128948,-0.001140523172807,-0.016118
2026-05-23 07:00:00+00:00,75360.0,75400.0,74234.0,74568.0,4013.11669,-2.1594e-06,-0.0005172752,-0.0105784390602765,-0.021594
2026-05-23 08:00:00+00:00,74569.0,74700.0,74290.0,74643.0,2269.47584,-9.1124e-06,-0.0005728996,0.0010052878985635,-0.091124
2026-05-23 09:00:00+00:00,74643.0,74714.0,74585.0,74610.0,533.89017,-2.08867e-05,-0.0006670939,-0.0004422021739964,-0.208867
2026-05-23 10:00:00+00:00,74611.0,74746.0,74611.0,74663.0,332.60276,-5.596e-06,-0.0005447677,0.0007101083548548,-0.05596
2026-05-23 11:00:00+00:00,74665.0,74831.0,74664.0,74761.0,606.04609,-8.0568e-06,-0.0005644542,0.0013117037965962,-0.080568
2026-05-23 12:00:00+00:00,74761.0,74761.0,74615.0,74718.0,310.4531,-9.846e-07,-0.0005078767,-0.0005753316678076,-0.009846
2026-05-23 13:00:00+00:00,74719.0,75223.0,74718.0,75172.0,1291.63197,-4.5324e-06,-0.0005362593,0.0060577942272879,-0.045324
2026-05-23 14:00:00+00:00,75173.0,75664.0,75050.0,75495.0,1366.57789,-9.5338e-06,-0.0005762708,0.0042876077020786,-0.095338
2026-05-23 15:00:00+00:00,75496.0,75631.0,75356.0,75478.0,901.21584,-7.6614e-06,-0.0005612911,-0.0002252058324581,-0.0766139999999999
2026-05-23 16:00:00+00:00,75478.0,75582.0,75370.0,75394.0,497.92866,-8.868e-06,-0.0005709438,-0.0011135268131872,-0.08868
2026-05-23 17:00:00+00:00,75395.0,75476.0,75323.0,75439.0,402.84069,-4.5889e-06,-0.0005367113,0.0005966864192202,-0.045889
2026-05-23 18:00:00+00:00,75439.0,75943.0,75414.0,75809.0,2103.95458,-1.1941e-05,-0.0005955278,0.0048926364392875,-0.11941
2026-05-23 19:00:00+00:00,75810.0,75962.0,75735.0,75947.0,567.9038,-6.8243e-06,-0.0005545943,0.0018187094815176,-0.068243
2026-05-23 20:00:00+00:00,75947.0,77266.0,75907.0,77258.0,7490.59427,-1.2971e-06,-0.0005103771,0.0171147416956386,-0.012971
2026-05-23 21:00:00+00:00,77257.0,77375.0,76478.0,76769.0,4465.68001,1.01237e-05,-0.0004190103,-0.0063495574530666,0.101237
2026-05-23 22:00:00+00:00,76769.0,76858.0,76356.0,76544.0,1461.56355,4.1545e-06,-0.0004667638,-0.0029351739452732,0.041545
2026-05-23 23:00:00+00:00,76543.0,76781.0,76489.0,76712.0,955.45271,-3.3882e-06,-0.0005271053,0.0021924109632681,-0.033882
2026-05-24 00:00:00+00:00,76711.0,76908.0,76600.0,76806.0,387.4282,-5.611e-07,-0.0005044885,0.0012246122506475,-0.005611
2026-05-24 01:00:00+00:00,76805.0,76887.0,76720.0,76852.0,378.09761,2.5762e-06,-0.0004793906,0.0005987322674274,0.025762
2026-05-24 02:00:00+00:00,76851.0,76937.0,76659.0,76786.0,310.8065,3.4245e-06,-0.0004726038,-0.0008591624996405,0.034245
2026-05-24 03:00:00+00:00,76786.0,76969.0,76694.0,76706.0,334.36526,1.4553e-06,-0.0004883574,-0.0010423996982771,0.014553
2026-05-24 04:00:00+00:00,76706.0,76812.0,76689.0,76737.0,250.73192,2.1793e-06,-0.0004825655,0.0004040588416774,0.021793
2026-05-24 05:00:00+00:00,76737.0,76834.0,76597.0,76780.0,380.04013,-3.6836e-06,-0.0005294686,0.0005601985594368,-0.036836
2026-05-24 06:00:00+00:00,76780.0,77042.0,76668.0,76949.0,464.42288,-9.8541e-06,-0.0005788324,0.0021986751762029,-0.0985409999999999
2026-05-24 07:00:00+00:00,76948.0,76975.0,76745.0,76759.0,595.12523,-3.3913e-06,-0.0005271307,-0.002472221312767,-0.033913
2026-05-24 08:00:00+00:00,76760.0,76815.0,76689.0,76796.0,255.71738,-3.0861e-06,-0.0005246887,0.0004819120278215,-0.030861
2026-05-24 09:00:00+00:00,76795.0,77000.0,76778.0,76986.0,530.72886,-4.881e-07,-0.0005039047,0.0024710316770269,-0.004881
2026-05-24 10:00:00+00:00,76987.0,77534.0,76881.0,77153.0,1740.98391,-8.406e-07,-0.0005067246,0.0021668762006195,-0.008406
2026-05-24 11:00:00+00:00,77153.0,77330.0,77150.0,77286.0,361.04041,-3.0137e-06,-0.0005241096,0.0017223633004499,-0.030137
2026-05-24 12:00:00+00:00,77287.0,77287.0,77000.0,77068.0,917.74094,-1.5775e-06,-0.0005126202,-0.002824677623492,-0.015775
2026-05-24 13:00:00+00:00,77068.0,77077.0,76639.0,76752.0,867.43128,-1.70136e-05,-0.0006361092,-0.0041087042588057,-0.1701359999999999
2026-05-24 14:00:00+00:00,76751.0,76795.0,76086.0,76403.0,3547.63483,-1.48339e-05,-0.0006186714,-0.0045574823424556,-0.148339
2026-05-24 15:00:00+00:00,76404.0,76486.0,76305.0,76318.0,393.19915,-2.71754e-05,-0.0007174028,-0.0011131410713239,-0.271754
2026-05-24 16:00:00+00:00,76317.0,76700.0,76317.0,76629.0,1909.70504,-2.278e-05,-0.0006822402,0.004066773831805,-0.2277999999999999
2026-05-24 17:00:00+00:00,76628.0,76742.0,76525.0,76651.0,745.59311,-1.22377e-05,-0.0005979017,0.0002870563694032,-0.122377
2026-05-24 18:00:00+00:00,76650.0,76751.0,76548.0,76628.0,736.88876,-9.8801e-06,-0.0005790408,-0.0003001063442822,-0.098801
2026-05-24 19:00:00+00:00,76627.0,76741.0,76572.0,76719.0,192.12728,-2.2394e-06,-0.000517915,0.0011868508765349,-0.022394
2026-05-24 20:00:00+00:00,76719.0,76754.0,76568.0,76619.0,408.21447,-1.0739e-06,-0.0005085909,-0.0013043083146621,-0.010739
2026-05-24 21:00:00+00:00,76618.0,76700.0,76060.0,76096.0,1202.96677,-7.9926e-06,-0.0005639408,-0.0068493866964106,-0.079926
2026-05-24 22:00:00+00:00,76096.0,76985.0,76089.0,76759.0,2459.76055,-1.73874e-05,-0.0006390989,0.0086749423677709,-0.173874
2026-05-24 23:00:00+00:00,76758.0,77185.0,76758.0,77015.0,792.01915,-8.2655e-06,-0.0005661243,0.0033295646403333,-0.082655
2026-05-25 00:00:00+00:00,77015.0,77243.0,77015.0,77102.0,759.47564,-9.1668e-06,-0.0005733346,0.0011290124936425,-0.091668
2026-05-25 01:00:00+00:00,77102.0,77211.0,76867.0,76891.0,958.47143,-1.44236e-05,-0.0006153887,-0.0027403860181413,-0.144236
2026-05-25 02:00:00+00:00,76891.0,77445.0,76891.0,77065.0,1375.06849,-1.43348e-05,-0.0006146781,0.0022603870467609,-0.143348
2026-05-25 03:00:00+00:00,77065.0,77121.0,76959.0,76977.0,553.53689,-1.02071e-05,-0.0005816566,-0.0011425456638191,-0.102071
2026-05-25 04:00:00+00:00,76977.0,77407.0,76943.0,77346.0,574.62567,-1.35135e-05,-0.0006081079,0.0047821867541586,-0.135135
2026-05-25 05:00:00+00:00,77345.0,77446.0,77275.0,77361.0,507.50254,-8.0466e-06,-0.000564373,0.0001939149495111,-0.080466
2026-05-25 06:00:00+00:00,77360.0,77591.0,77175.0,77379.0,803.0112,-1.31974e-05,-0.0006055794,0.000232648314349,-0.131974
2026-05-25 07:00:00+00:00,77379.0,77480.0,77123.0,77366.0,542.22888,-1.40893e-05,-0.0006127148,-0.0001680183531691,-0.140893
2026-05-25 08:00:00+00:00,77365.0,77430.0,77235.0,77417.0,494.82971,-5.7273e-06,-0.0005458181,0.0006589871219141,-0.057273
2026-05-25 09:00:00+00:00,77417.0,77673.0,77379.0,77567.0,703.01399,-6.479e-06,-0.000551832,0.0019356842878737,-0.06479
2026-05-25 10:00:00+00:00,77567.0,77645.0,77447.0,77500.0,431.10226,-7.09e-07,-0.000505672,-0.0008641426502004,-0.00709
2026-05-25 11:00:00+00:00,77500.0,77501.0,77274.0,77306.0,640.60585,-3.7622e-06,-0.0005300975,-0.002506364114527,-0.037622
2026-05-25 12:00:00+00:00,77305.0,77394.0,77239.0,77311.0,559.85245,-5.7306e-06,-0.000545845,6.46759412191195e-05,-0.0573059999999999
2026-05-25 13:00:00+00:00,77311.0,77398.0,77245.0,77295.0,552.33304,-7.398e-06,-0.0005591842,-0.0002069777376961,-0.07398
2026-05-25 14:00:00+00:00,77294.0,77744.0,77270.0,77672.0,760.23629,-5.9858e-06,-0.0005478863,0.0048655616195464,-0.059858
2026-05-25 15:00:00+00:00,77671.0,77865.0,77508.0,77590.0,1089.09318,1.7844e-06,-0.0004857249,-0.0010562791619858,0.017844
2026-05-25 16:00:00+00:00,77589.0,77773.0,77464.0,77699.0,452.94279,-2.1913e-06,-0.0005175305,0.0014038343720544,-0.021913
2026-05-25 17:00:00+00:00,77698.0,77764.0,77526.0,77537.0,415.55469,-4.3452e-06,-0.0005347613,-0.002087145492133,-0.043452
2026-05-25 18:00:00+00:00,77536.0,77625.0,77501.0,77501.0,366.94597,4.4153e-06,-0.0004646777,-0.0004644022839176,0.044153
2026-05-25 19:00:00+00:00,77501.0,77504.0,77299.0,77404.0,512.90559,1.4435e-06,-0.0004884523,-0.0012523806549609,0.014435
2026-05-25 20:00:00+00:00,77404.0,77468.0,77175.0,77237.0,730.06424,-7.6608e-06,-0.0005612861,-0.002159842020164,-0.076608
2026-05-25 21:00:00+00:00,77236.0,77354.0,77228.0,77325.0,538.86142,-8.4495e-06,-0.0005675957,0.0011387017443964,-0.0844949999999999
2026-05-25 22:00:00+00:00,77324.0,77400.0,76987.0,77072.0,926.66629,-5.2877e-06,-0.0005423015,-0.0032772686832683,-0.052877
2026-05-25 23:00:00+00:00,77072.0,77331.0,77028.0,77282.0,559.75789,-1.24409e-05,-0.0005995276,0.0027210195987025,-0.1244089999999999
2026-05-26 00:00:00+00:00,77281.0,77310.0,76520.0,76755.0,1504.40763,-5.7953e-06,-0.0005463625,-0.0068425385614026,-0.057953
2026-05-26 01:00:00+00:00,76755.0,76844.0,76550.0,76711.0,1021.19741,-1.60665e-05,-0.0006285321,-0.0005734169289044,-0.160665
2026-05-26 02:00:00+00:00,76711.0,76775.0,76456.0,76614.0,627.51839,-1.5185e-06,-0.0005121482,-0.0012652863256612,-0.0151849999999999
2026-05-26 03:00:00+00:00,76615.0,76672.0,76414.0,76619.0,893.88128,-9.8197e-06,-0.000578558,6.526009412831561e-05,-0.098197
2026-05-26 04:00:00+00:00,76620.0,76781.0,76564.0,76716.0,619.72847,-1.56584e-05,-0.0006252669,0.0012652038078628,-0.156584
2026-05-26 05:00:00+00:00,76716.0,76941.0,76666.0,76877.0,479.21818,-9.5404e-06,-0.0005763229,0.0020964504758374,-0.0954039999999999
2026-05-26 06:00:00+00:00,76878.0,77009.0,76733.0,76867.0,385.58794,-9.6089e-06,-0.0005768712,-0.000130086377538,-0.096089
2026-05-26 07:00:00+00:00,76868.0,76880.0,76556.0,76671.0,869.30082,-1.1553e-05,-0.0005924242,-0.0025531152739667,-0.11553
2026-05-26 08:00:00+00:00,76671.0,76807.0,76640.0,76672.0,276.20376,-2.04079e-05,-0.0006632629,1.3042656006700162e-05,-0.204079
2026-05-26 09:00:00+00:00,76671.0,76763.0,76601.0,76632.0,230.60114,-1.66485e-05,-0.0006331877,-0.0005218389723388,-0.166485
2026-05-26 10:00:00+00:00,76632.0,77595.0,76524.0,77397.0,3259.0388,-1.56974e-05,-0.0006255793,0.0099332760739922,-0.156974
2026-05-26 11:00:00+00:00,77397.0,77476.0,77124.0,77144.0,1300.04523,-9.83e-07,-0.000507864,-0.0032742149464994,-0.00983
2026-05-26 12:00:00+00:00,77144.0,77192.0,76809.0,77094.0,699.08909,5.711e-07,-0.0004954312,-0.0006483486786846,0.005711
2026-05-26 13:00:00+00:00,77094.0,77439.0,76638.0,77181.0,1774.6093,-5.2705e-06,-0.0005421642,0.0011278562206765,-0.0527049999999999
2026-05-26 14:00:00+00:00,77181.0,78060.0,76678.0,76870.0,6109.78507,-1.276e-07,-0.0005010204,-0.0040376293890344,-0.001276
2026-05-26 15:00:00+00:00,76870.0,76969.0,76234.0,76482.0,2200.24068,7.2281e-06,-0.0004421748,-0.0050602643322013,0.072281
2026-05-26 16:00:00+00:00,76482.0,76683.0,76199.0,76537.0,1301.16541,4.5312e-06,-0.0004637501,0.0007188650085089,0.045312
2026-05-26 17:00:00+00:00,76537.0,76616.0,75802.0,75901.0,3841.96754,8.5791e-06,-0.0004313674,-0.0083444244919899,0.085791
2026-05-26 18:00:00+00:00,75901.0,76240.0,75754.0,75811.0,1330.53753,8.6796e-06,-0.0004305632,-0.0011864586922277,0.086796
2026-05-26 19:00:00+00:00,75812.0,76067.0,75765.0,76015.0,782.77875,4.0306e-06,-0.000467755,0.0026872883796689,0.040306
2026-05-26 20:00:00+00:00,76019.0,76141.0,75943.0,76049.0,725.31048,2.768e-06,-0.0004778563,0.0004471801421319,0.02768
2026-05-26 21:00:00+00:00,76049.0,76077.0,75804.0,75838.0,733.57689,-4.1012e-06,-0.0005328093,-0.0027783830839109,-0.041012
2026-05-26 22:00:00+00:00,75838.0,75961.0,75623.0,75707.0,959.37836,-6.2499e-06,-0.0005499992,-0.0017288598453191,-0.062499
2026-05-26 23:00:00+00:00,75706.0,75943.0,75706.0,75894.0,1003.2636,-1.5147e-05,-0.0006211762,0.0024670034477584,-0.15147
2026-05-27 00:00:00+00:00,75895.0,76051.0,75847.0,76050.0,262.55229,-1.654e-07,-0.0005013234,0.002053388811842,-0.001654
2026-05-27 01:00:00+00:00,76051.0,76067.0,75784.0,75838.0,533.00954,2.7521e-06,-0.0004779834,-0.0027915324142814,0.027521
2026-05-27 02:00:00+00:00,75838.0,75857.0,75643.0,75838.0,1334.14448,7.242e-07,-0.0004942066,0.0,0.007242
2026-05-27 03:00:00+00:00,75838.0,75933.0,75590.0,75628.0,685.99536,-4.6022e-06,-0.0005368175,-0.0027729013053379,-0.046022
2026-05-27 04:00:00+00:00,75629.0,75664.0,75251.0,75522.0,2201.73184,-1.4482e-06,-0.0005115853,-0.0014025804482595,-0.014482
2026-05-27 05:00:00+00:00,75522.0,75693.0,75521.0,75668.0,489.15997,-1.61732e-05,-0.0006293858,0.001931345265994,-0.161732
2026-05-27 06:00:00+00:00,75669.0,75858.0,75628.0,75793.0,475.39628,-1.55059e-05,-0.0006240469,0.0016505902955831,-0.155059
2026-05-27 07:00:00+00:00,75793.0,75933.0,75718.0,75927.0,234.98059,-6.3611e-06,-0.0005508888,0.0017664122705295,-0.063611
2026-05-27 08:00:00+00:00,75927.0,76030.0,75800.0,75817.0,386.08548,-9.3216e-06,-0.000574573,-0.0014498104606162,-0.093216
2026-05-27 09:00:00+00:00,75816.0,75939.0,75667.0,75879.0,601.44279,-9.7348e-06,-0.0005778783,0.0008174243678445,-0.097348
2026-05-27 10:00:00+00:00,75880.0,75998.0,75833.0,75858.0,280.46433,-4.509e-06,-0.0005360722,-0.0002767947189422,-0.04509
2026-05-27 11:00:00+00:00,75858.0,75993.0,75711.0,75724.0,463.2804,2.604e-07,-0.0004979168,-0.001768020410152,0.0026039999999999
2026-05-27 12:00:00+00:00,75724.0,76120.0,75530.0,75631.0,1745.27948,5.279e-07,-0.0004957771,-0.0012288991008423,0.005279
2026-05-27 13:00:00+00:00,75631.0,75719.0,74832.0,75043.0,3544.63811,-7.7071e-06,-0.0005616565,-0.0078049694699396,-0.077071
2026-05-27 14:00:00+00:00,75042.0,75228.0,74738.0,75009.0,2290.90584,-4.0765e-06,-0.0005326118,-0.0004531762399951,-0.0407649999999999
2026-05-27 15:00:00+00:00,75007.0,75480.0,74953.0,75300.0,2349.95144,6.2317e-06,-0.0004501464,0.0038720284689615,0.062317
2026-05-27 16:00:00+00:00,75300.0,75390.0,74959.0,75271.0,1618.91264,1.25e-05,-0.0003437437,-0.0003852003421453,0.125
2026-05-27 17:00:00+00:00,75272.0,75310.0,74630.0,74830.0,1496.40464,8.7601e-06,-0.000429919,-0.0058760603714354,0.087601
2026-05-27 18:00:00+00:00,74830.0,74998.0,74628.0,74991.0,1185.29932,9.0078e-06,-0.0004279373,0.0021492322434672,0.090078
2026-05-27 19:00:00+00:00,74990.0,75069.0,74921.0,75027.0,634.37418,3.749e-06,-0.0004700084,0.0004799424161238,0.03749
2026-05-27 20:00:00+00:00,75031.0,75378.0,75021.0,75238.0,1095.18789,3.4406e-06,-0.0004724755,0.0028083737221453,0.034406
2026-05-27 21:00:00+00:00,75238.0,75239.0,74310.0,74443.0,3429.3031,4.0675e-06,-0.0004674602,-0.0106226905985261,0.0406749999999999
2026-05-27 22:00:00+00:00,74443.0,74744.0,74236.0,74384.0,1905.57115,9.511e-07,-0.0004923912,-0.0007928669272484,0.009511
2026-05-27 23:00:00+00:00,74384.0,74547.0,74202.0,74420.0,1156.04411,1.12665e-05,-0.0004098681,0.0004838579702475,0.112665
2026-05-28 00:00:00+00:00,74420.0,74557.0,74331.0,74535.0,603.75977,1.25e-05,-0.0003980225,0.0015440908039172,0.125
2026-05-28 01:00:00+00:00,74536.0,74547.0,74119.0,74300.0,1612.15085,1.11591e-05,-0.000410727,-0.00315786199868,0.111591
2026-05-28 02:00:00+00:00,74301.0,74350.0,74100.0,74249.0,818.22007,2.8644e-06,-0.0004770847,-0.0006866421450669,0.028644
2026-05-28 03:00:00+00:00,74249.0,74341.0,73035.0,73234.0,5620.11459,2.068e-06,-0.000483456,-0.0137645155749138,0.02068
2026-05-28 04:00:00+00:00,73234.0,73235.0,72684.0,73155.0,3696.92131,3.5838e-06,-0.0004713293,-0.001079316173607,0.035838
2026-05-28 05:00:00+00:00,73156.0,73156.0,72869.0,72950.0,1979.64165,1.25e-05,-0.0003814792,-0.0028062028613309,0.125
2026-05-28 06:00:00+00:00,72951.0,73175.0,72729.0,73171.0,1216.90414,3.6686e-06,-0.000470651,0.0030248926370887,0.0366859999999999
2026-05-28 07:00:00+00:00,73171.0,73471.0,73120.0,73461.0,1438.7144,3.367e-06,-0.0004730642,0.0039554855435146,0.03367
2026-05-28 08:00:00+00:00,73462.0,73468.0,73175.0,73297.0,1171.44397,2.24e-08,-0.0004998208,-0.0022349727887597,0.000224
2026-05-28 09:00:00+00:00,73298.0,73537.0,73231.0,73514.0,822.60153,5.2084e-06,-0.000458333,0.0029561839103425,0.052084
2026-05-28 10:00:00+00:00,73514.0,73586.0,73318.0,73370.0,514.80293,1.25e-05,-0.0003688851,-0.0019607315450779,0.125
2026-05-28 11:00:00+00:00,73369.0,73502.0,73293.0,73474.0,381.72127,1.25e-05,-0.0003980699,0.0014164694150073,0.125
2026-05-28 12:00:00+00:00,73474.0,73541.0,73221.0,73491.0,596.70427,8.3803e-06,-0.0004329574,0.0002313476008005,0.083803
2026-05-28 13:00:00+00:00,73490.0,73541.0,72745.0,72999.0,2593.67478,9.9454e-06,-0.0004204366,-0.0067172073172837,0.099454
2026-05-28 14:00:00+00:00,72999.0,73549.0,72555.0,73007.0,5725.97917,1.10385e-05,-0.0004116923,0.0001095845377314,0.110385
2026-05-28 15:00:00+00:00,73007.0,73164.0,72680.0,72924.0,1987.83312,1.25e-05,-0.0003166935,-0.00113752402094,0.125
2026-05-28 16:00:00+00:00,72925.0,73433.0,72724.0,73426.0,2482.96995,1.25e-05,-0.0001862676,0.006860293390185,0.125
2026-05-28 17:00:00+00:00,73426.0,73756.0,73275.0,73519.0,1863.92506,1.25e-05,-0.0001474223,0.0012657798825007,0.125
2026-05-28 18:00:00+00:00,73519.0,73723.0,73479.0,73636.0,1317.44142,1.25e-05,-0.0003534396,0.0015901603704113,0.125
2026-05-28 19:00:00+00:00,73637.0,73637.0,73356.0,73392.0,821.04869,1.25e-05,-0.0002834044,-0.0033190987294995,0.125
2026-05-28 20:00:00+00:00,73392.0,73704.0,73215.0,73560.0,1799.2186,1.25e-05,-0.0003077442,0.0022864618813041,0.125
2026-05-28 21:00:00+00:00,73560.0,73904.0,73537.0,73807.0,828.35732,1.25e-05,-0.0003081355,0.003352178320749,0.125
2026-05-28 22:00:00+00:00,73807.0,73932.0,73431.0,73445.0,781.24732,1.25e-05,-0.0002354683,-0.0049167512734913,0.125
2026-05-28 23:00:00+00:00,73446.0,73700.0,73446.0,73587.0,257.74939,1.25e-05,-0.0003114887,0.0019315529156773,0.125
2026-05-29 00:00:00+00:00,73588.0,73834.0,73588.0,73692.0,504.42184,1.25e-05,-0.0003025276,0.0014258654362069,0.125
2026-05-29 01:00:00+00:00,73692.0,73847.0,73418.0,73563.0,1031.16773,1.25e-05,-0.0003325608,-0.0017520631964897,0.125
2026-05-29 02:00:00+00:00,73563.0,73626.0,73151.0,73186.0,1312.43991,1.25e-05,-0.0003659066,-0.0051380360940279,0.125
2026-05-29 03:00:00+00:00,73186.0,73430.0,73186.0,73261.0,845.50475,1.25e-05,-0.0003453771,0.001024261426413,0.125
2026-05-29 04:00:00+00:00,73261.0,73480.0,73182.0,73476.0,275.07265,1.03165e-05,-0.0004174679,0.0029304150126599,0.103165
2026-05-29 05:00:00+00:00,73476.0,73696.0,73464.0,73678.0,402.97776,9.5423e-06,-0.0004236617,0.0027454248865655,0.095423
2026-05-29 06:00:00+00:00,73676.0,73924.0,73609.0,73746.0,1343.76602,1.25e-05,-0.0003696578,0.0009225092905153,0.125
2026-05-29 07:00:00+00:00,73747.0,73791.0,73340.0,73494.0,654.77605,6.0605e-06,-0.0004515162,-0.0034229862272953,0.060605
2026-05-29 08:00:00+00:00,73493.0,73803.0,73493.0,73615.0,760.36672,4.7455e-06,-0.0004620362,0.0016450390837685,0.047455
2026-05-29 09:00:00+00:00,73615.0,73866.0,73610.0,73697.0,415.93387,8.8455e-06,-0.000429236,0.0011132834863315,0.088455
2026-05-29 10:00:00+00:00,73697.0,73700.0,73548.0,73605.0,240.87048,3.3539e-06,-0.0004731689,-0.001249134593727,0.033539
2026-05-29 11:00:00+00:00,73604.0,73665.0,73299.0,73428.0,345.54692,-1.9171e-06,-0.0005153369,-0.0024076239415726,-0.0191709999999999
2026-05-29 12:00:00+00:00,73428.0,73428.0,73159.0,73259.0,1167.59878,-1.9044e-06,-0.0005152355,-0.0023042270245477,-0.019044
2026-05-29 13:00:00+00:00,73259.0,73327.0,72863.0,73107.0,2114.167,1.4005e-06,-0.0004887958,-0.0020769858388198,0.014005
2026-05-29 14:00:00+00:00,73110.0,73177.0,72476.0,73069.0,3521.43264,1.25e-05,-0.000399178,-0.0005199212026051,0.125
2026-05-29 15:00:00+00:00,73069.0,74210.0,72978.0,73776.0,7018.03109,1.18994e-05,-0.0004048051,0.0096292752619187,0.118994
2026-05-29 16:00:00+00:00,73777.0,74094.0,73528.0,74021.0,2426.76882,1.25e-05,-0.0002813023,0.0033153612646022,0.125
2026-05-29 17:00:00+00:00,74022.0,74300.0,73889.0,73942.0,1720.99084,1.25e-05,-0.0002993438,-0.0010678346276674,0.125
2026-05-29 18:00:00+00:00,73941.0,74032.0,73150.0,73345.0,3016.16118,1.25e-05,-0.0003837247,-0.0081066661615583,0.125
2026-05-29 19:00:00+00:00,73345.0,73698.0,73208.0,73487.0,1138.00566,4.9682e-06,-0.0004602548,0.0019341838872902,0.049682
2026-05-29 20:00:00+00:00,73487.0,73735.0,73473.0,73642.0,457.24686,8.1e-06,-0.0004352002,0.0021069953216922,0.081
2026-05-29 21:00:00+00:00,73642.0,73820.0,73365.0,73375.0,974.15351,5.4359e-06,-0.0004565126,-0.0036322370004479,0.054359
2026-05-29 22:00:00+00:00,73375.0,73527.0,73339.0,73445.0,482.77051,2.3514e-06,-0.0004811885,0.0009535486351177,0.023514
2026-05-29 23:00:00+00:00,73445.0,73484.0,73269.0,73431.0,595.53486,-3.242e-06,-0.0005259362,-0.0001906370004955,-0.03242
2026-05-30 00:00:00+00:00,73432.0,73551.0,73372.0,73467.0,301.34181,-1.8447e-06,-0.0005147579,0.0004901360225556,-0.018447
2026-05-30 01:00:00+00:00,73466.0,73625.0,73430.0,73618.0,333.55282,2.6233e-06,-0.000479014,0.0020532352455859,0.026233
2026-05-30 02:00:00+00:00,73618.0,73765.0,73576.0,73765.0,670.26043,4.166e-06,-0.0004666719,0.0019948033185059,0.0416599999999999
2026-05-30 03:00:00+00:00,73765.0,73765.0,73484.0,73493.0,495.23014,9.3895e-06,-0.0004248836,-0.0036942007814126,0.093895
2026-05-30 04:00:00+00:00,73494.0,73539.0,73163.0,73361.0,968.08971,1.1291e-05,-0.0004096723,-0.0017977043260537,0.11291
2026-05-30 05:00:00+00:00,73361.0,73614.0,73312.0,73569.0,570.52462,5.29e-08,-0.0004995766,0.0028312820927887,0.000529
2026-05-30 06:00:00+00:00,73569.0,73678.0,73491.0,73552.0,533.78174,7.4375e-06,-0.0004404997,-0.0002311022909803,0.074375
2026-05-30 07:00:00+00:00,73552.0,73552.0,73439.0,73511.0,368.1789,4.9166e-06,-0.0004606671,-0.0005575841790557,0.0491659999999999
2026-05-30 08:00:00+00:00,73512.0,73524.0,73470.0,73488.0,255.73937,6.697e-07,-0.0004946426,-0.0003129273013786,0.006697
2026-05-30 09:00:00+00:00,73488.0,73581.0,73471.0,73576.0,447.98072,1.14347e-05,-0.0004085228,0.0011967580169588,0.114347
2026-05-30 10:00:00+00:00,73577.0,73652.0,73556.0,73612.0,424.90268,1.0832e-06,-0.0004913347,0.0004891703225517,0.010832
2026-05-30 11:00:00+00:00,73613.0,73614.0,73532.0,73574.0,178.1071,1.25e-05,-0.0003787927,-0.0005163534690024,0.125
2026-05-30 12:00:00+00:00,73574.0,73695.0,73563.0,73678.0,442.2694,1.04263e-05,-0.0004165899,0.0014125447164378,0.104263
2026-05-30 13:00:00+00:00,73677.0,73828.0,73654.0,73801.0,1124.71646,1.25e-05,-0.0003619465,0.0016680344797426,0.125
2026-05-30 14:00:00+00:00,73801.0,74065.0,73794.0,73892.0,1144.96266,1.25e-05,-0.0002497495,0.0012322860462651,0.125
2026-05-30 15:00:00+00:00,73892.0,74005.0,73808.0,73885.0,1659.54219,1.25e-05,-0.0003969263,-9.47373407937561e-05,0.125
2026-05-30 16:00:00+00:00,73886.0,73943.0,73835.0,73893.0,470.47636,7.6213e-06,-0.0004390297,0.0001082705139846,0.076213
2026-05-30 17:00:00+00:00,73893.0,73994.0,73777.0,73985.0,659.32074,1.6045e-06,-0.0004871642,0.0012442690849155,0.016045
2026-05-30 18:00:00+00:00,73986.0,74095.0,73896.0,74007.0,509.64994,3.6157e-06,-0.0004710748,0.0002973133704803,0.036157
2026-05-30 19:00:00+00:00,74008.0,74038.0,73926.0,73980.0,209.96098,5.3855e-06,-0.0004569158,-0.0003648969206698,0.053855
2026-05-30 20:00:00+00:00,73980.0,73980.0,73888.0,73944.0,190.40359,2.1532e-06,-0.0004827743,-0.0004867364418314,0.021532
2026-05-30 21:00:00+00:00,73944.0,74018.0,73893.0,73950.0,141.47465,2.0342e-06,-0.0004837265,8.113919433225969e-05,0.020342
2026-05-30 22:00:00+00:00,73950.0,73950.0,73756.0,73844.0,344.48281,7.5672e-06,-0.0004394627,-0.0014344292484857,0.075672
2026-05-30 23:00:00+00:00,73845.0,73968.0,73745.0,73853.0,309.74353,5.8608e-06,-0.0004531136,0.0001218711282035,0.058608
2026-05-31 00:00:00+00:00,73853.0,74016.0,73827.0,74015.0,847.98643,7.2215e-06,-0.0004422276,0.0021911443289289,0.072215
2026-05-31 01:00:00+00:00,74016.0,74250.0,74000.0,74017.0,2066.48969,1.25e-05,-0.0003756809,2.7021184610315707e-05,0.125
2026-05-31 02:00:00+00:00,74018.0,74208.0,73839.0,74049.0,1167.5933,1.14157e-05,-0.0004086746,0.0004322396836304,0.114157
2026-05-31 03:00:00+00:00,74049.0,74196.0,74030.0,74118.0,361.0683,1.5067e-06,-0.0004879465,0.0009313815490353,0.0150669999999999
2026-05-31 04:00:00+00:00,74118.0,74195.0,74072.0,74156.0,221.46664,8.7142e-06,-0.0004302863,0.0005125645876142,0.087142
2026-05-31 05:00:00+00:00,74154.0,74182.0,74030.0,74037.0,264.01553,1.25e-05,-0.0003730963,-0.001606014124525,0.125
2026-05-31 06:00:00+00:00,74037.0,74067.0,73959.0,74022.0,130.6524,1.25e-05,-0.0003811442,-0.0002026219284382,0.125
2026-05-31 07:00:00+00:00,74022.0,74023.0,73802.0,73843.0,398.00182,1.06234e-05,-0.0004150132,-0.0024211285623975,0.106234
2026-05-31 08:00:00+00:00,73843.0,73953.0,73815.0,73918.0,221.27312,1.21651e-05,-0.0004026791,0.0010151529353596,0.121651
2026-05-31 09:00:00+00:00,73918.0,74000.0,73774.0,73806.0,260.71826,1.25e-05,-0.0003694939,-0.0015163415756417,0.125
2026-05-31 10:00:00+00:00,73806.0,73872.0,73708.0,73872.0,309.49395,1.25e-05,-0.0003891326,0.0008938366499302,0.125
2026-05-31 11:00:00+00:00,73871.0,73943.0,73863.0,73915.0,339.34307,1.04036e-05,-0.0004167712,0.0005819185884201,0.104036
2026-05-31 12:00:00+00:00,73914.0,73959.0,73830.0,73883.0,283.60473,1.16316e-05,-0.0004069475,-0.0004330234576925,0.116316
2026-05-31 13:00:00+00:00,73884.0,73984.0,73780.0,73835.0,625.64844,8.6493e-06,-0.0004308058,-0.0006498869696233,0.086493
2026-05-31 14:00:00+00:00,73835.0,73837.0,73424.0,73583.0,1453.21409,7.2069e-06,-0.0004423444,-0.003418853131363,0.072069
2026-05-31 15:00:00+00:00,73583.0,73750.0,73563.0,73631.0,479.69205,1.25e-05,-0.0003605,0.0006521119146412,0.125
2026-05-31 16:00:00+00:00,73632.0,73707.0,73377.0,73505.0,1195.50731,1.25e-05,-0.0003332372,-0.0017127015930858,0.125
2026-05-31 17:00:00+00:00,73505.0,73710.0,73445.0,73683.0,290.58801,1.25e-05,-0.0003057594,0.0024186766146009,0.125
2026-05-31 18:00:00+00:00,73684.0,73702.0,73555.0,73594.0,659.12321,1.25e-05,-0.0002597451,-0.0012086070579079,0.125
2026-05-31 19:00:00+00:00,73594.0,73634.0,73426.0,73541.0,667.57752,1.25e-05,-0.0003040005,-0.0007204268500671,0.125
2026-05-31 20:00:00+00:00,73541.0,73747.0,73541.0,73717.0,729.5953,1.25e-05,-0.000346519,0.002390363631218,0.125
2026-05-31 21:00:00+00:00,73717.0,73920.0,73604.0,73874.0,846.80072,1.25e-05,-0.0002324557,0.0021275018018525,0.125
2026-05-31 22:00:00+00:00,73874.0,73995.0,73652.0,73934.0,1371.40402,1.25e-05,-0.0002452292,0.0008118640844286,0.125
2026-05-31 23:00:00+00:00,73935.0,74180.0,73462.0,73658.0,2382.7511,1.25e-05,-0.0002046025,-0.0037400444701931,0.125
2026-06-01 00:00:00+00:00,73658.0,74075.0,73626.0,73870.0,778.67433,1.25e-05,-0.0002835026,0.0028740326707849,0.125
2026-06-01 01:00:00+00:00,73871.0,73900.0,73250.0,73268.0,1980.76588,1.25e-05,-0.0002636685,-0.0081828400426758,0.125
2026-06-01 02:00:00+00:00,73269.0,73833.0,73204.0,73766.0,1821.88012,1.25e-05,-0.0002929244,0.0067739693444367,0.125
2026-06-01 03:00:00+00:00,73766.0,74000.0,73700.0,73737.0,1440.19694,1.25e-05,-0.0003312769,-0.0003932123465103,0.125
2026-06-01 04:00:00+00:00,73737.0,73810.0,73325.0,73502.0,1164.4606,1.25e-05,-0.0003286259,-0.0031920917629616,0.125
2026-06-01 05:00:00+00:00,73503.0,73509.0,73300.0,73327.0,361.91616,1.25e-05,-0.0003920543,-0.0023837264146007,0.125
2026-06-01 06:00:00+00:00,73327.0,73347.0,72944.0,73131.0,1146.7482,1.25e-05,-0.0003859159,-0.002676536850285,0.125
2026-06-01 07:00:00+00:00,73132.0,73187.0,72684.0,72792.0,1970.43287,1.25e-05,-0.0003674643,-0.0046462944136598,0.125
2026-06-01 08:00:00+00:00,72793.0,72925.0,72606.0,72890.0,895.09122,1.25e-05,-0.0002425802,0.0013453963397319,0.125
2026-06-01 09:00:00+00:00,72890.0,73090.0,72819.0,72864.0,738.86198,1.25e-05,-0.0001557591,-0.0003567655127924,0.125
2026-06-01 10:00:00+00:00,72864.0,72888.0,72571.0,72740.0,692.30468,1.25e-05,-0.000219252,-0.001703250322486,0.125
2026-06-01 11:00:00+00:00,72741.0,72759.0,72258.0,72456.0,1682.12619,1.25e-05,-0.0001897495,-0.0039119584861956,0.125
2026-06-01 12:00:00+00:00,72456.0,72606.0,71845.0,72204.0,5390.63662,1.25e-05,-0.0001972569,-0.0034840350464323,0.125
2026-06-01 13:00:00+00:00,72205.0,72225.0,71327.0,71700.0,6055.46957,1.25e-05,-0.0002078434,-0.0070046984206403,0.125
2026-06-01 14:00:00+00:00,71699.0,71877.0,71397.0,71559.0,3528.76489,1.25e-05,-0.0002429276,-0.0019684633500088,0.125
2026-06-01 15:00:00+00:00,71559.0,71672.0,71060.0,71128.0,4085.48095,1.25e-05,-0.0001199342,-0.0060412134367279,0.125
2026-06-01 16:00:00+00:00,71129.0,71595.0,70683.0,71552.0,4014.26862,1.25e-05,-6.88623e-05,0.0059433872737414,0.125
2026-06-01 17:00:00+00:00,71553.0,71788.0,71460.0,71648.0,1848.63991,1.25e-05,-7.99096e-05,0.001340782323765,0.125
2026-06-01 18:00:00+00:00,71647.0,71683.0,71359.0,71484.0,2424.59386,1.25e-05,-9.62261e-05,-0.0022915919817936,0.125
2026-06-01 19:00:00+00:00,71484.0,71657.0,71369.0,71586.0,736.67417,1.25e-05,-0.0001932354,0.0014258756871676,0.125
2026-06-01 20:00:00+00:00,71586.0,71691.0,71395.0,71425.0,801.15048,1.25e-05,-0.0001648118,-0.0022515760048814,0.125
2026-06-01 21:00:00+00:00,71424.0,71428.0,70914.0,71022.0,2868.17279,1.25e-05,-0.0001116502,-0.0056582599170251,0.125
2026-06-01 22:00:00+00:00,71023.0,71475.0,70828.0,71413.0,2722.35503,1.25e-05,-0.00025474,0.0054902374016128,0.125
2026-06-01 23:00:00+00:00,71413.0,71589.0,71218.0,71411.0,3376.80433,1.25e-05,-5.89034e-05,-2.8006497509225683e-05,0.125
2026-06-02 00:00:00+00:00,71411.0,71412.0,71091.0,71279.0,1224.24481,1.25e-05,5.2843e-05,-0.001850165220467,0.125
2026-06-02 01:00:00+00:00,71280.0,71350.0,70620.0,70633.0,1764.29228,1.25e-05,-8.32595e-05,-0.0091042964956131,0.125
2026-06-02 02:00:00+00:00,70641.0,70854.0,70127.0,70822.0,5314.56334,1.25e-05,-0.0002088662,0.0026722295071612,0.125
2026-06-02 03:00:00+00:00,70822.0,71027.0,70782.0,70943.0,1137.27514,1.25e-05,-0.0002401003,0.0017070508148421,0.125
2026-06-02 04:00:00+00:00,70944.0,71032.0,70711.0,70801.0,887.58689,1.25e-05,-0.0001674791,-0.002003612816126,0.125
2026-06-02 05:00:00+00:00,70801.0,70831.0,70240.0,70253.0,1735.12883,1.25e-05,-0.0001460967,-0.0077701129653393,0.125
2026-06-02 06:00:00+00:00,70253.0,70422.0,69924.0,70074.0,3419.1335,1.25e-05,-0.0001842782,-0.0025511854038896,0.125
2026-06-02 07:00:00+00:00,70075.0,70244.0,69709.0,70089.0,3042.28561,1.25e-05,-0.0002489549,0.0002140365154465,0.125
2026-06-02 08:00:00+00:00,70096.0,70142.0,69673.0,69792.0,1212.85806,1.25e-05,-0.0003838558,-0.0042464730207112,0.125
2026-06-02 09:00:00+00:00,69792.0,69822.0,69300.0,69409.0,3130.66523,1.25e-05,-0.0003900708,-0.0055028479174544,0.125
2026-06-02 10:00:00+00:00,69409.0,69747.0,69330.0,69633.0,1491.4325,1.25e-05,-0.0003022979,0.0032220508017728,0.125
2026-06-02 11:00:00+00:00,69633.0,69646.0,69390.0,69452.0,581.73959,1.25e-05,-0.0002262183,-0.0026027264216453,0.125
2026-06-02 12:00:00+00:00,69453.0,69529.0,68974.0,68975.0,2449.81919,1.25e-05,-0.0002247699,-0.0068917463785415,0.125
2026-06-02 13:00:00+00:00,68975.0,69154.0,68734.0,68785.0,5664.63865,1.25e-05,-0.000280871,-0.0027584221903909,0.125
2026-06-02 14:00:00+00:00,68785.0,68812.0,67591.0,68006.0,10478.38261,1.25e-05,-0.0003187549,-0.0113897613352391,0.125
2026-06-02 15:00:00+00:00,68007.0,68073.0,67050.0,67288.0,8543.20774,1.25e-05,-0.000289573,-0.0106140219175835,0.125
2026-06-02 16:00:00+00:00,67288.0,68132.0,67221.0,67390.0,4970.55446,1.25e-05,-0.0003024223,0.0015147242979894,0.125
2026-06-02 17:00:00+00:00,67389.0,67823.0,67345.0,67471.0,3057.3568,1.25e-05,-0.0002648595,0.0012012369734771,0.125
2026-06-02 18:00:00+00:00,67472.0,67636.0,67100.0,67315.0,2566.12105,1.25e-05,-0.0003586428,-0.0023147815004045,0.125
2026-06-02 19:00:00+00:00,67315.0,67475.0,66356.0,67291.0,8499.61281,1.25e-05,-0.0002827398,-0.0003565962922057,0.125
2026-06-02 20:00:00+00:00,67291.0,67684.0,66877.0,67567.0,4921.71312,1.14694e-05,-0.0004082449,0.0040932000377949,0.114694
2026-06-02 21:00:00+00:00,67567.0,67899.0,67377.0,67532.0,3344.53686,1.25e-05,-0.0003170392,-0.0005181385618402,0.125
2026-06-02 22:00:00+00:00,67533.0,67533.0,66211.0,66345.0,8616.49533,1.22734e-05,-0.0004018125,-0.0177331596265474,0.122734
2026-06-02 23:00:00+00:00,66345.0,66837.0,66169.0,66732.0,6402.44771,1.16162e-05,-0.0004070706,0.0058161980050273,0.116162
2026-06-03 00:00:00+00:00,66732.0,67155.0,66624.0,66897.0,2936.35283,8.7306e-06,-0.0004301549,0.0024695250859484,0.087306
2026-06-03 01:00:00+00:00,66897.0,67015.0,66437.0,66881.0,2071.82454,7.431e-07,-0.000494055,-0.0002392022616019,0.007431
2026-06-03 02:00:00+00:00,66881.0,66904.0,66550.0,66578.0,1095.3173,3.0357e-06,-0.0004757142,-0.0045407281728423,0.030357
2026-06-03 03:00:00+00:00,66578.0,66629.0,65417.0,65812.0,6249.90172,5.3228e-06,-0.0004574173,-0.0115720001205279,0.053228
2026-06-03 04:00:00+00:00,65811.0,66590.0,65792.0,66425.0,2700.38493,5.7221e-06,-0.0004542229,0.0092712991214734,0.057221
2026-06-03 05:00:00+00:00,66425.0,67367.0,66425.0,67295.0,4657.07401,1.2946e-06,-0.0004896434,0.0130124480398018,0.012946
2026-06-03 06:00:00+00:00,67295.0,67479.0,66918.0,66938.0,2795.6037,8.7504e-06,-0.000429997,-0.0053191218510806,0.087504
2026-06-03 07:00:00+00:00,66938.0,67301.0,66836.0,67192.0,1193.50711,7.833e-06,-0.000437336,0.0037873749887276,0.07833
2026-06-03 08:00:00+00:00,67193.0,67226.0,66934.0,66987.0,841.20571,2.055e-06,-0.0004835597,-0.0030556221093329,0.02055
2026-06-03 09:00:00+00:00,66988.0,67300.0,66615.0,67051.0,1306.77607,2.9365e-06,-0.000476508,0.0009549531455804,0.029365
2026-06-03 10:00:00+00:00,67050.0,67442.0,67033.0,67268.0,2355.5081,4.7254e-06,-0.0004621964,0.0032311168009299,0.047254
2026-06-03 11:00:00+00:00,67268.0,67345.0,67017.0,67044.0,1488.11748,1.22405e-05,-0.0004020762,-0.0033355203954915,0.122405
2026-06-03 12:00:00+00:00,67045.0,67148.0,66759.0,67061.0,1731.98472,1.25e-05,-0.0003799002,0.0002535326809747,0.125
2026-06-03 13:00:00+00:00,67062.0,67230.0,66618.0,66887.0,3093.94595,1.25e-05,-0.0003444459,-0.0025980245747767,0.125
2026-06-03 14:00:00+00:00,66888.0,66981.0,66638.0,66841.0,2066.70315,1.25e-05,-0.0002474649,-0.0006879636547961,0.125
2026-06-03 15:00:00+00:00,66841.0,66870.0,66053.0,66055.0,3386.96207,1.25e-05,-0.0002337651,-0.0118289363860964,0.125
2026-06-03 16:00:00+00:00,66054.0,66365.0,65535.0,66050.0,6482.47035,1.25e-05,-0.000261677,-7.569736198307411e-05,0.125
2026-06-03 17:00:00+00:00,66049.0,66181.0,65692.0,65945.0,1883.48877,1.25e-05,-0.0002165026,-0.0015909696904862,0.125
2026-06-03 18:00:00+00:00,65944.0,66148.0,65730.0,66022.0,1593.72219,1.25e-05,-0.0001666453,0.0011669585386977,0.125
2026-06-03 19:00:00+00:00,66022.0,66037.0,65204.0,65465.0,2983.45032,1.25e-05,-0.0002138945,-0.0084723711368293,0.125
2026-06-03 20:00:00+00:00,65461.0,65598.0,64688.0,64988.0,6285.19884,1.25e-05,-0.0001678726,-0.0073130112122127,0.125
2026-06-03 21:00:00+00:00,64988.0,65853.0,64936.0,65750.0,4611.99968,1.25e-05,-0.0002334662,0.01165703359037,0.125
2026-06-03 22:00:00+00:00,65749.0,65822.0,64762.0,64884.0,5041.29801,1.25e-05,-0.0002098459,-0.0132586108700057,0.125
2026-06-03 23:00:00+00:00,64884.0,64959.0,64061.0,64118.0,6882.91177,1.25e-05,-0.0003716433,-0.011875924448889,0.125
2026-06-04 00:00:00+00:00,64118.0,64413.0,62980.0,63310.0,8198.336,1.25e-05,-0.0003727867,-0.0126818411829438,0.125
2026-06-04 01:00:00+00:00,63312.0,63496.0,62076.0,62148.0,7562.7258,1.16035e-05,-0.0004071721,-0.0185246573262803,0.116035
2026-06-04 02:00:00+00:00,62148.0,63603.0,61350.0,63190.0,12606.95184,6.7587e-06,-0.0004459304,0.0166274235556092,0.067587
2026-06-04 03:00:00+00:00,63189.0,64508.0,63181.0,64342.0,6377.23223,8.5033e-06,-0.0004319739,0.0180665454040644,0.085033
2026-06-04 04:00:00+00:00,64341.0,64752.0,64240.0,64374.0,3053.52815,6.0531e-06,-0.0004515753,0.0004972186932357,0.0605309999999999
2026-06-04 05:00:00+00:00,64374.0,64374.0,63615.0,63927.0,3157.62682,4.2721e-06,-0.0004658231,-0.0069680175307718,0.042721
2026-06-04 06:00:00+00:00,63927.0,64468.0,63861.0,63994.0,1740.94493,3.4197e-06,-0.0004726428,0.0010475216129737,0.034197
2026-06-04 07:00:00+00:00,63997.0,64046.0,63456.0,63566.0,2520.10491,1.0114e-05,-0.0004190877,-0.0067105927585778,0.10114
2026-06-04 08:00:00+00:00,63565.0,63878.0,63212.0,63605.0,2963.29414,3.4241e-06,-0.0004726071,0.0006133474018862,0.034241
2026-06-04 09:00:00+00:00,63606.0,63618.0,62680.0,63230.0,3677.18068,5.2245e-06,-0.0004582042,-0.0059132115376524,0.052245
2026-06-04 10:00:00+00:00,63231.0,63250.0,62266.0,62386.0,3965.43342,6.6623e-06,-0.0004467019,-0.0134379808417386,0.066623
2026-06-04 11:00:00+00:00,62387.0,62802.0,62160.0,62514.0,3136.88503,-4.5162e-06,-0.0005361298,0.0020496404293185,-0.045162
2026-06-04 12:00:00+00:00,62515.0,63959.0,62360.0,63736.0,6547.47893,-1.0187e-05,-0.0005814957,0.0193590204199632,-0.1018699999999999
2026-06-04 13:00:00+00:00,63736.0,64244.0,63045.0,64184.0,7128.15872,1.25e-05,-0.0003922656,0.0070044063732898,0.125
2026-06-04 14:00:00+00:00,64185.0,64464.0,63750.0,63925.0,3342.89059,3.9124e-06,-0.0004687007,-0.0040434372741045,0.039124
2026-06-04 15:00:00+00:00,63923.0,64380.0,63662.0,63862.0,2198.99678,7.613e-07,-0.0004939092,-0.0009860158717896,0.007613
2026-06-04 16:00:00+00:00,63861.0,63891.0,63418.0,63536.0,2992.87915,4.9885e-06,-0.0004600917,-0.0051178309165649,0.049885
2026-06-04 17:00:00+00:00,63536.0,63692.0,62935.0,63518.0,4189.18918,-6.88e-07,-0.000505504,-0.0002833440918101,-0.00688
2026-06-04 18:00:00+00:00,63514.0,64117.0,63108.0,63788.0,3507.95321,6.9786e-06,-0.0004441714,0.0042417545886402,0.069786
2026-06-04 19:00:00+00:00,63787.0,64138.0,63499.0,63596.0,3834.17274,1.25e-05,-0.0003740205,-0.0030145095992631,0.125
2026-06-04 20:00:00+00:00,63597.0,63630.0,63138.0,63615.0,3656.90641,1.25e-05,-0.0003675202,0.000298716308201,0.125
2026-06-04 21:00:00+00:00,63615.0,63848.0,63071.0,63255.0,3799.27999,5.5109e-06,-0.0004559132,-0.0056751157280308,0.055109
2026-06-04 22:00:00+00:00,63255.0,63753.0,63160.0,63715.0,2400.61581,3.6956e-06,-0.0004704349,0.0072458377976095,0.0369559999999999
2026-06-04 23:00:00+00:00,63715.0,63896.0,63352.0,63855.0,2121.73411,6.9637e-06,-0.0004442908,0.0021948742839827,0.069637
2026-06-05 00:00:00+00:00,63854.0,63949.0,63373.0,63399.0,1158.31383,1.25e-05,-0.0003850448,-0.0071667995001006,0.125
2026-06-05 01:00:00+00:00,63399.0,63542.0,63017.0,63341.0,2261.22089,5.2486e-06,-0.0004580111,-0.0009152596504479,0.052486
2026-06-05 02:00:00+00:00,63342.0,63414.0,62556.0,62574.0,2657.92111,8.6931e-06,-0.0004304549,-0.012182972430546,0.086931
2026-06-05 03:00:00+00:00,62574.0,62864.0,62293.0,62707.0,3172.90832,-4.9586e-06,-0.0005396687,0.0021232277833785,-0.049586
2026-06-05 04:00:00+00:00,62706.0,63671.0,62440.0,63601.0,3368.97071,-4.8042e-06,-0.0005384338,0.014156109342398,-0.0480419999999999
2026-06-05 05:00:00+00:00,63601.0,63707.0,62222.0,62274.0,4465.38716,1.22032e-05,-0.0004023743,-0.0210851902817004,0.122032
2026-06-05 06:00:00+00:00,62280.0,62600.0,61095.0,61923.0,9965.0801,1.10996e-05,-0.0004112033,-0.0056523254909767,0.110996
2026-06-05 07:00:00+00:00,61925.0,63094.0,61350.0,63091.0,4551.06413,6.1619e-06,-0.0004507045,0.0186864509093557,0.061619
2026-06-05 08:00:00+00:00,63091.0,63104.0,62260.0,62437.0,2786.55761,1.25e-05,-0.0003493078,-0.0104200802608859,0.125
2026-06-05 09:00:00+00:00,62436.0,63258.0,62421.0,62838.0,3698.35285,1.25e-05,-0.0003929526,0.0064019376503636,0.125
2026-06-05 10:00:00+00:00,62838.0,62907.0,62350.0,62524.0,1895.36516,1.25e-05,-0.000319587,-0.0050095029858389,0.125
2026-06-05 11:00:00+00:00,62516.0,62600.0,61929.0,61930.0,2611.88441,1.19119e-05,-0.0004047051,-0.0095457680832551,0.119119
2026-06-05 12:00:00+00:00,61930.0,62426.0,61579.0,61931.0,4545.21368,7.0565e-06,-0.0004435481,1.61471326732419e-05,0.070565
2026-06-05 13:00:00+00:00,61931.0,62300.0,60685.0,60700.0,5240.02021,6.151e-06,-0.0004507916,-0.0200771640171902,0.06151
2026-06-05 14:00:00+00:00,60700.0,61203.0,60304.0,60822.0,9201.79366,4.7295e-06,-0.0004621638,0.002007867562865,0.047295
2026-06-05 15:00:00+00:00,60828.0,61086.0,60006.0,60405.0,8088.38282,-3.2618e-06,-0.0005260945,-0.0068796826567903,-0.032618
2026-06-05 16:00:00+00:00,60406.0,61536.0,59738.0,61372.0,12051.61248,-7.1493e-06,-0.0005571943,0.0158818221114321,-0.071493
2026-06-05 17:00:00+00:00,61371.0,61496.0,60630.0,60780.0,4909.6186,5.4877e-06,-0.0004560985,-0.0096929175943122,0.054877
2026-06-05 18:00:00+00:00,60779.0,60932.0,59107.0,59364.0,8120.51199,8.3511e-06,-0.0004331913,-0.0235728054550751,0.083511
2026-06-05 19:00:00+00:00,59363.0,60449.0,59100.0,60272.0,7045.90478,4.0932e-06,-0.0004672547,0.0151796689161133,0.040932
2026-06-05 20:00:00+00:00,60272.0,61792.0,59909.0,61624.0,12240.25117,6.7702e-06,-0.0004458387,0.0221837541009793,0.067702
2026-06-05 21:00:00+00:00,61624.0,61998.0,61436.0,61666.0,4068.06496,1.25e-05,-0.0003287295,0.0006813204903023,0.125
2026-06-05 22:00:00+00:00,61666.0,61994.0,61204.0,61570.0,9492.57061,1.25e-05,-0.0002270682,-0.0015579866178482,0.125
2026-06-05 23:00:00+00:00,61570.0,61751.0,60482.0,61033.0,6893.36931,1.25e-05,-0.0001919176,-0.0087600374221275,0.125
2026-06-06 00:00:00+00:00,61033.0,61508.0,61013.0,61254.0,2923.39724,1.25e-05,-0.0003850826,0.003614451913942,0.125
2026-06-06 01:00:00+00:00,61254.0,61365.0,60931.0,61045.0,1327.49682,1.25e-05,-0.0003303613,-0.0034178562941146,0.125
2026-06-06 02:00:00+00:00,61046.0,61170.0,60650.0,60933.0,1366.52208,1.25e-05,-0.0003009275,-0.0018363972433604,0.125
2026-06-06 03:00:00+00:00,60932.0,60949.0,60498.0,60663.0,1260.84052,1.25e-05,-0.0002588675,-0.004440942855756,0.125
2026-06-06 04:00:00+00:00,60665.0,60854.0,59459.0,60074.0,6524.57667,1.25e-05,-0.0002727531,-0.0097568213970559,0.125
2026-06-06 05:00:00+00:00,60074.0,61046.0,59587.0,60926.0,7721.4639,6.8869e-06,-0.000444905,0.0140828773752288,0.068869
2026-06-06 06:00:00+00:00,60923.0,61240.0,60656.0,60760.0,4390.88134,1.25e-05,-0.0003661332,-0.0027283352723031,0.125
2026-06-06 07:00:00+00:00,60761.0,61210.0,60706.0,60975.0,1824.4845,9.2497e-06,-0.0004260024,0.0035322663744118,0.092497
2026-06-06 08:00:00+00:00,60976.0,61475.0,60855.0,61232.0,1170.46192,1.00061e-05,-0.0004199511,0.0042059845813623,0.100061
2026-06-06 09:00:00+00:00,61233.0,61313.0,60858.0,60953.0,1544.93434,1.09625e-05,-0.0004122997,-0.0045668532946809,0.109625
2026-06-06 10:00:00+00:00,60953.0,60953.0,60176.0,60574.0,2805.96915,1.8646e-06,-0.0004850836,-0.0062373172829282,0.018646
2026-06-06 11:00:00+00:00,60574.0,60937.0,60521.0,60774.0,1264.24587,-1.7806e-06,-0.0005142449,0.0032963078269777,-0.017806
2026-06-06 12:00:00+00:00,60774.0,61166.0,60603.0,60992.0,1536.61656,3.4016e-06,-0.0004727868,0.0035806420990218,0.034016
2026-06-06 13:00:00+00:00,60992.0,61076.0,60672.0,60771.0,1745.31155,-5.136e-06,-0.0005410882,-0.0036300065319578,-0.0513599999999999
2026-06-06 14:00:00+00:00,60771.0,60978.0,60744.0,60760.0,1113.80445,9.803e-07,-0.0004921574,-0.0001810237722068,0.009803
2026-06-06 15:00:00+00:00,60759.0,60891.0,60323.0,60751.0,2906.12741,2.071e-07,-0.0004983429,-0.0001481347370437,0.002071
2026-06-06 16:00:00+00:00,60751.0,60936.0,60462.0,60737.0,1274.18533,-6.3827e-06,-0.0005510615,-0.0002304754389235,-0.063827
2026-06-06 17:00:00+00:00,60737.0,60818.0,60458.0,60559.0,2367.49644,-1.5282e-06,-0.0005122258,-0.0029349711082828,-0.015282
2026-06-06 18:00:00+00:00,60559.0,60724.0,60382.0,60608.0,1100.11623,5.5518e-06,-0.0004555855,0.000808801120291,0.055518
2026-06-06 19:00:00+00:00,60609.0,60766.0,60514.0,60571.0,704.6564,1.25e-05,-0.0003984739,-0.0006106668836979,0.125
2026-06-06 20:00:00+00:00,60570.0,60730.0,60500.0,60680.0,540.97087,1.25e-05,-0.0003820069,0.0017979238004163,0.125
2026-06-06 21:00:00+00:00,60681.0,60988.0,60680.0,60722.0,1561.55514,8.5901e-06,-0.0004312791,0.0006919161410128,0.0859009999999999
2026-06-06 22:00:00+00:00,60723.0,60797.0,60400.0,60518.0,1337.46772,9.0115e-06,-0.000427908,-0.0033652291738867,0.090115
2026-06-06 23:00:00+00:00,60516.0,60937.0,60511.0,60861.0,1167.72245,1.6941e-06,-0.0004864468,0.0056517340398443,0.016941
2026-06-07 00:00:00+00:00,60860.0,60974.0,60714.0,60750.0,1293.43482,5.9838e-06,-0.0004521299,-0.0018254932666441,0.059838
2026-06-07 01:00:00+00:00,60749.0,61636.0,60727.0,61455.0,3594.08795,4.4983e-06,-0.0004640139,0.0115381174462863,0.0449829999999999
2026-06-07 02:00:00+00:00,61455.0,61551.0,61136.0,61480.0,2513.39837,1.25e-05,-0.0003505368,0.000406719003451,0.125
2026-06-07 03:00:00+00:00,61480.0,61754.0,61400.0,61686.0,862.68391,1.25e-05,-0.000381958,0.0033450821182413,0.125
2026-06-07 04:00:00+00:00,61685.0,61888.0,61463.0,61871.0,1376.39573,1.25e-05,-0.000346388,0.0029945715458987,0.125
2026-06-07 05:00:00+00:00,61871.0,62130.0,61630.0,61721.0,1733.82548,1.25e-05,-0.0003305881,-0.0024273427673296,0.125
2026-06-07 06:00:00+00:00,61721.0,62258.0,61599.0,62079.0,1931.72904,1.25e-05,-0.0003786101,0.0057835379305958,0.125
2026-06-07 07:00:00+00:00,62078.0,62401.0,61972.0,62384.0,834.97275,1.25e-05,-0.0003195403,0.0049010647424401,0.125
2026-06-07 08:00:00+00:00,62384.0,62955.0,62238.0,62839.0,2105.09211,1.25e-05,-0.0003033403,0.0072670675896231,0.125
2026-06-07 09:00:00+00:00,62838.0,62879.0,62384.0,62521.0,960.19142,1.25e-05,-0.0003038389,-0.0050733995228677,0.125
2026-06-07 10:00:00+00:00,62521.0,62558.0,62302.0,62360.0,1004.28655,1.25e-05,-0.0003090766,-0.0025784561174211,0.125
2026-06-07 11:00:00+00:00,62359.0,62763.0,62350.0,62615.0,893.61041,1.25e-05,-0.0002537828,0.0040808218264201,0.125
2026-06-07 12:00:00+00:00,62615.0,62636.0,61558.0,61895.0,4064.83129,1.25e-05,-0.0001733374,-0.0115654650322221,0.125
2026-06-07 13:00:00+00:00,61894.0,61897.0,61646.0,61701.0,1059.39583,1.25e-05,-0.0002115719,-0.0031392627483413,0.125
2026-06-07 14:00:00+00:00,61701.0,62300.0,61692.0,61901.0,1559.32984,1.25e-05,-0.0001110224,0.0032361964134791,0.125
2026-06-07 15:00:00+00:00,61900.0,62207.0,61661.0,62072.0,1303.32995,1.25e-05,-0.0001425008,0.0027586669427368,0.125
2026-06-07 16:00:00+00:00,62072.0,62300.0,61938.0,62056.0,1255.04733,1.25e-05,-0.00021767,-0.0002577984030776,0.125
2026-06-07 17:00:00+00:00,62056.0,62308.0,62024.0,62138.0,999.36424,1.25e-05,-0.0002978719,0.0013205148705361,0.125
2026-06-07 18:00:00+00:00,62137.0,62284.0,61985.0,61998.0,840.15639,1.25e-05,-0.0003590899,-0.0022555915988338,0.125
2026-06-07 19:00:00+00:00,61998.0,62008.0,61145.0,61300.0,4450.7319,1.25e-05,-0.0003378425,-0.0113222835181071,0.125
2026-06-07 20:00:00+00:00,61299.0,61946.0,61192.0,61851.0,1876.34309,5.7508e-06,-0.0004539939,0.0089484239143749,0.057508
2026-06-07 21:00:00+00:00,61851.0,61986.0,61619.0,61749.0,1022.0508,1.12983e-05,-0.0004096136,-0.0016504858115676,0.112983
2026-06-07 22:00:00+00:00,61750.0,64228.0,61696.0,62833.0,7837.80708,1.07416e-05,-0.0004140668,0.017402632121123,0.107416
2026-06-07 23:00:00+00:00,62834.0,63443.0,62779.0,63309.0,2255.14119,1.25e-05,-0.0003307763,0.0075470859721892,0.125
2026-06-08 00:00:00+00:00,63309.0,63862.0,63120.0,63612.0,2105.50408,1.25e-05,-0.0002882361,0.0047746326553838,0.125
2026-06-08 01:00:00+00:00,63613.0,63627.0,62700.0,63192.0,2374.77521,1.25e-05,-0.0002661072,-0.0066244209315513,0.125
2026-06-08 02:00:00+00:00,63191.0,63239.0,62885.0,63109.0,1732.84186,1.25e-05,-0.0003312893,-0.0013143207408986,0.125
2026-06-08 03:00:00+00:00,63105.0,63464.0,62956.0,63100.0,1074.72601,1.25e-05,-0.0003915706,-0.0001426205740518,0.125
2026-06-08 04:00:00+00:00,63100.0,63158.0,62628.0,62661.0,1362.95836,1.25e-05,-0.0003999325,-0.0069815250058777,0.125
2026-06-08 05:00:00+00:00,62660.0,62796.0,62375.0,62739.0,2103.14635,9.0084e-06,-0.0004279325,0.0012440192991912,0.090084
2026-06-08 06:00:00+00:00,62739.0,63118.0,62711.0,62960.0,921.9829,3.7638e-06,-0.0004698895,0.0035163402686667,0.037638
2026-06-08 07:00:00+00:00,62959.0,63329.0,62781.0,63263.0,1484.12856,5.4021e-06,-0.0004567829,0.0048010359761837,0.054021
2026-06-08 08:00:00+00:00,63261.0,63261.0,62959.0,63100.0,631.22099,5.9224e-06,-0.0004526205,-0.0025798705381641,0.059224
2026-06-08 09:00:00+00:00,63101.0,63575.0,63094.0,63480.0,3275.05201,5.4352e-06,-0.0004565187,0.0060041261110408,0.054352
2026-06-08 10:00:00+00:00,63479.0,63541.0,63059.0,63122.0,1323.05288,1.25e-05,-0.0003302617,-0.0056555339444964,0.125
2026-06-08 11:00:00+00:00,63123.0,63854.0,63021.0,63454.0,2293.08325,1.25e-05,-0.0003772723,0.0052458722248057,0.125
2026-06-08 12:00:00+00:00,63454.0,63927.0,62676.0,63808.0,6011.59426,1.25e-05,-0.0003977707,0.0055633404008556,0.125
2026-06-08 13:00:00+00:00,63822.0,63921.0,63320.0,63728.0,3069.40862,9.738e-06,-0.0004220963,-0.0012545479000847,0.09738
2026-06-08 14:00:00+00:00,63729.0,64066.0,63541.0,63943.0,1503.67337,1.25e-05,-0.0003519271,0.0033680350782957,0.125
2026-06-08 15:00:00+00:00,63944.0,64196.0,63683.0,63755.0,2238.46195,1.25e-05,-0.0003731659,-0.0029444491820787,0.125
2026-06-08 16:00:00+00:00,63755.0,64030.0,63453.0,63505.0,2000.96916,1.25e-05,-0.0003582812,-0.0039289693792224,0.125
2026-06-08 17:00:00+00:00,63504.0,63630.0,63262.0,63536.0,2008.93465,1.25e-05,-0.0003291079,0.0004880314326129,0.125
2026-06-08 18:00:00+00:00,63536.0,63665.0,63303.0,63440.0,934.08498,1.25e-05,-0.0003460072,-0.001512097062303,0.125
2026-06-08 19:00:00+00:00,63441.0,63573.0,63322.0,63349.0,548.27682,7.6548e-06,-0.0004387612,-0.0014354560036866,0.076548
2026-06-08 20:00:00+00:00,63350.0,63460.0,63143.0,63459.0,882.59406,1.15462e-05,-0.0004076304,0.001734906750217,0.115462
2026-06-08 21:00:00+00:00,63459.0,63835.0,63459.0,63693.0,1193.54701,1.19508e-05,-0.0004043935,0.0036806383567441,0.119508
2026-06-08 22:00:00+00:00,63694.0,63694.0,63186.0,63417.0,1276.86561,1.1924e-05,-0.0004046079,-0.0043427021282084,0.11924
2026-06-08 23:00:00+00:00,63419.0,63586.0,62951.0,63058.0,1981.18886,8.1008e-06,-0.0004351936,-0.0056770265138985,0.081008
2026-06-09 00:00:00+00:00,63058.0,63151.0,62395.0,62537.0,2648.46901,6.0949e-06,-0.0004512405,-0.0082965562082766,0.0609489999999999
2026-06-09 01:00:00+00:00,62537.0,62856.0,62522.0,62730.0,2155.01826,8.7593e-06,-0.0004299258,0.0030814205291684,0.0875929999999999
2026-06-09 02:00:00+00:00,62731.0,62851.0,62506.0,62850.0,1663.84738,7.7685e-06,-0.0004378524,0.0019111329276045,0.077685
2026-06-09 03:00:00+00:00,62849.0,62947.0,62665.0,62847.0,1269.05796,2.3737e-06,-0.00048101,-4.773383613882508e-05,0.0237369999999999
2026-06-09 04:00:00+00:00,62846.0,63417.0,62723.0,63222.0,1501.3151,4.747e-06,-0.0004620237,0.0059491406453278,0.04747
2026-06-09 05:00:00+00:00,63221.0,63514.0,63085.0,63323.0,1797.13589,1.25e-05,-0.0003966434,0.0015962704404968,0.125
2026-06-09 06:00:00+00:00,63323.0,63500.0,63208.0,63280.0,835.73587,1.25e-05,-0.0003008874,-0.0006792888265439,0.125
2026-06-09 07:00:00+00:00,63280.0,63421.0,62977.0,63178.0,1037.73661,1.25e-05,-0.0002945762,-0.0016131841737191,0.125
2026-06-09 08:00:00+00:00,63177.0,63196.0,62748.0,62823.0,1264.7218,1.25e-05,-0.0003594923,-0.0056348908235544,0.125
2026-06-09 09:00:00+00:00,62824.0,62930.0,62566.0,62687.0,1210.26026,1.25e-05,-0.0003701302,-0.0021671588435642,0.125
2026-06-09 10:00:00+00:00,62688.0,62811.0,62573.0,62764.0,643.30915,9.5852e-06,-0.0004233182,0.0012275710782611,0.0958519999999999
2026-06-09 11:00:00+00:00,62763.0,62783.0,62461.0,62682.0,1686.06056,1.15313e-05,-0.0004077499,-0.0013073356133958,0.1153129999999999
2026-06-09 12:00:00+00:00,62681.0,62882.0,62403.0,62613.0,1722.91154,1.18977e-05,-0.0004048187,-0.0011014008057021,0.118977
2026-06-09 13:00:00+00:00,62613.0,62735.0,62136.0,62254.0,3498.08327,1.25e-05,-0.0003952308,-0.0057501339691886,0.125
2026-06-09 14:00:00+00:00,62254.0,62369.0,61140.0,61533.0,5711.31619,1.25e-05,-0.0003580222,-0.0116491740406587,0.125
2026-06-09 15:00:00+00:00,61529.0,61684.0,61003.0,61111.0,4882.27346,1.25e-05,-0.0003768378,-0.0068817335610501,0.125
2026-06-09 16:00:00+00:00,61110.0,61468.0,60765.0,61369.0,5515.31202,1.25e-05,-0.0003850694,0.0042129389549357,0.125
2026-06-09 17:00:00+00:00,61369.0,61870.0,61369.0,61671.0,3970.04407,1.25e-05,-0.0003077422,0.0049089825498837,0.125
2026-06-09 18:00:00+00:00,61670.0,61938.0,61566.0,61763.0,1997.34565,1.25e-05,-0.000305761,0.0014906754546753,0.125
2026-06-09 19:00:00+00:00,61760.0,62084.0,61691.0,62074.0,1798.96874,1.25e-05,-0.0003615031,0.0050227420532439,0.125
2026-06-09 20:00:00+00:00,62076.0,62250.0,61926.0,62139.0,871.81666,1.0431e-05,-0.000416552,0.0010465894219308,0.10431
2026-06-09 21:00:00+00:00,62139.0,62153.0,61663.0,61728.0,1538.05889,9.4667e-06,-0.0004242665,-0.0066361744181769,0.094667
2026-06-09 22:00:00+00:00,61729.0,61950.0,61634.0,61689.0,1194.05341,4.127e-07,-0.0004966983,-0.0006320037158275,0.004127
2026-06-09 23:00:00+00:00,61689.0,61855.0,61528.0,61695.0,531.35242,1.2339e-06,-0.0004901288,9.725734300598837e-05,0.012339
2026-06-10 00:00:00+00:00,61699.0,61900.0,61413.0,61889.0,1048.40974,2.4159e-06,-0.0004806729,0.0031395675710922,0.024159
2026-06-10 01:00:00+00:00,61888.0,61947.0,61555.0,61684.0,662.81874,1.4565e-06,-0.0004883481,-0.0033178799261794,0.014565
2026-06-10 02:00:00+00:00,61685.0,61809.0,61201.0,61272.0,1190.79167,4.964e-07,-0.0004960292,-0.0067016093881175,0.004964
2026-06-10 03:00:00+00:00,61272.0,61579.0,61259.0,61521.0,1354.67205,-6.009e-07,-0.0005048072,0.0040556113344499,-0.006009
2026-06-10 04:00:00+00:00,61521.0,61536.0,61160.0,61269.0,1164.63178,-6.14e-08,-0.0005004912,-0.0041045745386119,-0.000614
2026-06-10 05:00:00+00:00,61272.0,61374.0,61043.0,61316.0,1309.11431,8.6005e-06,-0.0004311961,0.0007668149007304,0.086005
2026-06-10 06:00:00+00:00,61316.0,61491.0,61111.0,61433.0,716.54306,-1.9732e-06,-0.0005157855,0.0019063297531125,-0.019732
2026-06-10 07:00:00+00:00,61434.0,61777.0,61399.0,61645.0,715.83201,-2.8166e-06,-0.0005225326,0.0034449732635425,-0.028166
2026-06-10 08:00:00+00:00,61650.0,61700.0,61133.0,61230.0,990.65792,-1.8565e-06,-0.0005148523,-0.0067548578306529,-0.0185649999999999
2026-06-10 09:00:00+00:00,61230.0,61402.0,60733.0,61299.0,2808.35535,-5.2185e-06,-0.0005417479,0.0011262641055376,-0.052185
2026-06-10 10:00:00+00:00,61300.0,61432.0,61124.0,61354.0,795.6315,2.2075e-06,-0.0004823403,0.000896839110115,0.022075
2026-06-10 11:00:00+00:00,61355.0,61414.0,60832.0,61000.0,1737.48262,5.6886e-06,-0.0004544911,-0.0057865045322044,0.056886
2026-06-10 12:00:00+00:00,61000.0,61902.0,60930.0,61537.0,3813.10095,2.0827e-06,-0.0004833386,0.0087647557510436,0.020827
2026-06-10 13:00:00+00:00,61537.0,62436.0,61409.0,62115.0,4468.37077,9.9992e-06,-0.0004200064,0.0093488857412854,0.099992
2026-06-10 14:00:00+00:00,62115.0,62241.0,61786.0,62181.0,2680.34964,1.17385e-05,-0.0004060916,0.0010619811772369,0.1173849999999999
2026-06-10 15:00:00+00:00,62178.0,62827.0,61846.0,62609.0,5848.12687,1.25e-05,-0.0003605912,0.0068595508973153,0.125
2026-06-10 16:00:00+00:00,62609.0,62621.0,61900.0,62189.0,3079.55393,1.25e-05,-0.0003767678,-0.0067309025092629,0.125
2026-06-10 17:00:00+00:00,62190.0,62343.0,61625.0,61954.0,2821.40007,3.8595e-06,-0.0004691241,-0.0037859610400532,0.038595
2026-06-10 18:00:00+00:00,61953.0,62130.0,61594.0,61850.0,2252.45072,1.07976e-05,-0.0004136196,-0.0016800753523794,0.107976
2026-06-10 19:00:00+00:00,61849.0,62052.0,61651.0,61921.0,1552.90586,1.15958e-05,-0.0004072336,0.0011472801833679,0.115958
2026-06-10 20:00:00+00:00,61919.0,61933.0,61664.0,61779.0,1606.01852,1.25e-05,-0.000346489,-0.0022958781305442,0.125
2026-06-10 21:00:00+00:00,61778.0,61779.0,61150.0,61325.0,2993.94229,1.25e-05,-0.0003910473,-0.0073759107467676,0.125
2026-06-10 22:00:00+00:00,61325.0,61571.0,61069.0,61346.0,2276.23348,7.5043e-06,-0.0004399659,0.0003423792127747,0.075043
2026-06-10 23:00:00+00:00,61351.0,61578.0,61134.0,61481.0,1350.06003,6.7179e-06,-0.0004462568,0.002198214632966,0.067179
2026-06-11 00:00:00+00:00,61484.0,61976.0,61484.0,61795.0,1772.70372,8.7489e-06,-0.0004300085,0.005094271051405,0.087489
2026-06-11 01:00:00+00:00,61796.0,62345.0,61796.0,62181.0,2122.66784,1.25e-05,-0.0003658039,0.0062270318011783,0.125
2026-06-11 02:00:00+00:00,62181.0,62278.0,61900.0,62127.0,958.18911,1.25e-05,-0.0003869391,-0.0008688097853193,0.125
2026-06-11 03:00:00+00:00,62127.0,62800.0,61973.0,62659.0,1503.48945,2.8632e-06,-0.0004770943,0.0085266491945494,0.028632
2026-06-11 04:00:00+00:00,62659.0,62825.0,62516.0,62692.0,1420.29891,9.7258e-06,-0.000422194,0.0005265215397144,0.097258
2026-06-11 05:00:00+00:00,62692.0,62694.0,62526.0,62574.0,615.63787,4.2621e-06,-0.0004659036,-0.0018839914246908,0.042621
2026-06-11 06:00:00+00:00,62575.0,62971.0,62508.0,62732.0,1688.64012,3.9427e-06,-0.0004684586,0.0025218279050474,0.039427
2026-06-11 07:00:00+00:00,62731.0,62813.0,62574.0,62689.0,716.07492,-8.784e-07,-0.000507027,-0.0006856906209451,-0.008784
2026-06-11 08:00:00+00:00,62690.0,63026.0,62685.0,62915.0,908.07339,9.61e-07,-0.0004923124,0.0035986153926982,0.00961
2026-06-11 09:00:00+00:00,62915.0,62972.0,62753.0,62895.0,979.17913,3.5615e-06,-0.0004715077,-0.0003179397530955,0.035615
2026-06-11 10:00:00+00:00,62902.0,63175.0,62772.0,63119.0,1776.25222,2.5228e-06,-0.0004798175,0.0035551642822472,0.0252279999999999
2026-06-11 11:00:00+00:00,63120.0,63244.0,63007.0,63072.0,1522.85274,7.4415e-06,-0.0004404678,-0.0007449026027732,0.074415
2026-06-11 12:00:00+00:00,63073.0,63164.0,62475.0,62976.0,3179.49857,4.9882e-06,-0.0004600945,-0.0015232295405215,0.049882
2026-06-11 13:00:00+00:00,62976.0,63201.0,62648.0,63042.0,1808.33718,2.2406e-06,-0.0004820749,0.0010474695049049,0.022406
2026-06-11 14:00:00+00:00,63043.0,63056.0,62701.0,62707.0,1441.00471,2.9413e-06,-0.0004764692,-0.0053280867841838,0.029413
2026-06-11 15:00:00+00:00,62707.0,62843.0,62510.0,62717.0,1928.39465,1.0337e-06,-0.0004917301,0.0001594591150209,0.0103369999999999
2026-06-11 16:00:00+00:00,62717.0,62811.0,62530.0,62552.0,1066.24506,-3.225e-06,-0.0005257998,-0.0026343324433174,-0.03225
2026-06-11 17:00:00+00:00,62553.0,63638.0,62314.0,63631.0,7292.29719,1.041e-07,-0.000499167,0.0171025621562951,0.001041
2026-06-11 18:00:00+00:00,63631.0,63777.0,63306.0,63430.0,2804.78547,5.8942e-06,-0.0004528461,-0.0031638373327022,0.058942
2026-06-11 19:00:00+00:00,63430.0,63919.0,63369.0,63581.0,3782.34877,1.25e-05,-0.0003735838,0.002377747929584,0.125
2026-06-11 20:00:00+00:00,63580.0,63641.0,63240.0,63369.0,2517.10571,1.25e-05,-0.0003914259,-0.0033399007021742,0.125
2026-06-11 21:00:00+00:00,63370.0,63579.0,63369.0,63493.0,729.52066,2.9344e-06,-0.0004765251,0.0019548807284993,0.029344
2026-06-11 22:00:00+00:00,63493.0,63650.0,63440.0,63471.0,913.47197,1.07886e-05,-0.0004136914,-0.0003465549324246,0.107886
2026-06-11 23:00:00+00:00,63471.0,63685.0,63334.0,63621.0,845.79805,1.25e-05,-0.0003864799,0.0023604958557461,0.125
2026-06-12 00:00:00+00:00,63621.0,63775.0,63501.0,63628.0,725.13061,1.25e-05,-0.0003577443,0.0001100205110776,0.125
2026-06-12 01:00:00+00:00,63629.0,63629.0,63277.0,63399.0,738.33567,1.25e-05,-0.000267245,-0.0036055365879893,0.125
2026-06-12 02:00:00+00:00,63400.0,63760.0,63400.0,63592.0,558.51451,1.25e-05,-0.0003437619,0.0030395878226867,0.125
2026-06-12 03:00:00+00:00,63593.0,63621.0,63322.0,63496.0,510.21306,1.25e-05,-0.0003935466,-0.0015107644822371,0.125
2026-06-12 04:00:00+00:00,63496.0,63846.0,63400.0,63675.0,754.44813,8.6902e-06,-0.0004304784,0.0028151090769462,0.086902
2026-06-12 05:00:00+00:00,63675.0,63702.0,63265.0,63328.0,1331.38779,1.25e-05,-0.0003694885,-0.0054644514453654,0.125
2026-06-12 06:00:00+00:00,63329.0,63394.0,62801.0,62947.0,2714.32743,1.01694e-05,-0.0004186448,-0.0060344669359559,0.1016939999999999
2026-06-12 07:00:00+00:00,62948.0,63166.0,62914.0,63062.0,587.21691,7.118e-07,-0.0004943055,0.0018252669559765,0.007118
2026-06-12 08:00:00+00:00,63064.0,63576.0,63064.0,63443.0,1540.55484,2.3719e-06,-0.0004810252,0.0060234955451346,0.023719
2026-06-12 09:00:00+00:00,63442.0,63928.0,63410.0,63723.0,2298.50706,7.86e-08,-0.0004993715,0.004403699927547,0.000786
2026-06-12 10:00:00+00:00,63723.0,63817.0,63552.0,63667.0,832.35749,5.032e-06,-0.0004597438,-0.0008791899459488,0.05032
2026-06-12 11:00:00+00:00,63668.0,63865.0,63645.0,63724.0,1462.43874,-8.93e-08,-0.0005007142,0.0008948827437397,-0.000893
2026-06-12 12:00:00+00:00,63723.0,63740.0,63343.0,63429.0,1086.38567,6.0707e-06,-0.0004514346,-0.0046400875998069,0.060707
2026-06-12 13:00:00+00:00,63430.0,63506.0,63016.0,63215.0,1726.87418,-6.1507e-06,-0.0005492056,-0.0033795553469804,-0.061507
2026-06-12 14:00:00+00:00,63205.0,63985.0,63176.0,63969.0,5596.80723,3.7445e-06,-0.0004700441,0.0118569762483455,0.037445
2026-06-12 15:00:00+00:00,63970.0,64383.0,63529.0,63575.0,6442.29742,7.8066e-06,-0.000437547,-0.0061782797040231,0.078066
2026-06-12 16:00:00+00:00,63570.0,64011.0,63490.0,63957.0,2941.94198,1.25e-05,-0.0003980702,0.0059906712423314,0.125
2026-06-12 17:00:00+00:00,63957.0,64093.0,63714.0,63841.0,1210.42074,1.25e-05,-0.0003037345,-0.001815365371242,0.125
2026-06-12 18:00:00+00:00,63841.0,63909.0,63661.0,63670.0,676.58415,1.25e-05,-0.0003282214,-0.0026821231503386,0.125
2026-06-12 19:00:00+00:00,63670.0,63790.0,63567.0,63567.0,472.08886,1.25e-05,-0.0003330014,-0.0016190262659294,0.125
2026-06-12 20:00:00+00:00,63567.0,63673.0,63375.0,63438.0,834.65604,1.25e-05,-0.0003402446,-0.0020314167845601,0.125
2026-06-12 21:00:00+00:00,63438.0,63618.0,63418.0,63460.0,1043.83309,1.25e-05,-0.0003426146,0.0003467351766049,0.125
2026-06-12 22:00:00+00:00,63461.0,63670.0,63446.0,63497.0,1094.34961,1.25e-05,-0.000225545,0.0005828745330708,0.125
2026-06-12 23:00:00+00:00,63497.0,63571.0,63409.0,63561.0,574.81777,1.25e-05,-0.0002455116,0.0010074140221428,0.125
2026-06-13 00:00:00+00:00,63560.0,63630.0,63484.0,63584.0,512.18865,1.25e-05,-0.0002507961,0.000361791659143,0.125
2026-06-13 01:00:00+00:00,63585.0,63854.0,63585.0,63813.0,437.72666,1.25e-05,-0.0001973728,0.0035950649802168,0.125
2026-06-13 02:00:00+00:00,63813.0,63815.0,63536.0,63625.0,316.31242,1.25e-05,-0.000196861,-0.0029504564789363,0.125
2026-06-13 03:00:00+00:00,63626.0,63702.0,63420.0,63510.0,894.49804,1.25e-05,-0.0003039194,-0.0018091010558032,0.125
2026-06-13 04:00:00+00:00,63509.0,63634.0,63453.0,63481.0,847.35263,1.25e-05,-0.0003489432,-0.0004567252876835,0.125
2026-06-13 05:00:00+00:00,63482.0,63579.0,63467.0,63563.0,293.96369,1.25e-05,-0.0003726315,0.0012908915239928,0.125
2026-06-13 06:00:00+00:00,63564.0,63722.0,63526.0,63710.0,301.54213,1.25e-05,-0.0003772191,0.002309996077204,0.125
2026-06-13 07:00:00+00:00,63714.0,63861.0,63650.0,63829.0,662.86489,1.25e-05,-0.000333662,0.0018660964024017,0.125
2026-06-13 08:00:00+00:00,63829.0,63910.0,63730.0,63786.0,732.46096,1.25e-05,-0.0003143553,-0.0006739019962754,0.125
2026-06-13 09:00:00+00:00,63786.0,63849.0,63712.0,63713.0,296.72752,1.25e-05,-0.0003527293,-0.0011451071455759,0.125
2026-06-13 10:00:00+00:00,63713.0,63881.0,63705.0,63811.0,555.79908,1.25e-05,-0.000356951,0.0015369658933507,0.125
2026-06-13 11:00:00+00:00,63811.0,63965.0,63810.0,63945.0,1421.36716,1.11048e-05,-0.0004111612,0.0020977496029854,0.111048
2026-06-13 12:00:00+00:00,63944.0,64209.0,63883.0,64115.0,1199.15306,1.25e-05,-0.000362171,0.0026550070257957,0.125
2026-06-13 13:00:00+00:00,64114.0,64219.0,64029.0,64084.0,696.4273,1.25e-05,-0.0002944631,-0.0004836231266112,0.125
2026-06-13 14:00:00+00:00,64084.0,64221.0,64063.0,64207.0,296.35806,1.25e-05,-0.0002983322,0.0019175162355567,0.125
2026-06-13 15:00:00+00:00,64207.0,64332.0,64174.0,64288.0,680.92435,1.25e-05,-0.0002292641,0.0012607496124994,0.125
2026-06-13 16:00:00+00:00,64289.0,64298.0,63899.0,64010.0,1612.673,1.25e-05,-0.0002075191,-0.0043336674786119,0.125
2026-06-13 17:00:00+00:00,64011.0,64106.0,63917.0,63957.0,533.74768,1.25e-05,-0.0003796502,-0.0008283386033973,0.125
2026-06-13 18:00:00+00:00,63958.0,64271.0,63953.0,64130.0,697.98981,1.25e-05,-0.0003321851,0.0027012906102569,0.125
2026-06-13 19:00:00+00:00,64130.0,64315.0,64120.0,64271.0,774.5655,1.25e-05,-0.0003141181,0.002196245460332,0.125
2026-06-13 20:00:00+00:00,64272.0,64280.0,64204.0,64263.0,209.28401,1.25e-05,-0.0003647938,-0.0001244806823149,0.125
2026-06-13 21:00:00+00:00,64264.0,64750.0,64201.0,64450.0,1643.92998,1.25e-05,-0.0003515593,0.0029056914464075,0.125
2026-06-13 22:00:00+00:00,64449.0,64545.0,64350.0,64431.0,880.6945,1.25e-05,-0.0003806351,-0.000294845634929,0.125
2026-06-13 23:00:00+00:00,64430.0,64574.0,64363.0,64427.0,377.62912,1.25e-05,-0.000371019,-6.208384425153901e-05,0.125
2026-06-14 00:00:00+00:00,64427.0,64568.0,64351.0,64544.0,1125.00115,1.25e-05,-0.0003514491,0.0018143618657855,0.125
2026-06-14 01:00:00+00:00,64544.0,64697.0,64481.0,64555.0,865.23285,1.25e-05,-0.0002479113,0.0001704118548805,0.125
2026-06-14 02:00:00+00:00,64555.0,64617.0,64445.0,64471.0,524.62912,1.25e-05,-0.0002638298,-0.0013020633340192,0.125
2026-06-14 03:00:00+00:00,64471.0,64529.0,64447.0,64525.0,446.19717,1.25e-05,-0.0003727088,0.0008372353120148,0.125
2026-06-14 04:00:00+00:00,64526.0,64540.0,64298.0,64313.0,668.02939,1.25e-05,-0.0002895177,-0.0032909575022439,0.125
2026-06-14 05:00:00+00:00,64312.0,64383.0,64275.0,64320.0,247.81263,1.25e-05,-0.0003834703,0.0001088367682773,0.125
2026-06-14 06:00:00+00:00,64321.0,64461.0,64213.0,64261.0,3455.60842,9.4642e-06,-0.0004242866,-0.0009177095238141,0.094642
2026-06-14 07:00:00+00:00,64261.0,64435.0,64207.0,64408.0,888.19121,1.25e-05,-0.0003854587,0.0022849336507827,0.125
2026-06-14 08:00:00+00:00,64409.0,64488.0,64377.0,64438.0,323.71303,1.25e-05,-0.0003301461,0.0004656722062325,0.125
2026-06-14 09:00:00+00:00,64438.0,64600.0,64283.0,64600.0,988.66187,1.25e-05,-0.0003318765,0.0025108895846438,0.125
2026-06-14 10:00:00+00:00,64600.0,64655.0,64454.0,64494.0,914.42417,1.25e-05,-0.000367979,-0.0016422145695746,0.125
2026-06-14 11:00:00+00:00,64494.0,64618.0,64431.0,64518.0,394.42477,1.25e-05,-0.0003961994,0.0003720584174626,0.125
2026-06-14 12:00:00+00:00,64518.0,64540.0,64274.0,64300.0,644.29549,1.25e-05,-0.0003919214,-0.0033846233928705,0.125
2026-06-14 13:00:00+00:00,64300.0,64374.0,64221.0,64281.0,809.39715,7.1674e-06,-0.0004426609,-0.0002955335568752,0.071674
2026-06-14 14:00:00+00:00,64282.0,64317.0,63838.0,63966.0,1414.48083,7.7257e-06,-0.0004381945,-0.0049124054903053,0.0772569999999999
2026-06-14 15:00:00+00:00,63966.0,64126.0,63951.0,63996.0,521.50549,1.25e-05,-0.0003705929,0.0004688892100724,0.125
2026-06-14 16:00:00+00:00,63997.0,64184.0,63899.0,63900.0,908.46865,1.25e-05,-0.000384065,-0.0015012200229762,0.125
2026-06-14 17:00:00+00:00,63900.0,63993.0,63648.0,63702.0,992.07127,1.25e-05,-0.0003959383,-0.0031034021239981,0.125
2026-06-14 18:00:00+00:00,63702.0,63806.0,63648.0,63800.0,656.10264,3.8956e-06,-0.0004688349,0.0015372310912532,0.038956
2026-06-14 19:00:00+00:00,63800.0,63836.0,63705.0,63786.0,290.13291,1.25e-05,-0.0003975991,-0.000219459816221,0.125
2026-06-14 20:00:00+00:00,63787.0,64112.0,63776.0,63983.0,671.93629,1.25e-05,-0.0003341754,0.0030836925405799,0.125
2026-06-14 21:00:00+00:00,63984.0,65650.0,63983.0,65303.0,7832.15828,1.25e-05,-0.0003299538,0.0204205539590342,0.125
2026-06-14 22:00:00+00:00,65305.0,65515.0,64923.0,65389.0,4325.57662,1.25e-05,-0.0003240459,0.001316071563875,0.125
2026-06-14 23:00:00+00:00,65388.0,65780.0,65230.0,65720.0,2527.17875,1.25e-05,-0.0003281499,0.0050492445710549,0.125
2026-06-15 00:00:00+00:00,65719.0,65872.0,65456.0,65608.0,2215.9772,1.25e-05,-0.0003315824,-0.0017056534349572,0.125
2026-06-15 01:00:00+00:00,65608.0,65702.0,65325.0,65487.0,1142.55416,8.8257e-06,-0.0004293942,-0.0018459900737749,0.0882569999999999
2026-06-15 02:00:00+00:00,65487.0,65756.0,65407.0,65446.0,543.90907,1.25e-05,-0.0003684564,-0.0006262745272785,0.125
2026-06-15 03:00:00+00:00,65445.0,65980.0,65412.0,65898.0,1084.82876,1.25e-05,-0.000328572,0.0068827169012073,0.125
2026-06-15 04:00:00+00:00,65897.0,65898.0,65596.0,65611.0,1222.4054,1.25e-05,-0.0003332237,-0.0043647272146017,0.125
2026-06-15 05:00:00+00:00,65611.0,65851.0,65583.0,65834.0,1691.63901,8.218e-06,-0.000434256,0.0033930573844098,0.08218
2026-06-15 06:00:00+00:00,65834.0,65955.0,65753.0,65801.0,515.17264,1.25e-05,-0.0003623876,-0.0005013864198931,0.125
2026-06-15 07:00:00+00:00,65800.0,66020.0,65620.0,65648.0,1283.31676,1.25e-05,-0.0002711252,-0.0023279000843484,0.125
2026-06-15 08:00:00+00:00,65647.0,65776.0,65593.0,65648.0,689.86051,1.25e-05,-0.000255531,0.0,0.125
2026-06-15 09:00:00+00:00,65647.0,65755.0,65487.0,65570.0,928.24972,1.25e-05,-0.0003142987,-0.0011888614243021,0.125
2026-06-15 10:00:00+00:00,65570.0,65938.0,65554.0,65888.0,940.46041,1.25e-05,-0.0003546899,0.0048380565698508,0.125
2026-06-15 11:00:00+00:00,65887.0,66353.0,65822.0,66221.0,2842.09097,1.25e-05,-0.0003152694,0.0050413023375915,0.125
2026-06-15 12:00:00+00:00,66220.0,66587.0,66086.0,66547.0,1906.95928,1.25e-05,-0.0002203507,0.0049108317540124,0.125
2026-06-15 13:00:00+00:00,66547.0,66940.0,66383.0,66412.0,3467.50153,1.25e-05,-0.0003202879,-0.0020307018914429,0.125
2026-06-15 14:00:00+00:00,66413.0,66642.0,66270.0,66567.0,1310.29462,1.25e-05,-0.0003092188,0.0023311962068492,0.125
2026-06-15 15:00:00+00:00,66561.0,67261.0,66554.0,67261.0,1826.10422,9.0404e-06,-0.0004276771,0.0103716146268803,0.090404
2026-06-15 16:00:00+00:00,67250.0,67283.0,67064.0,67131.0,1456.53641,8.274e-07,-0.000493381,-0.0019346395700238,0.008274
2026-06-15 17:00:00+00:00,67131.0,67131.0,66644.0,66825.0,1354.64008,4.2773e-06,-0.0004657816,-0.0045686722842628,0.042773
2026-06-15 18:00:00+00:00,66825.0,66904.0,66688.0,66729.0,617.70019,7.4966e-06,-0.0004400268,-0.0014376209852798,0.074966
2026-06-15 19:00:00+00:00,66730.0,66861.0,66323.0,66561.0,1388.19625,8.9755e-06,-0.0004281963,-0.0025208206011478,0.089755
2026-06-15 20:00:00+00:00,66562.0,66649.0,66454.0,66484.0,679.96223,-8.788e-07,-0.0005070308,-0.0011575032296912,-0.0087879999999999
2026-06-15 21:00:00+00:00,66484.0,66524.0,66285.0,66338.0,904.6379,-4.623e-07,-0.0005036981,-0.0021984318682559,-0.004623
2026-06-15 22:00:00+00:00,66339.0,66442.0,66057.0,66167.0,1454.65466,-1.8889e-06,-0.0005151109,-0.0025810361107865,-0.018889
2026-06-15 23:00:00+00:00,66168.0,66330.0,66094.0,66294.0,314.7141,1.4923e-06,-0.0004880618,0.0019175461292718,0.014923
2026-06-16 00:00:00+00:00,66293.0,66441.0,66206.0,66215.0,923.91959,3.2685e-06,-0.0004738519,-0.0011923719801652,0.032685
2026-06-16 01:00:00+00:00,66215.0,66389.0,66214.0,66314.0,396.19811,4.9604e-06,-0.0004603164,0.0014940129090933,0.049604
2026-06-16 02:00:00+00:00,66315.0,66330.0,65647.0,65710.0,2414.16819,2.1925e-06,-0.0004824599,-0.0091499153782445,0.021925
2026-06-16 03:00:00+00:00,65711.0,66128.0,65603.0,66128.0,1209.13049,-5.2574e-06,-0.0005420596,0.0063411368596001,-0.0525739999999999
2026-06-16 04:00:00+00:00,66127.0,66245.0,65771.0,65807.0,647.51075,-4.813e-07,-0.0005038502,-0.0048660421176494,-0.004813
2026-06-16 05:00:00+00:00,65807.0,66111.0,65807.0,66032.0,620.13479,1.1295e-06,-0.0004909644,0.0034132573584989,0.011295
2026-06-16 06:00:00+00:00,66033.0,66552.0,66032.0,66408.0,1207.11742,5.4219e-06,-0.0004566244,0.0056780581425085,0.0542189999999999
2026-06-16 07:00:00+00:00,66409.0,66499.0,66259.0,66343.0,950.16641,7.1253e-06,-0.0004429974,-0.0009792770705228,0.071253
2026-06-16 08:00:00+00:00,66343.0,66964.0,66314.0,66858.0,1518.52337,1.0194e-06,-0.0004918447,0.0077327132107603,0.010194
2026-06-16 09:00:00+00:00,66859.0,66887.0,66445.0,66482.0,1577.11901,9.2768e-06,-0.0004257856,-0.0056397329624402,0.092768
2026-06-16 10:00:00+00:00,66482.0,66745.0,66450.0,66481.0,963.27756,1.25e-05,-0.0003982741,-1.5041778540201558e-05,0.125
2026-06-16 11:00:00+00:00,66481.0,66612.0,66336.0,66456.0,439.87729,1.19506e-05,-0.0004043954,-0.0003761180152209,0.119506
2026-06-16 12:00:00+00:00,66456.0,66792.0,66349.0,66397.0,1270.06408,5.8353e-06,-0.0004533174,-0.0008881997979533,0.0583529999999999
2026-06-16 13:00:00+00:00,66396.0,66431.0,65907.0,66019.0,2189.8396,8.488e-06,-0.0004320961,-0.00570929535366,0.08488
2026-06-16 14:00:00+00:00,66020.0,66240.0,65320.0,65624.0,3134.61053,9.7068e-06,-0.0004223456,-0.0060010966847081,0.097068
2026-06-16 15:00:00+00:00,65624.0,65974.0,65585.0,65851.0,1673.83955,5.8367e-06,-0.0004533063,0.0034531314023882,0.058367
2026-06-16 16:00:00+00:00,65851.0,65930.0,65677.0,65732.0,917.04394,1.12649e-05,-0.0004098809,-0.0018087447837933,0.112649
2026-06-16 17:00:00+00:00,65733.0,65995.0,65692.0,65958.0,732.76061,1.25e-05,-0.0003788229,0.0034323065057382,0.125
2026-06-16 18:00:00+00:00,65958.0,66216.0,65784.0,65822.0,1756.1345,1.25e-05,-0.0003363201,-0.002064046870288,0.125
2026-06-16 19:00:00+00:00,65822.0,65822.0,65545.0,65642.0,918.21215,1.25e-05,-0.0002816575,-0.0027383939706993,0.125
2026-06-16 20:00:00+00:00,65642.0,65848.0,65567.0,65834.0,1046.20317,1.25e-05,-0.0002957144,0.0029206872202774,0.125
2026-06-16 21:00:00+00:00,65835.0,65919.0,65615.0,65749.0,883.10557,1.25e-05,-0.0003169186,-0.0012919603873331,0.125
2026-06-16 22:00:00+00:00,65749.0,65863.0,65648.0,65748.0,607.22633,9.5402e-06,-0.0004236781,-1.5209472459770587e-05,0.095402
2026-06-16 23:00:00+00:00,65748.0,65806.0,65587.0,65639.0,277.05046,7.4201e-06,-0.0004406394,-0.0016592208514775,0.074201
2026-06-17 00:00:00+00:00,65640.0,65823.0,65639.0,65682.0,329.41515,3.4362e-06,-0.0004725104,0.0006548838576739,0.034362
2026-06-17 01:00:00+00:00,65683.0,65931.0,65450.0,65913.0,1093.10494,2.0765e-06,-0.0004833878,0.0035107752918676,0.020765
2026-06-17 02:00:00+00:00,65914.0,66121.0,65756.0,65882.0,600.67455,7.0322e-06,-0.0004437424,-0.0004704275666254,0.070322
2026-06-17 03:00:00+00:00,65882.0,65882.0,65686.0,65822.0,284.07189,1.19105e-05,-0.0004047157,-0.0009111341212237,0.119105
2026-06-17 04:00:00+00:00,65823.0,66020.0,65765.0,65858.0,608.21797,1.23187e-05,-0.0004014506,0.0005467800865264,0.1231869999999999
2026-06-17 05:00:00+00:00,65858.0,65954.0,65731.0,65813.0,696.76787,4.1932e-06,-0.0004664541,-0.0006835218347549,0.041932
2026-06-17 06:00:00+00:00,65813.0,65889.0,65555.0,65595.0,865.2545,1.07216e-05,-0.0004142268,-0.0033179136732717,0.107216
2026-06-17 07:00:00+00:00,65595.0,65692.0,65215.0,65511.0,1533.98153,1.10799e-05,-0.0004113604,-0.0012814060606533,0.110799
2026-06-17 08:00:00+00:00,65512.0,65550.0,64821.0,64896.0,2345.93198,7.2381e-06,-0.0004420954,-0.0094320789436769,0.072381
2026-06-17 09:00:00+00:00,64897.0,65066.0,64813.0,64886.0,1131.07727,3.0446e-06,-0.0004756429,-0.0001541045756697,0.030446
2026-06-17 10:00:00+00:00,64887.0,64986.0,64750.0,64782.0,1268.31872,1.25e-05,-0.0003656317,-0.0016040969599351,0.125
2026-06-17 11:00:00+00:00,64781.0,64849.0,64518.0,64796.0,1786.68587,1.25e-05,-0.0003293685,0.0002160860648331,0.125
2026-06-17 12:00:00+00:00,64797.0,65098.0,64572.0,65033.0,996.14889,1.25e-05,-0.0002443661,0.0036509603133011,0.125
2026-06-17 13:00:00+00:00,65033.0,65354.0,64826.0,65271.0,1608.29832,1.25e-05,-0.0002187298,0.0036530001329825,0.125
2026-06-17 14:00:00+00:00,65271.0,65439.0,64754.0,65085.0,1252.21009,1.25e-05,-0.0002336045,-0.0028537255857513,0.125
2026-06-17 15:00:00+00:00,65085.0,65848.0,64951.0,65731.0,2129.69477,1.25e-05,-0.0002434096,0.009876547994566,0.125
2026-06-17 16:00:00+00:00,65730.0,66429.0,65702.0,65833.0,3894.93788,1.25e-05,-0.0002405404,0.0015505764561193,0.125
2026-06-17 17:00:00+00:00,65834.0,66159.0,65756.0,66050.0,1525.09657,1.25e-05,-0.0003525472,0.0032907985992253,0.125
2026-06-17 18:00:00+00:00,66051.0,66066.0,64668.0,65493.0,7649.40612,2.5294e-06,-0.0004797645,-0.0084687642671655,0.0252939999999999
2026-06-17 19:00:00+00:00,65492.0,65629.0,64000.0,64287.0,6745.7211,3.4643e-06,-0.0004722857,-0.018585833192114,0.034643
2026-06-17 20:00:00+00:00,64286.0,64456.0,64159.0,64386.0,1615.46763,3.91e-06,-0.0004687197,0.0015387846639905,0.0390999999999999
2026-06-17 21:00:00+00:00,64387.0,64418.0,64106.0,64227.0,1630.46525,2.2663e-06,-0.00048187,-0.0024725351403503,0.022663
2026-06-17 22:00:00+00:00,64228.0,64400.0,63878.0,64264.0,2402.72284,-9.735e-07,-0.0005077882,0.0005759158388162,-0.009735
2026-06-17 23:00:00+00:00,64265.0,64493.0,64206.0,64470.0,830.4888,-2.5724e-06,-0.0005205794,0.0032004004510174,-0.025724
2026-06-18 00:00:00+00:00,64470.0,64666.0,64421.0,64431.0,1065.73128,-3.8917e-06,-0.0005311334,-0.0006051155722614,-0.038917
2026-06-18 01:00:00+00:00,64431.0,64771.0,64429.0,64513.0,913.46394,-8.725e-07,-0.0005069803,0.0012718701305057,-0.008725
2026-06-18 02:00:00+00:00,64514.0,64714.0,64452.0,64651.0,1049.26149,-4.668e-06,-0.0005373436,0.0021368191215655,-0.04668
2026-06-18 03:00:00+00:00,64652.0,64652.0,64222.0,64247.0,755.86735,-9.5807e-06,-0.0005766453,-0.0062685429241471,-0.0958069999999999
2026-06-18 04:00:00+00:00,64247.0,64296.0,63779.0,63852.0,3238.15401,-1.40099e-05,-0.0006120793,-0.0061671246759589,-0.140099
2026-06-18 05:00:00+00:00,63852.0,63993.0,63655.0,63961.0,1982.2226,-1.21716e-05,-0.0005973728,0.0017056172130315,-0.121716
2026-06-18 06:00:00+00:00,63961.0,64095.0,63812.0,64053.0,535.02162,2.6909e-06,-0.0004784725,0.0014373430380894,0.026909
2026-06-18 07:00:00+00:00,64052.0,64478.0,63979.0,64476.0,1288.58922,4.2691e-06,-0.0004658471,0.0065821958813313,0.042691
2026-06-18 08:00:00+00:00,64476.0,64617.0,64327.0,64362.0,1150.70129,2.7816e-06,-0.0004777472,-0.0017696646913375,0.027816
2026-06-18 09:00:00+00:00,64363.0,64451.0,64148.0,64162.0,873.59865,-1.5194e-06,-0.0005121552,-0.0031122617011016,-0.015194
2026-06-18 10:00:00+00:00,64163.0,64190.0,63879.0,64061.0,1651.50321,-4.0985e-06,-0.0005327878,-0.0015753807177915,-0.040985
2026-06-18 11:00:00+00:00,64061.0,64167.0,63846.0,63952.0,1994.84893,3.2256e-06,-0.0004741952,-0.0017029524554863,0.032256
2026-06-18 12:00:00+00:00,63952.0,64379.0,63897.0,64348.0,1110.07185,7.1706e-06,-0.0004426355,0.0061730515590936,0.0717059999999999
2026-06-18 13:00:00+00:00,64349.0,64420.0,63760.0,63945.0,2728.31121,1.25e-05,-0.0003749131,-0.0062825146427781,0.125
2026-06-18 14:00:00+00:00,63944.0,64176.0,63559.0,63777.0,3282.07103,-4.1974e-06,-0.0005335793,-0.0026307150982485,-0.041974
2026-06-18 15:00:00+00:00,63776.0,63778.0,62254.0,62339.0,7484.92023,-1.32848e-05,-0.0006062781,-0.0228053906416296,-0.132848
2026-06-18 16:00:00+00:00,62338.0,62784.0,62305.0,62663.0,4021.6617,-1.70324e-05,-0.0006362591,0.0051839286663224,-0.170324
2026-06-18 17:00:00+00:00,62664.0,62725.0,62235.0,62580.0,2034.54317,7.106e-06,-0.0004431518,-0.0013254235709913,0.07106
2026-06-18 18:00:00+00:00,62579.0,62954.0,62560.0,62674.0,2645.71722,8.7879e-06,-0.0004296965,0.0015009503512436,0.087879
2026-06-18 19:00:00+00:00,62674.0,62980.0,62598.0,62917.0,1176.23915,1.25e-05,-0.0003921149,0.0038697088682553,0.125
2026-06-18 20:00:00+00:00,62917.0,63253.0,62917.0,63069.0,2125.20328,4.9308e-06,-0.0004605538,0.0024129676908634,0.049308
2026-06-18 21:00:00+00:00,63069.0,63107.0,62841.0,62945.0,792.39653,1.25e-05,-0.0002855866,-0.0019680359328758,0.125
2026-06-18 22:00:00+00:00,62945.0,62968.0,62709.0,62862.0,1669.00895,1.25e-05,-0.0002841521,-0.0013194816193397,0.125
2026-06-18 23:00:00+00:00,62863.0,62969.0,62726.0,62935.0,1086.50028,1.25e-05,-0.0003779488,0.0011606001445853,0.125
2026-06-19 00:00:00+00:00,62936.0,63062.0,62809.0,62997.0,757.42376,3.4673e-06,-0.0004722614,0.0009846584666224,0.0346729999999999
2026-06-19 01:00:00+00:00,62997.0,63077.0,62818.0,62999.0,909.01704,1.25e-05,-0.0003883433,3.1747039591261164e-05,0.125
2026-06-19 02:00:00+00:00,62998.0,63088.0,62864.0,62975.0,900.65933,1.20219e-05,-0.0004038246,-0.0003810310110081,0.1202189999999999
2026-06-19 03:00:00+00:00,62975.0,63001.0,62350.0,62753.0,2900.86653,8.3981e-06,-0.0004328153,-0.0035314366046429,0.083981
2026-06-19 04:00:00+00:00,62752.0,62900.0,62386.0,62432.0,883.63077,1.25e-05,-0.0003980493,-0.0051284211933302,0.125
2026-06-19 05:00:00+00:00,62431.0,62722.0,62425.0,62708.0,798.4247,1.25e-05,-0.0003523351,0.0044110667655839,0.125
2026-06-19 06:00:00+00:00,62707.0,62890.0,62701.0,62867.0,440.75633,1.25e-05,-0.000355469,0.0025323525378413,0.125
2026-06-19 07:00:00+00:00,62867.0,62894.0,62468.0,62599.0,741.23205,1.25e-05,-0.0003678285,-0.0042720802065604,0.125
2026-06-19 08:00:00+00:00,62598.0,62759.0,62522.0,62554.0,1282.41429,7.0614e-06,-0.000443509,-0.000719119828358,0.070614
2026-06-19 09:00:00+00:00,62554.0,62622.0,62292.0,62360.0,1147.66513,7.0452e-06,-0.0004436385,-0.0031061395196317,0.070452
2026-06-19 10:00:00+00:00,62359.0,62572.0,62355.0,62506.0,892.02692,4.6183e-06,-0.0004630539,0.0023385079450748,0.046183
2026-06-19 11:00:00+00:00,62506.0,62663.0,62420.0,62604.0,496.16637,1.17046e-05,-0.0004063634,0.0015666216936052,0.117046
2026-06-19 12:00:00+00:00,62605.0,62853.0,62312.0,62800.0,1423.75297,1.14699e-05,-0.0004082404,0.003125899645897,0.114699
2026-06-19 13:00:00+00:00,62799.0,63423.0,62629.0,63189.0,2812.87547,8.9368e-06,-0.0004285056,0.0061751618971782,0.089368
2026-06-19 14:00:00+00:00,63188.0,63386.0,62980.0,63179.0,1283.90321,1.11506e-05,-0.0004107955,-0.0001582679162584,0.111506
2026-06-19 15:00:00+00:00,63179.0,63269.0,63000.0,63184.0,919.33217,1.25e-05,-0.0003989371,7.913708922098842e-05,0.125
2026-06-19 16:00:00+00:00,63183.0,63380.0,62902.0,62943.0,1201.46596,1.25e-05,-0.0003784746,-0.0038215496016202,0.125
2026-06-19 17:00:00+00:00,62942.0,63205.0,62835.0,63180.0,680.8849,1.25e-05,-0.0003590411,0.0037582404312657,0.125
2026-06-19 18:00:00+00:00,63180.0,63180.0,62964.0,63083.0,501.97763,9.4328e-06,-0.0004245379,-0.0015364757543032,0.094328
2026-06-19 19:00:00+00:00,63083.0,63123.0,62915.0,62995.0,455.33887,1.25e-05,-0.0003795167,-0.0013959614570429,0.125
2026-06-19 20:00:00+00:00,62995.0,63263.0,62930.0,63230.0,458.79934,1.25e-05,-0.0003795718,0.0037235139079288,0.125
2026-06-19 21:00:00+00:00,63230.0,63255.0,63030.0,63044.0,557.77376,1.25e-05,-0.0003938337,-0.0029459767572272,0.125
2026-06-19 22:00:00+00:00,63044.0,63359.0,63030.0,63293.0,637.32982,1.25e-05,-0.0003367771,0.0039418432037497,0.125
2026-06-19 23:00:00+00:00,63293.0,63630.0,63251.0,63512.0,1169.02242,1.25e-05,-0.0003357755,0.0034541259057678,0.125
2026-06-20 00:00:00+00:00,63513.0,63762.0,63437.0,63511.0,843.41651,1.25e-05,-0.0003795462,-1.5745180007092564e-05,0.125
2026-06-20 01:00:00+00:00,63510.0,63591.0,63376.0,63550.0,290.41417,1.2219e-05,-0.000402248,0.0006138783926579,0.12219
2026-06-20 02:00:00+00:00,63551.0,63551.0,63310.0,63312.0,560.95783,9.2121e-06,-0.0004263031,-0.0037521129923946,0.092121
2026-06-20 03:00:00+00:00,63312.0,63486.0,63285.0,63444.0,142.28957,4.4195e-06,-0.0004646444,0.002082742398245,0.044195
2026-06-20 04:00:00+00:00,63444.0,63589.0,63368.0,63551.0,362.71487,4.5835e-06,-0.0004633322,0.001685106111573,0.045835
2026-06-20 05:00:00+00:00,63550.0,63878.0,63515.0,63653.0,930.34787,1.25e-05,-0.0003930244,0.0016037234970816,0.125
2026-06-20 06:00:00+00:00,63653.0,63741.0,63611.0,63722.0,779.8692,1.25e-05,-0.0003971081,0.0010834152188307,0.125
2026-06-20 07:00:00+00:00,63721.0,63776.0,63570.0,63617.0,676.12137,1.25e-05,-0.000371117,-0.001649141642342,0.125
2026-06-20 08:00:00+00:00,63618.0,63624.0,63354.0,63399.0,955.39739,1.25e-05,-0.0003900918,-0.0034326417783323,0.125
2026-06-20 09:00:00+00:00,63399.0,63764.0,63394.0,63704.0,426.00203,1.4874e-06,-0.0004881011,0.0047992665070189,0.014874
2026-06-20 10:00:00+00:00,63705.0,63751.0,63564.0,63651.0,543.16596,9.3989e-06,-0.0004248088,-0.0008323191560545,0.093989
2026-06-20 11:00:00+00:00,63651.0,63773.0,63593.0,63658.0,315.38382,6.4863e-06,-0.0004481095,0.0001099686590431,0.064863
2026-06-20 12:00:00+00:00,63659.0,63766.0,63513.0,63623.0,815.90781,1.07853e-05,-0.0004137178,-0.0005499642661854,0.107853
2026-06-20 13:00:00+00:00,63623.0,63623.0,63248.0,63373.0,1577.86098,3.8266e-06,-0.0004693875,-0.0039371369639738,0.038266
2026-06-20 14:00:00+00:00,63373.0,64122.0,63170.0,63930.0,2510.55934,3.9752e-06,-0.0004681986,0.0087508315506625,0.0397519999999999
2026-06-20 15:00:00+00:00,63929.0,64361.0,63815.0,64120.0,1846.54792,1.21083e-05,-0.0004031332,0.0029675929627167,0.121083
2026-06-20 16:00:00+00:00,64121.0,64136.0,63871.0,63990.0,776.18832,1.25e-05,-0.0003672834,-0.0020295065899832,0.125
2026-06-20 17:00:00+00:00,63991.0,64009.0,63725.0,63814.0,645.05,5.9951e-06,-0.0004520389,-0.0027542191364472,0.059951
2026-06-20 18:00:00+00:00,63815.0,63896.0,63753.0,63777.0,176.60731,3.8863e-06,-0.0004689096,-0.0005799782278868,0.038863
2026-06-20 19:00:00+00:00,63778.0,63947.0,63765.0,63906.0,247.29901,1.7967e-06,-0.0004856262,0.0020206299020488,0.017967
2026-06-20 20:00:00+00:00,63907.0,63954.0,63828.0,63899.0,151.86369,7.6944e-06,-0.0004384448,-0.0001095418803176,0.076944
2026-06-20 21:00:00+00:00,63900.0,64068.0,63896.0,63989.0,305.99849,9.0437e-06,-0.0004276505,0.0014074817787053,0.0904369999999999
2026-06-20 22:00:00+00:00,63989.0,64336.0,63957.0,64252.0,736.75935,1.25e-05,-0.0003974791,0.0041016581080483,0.125
2026-06-20 23:00:00+00:00,64251.0,64315.0,64230.0,64276.0,341.26841,1.25e-05,-0.0003603127,0.000373459483987,0.125
2026-06-21 00:00:00+00:00,64276.0,64305.0,64211.0,64268.0,861.10432,1.25e-05,-0.0003760019,-0.0001244709984181,0.125
2026-06-21 01:00:00+00:00,64268.0,64312.0,64187.0,64229.0,801.40424,1.25e-05,-0.0003667158,-0.0006070180813175,0.125
2026-06-21 02:00:00+00:00,64228.0,64256.0,64196.0,64230.0,305.59457,1.25e-05,-0.0003687929,1.5569169929957925e-05,0.125
2026-06-21 03:00:00+00:00,64231.0,64449.0,64210.0,64399.0,855.10699,1.25e-05,-0.0003942573,0.0026277137697362,0.125
2026-06-21 04:00:00+00:00,64399.0,64555.0,64235.0,64251.0,1496.11429,1.09303e-05,-0.0004125573,-0.0023008171828945,0.109303
2026-06-21 05:00:00+00:00,64252.0,64343.0,64196.0,64221.0,600.91225,1.00536e-05,-0.0004195713,-0.0004670278433478,0.100536
2026-06-21 06:00:00+00:00,64221.0,64301.0,64167.0,64265.0,294.12944,-5.7e-09,-0.0005000459,0.0006848995489,-5.7e-05
2026-06-21 07:00:00+00:00,64265.0,64273.0,64117.0,64160.0,815.51906,2.6072e-06,-0.0004791423,-0.0016351960038361,0.026072
2026-06-21 08:00:00+00:00,64160.0,64186.0,63864.0,63985.0,680.33293,-2.7056e-06,-0.0005216449,-0.0027312826686997,-0.027056
2026-06-21 09:00:00+00:00,63985.0,64220.0,63923.0,64175.0,698.37607,-6.2019e-06,-0.0005496155,0.0029650458676448,-0.062019
2026-06-21 10:00:00+00:00,64176.0,64383.0,64169.0,64336.0,575.88758,8.7119e-06,-0.0004303046,0.002505623397714,0.087119
2026-06-21 11:00:00+00:00,64336.0,64452.0,64067.0,64130.0,1409.34645,5.2761e-06,-0.0004577909,-0.0032070769941466,0.052761
2026-06-21 12:00:00+00:00,64134.0,64197.0,63910.0,64161.0,674.71756,-4.7459e-06,-0.0005379671,0.0004832763109392,-0.0474589999999999
2026-06-21 13:00:00+00:00,64161.0,64162.0,63982.0,64105.0,424.08121,-1.31008e-05,-0.0006048062,-0.0008731854670468,-0.131008
2026-06-21 14:00:00+00:00,64106.0,64117.0,63968.0,64110.0,240.97644,-1.13397e-05,-0.0005907179,7.799399450200027e-05,-0.113397
2026-06-21 15:00:00+00:00,64110.0,64306.0,64087.0,64185.0,499.49092,-8.0165e-06,-0.0005641319,0.0011691805377238,-0.080165
2026-06-21 16:00:00+00:00,64186.0,64219.0,64007.0,64107.0,351.74118,-2.4511e-06,-0.000519609,-0.0012159762044537,-0.024511
2026-06-21 17:00:00+00:00,64108.0,64189.0,64036.0,64111.0,220.96741,-5.4436e-06,-0.0005435491,6.239373568916418e-05,-0.054436
2026-06-21 18:00:00+00:00,64111.0,64211.0,63922.0,64162.0,564.43893,-3.7171e-06,-0.0005297368,0.0007951790741203,-0.037171
2026-06-21 19:00:00+00:00,64162.0,64255.0,64130.0,64168.0,200.86544,-3.2544e-06,-0.0005260356,9.350892237771093e-05,-0.032544
2026-06-21 20:00:00+00:00,64168.0,64232.0,63654.0,63800.0,1670.0507,-5.2568e-06,-0.0005420541,-0.0057514537138792,-0.052568
2026-06-21 21:00:00+00:00,63800.0,63921.0,63461.0,63760.0,2622.87025,-5.8244e-06,-0.0005465953,-0.0006271558687845,-0.058244
2026-06-21 22:00:00+00:00,63760.0,63820.0,63541.0,63762.0,1391.48803,-1.66529e-05,-0.0006332231,3.136713665345156e-05,-0.166529
2026-06-21 23:00:00+00:00,63763.0,63763.0,63242.0,63270.0,1387.95988,-5.2208e-06,-0.0005417663,-0.0077461184598201,-0.052208
2026-06-22 00:00:00+00:00,63270.0,64057.0,63270.0,63861.0,1287.55725,-6.1048e-06,-0.0005488382,0.0092975632598576,-0.061048
2026-06-22 01:00:00+00:00,63860.0,64775.0,63814.0,64576.0,3786.05635,-4.2085e-06,-0.000533668,0.0111339783124931,-0.042085
2026-06-22 02:00:00+00:00,64575.0,64636.0,64211.0,64218.0,1027.96927,1.112e-06,-0.0004911043,-0.0055592795008502,0.01112
2026-06-22 03:00:00+00:00,64218.0,64425.0,63884.0,63937.0,3766.25578,1.625e-07,-0.0004986998,-0.0043853216858781,0.001625
2026-06-22 04:00:00+00:00,63936.0,64080.0,63832.0,64067.0,515.29044,-4.032e-07,-0.0005032259,0.0020311872237634,-0.004032
2026-06-22 05:00:00+00:00,64066.0,64313.0,64058.0,64204.0,736.25586,1.5422e-06,-0.0004876623,0.0021361032827924,0.015422
2026-06-22 06:00:00+00:00,64204.0,64291.0,63919.0,63971.0,520.28014,2.1272e-06,-0.0004829824,-0.003635658383455,0.021272
2026-06-22 07:00:00+00:00,63971.0,64363.0,63940.0,64178.0,744.27974,1.7466e-06,-0.0004860275,0.0032306171727641,0.017466
2026-06-22 08:00:00+00:00,64177.0,64320.0,64009.0,64139.0,497.39054,7.2571e-06,-0.0004419431,-0.0006078695917281,0.072571
2026-06-22 09:00:00+00:00,64138.0,64225.0,64016.0,64108.0,193.91429,9.7535e-06,-0.0004219719,-0.0004834421172233,0.097535
2026-06-22 10:00:00+00:00,64108.0,64247.0,64042.0,64112.0,337.96316,1.03105e-05,-0.0004175158,6.239276245977385e-05,0.103105
2026-06-22 11:00:00+00:00,64111.0,64741.0,64070.0,64630.0,2300.34531,8.8485e-06,-0.0004292122,0.0080471453810153,0.088485
2026-06-22 12:00:00+00:00,64630.0,65200.0,64558.0,65116.0,5626.79447,1.25e-05,-0.000350843,0.0074915954714592,0.125
2026-06-22 13:00:00+00:00,65116.0,65555.0,64911.0,65537.0,3377.16257,1.01211e-05,-0.0004190313,0.0064445739033728,0.101211
2026-06-22 14:00:00+00:00,65536.0,65587.0,64816.0,64946.0,2615.57677,2.0572e-06,-0.0004835421,-0.009058713264771,0.020572
2026-06-22 15:00:00+00:00,64946.0,65105.0,64722.0,64802.0,1941.86517,2.285e-07,-0.0004981717,-0.0022196883053948,0.0022849999999999
2026-06-22 16:00:00+00:00,64802.0,64826.0,64494.0,64702.0,1990.25875,7.2038e-06,-0.0004423699,-0.0015443541492964,0.072038
2026-06-22 17:00:00+00:00,64702.0,64750.0,64363.0,64587.0,1166.78882,1.25e-05,-0.0003661369,-0.0017789607828723,0.125
2026-06-22 18:00:00+00:00,64586.0,64710.0,64287.0,64309.0,1186.70803,1.25e-05,-0.0002762736,-0.0043135618026588,0.125
2026-06-22 19:00:00+00:00,64309.0,64486.0,64268.0,64482.0,2092.4829,1.25e-05,-0.0002705008,0.0026865247424285,0.125
2026-06-22 20:00:00+00:00,64482.0,64653.0,64334.0,64420.0,2144.17898,1.25e-05,-0.0001732809,-0.0009619711840184,0.125
2026-06-22 21:00:00+00:00,64419.0,64467.0,64131.0,64298.0,912.55826,1.25e-05,-0.0002842641,-0.0018956173422915,0.125
2026-06-22 22:00:00+00:00,64298.0,64375.0,63785.0,63964.0,3299.93345,1.25e-05,-0.0002807207,-0.0052081014635655,0.125
2026-06-22 23:00:00+00:00,63964.0,64043.0,63880.0,64012.0,715.63008,1.25e-05,-0.0002676744,0.000750140686548,0.125
2026-06-23 00:00:00+00:00,64012.0,64145.0,63820.0,64138.0,910.07588,1.25e-05,-0.0002235336,0.0019664462052682,0.125
2026-06-23 01:00:00+00:00,64138.0,64254.0,63871.0,64131.0,1607.21869,1.25e-05,-0.000198914,-0.0001091456237586,0.125
2026-06-23 02:00:00+00:00,64132.0,64236.0,64019.0,64167.0,1387.86498,1.25e-05,-0.0003001544,0.0005611934861776,0.125
2026-06-23 03:00:00+00:00,64167.0,64167.0,63936.0,64035.0,443.54906,8.7723e-06,-0.0004298216,-0.002059250973396,0.087723
2026-06-23 04:00:00+00:00,64035.0,64068.0,63572.0,63595.0,1414.44315,5.0152e-06,-0.0004598786,-0.0068949579745872,0.0501519999999999
2026-06-23 05:00:00+00:00,63595.0,63705.0,63331.0,63371.0,1535.6246,5.1996e-06,-0.0004584029,-0.0035285073548312,0.051996
2026-06-23 06:00:00+00:00,63372.0,63372.0,62532.0,62900.0,5766.13396,9.8166e-06,-0.0004214671,-0.0074601798422217,0.098166
2026-06-23 07:00:00+00:00,62900.0,63051.0,62832.0,62852.0,1465.54835,9.15e-08,-0.0004992683,-0.0007634073785094,0.000915
2026-06-23 08:00:00+00:00,62851.0,62910.0,61901.0,62348.0,4673.8126,-4.5402e-06,-0.0005363218,-0.0080511617010808,-0.045402
2026-06-23 09:00:00+00:00,62348.0,62478.0,62308.0,62349.0,1440.52282,-9.0926e-06,-0.0005727404,1.603887824114794e-05,-0.0909259999999999
2026-06-23 10:00:00+00:00,62349.0,62549.0,62202.0,62294.0,1182.8059,-8.6932e-06,-0.0005695458,-0.0008825205357652,-0.086932
2026-06-23 11:00:00+00:00,62294.0,62617.0,62294.0,62481.0,1583.8692,-5.8728e-06,-0.0005469821,0.0029973975557082,-0.058728
2026-06-23 12:00:00+00:00,62482.0,62537.0,62190.0,62231.0,837.97758,5.3496e-06,-0.0004572031,-0.0040092426530801,0.053496
2026-06-23 13:00:00+00:00,62232.0,62517.0,61935.0,62449.0,4479.42073,8.6098e-06,-0.0004311215,0.0034969557612233,0.086098
2026-06-23 14:00:00+00:00,62449.0,62818.0,62390.0,62458.0,2536.26771,9.2052e-06,-0.000426358,0.0001441072160178,0.092052
2026-06-23 15:00:00+00:00,62458.0,62479.0,62157.0,62460.0,1887.89524,7.5091e-06,-0.0004399271,3.202100578250113e-05,0.075091
2026-06-23 16:00:00+00:00,62461.0,62794.0,62396.0,62526.0,2365.7637,3.1741e-06,-0.0004746072,0.0010561183834128,0.031741
2026-06-23 17:00:00+00:00,62526.0,62664.0,62300.0,62330.0,653.60423,1.22657e-05,-0.0004018746,-0.0031396194175862,0.122657
2026-06-23 18:00:00+00:00,62331.0,62424.0,62080.0,62219.0,1010.42987,1.12356e-05,-0.000410115,-0.0017824314829957,0.112356
2026-06-23 19:00:00+00:00,62218.0,62453.0,62204.0,62381.0,676.11658,9.086e-06,-0.0004273121,0.0026003224924981,0.09086
2026-06-23 20:00:00+00:00,62381.0,62507.0,62357.0,62440.0,567.75253,1.25e-05,-0.0003873356,0.0009453538169698,0.125
2026-06-23 21:00:00+00:00,62440.0,62638.0,62440.0,62568.0,514.1885,1.25e-05,-0.0003963117,0.002047869652079,0.125
2026-06-23 22:00:00+00:00,62568.0,62757.0,62505.0,62560.0,893.02809,1.15542e-05,-0.0004075664,-0.0001278690622546,0.115542
2026-06-23 23:00:00+00:00,62561.0,62768.0,62500.0,62706.0,1102.94061,1.07788e-05,-0.0004137693,0.002331040603366,0.107788
2026-06-24 00:00:00+00:00,62706.0,63000.0,62706.0,62991.0,1026.07616,1.25e-05,-0.0003981658,0.0045347222032003,0.125
2026-06-24 01:00:00+00:00,62991.0,63087.0,62751.0,62910.0,1215.08474,1.25e-05,-0.0003503893,-0.0012867254616836,0.125
2026-06-24 02:00:00+00:00,62910.0,62984.0,62573.0,62599.0,889.60427,1.25e-05,-0.000371631,-0.0049558300443727,0.125
2026-06-24 03:00:00+00:00,62598.0,62812.0,62441.0,62703.0,1153.8214,9.8136e-06,-0.0004214915,0.0016599898466355,0.098136
2026-06-24 04:00:00+00:00,62704.0,62778.0,62511.0,62741.0,584.82833,1.25e-05,-0.0003384085,0.0006058480463366,0.125
2026-06-24 05:00:00+00:00,62741.0,63065.0,62690.0,62857.0,1890.28622,1.25e-05,-0.000282033,0.0018471636966002,0.125
2026-06-24 06:00:00+00:00,62857.0,62885.0,62700.0,62747.0,586.96332,1.25e-05,-0.0003185731,-0.0017515370230605,0.125
2026-06-24 07:00:00+00:00,62748.0,62821.0,62568.0,62616.0,813.84929,4.6544e-06,-0.0004627645,-0.0020899316015405,0.0465439999999999
2026-06-24 08:00:00+00:00,62616.0,62791.0,62578.0,62781.0,742.97442,-2.7601e-06,-0.0005220805,0.0026316434241052,-0.027601
2026-06-24 09:00:00+00:00,62781.0,62781.0,62610.0,62657.0,265.34469,6.9275e-06,-0.0004445798,-0.0019770729825269,0.069275
2026-06-24 10:00:00+00:00,62658.0,62658.0,62400.0,62416.0,750.33844,9.8227e-06,-0.0004214185,-0.0038537541798144,0.098227
2026-06-24 11:00:00+00:00,62416.0,63196.0,62293.0,62884.0,2348.60159,6.7893e-06,-0.0004456855,0.0074701065649667,0.067893
2026-06-24 12:00:00+00:00,62883.0,62939.0,62555.0,62587.0,1110.42866,5.1607e-06,-0.0004587143,-0.004734170520773,0.051607
2026-06-24 13:00:00+00:00,62587.0,62595.0,61223.0,61308.0,7114.41646,4.421e-07,-0.0004964636,-0.0206472486718331,0.004421
2026-06-24 14:00:00+00:00,61309.0,61444.0,60856.0,61084.0,4860.24015,-4.1508e-06,-0.0005332067,-0.0036603740457261,-0.041508
2026-06-24 15:00:00+00:00,61083.0,61110.0,60227.0,60245.0,4163.62149,4.2983e-06,-0.0004656132,-0.0138303847156952,0.042983
2026-06-24 16:00:00+00:00,60245.0,60639.0,59565.0,59822.0,6392.66059,-2.2568e-06,-0.0005180541,-0.0070460950980932,-0.022568
2026-06-24 17:00:00+00:00,59822.0,60026.0,59060.0,59373.0,7640.22114,4.5381e-06,-0.000463695,-0.0075339087001933,0.045381
2026-06-24 18:00:00+00:00,59373.0,59914.0,59280.0,59570.0,3585.6111,-7.0317e-06,-0.0005562537,0.0033125140636429,-0.070317
2026-06-24 19:00:00+00:00,59570.0,59966.0,59495.0,59943.0,1852.81423,8.821e-07,-0.0004929434,0.0062420190455092,0.008821
2026-06-24 20:00:00+00:00,59942.0,61181.0,59823.0,60931.0,6697.27608,5.3178e-06,-0.0004574577,0.0163479657160004,0.053178
2026-06-24 21:00:00+00:00,60931.0,61115.0,60640.0,61083.0,1722.64814,5.3486e-06,-0.0004572114,0.0024915186557349,0.053486
2026-06-24 22:00:00+00:00,61082.0,61231.0,60780.0,60838.0,903.85791,3.8264e-06,-0.0004693886,-0.0040190013168772,0.038264
2026-06-24 23:00:00+00:00,60839.0,61084.0,60796.0,61047.0,542.45138,-2.28e-06,-0.0005182402,0.0034294655591983,-0.0228
2026-06-25 00:00:00+00:00,61048.0,61128.0,60703.0,60787.0,1328.86773,-2.964e-07,-0.0005023714,-0.004268108979369,-0.0029639999999999
2026-06-25 01:00:00+00:00,60788.0,60968.0,60692.0,60895.0,897.33824,1.4929e-06,-0.0004880567,0.0017751192182808,0.014929
2026-06-25 02:00:00+00:00,60896.0,60930.0,60664.0,60756.0,659.96447,-9.215e-07,-0.0005073721,-0.0022852267633014,-0.009215
2026-06-25 03:00:00+00:00,60757.0,60881.0,60661.0,60854.0,556.21517,-5.1557e-06,-0.0005412455,0.0016117099122408,-0.051557
2026-06-25 04:00:00+00:00,60855.0,61373.0,60758.0,61337.0,1332.5364,-8.506e-06,-0.0005680482,0.0079056970746494,-0.08506
2026-06-25 05:00:00+00:00,61337.0,61777.0,61255.0,61572.0,2655.93238,3.7713e-06,-0.0004698293,0.0038239719851655,0.0377129999999999
2026-06-25 06:00:00+00:00,61573.0,61809.0,61572.0,61689.0,1139.93665,2.16e-06,-0.0004827203,0.001898411259663,0.0216
2026-06-25 07:00:00+00:00,61690.0,61927.0,61625.0,61874.0,1402.99338,1.2884e-06,-0.000489693,0.0029944261346013,0.012884
2026-06-25 08:00:00+00:00,61875.0,61884.0,61637.0,61668.0,1064.62462,-6.489e-07,-0.0005051912,-0.0033349013439995,-0.006489
2026-06-25 09:00:00+00:00,61668.0,61752.0,61571.0,61703.0,763.04642,-7.7055e-06,-0.0005616438,0.0005673942975088,-0.077055
2026-06-25 10:00:00+00:00,61704.0,61719.0,61217.0,61229.0,947.80987,-4.107e-06,-0.0005328563,-0.0077116186025704,-0.0410699999999999
2026-06-25 11:00:00+00:00,61229.0,61384.0,61028.0,61249.0,1470.26123,-5.146e-06,-0.000541168,0.0003265892679136,-0.05146
2026-06-25 12:00:00+00:00,61249.0,61700.0,61037.0,61213.0,2100.94603,-4.4893e-06,-0.0005359142,-0.0005879374995836,-0.044893
2026-06-25 13:00:00+00:00,61212.0,61336.0,58062.0,58234.0,12985.44539,-2.1264e-06,-0.0005170114,-0.049890208658081,-0.021264
2026-06-25 14:00:00+00:00,58242.0,60465.0,58236.0,59438.0,14759.20133,-1.42952e-05,-0.0006143617,0.0204643758646334,-0.142952
2026-06-25 15:00:00+00:00,59439.0,59620.0,58819.0,59530.0,6089.59779,-1.97415e-05,-0.0006579324,0.0015466346973853,-0.197415
2026-06-25 16:00:00+00:00,59530.0,60030.0,59117.0,59276.0,4108.68347,-4.7767e-06,-0.0005382137,-0.0042758848373666,-0.047767
2026-06-25 17:00:00+00:00,59277.0,59699.0,59102.0,59649.0,2862.52999,-5.3158e-06,-0.0005425264,0.0062728816161217,-0.053158
2026-06-25 18:00:00+00:00,59649.0,59759.0,59332.0,59466.0,1976.7205,-2.6261e-06,-0.0005210089,-0.0030726632914274,-0.026261
2026-06-25 19:00:00+00:00,59466.0,59490.0,59136.0,59283.0,1771.20098,1.5991e-06,-0.0004872075,-0.0030821336578511,0.015991
2026-06-25 20:00:00+00:00,59284.0,59710.0,59284.0,59422.0,1581.78603,-4.2613e-06,-0.0005340907,0.002341941174019,-0.042613
2026-06-25 21:00:00+00:00,59423.0,60210.0,59418.0,60180.0,1857.84983,-8.174e-07,-0.0005065393,0.0126755430331046,-0.008174
2026-06-25 22:00:00+00:00,60180.0,60180.0,59699.0,59811.0,1051.6982,1.3853e-06,-0.0004889172,-0.0061504806730996,0.013853
2026-06-25 23:00:00+00:00,59812.0,60166.0,59691.0,59759.0,1350.74377,-7.3666e-06,-0.0005589325,-0.0008697834453168,-0.073666
2026-06-26 00:00:00+00:00,59760.0,59871.0,59595.0,59634.0,584.87724,-3.331e-06,-0.0005266484,-0.0020939258695591,-0.03331
2026-06-26 01:00:00+00:00,59633.0,59747.0,59192.0,59405.0,1340.86839,-7.0816e-06,-0.000556653,-0.0038474833036728,-0.070816
2026-06-26 02:00:00+00:00,59405.0,59411.0,58308.0,58518.0,3370.82564,-1.1692e-05,-0.0005935364,-0.0150439986923177,-0.11692
2026-06-26 03:00:00+00:00,58528.0,60091.0,58311.0,60025.0,4291.06969,-1.53865e-05,-0.0006230916,0.0254267428893839,-0.153865
2026-06-26 04:00:00+00:00,60024.0,60212.0,59804.0,59892.0,3090.32295,1.693e-07,-0.0004986459,-0.0022182018318444,0.0016929999999999
2026-06-26 05:00:00+00:00,59892.0,60017.0,59697.0,59920.0,1591.7406,1.09522e-05,-0.0004123824,0.0004673989334915,0.109522
2026-06-26 06:00:00+00:00,59920.0,60421.0,59670.0,60292.0,2870.94483,4.8834e-06,-0.000460933,0.0061890857393187,0.0488339999999999
2026-06-26 07:00:00+00:00,60291.0,60726.0,60249.0,60500.0,1882.52399,-6.5597e-06,-0.0005524777,0.0034439400885129,-0.065597
2026-06-26 08:00:00+00:00,60500.0,60542.0,60112.0,60211.0,2203.19917,-5.9278e-06,-0.0005474227,-0.0047883051615715,-0.059278
2026-06-26 09:00:00+00:00,60213.0,60227.0,59554.0,59705.0,1216.58099,-1.26616e-05,-0.0006012924,-0.0084392908898762,-0.1266159999999999
2026-06-26 10:00:00+00:00,59704.0,59831.0,59207.0,59283.0,1564.27822,-8.0603e-06,-0.0005644823,-0.0070931819905727,-0.080603
2026-06-26 11:00:00+00:00,59283.0,59563.0,59242.0,59387.0,669.07912,1.25e-08,-0.0004998996,0.0017527602026706,0.000125
2026-06-26 12:00:00+00:00,59388.0,59979.0,58922.0,59146.0,5446.77574,2.7049e-06,-0.0004783608,-0.0040663837427113,0.027049
2026-06-26 13:00:00+00:00,59148.0,60188.0,58482.0,60143.0,6307.13193,4.6336e-06,-0.0004629313,0.0167160964664246,0.046336
2026-06-26 14:00:00+00:00,60142.0,60258.0,59354.0,59557.0,3714.58911,-1.9509e-06,-0.0005156068,-0.0097912227493503,-0.019509
2026-06-26 15:00:00+00:00,59556.0,60477.0,59549.0,60300.0,2966.19011,1.303e-07,-0.0004989573,0.0123982665613307,0.001303
2026-06-26 16:00:00+00:00,60300.0,60543.0,59931.0,60003.0,1622.68232,2.5329e-06,-0.0004797367,-0.0049375427609974,0.025329
2026-06-26 17:00:00+00:00,60003.0,60256.0,59920.0,59992.0,645.98536,-2.9854e-06,-0.0005238834,-0.000183340973054,-0.029854
2026-06-26 18:00:00+00:00,59991.0,60127.0,59522.0,59634.0,1035.79729,-3.616e-06,-0.0005289282,-0.0059853387851647,-0.03616
2026-06-26 19:00:00+00:00,59635.0,60060.0,59579.0,59736.0,1295.58197,-7.8836e-06,-0.0005630689,0.0017089725194771,-0.078836
2026-06-26 20:00:00+00:00,59752.0,59952.0,59560.0,59684.0,1108.49361,-9.643e-07,-0.0005077143,-0.0008708759552253,-0.009643
2026-06-26 21:00:00+00:00,59685.0,60027.0,59641.0,59882.0,669.8419,-1.721e-07,-0.0005013767,0.0033119813490809,-0.001721
2026-06-26 22:00:00+00:00,59883.0,60049.0,59718.0,60009.0,728.92757,4.4487e-06,-0.0004644107,0.0021185918459694,0.044487
2026-06-26 23:00:00+00:00,60010.0,60097.0,59906.0,60074.0,1055.85549,-1.4599e-06,-0.0005116789,0.0010825846514206,-0.0145989999999999
2026-06-27 00:00:00+00:00,60074.0,60159.0,59837.0,60026.0,741.18558,1.7298e-06,-0.0004861612,-0.0007993339309864,0.017298
2026-06-27 01:00:00+00:00,60025.0,60033.0,59899.0,59915.0,233.98429,-2.5728e-06,-0.0005205827,-0.0018509105591798,-0.025728
2026-06-27 02:00:00+00:00,59916.0,60357.0,59887.0,60257.0,1044.7199,-7.2372e-06,-0.0005578978,0.0056918570602261,-0.072372
2026-06-27 03:00:00+00:00,60258.0,60391.0,60138.0,60280.0,720.80631,7.0285e-06,-0.0004437718,0.0003816255635885,0.070285
2026-06-27 04:00:00+00:00,60281.0,60457.0,60184.0,60210.0,501.99798,7.318e-06,-0.0004414559,-0.0011619222819382,0.07318
2026-06-27 05:00:00+00:00,60210.0,60285.0,60103.0,60213.0,478.24364,5.2405e-06,-0.0004580764,4.982436910932499e-05,0.052405
2026-06-27 06:00:00+00:00,60214.0,60459.0,60082.0,60345.0,742.07032,-4.916e-07,-0.0005039329,0.0021898182243956,-0.004916
2026-06-27 07:00:00+00:00,60345.0,60546.0,60265.0,60518.0,652.50388,-1.6603e-06,-0.0005132826,0.0028627473775964,-0.016603
2026-06-27 08:00:00+00:00,60519.0,60519.0,60333.0,60426.0,600.02412,4.2032e-06,-0.0004663742,-0.001521365553395,0.042032
2026-06-27 09:00:00+00:00,60427.0,60478.0,60249.0,60393.0,592.34799,-5.609e-07,-0.0005044872,-0.0005462717092615,-0.005609
2026-06-27 10:00:00+00:00,60393.0,60459.0,60340.0,60383.0,212.22625,-4.085e-07,-0.000503268,-0.0001655958141162,-0.004085
2026-06-27 11:00:00+00:00,60383.0,60420.0,60166.0,60338.0,751.42184,7.014e-07,-0.0004943885,-0.0007455206978778,0.0070139999999999
2026-06-27 12:00:00+00:00,60338.0,60393.0,60224.0,60389.0,496.09709,-1.3297e-06,-0.0005106375,0.000844881476948,-0.013297
2026-06-27 13:00:00+00:00,60390.0,60628.0,60353.0,60553.0,918.37609,-4.7106e-06,-0.000537685,0.0027120454518847,-0.047106
2026-06-27 14:00:00+00:00,60554.0,60700.0,60473.0,60583.0,672.66985,1.0422e-06,-0.0004916625,0.000495311065469,0.0104219999999999
2026-06-27 15:00:00+00:00,60584.0,60935.0,60541.0,60813.0,1277.52191,6.7297e-06,-0.0004461621,0.0037892562391479,0.067297
2026-06-27 16:00:00+00:00,60814.0,60820.0,60648.0,60785.0,642.80742,1.01735e-05,-0.0004186121,-0.0004605338984997,0.101735
2026-06-27 17:00:00+00:00,60784.0,60796.0,60402.0,60498.0,799.14442,1.2155e-05,-0.0004027599,-0.0047327413686239,0.1215499999999999
2026-06-27 18:00:00+00:00,60498.0,60548.0,60417.0,60536.0,280.21895,1.07849e-05,-0.0004137208,0.0006279227530872,0.107849
2026-06-27 19:00:00+00:00,60537.0,60580.0,60058.0,60145.0,1274.44901,6.8748e-06,-0.0004450015,-0.0064799159461845,0.068748
2026-06-27 20:00:00+00:00,60145.0,60276.0,60145.0,60265.0,468.45275,4.437e-06,-0.0004645042,0.001993190594271,0.04437
2026-06-27 21:00:00+00:00,60266.0,60455.0,60110.0,60174.0,638.46782,4.0869e-06,-0.000467305,-0.0015111387061806,0.0408689999999999
2026-06-27 22:00:00+00:00,60174.0,60225.0,59825.0,60197.0,1152.9071,3.6289e-06,-0.0004709689,0.0003821518518566,0.036289
2026-06-27 23:00:00+00:00,60198.0,60291.0,59913.0,59996.0,737.35092,-1.2937e-06,-0.0005103494,-0.0033446238528697,-0.012937
2026-06-28 00:00:00+00:00,59996.0,60160.0,59979.0,60118.0,237.6679,-9.1266e-06,-0.0005730128,0.0020314041985745,-0.091266
2026-06-28 01:00:00+00:00,60118.0,60245.0,59938.0,60191.0,971.00072,-5.9325e-06,-0.00054746,0.0012135419454707,-0.059325
2026-06-28 02:00:00+00:00,60190.0,60311.0,60014.0,60125.0,270.07699,3.2832e-06,-0.0004737344,-0.0010971110512332,0.032832
2026-06-28 03:00:00+00:00,60124.0,60250.0,60122.0,60172.0,346.25749,1.2853e-06,-0.0004897175,0.0007813994096519,0.012853
2026-06-28 04:00:00+00:00,60172.0,60208.0,60059.0,60106.0,277.01111,4.3666e-06,-0.0004650669,-0.0010974576668097,0.0436659999999999
2026-06-28 05:00:00+00:00,60106.0,60106.0,59732.0,59962.0,907.38563,4.9955e-06,-0.0004600362,-0.002398641920275,0.049955
2026-06-28 06:00:00+00:00,59963.0,60008.0,59785.0,59973.0,386.23208,1.6996e-06,-0.0004864032,0.0001834326932229,0.016996
2026-06-28 07:00:00+00:00,59974.0,60233.0,59974.0,60190.0,467.2837,1.12891e-05,-0.0004096872,0.0036117646179641,0.112891
2026-06-28 08:00:00+00:00,60191.0,60500.0,60110.0,60337.0,1421.782,1.19922e-05,-0.0004040624,0.0024392886720664,0.119922
2026-06-28 09:00:00+00:00,60337.0,60434.0,60208.0,60224.0,991.77014,-1.7174e-06,-0.000513739,-0.0018745702688313,-0.017174
2026-06-28 10:00:00+00:00,60225.0,60258.0,60032.0,60131.0,382.69236,-5.101e-07,-0.0005040805,-0.0015454284160974,-0.005101
2026-06-28 11:00:00+00:00,60132.0,60343.0,60089.0,60310.0,629.00691,-6.7876e-06,-0.0005543008,0.0029724119160784,-0.067876
2026-06-28 12:00:00+00:00,60311.0,60418.0,60157.0,60268.0,444.63921,6.5001e-06,-0.0004479989,-0.0006966445238534,0.065001
2026-06-28 13:00:00+00:00,60269.0,60269.0,59946.0,60043.0,589.1966,7.575e-06,-0.0004394,-0.0037403107332001,0.07575
2026-06-28 14:00:00+00:00,60044.0,60212.0,59981.0,60006.0,408.52598,4.816e-07,-0.0004961473,-0.0006164149834079,0.004816
2026-06-28 15:00:00+00:00,60006.0,60090.0,59790.0,59854.0,737.74317,-4.776e-07,-0.0005038204,-0.0025362937006832,-0.004776
2026-06-28 16:00:00+00:00,59855.0,59912.0,59550.0,59659.0,1359.78996,-2.9793e-06,-0.0005238344,-0.0032632462249726,-0.029793
2026-06-28 17:00:00+00:00,59660.0,59820.0,59370.0,59559.0,1788.27674,-5.3064e-06,-0.0005424512,-0.0016775994137265,-0.053064
2026-06-28 18:00:00+00:00,59559.0,59680.0,59469.0,59593.0,607.15129,3.2652e-06,-0.000473878,0.0005706996260711,0.032652
2026-06-28 19:00:00+00:00,59593.0,59650.0,59230.0,59450.0,1384.54068,7.2002e-06,-0.0004423986,-0.0024024943723318,0.072002
2026-06-28 20:00:00+00:00,59451.0,59740.0,59442.0,59633.0,1061.90001,7.19e-07,-0.0004942482,0.0030734889792258,0.00719
2026-06-28 21:00:00+00:00,59633.0,59758.0,59297.0,59418.0,1114.97202,3.3935e-06,-0.000472852,-0.0036119013487961,0.033935
2026-06-28 22:00:00+00:00,59418.0,59884.0,58875.0,59041.0,3236.32754,5.9963e-06,-0.0004520296,-0.0063650929490675,0.0599629999999999
2026-06-28 23:00:00+00:00,59040.0,59823.0,58974.0,59549.0,2037.88177,2.8958e-06,-0.0004768333,0.0085673852309075,0.0289579999999999
2026-06-29 00:00:00+00:00,59549.0,59683.0,58976.0,59648.0,2263.04806,8.8272e-06,-0.0004293823,0.0016611160140653,0.088272
2026-06-29 01:00:00+00:00,59647.0,59660.0,59180.0,59411.0,1201.60136,2.0291e-06,-0.000483767,-0.0039812246540013,0.020291
2026-06-29 02:00:00+00:00,59411.0,59770.0,58871.0,59721.0,1548.96594,4.7173e-06,-0.0004622617,0.0052043229307813,0.047173
2026-06-29 03:00:00+00:00,59722.0,60188.0,59722.0,60015.0,1346.13106,2.9224e-06,-0.0004766204,0.0049108136374018,0.029224
2026-06-29 04:00:00+00:00,60016.0,60029.0,59708.0,59792.0,833.9851,2.708e-06,-0.0004783362,-0.00372265823418,0.02708
2026-06-29 05:00:00+00:00,59793.0,60076.0,59353.0,60075.0,1078.86504,2.937e-07,-0.0004976503,0.0047219088794045,0.002937
2026-06-29 06:00:00+00:00,60075.0,60313.0,60015.0,60045.0,1064.45129,5.5019e-06,-0.000455985,-0.000499500509886,0.055019
2026-06-29 07:00:00+00:00,60046.0,60150.0,59894.0,59996.0,673.78246,2.8439e-06,-0.0004772487,-0.0008163877795336,0.028439
2026-06-29 08:00:00+00:00,59997.0,60068.0,59708.0,59807.0,848.422,5.7967e-06,-0.0004536263,-0.0031551823709588,0.057967
2026-06-29 09:00:00+00:00,59807.0,60085.0,59757.0,60024.0,660.43881,5.8906e-06,-0.0004528751,0.0036217712812735,0.058906
2026-06-29 10:00:00+00:00,60025.0,60285.0,60025.0,60063.0,901.72114,9.1666e-06,-0.000426667,0.0006495291142444,0.091666
2026-06-29 11:00:00+00:00,60064.0,60183.0,59761.0,59941.0,1633.00123,4.3036e-06,-0.0004655715,-0.0020332662583037,0.043036
2026-06-29 12:00:00+00:00,59935.0,60767.0,59564.0,59922.0,5932.84044,4.8464e-06,-0.0004612287,-0.0003170286103157,0.048464
2026-06-29 13:00:00+00:00,59923.0,60300.0,59297.0,59556.0,3294.84645,8.3323e-06,-0.0004333417,-0.0061266700957485,0.083323
2026-06-29 14:00:00+00:00,59556.0,59680.0,58990.0,59438.0,3909.13474,6.1273e-06,-0.0004509819,-0.0019832939253906,0.061273
2026-06-29 15:00:00+00:00,59440.0,59931.0,59069.0,59792.0,3085.89016,1.25e-05,-0.0003741231,0.0059381202752148,0.125
2026-06-29 16:00:00+00:00,59792.0,59974.0,59552.0,59867.0,1377.75447,8.9288e-06,-0.0004285693,0.0012535623700911,0.089288
2026-06-29 17:00:00+00:00,59868.0,60648.0,59863.0,60386.0,3167.58386,1.8169e-06,-0.0004854648,0.0086318548810712,0.0181689999999999
2026-06-29 18:00:00+00:00,60386.0,60491.0,60165.0,60274.0,1031.72208,2.0836e-06,-0.0004833316,-0.0018564566909778,0.0208359999999999
2026-06-29 19:00:00+00:00,60275.0,60537.0,60129.0,60404.0,1265.01732,8.1235e-06,-0.0004350122,0.0021544946102301,0.0812349999999999
2026-06-29 20:00:00+00:00,60405.0,60524.0,60270.0,60270.0,1039.57086,1.11065e-05,-0.0004111477,-0.0022208604185899,0.111065
2026-06-29 21:00:00+00:00,60271.0,60570.0,60227.0,60453.0,1004.92367,3.6097e-06,-0.0004711226,0.0030317361259941,0.036097
2026-06-29 22:00:00+00:00,60453.0,60493.0,60317.0,60321.0,706.47366,1.0217e-05,-0.000418264,-0.002185901809327,0.10217
2026-06-29 23:00:00+00:00,60322.0,60355.0,60175.0,60227.0,400.14722,7.4115e-06,-0.0004407081,-0.0015595450617526,0.074115
2026-06-30 00:00:00+00:00,60228.0,60248.0,59671.0,59818.0,1727.29702,2.8767e-06,-0.0004769863,-0.0068141377412176,0.028767
2026-06-30 01:00:00+00:00,59818.0,60027.0,59755.0,59915.0,663.1982,7.7651e-06,-0.0004378791,0.0016202721258303,0.077651
2026-06-30 02:00:00+00:00,59915.0,60003.0,59721.0,59915.0,1134.75531,9.0354e-06,-0.000427717,0.0,0.090354
2026-06-30 03:00:00+00:00,59916.0,60000.0,59565.0,59589.0,1451.35014,5.0884e-06,-0.0004592927,-0.0054558978555515,0.050884
2026-06-30 04:00:00+00:00,59589.0,59668.0,59390.0,59477.0,1090.15368,-4.87e-06,-0.0005389601,-0.00188131008069,-0.0487
2026-06-30 05:00:00+00:00,59478.0,59638.0,59334.0,59626.0,1720.15578,4.5111e-06,-0.0004639112,0.0025020373580967,0.045111
2026-06-30 06:00:00+00:00,59627.0,59690.0,59479.0,59570.0,1040.61509,1.25e-05,-0.0003697619,-0.0009396289157389,0.125
2026-06-30 07:00:00+00:00,59571.0,59609.0,59422.0,59508.0,975.79263,1.25e-05,-0.0003906905,-0.0010413343455989,0.125
2026-06-30 08:00:00+00:00,59508.0,59528.0,59170.0,59287.0,1221.32756,1.25e-05,-0.0003716028,-0.0037206996077782,0.125
2026-06-30 09:00:00+00:00,59287.0,59395.0,59221.0,59351.0,584.19478,1.23847e-05,-0.0004009225,0.001078912426175,0.123847
2026-06-30 10:00:00+00:00,59351.0,59400.0,59261.0,59312.0,553.03153,1.25e-05,-0.0003940519,-0.0006573237050174,0.125
2026-06-30 11:00:00+00:00,59312.0,59390.0,59100.0,59158.0,1536.47886,1.25e-05,-0.0003991346,-0.0025998157633329,0.125
2026-06-30 12:00:00+00:00,59159.0,59159.0,58363.0,58374.0,4041.96874,1.07344e-05,-0.0004141246,-0.0133412454236978,0.107344
2026-06-30 13:00:00+00:00,58373.0,58762.0,58194.0,58711.0,3969.53714,-1.493e-07,-0.0005011941,0.0057565175831369,-0.001493
2026-06-30 14:00:00+00:00,58712.0,59293.0,58412.0,58474.0,6481.73152,6.2665e-06,-0.0004498676,-0.0040448918058218,0.062665
2026-06-30 15:00:00+00:00,58467.0,58778.0,58160.0,58356.0,5190.19763,1.25e-05,-0.0002491152,-0.0020200297890116,0.125
2026-06-30 16:00:00+00:00,58356.0,58600.0,58236.0,58479.0,1634.14071,1.21714e-05,-0.0004026292,0.0021055342224686,0.121714
2026-06-30 17:00:00+00:00,58480.0,58596.0,58282.0,58400.0,1196.99995,1.13399e-05,-0.0004092806,-0.0013518255979362,0.113399
2026-06-30 18:00:00+00:00,58400.0,58673.0,58335.0,58661.0,1360.2229,1.25e-05,-0.0003692358,0.0044592209615674,0.125
2026-06-30 19:00:00+00:00,58662.0,58815.0,58561.0,58796.0,1099.97484,1.25e-05,-0.0003414227,0.0022987145839922,0.125
2026-06-30 20:00:00+00:00,58797.0,58857.0,58611.0,58704.0,1166.66628,1.15754e-05,-0.0004073966,-0.0015659577668149,0.115754
2026-06-30 21:00:00+00:00,58705.0,58742.0,58474.0,58610.0,536.82865,1.4058e-06,-0.0004887535,-0.0016025371245883,0.014058
2026-06-30 22:00:00+00:00,58611.0,58765.0,58479.0,58581.0,356.38815,1.7818e-06,-0.0004857454,-0.0004949185618682,0.017818
2026-06-30 23:00:00+00:00,58582.0,58640.0,58510.0,58603.0,479.32056,6.8525e-06,-0.00044518,0.0003754778853507,0.068525
2026-07-01 00:00:00+00:00,58604.0,58729.0,58275.0,58549.0,1357.75046,6.0184e-06,-0.0004518524,-0.0009218793332487,0.060184
2026-07-01 01:00:00+00:00,58549.0,58975.0,57768.0,58739.0,5992.8005,1.3738e-06,-0.00048901,0.0032398909726619,0.013738
2026-07-01 02:00:00+00:00,58739.0,59150.0,58627.0,59063.0,1772.57802,-5.1677e-06,-0.0005413418,0.0055007693753605,-0.0516769999999999
2026-07-01 03:00:00+00:00,59063.0,59293.0,58821.0,59171.0,1801.7614,2.722e-06,-0.0004782242,0.0018268861755099,0.02722
2026-07-01 04:00:00+00:00,59172.0,59433.0,59039.0,59303.0,2048.23976,3.9802e-06,-0.0004681583,0.002228337941158,0.039802
2026-07-01 05:00:00+00:00,59302.0,59353.0,59095.0,59119.0,967.12313,1.17586e-05,-0.0004059315,-0.0031075331960333,0.117586
2026-07-01 06:00:00+00:00,59119.0,59128.0,58507.0,58735.0,2149.22334,-5.252e-07,-0.0005042017,-0.0065165604713793,-0.005252
2026-07-01 07:00:00+00:00,58735.0,58807.0,58568.0,58745.0,1160.94758,1.6575e-06,-0.0004867397,0.0001702417436867,0.016575
2026-07-01 08:00:00+00:00,58744.0,58969.0,58468.0,58953.0,2020.18358,6.4315e-06,-0.000448548,0.0035344732542038,0.064315
2026-07-01 09:00:00+00:00,58953.0,59070.0,58819.0,58923.0,907.25477,1.20266e-05,-0.0004037874,-0.000509009478566,0.120266
2026-07-01 10:00:00+00:00,58922.0,58925.0,58590.0,58631.0,733.79319,1.25e-05,-0.0003905398,-0.0049679398498868,0.125
2026-07-01 11:00:00+00:00,58631.0,58731.0,58524.0,58591.0,1031.36237,4.8544e-06,-0.0004611648,-0.000682465775239,0.048544
2026-07-01 12:00:00+00:00,58591.0,58651.0,58306.0,58503.0,1937.67677,1.10907e-05,-0.0004112747,-0.0015030661958345,0.110907
2026-07-01 13:00:00+00:00,58502.0,59500.0,58501.0,59468.0,4852.7329,4.8489e-06,-0.0004612088,0.0163603177768908,0.048489
2026-07-01 14:00:00+00:00,59467.0,60063.0,59255.0,59519.0,5636.0498,9.9104e-06,-0.0004207168,0.0008572365573236,0.099104
2026-07-01 15:00:00+00:00,59518.0,60569.0,59512.0,60123.0,6292.83948,1.3904e-06,-0.0004888766,0.010096874530973,0.013904
2026-07-01 16:00:00+00:00,60122.0,60239.0,59843.0,59901.0,1533.87365,1.25e-05,-0.0002680512,-0.0036992643665307,0.125
2026-07-01 17:00:00+00:00,59900.0,60221.0,59764.0,60174.0,1813.86569,1.25e-05,-0.0002867348,0.004547165861256,0.125
2026-07-01 18:00:00+00:00,60174.0,60288.0,60000.0,60153.0,1367.22646,1.25e-05,-0.0002797949,-0.0003490488454496,0.125
2026-07-01 19:00:00+00:00,60153.0,60340.0,59975.0,59996.0,1756.04889,1.25e-05,-0.0003042825,-0.0026134231555635,0.125
2026-07-01 20:00:00+00:00,59996.0,60187.0,59853.0,60112.0,1606.02228,1.25e-05,-0.0002881851,0.0019315954985,0.125
2026-07-01 21:00:00+00:00,60112.0,60825.0,60110.0,60801.0,3136.27876,1.25e-05,-0.0003153204,0.0113967473736728,0.125
2026-07-01 22:00:00+00:00,60801.0,61357.0,60350.0,60464.0,3225.71362,1.25e-05,-0.000145306,-0.0055580895981527,0.125
2026-07-01 23:00:00+00:00,60465.0,60465.0,59965.0,60010.0,1405.37013,1.25e-05,-0.0001534236,-0.0075369316057117,0.125
2026-07-02 00:00:00+00:00,60010.0,60013.0,59561.0,59736.0,2090.27122,1.25e-05,-0.0001911913,-0.0045763612680208,0.125
2026-07-02 01:00:00+00:00,59737.0,60308.0,59703.0,60169.0,1937.23199,1.25e-05,-0.0003374057,0.0072224157828902,0.125
2026-07-02 02:00:00+00:00,60169.0,60490.0,60010.0,60409.0,1027.7156,1.25e-05,-0.0002011011,0.0039808309466107,0.125
2026-07-02 03:00:00+00:00,60410.0,61152.0,60284.0,61067.0,2714.03963,1.25e-05,-0.000225498,0.0108335216094047,0.125
2026-07-02 04:00:00+00:00,61068.0,61068.0,60731.0,60786.0,1119.22983,1.25e-05,-0.0001181469,-0.004612122772711,0.125
2026-07-02 05:00:00+00:00,60786.0,60880.0,60476.0,60497.0,1314.63547,1.25e-05,-3.6829e-06,-0.0047657222691239,0.125
2026-07-02 06:00:00+00:00,60497.0,60661.0,60245.0,60267.0,1373.03203,1.25e-05,-5.30389e-05,-0.0038090867823494,0.125
2026-07-02 07:00:00+00:00,60267.0,60293.0,60102.0,60150.0,1204.90346,1.25e-05,-0.0001648879,-0.001943247827434,0.125
2026-07-02 08:00:00+00:00,60150.0,60551.0,60135.0,60516.0,1058.44009,1.25e-05,-7.05682e-05,0.0060663504619007,0.125
2026-07-02 09:00:00+00:00,60516.0,61465.0,60371.0,61188.0,3212.54461,1.25e-05,3.05399e-05,0.0110432989784303,0.125
2026-07-02 10:00:00+00:00,61188.0,61354.0,61048.0,61267.0,1410.49849,1.25e-05,2.3426e-05,0.0012902700740666,0.125
2026-07-02 11:00:00+00:00,61267.0,61391.0,61126.0,61365.0,1241.43158,1.25e-05,-3.26653e-05,0.0015982781143859,0.125
2026-07-02 12:00:00+00:00,61364.0,61600.0,61166.0,61532.0,2931.70606,1.25e-05,-2.4594e-06,0.002717724644033,0.125
2026-07-02 13:00:00+00:00,61531.0,62043.0,61500.0,61932.0,6006.69467,1.25e-05,-8.6555e-06,0.0064796442610857,0.125
2026-07-02 14:00:00+00:00,61933.0,62224.0,61381.0,61688.0,7345.69805,1.25e-05,-5.31265e-05,-0.0039475864239308,0.125
2026-07-02 15:00:00+00:00,61688.0,61830.0,61404.0,61593.0,1701.9864,1.25e-05,-0.0001772559,-0.0015411948119225,0.125
2026-07-02 16:00:00+00:00,61601.0,61806.0,61131.0,61684.0,3739.01892,1.25e-05,-0.0002252889,0.0014763502766729,0.125
2026-07-02 17:00:00+00:00,61684.0,61947.0,61627.0,61669.0,1408.33825,1.25e-05,-0.0001377862,-0.00024320446319,0.125
2026-07-02 18:00:00+00:00,61669.0,61868.0,61663.0,61756.0,880.99727,1.25e-05,9.2102e-05,0.0014097632474602,0.125
2026-07-02 19:00:00+00:00,61757.0,61764.0,61423.0,61482.0,1431.774,1.25e-05,1.42151e-05,-0.0044466877340443,0.125
2026-07-02 20:00:00+00:00,61483.0,61617.0,61354.0,61597.0,1126.16963,1.25e-05,-3.2771e-05,0.0018687190091902,0.125
2026-07-02 21:00:00+00:00,61597.0,61679.0,61527.0,61612.0,869.33773,1.25e-05,0.0001388673,0.0002434887073852,0.125
2026-07-02 22:00:00+00:00,61612.0,61612.0,61410.0,61478.0,618.45949,1.25e-05,0.0002945248,-0.0021772695253165,0.125
2026-07-02 23:00:00+00:00,61479.0,61636.0,61357.0,61587.0,1604.59201,1.25e-05,0.0001994644,0.0017714220696854,0.125
2026-07-03 00:00:00+00:00,61587.0,61602.0,61264.0,61331.0,665.94341,1.25e-05,0.0002755152,-0.0041653845676364,0.125
2026-07-03 01:00:00+00:00,61331.0,61762.0,61306.0,61620.0,586.91826,1.25e-05,0.0003036607,0.0047010684295783,0.125
2026-07-03 02:00:00+00:00,61621.0,61697.0,61300.0,61460.0,1325.41643,1.25e-05,0.0004572923,-0.0025999364661832,0.125
2026-07-03 03:00:00+00:00,61460.0,61598.0,61345.0,61451.0,573.19508,1.25e-05,0.0003541624,-0.0001464474297025,0.125
2026-07-03 04:00:00+00:00,61452.0,61563.0,61353.0,61469.0,1199.98846,1.25e-05,0.0003659296,0.0002928734156957,0.125
2026-07-03 05:00:00+00:00,61469.0,61840.0,61442.0,61729.0,1320.83568,1.25e-05,0.0003090625,0.0042208540074471,0.125
2026-07-03 06:00:00+00:00,61730.0,61894.0,61629.0,61743.0,932.99673,1.25e-05,0.0004485153,0.0002267720626538,0.125
2026-07-03 07:00:00+00:00,61744.0,61911.0,61702.0,61788.0,940.64036,1.25e-05,0.000489048,0.0007285620935718,0.125
2026-07-03 08:00:00+00:00,61788.0,61951.0,61563.0,61602.0,1253.2756,1.89181e-05,0.0006513451,-0.0030148333071219,0.189181
2026-07-03 09:00:00+00:00,61601.0,61800.0,61531.0,61745.0,1088.75503,1.25e-05,0.0004691144,0.002318663024903,0.125
2026-07-03 10:00:00+00:00,61744.0,62105.0,61693.0,61943.0,1234.30196,1.25e-05,0.0003756332,0.0032016067707407,0.125
2026-07-03 11:00:00+00:00,61945.0,62127.0,61870.0,62046.0,1149.90618,1.25e-05,0.0003647097,0.0016614380903666,0.125
2026-07-03 12:00:00+00:00,62044.0,62197.0,61886.0,61996.0,1175.41502,1.25e-05,0.0003442143,-0.0008061785960886,0.125
2026-07-03 13:00:00+00:00,61996.0,62279.0,61963.0,62125.0,884.76799,1.25e-05,0.0002357899,0.0020786175819885,0.125
2026-07-03 14:00:00+00:00,62126.0,62288.0,61708.0,62176.0,1960.07195,1.25e-05,0.000208794,0.0008205887782368,0.125
2026-07-03 15:00:00+00:00,62177.0,62400.0,61829.0,61934.0,1297.68574,1.25e-05,0.000111371,-0.0038997712786873,0.125
2026-07-03 16:00:00+00:00,61933.0,62133.0,61915.0,62110.0,477.57443,1.25e-05,0.0001363604,0.0028377046548693,0.125
2026-07-03 17:00:00+00:00,62109.0,62301.0,62079.0,62189.0,675.10712,1.25e-05,8.74222e-05,0.001271128659718,0.125
2026-07-03 18:00:00+00:00,62191.0,62252.0,62122.0,62214.0,402.3096,1.25e-05,9.6692e-05,0.0004019195732666,0.125
2026-07-03 19:00:00+00:00,62213.0,62320.0,62154.0,62210.0,691.46466,1.25e-05,5.32093e-05,-6.42962772677394e-05,0.125
2026-07-03 20:00:00+00:00,62210.0,62914.0,62190.0,62781.0,3483.14203,1.25e-05,6.3266e-06,0.0091367213997138,0.125
2026-07-03 21:00:00+00:00,62782.0,62949.0,62505.0,62737.0,2261.03581,1.25e-05,-2.22206e-05,-0.0007010946924311,0.125
2026-07-03 22:00:00+00:00,62738.0,62753.0,62524.0,62564.0,2144.95569,1.25e-05,-1.95904e-05,-0.0027613524222158,0.125
2026-07-03 23:00:00+00:00,62563.0,62677.0,62522.0,62576.0,728.15706,1.25e-05,-0.0001744108,0.0001917852011631,0.125
2026-07-04 00:00:00+00:00,62575.0,62939.0,62574.0,62758.0,2093.23247,1.25e-05,-0.000237217,0.0029042419124111,0.125
2026-07-04 01:00:00+00:00,62757.0,62758.0,62388.0,62454.0,1263.62389,1.25e-05,-0.0001090804,-0.004855774164183,0.125
2026-07-04 02:00:00+00:00,62454.0,62570.0,62414.0,62526.0,473.71262,1.25e-05,-0.0002007602,0.001152184476959,0.125
2026-07-04 03:00:00+00:00,62526.0,62730.0,62466.0,62621.0,509.60983,1.25e-05,-0.000172057,0.001518214871275,0.125
2026-07-04 04:00:00+00:00,62620.0,62743.0,62585.0,62683.0,363.95667,1.25e-05,-0.0001808033,0.000989593389831,0.125
2026-07-04 05:00:00+00:00,62683.0,62684.0,62433.0,62464.0,535.61318,1.25e-05,-0.0001290704,-0.0034998877088242,0.125
2026-07-04 06:00:00+00:00,62463.0,62555.0,62319.0,62492.0,893.03848,1.25e-05,-9.39023e-05,0.0004481577590294,0.125
2026-07-04 07:00:00+00:00,62490.0,62621.0,62452.0,62570.0,433.1741,1.25e-05,-0.0001341831,0.0012473814606153,0.125
2026-07-04 08:00:00+00:00,62570.0,62668.0,62498.0,62552.0,421.60709,1.25e-05,-0.0001227641,-0.0002877191880592,0.125
2026-07-04 09:00:00+00:00,62551.0,62577.0,62401.0,62484.0,566.24294,1.25e-05,-0.0001439464,-0.0010876868534505,0.125
2026-07-04 10:00:00+00:00,62483.0,62534.0,62434.0,62503.0,198.09171,1.25e-05,-0.0001587698,0.0003040316216303,0.125
2026-07-04 11:00:00+00:00,62503.0,62541.0,62459.0,62473.0,216.88615,1.25e-05,-0.000181812,-0.0004800921869194,0.125
2026-07-04 12:00:00+00:00,62472.0,62681.0,62472.0,62649.0,249.2418,1.25e-05,-0.0001773584,0.0028132561192755,0.125
2026-07-04 13:00:00+00:00,62648.0,62772.0,62533.0,62578.0,409.4537,1.25e-05,-0.0001964982,-0.0011339408850771,0.125
2026-07-04 14:00:00+00:00,62578.0,62719.0,62578.0,62690.0,181.76421,1.25e-05,-0.0001801784,0.0017881666482054,0.125
2026-07-04 15:00:00+00:00,62688.0,63051.0,62687.0,62921.0,1388.83059,1.25e-05,-0.0001661695,0.0036780259756157,0.125
2026-07-04 16:00:00+00:00,62921.0,62954.0,62772.0,62911.0,713.27357,1.25e-05,-0.0001574555,-0.0001589420818401,0.125
2026-07-04 17:00:00+00:00,62911.0,63419.0,62800.0,63258.0,2524.78253,1.25e-05,-0.0002003234,0.0055005726432147,0.125
2026-07-04 18:00:00+00:00,63258.0,63342.0,63094.0,63160.0,1571.42166,1.25e-05,-5.14663e-05,-0.0015504124354262,0.125
2026-07-04 19:00:00+00:00,63159.0,63460.0,63111.0,63292.0,1826.98817,1.25e-05,-0.000178036,0.0020877494692953,0.125
2026-07-04 20:00:00+00:00,63291.0,63387.0,63143.0,63224.0,2044.51551,1.25e-05,-6.16627e-05,-0.0010749629540625,0.125
2026-07-04 21:00:00+00:00,63224.0,63460.0,63196.0,63305.0,1554.50217,1.25e-05,-0.0001364339,0.0012803390695423,0.125
2026-07-04 22:00:00+00:00,63304.0,63311.0,63157.0,63180.0,713.7679,1.25e-05,-3.46595e-05,-0.0019765195982774,0.125
2026-07-04 23:00:00+00:00,63181.0,63243.0,62923.0,63127.0,1631.71301,1.25e-05,-0.0001160657,-0.0008392251119994,0.125
2026-07-05 00:00:00+00:00,63128.0,63128.0,62897.0,62986.0,853.70343,1.25e-05,-8.5899e-05,-0.0022360907876458,0.125
2026-07-05 01:00:00+00:00,62986.0,63039.0,62794.0,62891.0,793.63764,1.25e-05,-8.21769e-05,-0.0015094102661597,0.125
2026-07-05 02:00:00+00:00,62891.0,62926.0,62589.0,62686.0,1105.80089,1.25e-05,-8.03428e-05,-0.003264931987618,0.125
2026-07-05 03:00:00+00:00,62687.0,62790.0,62646.0,62764.0,425.42999,1.25e-05,-0.0001488545,0.0012435234763056,0.125
2026-07-05 04:00:00+00:00,62765.0,62961.0,62705.0,62823.0,683.14014,1.25e-05,-8.99701e-05,0.000939587765303,0.125
2026-07-05 05:00:00+00:00,62822.0,62823.0,62640.0,62738.0,466.94098,1.25e-05,-1.894e-07,-0.0013539237977481,0.125
2026-07-05 06:00:00+00:00,62737.0,62818.0,62659.0,62766.0,194.94028,1.25e-05,-0.0001537943,0.000446200925302,0.125
2026-07-05 07:00:00+00:00,62766.0,63063.0,62716.0,63024.0,624.16628,1.25e-05,-0.000108138,0.0041020806388713,0.125
2026-07-05 08:00:00+00:00,63024.0,63100.0,62885.0,62911.0,355.0483,1.25e-05,-4.70442e-05,-0.0017945770488972,0.125
2026-07-05 09:00:00+00:00,62911.0,62923.0,62434.0,62609.0,1035.76424,1.25e-05,-5.26241e-05,-0.0048119914394603,0.125
2026-07-05 10:00:00+00:00,62615.0,62759.0,62540.0,62757.0,316.46197,1.25e-05,-0.0001356764,0.0023610878349005,0.125
2026-07-05 11:00:00+00:00,62757.0,62810.0,62603.0,62644.0,329.28422,1.25e-05,-6.132e-07,-0.0018022189709055,0.125
2026-07-05 12:00:00+00:00,62645.0,62775.0,62550.0,62750.0,722.88157,1.25e-05,-7.65281e-05,0.0016906714077058,0.125
2026-07-05 13:00:00+00:00,62750.0,62828.0,62643.0,62801.0,742.97014,1.25e-05,3.7431e-06,0.0008124189023599,0.125
2026-07-05 14:00:00+00:00,62802.0,62826.0,62650.0,62817.0,658.6585,1.25e-05,1.4645e-05,0.0002547405640357,0.125
2026-07-05 15:00:00+00:00,62817.0,62953.0,62680.0,62735.0,700.02251,1.25e-05,1.45065e-05,-0.0013062318666261,0.125
2026-07-05 16:00:00+00:00,62736.0,62760.0,62600.0,62637.0,467.56867,1.25e-05,4.22685e-05,-0.0015633477963149,0.125
2026-07-05 17:00:00+00:00,62636.0,62822.0,62600.0,62627.0,364.29747,1.25e-05,-8.1235e-05,-0.000159662792522,0.125
2026-07-05 18:00:00+00:00,62628.0,62879.0,62612.0,62819.0,627.76482,1.25e-05,-4.9158e-05,0.0030610804636798,0.125
2026-07-05 19:00:00+00:00,62819.0,62879.0,62726.0,62772.0,530.53841,1.25e-05,-4.1221e-05,-0.0007484613100316,0.125
2026-07-05 20:00:00+00:00,62772.0,62838.0,62691.0,62730.0,347.27195,1.25e-05,-6.38869e-05,-0.0006693120678223,0.125
2026-07-05 21:00:00+00:00,62731.0,63233.0,62592.0,63092.0,1954.1657,1.25e-05,-0.0001239915,0.0057541765165757,0.125
2026-07-05 22:00:00+00:00,63092.0,63941.0,63008.0,63735.0,2744.55314,1.25e-05,-1.60938e-05,0.010139883609657,0.125
2026-07-05 23:00:00+00:00,63736.0,63997.0,63558.0,63635.0,1443.55648,1.25e-05,1.99166e-05,-0.0015702287908741,0.125
2026-07-06 00:00:00+00:00,63635.0,63761.0,63323.0,63757.0,1901.59809,1.25e-05,-0.0001794702,0.0019153484880844,0.125
2026-07-06 01:00:00+00:00,63757.0,63919.0,63543.0,63564.0,1210.02519,1.25e-05,-0.0001553664,-0.0030317095817048,0.125
2026-07-06 02:00:00+00:00,63564.0,63663.0,63371.0,63458.0,1000.08127,1.25e-05,-7.5583e-05,-0.0016690026075146,0.125
2026-07-06 03:00:00+00:00,63459.0,63491.0,63123.0,63292.0,879.18815,1.25e-05,-8.59347e-05,-0.0026193308861385,0.125
2026-07-06 04:00:00+00:00,63292.0,63390.0,63176.0,63266.0,524.91847,1.25e-05,-9.26989e-05,-0.0004108788123355,0.125
2026-07-06 05:00:00+00:00,63267.0,63267.0,62939.0,63107.0,597.37265,1.25e-05,-8.69656e-05,-0.0025163616262966,0.125
2026-07-06 06:00:00+00:00,63107.0,63140.0,62962.0,62991.0,763.19963,1.25e-05,-0.0001570838,-0.0018398393744825,0.125
2026-07-06 07:00:00+00:00,62991.0,63133.0,62880.0,63104.0,609.17974,1.25e-05,-0.0001247027,0.0017922999365482,0.125
2026-07-06 08:00:00+00:00,63104.0,63253.0,62828.0,62903.0,884.25629,1.25e-05,2.75311e-05,-0.0031903016575568,0.125
2026-07-06 09:00:00+00:00,62904.0,62914.0,62625.0,62668.0,936.10925,1.25e-05,1.6153e-05,-0.0037429067913726,0.125
2026-07-06 10:00:00+00:00,62668.0,63046.0,62663.0,62815.0,903.44566,1.25e-05,-3.19589e-05,0.0023429479251404,0.125
2026-07-06 11:00:00+00:00,62816.0,63017.0,62500.0,62501.0,1815.24252,1.25e-05,4.64085e-05,-0.0050113418420239,0.125
2026-07-06 12:00:00+00:00,62501.0,62501.0,61673.0,61766.0,5960.89062,1.25e-05,1.83366e-05,-0.0118295053575499,0.125
2026-07-06 13:00:00+00:00,61766.0,62060.0,61342.0,61780.0,5802.7736,1.25e-05,0.0001069923,0.0002266362336282,0.125
2026-07-06 14:00:00+00:00,61781.0,62421.0,61728.0,62058.0,2740.73994,1.25e-05,0.0002195775,0.004489744133286,0.125
2026-07-06 15:00:00+00:00,62058.0,63558.0,62058.0,63538.0,6215.77275,1.25e-05,0.0001852679,0.0235687204868191,0.125
2026-07-06 16:00:00+00:00,63539.0,63903.0,63390.0,63737.0,3896.88179,1.25e-05,1.62714e-05,0.0031270895645372,0.125
2026-07-06 17:00:00+00:00,63737.0,63962.0,63576.0,63586.0,2672.84632,1.25e-05,4.62876e-05,-0.0023719213464018,0.125
2026-07-06 18:00:00+00:00,63586.0,63885.0,63556.0,63698.0,1599.81339,1.25e-05,-1.6478e-06,0.0017598445822855,0.125
2026-07-06 19:00:00+00:00,63698.0,63893.0,63655.0,63741.0,1021.33615,1.25e-05,-2.36594e-05,0.0006748326906495,0.125
2026-07-06 20:00:00+00:00,63741.0,63894.0,63582.0,63826.0,1025.05699,1.25e-05,1.52393e-05,0.0013326332449515,0.125
2026-07-06 21:00:00+00:00,63826.0,64698.0,63811.0,64499.0,4095.01946,1.25e-05,-3.11043e-05,0.0104890889590084,0.125
2026-07-06 22:00:00+00:00,64500.0,64515.0,64175.0,64260.0,736.18504,1.25e-05,0.0001132391,-0.003712366117859,0.125
2026-07-06 23:00:00+00:00,64263.0,64357.0,64031.0,64054.0,797.41671,1.25e-05,0.0001723414,-0.0032108760849726,0.125
2026-07-07 00:00:00+00:00,64054.0,64331.0,64026.0,64215.0,675.78866,1.25e-05,0.0001727353,0.0025103506622793,0.125
2026-07-07 01:00:00+00:00,64216.0,64216.0,63798.0,63844.0,844.99881,1.25e-05,0.0001599149,-0.0057942204447071,0.125
2026-07-07 02:00:00+00:00,63844.0,63910.0,63291.0,63332.0,1453.63208,1.25e-05,0.0001315965,-0.0080518771811242,0.125
2026-07-07 03:00:00+00:00,63332.0,63418.0,63155.0,63189.0,754.87104,1.25e-05,6.5784e-05,-0.0022604952678565,0.125
2026-07-07 04:00:00+00:00,63190.0,63294.0,63072.0,63105.0,1157.52757,1.25e-05,3.62527e-05,-0.0013302296607372,0.125
2026-07-07 05:00:00+00:00,63105.0,63278.0,62800.0,63138.0,1264.25748,1.25e-05,8.04379e-05,0.0005228012761363,0.125
2026-07-07 06:00:00+00:00,63137.0,63426.0,63000.0,63364.0,820.59457,1.25e-05,0.0001321478,0.0035730698398741,0.125
2026-07-07 07:00:00+00:00,63364.0,63460.0,63079.0,63088.0,1576.22269,1.25e-05,0.0002384826,-0.0043652996913328,0.125
2026-07-07 08:00:00+00:00,63088.0,63201.0,63003.0,63111.0,721.53542,1.25e-05,0.0002648028,0.0003645036847306,0.125
2026-07-07 09:00:00+00:00,63111.0,63354.0,63069.0,63268.0,523.33957,1.25e-05,7.66954e-05,0.0024845912812405,0.125
2026-07-07 10:00:00+00:00,63269.0,63485.0,63234.0,63283.0,728.58173,1.25e-05,0.0001384043,0.0002370585782846,0.125
2026-07-07 11:00:00+00:00,63284.0,63461.0,63125.0,63420.0,1167.43004,1.25e-05,0.0001741105,0.0021625384306744,0.125
2026-07-07 12:00:00+00:00,63421.0,63892.0,63420.0,63479.0,1633.22927,1.25e-05,7.26536e-05,0.0009298734308585,0.125
2026-07-07 13:00:00+00:00,63480.0,63480.0,62993.0,63059.0,3089.27065,1.25e-05,0.0001050228,-0.0066383464629818,0.125
2026-07-07 14:00:00+00:00,63059.0,63640.0,62667.0,63569.0,4085.17387,1.25e-05,5.3854e-06,0.0080551340559334,0.125
2026-07-07 15:00:00+00:00,63570.0,64100.0,63382.0,63942.0,2739.60831,1.25e-05,9.7954e-05,0.0058504923328626,0.125
2026-07-07 16:00:00+00:00,63942.0,64260.0,63820.0,63987.0,1882.20407,1.25e-05,3.86224e-05,0.0007035152601208,0.125
2026-07-07 17:00:00+00:00,63988.0,64242.0,63896.0,64194.0,558.84208,1.25e-05,5.14573e-05,0.0032298106575294,0.125
2026-07-07 18:00:00+00:00,64194.0,64203.0,63675.0,63683.0,1157.22904,1.25e-05,4.93879e-05,-0.0079920974053003,0.125
2026-07-07 19:00:00+00:00,63683.0,63900.0,63397.0,63825.0,1893.2003,1.25e-05,5.16334e-05,0.0022273121483234,0.125
2026-07-07 20:00:00+00:00,63826.0,63912.0,63624.0,63699.0,741.22811,1.25e-05,5.44306e-05,-0.0019760992597811,0.125
2026-07-07 21:00:00+00:00,63700.0,63873.0,63310.0,63421.0,2485.85782,1.25e-05,-2.36085e-05,-0.0043738269853145,0.125
2026-07-07 22:00:00+00:00,63421.0,63668.0,63198.0,63543.0,1500.21245,1.25e-05,-7.60593e-05,0.0019218051975191,0.125
2026-07-07 23:00:00+00:00,63544.0,63718.0,63312.0,63355.0,1007.56109,1.25e-05,-9.98548e-05,-0.0029630118290994,0.125
2026-07-08 00:00:00+00:00,63355.0,63750.0,63292.0,63608.0,914.36203,1.25e-05,-2.03407e-05,0.0039854183483106,0.125
2026-07-08 01:00:00+00:00,63607.0,63646.0,62879.0,63015.0,2659.50562,1.25e-05,-3.52223e-05,-0.0093664553097273,0.125
2026-07-08 02:00:00+00:00,63016.0,63050.0,62510.0,62974.0,2365.90635,1.25e-05,-0.0001258906,-0.0006508504940482,0.125
2026-07-08 03:00:00+00:00,62974.0,63091.0,62678.0,62746.0,848.82048,1.25e-05,-0.000176233,-0.003627111835234,0.125
2026-07-08 04:00:00+00:00,62747.0,62900.0,62663.0,62790.0,1082.08821,1.25e-05,-0.0001527324,0.0007009941658452,0.125
2026-07-08 05:00:00+00:00,62791.0,62864.0,62535.0,62621.0,976.27826,1.25e-05,-0.0001400185,-0.0026951400163976,0.125
2026-07-08 06:00:00+00:00,62622.0,62736.0,62458.0,62646.0,1543.02156,1.25e-05,-0.000219285,0.0003991474264078,0.125
2026-07-08 07:00:00+00:00,62646.0,62893.0,62541.0,62887.0,1520.87644,1.25e-05,-0.0002318055,0.0038396325441764,0.125
2026-07-08 08:00:00+00:00,62888.0,62933.0,61856.0,62006.0,3532.92044,1.25e-05,-0.0001392173,-0.0141083105238849,0.125
2026-07-08 09:00:00+00:00,62006.0,62164.0,61731.0,62064.0,1752.34627,1.25e-05,-0.0001306756,0.0009349561412916,0.125
2026-07-08 10:00:00+00:00,62063.0,62185.0,61894.0,62171.0,681.61751,1.25e-05,-0.0001337283,0.0017225423826957,0.125
2026-07-08 11:00:00+00:00,62171.0,62378.0,62053.0,62301.0,1030.477,1.25e-05,-8.36852e-05,0.0020888239486444,0.125
2026-07-08 12:00:00+00:00,62300.0,62443.0,61956.0,61956.0,1472.93892,1.25e-05,-7.83623e-05,-0.0055530213434393,0.125
2026-07-08 13:00:00+00:00,61956.0,62094.0,61626.0,61948.0,1942.18405,1.25e-05,-3.24548e-05,-0.0001291322315844,0.125
2026-07-08 14:00:00+00:00,61947.0,62175.0,61716.0,61885.0,1106.49763,1.25e-05,-6.8791e-05,-0.0010174994619423,0.125
2026-07-08 15:00:00+00:00,61885.0,61915.0,61550.0,61705.0,1668.13789,1.25e-05,1.14038e-05,-0.0029128590868387,0.125
2026-07-08 16:00:00+00:00,61706.0,62148.0,61680.0,62112.0,1472.7748,1.25e-05,-7.9751e-05,0.0065742420814528,0.125
2026-07-08 17:00:00+00:00,62113.0,62390.0,62027.0,62105.0,1487.98213,1.25e-05,-8.83776e-05,-0.0001127059904426,0.125
2026-07-08 18:00:00+00:00,62106.0,62349.0,62029.0,62173.0,881.0278,1.25e-05,-0.0001083391,0.0010943209061306,0.125
2026-07-08 19:00:00+00:00,62174.0,62283.0,62057.0,62272.0,806.34268,1.25e-05,-0.0001160184,0.0015910646612522,0.125
2026-07-08 20:00:00+00:00,62272.0,62295.0,62066.0,62088.0,535.00228,1.25e-05,-0.0001173036,-0.0029591530117021,0.125
2026-07-08 21:00:00+00:00,62089.0,62248.0,61955.0,62185.0,1217.24372,1.25e-05,-0.000168289,0.0015610795538666,0.125
2026-07-08 22:00:00+00:00,62186.0,62345.0,62175.0,62335.0,422.3136,1.25e-05,-0.0001341189,0.0024092526912338,0.125
2026-07-08 23:00:00+00:00,62335.0,62350.0,62158.0,62283.0,482.26543,1.25e-05,-1.94419e-05,-0.0008345504344164,0.125
2026-07-09 00:00:00+00:00,62283.0,62303.0,62035.0,62117.0,1581.28753,1.25e-05,-8.943e-05,-0.0026688118734516,0.125
2026-07-09 01:00:00+00:00,62118.0,62628.0,61802.0,61895.0,2680.20839,1.25e-05,-0.0001825319,-0.0035803025052965,0.125
2026-07-09 02:00:00+00:00,61895.0,62100.0,61695.0,61771.0,1286.86471,1.25e-05,-0.0001689693,-0.0020054023184534,0.125
2026-07-09 03:00:00+00:00,61771.0,62064.0,61717.0,61963.0,841.53659,1.25e-05,-0.0001991177,0.0031034340456271,0.125
2026-07-09 04:00:00+00:00,61964.0,62468.0,61952.0,62451.0,1455.41698,1.25e-05,-0.0001329273,0.0078448165426837,0.125
2026-07-09 05:00:00+00:00,62451.0,62620.0,62228.0,62591.0,1202.03483,1.25e-05,-6.27543e-05,0.0022392485484779,0.125
2026-07-09 06:00:00+00:00,62591.0,62969.0,62478.0,62962.0,1108.96818,1.25e-05,-2.13266e-05,0.0059098720032658,0.125
2026-07-09 07:00:00+00:00,62963.0,63263.0,62789.0,63001.0,1814.71688,1.25e-05,-3.56009e-05,0.0006192294760555,0.125
2026-07-09 08:00:00+00:00,63001.0,63087.0,62851.0,62894.0,1342.39837,1.25e-05,-6.5061e-05,-0.0016998296320584,0.125
2026-07-09 09:00:00+00:00,62894.0,62999.0,62782.0,62943.0,475.68072,1.25e-05,-1.5409e-06,0.0007787852933011,0.125
2026-07-09 10:00:00+00:00,62943.0,63051.0,62672.0,62779.0,804.37461,1.25e-05,-0.0001148631,-0.0026089322954222,0.125
2026-07-09 11:00:00+00:00,62778.0,62822.0,62604.0,62770.0,671.88994,1.25e-05,-8.84089e-05,-0.0001433703178108,0.125
2026-07-09 12:00:00+00:00,62769.0,62957.0,62456.0,62605.0,1915.07262,1.25e-05,-0.00017376,-0.0026321052085293,0.125
2026-07-09 13:00:00+00:00,62605.0,63239.0,62505.0,63026.0,1571.4652,1.25e-05,-0.0001540162,0.0067021925467531,0.125
2026-07-09 14:00:00+00:00,63026.0,63144.0,62659.0,63006.0,1104.85247,1.25e-05,-9.76853e-05,-0.0003173797157528,0.125
2026-07-09 15:00:00+00:00,63007.0,63247.0,62790.0,62848.0,1387.04191,1.25e-05,-4.30466e-05,-0.0025108472199105,0.125
2026-07-09 16:00:00+00:00,62847.0,62983.0,62546.0,62678.0,1113.32444,1.25e-05,-0.0001129182,-0.0027086038579135,0.125
2026-07-09 17:00:00+00:00,62679.0,63158.0,62654.0,63129.0,807.95084,1.25e-05,-0.0002144861,0.0071697430505089,0.125
2026-07-09 18:00:00+00:00,63129.0,63500.0,63060.0,63218.0,1885.42456,1.25e-05,-0.0001490327,0.0014088188040931,0.125
2026-07-09 19:00:00+00:00,63217.0,63381.0,63145.0,63244.0,971.79712,1.25e-05,-9.66e-05,0.0004111907192094,0.125
2026-07-09 20:00:00+00:00,63244.0,63331.0,63184.0,63309.0,412.31544,1.25e-05,-1.85526e-05,0.0010272376903867,0.125
2026-07-09 21:00:00+00:00,63309.0,63403.0,63216.0,63275.0,598.57448,1.25e-05,1.17569e-05,-0.0005371927070977,0.125
2026-07-09 22:00:00+00:00,63275.0,63412.0,63219.0,63220.0,371.79726,1.25e-05,2.47968e-05,-0.000869599643716,0.125
2026-07-09 23:00:00+00:00,63219.0,63324.0,63055.0,63225.0,557.78395,1.25e-05,-1.318e-06,7.908576855717372e-05,0.125
2026-07-10 00:00:00+00:00,63224.0,63249.0,62922.0,63107.0,860.57139,1.25e-05,-4.44527e-05,-0.0018680941379243,0.125
2026-07-10 01:00:00+00:00,63107.0,63945.0,62959.0,63754.0,2771.23338,1.25e-05,-0.0001128733,0.0102002287500788,0.125
2026-07-10 02:00:00+00:00,63753.0,64038.0,63691.0,63958.0,1597.97462,1.25e-05,-5.64731e-05,0.003194690765203,0.125
2026-07-10 03:00:00+00:00,63958.0,64037.0,63818.0,63949.0,990.49307,1.25e-05,-0.0001264732,-0.0001407272473727,0.125
2026-07-10 04:00:00+00:00,63948.0,64168.0,63845.0,64035.0,1094.8841,1.25e-05,-0.000113231,0.0013439181920212,0.125
2026-07-10 05:00:00+00:00,64036.0,64200.0,63936.0,64109.0,753.0751,1.25e-05,-0.0001026783,0.0011549508088679,0.125
2026-07-10 06:00:00+00:00,64110.0,64155.0,63841.0,63858.0,1172.23102,1.25e-05,-5.92429e-05,-0.0039228913999407,0.125
2026-07-10 07:00:00+00:00,63858.0,64010.0,63811.0,63989.0,1426.74383,1.25e-05,-2.42767e-05,0.0020493253005091,0.125
2026-07-10 08:00:00+00:00,63988.0,64390.0,63979.0,64247.0,1439.5771,1.25e-05,0.0001343705,0.0040238364907201,0.125
2026-07-10 09:00:00+00:00,64247.0,64496.0,64109.0,64383.0,958.31788,1.25e-05,0.0001085467,0.0021145930292629,0.125
2026-07-10 10:00:00+00:00,64383.0,64494.0,64271.0,64413.0,446.54672,1.25e-05,7.79526e-05,0.0004658529852254,0.125
2026-07-10 11:00:00+00:00,64413.0,64482.0,64335.0,64423.0,700.13359,1.25e-05,-4.95149e-05,0.0001552361144413,0.125
2026-07-10 12:00:00+00:00,64423.0,64609.0,64263.0,64286.0,1186.37644,1.25e-05,-2.3041e-06,-0.002128834063501,0.125
2026-07-10 13:00:00+00:00,64285.0,64690.0,64153.0,64477.0,1437.5903,1.25e-05,-4.54238e-05,0.0029666929177918,0.125
2026-07-10 14:00:00+00:00,64477.0,64512.0,63810.0,63900.0,3224.02856,1.25e-05,-2.59728e-05,-0.0089892096779227,0.125
2026-07-10 15:00:00+00:00,63900.0,64214.0,63884.0,64039.0,1250.64934,1.25e-05,-5.59895e-05,0.0021729113826308,0.125
2026-07-10 16:00:00+00:00,64039.0,64220.0,63808.0,64138.0,1695.60325,1.25e-05,-6.84805e-05,0.0015447392228919,0.125
2026-07-10 17:00:00+00:00,64139.0,64156.0,63808.0,63815.0,1268.20988,1.25e-05,-7.48868e-05,-0.0050487395543578,0.125
2026-07-10 18:00:00+00:00,63816.0,63988.0,63725.0,63800.0,720.3756,1.25e-05,-0.0001209843,-0.0002350820839099,0.125
2026-07-10 19:00:00+00:00,63800.0,64045.0,63768.0,63920.0,1131.7377,1.25e-05,-0.0001020386,0.0018791111072749,0.125
2026-07-10 20:00:00+00:00,63921.0,63922.0,63647.0,63842.0,735.89954,1.25e-05,-6.03306e-05,-0.0012210204863854,0.125
2026-07-10 21:00:00+00:00,63842.0,64088.0,63830.0,64006.0,805.48619,1.25e-05,-5.61498e-05,0.0025655479937814,0.125
2026-07-10 22:00:00+00:00,64006.0,64153.0,63981.0,64104.0,614.30435,1.25e-05,-9.66969e-05,0.0015299355103542,0.125
2026-07-10 23:00:00+00:00,64104.0,64200.0,64009.0,64155.0,638.43499,1.25e-05,-8.76994e-05,0.0007952658712121,0.125
2026-07-11 00:00:00+00:00,64156.0,64156.0,64020.0,64113.0,286.57607,1.25e-05,-0.0001538581,-0.0006548788708178,0.125
2026-07-11 01:00:00+00:00,64113.0,64297.0,63981.0,63999.0,907.14492,1.25e-05,-0.0001739491,-0.0017796932385635,0.125
2026-07-11 02:00:00+00:00,64000.0,64151.0,63965.0,64141.0,484.33347,1.25e-05,-0.0001807863,0.0022163268007892,0.125
2026-07-11 03:00:00+00:00,64142.0,64184.0,64066.0,64147.0,326.53306,1.25e-05,-0.0002748993,9.353953611215264e-05,0.125
2026-07-11 04:00:00+00:00,64147.0,64199.0,64065.0,64140.0,137.21307,1.25e-05,-0.0002120231,-0.0001091303094927,0.125
2026-07-11 05:00:00+00:00,64141.0,64217.0,64109.0,64159.0,328.85268,1.25e-05,-0.0001740631,0.0002961831368738,0.125
2026-07-11 06:00:00+00:00,64159.0,64261.0,64109.0,64207.0,386.51275,1.25e-05,-0.0001825966,0.0007478616181416,0.125
2026-07-11 07:00:00+00:00,64207.0,64252.0,64140.0,64145.0,696.2139,1.25e-05,-0.0001841343,-0.000966093318721,0.125
2026-07-11 08:00:00+00:00,64146.0,64288.0,64139.0,64250.0,298.42476,1.25e-05,-0.0002113892,0.0016355780740256,0.125
2026-07-11 09:00:00+00:00,64250.0,64289.0,64146.0,64163.0,256.16928,1.25e-05,-0.0001931842,-0.001355003205458,0.125
2026-07-11 10:00:00+00:00,64163.0,64204.0,64131.0,64179.0,195.31276,1.25e-05,-0.0001363209,0.0002493338125147,0.125
2026-07-11 11:00:00+00:00,64179.0,64209.0,64165.0,64191.0,91.60535,1.25e-05,-0.0001936879,0.0001869595705374,0.125
2026-07-11 12:00:00+00:00,64191.0,64222.0,64123.0,64186.0,420.61671,1.25e-05,-0.0002158831,-7.789557323395352e-05,0.125
2026-07-11 13:00:00+00:00,64186.0,64264.0,64160.0,64230.0,167.30859,1.25e-05,-0.0002398192,0.0006852728900116,0.125
2026-07-11 14:00:00+00:00,64231.0,64494.0,64230.0,64347.0,836.36277,1.25e-05,-0.0001902405,0.0018199216390664,0.125
2026-07-11 15:00:00+00:00,64347.0,64481.0,63950.0,64175.0,1322.82026,1.25e-05,-0.0001394869,-0.0026765861515633,0.125
2026-07-11 16:00:00+00:00,64175.0,64274.0,64085.0,64173.0,576.59052,1.25e-05,-0.0001036845,-3.116526942624391e-05,0.125
2026-07-11 17:00:00+00:00,64172.0,64400.0,64163.0,64319.0,552.09546,1.25e-05,-4.72264e-05,0.0022725159983915,0.125
2026-07-11 18:00:00+00:00,64318.0,64390.0,64288.0,64331.0,311.7476,1.25e-05,-3.41033e-05,0.000186552662803,0.125
2026-07-11 19:00:00+00:00,64331.0,64348.0,64241.0,64287.0,257.79193,1.25e-05,1.35235e-05,-0.0006841966399175,0.125
2026-07-11 20:00:00+00:00,64287.0,64482.0,64286.0,64391.0,388.71345,1.25e-05,2.3229e-05,0.0016164382823,0.125
2026-07-11 21:00:00+00:00,64391.0,64439.0,64345.0,64362.0,168.81367,1.25e-05,9.31422e-05,-0.0004504749480076,0.125
2026-07-11 22:00:00+00:00,64363.0,64440.0,64150.0,64209.0,502.48279,1.25e-05,0.0001398083,-0.0023800090568113,0.125
2026-07-11 23:00:00+00:00,64209.0,64259.0,63818.0,63823.0,1341.72103,1.25e-05,0.0001084862,-0.0060297608334707,0.125
2026-07-12 00:00:00+00:00,63823.0,63916.0,63713.0,63829.0,459.69628,1.25e-05,7.239e-05,9.400557773341272e-05,0.125
2026-07-12 01:00:00+00:00,63830.0,64179.0,63816.0,64135.0,572.76111,1.25e-05,4.38033e-05,0.0047826042210154,0.125
2026-07-12 02:00:00+00:00,64135.0,64140.0,64030.0,64081.0,416.86121,1.25e-05,3.2324e-05,-0.0008423286203411,0.125
2026-07-12 03:00:00+00:00,64081.0,64226.0,64036.0,64218.0,493.77765,1.25e-05,-2.13809e-05,0.0021356370988206,0.125
2026-07-12 04:00:00+00:00,64218.0,64250.0,63935.0,63994.0,515.11925,1.25e-05,-3.17191e-05,-0.0034942162654276,0.125
2026-07-12 05:00:00+00:00,63994.0,64015.0,63892.0,63969.0,365.65869,1.25e-05,-6.65735e-05,-0.0003907379526593,0.125
2026-07-12 06:00:00+00:00,63968.0,63968.0,63642.0,63755.0,758.57079,1.25e-05,-5.28231e-05,-0.0033509786767013,0.125
2026-07-12 07:00:00+00:00,63755.0,63903.0,63736.0,63883.0,195.62899,1.25e-05,-7.61777e-05,0.002005672964306,0.125
2026-07-12 08:00:00+00:00,63883.0,64129.0,63882.0,63982.0,1000.02048,1.25e-05,-4.45233e-05,0.0015485085016618,0.125
2026-07-12 09:00:00+00:00,63982.0,64049.0,63769.0,63963.0,333.57374,1.25e-05,2.07226e-05,-0.0002970026204958,0.125
2026-07-12 10:00:00+00:00,63963.0,63964.0,63846.0,63887.0,241.43793,1.25e-05,2.43546e-05,-0.0011888933742973,0.125
2026-07-12 11:00:00+00:00,63888.0,64043.0,63837.0,64027.0,223.10631,1.25e-05,7.05676e-05,0.0021889715887543,0.125
2026-07-12 12:00:00+00:00,64026.0,64141.0,63978.0,64032.0,406.5628,1.25e-05,0.0001713671,7.808900588859548e-05,0.125
2026-07-12 13:00:00+00:00,64031.0,64100.0,64000.0,64032.0,303.5382,1.25e-05,0.0001499435,0.0,0.125
2026-07-12 14:00:00+00:00,64031.0,64297.0,63964.0,64202.0,818.4434,1.25e-05,0.0001324028,0.002651404457334,0.125
2026-07-12 15:00:00+00:00,64202.0,64259.0,64120.0,64167.0,510.0207,1.25e-05,2.961e-05,-0.0005453030072258,0.125
2026-07-12 16:00:00+00:00,64168.0,64211.0,64057.0,64176.0,533.4698,1.25e-05,-1.08038e-05,0.0001402491762659,0.125
2026-07-12 17:00:00+00:00,64177.0,64178.0,64037.0,64082.0,168.57224,1.25e-05,1.80322e-05,-0.0014657957683788,0.125
2026-07-12 18:00:00+00:00,64082.0,64153.0,64015.0,64146.0,443.55772,1.25e-05,1.92233e-05,0.0009982220000996,0.125
2026-07-12 19:00:00+00:00,64145.0,64267.0,64140.0,64240.0,359.77164,1.25e-05,-5.496e-07,0.0014643343790884,0.125
2026-07-12 20:00:00+00:00,64240.0,64261.0,64176.0,64202.0,111.98165,1.25e-05,-1.7934e-05,-0.0005917067798493,0.125
2026-07-12 21:00:00+00:00,64203.0,64237.0,63883.0,63926.0,1243.69693,1.25e-05,4.64698e-05,-0.0043081984717325,0.125
2026-07-12 22:00:00+00:00,63925.0,63927.0,63675.0,63890.0,1615.49586,1.25e-05,-4.59778e-05,-0.0005633097726724,0.125
2026-07-12 23:00:00+00:00,63890.0,63917.0,63725.0,63780.0,605.69488,1.25e-05,-1.78452e-05,-0.0017231930323403,0.125
2026-07-13 00:00:00+00:00,63780.0,64420.0,63525.0,64058.0,3364.75175,1.25e-05,4.47206e-05,0.0043492613811583,0.125
2026-07-13 01:00:00+00:00,64059.0,64059.0,63364.0,63404.0,1555.50589,1.25e-05,-6.90358e-05,-0.0102619720274236,0.125
2026-07-13 02:00:00+00:00,63405.0,63550.0,63235.0,63364.0,1165.62703,1.25e-05,-0.0001367571,-0.0006310741090419,0.125
2026-07-13 03:00:00+00:00,63365.0,63376.0,62740.0,62811.0,2489.64839,1.25e-05,-5.06706e-05,-0.0087656594553702,0.125
2026-07-13 04:00:00+00:00,62811.0,62916.0,62648.0,62685.0,933.43693,1.25e-05,3.14623e-05,-0.0020080328032455,0.125
2026-07-13 05:00:00+00:00,62685.0,62931.0,62499.0,62814.0,1256.45204,1.25e-05,0.0001159146,0.0020557939972844,0.125
2026-07-13 06:00:00+00:00,62814.0,62891.0,62731.0,62812.0,459.16074,1.25e-05,0.0002482378,-3.1840542565508214e-05,0.125
2026-07-13 07:00:00+00:00,62813.0,63080.0,62767.0,63003.0,624.72986,1.25e-05,0.0003014885,0.0030362062826935,0.125
2026-07-13 08:00:00+00:00,63003.0,63320.0,62954.0,63214.0,1284.63077,1.25e-05,0.0002217013,0.0033434513030445,0.125
2026-07-13 09:00:00+00:00,63213.0,63214.0,63088.0,63098.0,749.58854,1.25e-05,0.0001573169,-0.0018367222846755,0.125
2026-07-13 10:00:00+00:00,63099.0,63150.0,62874.0,62875.0,725.02463,1.25e-05,7.24378e-05,-0.0035404449038666,0.125
2026-07-13 11:00:00+00:00,62875.0,63144.0,62875.0,62910.0,372.32656,1.25e-05,2.36599e-05,0.000556505162035,0.125
2026-07-13 12:00:00+00:00,62911.0,62991.0,62577.0,62639.0,1264.44859,1.25e-05,9.77413e-05,-0.0043170462669226,0.125
2026-07-13 13:00:00+00:00,62639.0,62774.0,62172.0,62326.0,2883.23423,1.25e-05,9.50287e-05,-0.0050094131083203,0.125
2026-07-13 14:00:00+00:00,62327.0,62816.0,62120.0,62814.0,3040.56999,1.25e-05,0.0001080949,0.0077993043585776,0.125
2026-07-13 15:00:00+00:00,62815.0,63000.0,62570.0,62635.0,1503.94959,1.25e-05,0.000267416,-0.0028537512691176,0.125
2026-07-13 16:00:00+00:00,62635.0,62647.0,62202.0,62277.0,1678.13421,1.25e-05,0.0002592859,-0.0057320510473881,0.125
2026-07-13 17:00:00+00:00,62277.0,62373.0,61896.0,61908.0,1676.94901,1.25e-05,8.48274e-05,-0.0059427641982539,0.125
2026-07-13 18:00:00+00:00,61907.0,62113.0,61821.0,62027.0,1762.86365,1.25e-05,5.30001e-05,0.0019203620699655,0.125
2026-07-13 19:00:00+00:00,62028.0,62289.0,62000.0,62287.0,723.55071,1.25e-05,7.5591e-06,0.0041829621620299,0.125
2026-07-13 20:00:00+00:00,62287.0,62322.0,62043.0,62200.0,1229.29169,1.25e-05,7.04419e-05,-0.0013977365373747,0.125
2026-07-13 21:00:00+00:00,62199.0,62206.0,61879.0,62054.0,1162.80181,1.25e-05,-0.0001142537,-0.0023500260304199,0.125
2026-07-13 22:00:00+00:00,62054.0,62220.0,61898.0,61907.0,1377.68688,1.25e-05,-0.0002048405,-0.0023717147958893,0.125
2026-07-13 23:00:00+00:00,61907.0,62346.0,61867.0,62331.0,1303.49082,1.25e-05,-0.0001816139,0.0068256354119343,0.125
2026-07-14 00:00:00+00:00,62331.0,62641.0,62264.0,62540.0,740.93569,1.25e-05,-0.000118424,0.0033474576989365,0.125
2026-07-14 01:00:00+00:00,62539.0,62631.0,62450.0,62521.0,579.95755,1.25e-05,-0.0001265526,-0.0003038517226982,0.125
2026-07-14 02:00:00+00:00,62521.0,62631.0,62305.0,62528.0,421.9107,1.25e-05,-0.0002106509,0.0001119561133204,0.125
2026-07-14 03:00:00+00:00,62528.0,62591.0,62294.0,62554.0,487.68038,1.25e-05,-0.0002669694,0.0004157272888899,0.125
2026-07-14 04:00:00+00:00,62555.0,62751.0,62517.0,62734.0,929.28524,1.25e-05,-0.0003064235,0.0028733817100571,0.125
2026-07-14 05:00:00+00:00,62734.0,62866.0,62691.0,62717.0,864.574,1.25e-05,-0.0002994875,-0.0002710221537342,0.125
2026-07-14 06:00:00+00:00,62717.0,62762.0,62556.0,62614.0,659.34499,1.25e-05,-0.0001692912,-0.0016436479911362,0.125
2026-07-14 07:00:00+00:00,62614.0,62640.0,62492.0,62536.0,336.83429,1.25e-05,-0.0002118617,-0.0012465043563647,0.125
2026-07-14 08:00:00+00:00,62537.0,62790.0,62490.0,62688.0,831.74683,1.25e-05,-0.0002739206,0.0024276508441009,0.125
2026-07-14 09:00:00+00:00,62688.0,62732.0,62512.0,62609.0,581.78325,1.25e-05,-0.0002633144,-0.0012610040219377,0.125
2026-07-14 10:00:00+00:00,62609.0,62903.0,62587.0,62773.0,1055.96744,1.25e-05,-0.0003060175,0.0026160069791154,0.125
2026-07-14 11:00:00+00:00,62774.0,62910.0,62700.0,62833.0,823.32126,1.25e-05,-0.0002828989,0.0009553684467881,0.125
2026-07-14 12:00:00+00:00,62833.0,63942.0,62771.0,63927.0,7347.9072,1.25e-05,-0.0002183252,0.0172613941857961,0.125
2026-07-14 13:00:00+00:00,63927.0,64140.0,63673.0,63815.0,4144.70974,1.25e-05,-0.0002452702,-0.0017535349172381,0.125
2026-07-14 14:00:00+00:00,63815.0,64329.0,63596.0,64294.0,3911.27635,1.16182e-05,-0.0004070543,0.0074780418578278,0.116182
2026-07-14 15:00:00+00:00,64294.0,64970.0,64173.0,64727.0,6240.40528,1.25e-05,-0.0001980551,0.0067121108291006,0.125
2026-07-14 16:00:00+00:00,64727.0,64877.0,64607.0,64696.0,2152.5412,1.25e-05,-0.0003142363,-0.0004790493280614,0.125
2026-07-14 17:00:00+00:00,64697.0,64697.0,64268.0,64609.0,2456.13232,1.2039e-05,-0.0004036879,-0.0013456558234905,0.12039
2026-07-14 18:00:00+00:00,64609.0,64636.0,64464.0,64551.0,909.53924,1.25e-05,-0.0002544776,-0.0008981109306067,0.125
2026-07-14 19:00:00+00:00,64551.0,64698.0,64475.0,64543.0,666.91824,1.25e-05,-0.0002453796,-0.0001239406945363,0.125
2026-07-14 20:00:00+00:00,64543.0,64591.0,64414.0,64564.0,1091.41751,1.25e-05,-0.0002490276,0.0003253115661459,0.125
2026-07-14 21:00:00+00:00,64564.0,64883.0,64516.0,64656.0,1587.82831,1.25e-05,-0.0002405055,0.0014239284250846,0.125
2026-07-14 22:00:00+00:00,64656.0,65079.0,64522.0,64840.0,2817.45986,1.25e-05,-0.0001303274,0.0028417885313574,0.125
2026-07-14 23:00:00+00:00,64840.0,65016.0,64761.0,65000.0,1236.28891,1.25e-05,-0.0003028428,0.0024645730281617,0.125
2026-07-15 00:00:00+00:00,65000.0,65032.0,64763.0,64819.0,1126.25935,1.25e-05,-0.0002637165,-0.0027884996384799,0.125
2026-07-15 01:00:00+00:00,64819.0,64854.0,64647.0,64672.0,1177.82273,1.25e-05,-0.0002159035,-0.0022704290359466,0.125
2026-07-15 02:00:00+00:00,64673.0,64759.0,64483.0,64493.0,1028.72209,1.25e-05,-1.64363e-05,-0.0027716504407619,0.125
2026-07-15 03:00:00+00:00,64494.0,64847.0,64493.0,64789.0,850.61837,1.25e-05,-2.4197e-05,0.0045791450816747,0.125
2026-07-15 04:00:00+00:00,64788.0,64902.0,64709.0,64750.0,613.39339,1.25e-05,-6.1987e-06,-0.0006021352824761,0.125
2026-07-15 05:00:00+00:00,64749.0,64997.0,64611.0,64954.0,1189.25821,1.25e-05,3.04092e-05,0.0031456264758897,0.125
2026-07-15 06:00:00+00:00,64954.0,65271.0,64806.0,64806.0,2694.96611,1.25e-05,-5.996e-07,-0.0022811353911446,0.125
2026-07-15 07:00:00+00:00,64805.0,64875.0,64491.0,64554.0,1021.75523,1.25e-05,-2.0337e-05,-0.0038961088245649,0.125
2026-07-15 08:00:00+00:00,64554.0,64779.0,64554.0,64764.0,620.87308,1.25e-05,-3.6029e-06,0.0032478105846788,0.125
2026-07-15 09:00:00+00:00,64764.0,64922.0,64646.0,64660.0,411.58566,1.25e-05,-4.63123e-05,-0.001607121127219,0.125
2026-07-15 10:00:00+00:00,64661.0,64838.0,64605.0,64654.0,430.95102,1.25e-05,-8.48004e-05,-9.279737699412056e-05,0.125
2026-07-15 11:00:00+00:00,64654.0,64739.0,64610.0,64729.0,308.34784,1.25e-05,-0.0001349968,0.001159348730522,0.125
2026-07-15 12:00:00+00:00,64729.0,65257.0,64601.0,65157.0,1334.2628,1.25e-05,-0.0001449548,0.0065904185074787,0.125
2026-07-15 13:00:00+00:00,65157.0,65572.0,64871.0,65106.0,3504.66556,1.25e-05,-9.89898e-05,-0.0007830312921679,0.125
2026-07-15 14:00:00+00:00,65106.0,65520.0,65049.0,65389.0,2629.21398,1.25e-05,-0.0001582621,0.0043373377318867,0.125
2026-07-15 15:00:00+00:00,65388.0,65577.0,65250.0,65407.0,1767.54197,1.25e-05,-0.0001105543,0.0002752377765931,0.125
2026-07-15 16:00:00+00:00,65406.0,65453.0,64768.0,65106.0,1728.24769,1.25e-05,-0.000180651,-0.0046125755084799,0.125
2026-07-15 17:00:00+00:00,65108.0,65173.0,64956.0,65049.0,826.27992,1.25e-05,-0.0001732242,-0.0008758788159352,0.125
2026-07-15 18:00:00+00:00,65048.0,65136.0,64827.0,64845.0,670.05692,1.25e-05,-0.000192578,-0.0031410252624855,0.125
2026-07-15 19:00:00+00:00,64849.0,64977.0,64721.0,64947.0,835.5931,1.25e-05,-0.0001516218,0.0015717458856983,0.125
2026-07-15 20:00:00+00:00,64948.0,65036.0,64896.0,64952.0,235.62919,1.25e-05,-0.0002538497,7.698288674224519e-05,0.125
2026-07-15 21:00:00+00:00,64952.0,64998.0,64756.0,64802.0,1378.1259,1.25e-05,-0.000267568,-0.0023120684806749,0.125
2026-07-15 22:00:00+00:00,64803.0,64944.0,64740.0,64843.0,689.18082,7.7071e-06,-0.0004383432,0.0006324964536517,0.077071
2026-07-15 23:00:00+00:00,64844.0,64924.0,64675.0,64738.0,518.05567,1.25e-05,-0.000345137,-0.0016206083141934,0.125
2026-07-16 00:00:00+00:00,64738.0,64836.0,64469.0,64563.0,1113.43718,1.25e-05,-0.0003080653,-0.002706863935371,0.125
2026-07-16 01:00:00+00:00,64564.0,64817.0,64357.0,64713.0,739.8398,1.25e-05,-0.0003117851,0.0023206173971318,0.125
2026-07-16 02:00:00+00:00,64713.0,64719.0,64555.0,64628.0,349.54095,1.25e-05,-0.0002335787,-0.0013143552661053,0.125
2026-07-16 03:00:00+00:00,64628.0,64737.0,64532.0,64602.0,414.41703,1.25e-05,-0.0002647894,-0.0004023833529491,0.125
2026-07-16 04:00:00+00:00,64602.0,64680.0,64532.0,64625.0,341.14189,1.25e-05,-0.0002292122,0.0003559627669582,0.125
2026-07-16 05:00:00+00:00,64626.0,64999.0,64589.0,64912.0,1705.24199,1.25e-05,-0.0002471012,0.0044311736354982,0.125
2026-07-16 06:00:00+00:00,64913.0,64967.0,64620.0,64759.0,511.74647,1.25e-05,-0.000149293,-0.0023598194045164,0.125
2026-07-16 07:00:00+00:00,64759.0,64765.0,64052.0,64222.0,1738.64034,1.25e-05,-0.0001496633,-0.0083268559370158,0.125
2026-07-16 08:00:00+00:00,64222.0,64349.0,63865.0,64104.0,2452.11754,1.25e-05,-0.0002608308,-0.0018390666467896,0.125
2026-07-16 09:00:00+00:00,64104.0,64179.0,63997.0,64070.0,376.63173,1.25e-05,-0.0002648387,-0.0005305288248392,0.125
2026-07-16 10:00:00+00:00,64071.0,64250.0,64064.0,64201.0,542.25048,1.25e-05,-0.000289936,0.0020425512476631,0.125
2026-07-16 11:00:00+00:00,64202.0,64250.0,64076.0,64235.0,525.2952,1.25e-05,-0.0002407772,0.0005294465849797,0.125
2026-07-16 12:00:00+00:00,64235.0,64235.0,63845.0,63945.0,1220.16303,1.25e-05,-0.0002471156,-0.0045248945982896,0.125
2026-07-16 13:00:00+00:00,63946.0,64451.0,63939.0,64363.0,2255.429,1.25e-05,-0.0002365124,0.0065155949555393,0.125
2026-07-16 14:00:00+00:00,64363.0,64850.0,64313.0,64515.0,2613.03094,1.25e-05,-0.0001974893,0.0023588210629865,0.125
2026-07-16 15:00:00+00:00,64516.0,64885.0,64294.0,64689.0,2196.19087,1.25e-05,-0.0002506476,0.0026934166928289,0.125
2026-07-16 16:00:00+00:00,64688.0,64700.0,64305.0,64461.0,1258.81019,1.25e-05,-0.0003037994,-0.0035307818329374,0.125
2026-07-16 17:00:00+00:00,64461.0,64461.0,63977.0,64057.0,1181.54913,1.25e-05,-0.0003475255,-0.0062870777751464,0.125
2026-07-16 18:00:00+00:00,64057.0,64315.0,64040.0,64248.0,719.45608,1.25e-05,-0.0002959311,0.0029772828976066,0.125
2026-07-16 19:00:00+00:00,64242.0,64294.0,64136.0,64263.0,712.38377,1.25e-05,-0.0002003189,0.0002334430526276,0.125
2026-07-16 20:00:00+00:00,64262.0,64268.0,64091.0,64102.0,589.19812,1.25e-05,-0.0001787391,-0.0025084732508633,0.125
2026-07-16 21:00:00+00:00,64103.0,64242.0,64085.0,64153.0,442.41246,1.25e-05,-0.0002322395,0.0007952906738616,0.125
2026-07-16 22:00:00+00:00,64154.0,64240.0,63942.0,63952.0,820.20852,1.25e-05,-0.0001085163,-0.0031380533928195,0.125
2026-07-16 23:00:00+00:00,63953.0,63992.0,63723.0,63815.0,1178.55425,1.25e-05,-0.0001471212,-0.0021445295343135,0.125
2026-07-17 00:00:00+00:00,63815.0,63900.0,63594.0,63868.0,1043.35478,1.25e-05,-0.0002250941,0.0008301810428007,0.125
2026-07-17 01:00:00+00:00,63867.0,64048.0,63473.0,63539.0,2379.63383,1.25e-05,-0.0002512838,-0.0051645628776514,0.125
2026-07-17 02:00:00+00:00,63539.0,63653.0,63377.0,63491.0,997.12884,1.25e-05,-0.0002179066,-0.0007557270295912,0.125
2026-07-17 03:00:00+00:00,63491.0,63729.0,63490.0,63572.0,882.41949,1.25e-05,-8.91976e-05,0.001274958264361,0.125
2026-07-17 04:00:00+00:00,63572.0,63581.0,63312.0,63492.0,766.45024,1.25e-05,-2.98636e-05,-0.0012592081245781,0.125
2026-07-17 05:00:00+00:00,63492.0,63492.0,62812.0,62844.0,1852.1331,1.25e-05,-1.0698e-05,-0.010258448624644,0.125
2026-07-17 06:00:00+00:00,62845.0,63030.0,62725.0,62966.0,1835.02986,1.25e-05,-1.9844e-06,0.0019394330854607,0.125
2026-07-17 07:00:00+00:00,62966.0,63008.0,62822.0,62839.0,797.0915,1.25e-05,0.0001926836,-0.0020189983409469,0.125
2026-07-17 08:00:00+00:00,62839.0,62966.0,62684.0,62908.0,1093.86818,1.25e-05,0.0002998103,0.0010974417986143,0.125
2026-07-17 09:00:00+00:00,62909.0,63091.0,62884.0,63013.0,429.03207,1.25e-05,0.0001945776,0.0016677126823337,0.125
2026-07-17 10:00:00+00:00,63014.0,63233.0,63013.0,63200.0,977.59135,1.25e-05,0.0002706817,0.0029632468419989,0.125
2026-07-17 11:00:00+00:00,63201.0,63379.0,63077.0,63301.0,931.14915,1.25e-05,0.0003352499,0.0015968256608446,0.125
2026-07-17 12:00:00+00:00,63300.0,63366.0,63069.0,63093.0,871.58075,1.25e-05,0.0001995577,-0.0032912984440056,0.125
2026-07-17 13:00:00+00:00,63099.0,63218.0,62550.0,63182.0,2219.10373,1.25e-05,9.26637e-05,0.0014096220904719,0.125
2026-07-17 14:00:00+00:00,63181.0,63547.0,63095.0,63201.0,2365.24987,1.25e-05,0.0001234882,0.0003006733523202,0.125
2026-07-17 15:00:00+00:00,63201.0,63484.0,62859.0,63478.0,1082.29869,1.25e-05,0.0002386239,0.0043732653633039,0.125
2026-07-17 16:00:00+00:00,63478.0,63728.0,63329.0,63604.0,1944.27086,1.25e-05,0.0002222829,0.0019829722744035,0.125
2026-07-17 17:00:00+00:00,63605.0,64233.0,63604.0,64049.0,2748.52786,1.25e-05,0.0002722416,0.0069720539682136,0.125
2026-07-17 18:00:00+00:00,64050.0,64398.0,63887.0,64250.0,1613.63638,1.25e-05,4.96164e-05,0.0031333083569651,0.125
2026-07-17 19:00:00+00:00,64251.0,64253.0,63966.0,64156.0,822.57188,1.25e-05,-6.28121e-05,-0.0014641063001976,0.125
2026-07-17 20:00:00+00:00,64153.0,64203.0,63965.0,64118.0,1366.08969,1.25e-05,-0.000107485,-0.0005924817361524,0.125
2026-07-17 21:00:00+00:00,64119.0,64231.0,64065.0,64106.0,574.29974,1.25e-05,4.6522e-06,-0.000187172448762,0.125
2026-07-17 22:00:00+00:00,64106.0,64158.0,63910.0,63971.0,889.85304,1.25e-05,-9.2459e-06,-0.0021081076227007,0.125
2026-07-17 23:00:00+00:00,63970.0,64000.0,63876.0,63928.0,242.82366,1.25e-05,-0.000128679,-0.0006724055953545,0.125
2026-07-18 00:00:00+00:00,63927.0,64000.0,63884.0,63892.0,243.50548,1.25e-05,-0.0001258691,-0.0005632921444514,0.125
2026-07-18 01:00:00+00:00,63897.0,63999.0,63873.0,63948.0,344.25957,1.25e-05,-0.0001040757,0.0008760951749352,0.125
2026-07-18 02:00:00+00:00,63947.0,64029.0,63921.0,63950.0,247.29273,1.25e-05,-0.0001198346,3.127492220620267e-05,0.125
2026-07-18 03:00:00+00:00,63950.0,64010.0,63922.0,64009.0,110.49714,1.25e-05,-0.0001418743,0.0009221704480517,0.125
2026-07-18 04:00:00+00:00,64009.0,64010.0,63929.0,63955.0,370.06418,1.25e-05,-0.0001445332,-0.0008439874215469,0.125
2026-07-18 05:00:00+00:00,63955.0,63986.0,63914.0,63942.0,314.5643,1.25e-05,-0.0002345548,-0.0002032885844823,0.125
2026-07-18 06:00:00+00:00,63943.0,63990.0,63930.0,63970.0,137.34261,1.25e-05,-0.0002177096,0.0004378009951721,0.125
2026-07-18 07:00:00+00:00,63970.0,64020.0,63969.0,63995.0,196.80484,1.25e-05,-0.0002248186,0.0003907318457088,0.125
2026-07-18 08:00:00+00:00,63993.0,64014.0,63944.0,63986.0,346.67682,1.25e-05,-0.0002198303,-0.0001406458773542,0.125
2026-07-18 09:00:00+00:00,63987.0,63992.0,63924.0,63973.0,126.63278,1.25e-05,-0.0002561187,-0.000203190085023,0.125
2026-07-18 10:00:00+00:00,63973.0,63996.0,63969.0,63991.0,90.4099,1.25e-05,-0.0002327562,0.0002813291256714,0.125
2026-07-18 11:00:00+00:00,63992.0,64088.0,63991.0,64049.0,429.62692,1.25e-05,-0.000262825,0.0009059669473147,0.125
2026-07-18 12:00:00+00:00,64048.0,64250.0,64035.0,64196.0,894.13034,1.25e-05,-0.0002597791,0.0022924880405455,0.125
2026-07-18 13:00:00+00:00,64197.0,64197.0,63943.0,64094.0,468.85354,1.25e-05,-0.0002824614,-0.001590147657539,0.125
2026-07-18 14:00:00+00:00,64095.0,64181.0,64083.0,64102.0,249.67754,1.25e-05,-0.0002574374,0.0001248088865547,0.125
2026-07-18 15:00:00+00:00,64102.0,64153.0,64020.0,64104.0,242.11882,1.25e-05,-0.0002658108,3.119978784393926e-05,0.125
2026-07-18 16:00:00+00:00,64105.0,64300.0,64070.0,64277.0,383.46936,1.25e-05,-0.0003018617,0.0026951044892424,0.125
2026-07-18 17:00:00+00:00,64287.0,64505.0,64259.0,64477.0,1322.24187,1.25e-05,-0.0002311317,0.0031067020963999,0.125
2026-07-18 18:00:00+00:00,64477.0,64619.0,64455.0,64513.0,1292.53771,1.25e-05,-0.0001738474,0.0005581828193613,0.125
2026-07-18 19:00:00+00:00,64514.0,64589.0,64467.0,64546.0,960.33177,1.25e-05,-0.000139221,0.0005113940247359,0.125
2026-07-18 20:00:00+00:00,64545.0,64742.0,64500.0,64694.0,1113.97809,1.25e-05,-0.0001593578,0.002290313597879,0.125
2026-07-18 21:00:00+00:00,64693.0,64847.0,64609.0,64729.0,1322.41824,1.25e-05,-8.5254e-05,0.0005408621474269,0.125
2026-07-18 22:00:00+00:00,64730.0,64873.0,64703.0,64805.0,379.91361,1.25e-05,-9.32597e-05,0.0011734372245235,0.125
2026-07-18 23:00:00+00:00,64805.0,64839.0,64710.0,64827.0,498.58162,1.25e-05,-9.76453e-05,0.0003394223681067,0.125
2026-07-19 00:00:00+00:00,64828.0,64901.0,64757.0,64766.0,940.22292,1.25e-05,-4.44779e-05,-0.0009414089419197,0.125
2026-07-19 01:00:00+00:00,64766.0,64781.0,64749.0,64757.0,213.12113,1.25e-05,-0.0001801475,-0.0001389714570305,0.125
2026-07-19 02:00:00+00:00,64758.0,64957.0,64696.0,64814.0,780.96749,1.25e-05,-0.0002153718,0.0008798265611433,0.125
2026-07-19 03:00:00+00:00,64814.0,64830.0,64616.0,64694.0,305.42015,1.25e-05,-0.0001567777,-0.0018531679022502,0.125
2026-07-19 04:00:00+00:00,64695.0,64787.0,64601.0,64712.0,431.75151,1.25e-05,-0.0001787323,0.0002781942122635,0.125
2026-07-19 05:00:00+00:00,64712.0,64810.0,64657.0,64715.0,239.40858,1.25e-05,-0.0001439663,4.635817874989802e-05,0.125
2026-07-19 06:00:00+00:00,64716.0,64752.0,64687.0,64706.0,216.09087,1.25e-05,-0.0001444733,-0.0001390809839903,0.125
2026-07-19 07:00:00+00:00,64706.0,64776.0,64665.0,64713.0,250.94737,1.25e-05,-0.0001083528,0.0001081757702784,0.125
2026-07-19 08:00:00+00:00,64714.0,64740.0,64620.0,64697.0,305.46286,1.25e-05,-0.0001456381,-0.0002472761004795,0.125
2026-07-19 09:00:00+00:00,64697.0,64715.0,64488.0,64507.0,939.04506,1.25e-05,-0.0001747384,-0.0029410875353432,0.125
2026-07-19 10:00:00+00:00,64508.0,64686.0,64465.0,64565.0,503.28605,1.25e-05,-0.0001961575,0.0008987232537483,0.125
2026-07-19 11:00:00+00:00,64566.0,64622.0,64424.0,64452.0,559.33589,1.25e-05,-0.0002592845,-0.0017517075872923,0.125
2026-07-19 12:00:00+00:00,64453.0,64453.0,64275.0,64437.0,991.92145,1.25e-05,-0.0002413399,-0.0002327584210866,0.125
2026-07-19 13:00:00+00:00,64437.0,64515.0,64293.0,64482.0,546.14081,1.25e-05,-0.000155932,0.0006981127968352,0.125
2026-07-19 14:00:00+00:00,64482.0,64641.0,64410.0,64588.0,464.63741,1.25e-05,-5.89275e-05,0.0016425199323032,0.125
2026-07-19 15:00:00+00:00,64588.0,64618.0,64488.0,64574.0,613.28285,1.25e-05,-7.46472e-05,-0.0002167820265221,0.125
2026-07-19 16:00:00+00:00,64575.0,64648.0,64514.0,64536.0,406.62482,1.25e-05,-8.11308e-05,-0.0005886453581792,0.125
2026-07-19 17:00:00+00:00,64536.0,64762.0,64401.0,64536.0,786.70523,1.25e-05,-1.5092e-06,0.0,0.125
2026-07-19 18:00:00+00:00,64536.0,64545.0,64285.0,64411.0,756.78329,1.25e-05,-0.0001233576,-0.0019387816568813,0.125
2026-07-19 19:00:00+00:00,64411.0,64456.0,64338.0,64456.0,231.09384,1.25e-05,-0.0001667852,0.0006983944971029,0.125
2026-07-19 20:00:00+00:00,64456.0,64537.0,64455.0,64536.0,144.62497,1.25e-05,-0.0001560356,0.0012403871597784,0.125
2026-07-19 21:00:00+00:00,64536.0,64559.0,64339.0,64404.0,552.7159,1.25e-05,-0.0001545171,-0.0020474646519811,0.125
2026-07-19 22:00:00+00:00,64404.0,64890.0,64345.0,64659.0,2487.80939,1.25e-05,-0.0001384843,0.0039515636830942,0.125
2026-07-19 23:00:00+00:00,64660.0,64767.0,64553.0,64718.0,402.63192,1.25e-05,-0.0001912842,0.0009120632583839,0.125
2026-07-20 00:00:00+00:00,64719.0,65082.0,64400.0,64539.0,2180.8028,1.25e-05,-0.0001313134,-0.0027696776875131,0.125
2026-07-20 01:00:00+00:00,64539.0,65018.0,64482.0,64604.0,1679.1089,1.25e-05,-0.0001789968,0.0010066361396096,0.125
2026-07-20 02:00:00+00:00,64604.0,64900.0,64560.0,64799.0,1884.07001,1.25e-05,-0.0002005228,0.0030138427641207,0.125
2026-07-20 03:00:00+00:00,64800.0,64896.0,64616.0,64841.0,1148.74589,1.25e-05,-0.0003440345,0.0006479481868163,0.125
2026-07-20 04:00:00+00:00,64840.0,64841.0,64506.0,64510.0,1396.82185,1.25e-05,-0.0003637958,-0.0051178687830534,0.125
2026-07-20 05:00:00+00:00,64510.0,64529.0,64060.0,64099.0,1412.54755,7.9053e-06,-0.0004367578,-0.0063914873632418,0.079053
2026-07-20 06:00:00+00:00,64100.0,64200.0,63730.0,63883.0,2392.63577,8.5251e-06,-0.0004317988,-0.003375477881097,0.085251
2026-07-20 07:00:00+00:00,63884.0,64275.0,63865.0,64241.0,740.95258,6.8198e-06,-0.0004454413,0.0055883508426919,0.068198
2026-07-20 08:00:00+00:00,64241.0,64334.0,63808.0,64025.0,1638.41157,6.0646e-06,-0.0004514834,-0.0033680040569142,0.060646
2026-07-20 09:00:00+00:00,64025.0,64258.0,63986.0,64187.0,609.06998,3.3759e-06,-0.0004729929,0.0025270658941726,0.033759
2026-07-20 10:00:00+00:00,64187.0,64396.0,64139.0,64278.0,615.12727,1.25e-05,-0.0003689421,0.0014167285287146,0.125
2026-07-20 11:00:00+00:00,64278.0,65057.0,64242.0,64989.0,2486.86905,1.25e-05,-0.000328099,0.0110005982967879,0.125
2026-07-20 12:00:00+00:00,64989.0,64989.0,64582.0,64629.0,1237.10549,1.25e-05,-0.0003487981,-0.005554798340864,0.125
2026-07-20 13:00:00+00:00,64629.0,64750.0,64199.0,64327.0,1873.24554,1.25e-05,-0.0003131307,-0.0046837766695646,0.125
2026-07-20 14:00:00+00:00,64326.0,64548.0,64031.0,64392.0,1841.10714,1.25e-05,-0.000264141,0.0010099519965975,0.125
2026-07-20 15:00:00+00:00,64391.0,65600.0,64391.0,65565.0,4779.15699,1.25e-05,-0.000299163,0.0180526151919549,0.125
2026-07-20 16:00:00+00:00,65564.0,65599.0,65321.0,65474.0,1731.53687,1.25e-05,-0.0002885993,-0.0013888997112092,0.125
2026-07-20 17:00:00+00:00,65474.0,65600.0,65315.0,65558.0,1076.89958,8.0115e-06,-0.0004359084,0.0012821297317753,0.0801149999999999
2026-07-20 18:00:00+00:00,65557.0,65778.0,65157.0,65200.0,4557.94756,7.6867e-06,-0.0004385067,-0.0054757780713464,0.076867
2026-07-20 19:00:00+00:00,65200.0,65237.0,65010.0,65100.0,2721.54221,-1.04164e-05,-0.000583331,-0.0015349197180837,-0.104164
2026-07-20 20:00:00+00:00,65100.0,65416.0,65020.0,65348.0,2394.56,-1.77488e-05,-0.0006419907,0.0038022859497384,-0.1774879999999999
2026-07-20 21:00:00+00:00,65349.0,65427.0,65246.0,65262.0,683.22343,1.25e-05,-0.0003839137,-0.0013168978244939,0.125
2026-07-20 22:00:00+00:00,65261.0,65262.0,65051.0,65100.0,866.49983,1.25e-05,-0.000370014,-0.0024853881252446,0.125
2026-07-20 23:00:00+00:00,65100.0,65247.0,65093.0,65226.0,787.96474,4.0459e-06,-0.000467633,0.0019336132353947,0.0404589999999999
2026-07-21 00:00:00+00:00,65227.0,65553.0,65124.0,65545.0,766.06615,6.284e-07,-0.0004949728,0.0048787671998543,0.006284
2026-07-21 01:00:00+00:00,65544.0,65635.0,65204.0,65205.0,842.57826,7.3436e-06,-0.0004412514,-0.0052007765409074,0.073436
2026-07-21 02:00:00+00:00,65205.0,65464.0,65137.0,65380.0,1007.74608,5.1847e-06,-0.0004585224,0.0026802481871994,0.051847
2026-07-21 03:00:00+00:00,65381.0,65565.0,65379.0,65539.0,1178.31984,2.65e-08,-0.0004997883,0.0024289840004048,0.000265
2026-07-21 04:00:00+00:00,65538.0,65719.0,65456.0,65502.0,1024.86351,3.1631e-06,-0.0004746955,-0.000564708770282,0.031631
2026-07-21 05:00:00+00:00,65502.0,65860.0,65451.0,65720.0,1550.49254,1.25e-05,-0.0003614074,0.0033226166428798,0.125
2026-07-21 06:00:00+00:00,65720.0,65970.0,65608.0,65892.0,984.21042,9.516e-06,-0.0004238717,0.0026137449156685,0.09516
2026-07-21 07:00:00+00:00,65893.0,66215.0,65840.0,66170.0,2515.52882,7.3771e-06,-0.000440983,0.0042101499392321,0.073771
2026-07-21 08:00:00+00:00,66168.0,66329.0,66102.0,66194.0,1791.43727,1.25e-05,-0.0003301311,0.0003626363703576,0.125
2026-07-21 09:00:00+00:00,66195.0,66316.0,66113.0,66259.0,807.15009,9.6383e-06,-0.0004228937,0.000981480301962,0.096383
2026-07-21 10:00:00+00:00,66260.0,66382.0,66151.0,66160.0,1109.56199,7.9184e-06,-0.0004366531,-0.0014952539808519,0.079184
2026-07-21 11:00:00+00:00,66160.0,66326.0,66110.0,66320.0,393.03795,3.8798e-06,-0.0004689616,0.0024154601116035,0.038798
2026-07-21 12:00:00+00:00,66321.0,66620.0,66238.0,66528.0,2085.21216,1.03552e-05,-0.0004171584,0.0031314008485628,0.103552
2026-07-21 13:00:00+00:00,66529.0,66778.0,66301.0,66748.0,2558.57786,8.053e-06,-0.0004355759,0.003301422609054,0.08053
2026-07-21 14:00:00+00:00,66748.0,66918.0,66606.0,66806.0,2916.64238,1.09345e-05,-0.0004125242,0.0008685625836181,0.109345
2026-07-21 15:00:00+00:00,66807.0,66807.0,66489.0,66644.0,1286.74716,-1.14156e-05,-0.0005913251,-0.0024278768014522,-0.114156
2026-07-21 16:00:00+00:00,66645.0,66729.0,66437.0,66511.0,763.49988,-6.4354e-06,-0.0005514834,-0.0019976725504894,-0.064354
2026-07-21 17:00:00+00:00,66510.0,66536.0,66100.0,66189.0,2326.82222,-2.2268e-06,-0.0005178141,-0.0048530615219887,-0.022268
2026-07-21 18:00:00+00:00,66188.0,66341.0,66065.0,66302.0,1672.97811,1.9598e-06,-0.0004843219,0.0017057766550094,0.0195979999999999
2026-07-21 19:00:00+00:00,66301.0,66469.0,66236.0,66417.0,1051.87411,1.25e-05,-0.0003742768,0.0017329851608439,0.125
2026-07-21 20:00:00+00:00,66417.0,66469.0,66326.0,66374.0,786.47567,1.25e-05,-0.0003748477,-0.0006476342749577,0.125
2026-07-21 21:00:00+00:00,66373.0,66383.0,66248.0,66352.0,686.68275,4.4117e-06,-0.0004647066,-0.0003315100312144,0.0441169999999999
2026-07-21 22:00:00+00:00,66353.0,66354.0,66185.0,66272.0,385.79044,5.1303e-06,-0.0004589573,-0.0012064182908518,0.051303
2026-07-21 23:00:00+00:00,66271.0,66553.0,66188.0,66527.0,982.17791,2.9916e-06,-0.0004760671,0.0038403950844268,0.0299159999999999
2026-07-22 00:00:00+00:00,66526.0,66714.0,66510.0,66593.0,790.09848,1.02069e-05,-0.0004183447,0.0009915866197092,0.102069
2026-07-22 01:00:00+00:00,66591.0,66627.0,66261.0,66399.0,1681.71235,8.8363e-06,-0.0004293093,-0.002917470789292,0.088363
2026-07-22 02:00:00+00:00,66400.0,66513.0,66271.0,66285.0,441.91538,1.078e-06,-0.0004913763,-0.0017183688772048,0.01078
2026-07-22 03:00:00+00:00,66286.0,66349.0,66152.0,66180.0,700.8109,1.25e-05,-0.0003878873,-0.0015853247573468,0.125
2026-07-22 04:00:00+00:00,66179.0,66400.0,66165.0,66359.0,358.77491,1.25e-05,-0.0003884171,0.0027010933963675,0.125
2026-07-22 05:00:00+00:00,66360.0,66360.0,65917.0,65955.0,2278.88082,1.25e-05,-0.0003302138,-0.0061067045889504,0.125
2026-07-22 06:00:00+00:00,65954.0,66000.0,65790.0,65898.0,1600.4677,9.6619e-06,-0.0004227046,-0.0008645992666192,0.096619
2026-07-22 07:00:00+00:00,65898.0,65930.0,65663.0,65808.0,837.57469,1.6165e-06,-0.0004870678,-0.0013666805461955,0.016165
2026-07-22 08:00:00+00:00,65808.0,66142.0,65808.0,65958.0,1146.46452,4.997e-07,-0.0004960023,0.0022767643367134,0.004997
2026-07-22 09:00:00+00:00,65958.0,66060.0,65823.0,65902.0,415.06037,1.01286e-05,-0.0004189715,-0.0008493857631851,0.101286
2026-07-22 10:00:00+00:00,65903.0,66097.0,65868.0,66027.0,380.14471,1.25e-05,-0.0003904898,0.0018949592190481,0.125
2026-07-22 11:00:00+00:00,66027.0,66075.0,65882.0,65990.0,467.93503,1.25e-05,-0.000346271,-0.0005605338853143,0.125
2026-07-22 12:00:00+00:00,65989.0,65993.0,65534.0,65613.0,1145.58883,1.25e-05,-0.0003256407,-0.0057293683468052,0.125
2026-07-22 13:00:00+00:00,65613.0,65962.0,65544.0,65939.0,1433.1311,1.25e-05,-0.0003240571,0.004956225178276,0.125
2026-07-22 14:00:00+00:00,65939.0,66190.0,65555.0,65780.0,3641.89642,1.25e-05,-0.0002779063,-0.0024142314658902,0.125
2026-07-22 15:00:00+00:00,65780.0,66114.0,65780.0,66022.0,2444.25172,1.25e-05,-0.0003557295,0.003672179055635,0.125
2026-07-22 16:00:00+00:00,66022.0,66358.0,65891.0,66208.0,2422.20933,1.25e-05,-0.0003193244,0.0028132817465866,0.125
2026-07-22 17:00:00+00:00,66207.0,66250.0,65909.0,66000.0,1640.84049,1.25e-05,-0.0003950976,-0.0031465595367069,0.125
2026-07-22 18:00:00+00:00,66000.0,66058.0,65692.0,65866.0,1767.31318,1.25e-05,-0.0003911148,-0.0020323668894799,0.125
2026-07-22 19:00:00+00:00,65866.0,65945.0,65666.0,65906.0,850.88628,6.0242e-06,-0.0004518061,0.0006071092679568,0.060242
2026-07-22 20:00:00+00:00,65902.0,65971.0,65770.0,65890.0,719.56634,9.3072e-06,-0.0004255423,-0.0002427994791738,0.093072
2026-07-22 21:00:00+00:00,65890.0,66107.0,65867.0,66040.0,626.87377,1.25e-05,-0.0003346325,0.0022739341261986,0.125
2026-07-22 22:00:00+00:00,66040.0,66054.0,65907.0,66019.0,537.41759,1.25e-05,-0.0003962013,-0.0003180396667703,0.125
2026-07-22 23:00:00+00:00,66018.0,66125.0,65809.0,66086.0,1636.91766,5.4534e-06,-0.0004563727,0.00101434473706,0.054534
2026-07-23 00:00:00+00:00,66086.0,66295.0,66017.0,66028.0,1294.32117,1.25e-05,-0.0003840545,-0.0008780296369225,0.125
2026-07-23 01:00:00+00:00,66027.0,66181.0,65703.0,65803.0,2064.26877,1.25e-05,-0.0003647871,-0.0034134644881716,0.125
2026-07-23 02:00:00+00:00,65802.0,65811.0,65612.0,65779.0,1143.15261,-1.1132e-06,-0.0005089054,-0.0003647915408816,-0.011132
2026-07-23 03:00:00+00:00,65778.0,65789.0,65540.0,65626.0,876.65481,-1.3762e-06,-0.0005110096,-0.0023286795653139,-0.013762
2026-07-23 04:00:00+00:00,65625.0,65708.0,65559.0,65577.0,389.16158,-1.3465e-06,-0.000510772,-0.0007469341749523,-0.013465
2026-07-23 05:00:00+00:00,65580.0,65768.0,65539.0,65662.0,289.91678,-8.324e-07,-0.0005066589,0.001295346838749,-0.008324
2026-07-23 06:00:00+00:00,65661.0,65794.0,65592.0,65766.0,660.10683,1.5042e-06,-0.0004879661,0.0015826159069174,0.015042
2026-07-23 07:00:00+00:00,65766.0,65766.0,65323.0,65416.0,1091.3183,9.8578e-06,-0.0004211377,-0.0053361106019652,0.098578
2026-07-23 08:00:00+00:00,65417.0,65641.0,65390.0,65611.0,763.24487,1.25e-05,-0.0003840873,0.002976487959986,0.125
2026-07-23 09:00:00+00:00,65612.0,65739.0,65580.0,65611.0,923.45001,1.25e-05,-0.0003584873,0.0,0.125
2026-07-23 10:00:00+00:00,65611.0,65774.0,65550.0,65699.0,1361.46256,1.25e-05,-0.0003274219,0.0013403398549146,0.125
2026-07-23 11:00:00+00:00,65698.0,65710.0,65502.0,65523.0,343.1374,1.25e-05,-0.0003492477,-0.0026824786321927,0.125
2026-07-23 12:00:00+00:00,65523.0,65566.0,64967.0,65153.0,2179.65403,1.19826e-05,-0.0004041395,-0.0056628759491851,0.1198259999999999
2026-07-23 13:00:00+00:00,65153.0,65206.0,64848.0,64860.0,2504.1453,1.25e-05,-0.000368235,-0.0045072492140267,0.125
2026-07-23 14:00:00+00:00,64860.0,65194.0,64807.0,64884.0,2255.51532,1.25e-05,-0.000274468,0.0003699593086962,0.125
2026-07-23 15:00:00+00:00,64885.0,65000.0,64700.0,64942.0,1706.02844,1.25e-05,-0.0003115642,0.0008935036719714,0.125
2026-07-23 16:00:00+00:00,64941.0,64942.0,64697.0,64735.0,972.85693,1.25e-05,-0.0003215014,-0.0031925503492289,0.125
2026-07-23 17:00:00+00:00,64735.0,64872.0,64637.0,64656.0,1177.4359,1.25e-05,-0.0003644166,-0.0012211051744927,0.125
2026-07-23 18:00:00+00:00,64657.0,64929.0,64656.0,64846.0,738.90143,1.25e-05,-0.000326594,0.0029343197221457,0.125
2026-07-23 19:00:00+00:00,64847.0,64914.0,64675.0,64834.0,460.53106,1.25e-05,-0.0003352244,-0.00018507094439,0.125
2026-07-23 20:00:00+00:00,64837.0,65174.0,64810.0,65117.0,1372.88614,1.25e-05,-0.0003352248,0.004355494723143,0.125
2026-07-23 21:00:00+00:00,65118.0,65181.0,64975.0,65144.0,610.14517,1.25e-05,-0.0003139667,0.0004145523278136,0.125
2026-07-23 22:00:00+00:00,65144.0,65187.0,64985.0,65158.0,915.60797,9.7727e-06,-0.0004218182,0.0002148854208512,0.097727
2026-07-23 23:00:00+00:00,65157.0,65187.0,65020.0,65069.0,347.87617,6.9202e-06,-0.0004446387,-0.0013668442620391,0.069202
2026-07-24 00:00:00+00:00,65070.0,65083.0,64721.0,64941.0,1120.6807,2.2936e-06,-0.0004816516,-0.0019690799378141,0.0229359999999999
2026-07-24 01:00:00+00:00,64942.0,65144.0,64909.0,65054.0,880.97982,7.04e-07,-0.000494368,0.0017385288428278,0.0070399999999999
2026-07-24 02:00:00+00:00,65054.0,65158.0,64887.0,65093.0,1185.28788,1.04877e-05,-0.000416098,0.0005993223227174,0.104877
2026-07-24 03:00:00+00:00,65094.0,65440.0,65052.0,65426.0,2060.74147,1.01729e-05,-0.0004186169,0.0051027164251377,0.101729
2026-07-24 04:00:00+00:00,65426.0,65426.0,65232.0,65271.0,567.79341,1.13503e-05,-0.0004091973,-0.0023718994723361,0.113503
2026-07-24 05:00:00+00:00,65271.0,65367.0,65216.0,65287.0,836.15073,2.8807e-06,-0.0004769543,0.0002451017950657,0.028807
2026-07-24 06:00:00+00:00,65287.0,65500.0,65254.0,65453.0,680.59184,1.25e-05,-0.0003518444,0.0025393925226316,0.125
2026-07-24 07:00:00+00:00,65454.0,65795.0,65340.0,65483.0,2350.91075,1.25e-05,-0.0003635235,0.0004582391477508,0.125
2026-07-24 08:00:00+00:00,65488.0,65496.0,65283.0,65285.0,638.65444,1.25e-05,-0.000271431,-0.0030282661096216,0.125
2026-07-24 09:00:00+00:00,65285.0,65295.0,64923.0,65089.0,2629.22596,1.25e-05,-0.0003044173,-0.0030067367367867,0.125
2026-07-24 10:00:00+00:00,65089.0,65141.0,64878.0,64928.0,1013.05924,1.25e-05,-0.0003365333,-0.0024766004798109,0.125
2026-07-24 11:00:00+00:00,64929.0,65077.0,64828.0,65065.0,1439.82809,1.25e-05,-0.0002903556,0.0021078065853163,0.125
2026-07-24 12:00:00+00:00,65065.0,65125.0,64727.0,64751.0,1125.05003,1.14212e-05,-0.0004086306,-0.004837625752887,0.114212
2026-07-24 13:00:00+00:00,64751.0,64780.0,63900.0,64138.0,5085.77283,1.25e-05,-0.0003536279,-0.0095121324868215,0.125
2026-07-24 14:00:00+00:00,64140.0,64201.0,63730.0,64052.0,3621.43615,1.25e-05,-0.000313731,-0.0013417585287817,0.125
2026-07-24 15:00:00+00:00,64052.0,64323.0,63846.0,64085.0,1984.41105,1.25e-05,-0.0001499202,0.000515073721557,0.125
2026-07-24 16:00:00+00:00,64087.0,64185.0,63862.0,63939.0,1254.89786,1.25e-05,-0.000118991,-0.002280823334576,0.125
2026-07-24 17:00:00+00:00,63939.0,64194.0,63892.0,64169.0,1317.93206,1.25e-05,-0.0002310347,0.0035907241877405,0.125
2026-07-24 18:00:00+00:00,64169.0,64279.0,64110.0,64258.0,868.56967,1.25e-05,-0.0001752185,0.0013860016078771,0.125
2026-07-24 19:00:00+00:00,64258.0,64280.0,64111.0,64199.0,814.32525,1.25e-05,-0.0001818475,-0.0009185953922132,0.125
2026-07-24 20:00:00+00:00,64199.0,64264.0,64099.0,64144.0,589.39254,1.25e-05,-0.0002960343,-0.0008570783504646,0.125
2026-07-24 21:00:00+00:00,64144.0,64201.0,64110.0,64125.0,549.56136,1.25e-05,-0.0003751951,-0.0002962524092175,0.125
2026-07-24 22:00:00+00:00,64125.0,64205.0,64111.0,64144.0,320.01134,1.25e-05,-0.0002975973,0.0002962524092174,0.125
2026-07-24 23:00:00+00:00,64143.0,64157.0,64115.0,64123.0,188.42194,1.25e-05,-0.0003266608,-0.0003274419794277,0.125
2026-07-25 00:00:00+00:00,64122.0,64155.0,64016.0,64048.0,341.11903,1.25e-05,-0.0003305286,-0.0011703116705055,0.125
2026-07-25 01:00:00+00:00,64047.0,64135.0,63983.0,64041.0,620.25634,1.25e-05,-0.0003338493,-0.0001092990031457,0.125
2026-07-25 02:00:00+00:00,64040.0,64068.0,63990.0,64013.0,331.87857,1.25e-05,-0.0003393406,-0.0004373155144898,0.125
2026-07-25 03:00:00+00:00,64012.0,64072.0,63991.0,64062.0,213.81707,1.0696e-05,-0.000414432,0.000765176691638,0.10696
2026-07-25 04:00:00+00:00,64060.0,64173.0,64055.0,64150.0,318.71325,1.02798e-05,-0.0004177615,0.0013727266374252,0.102798
2026-07-25 05:00:00+00:00,64150.0,64171.0,63949.0,63995.0,446.1534,1.25e-05,-0.0003958574,-0.0024191357538903,0.125
2026-07-25 06:00:00+00:00,63995.0,64037.0,63926.0,63978.0,1135.94505,1.14042e-05,-0.0004087668,-0.0002656810436575,0.114042
2026-07-25 07:00:00+00:00,63979.0,64007.0,63970.0,63984.0,212.76366,1.0501e-05,-0.0004159921,9.377784036498683e-05,0.1050099999999999
2026-07-25 08:00:00+00:00,63985.0,63985.0,63736.0,63841.0,1648.79484,2.7994e-06,-0.0004776045,-0.0022374349251898,0.0279939999999999
2026-07-25 09:00:00+00:00,63842.0,64000.0,63800.0,63975.0,923.57807,4.3365e-06,-0.0004653079,0.0020967648665797,0.043365
2026-07-25 10:00:00+00:00,63976.0,64053.0,63971.0,64047.0,450.34524,3.1316e-06,-0.0004749471,0.0011248067924441,0.031316
2026-07-25 11:00:00+00:00,64047.0,64087.0,64024.0,64032.0,329.77794,1.25e-05,-0.0003576104,-0.0002342304369737,0.125
2026-07-25 12:00:00+00:00,64032.0,64103.0,64010.0,64103.0,271.50068,1.25e-05,-0.0003589834,0.0011082063022029,0.125
2026-07-25 13:00:00+00:00,64103.0,64233.0,64082.0,64155.0,486.01299,1.25e-05,-0.0003684297,0.0008108656434559,0.125
2026-07-25 14:00:00+00:00,64155.0,64198.0,64101.0,64197.0,217.17007,1.25e-05,-0.0003208629,0.0006544502851387,0.125
2026-07-25 15:00:00+00:00,64197.0,64250.0,64153.0,64157.0,301.3342,1.25e-05,-0.0003047012,-0.0006232762717938,0.125
2026-07-25 16:00:00+00:00,64157.0,64219.0,64094.0,64184.0,239.56479,1.25e-05,-0.0003325692,0.0004207540910281,0.125
2026-07-25 17:00:00+00:00,64184.0,64314.0,64170.0,64240.0,505.08496,1.25e-05,-0.00035721,0.0008721111871513,0.125
2026-07-25 18:00:00+00:00,64241.0,64434.0,64240.0,64398.0,702.02261,1.25e-05,-0.0003451812,0.0024565070889361,0.125
2026-07-25 19:00:00+00:00,64399.0,64427.0,64367.0,64368.0,384.95921,1.25e-05,-0.0003672481,-0.0004659615200099,0.125
2026-07-25 20:00:00+00:00,64369.0,64374.0,64282.0,64309.0,334.59043,1.25e-05,-0.0002622857,-0.0009170248627897,0.125
2026-07-25 21:00:00+00:00,64309.0,64400.0,64234.0,64318.0,188.90741,1.25e-05,-0.0003405311,0.0001399395152601,0.125
2026-07-25 22:00:00+00:00,64318.0,64408.0,64318.0,64390.0,216.01668,1.25e-05,-0.0003937468,0.0011188116901892,0.125
2026-07-25 23:00:00+00:00,64391.0,64410.0,64355.0,64361.0,160.132,1.25e-05,-0.0003651735,-0.0004504819456225,0.125
2026-07-26 00:00:00+00:00,64361.0,64490.0,64334.0,64490.0,273.55116,1.25e-05,-0.0002036292,0.0020023134178164,0.125
2026-07-26 01:00:00+00:00,64490.0,64530.0,64426.0,64436.0,281.24274,1.25e-05,-0.0003185184,-0.0008376898865668,0.125
2026-07-26 02:00:00+00:00,64436.0,64498.0,64399.0,64496.0,81.67744,1.25e-05,-0.0003533353,0.0009307232390908,0.125
2026-07-26 03:00:00+00:00,64496.0,64558.0,64460.0,64520.0,357.547,1.25e-05,-0.0003479899,0.0003720468821981,0.125
2026-07-26 04:00:00+00:00,64520.0,64571.0,64463.0,64501.0,165.6269,1.25e-05,-0.0003913304,-0.0002945256994961,0.125
2026-07-26 05:00:00+00:00,64501.0,64501.0,64387.0,64388.0,348.00322,1.25e-05,-0.0003794614,-0.0017534472135289,0.125
2026-07-26 06:00:00+00:00,64388.0,64429.0,64262.0,64407.0,437.72676,9.5017e-06,-0.0004239862,0.0002950425115545,0.0950169999999999
2026-07-26 07:00:00+00:00,64407.0,64433.0,64320.0,64346.0,225.86615,1.07021e-05,-0.0004143835,-0.0009475508075785,0.107021
2026-07-26 08:00:00+00:00,64347.0,64470.0,64333.0,64458.0,197.07607,1.25e-05,-0.0003819509,0.0017390768645015,0.125
2026-07-26 09:00:00+00:00,64458.0,64528.0,64449.0,64508.0,194.76129,1.25e-05,-0.0003976611,0.0007753982058089,0.125
2026-07-26 10:00:00+00:00,64508.0,64543.0,64469.0,64488.0,118.58331,1.11805e-05,-0.0004105557,-0.0003100871369695,0.111805
2026-07-26 11:00:00+00:00,64488.0,64512.0,64467.0,64476.0,119.19223,7.9106e-06,-0.0004367151,-0.000186098446615,0.079106
2026-07-26 12:00:00+00:00,64477.0,64630.0,64407.0,64438.0,649.72467,6.3284e-06,-0.0004493729,-0.0005895403307724,0.063284
2026-07-26 13:00:00+00:00,64439.0,64541.0,64377.0,64490.0,246.05447,7.2923e-06,-0.0004416615,0.0008066518183736,0.072923
2026-07-26 14:00:00+00:00,64490.0,64725.0,64489.0,64683.0,904.69315,5.4724e-06,-0.0004562208,0.002988242800239,0.054724
2026-07-26 15:00:00+00:00,64684.0,64780.0,64641.0,64737.0,448.41523,-1.24e-07,-0.0005009919,0.0008344923989135,-0.00124
2026-07-26 16:00:00+00:00,64737.0,64907.0,64668.0,64702.0,967.36344,5.705e-07,-0.0004954362,-0.0005407952912647,0.005705
2026-07-26 17:00:00+00:00,64703.0,64768.0,64638.0,64666.0,426.54102,4.2004e-06,-0.000466397,-0.0005565518664468,0.042004
2026-07-26 18:00:00+00:00,64666.0,64746.0,64637.0,64710.0,179.34865,2.3335e-06,-0.0004813324,0.0006801880054476,0.023335
2026-07-26 19:00:00+00:00,64710.0,64730.0,64642.0,64669.0,299.09441,6.3375e-06,-0.0004493004,-0.0006337968506862,0.063375
2026-07-26 20:00:00+00:00,64670.0,64670.0,64599.0,64616.0,416.32527,6.7661e-06,-0.0004458712,-0.0008198940784932,0.067661
2026-07-26 21:00:00+00:00,64617.0,64895.0,64616.0,64819.0,500.16477,2.9896e-06,-0.000476083,0.0031367121171618,0.029896
2026-07-26 22:00:00+00:00,64819.0,65484.0,64819.0,65377.0,2521.09556,8.4964e-06,-0.0004320292,0.0085717443942072,0.084964
2026-07-26 23:00:00+00:00,65377.0,65561.0,65253.0,65366.0,1125.26094,1.10841e-05,-0.0004113275,-0.0001682690473059,0.110841
2026-07-27 00:00:00+00:00,65372.0,65395.0,65045.0,65099.0,915.98925,1.25e-05,-0.0003937912,-0.004093057490619,0.125
2026-07-27 01:00:00+00:00,65100.0,65198.0,64866.0,65180.0,554.45739,1.04175e-05,-0.0004166597,0.0012434852959759,0.104175
2026-07-27 02:00:00+00:00,65180.0,65259.0,65083.0,65148.0,593.26931,1.09297e-05,-0.0004125622,-0.000491068698101,0.1092969999999999
2026-07-27 03:00:00+00:00,65148.0,65342.0,65143.0,65261.0,318.24114,1.1633e-05,-0.0004069356,0.0017330096585554,0.11633
2026-07-27 04:00:00+00:00,65261.0,65470.0,65225.0,65256.0,529.65314,1.25e-05,-0.0003702032,-7.661837159065997e-05,0.125
2026-07-27 05:00:00+00:00,65257.0,65470.0,65251.0,65437.0,399.23276,1.25e-05,-0.0003823467,0.0027698517245835,0.125
2026-07-27 06:00:00+00:00,65438.0,65715.0,65379.0,65381.0,1007.29423,5.2691e-06,-0.0004578471,-0.0008561513464606,0.052691
2026-07-27 07:00:00+00:00,65380.0,65417.0,65180.0,65191.0,575.96225,7.4381e-06,-0.0004404951,-0.0029102737815682,0.074381
2026-07-27 08:00:00+00:00,65190.0,65226.0,65090.0,65139.0,616.48705,7.8469e-06,-0.0004372251,-0.0007979744150895,0.078469
2026-07-27 09:00:00+00:00,65138.0,65316.0,65069.0,65234.0,367.54945,4.9506e-06,-0.000460395,0.0014573572260226,0.0495059999999999
2026-07-27 10:00:00+00:00,65232.0,65411.0,65203.0,65304.0,270.37862,1.1073e-05,-0.000411416,0.0010724847432875,0.11073
2026-07-27 11:00:00+00:00,65304.0,65305.0,65058.0,65074.0,606.5374,1.03603e-05,-0.0004171175,-0.0035282062708618,0.103603
2026-07-27 12:00:00+00:00,65073.0,65232.0,64796.0,65057.0,2096.75979,4.3019e-06,-0.0004655844,-0.0002612751780392,0.043019
2026-07-27 13:00:00+00:00,65057.0,65680.0,64893.0,65182.0,2954.34462,2.571e-07,-0.000497943,0.0019195484974845,0.002571
2026-07-27 14:00:00+00:00,65181.0,65395.0,64450.0,64667.0,3688.51446,8.6998e-06,-0.0004304014,-0.0079323321765298,0.0869979999999999
2026-07-27 15:00:00+00:00,64667.0,64756.0,64394.0,64514.0,2742.85515,2.789e-06,-0.0004776878,-0.0023687705086844,0.0278899999999999
2026-07-27 16:00:00+00:00,64515.0,64938.0,64500.0,64865.0,1664.90042,2.788e-07,-0.0004977692,0.0054259325105515,0.0027879999999999
2026-07-27 17:00:00+00:00,64865.0,65059.0,64749.0,64984.0,1489.21261,-7.679e-07,-0.000506143,0.0018328987256769,-0.007679
2026-07-27 18:00:00+00:00,64985.0,65031.0,64718.0,64849.0,703.76435,9.148e-07,-0.0004926818,-0.0020795953055549,0.009148
2026-07-27 19:00:00+00:00,64848.0,65046.0,64776.0,64949.0,828.24091,-2.9815e-06,-0.0005238523,0.0015408560961695,-0.029815
2026-07-27 20:00:00+00:00,64948.0,65027.0,64865.0,64933.0,396.3068,3.8186e-06,-0.0004694513,-0.0002463774823444,0.038186
2026-07-27 21:00:00+00:00,64934.0,64934.0,64755.0,64787.0,717.8564,1.1921e-06,-0.0004904634,-0.0022510031089836,0.011921
2026-07-27 22:00:00+00:00,64787.0,64788.0,63768.0,63769.0,3558.89633,-6.3019e-06,-0.000550415,-0.0158377870985818,-0.0630189999999999
2026-07-27 23:00:00+00:00,63768.0,63920.0,63576.0,63736.0,3433.7327,-1.9358e-06,-0.0005154867,-0.0005176267712925,-0.019358
2026-07-28 00:00:00+00:00,63737.0,63804.0,63442.0,63451.0,2020.53231,1.25e-05,-0.0003682183,-0.0044815976005703,0.125
2026-07-28 01:00:00+00:00,63453.0,63504.0,63026.0,63200.0,2658.93447,1.25e-05,-0.0003900253,-0.0039636533246828,0.125
2026-07-28 02:00:00+00:00,63200.0,63278.0,63069.0,63159.0,820.91433,8.6981e-06,-0.000430415,-0.0006489446962837,0.086981
2026-07-28 03:00:00+00:00,63160.0,63355.0,63146.0,63320.0,1615.15432,5.4716e-06,-0.000456227,0.0025458785562833,0.054716
2026-07-28 04:00:00+00:00,63320.0,63342.0,63200.0,63332.0,427.12117,1.25e-05,-0.000366413,0.0001894956263762,0.125
2026-07-28 05:00:00+00:00,63333.0,63600.0,63307.0,63429.0,768.05021,1.25e-05,-0.0003154802,0.0015304394716537,0.125
2026-07-28 06:00:00+00:00,63430.0,63641.0,63377.0,63621.0,609.6549,1.25e-05,-0.0002926857,0.0030224344141949,0.125
2026-07-28 07:00:00+00:00,63622.0,63636.0,63430.0,63480.0,373.50661,1.25e-05,-0.0003270772,-0.0022187088668281,0.125
2026-07-28 08:00:00+00:00,63480.0,63506.0,63377.0,63402.0,283.20344,1.25e-05,-0.0003928168,-0.0012294889712595,0.125
2026-07-28 09:00:00+00:00,63403.0,63557.0,63345.0,63374.0,361.55564,1.25e-05,-0.000376933,-0.0004417239927948,0.125
2026-07-28 10:00:00+00:00,63374.0,63531.0,63265.0,63451.0,419.91225,1.25e-05,-0.0003466854,0.0012142717833406,0.125
2026-07-28 11:00:00+00:00,63452.0,63567.0,63330.0,63441.0,588.32891,1.25e-05,-0.0003810537,-0.0001576143495366,0.125
2026-07-28 12:00:00+00:00,63440.0,63567.0,63363.0,63543.0,763.11305,1.25e-05,-0.0003181111,0.001606501952013,0.125
2026-07-28 13:00:00+00:00,63543.0,63565.0,62703.0,63089.0,2960.18831,1.25e-05,-0.0003158332,-0.007170414195355,0.125
2026-07-28 14:00:00+00:00,63089.0,63532.0,62946.0,63400.0,2557.15089,1.25e-05,-0.000298729,0.0049174335585642,0.125
2026-07-28 15:00:00+00:00,63400.0,64000.0,63250.0,63911.0,3280.91911,1.25e-05,-0.0002318222,0.0080276291001957,0.125
2026-07-28 16:00:00+00:00,63910.0,64100.0,63755.0,64025.0,1414.60059,1.25e-05,-0.0002861698,0.0017821415422127,0.125
2026-07-28 17:00:00+00:00,64025.0,64025.0,63476.0,63664.0,1926.28583,1.25e-05,-0.0003458922,-0.0056543784010161,0.125
2026-07-28 18:00:00+00:00,63663.0,63810.0,63628.0,63701.0,735.376,1.25e-05,-0.0003970605,0.0005810073574505,0.125
2026-07-28 19:00:00+00:00,63701.0,63875.0,63653.0,63870.0,1002.87576,4.2757e-06,-0.0004657942,0.0026495065314744,0.042757
2026-07-28 20:00:00+00:00,63873.0,63992.0,63847.0,63885.0,814.25754,1.09704e-05,-0.0004122371,0.0002348244697886,0.109704
2026-07-28 21:00:00+00:00,63886.0,64039.0,63860.0,63946.0,580.71362,8.3682e-06,-0.0004330547,0.0009543851590015,0.083682
2026-07-28 22:00:00+00:00,63947.0,63995.0,63738.0,63751.0,841.55489,1.0859e-05,-0.0004131278,-0.0030541070122709,0.10859
2026-07-28 23:00:00+00:00,63750.0,63933.0,63525.0,63906.0,1928.35873,5.823e-06,-0.0004534161,0.0024283834990665,0.05823
2026-07-29 00:00:00+00:00,63907.0,64164.0,63858.0,63934.0,1121.53971,6.1723e-06,-0.0004506212,0.0004380475664539,0.061723
2026-07-29 01:00:00+00:00,63934.0,63981.0,63663.0,63677.0,850.47812,1.25e-05,-0.0003138531,-0.0040278713819107,0.125
2026-07-29 02:00:00+00:00,63678.0,64106.0,63635.0,63948.0,623.53954,1.25e-05,-0.0003606333,0.0042468232290186,0.125
2026-07-29 03:00:00+00:00,63948.0,63981.0,63681.0,63721.0,714.47004,1.25e-05,-0.0003961968,-0.0035560745241804,0.125
2026-07-29 04:00:00+00:00,63722.0,63944.0,63565.0,63944.0,790.0595,1.18816e-05,-0.0004049472,0.0034935217452527,0.118816
2026-07-29 05:00:00+00:00,63944.0,64073.0,63859.0,64042.0,591.27829,1.25e-05,-0.0003949668,0.001531417798084,0.125
2026-07-29 06:00:00+00:00,64041.0,64439.0,64002.0,64402.0,1265.97183,1.25e-05,-0.0003738195,0.0056055704069024,0.125
2026-07-29 07:00:00+00:00,64402.0,64548.0,64374.0,64530.0,510.18695,1.00885e-05,-0.0004192918,0.0019855434190438,0.100885
2026-07-29 08:00:00+00:00,64531.0,64577.0,64250.0,64392.0,1031.77277,1.25e-05,-0.0003834063,-0.0021408301563157,0.125
2026-07-29 09:00:00+00:00,64392.0,64696.0,64354.0,64659.0,941.77418,8.2649e-06,-0.000433881,0.0041379048743535,0.082649
2026-07-29 10:00:00+00:00,64660.0,64685.0,64378.0,64438.0,984.05624,1.13131e-05,-0.0004094949,-0.003423785461874,0.113131
2026-07-29 11:00:00+00:00,64437.0,64568.0,64386.0,64482.0,716.08352,1.3375e-06,-0.0004893002,0.000682593883159,0.013375
2026-07-29 12:00:00+00:00,64483.0,64483.0,64200.0,64249.0,713.22689,5.3386e-06,-0.0004572916,-0.0036199556352,0.053386
2026-07-29 13:00:00+00:00,64249.0,64640.0,64116.0,64627.0,1600.55938,9.8296e-06,-0.0004213635,0.0058661206734781,0.098296
2026-07-29 14:00:00+00:00,64628.0,64689.0,64025.0,64079.0,1742.26519,9.8821e-06,-0.0004209432,-0.008515582980146,0.0988209999999999
2026-07-29 15:00:00+00:00,64080.0,64173.0,63848.0,63943.0,1487.64613,8.6175e-06,-0.0004310601,-0.0021246356276192,0.086175
2026-07-29 16:00:00+00:00,63943.0,64108.0,63581.0,63789.0,2032.09829,1.25e-05,-0.000365186,-0.0024112998249099,0.125
2026-07-29 17:00:00+00:00,63789.0,64255.0,63685.0,64254.0,2040.69127,1.25e-05,-0.0003951084,0.0072632169541189,0.125
2026-07-29 18:00:00+00:00,64254.0,64690.0,63714.0,64474.0,5827.73751,1.09852e-05,-0.0004121183,0.0034180631127825,0.1098519999999999
2026-07-29 19:00:00+00:00,64474.0,64566.0,63478.0,63563.0,4229.95742,-2.3514e-06,-0.0005188111,-0.0142305017083828,-0.023514
2026-07-29 20:00:00+00:00,63562.0,63700.0,63345.0,63497.0,2441.02948,-6.4946e-06,-0.0005519566,-0.0010388793630723,-0.0649459999999999
2026-07-29 21:00:00+00:00,63498.0,63853.0,63245.0,63848.0,2421.15541,5.1127e-06,-0.0004590981,0.0055125978855874,0.051127
2026-07-29 22:00:00+00:00,63848.0,64094.0,63843.0,63918.0,1884.47504,1.25e-05,-0.0003988475,0.0010957532834078,0.125
2026-07-29 23:00:00+00:00,63917.0,64044.0,63838.0,63962.0,877.98303,1.25e-05,-0.0003891415,0.0006881451632205,0.125
2026-07-30 00:00:00+00:00,63961.0,64090.0,63588.0,63676.0,740.68813,1.25e-05,-0.00036022,-0.0044814315274467,0.125
2026-07-30 01:00:00+00:00,63675.0,64345.0,63661.0,64243.0,1827.48415,1.25e-05,-0.0003762902,0.0088650429306784,0.125
2026-07-30 02:00:00+00:00,64243.0,64390.0,64129.0,64158.0,519.32367,1.25e-05,-0.0003091695,-0.0013239774209934,0.125
2026-07-30 03:00:00+00:00,64158.0,64273.0,64108.0,64138.0,368.87496,1.25e-05,-0.0003978034,-0.0003117790135625,0.125
2026-07-30 04:00:00+00:00,64141.0,64156.0,63974.0,63994.0,378.39369,1.25e-05,-0.0003838259,-0.002247683024146,0.125
2026-07-30 05:00:00+00:00,63995.0,64142.0,63877.0,64009.0,893.62246,1.21218e-05,-0.0004030254,0.0002343695080373,0.1212179999999999
2026-07-30 06:00:00+00:00,64009.0,64057.0,63930.0,63968.0,206.06049,8.1467e-06,-0.0004348264,-0.0006407401549138,0.081467
2026-07-30 07:00:00+00:00,63969.0,64115.0,63904.0,63977.0,295.26215,9.3645e-06,-0.0004250842,0.0001406854510117,0.0936449999999999
2026-07-30 08:00:00+00:00,63979.0,64324.0,63954.0,64277.0,1005.76673,6.0079e-06,-0.0004519364,0.0046782251960105,0.0600789999999999
2026-07-30 09:00:00+00:00,64278.0,64600.0,64257.0,64540.0,869.61223,8.7438e-06,-0.0004300499,0.0040833176588039,0.0874379999999999
2026-07-30 10:00:00+00:00,64540.0,64600.0,64534.0,64553.0,411.65,9.3301e-06,-0.0004253591,0.0002014051891882,0.093301
2026-07-30 11:00:00+00:00,64554.0,64850.0,64516.0,64747.0,996.55731,3.8564e-06,-0.0004691492,0.0030007756469485,0.038564
2026-07-30 12:00:00+00:00,64748.0,64997.0,64748.0,64892.0,1036.13242,4.46e-06,-0.0004643204,0.0022369820881998,0.0445999999999999
2026-07-30 13:00:00+00:00,64892.0,65153.0,64657.0,64986.0,1654.50002,2.4248e-06,-0.0004806019,0.0014475125335026,0.024248
2026-07-30 14:00:00+00:00,64987.0,65006.0,64575.0,64645.0,1937.7111,-2.3461e-06,-0.000518769,-0.0052610993751384,-0.023461
2026-07-30 15:00:00+00:00,64644.0,64854.0,64569.0,64692.0,1205.54974,-8.8182e-06,-0.000570546,0.0007267835510154,-0.088182
2026-07-30 16:00:00+00:00,64692.0,64930.0,64690.0,64789.0,943.69709,-3.295e-06,-0.0005263601,0.0014982896045914,-0.03295
2026-07-30 17:00:00+00:00,64789.0,64951.0,64738.0,64836.0,572.43555,-2.329e-06,-0.0005186319,0.0007251687878056,-0.02329
2026-07-30 18:00:00+00:00,64837.0,64860.0,64642.0,64669.0,344.60821,1.4377e-06,-0.0004884987,-0.0025790524314405,0.014377
2026-07-30 19:00:00+00:00,64669.0,64879.0,64668.0,64769.0,771.74148,-4.275e-06,-0.0005342003,0.0015451416105861,-0.0427499999999999
2026-07-30 20:00:00+00:00,64768.0,64905.0,64724.0,64744.0,694.47068,7.9718e-06,-0.000436226,-0.0003860616356737,0.079718
2026-07-30 21:00:00+00:00,64744.0,64771.0,64669.0,64701.0,251.47061,9.6365e-06,-0.0004229081,-0.0006643748554468,0.096365
2026-07-30 22:00:00+00:00,64701.0,64992.0,64623.0,64828.0,1007.84825,2.2255e-06,-0.000482196,0.0019609514579192,0.022255
2026-07-30 23:00:00+00:00,64827.0,65066.0,64720.0,64754.0,700.93889,1.25e-05,-0.000383394,-0.0011421340625122,0.125
2026-07-31 00:00:00+00:00,64755.0,64870.0,64667.0,64702.0,401.21061,1.25e-05,-0.0003454749,-0.0008033618031869,0.125
2026-07-31 01:00:00+00:00,64703.0,65385.0,64469.0,64530.0,2029.95971,1.25e-05,-0.0003489987,-0.0026618809824254,0.125
2026-07-31 02:00:00+00:00,64531.0,64583.0,64157.0,64267.0,2118.61196,1.25e-05,-0.0003457754,-0.0040839517308721,0.125
2026-07-31 03:00:00+00:00,64268.0,64412.0,64150.0,64347.0,1594.62371,-2.0965e-06,-0.0005167717,0.0012440326918912,-0.020965
2026-07-31 04:00:00+00:00,64345.0,64413.0,64195.0,64284.0,521.16463,1.25e-05,-0.0003953668,-0.0009795462219438,0.125
2026-07-31 05:00:00+00:00,64285.0,64405.0,64237.0,64330.0,855.17838,1.21974e-05,-0.0004024206,0.0007153187360852,0.121974
2026-07-31 06:00:00+00:00,64331.0,64470.0,64168.0,64203.0,972.91181,1.25e-05,-0.0003525199,-0.0019761468467952,0.125
2026-07-31 07:00:00+00:00,64204.0,64204.0,63849.0,63918.0,1618.84667,7.4986e-06,-0.0004400108,-0.0044489267189981,0.074986
2026-07-31 08:00:00+00:00,63919.0,63956.0,63800.0,63806.0,690.39775,-7.035e-07,-0.0005056282,-0.001753782041073,-0.007035
2026-07-31 09:00:00+00:00,63806.0,63819.0,63601.0,63696.0,935.12855,7.6723e-06,-0.0004386215,-0.001725463558081,0.076723
2026-07-31 10:00:00+00:00,63697.0,63928.0,63582.0,63894.0,636.28181,9.3144e-06,-0.000425485,0.0031036940033403,0.093144
2026-07-31 11:00:00+00:00,63893.0,63983.0,63755.0,63771.0,1040.09919,1.25e-05,-0.0003630232,-0.0019269187022035,0.125
2026-07-31 12:00:00+00:00,63771.0,63793.0,63593.0,63728.0,826.8357,-1.17e-08,-0.0005000936,-0.0006745151198097,-0.000117
2026-07-31 13:00:00+00:00,63729.0,63807.0,63205.0,63258.0,3316.35463,-2.894e-07,-0.0005023152,-0.0074024246164207,-0.002894
2026-07-31 14:00:00+00:00,63258.0,63295.0,62440.0,62669.0,5667.62746,1.25e-05,-0.000390074,-0.0093546943116446,0.125
2026-07-31 15:00:00+00:00,62669.0,62752.0,62470.0,62705.0,1532.7342,1.25e-05,-0.0003653892,0.0005742817647901,0.125
2026-07-31 16:00:00+00:00,62705.0,62920.0,62693.0,62847.0,2411.83108,1.25e-05,-0.0003124394,0.0022620119241045,0.125
2026-07-31 17:00:00+00:00,62847.0,63279.0,62779.0,63209.0,2301.19258,1.25e-05,-0.0002756797,0.0057434948773467,0.125
2026-07-31 18:00:00+00:00,63210.0,63267.0,62934.0,63071.0,1206.46357,1.19762e-05,-0.00040419,-0.0021856201288367,0.119762
2026-07-31 19:00:00+00:00,63072.0,63132.0,62902.0,62935.0,287.33742,2.0544e-06,-0.0004835644,-0.0021586282051593,0.020544
2026-07-31 20:00:00+00:00,62938.0,63007.0,62894.0,62921.0,274.60644,5.5176e-06,-0.0004558593,-0.0002224764819754,0.055176
2026-07-31 21:00:00+00:00,62922.0,63025.0,62813.0,62920.0,681.86939,7.6724e-06,-0.000438621,-1.589307141579988e-05,0.076724
2026-07-31 22:00:00+00:00,62921.0,63003.0,62835.0,62900.0,531.87994,2.0641e-06,-0.0004834874,-0.0003179144836822,0.020641
2026-07-31 23:00:00+00:00,62900.0,62988.0,62821.0,62856.0,342.63743,4.5245e-06,-0.000463804,-0.0006997678328743,0.0452449999999999
2026-08-01 00:00:00+00:00,62857.0,62993.0,62856.0,62906.0,281.6698,2.5518e-06,-0.0004795855,0.0007951527907388,0.025518
2026-08-01 01:00:00+00:00,62906.0,62960.0,62899.0,62940.0,132.64688,1.5613e-06,-0.0004875093,0.0005403429720014,0.015613
2026-08-01 02:00:00+00:00,62940.0,63078.0,62939.0,63042.0,273.19104,2.4812e-06,-0.0004801508,0.0016192792984322,0.024812
2026-08-01 03:00:00+00:00,63043.0,63047.0,62950.0,62975.0,366.34507,7.0406e-06,-0.0004436748,-0.0010633486960193,0.070406
2026-08-01 04:00:00+00:00,62976.0,63080.0,62971.0,63073.0,97.44346,1.25e-05,-0.000388054,0.0015549635019402,0.125
2026-08-01 05:00:00+00:00,63073.0,63115.0,62967.0,63008.0,143.73327,1.20965e-05,-0.000403228,-0.001031083283899,0.120965
2026-08-01 06:00:00+00:00,63008.0,63040.0,62965.0,63040.0,218.78274,6.837e-06,-0.0004453039,0.0005077430929086,0.06837
2026-08-01 07:00:00+00:00,63040.0,63073.0,63000.0,63018.0,213.57813,3.2512e-06,-0.0004739908,-0.0003490456809304,0.032512
2026-08-01 08:00:00+00:00,63018.0,63114.0,63017.0,63103.0,112.73468,-5.2536e-06,-0.0005420289,0.0013479121299303,-0.052536
2026-08-01 09:00:00+00:00,63103.0,63114.0,63015.0,63024.0,115.17166,5.9811e-06,-0.0004521515,-0.0012527057700736,0.059811
2026-08-01 10:00:00+00:00,63024.0,63083.0,62951.0,63021.0,187.32019,9.8902e-06,-0.0004208783,-4.760204689697501e-05,0.098902
2026-08-01 11:00:00+00:00,63022.0,63059.0,63010.0,63046.0,77.45119,6.3406e-06,-0.0004492752,0.0003966145038387,0.063406
2026-08-01 12:00:00+00:00,63046.0,63093.0,63045.0,63070.0,112.5681,6.6699e-06,-0.0004466405,0.0003806019900681,0.066699
2026-08-01 13:00:00+00:00,63069.0,63082.0,63025.0,63041.0,117.00408,3.673e-06,-0.0004706159,-0.0004599123075889,0.03673
2026-08-01 14:00:00+00:00,63042.0,63098.0,63041.0,63098.0,269.41907,3.374e-06,-0.0004730079,0.0009037649557988,0.03374
2026-08-01 15:00:00+00:00,63097.0,63099.0,62982.0,62982.0,323.30985,6.1247e-06,-0.0004510023,-0.0018401020420542,0.061247
2026-08-01 16:00:00+00:00,62982.0,62995.0,62846.0,62885.0,486.69234,6.5252e-06,-0.0004477987,-0.0015413097825968,0.065252
2026-08-01 17:00:00+00:00,62885.0,62969.0,62630.0,62675.0,1316.45111,7.2383e-06,-0.0004420939,-0.0033450174547618,0.072383
2026-08-01 18:00:00+00:00,62675.0,62700.0,62237.0,62550.0,2567.42923,9.736e-07,-0.0004922111,-0.0019964071314369,0.009736
2026-08-01 19:00:00+00:00,62549.0,62598.0,62419.0,62503.0,745.05452,2.6939e-06,-0.0004784485,-0.0007516813225274,0.026939
2026-08-01 20:00:00+00:00,62503.0,62646.0,62456.0,62635.0,600.37305,1.0989e-06,-0.0004912087,0.0021096717057624,0.010989
2026-08-01 21:00:00+00:00,62634.0,62840.0,62634.0,62792.0,1180.20545,7.1726e-06,-0.0004426192,0.0025034495283573,0.071726
2026-08-01 22:00:00+00:00,62791.0,62852.0,62769.0,62804.0,440.91704,1.25e-05,-0.0003742201,0.0001910888887625,0.125
2026-08-01 23:00:00+00:00,62804.0,62830.0,62739.0,62790.0,271.50744,1.25e-05,-0.0003752381,-0.000222940587257,0.125
2026-08-02 00:00:00+00:00,62789.0,62946.0,62786.0,62811.0,816.11388,8.2395e-06,-0.0004340843,0.0003343922452159,0.082395
2026-08-02 01:00:00+00:00,62810.0,63064.0,62810.0,62971.0,432.14,1.02725e-05,-0.0004178196,0.0025440855813752,0.102725
2026-08-02 02:00:00+00:00,62970.0,63550.0,62939.0,63431.0,3582.43561,1.25e-05,-0.0003347842,0.0072783979796126,0.125
2026-08-02 03:00:00+00:00,63431.0,63534.0,63365.0,63436.0,376.18492,1.25e-05,-0.0002469019,7.882270413241577e-05,0.125
2026-08-02 04:00:00+00:00,63436.0,63600.0,63436.0,63567.0,526.79894,1.25e-05,-0.0002596109,0.0020629441266501,0.125
2026-08-02 05:00:00+00:00,63566.0,63617.0,63398.0,63432.0,583.54995,1.25e-05,-0.0002660212,-0.0021260017929068,0.125
2026-08-02 06:00:00+00:00,63431.0,63480.0,63408.0,63472.0,276.32124,1.25e-05,-0.000293016,0.0006303978018765,0.125
2026-08-02 07:00:00+00:00,63471.0,63524.0,63457.0,63467.0,147.61498,1.25e-05,-0.0003180178,-7.877799577094615e-05,0.125
2026-08-02 08:00:00+00:00,63466.0,63517.0,63142.0,63165.0,956.18236,1.25e-05,-0.0003355016,-0.0047697354942025,0.125
2026-08-02 09:00:00+00:00,63164.0,63299.0,63070.0,63256.0,475.71394,1.25e-05,-0.0003236155,0.001439634486625,0.125
2026-08-02 10:00:00+00:00,63255.0,63256.0,63098.0,63173.0,296.27112,1.25e-05,-0.0003211031,-0.0013129900880959,0.125
2026-08-02 11:00:00+00:00,63173.0,63182.0,62960.0,63011.0,499.39967,1.25e-05,-0.0003448869,-0.0025676803557543,0.125
2026-08-02 12:00:00+00:00,63010.0,63214.0,63010.0,63097.0,653.26636,1.25e-05,-0.0003892287,0.0013639105105433,0.125
2026-08-02 13:00:00+00:00,63097.0,63122.0,62989.0,63099.0,321.64384,1.25e-05,-0.0002474242,3.169672573086891e-05,0.125
2026-08-02 14:00:00+00:00,63099.0,63160.0,63037.0,63047.0,422.55671,1.25e-05,-0.0003197189,-0.0008244415668413,0.125
2026-08-02 15:00:00+00:00,63048.0,63168.0,63029.0,63102.0,513.90615,1.25e-05,-0.0002725903,0.0008719847717377,0.125
2026-08-02 16:00:00+00:00,63102.0,63257.0,63044.0,63174.0,555.43302,1.25e-05,-0.0002302431,0.001140359336731,0.125
2026-08-02 17:00:00+00:00,63172.0,63340.0,63129.0,63297.0,447.22237,1.25e-05,-0.0002561325,0.0019451105594232,0.125
2026-08-02 18:00:00+00:00,63296.0,63611.0,63271.0,63362.0,842.4428,1.25e-05,-0.0002233314,0.0010263780024505,0.125
2026-08-02 19:00:00+00:00,63361.0,63461.0,63309.0,63443.0,470.50678,1.25e-05,-0.0002676679,0.0012775523207594,0.125
2026-08-02 20:00:00+00:00,63442.0,63492.0,63382.0,63484.0,246.42922,1.25e-05,-0.0003042689,0.0006460406600014,0.125
2026-08-02 21:00:00+00:00,63483.0,63777.0,63464.0,63560.0,1231.88874,1.25e-05,-0.0002227275,0.0011964360232031,0.125
2026-08-02 22:00:00+00:00,63560.0,63784.0,63342.0,63400.0,2031.85176,1.25e-05,-0.0001400222,-0.0025204802253349,0.125
2026-08-02 23:00:00+00:00,63401.0,63580.0,63320.0,63556.0,1198.89466,1.25e-05,-0.0003411523,0.0024575455829402,0.125
2026-08-03 00:00:00+00:00,63557.0,63590.0,63202.0,63296.0,837.05133,1.25e-05,-0.000225175,-0.0040992710258736,0.125
2026-08-03 01:00:00+00:00,63297.0,63337.0,63100.0,63196.0,314.74569,1.25e-05,-0.0002527618,-0.0015811279896443,0.125
2026-08-03 02:00:00+00:00,63197.0,63267.0,63081.0,63128.0,368.61501,1.25e-05,-0.0002674166,-0.0010765967918686,0.125
2026-08-03 03:00:00+00:00,63129.0,63152.0,62764.0,62846.0,779.93815,1.25e-05,-0.0002420231,-0.0044771218036801,0.125
2026-08-03 04:00:00+00:00,62847.0,62983.0,62760.0,62768.0,490.0741,1.25e-05,-0.0003109508,-0.0012418999478569,0.125
2026-08-03 05:00:00+00:00,62768.0,62862.0,62720.0,62808.0,1009.41613,1.25e-05,-0.0002731803,0.0006370644287577,0.125
2026-08-03 06:00:00+00:00,62809.0,62852.0,62583.0,62594.0,569.12894,1.25e-05,-0.0003103772,-0.0034130270288522,0.125
2026-08-03 07:00:00+00:00,62595.0,62681.0,62535.0,62597.0,617.52629,1.25e-05,-0.0003306935,4.79267679077258e-05,0.125
2026-08-03 08:00:00+00:00,62596.0,62618.0,62270.0,62518.0,1252.65633,1.25e-05,-0.0003781185,-0.0012628383566933,0.125
2026-08-03 09:00:00+00:00,62518.0,62835.0,62499.0,62812.0,1176.29094,1.05833e-05,-0.000415334,0.0046916227443907,0.105833
2026-08-03 10:00:00+00:00,62813.0,62835.0,62599.0,62720.0,425.94576,1.25e-05,-0.0003249343,-0.0014657619805549,0.125
2026-08-03 11:00:00+00:00,62720.0,62759.0,62511.0,62534.0,746.60055,1.25e-05,-0.0003777795,-0.0029699672141553,0.125
2026-08-03 12:00:00+00:00,62534.0,62781.0,62423.0,62677.0,886.21035,1.25e-05,-0.0003377069,0.0022841453574056,0.125
2026-08-03 13:00:00+00:00,62677.0,63377.0,62545.0,63340.0,2762.4072,1.25e-05,-0.0003707562,0.010522486925091,0.125
2026-08-03 14:00:00+00:00,63341.0,63946.0,63120.0,63940.0,5273.04484,1.25e-05,-0.0003123045,0.0094281025212016,0.125
2026-08-03 15:00:00+00:00,63940.0,63955.0,63609.0,63661.0,2769.72563,1.25e-05,-0.0003652593,-0.0043730134499783,0.125
2026-08-03 16:00:00+00:00,63661.0,63916.0,63630.0,63745.0,1120.9341,3.281e-06,-0.0004737522,0.0013186194083684,0.03281
2026-08-03 17:00:00+00:00,63744.0,64017.0,63686.0,63874.0,920.85502,3.5547e-06,-0.0004715622,0.0020216432339336,0.035547
2026-08-03 18:00:00+00:00,63875.0,63963.0,63728.0,63839.0,864.6098,3.7841e-06,-0.0004697271,-0.0005481039655511,0.037841
2026-08-03 19:00:00+00:00,63839.0,64050.0,63814.0,63832.0,1281.89843,2.2049e-06,-0.0004823611,-0.0001096568524882,0.022049
2026-08-03 20:00:00+00:00,63832.0,64006.0,63736.0,63761.0,962.81851,2.1602e-06,-0.0004827185,-0.0011129138327063,0.021602
2026-08-03 21:00:00+00:00,63761.0,63761.0,63521.0,63560.0,724.59295,2.4801e-06,-0.0004801591,-0.0031573765047582,0.024801
2026-08-03 22:00:00+00:00,63560.0,63651.0,63367.0,63579.0,877.23847,6.7946e-06,-0.0004456431,0.0002988854740314,0.067946
2026-08-03 23:00:00+00:00,63580.0,63593.0,63429.0,63492.0,403.05421,5.7202e-06,-0.0004542385,-0.0013693134325517,0.0572019999999999
2026-08-04 00:00:00+00:00,63492.0,63562.0,63287.0,63339.0,483.73838,9.4241e-06,-0.0004246073,-0.0024126605359393,0.094241
2026-08-04 01:00:00+00:00,63338.0,63905.0,63333.0,63823.0,2236.69529,5.1724e-06,-0.0004586207,0.0076123737790095,0.051724
2026-08-04 02:00:00+00:00,63823.0,63948.0,63657.0,63799.0,962.50758,1.25e-05,-0.0003510585,-0.0003761107063502,0.125
2026-08-04 03:00:00+00:00,63806.0,63835.0,63629.0,63777.0,376.12125,1.25e-05,-0.0003642838,-0.0003448924596801,0.125
2026-08-04 04:00:00+00:00,63776.0,64220.0,63719.0,64007.0,3185.27298,1.25e-05,-0.0003421315,0.0035998285916278,0.125
2026-08-04 05:00:00+00:00,64006.0,64025.0,63749.0,63777.0,815.067,1.25e-05,-0.0003509302,-0.0035998285916279,0.125
2026-08-04 06:00:00+00:00,63778.0,63828.0,63632.0,63647.0,804.53868,4.559e-07,-0.000496353,-0.0020404326516688,0.004559
2026-08-04 07:00:00+00:00,63647.0,63738.0,63486.0,63659.0,855.22337,-1.2592e-06,-0.0005100737,0.0001885221440551,-0.0125919999999999
2026-08-04 08:00:00+00:00,63660.0,63712.0,63531.0,63557.0,488.36423,8.7776e-06,-0.0004297794,-0.0016035722213757,0.087776
2026-08-04 09:00:00+00:00,63558.0,63575.0,63492.0,63569.0,761.17047,-2.0694e-06,-0.0005165552,0.0001887890759662,-0.020694
2026-08-04 10:00:00+00:00,63569.0,63820.0,63423.0,63739.0,1226.8679,-7.7132e-06,-0.000561706,0.0026706899966215,-0.0771319999999999
2026-08-04 11:00:00+00:00,63739.0,63930.0,63685.0,63899.0,584.77911,3.9385e-06,-0.0004684918,0.002507091678133,0.0393849999999999
2026-08-04 12:00:00+00:00,63900.0,64044.0,63761.0,63879.0,838.58458,1.22203e-05,-0.0004022378,-0.0003130429363948,0.122203
2026-08-04 13:00:00+00:00,63878.0,64076.0,63621.0,63655.0,1512.95764,7.61e-06,-0.0004391201,-0.0035127923587625,0.0761
2026-08-04 14:00:00+00:00,63655.0,64160.0,63587.0,64097.0,2102.64072,6.6402e-06,-0.0004468784,0.0069196844456988,0.066402
2026-08-04 15:00:00+00:00,64096.0,64195.0,63781.0,64091.0,1135.27375,6.6378e-06,-0.0004468972,-9.3612506699201e-05,0.066378
2026-08-04 16:00:00+00:00,64090.0,64097.0,63866.0,63923.0,604.72337,5.5411e-06,-0.0004556712,-0.0026247144288554,0.055411
2026-08-04 17:00:00+00:00,63924.0,64153.0,63853.0,63943.0,668.69986,1.945e-06,-0.0004844402,0.000312827493831,0.01945
2026-08-04 18:00:00+00:00,63944.0,64370.0,63943.0,64268.0,1815.5216,2.923e-06,-0.0004766164,0.0050697786635046,0.02923
2026-08-04 19:00:00+00:00,64268.0,64385.0,64170.0,64202.0,1073.54903,-9.478e-07,-0.0005075825,-0.0010274773224317,-0.009478
2026-08-04 20:00:00+00:00,64202.0,64400.0,63974.0,64318.0,1308.76551,2.897e-06,-0.0004768238,0.0018051670012461,0.02897
2026-08-04 21:00:00+00:00,64318.0,64321.0,64148.0,64163.0,563.98109,5.014e-06,-0.0004598878,-0.0024128092900317,0.05014
2026-08-04 22:00:00+00:00,64163.0,64269.0,64107.0,64242.0,578.52659,2.6213e-06,-0.0004790293,0.0012304818343168,0.0262129999999999
2026-08-04 23:00:00+00:00,64243.0,64500.0,64047.0,64068.0,2632.52579,7.2214e-06,-0.0004422286,-0.0027121830981385,0.072214
2026-08-05 00:00:00+00:00,64068.0,64164.0,63953.0,63962.0,1472.9177,-4.7586e-06,-0.0005380688,-0.0016558622857133,-0.0475859999999999
2026-08-05 01:00:00+00:00,63962.0,64321.0,63921.0,64304.0,1996.91273,-6.3896e-06,-0.0005511166,0.005332680686509,-0.063896
2026-08-05 02:00:00+00:00,64304.0,64469.0,64299.0,64339.0,1256.71394,1.04449e-05,-0.0004164411,0.0005441415524139,0.104449
2026-08-05 03:00:00+00:00,64338.0,64424.0,64030.0,64157.0,564.25002,5.7148e-06,-0.0004542813,-0.0028327748989326,0.057148
2026-08-05 04:00:00+00:00,64157.0,64193.0,64070.0,64148.0,330.23198,5.3112e-06,-0.0004575101,-0.0001402907137642,0.053112
2026-08-05 05:00:00+00:00,64148.0,64490.0,64144.0,64315.0,637.82127,7.4786e-06,-0.0004401709,0.0025999718841162,0.074786
2026-08-05 06:00:00+00:00,64315.0,64344.0,64206.0,64222.0,458.17685,8.8746e-06,-0.0004290035,-0.0014470544081197,0.0887459999999999
2026-08-05 07:00:00+00:00,64222.0,64246.0,63971.0,64138.0,1180.31575,3.8049e-06,-0.0004695608,-0.0013088191335471,0.038049
2026-08-05 08:00:00+00:00,64139.0,64250.0,64062.0,64092.0,885.35762,5.0181e-06,-0.0004598554,-0.0007174608433784,0.050181
2026-08-05 09:00:00+00:00,64093.0,64183.0,64085.0,64127.0,242.45636,1.03047e-05,-0.0004175622,0.0005459409427513,0.103047
2026-08-05 10:00:00+00:00,64127.0,64212.0,63990.0,64032.0,694.50998,1.25e-05,-0.0003704364,-0.001482533687062,0.125
2026-08-05 11:00:00+00:00,64033.0,64115.0,64014.0,64041.0,767.4381,2.342e-07,-0.0004981262,0.0001405448457491,0.002342
2026-08-05 12:00:00+00:00,64042.0,64540.0,64024.0,64291.0,1912.48705,9.258e-07,-0.000492594,0.0038961493041406,0.009258
2026-08-05 13:00:00+00:00,64292.0,64382.0,63850.0,64381.0,2905.32206,-6.8206e-06,-0.0005545649,0.0013989059729705,-0.068206
2026-08-05 14:00:00+00:00,64381.0,64532.0,64268.0,64440.0,2112.87054,3.0143e-06,-0.000475886,0.0009159997845904,0.030143
2026-08-05 15:00:00+00:00,64441.0,64700.0,64351.0,64351.0,2256.71052,-4.6503e-06,-0.000537202,-0.0013820843718427,-0.046503
2026-08-05 16:00:00+00:00,64352.0,64723.0,64351.0,64628.0,1706.90708,-5.2202e-06,-0.0005417612,0.0042952794776532,-0.052202
2026-08-05 17:00:00+00:00,64628.0,64755.0,64505.0,64730.0,1074.6566,1.2631e-06,-0.0004898949,0.0015770191428348,0.012631
2026-08-05 18:00:00+00:00,64729.0,64825.0,64650.0,64766.0,1196.73684,-1.6918e-06,-0.0005135345,0.0005560017441065,-0.016918
2026-08-05 19:00:00+00:00,64767.0,64901.0,64751.0,64796.0,1684.3143,6.5742e-06,-0.0004474063,0.000463098756366,0.065742
2026-08-05 20:00:00+00:00,64797.0,64986.0,64780.0,64794.0,1570.6535,3.9349e-06,-0.0004685208,-3.086657921381611e-05,0.039349
2026-08-05 21:00:00+00:00,64795.0,64799.0,64621.0,64699.0,920.04898,1.7145e-06,-0.0004862838,-0.0014672610418082,0.017145
2026-08-05 22:00:00+00:00,64699.0,64746.0,64589.0,64596.0,487.40132,-1.219e-07,-0.0005009755,-0.0015932560700488,-0.001219
2026-08-05 23:00:00+00:00,64596.0,64717.0,64546.0,64625.0,549.17899,-1.3185e-06,-0.0005105483,0.0004488434617726,-0.0131849999999999
2026-08-06 00:00:00+00:00,64625.0,64690.0,64547.0,64618.0,476.70583,-6.356e-07,-0.0005050847,-0.0001083230814333,-0.006356
2026-08-06 01:00:00+00:00,64618.0,64629.0,64478.0,64565.0,566.33478,1.03837e-05,-0.0004169305,-0.0008205414485449,0.103837
2026-08-06 02:00:00+00:00,64563.0,64627.0,64425.0,64552.0,568.25242,1.25e-05,-0.0003852796,-0.0002013677524095,0.125
2026-08-06 03:00:00+00:00,64552.0,64559.0,64465.0,64511.0,242.28839,9.9985e-06,-0.0004200118,-0.0006353486495618,0.0999849999999999
2026-08-06 04:00:00+00:00,64511.0,64719.0,64473.0,64703.0,427.57263,1.15095e-05,-0.0004079237,0.0029718163868785,0.115095
2026-08-06 05:00:00+00:00,64702.0,64966.0,64701.0,64865.0,832.38549,1.25e-05,-0.0003967967,0.0025006187394536,0.125
2026-08-06 06:00:00+00:00,64865.0,64867.0,64710.0,64824.0,352.95895,4.5674e-06,-0.000463461,-0.0006322818645515,0.045674
2026-08-06 07:00:00+00:00,64824.0,64938.0,64726.0,64784.0,941.74879,5.0413e-06,-0.0004596698,-0.0006172458686188,0.050413
2026-08-06 08:00:00+00:00,64784.0,64967.0,64713.0,64913.0,385.07039,-3.5615e-06,-0.0005284919,0.0019892525276466,-0.035615
2026-08-06 09:00:00+00:00,64912.0,64913.0,64600.0,64654.0,596.54013,-1.04905e-05,-0.0005839237,-0.003997936897159,-0.104905
2026-08-06 10:00:00+00:00,64653.0,64653.0,64555.0,64589.0,345.60234,-5.8254e-06,-0.0005466031,-0.0010058572685609,-0.058254
2026-08-06 11:00:00+00:00,64589.0,64634.0,64466.0,64598.0,778.10299,-8.9056e-06,-0.0005712445,0.000139332905239,-0.089056
2026-08-06 12:00:00+00:00,64597.0,64610.0,64365.0,64393.0,785.89648,1.6639e-06,-0.0004866886,-0.0031785190066376,0.016639
2026-08-06 13:00:00+00:00,64394.0,64496.0,64156.0,64405.0,2529.02559,6.2042e-06,-0.0004503663,0.0001863382977177,0.062042
2026-08-06 14:00:00+00:00,64405.0,64817.0,64333.0,64745.0,1093.47742,1.21793e-05,-0.0004025655,0.0052652076727521,0.121793
2026-08-06 15:00:00+00:00,64746.0,64945.0,64597.0,64598.0,1616.47387,2.8139e-06,-0.0004774891,-0.0022730269638322,0.0281389999999999
2026-08-06 16:00:00+00:00,64599.0,64747.0,64557.0,64724.0,639.82491,7.47e-07,-0.000494024,0.0019486249805904,0.00747
2026-08-06 17:00:00+00:00,64725.0,64801.0,64512.0,64585.0,477.45627,7.0769e-06,-0.0004433849,-0.0021498898535827,0.070769
2026-08-06 18:00:00+00:00,64586.0,64586.0,64341.0,64390.0,1195.46861,1.1275e-06,-0.0004909798,-0.0030238441338866,0.011275
2026-08-06 19:00:00+00:00,64391.0,64443.0,64318.0,64416.0,626.43126,3.3755e-06,-0.0004729962,0.0004037079072887,0.033755
2026-08-06 20:00:00+00:00,64423.0,64505.0,64391.0,64406.0,769.50512,4.2382e-06,-0.000466094,-0.0001552529850505,0.042382
2026-08-06 21:00:00+00:00,64407.0,64485.0,64375.0,64414.0,413.15609,8.1899e-06,-0.0004344807,0.0001242043162597,0.081899
2026-08-06 22:00:00+00:00,64414.0,64421.0,64285.0,64320.0,336.67296,4.0959e-06,-0.0004672332,-0.0014603759178792,0.040959
2026-08-06 23:00:00+00:00,64320.0,64333.0,64171.0,64293.0,758.6074,5.7432e-06,-0.0004540543,-0.0004198642500625,0.057432
2026-08-07 00:00:00+00:00,64294.0,64388.0,64205.0,64288.0,321.11342,6.722e-06,-0.0004462238,-7.777198812450239e-05,0.06722
2026-08-07 01:00:00+00:00,64289.0,64442.0,64267.0,64393.0,201.50367,6.6714e-06,-0.0004466291,0.0016319429178095,0.066714
2026-08-07 02:00:00+00:00,64394.0,64518.0,64227.0,64363.0,687.45966,6.3921e-06,-0.0004488636,-0.0004659977095107,0.063921
2026-08-07 03:00:00+00:00,64364.0,64378.0,64236.0,64259.0,422.41946,9.5502e-06,-0.0004235981,-0.0016171420544637,0.095502
2026-08-07 04:00:00+00:00,64260.0,64337.0,64137.0,64228.0,581.60104,8.2941e-06,-0.0004336473,-0.0004825390989207,0.082941
2026-08-07 05:00:00+00:00,64228.0,64364.0,64140.0,64306.0,380.56531,1.25e-05,-0.0003899166,0.0012136867999864,0.125
2026-08-07 06:00:00+00:00,64306.0,64444.0,64251.0,64270.0,427.8785,6.1596e-06,-0.0004507235,-0.0005599801042298,0.061596
2026-08-07 07:00:00+00:00,64270.0,64389.0,64231.0,64288.0,382.62776,4.4936e-06,-0.000464051,0.0002800292493291,0.044936
2026-08-07 08:00:00+00:00,64288.0,64635.0,64270.0,64570.0,966.50197,5.3571e-06,-0.0004571433,0.0043769180058517,0.053571
2026-08-07 09:00:00+00:00,64571.0,64925.0,64570.0,64795.0,996.9927,4.812e-06,-0.0004615041,0.0034785332490021,0.0481199999999999
2026-08-07 10:00:00+00:00,64795.0,64878.0,64764.0,64859.0,502.27699,-4.6295e-06,-0.000537036,0.0009872430499347,-0.046295
2026-08-07 11:00:00+00:00,64859.0,65183.0,64858.0,64994.0,2023.78548,-9.9657e-06,-0.0005797257,0.0020792750053995,-0.099657
2026-08-07 12:00:00+00:00,64995.0,65356.0,64936.0,65254.0,2654.41907,7.517e-07,-0.000493986,0.0039923890631502,0.007517
2026-08-07 13:00:00+00:00,65253.0,65297.0,64967.0,64985.0,1743.96213,-3.6871e-06,-0.000529497,-0.0041308729723108,-0.036871
2026-08-07 14:00:00+00:00,64985.0,65237.0,64746.0,64927.0,2084.79374,-7.3377e-06,-0.0005587018,-0.0008929121844567,-0.073377
2026-08-07 15:00:00+00:00,64929.0,65103.0,64858.0,64876.0,544.88466,2.1433e-06,-0.0004828537,-0.0007858062236517,0.0214329999999999
2026-08-07 16:00:00+00:00,64877.0,65044.0,64775.0,64776.0,490.99732,4.6864e-06,-0.0004625088,-0.0015425912416298,0.0468639999999999
2026-08-07 17:00:00+00:00,64776.0,64797.0,64484.0,64736.0,1581.26672,2.7028e-06,-0.0004783778,-0.0006177033984783,0.027028
2026-08-07 18:00:00+00:00,64736.0,64850.0,64644.0,64690.0,1098.69825,7.7279e-06,-0.0004381772,-0.0007108309294409,0.0772789999999999
2026-08-07 19:00:00+00:00,64690.0,64990.0,64690.0,64919.0,782.06391,1.8628e-06,-0.0004850973,0.003533708898231,0.018628
2026-08-07 20:00:00+00:00,64920.0,64999.0,64910.0,64940.0,270.11417,-6.363e-07,-0.0005050902,0.0003234277205747,-0.006363
2026-08-07 21:00:00+00:00,64941.0,65063.0,64884.0,64884.0,477.30321,-3.1677e-06,-0.0005253418,-0.0008627064868318,-0.031677
2026-08-07 22:00:00+00:00,64885.0,64913.0,64813.0,64852.0,299.41764,-2.8326e-06,-0.0005226605,-0.0004933095000453,-0.028326
2026-08-07 23:00:00+00:00,64851.0,64886.0,64839.0,64885.0,186.34967,-6.2416e-06,-0.0005499332,0.0005087215013712,-0.062416
2026-08-08 00:00:00+00:00,64886.0,64920.0,64778.0,64888.0,271.88408,-3.4878e-06,-0.000527902,4.6234578849854176e-05,-0.034878
2026-08-08 01:00:00+00:00,64887.0,64923.0,64870.0,64885.0,99.91812,-2.6263e-06,-0.0005210102,-4.623457884973475e-05,-0.026263
2026-08-08 02:00:00+00:00,64886.0,64921.0,64860.0,64887.0,199.9889,-6.448e-07,-0.0005051582,3.082329008049166e-05,-0.006448
2026-08-08 03:00:00+00:00,64886.0,65045.0,64886.0,64998.0,208.15115,-8.053e-07,-0.0005064421,0.001709204712211,-0.008053
2026-08-08 04:00:00+00:00,64997.0,65041.0,64939.0,64974.0,280.78952,3.4063e-06,-0.0004727496,-0.000369310317188,0.0340629999999999
2026-08-08 05:00:00+00:00,64973.0,64992.0,64946.0,64967.0,175.5186,7.973e-06,-0.0004362157,-0.0001077412057283,0.07973
2026-08-08 06:00:00+00:00,64967.0,64989.0,64928.0,64975.0,201.95495,4.4602e-06,-0.0004643184,0.0001231318589848,0.044602
2026-08-08 07:00:00+00:00,64976.0,64976.0,64914.0,64926.0,161.6845,7.5793e-06,-0.0004393653,-0.0007544207099873,0.075793
2026-08-08 08:00:00+00:00,64926.0,64983.0,64919.0,64961.0,109.42002,1.8676e-06,-0.0004850593,0.0005389300060379,0.0186759999999999
2026-08-08 09:00:00+00:00,64960.0,65025.0,64955.0,64959.0,153.28044,7.1859e-06,-0.0004425126,-3.078817734233423e-05,0.071859
2026-08-08 10:00:00+00:00,64959.0,64992.0,64959.0,64981.0,144.98524,5.5989e-06,-0.0004552085,0.0003386178268464,0.055989
2026-08-08 11:00:00+00:00,64982.0,64995.0,64927.0,64939.0,211.61852,7.3031e-06,-0.0004415755,-0.000646551746661,0.073031
2026-08-08 12:00:00+00:00,64940.0,65015.0,64883.0,64970.0,245.86138,1.9064e-06,-0.0004847487,0.0004772571659918,0.019064
2026-08-08 13:00:00+00:00,64971.0,64988.0,64969.0,64988.0,100.70549,2.249e-07,-0.0004982005,0.0002770125750643,0.002249
2026-08-08 14:00:00+00:00,64987.0,65168.0,64976.0,65103.0,790.58615,3.7403e-06,-0.0004700779,0.0017679936345419,0.037403
2026-08-08 15:00:00+00:00,65104.0,65132.0,65020.0,65051.0,426.27144,1.03643e-05,-0.0004170852,-0.0007990534715302,0.103643
2026-08-08 16:00:00+00:00,65051.0,65078.0,65006.0,65062.0,313.86515,1.16551e-05,-0.0004067591,0.0001690837967953,0.116551
2026-08-08 17:00:00+00:00,65062.0,65125.0,65049.0,65088.0,355.13148,1.25e-05,-0.0003778671,0.000399538998784,0.125
2026-08-08 18:00:00+00:00,65087.0,65097.0,65000.0,65014.0,272.85677,1.25e-05,-0.0003616407,-0.0011375691070092,0.125
2026-08-08 19:00:00+00:00,65013.0,65054.0,64977.0,65044.0,287.80768,7.9939e-06,-0.0004360488,0.0004613326443905,0.079939
2026-08-08 20:00:00+00:00,65044.0,65061.0,65017.0,65045.0,333.66029,5.799e-07,-0.0004953607,1.5374090046352372e-05,0.005799
2026-08-08 21:00:00+00:00,65045.0,65046.0,64981.0,64987.0,250.10484,7.632e-07,-0.0004938942,-0.0008920881605522,0.007632
2026-08-08 22:00:00+00:00,64987.0,65009.0,64912.0,64912.0,253.39132,1.0885e-06,-0.0004912921,-0.0011547434288785,0.010885
2026-08-08 23:00:00+00:00,64913.0,64946.0,64901.0,64933.0,283.1193,-4.6189e-06,-0.000536951,0.0003234625928314,-0.046189
2026-08-09 00:00:00+00:00,64933.0,64959.0,64928.0,64946.0,115.81003,5.8834e-06,-0.0004529326,0.0002001863279424,0.058834
2026-08-09 01:00:00+00:00,64946.0,64979.0,64817.0,64838.0,284.26873,4.6458e-06,-0.0004628332,-0.0016643041504218,0.046458
2026-08-09 02:00:00+00:00,64838.0,64838.0,64753.0,64795.0,242.13915,7.7206e-06,-0.0004382352,-0.0006634113470655,0.077206
2026-08-09 03:00:00+00:00,64795.0,64795.0,64700.0,64759.0,234.87454,6.1763e-06,-0.0004505899,-0.0005557528278028,0.061763
2026-08-09 04:00:00+00:00,64760.0,64800.0,64756.0,64757.0,144.00941,6.9998e-06,-0.0004440016,-3.088421508008055e-05,0.069998
2026-08-09 05:00:00+00:00,64757.0,64776.0,64748.0,64775.0,91.70434,7.5926e-06,-0.0004392589,0.0002779236036789,0.075926
2026-08-09 06:00:00+00:00,64776.0,64836.0,64775.0,64822.0,159.60292,8.1233e-06,-0.0004350133,0.0007253254637152,0.081233
2026-08-09 07:00:00+00:00,64821.0,64827.0,64794.0,64795.0,119.0132,6.3524e-06,-0.0004491807,-0.000416612024511,0.063524
2026-08-09 08:00:00+00:00,64795.0,64909.0,64758.0,64789.0,268.53905,3.771e-06,-0.0004698323,-9.26040252544868e-05,0.03771
2026-08-09 09:00:00+00:00,64790.0,64854.0,64781.0,64854.0,311.82179,4.5137e-06,-0.0004638902,0.0010027537999976,0.045137
2026-08-09 10:00:00+00:00,64854.0,64946.0,64853.0,64927.0,290.84236,1.25e-05,-0.0003988819,0.001124972186974,0.125
2026-08-09 11:00:00+00:00,64927.0,64969.0,64914.0,64914.0,224.41709,7.4875e-06,-0.0004401004,-0.0002002449156035,0.074875
2026-08-09 12:00:00+00:00,64914.0,64921.0,64884.0,64921.0,152.53655,1.21653e-05,-0.0004026777,0.0001078291678944,0.121653
2026-08-09 13:00:00+00:00,64921.0,65236.0,64920.0,65191.0,1011.49387,2.9844e-06,-0.0004761246,0.0041502764934484,0.029844
2026-08-09 14:00:00+00:00,65192.0,65266.0,65121.0,65231.0,645.66156,8.6098e-06,-0.0004311219,0.0006133934651235,0.086098
2026-08-09 15:00:00+00:00,65231.0,65238.0,65173.0,65200.0,440.98517,5.1382e-06,-0.000458894,-0.0004753471273504,0.051382
2026-08-09 16:00:00+00:00,65200.0,65241.0,65148.0,65197.0,517.09469,-1.7894e-06,-0.0005143154,-4.601332853557606e-05,-0.017894
2026-08-09 17:00:00+00:00,65197.0,65200.0,65161.0,65161.0,255.26664,5.7059e-06,-0.0004543532,-0.0005523251494375,0.057059
2026-08-09 18:00:00+00:00,65162.0,65192.0,65154.0,65162.0,205.64014,-2.0509e-06,-0.0005164076,1.5346485271579388e-05,-0.020509
2026-08-09 19:00:00+00:00,65162.0,65187.0,65141.0,65149.0,232.59296,-3.5059e-06,-0.0005280471,-0.0001995226810189,-0.035059
2026-08-09 20:00:00+00:00,65150.0,65159.0,65042.0,65106.0,550.31358,7.1602e-06,-0.0004427183,-0.0006602433927611,0.071602
2026-08-09 21:00:00+00:00,65105.0,65225.0,65091.0,65174.0,601.94576,1.2476e-06,-0.0004900192,0.0010439055292475,0.012476
2026-08-09 22:00:00+00:00,65174.0,65475.0,64940.0,65044.0,1846.65909,8.8951e-06,-0.0004288388,-0.0019966524318971,0.088951
2026-08-09 23:00:00+00:00,65044.0,65074.0,64805.0,64868.0,962.22271,8.2009e-06,-0.0004343928,-0.002709528106348,0.082009
2026-08-10 00:00:00+00:00,64868.0,65304.0,64779.0,64933.0,2300.90409,4.4336e-06,-0.0004645315,0.0010015331997948,0.044336
2026-08-10 01:00:00+00:00,64933.0,65365.0,64868.0,65166.0,886.33093,5.9101e-06,-0.0004527188,0.003581891469031,0.059101
2026-08-10 02:00:00+00:00,65166.0,65191.0,64885.0,65077.0,687.40125,8.5157e-06,-0.0004318747,-0.0013666763488691,0.085157
2026-08-10 03:00:00+00:00,65077.0,65134.0,64869.0,64952.0,624.14687,1.01357e-05,-0.0004189144,-0.0019226486169395,0.101357
2026-08-10 04:00:00+00:00,64952.0,65077.0,64899.0,64985.0,369.49753,9.1852e-06,-0.0004265184,0.0005079384734063,0.091852
2026-08-10 05:00:00+00:00,64985.0,65127.0,64958.0,65100.0,444.37206,1.25e-05,-0.0003672612,0.0017680751809717,0.125
2026-08-10 06:00:00+00:00,65101.0,65300.0,65099.0,65263.0,295.91429,1.25e-05,-0.0003795597,0.0025007108603532,0.125
2026-08-10 07:00:00+00:00,65264.0,65344.0,65176.0,65182.0,604.31351,5.4127e-06,-0.0004566981,-0.0012419028772383,0.054127
2026-08-10 08:00:00+00:00,65181.0,65295.0,65164.0,65220.0,243.23213,1.16814e-05,-0.000406549,0.0005828131635345,0.116814
2026-08-10 09:00:00+00:00,65220.0,65220.0,64934.0,64946.0,354.00561,9.5582e-06,-0.0004235347,-0.0042100149763078,0.095582
2026-08-10 10:00:00+00:00,64945.0,65050.0,64944.0,64988.0,364.66675,1.25e-05,-0.0003971449,0.0006464820826386,0.125
2026-08-10 11:00:00+00:00,64989.0,65113.0,64960.0,65107.0,381.64112,1.25e-05,-0.0003814069,0.0018294328481392,0.125
2026-08-10 12:00:00+00:00,65107.0,65220.0,64828.0,64852.0,1013.91119,1.25e-05,-0.0003160977,-0.0039243196278205,0.125
2026-08-10 13:00:00+00:00,64852.0,64953.0,64500.0,64542.0,2004.32951,1.25e-05,-0.0003478133,-0.0047915760098992,0.125
2026-08-10 14:00:00+00:00,64542.0,64863.0,64520.0,64604.0,1613.29423,1.25e-05,-0.0003498739,0.0009601536983432,0.125
2026-08-10 15:00:00+00:00,64604.0,64693.0,64170.0,64275.0,3776.12385,1.25e-05,-0.0003188891,-0.0051055752243135,0.125
2026-08-10 16:00:00+00:00,64276.0,64334.0,63797.0,63886.0,3316.7779,1.25e-05,-0.0003066372,-0.0060705081044635,0.125
2026-08-10 17:00:00+00:00,63886.0,64005.0,63807.0,63934.0,1812.11159,1.25e-05,-0.0003496055,0.000751056208048,0.125
2026-08-10 18:00:00+00:00,63934.0,64003.0,63783.0,63873.0,852.20244,1.25e-05,-0.0003021574,-0.0009545643764723,0.125
2026-08-10 19:00:00+00:00,63873.0,64101.0,63873.0,64030.0,1519.35561,1.25e-05,-0.0003093237,0.0024549866516455,0.125
2026-08-10 20:00:00+00:00,64030.0,64194.0,64004.0,64149.0,803.07783,1.25e-05,-0.000237287,0.001856778944897,0.125
2026-08-10 21:00:00+00:00,64149.0,64149.0,63956.0,63959.0,697.13451,1.25e-05,-0.0001673608,-0.0029662494038109,0.125
2026-08-10 22:00:00+00:00,63959.0,64046.0,63922.0,63999.0,404.26183,1.25e-05,-0.0002360482,0.0006252051658034,0.125
2026-08-10 23:00:00+00:00,63999.0,64005.0,63896.0,63952.0,400.03947,1.25e-05,-0.0002451976,-0.0007346562686325,0.125
2026-08-11 00:00:00+00:00,63951.0,64043.0,63874.0,64025.0,363.35188,1.25e-05,-0.000329891,0.0011408301166213,0.125
2026-08-11 01:00:00+00:00,64026.0,64065.0,63934.0,64039.0,578.09839,1.25e-05,-0.0003019904,0.0002186406805312,0.125
2026-08-11 02:00:00+00:00,64040.0,64074.0,64012.0,64025.0,211.39137,1.25e-05,-0.0002796391,-0.0002186406805311,0.125
2026-08-11 03:00:00+00:00,64026.0,64164.0,64025.0,64127.0,259.93848,1.25e-05,-0.0002774532,0.0015918600027959,0.125
2026-08-11 04:00:00+00:00,64126.0,64139.0,64011.0,64011.0,351.13086,1.25e-05,-0.0002337083,-0.0018105484975286,0.125
2026-08-11 05:00:00+00:00,64012.0,64034.0,63946.0,63979.0,469.21824,1.25e-05,-0.0002489821,-0.0005000390759711,0.125
2026-08-11 06:00:00+00:00,63980.0,64045.0,63850.0,63953.0,387.53034,1.25e-05,-0.0001867773,-0.0004064659406241,0.125
2026-08-11 07:00:00+00:00,63953.0,64088.0,63891.0,64044.0,468.4537,1.25e-05,-0.0002342374,0.0014219085655471,0.125
2026-08-11 08:00:00+00:00,64045.0,64125.0,64030.0,64117.0,492.8848,1.25e-05,-0.0002649419,0.001139192233124,0.125
2026-08-11 09:00:00+00:00,64118.0,64278.0,64109.0,64277.0,476.60868,1.25e-05,-0.0003255834,0.0024923295920798,0.125
2026-08-11 10:00:00+00:00,64278.0,64286.0,64172.0,64206.0,851.76039,1.25e-05,-0.0003516669,-0.0011052046920927,0.125
2026-08-11 11:00:00+00:00,64207.0,64373.0,64206.0,64359.0,535.31582,9.2609e-06,-0.0004259128,0.0023801201295592,0.092609
2026-08-11 12:00:00+00:00,64360.0,64460.0,64260.0,64298.0,975.17545,7.5508e-06,-0.0004395936,-0.000948257841717,0.0755079999999999
2026-08-11 13:00:00+00:00,64299.0,64344.0,64019.0,64168.0,1206.11885,1.172e-06,-0.0004906241,-0.0020238824961377,0.01172
2026-08-11 14:00:00+00:00,64168.0,64238.0,63677.0,63744.0,2079.36903,4.9417e-06,-0.0004604667,-0.0066295821024904,0.0494169999999999
2026-08-11 15:00:00+00:00,63744.0,63849.0,63410.0,63584.0,2837.87659,1.25e-05,-0.0003538543,-0.0025131955927267,0.125
2026-08-11 16:00:00+00:00,63585.0,63631.0,63427.0,63468.0,971.95608,1.12217e-05,-0.0004102267,-0.0018260244975631,0.112217
2026-08-11 17:00:00+00:00,63476.0,63614.0,63433.0,63577.0,833.60146,9.8951e-06,-0.0004208394,0.0017159278483221,0.098951
2026-08-11 18:00:00+00:00,63578.0,63599.0,63229.0,63344.0,1397.48006,1.25e-05,-0.000379946,-0.0036715793563904,0.125
2026-08-11 19:00:00+00:00,63344.0,63508.0,63195.0,63507.0,941.47645,6.8449e-06,-0.0004452407,0.0025699456797779,0.068449
2026-08-11 20:00:00+00:00,63508.0,63720.0,63507.0,63712.0,980.68293,2.8934e-06,-0.0004768529,0.0032227918382329,0.028934
2026-08-11 21:00:00+00:00,63712.0,63736.0,63586.0,63636.0,708.83971,3.7948e-06,-0.0004696412,-0.0011935799387924,0.037948
2026-08-11 22:00:00+00:00,63636.0,63742.0,63592.0,63637.0,480.24963,-4.04e-07,-0.0005032322,1.5714252041117254e-05,-0.00404
2026-08-11 23:00:00+00:00,63637.0,63637.0,63513.0,63560.0,454.65186,9.864e-07,-0.0004921088,-0.0012107205265191,0.009864
2026-08-12 00:00:00+00:00,63560.0,63722.0,63514.0,63718.0,662.72495,1.8184e-06,-0.0004854526,0.0024827555612173,0.018184
2026-08-12 01:00:00+00:00,63718.0,63832.0,63671.0,63791.0,586.6813,9.7266e-06,-0.0004221868,0.0011450173395703,0.0972659999999999
2026-08-12 02:00:00+00:00,63792.0,63879.0,63699.0,63715.0,489.45127,1.25e-05,-0.0003928196,-0.0011921009050606,0.125
2026-08-12 03:00:00+00:00,63715.0,63822.0,63672.0,63799.0,561.84306,3.0474e-06,-0.0004756205,0.0013175025824723,0.0304739999999999
2026-08-12 04:00:00+00:00,63799.0,63864.0,63708.0,63744.0,358.48129,3.8001e-06,-0.0004695991,-0.0008624542845817,0.038001
2026-08-12 05:00:00+00:00,63743.0,63843.0,63698.0,63821.0,626.82485,1.959e-06,-0.0004843283,0.0012072278344632,0.0195899999999999
2026-08-12 06:00:00+00:00,63817.0,63818.0,63574.0,63687.0,1087.67919,3.0027e-06,-0.0004759781,-0.0021018296786216,0.030027
2026-08-12 07:00:00+00:00,63686.0,63810.0,63617.0,63810.0,276.62444,8.8804e-06,-0.0004289569,0.001929457762281,0.088804
2026-08-12 08:00:00+00:00,63809.0,63837.0,63744.0,63764.0,335.53984,1.04171e-05,-0.0004166628,-0.0007211501088553,0.104171
2026-08-12 09:00:00+00:00,63763.0,64086.0,63740.0,64082.0,2027.12404,2.8919e-06,-0.000476865,0.0049747454879181,0.0289189999999999
2026-08-12 10:00:00+00:00,64083.0,64200.0,64037.0,64114.0,1236.98973,5.998e-06,-0.0004520164,0.0004992355559398,0.05998
2026-08-12 11:00:00+00:00,64114.0,64217.0,64086.0,64207.0,466.94622,1.25e-05,-0.0003744622,0.0014494902047665,0.125
2026-08-12 12:00:00+00:00,64207.0,64487.0,63939.0,64101.0,4783.08999,9.9114e-06,-0.0004207089,-0.0016522745910636,0.099114
2026-08-12 13:00:00+00:00,64101.0,64142.0,63811.0,63820.0,2196.37392,1.14935e-05,-0.0004080519,-0.0043933435788633,0.114935
2026-08-12 14:00:00+00:00,63819.0,63904.0,63334.0,63340.0,3817.21,1.25e-05,-0.0003104023,-0.0075495797396037,0.125
2026-08-12 15:00:00+00:00,63341.0,63565.0,63297.0,63424.0,1694.75448,1.25e-05,-0.0003026566,0.001325297597029,0.125
2026-08-12 16:00:00+00:00,63424.0,63571.0,63350.0,63472.0,799.33956,1.25e-05,-0.000242767,0.0007565250644514,0.125
2026-08-12 17:00:00+00:00,63472.0,63536.0,63400.0,63456.0,315.20212,1.25e-05,-0.0002540768,-0.0002521114345888,0.125
2026-08-12 18:00:00+00:00,63456.0,63501.0,63358.0,63367.0,397.22712,1.25e-05,-0.0002785925,-0.0014035311356786,0.125
2026-08-12 19:00:00+00:00,63367.0,63450.0,63286.0,63417.0,898.68807,1.25e-05,-0.000277288,0.0007887430999519,0.125
2026-08-12 20:00:00+00:00,63416.0,63586.0,63408.0,63586.0,880.54443,1.25e-05,-0.0002295143,0.0026613560270173,0.125
2026-08-12 21:00:00+00:00,63585.0,63636.0,63408.0,63457.0,1131.56889,1.25e-05,-0.0002301696,-0.0020308091643773,0.125
2026-08-12 22:00:00+00:00,63457.0,63528.0,63354.0,63413.0,602.06631,1.25e-05,-0.0002679169,-0.0006936234218346,0.125
2026-08-12 23:00:00+00:00,63413.0,63476.0,63353.0,63468.0,432.97219,1.25e-05,-0.0002043895,0.0008669541293791,0.125
2026-08-13 00:00:00+00:00,63467.0,63700.0,63449.0,63550.0,1539.52942,1.25e-05,-0.0002690938,0.0012911557636198,0.125
2026-08-13 01:00:00+00:00,63550.0,63617.0,63364.0,63434.0,905.12428,1.25e-05,-0.0002865026,-0.0018270023352033,0.125
2026-08-13 02:00:00+00:00,63434.0,63570.0,63365.0,63528.0,856.65684,1.25e-05,-0.0002244662,0.0014807582926501,0.125
2026-08-13 03:00:00+00:00,63528.0,63658.0,63490.0,63622.0,946.0935,1.25e-05,-0.0003048723,0.0014785688891067,0.125
2026-08-13 04:00:00+00:00,63621.0,63750.0,63565.0,63664.0,420.12174,1.25e-05,-0.0003665126,0.000659931202556,0.125
2026-08-13 05:00:00+00:00,63664.0,63978.0,63647.0,63850.0,855.81632,1.25e-05,-0.0003854749,0.0029173287939754,0.125
2026-08-13 06:00:00+00:00,63849.0,63911.0,63726.0,63911.0,587.8269,1.25e-05,-0.0003931674,0.0009549080648278,0.125
2026-08-13 07:00:00+00:00,63910.0,63917.0,63820.0,63831.0,384.12231,8.5818e-06,-0.0004313457,-0.0012525247836856,0.0858179999999999
2026-08-13 08:00:00+00:00,63831.0,63889.0,63711.0,63731.0,533.80771,3.846e-07,-0.0004969229,-0.0015678653593549,0.003846
2026-08-13 09:00:00+00:00,63732.0,63751.0,63560.0,63751.0,467.21344,8.789e-07,-0.0004929689,0.0003137697896815,0.008789
2026-08-13 10:00:00+00:00,63751.0,63789.0,63560.0,63625.0,342.18827,3.696e-06,-0.0004704318,-0.0019783953193301,0.03696
2026-08-13 11:00:00+00:00,63625.0,63636.0,63318.0,63462.0,1561.56823,9.7988e-06,-0.0004216099,-0.0025651732967159,0.097988
2026-08-13 12:00:00+00:00,63462.0,63691.0,63415.0,63674.0,1542.9834,8.1549e-06,-0.000434761,0.0033350144175418,0.081549
2026-08-13 13:00:00+00:00,63675.0,63828.0,63532.0,63695.0,2235.88067,1.25e-05,-0.000363881,0.0003297505702373,0.125
2026-08-13 14:00:00+00:00,63696.0,63953.0,63660.0,63836.0,1706.63103,1.18671e-05,-0.0004050636,0.0022112279751898,0.118671
2026-08-13 15:00:00+00:00,63837.0,63915.0,63381.0,63381.0,1266.17908,1.25e-05,-0.0003746814,-0.0071531625507326,0.125
2026-08-13 16:00:00+00:00,63397.0,63547.0,62816.0,63132.0,4948.07485,1.25e-05,-0.0003977803,-0.0039363594495368,0.125
2026-08-13 17:00:00+00:00,63132.0,63298.0,63060.0,63129.0,2418.04295,1.25e-05,-0.000383452,-4.7520612074379745e-05,0.125
2026-08-13 18:00:00+00:00,63129.0,63364.0,63096.0,63299.0,2128.35294,1.25e-05,-0.0002344611,0.0026892793124384,0.125
2026-08-13 19:00:00+00:00,63299.0,63520.0,63298.0,63395.0,998.65771,1.25e-05,-0.0001612759,0.0015154627428769,0.125
2026-08-13 20:00:00+00:00,63395.0,63459.0,63356.0,63399.0,398.49013,1.25e-05,-0.0001180078,6.30944682133424e-05,0.125
2026-08-13 21:00:00+00:00,63398.0,63501.0,63382.0,63475.0,642.76825,1.25e-05,-0.0001221081,0.0011980391426173,0.125
2026-08-13 22:00:00+00:00,63474.0,63650.0,63474.0,63527.0,645.95968,1.25e-05,-6.61242e-05,0.0008188847877325,0.125
2026-08-13 23:00:00+00:00,63528.0,63534.0,63395.0,63480.0,583.52388,1.25e-05,5.5162e-06,-0.0007401167202664,0.125
2026-08-14 00:00:00+00:00,63479.0,63561.0,63411.0,63544.0,342.01755,1.25e-05,-3.81012e-05,0.0010076836726226,0.125
2026-08-14 01:00:00+00:00,63543.0,63590.0,63461.0,63574.0,313.45234,1.25e-05,6.7265e-05,0.0004720024002418,0.125
2026-08-14 02:00:00+00:00,63574.0,63615.0,63469.0,63469.0,449.166,1.25e-05,5.2202e-05,-0.0016529840118403,0.125
2026-08-14 03:00:00+00:00,63470.0,63582.0,63305.0,63319.0,726.74318,1.25e-05,9.352e-07,-0.0023661556296124,0.125
2026-08-14 04:00:00+00:00,63319.0,63473.0,63282.0,63379.0,343.66162,1.25e-05,-1.88102e-05,0.0009471342007816,0.125
2026-08-14 05:00:00+00:00,63378.0,63405.0,63281.0,63387.0,326.97858,1.25e-05,7.60644e-05,0.0001262168090911,0.125
2026-08-14 06:00:00+00:00,63386.0,63387.0,62933.0,62970.0,962.91533,1.25e-05,4.26325e-05,-0.0066003705988413,0.125
2026-08-14 07:00:00+00:00,62969.0,63110.0,62909.0,62909.0,881.95342,1.25e-05,-3.36023e-05,-0.0009691847691016,0.125
2026-08-14 08:00:00+00:00,62909.0,62980.0,62680.0,62921.0,1669.22237,1.25e-05,-8.95445e-05,0.0001907335299433,0.125
2026-08-14 09:00:00+00:00,62922.0,62922.0,62729.0,62777.0,401.93225,1.25e-05,-0.0002044128,-0.0022912069085513,0.125
2026-08-14 10:00:00+00:00,62776.0,62936.0,62727.0,62806.0,679.80161,1.25e-05,-0.0002098257,0.0004618459586962,0.125
2026-08-14 11:00:00+00:00,62806.0,62931.0,62806.0,62851.0,402.78293,1.25e-05,-0.0002100322,0.0007162354970073,0.125
2026-08-14 12:00:00+00:00,62851.0,62895.0,62716.0,62729.0,598.69644,1.25e-05,-0.0001550966,-0.0019429851629417,0.125
2026-08-14 13:00:00+00:00,62728.0,62812.0,62581.0,62642.0,2666.8056,1.25e-05,-0.0002241581,-0.0013878809926546,0.125
2026-08-14 14:00:00+00:00,62641.0,62779.0,62523.0,62606.0,1397.49515,1.25e-05,-0.0002265311,-0.0005748594946249,0.125
2026-08-14 15:00:00+00:00,62605.0,63068.0,62605.0,62969.0,1839.29062,1.25e-05,-0.0002933569,0.0057814216380764,0.125
2026-08-14 16:00:00+00:00,62969.0,63209.0,62948.0,63115.0,1293.44475,1.25e-05,-0.0002614108,0.0023159174083243,0.125
2026-08-14 17:00:00+00:00,63115.0,63224.0,62976.0,62988.0,1364.09526,1.25e-05,-0.0003021071,-0.0020142271466619,0.125
2026-08-14 18:00:00+00:00,62988.0,63066.0,62873.0,62910.0,742.27636,1.25e-05,-0.0003026156,-0.0012390984762247,0.125
2026-08-14 19:00:00+00:00,62910.0,62983.0,62820.0,62952.0,735.30725,1.25e-05,-0.0002876181,0.0006673976507439,0.125
2026-08-14 20:00:00+00:00,62951.0,63013.0,62880.0,62891.0,625.60735,1.25e-05,-0.0002192068,-0.0009694620245481,0.125
2026-08-14 21:00:00+00:00,62891.0,62925.0,62867.0,62917.0,278.14388,1.25e-05,-0.0002298661,0.0004133282521007,0.125
2026-08-14 22:00:00+00:00,62917.0,62950.0,62778.0,62860.0,697.12044,1.25e-05,-0.0001648788,-0.0009063660908134,0.125
2026-08-14 23:00:00+00:00,62860.0,63058.0,62838.0,63029.0,501.21314,1.25e-05,-0.0002427538,0.0026849065688478,0.125
2026-08-15 00:00:00+00:00,63029.0,63043.0,62981.0,63004.0,279.80588,1.25e-05,-0.0002323192,-0.0003967214987803,0.125
2026-08-15 01:00:00+00:00,63005.0,63033.0,62979.0,63022.0,215.30113,1.25e-05,-0.0002054814,0.0002856553429038,0.125
2026-08-15 02:00:00+00:00,63023.0,63131.0,63022.0,63130.0,231.01178,1.25e-05,-0.0001344738,0.0017122205971414,0.125
2026-08-15 03:00:00+00:00,63131.0,63176.0,63035.0,63037.0,177.70304,1.25e-05,-0.0001347733,-0.0014742367947822,0.125
2026-08-15 04:00:00+00:00,63037.0,63139.0,63036.0,63108.0,150.92058,1.25e-05,-0.0002112362,0.0011256888104554,0.125
2026-08-15 05:00:00+00:00,63107.0,63144.0,63032.0,63069.0,179.67788,1.25e-05,-0.0002070413,-0.000618179244109,0.125
2026-08-15 06:00:00+00:00,63069.0,63108.0,63014.0,63089.0,149.22862,1.25e-05,-0.0001994129,0.0003170627335174,0.125
2026-08-15 07:00:00+00:00,63090.0,63109.0,63023.0,63050.0,136.64133,1.25e-05,-0.0002984971,-0.0006183654736872,0.125
2026-08-15 08:00:00+00:00,63051.0,63064.0,62904.0,62906.0,342.25635,1.25e-05,-0.0003015933,-0.0022865137466692,0.125
2026-08-15 09:00:00+00:00,62906.0,63024.0,62890.0,63010.0,298.28255,1.25e-05,-0.0003710272,0.0016518952897048,0.125
2026-08-15 10:00:00+00:00,63011.0,63031.0,62978.0,63030.0,97.38635,1.25e-05,-0.0003188616,0.0003173595710546,0.125
2026-08-15 11:00:00+00:00,63031.0,63033.0,62973.0,63000.0,61.76468,1.25e-05,-0.0003557593,-0.000476077133486,0.125
2026-08-15 12:00:00+00:00,63000.0,63029.0,62923.0,63029.0,145.14315,1.25e-05,-0.0003352414,0.0004602115467366,0.125
2026-08-15 13:00:00+00:00,63028.0,63066.0,63001.0,63020.0,321.78958,1.25e-05,-0.0003463106,-0.0001428016091407,0.125
2026-08-15 14:00:00+00:00,63021.0,63035.0,62967.0,63017.0,91.0433,1.25e-05,-0.0003877161,-4.760506836188627e-05,0.125
2026-08-15 15:00:00+00:00,63017.0,63112.0,63006.0,63074.0,314.26979,1.25e-05,-0.0003978035,0.000904108998782,0.125
2026-08-15 16:00:00+00:00,63075.0,63092.0,63042.0,63082.0,295.33015,1.25e-05,-0.0003519655,0.0001268271031217,0.125
2026-08-15 17:00:00+00:00,63083.0,63088.0,63037.0,63043.0,163.8176,1.25e-05,-0.000347313,-0.000618434112872,0.125
2026-08-15 18:00:00+00:00,63043.0,63077.0,63017.0,63026.0,106.42012,1.25e-05,-0.0003235395,-0.0002696935821342,0.125
2026-08-15 19:00:00+00:00,63026.0,63103.0,63025.0,63097.0,195.96794,9.9101e-06,-0.0004207196,0.0011258851676547,0.099101
2026-08-15 20:00:00+00:00,63097.0,63097.0,63047.0,63072.0,143.32509,1.25e-05,-0.0003805091,-0.0003962938650094,0.125
2026-08-15 21:00:00+00:00,63073.0,63144.0,63072.0,63135.0,288.12298,1.0294e-05,-0.0004176479,0.0009983599203338,0.10294
2026-08-15 22:00:00+00:00,63135.0,63143.0,63106.0,63106.0,238.24582,1.25e-05,-0.0003928025,-0.0004594387007409,0.125
2026-08-15 23:00:00+00:00,63107.0,63117.0,63056.0,63056.0,223.61167,1.25e-05,-0.0003975586,-0.0007926317372548,0.125
2026-08-16 00:00:00+00:00,63057.0,63069.0,63035.0,63061.0,125.79463,1.25e-05,-0.0003852935,7.92914516300941e-05,0.125
2026-08-16 01:00:00+00:00,63061.0,63061.0,62977.0,63053.0,179.10693,1.25e-05,-0.0003698534,-0.0001268693406082,0.125
2026-08-16 02:00:00+00:00,63053.0,63130.0,63000.0,63098.0,185.90768,1.25e-05,-0.000344432,0.0007134307601001,0.125
2026-08-16 03:00:00+00:00,63098.0,63102.0,63093.0,63101.0,34.13328,1.25e-05,-0.0003403897,4.754395836049325e-05,0.125
2026-08-16 04:00:00+00:00,63101.0,63128.0,63060.0,63061.0,116.59411,1.25e-05,-0.0003355305,-0.0006341053778522,0.125
2026-08-16 05:00:00+00:00,63061.0,63066.0,63010.0,63037.0,138.5963,1.25e-05,-0.0003673095,-0.000380656319526,0.125
2026-08-16 06:00:00+00:00,63036.0,63062.0,63030.0,63041.0,66.14774,6.7595e-06,-0.0004459243,6.345278321893238e-05,0.067595
2026-08-16 07:00:00+00:00,63041.0,63041.0,63036.0,63040.0,32.07959,1.25e-05,-0.000385135,-1.586281834723482e-05,0.125
2026-08-16 08:00:00+00:00,63040.0,63052.0,63039.0,63052.0,40.33463,1.25e-05,-0.0003189871,0.0001903372146721,0.125
2026-08-16 09:00:00+00:00,63052.0,63052.0,62950.0,62964.0,100.93001,1.25e-05,-0.0002883397,-0.0013966482717209,0.125
2026-08-16 10:00:00+00:00,62964.0,62983.0,62942.0,62980.0,124.75982,1.25e-05,-0.0003015948,0.0002540811803036,0.125
2026-08-16 11:00:00+00:00,62980.0,63000.0,62956.0,62992.0,316.9042,1.16891e-05,-0.0004064874,0.0001905185285031,0.116891
2026-08-16 12:00:00+00:00,62992.0,63000.0,62966.0,62988.0,202.63418,1.25e-05,-0.0003829431,-6.350214321871167e-05,0.125
2026-08-16 13:00:00+00:00,62987.0,63047.0,62987.0,63040.0,207.41938,1.09822e-05,-0.0004121425,0.0008252134914606,0.109822
2026-08-16 14:00:00+00:00,63040.0,63081.0,63035.0,63078.0,260.56345,1.25e-05,-0.0003555234,0.0006026102721251,0.125
2026-08-16 15:00:00+00:00,63078.0,63115.0,63077.0,63113.0,248.71839,1.25e-05,-0.0003795694,0.0005547146927671,0.125
2026-08-16 16:00:00+00:00,63114.0,63368.0,63106.0,63230.0,1393.70378,1.25e-05,-0.0003771758,0.001852101556006,0.125
2026-08-16 17:00:00+00:00,63230.0,63247.0,63095.0,63135.0,582.18354,8.2199e-06,-0.0004342412,-0.0015035811798782,0.082199
2026-08-16 18:00:00+00:00,63136.0,63145.0,63090.0,63121.0,156.96081,1.17447e-05,-0.0004060421,-0.0002217716394844,0.117447
2026-08-16 19:00:00+00:00,63121.0,63207.0,63062.0,63081.0,617.57505,1.25e-05,-0.0003942437,-0.000633904396752,0.125
2026-08-16 20:00:00+00:00,63082.0,63110.0,63001.0,63034.0,276.24117,1.25e-05,-0.0003617417,-0.0007453514994394,0.125
2026-08-16 21:00:00+00:00,63034.0,63059.0,62737.0,62900.0,990.71782,6.397e-06,-0.0004488239,-0.0021280996485729,0.06397
2026-08-16 22:00:00+00:00,62899.0,62932.0,62678.0,62894.0,1471.79359,1.03011e-05,-0.000417591,-9.539405702264396e-05,0.103011
2026-08-16 23:00:00+00:00,62894.0,62982.0,62798.0,62873.0,2084.4495,1.25e-05,-0.0003978699,-0.0003339508805197,0.125
2026-08-17 00:00:00+00:00,62874.0,62942.0,62730.0,62889.0,1862.43176,1.25e-05,-0.0003783553,0.0002544488810025,0.125
2026-08-17 01:00:00+00:00,62890.0,63222.0,62873.0,63077.0,3176.5237,1.25e-05,-0.0003955457,0.0029849346583585,0.125
2026-08-17 02:00:00+00:00,63078.0,63441.0,62996.0,63371.0,1979.87169,9.4327e-06,-0.0004245385,0.0046501412404029,0.094327
2026-08-17 03:00:00+00:00,63371.0,63489.0,63316.0,63402.0,800.92939,1.07921e-05,-0.0004136629,0.0004890631383321,0.1079209999999999
2026-08-17 04:00:00+00:00,63403.0,63559.0,63402.0,63508.0,828.24862,8.2737e-06,-0.0004338102,0.0016704755283163,0.082737
2026-08-17 05:00:00+00:00,63508.0,63553.0,63416.0,63488.0,379.41099,7.6361e-06,-0.0004389111,-0.0003149705528574,0.076361
2026-08-17 06:00:00+00:00,63489.0,63685.0,63446.0,63635.0,1268.00503,4.7265e-06,-0.0004621878,0.0023127217816027,0.047265
2026-08-17 07:00:00+00:00,63635.0,63635.0,63489.0,63492.0,305.69821,2.644e-07,-0.0004978845,-0.0022497197340154,0.002644
2026-08-17 08:00:00+00:00,63492.0,63514.0,63318.0,63350.0,643.00891,1.1236e-06,-0.0004910114,-0.0022390069428469,0.011236
2026-08-17 09:00:00+00:00,63351.0,63400.0,63252.0,63282.0,345.17673,3.7078e-06,-0.0004703374,-0.0010739782446158,0.037078
2026-08-17 10:00:00+00:00,63283.0,63663.0,63266.0,63659.0,854.53219,-9.839e-07,-0.0005078714,0.0059397847568888,-0.009839
2026-08-17 11:00:00+00:00,63658.0,63750.0,63554.0,63599.0,913.22394,7.425e-07,-0.0004940604,-0.0009429663273967,0.007425
2026-08-17 12:00:00+00:00,63598.0,63650.0,63495.0,63520.0,570.15615,2.7622e-06,-0.0004779021,-0.0012429300131439,0.027622
2026-08-17 13:00:00+00:00,63520.0,63756.0,63407.0,63637.0,1407.85646,-3.098e-06,-0.0005247841,0.001840245256154,-0.0309799999999999
2026-08-17 14:00:00+00:00,63638.0,63870.0,63550.0,63870.0,998.94461,5.794e-07,-0.0004953649,0.0036547053784633,0.005794
2026-08-17 15:00:00+00:00,63870.0,64196.0,63771.0,64164.0,4086.01664,-8.265e-07,-0.0005066123,0.004592538181097,-0.008265
2026-08-17 16:00:00+00:00,64164.0,64182.0,64025.0,64081.0,1257.99842,-3.4034e-06,-0.0005272273,-0.0012943976231219,-0.034034
2026-08-17 17:00:00+00:00,64080.0,64401.0,63938.0,64298.0,2714.76909,-7.7952e-06,-0.0005623617,0.0033806184292883,-0.077952
2026-08-17 18:00:00+00:00,64298.0,64580.0,64245.0,64391.0,2927.70199,-2.8391e-06,-0.0005227132,0.0014453452305935,-0.028391
2026-08-17 19:00:00+00:00,64392.0,64392.0,64240.0,64275.0,1063.18689,-5.1835e-06,-0.0005414681,-0.0018031186394015,-0.051835
2026-08-17 20:00:00+00:00,64274.0,64400.0,64226.0,64355.0,542.76395,-1.34577e-05,-0.0006076616,0.0012438779493879,-0.134577
2026-08-17 21:00:00+00:00,64356.0,64394.0,64244.0,64341.0,531.11551,-1.11512e-05,-0.0005892095,-0.0002175669804069,-0.1115119999999999
2026-08-17 22:00:00+00:00,64341.0,64382.0,64236.0,64249.0,305.21368,-1.38638e-05,-0.0006109107,-0.001430904669063,-0.1386379999999999
2026-08-17 23:00:00+00:00,64250.0,64543.0,64249.0,64494.0,751.26285,-1.23404e-05,-0.0005987233,0.0038060367671104,-0.123404
2026-08-18 00:00:00+00:00,64494.0,64523.0,64314.0,64343.0,1142.94254,-1.14363e-05,-0.0005914901,-0.002344048202611,-0.1143629999999999
2026-08-18 01:00:00+00:00,64344.0,64348.0,64107.0,64165.0,535.39535,-1.12613e-05,-0.0005900903,-0.002770257319946,-0.112613
2026-08-18 02:00:00+00:00,64166.0,64239.0,64003.0,64069.0,796.30104,-1.1504e-05,-0.0005920321,-0.001497263096127,-0.11504
2026-08-18 03:00:00+00:00,64069.0,64149.0,64000.0,64147.0,406.27946,-9.5643e-06,-0.0005765141,0.0012166969742042,-0.0956429999999999
2026-08-18 04:00:00+00:00,64147.0,64213.0,64050.0,64180.0,336.78933,-2.3276e-06,-0.0005186212,0.0005143111072091,-0.0232759999999999
2026-08-18 05:00:00+00:00,64181.0,64242.0,64103.0,64199.0,367.74682,-5.0045e-06,-0.0005400363,0.000295998568905,-0.050045
2026-08-18 06:00:00+00:00,64198.0,64418.0,64124.0,64287.0,688.07032,-3.588e-07,-0.0005028706,0.001369799258439,-0.003588
2026-08-18 07:00:00+00:00,64287.0,64326.0,64120.0,64166.0,802.52965,-2.1395e-06,-0.0005171162,-0.0018839581136875,-0.021395
2026-08-18 08:00:00+00:00,64167.0,64303.0,64049.0,64249.0,700.96363,-1.9325e-06,-0.0005154603,0.0012926840565039,-0.019325
2026-08-18 09:00:00+00:00,64250.0,64250.0,64108.0,64145.0,368.00528,-5.434e-07,-0.000504347,-0.0016200137505675,-0.005434
2026-08-18 10:00:00+00:00,64145.0,64190.0,64083.0,64172.0,295.73467,-4.8273e-06,-0.0005386184,0.0004208327875258,-0.048273
2026-08-18 11:00:00+00:00,64173.0,64376.0,64168.0,64324.0,677.19463,1.09e-06,-0.00049128,0.0023658335029488,0.0109
2026-08-18 12:00:00+00:00,64324.0,64324.0,64191.0,64191.0,335.67622,4.5366e-06,-0.000463707,-0.0020697980388546,0.045366
2026-08-18 13:00:00+00:00,64192.0,64257.0,64016.0,64190.0,893.89712,-2.0903e-06,-0.0005167227,-1.5578629236682306e-05,-0.020903
2026-08-18 14:00:00+00:00,64191.0,65018.0,64190.0,64684.0,6058.49073,2.5736e-06,-0.0004794113,0.0076664403920105,0.025736
2026-08-18 15:00:00+00:00,64684.0,64852.0,64620.0,64820.0,1088.94647,-4.563e-07,-0.0005036504,0.0021003219977039,-0.0045629999999999
2026-08-18 16:00:00+00:00,64821.0,64861.0,64636.0,64807.0,1372.2617,2.1628e-06,-0.0004826975,-0.000200575498061,0.0216279999999999
2026-08-18 17:00:00+00:00,64806.0,64806.0,64633.0,64634.0,710.93106,-7.6785e-06,-0.000561428,-0.0026730340928866,-0.0767849999999999
2026-08-18 18:00:00+00:00,64633.0,64795.0,64617.0,64733.0,1119.89852,-2.8695e-06,-0.0005229556,0.0015305297228164,-0.028695
2026-08-18 19:00:00+00:00,64734.0,64772.0,64612.0,64621.0,496.89085,-3.4418e-06,-0.0005275343,-0.0017316824835426,-0.034418
2026-08-18 20:00:00+00:00,64621.0,64631.0,64530.0,64544.0,588.99396,7.546e-07,-0.0004939631,-0.0011922735899259,0.007546
2026-08-18 21:00:00+00:00,64545.0,64626.0,64538.0,64571.0,391.28994,3.3855e-06,-0.0004729163,0.000418231814949,0.033855
2026-08-18 22:00:00+00:00,64572.0,64623.0,64529.0,64605.0,255.13437,2.0959e-06,-0.0004832328,0.0005264135874333,0.020959
2026-08-18 23:00:00+00:00,64606.0,64760.0,64605.0,64696.0,984.51633,3.8226e-06,-0.0004694196,0.0014075686193373,0.0382259999999999
2026-08-19 00:00:00+00:00,64696.0,64710.0,64442.0,64454.0,1417.05562,1.25e-05,-0.0003392458,-0.0037475847189855,0.125
2026-08-19 01:00:00+00:00,64454.0,64500.0,64361.0,64368.0,884.43819,2.367e-06,-0.0004810637,-0.001335175867103,0.02367
2026-08-19 02:00:00+00:00,64369.0,64388.0,64310.0,64320.0,455.71359,-3.3533e-06,-0.0005268266,-0.0007459903367214,-0.033533
2026-08-19 03:00:00+00:00,64319.0,64388.0,64239.0,64300.0,777.71122,7.722e-07,-0.0004938227,-0.0003109936271372,0.007722
2026-08-19 04:00:00+00:00,64300.0,64371.0,64262.0,64286.0,397.55896,6.1133e-06,-0.0004510938,-0.0002177530999536,0.061133
2026-08-19 05:00:00+00:00,64286.0,64388.0,64202.0,64203.0,345.75507,7.8289e-06,-0.0004373684,-0.0012919395675063,0.078289
2026-08-19 06:00:00+00:00,64203.0,64319.0,64122.0,64311.0,992.13628,6.1968e-06,-0.0004504257,0.0016807511309946,0.0619679999999999
2026-08-19 07:00:00+00:00,64310.0,64369.0,64240.0,64266.0,301.74882,1.5804e-06,-0.0004873571,-0.0006999696965606,0.015804
2026-08-19 08:00:00+00:00,64267.0,64492.0,64216.0,64388.0,439.68842,4.111e-06,-0.0004671122,0.0018965603334354,0.04111
2026-08-19 09:00:00+00:00,64388.0,64440.0,64326.0,64398.0,151.11188,4.3357e-06,-0.0004653141,0.0001552963834593,0.043357
2026-08-19 10:00:00+00:00,64397.0,64432.0,64337.0,64431.0,285.07341,2.5711e-06,-0.0004794311,0.0005123070228249,0.0257109999999999
2026-08-19 11:00:00+00:00,64431.0,64500.0,64421.0,64479.0,915.41144,6.5025e-06,-0.00044798,0.000744705642981,0.065025
2026-08-19 12:00:00+00:00,64479.0,64952.0,64437.0,64841.0,2850.33451,3.7062e-06,-0.0004703505,0.0055985299339553,0.037062
2026-08-19 13:00:00+00:00,64840.0,65200.0,64745.0,64980.0,4453.82552,-5.874e-07,-0.0005046993,0.0021414109137505,-0.005874
2026-08-19 14:00:00+00:00,64979.0,65941.0,64977.0,65892.0,6994.26327,-7.706e-07,-0.0005061646,0.0139375078437816,-0.007706
2026-08-19 15:00:00+00:00,65892.0,70224.0,65851.0,68532.0,27314.3548,-5.729e-07,-0.000504583,0.0392837513859902,-0.005729
2026-08-19 16:00:00+00:00,68533.0,68956.0,68372.0,68430.0,6303.47638,1.25e-05,-0.0002939018,-0.0014894645063197,0.125
2026-08-19 17:00:00+00:00,68430.0,68496.0,67792.0,68170.0,7850.9191,1.25e-05,-0.0003991424,-0.0038067395897124,0.125
2026-08-19 18:00:00+00:00,68170.0,68426.0,68001.0,68369.0,2400.67246,1.25e-05,-0.0003763122,0.0029149201459593,0.125
2026-08-19 19:00:00+00:00,68369.0,68459.0,68067.0,68404.0,2275.75066,1.03515e-05,-0.0004171884,0.000511796930154,0.103515
2026-08-19 20:00:00+00:00,68403.0,69628.0,68354.0,69028.0,5521.97045,7.2691e-06,-0.0004418469,0.0090809169345252,0.072691
2026-08-19 21:00:00+00:00,69027.0,70046.0,68966.0,69714.0,6136.24316,1.25e-05,-0.0003990607,0.0098889390434474,0.125
2026-08-19 22:00:00+00:00,69713.0,69830.0,68967.0,69244.0,2586.3031,1.25e-05,-0.0001111771,-0.0067646597142967,0.125
2026-08-19 23:00:00+00:00,69243.0,69445.0,69139.0,69323.0,1459.6837,1.25e-05,-0.0002265601,0.0011402427498516,0.125
2026-08-20 00:00:00+00:00,69323.0,69773.0,69311.0,69400.0,1748.9291,1.25e-05,-0.0002454548,0.001110126048424,0.125
2026-08-20 01:00:00+00:00,69399.0,69874.0,69256.0,69701.0,1048.53265,1.25e-05,-0.0002750858,0.0043277973530948,0.125
2026-08-20 02:00:00+00:00,69702.0,69813.0,69257.0,69304.0,766.78213,1.25e-05,-0.00028728,-0.0057120402780144,0.125
2026-08-20 03:00:00+00:00,69302.0,69351.0,68898.0,69188.0,1458.53577,1.25e-05,-0.0001879303,-0.0016751874061622,0.125
2026-08-20 04:00:00+00:00,69188.0,69585.0,69161.0,69486.0,1201.64052,1.25e-05,-5.31731e-05,0.0042978562486187,0.125
2026-08-20 05:00:00+00:00,69486.0,69661.0,69352.0,69407.0,645.39962,1.25e-05,-6.53042e-05,-0.0011375664507097,0.125
2026-08-20 06:00:00+00:00,69413.0,69950.0,69352.0,69843.0,1532.6131,1.25e-05,-0.0001268363,0.0062621389556677,0.125
2026-08-20 07:00:00+00:00,69843.0,69999.0,69493.0,69838.0,1383.72752,1.25e-05,-8.28237e-05,-7.159169825724091e-05,0.125
2026-08-20 08:00:00+00:00,69839.0,71801.0,69792.0,71565.0,11497.52632,1.25e-05,-0.0001713007,0.0244278533991837,0.125
2026-08-20 09:00:00+00:00,71565.0,72055.0,71485.0,71792.0,5084.81358,1.25e-05,-5.70321e-05,0.0031669215974474,0.125
2026-08-20 10:00:00+00:00,71790.0,72501.0,71691.0,71984.0,6223.80131,1.25e-05,-0.0002332348,0.0026708228651888,0.125
2026-08-20 11:00:00+00:00,71983.0,72319.0,71800.0,71902.0,3050.15173,1.25e-05,-0.0001789309,-0.0011397913470018,0.125
2026-08-20 12:00:00+00:00,71902.0,71988.0,71454.0,71931.0,3036.12053,1.25e-05,-0.0002301086,0.0004032454359286,0.125
2026-08-20 13:00:00+00:00,71931.0,72068.0,71134.0,71650.0,4743.78542,1.25e-05,-0.0003149914,-0.0039141719135625,0.125
2026-08-20 14:00:00+00:00,71650.0,71961.0,71349.0,71803.0,2644.84075,1.25e-05,-0.0003387302,0.0021331036369287,0.125
2026-08-20 15:00:00+00:00,71804.0,72824.0,71771.0,72453.0,7024.95612,1.25e-05,-0.0003424127,0.0090118178657946,0.125
2026-08-20 16:00:00+00:00,72454.0,72956.0,72191.0,72834.0,2018.75364,1.25e-05,-0.0001951967,0.0052448033668174,0.125
2026-08-20 17:00:00+00:00,72834.0,72969.0,72525.0,72717.0,1891.59336,1.25e-05,-0.0001083965,-0.0016076842508855,0.125
2026-08-20 18:00:00+00:00,72718.0,72800.0,72359.0,72408.0,1732.85541,1.25e-05,-0.0001799881,-0.0042584043679663,0.125
2026-08-20 19:00:00+00:00,72409.0,72750.0,72303.0,72609.0,1154.51172,1.25e-05,-0.0002531541,0.0027720905647632,0.125
2026-08-20 20:00:00+00:00,72613.0,73028.0,72565.0,72642.0,1753.2687,1.25e-05,-0.0003145634,0.0004543858640254,0.125
2026-08-20 21:00:00+00:00,72643.0,72826.0,72522.0,72699.0,856.40748,1.25e-05,-0.0003637031,0.0007843623330281,0.125
2026-08-20 22:00:00+00:00,72700.0,72843.0,72448.0,72649.0,1323.56019,1.25e-05,-0.0003963945,-0.0006880039900416,0.125
2026-08-20 23:00:00+00:00,72650.0,73370.0,72632.0,72996.0,3103.44475,7.8576e-06,-0.0004371394,0.0047650198299239,0.078576
2026-08-21 00:00:00+00:00,73001.0,73998.0,73001.0,73700.0,5416.92367,1.15542e-05,-0.0004075663,0.0095981540687223,0.115542
2026-08-21 01:00:00+00:00,73699.0,75816.0,73651.0,75121.0,11670.06921,1.25e-05,-0.0001746447,0.019097347650191,0.125
2026-08-21 02:00:00+00:00,75121.0,75184.0,74362.0,74425.0,5905.63821,1.25e-05,-0.0001290729,-0.0093082399436418,0.125
2026-08-21 03:00:00+00:00,74425.0,74905.0,74227.0,74516.0,3256.61235,1.25e-05,-6.75404e-05,0.0012219605256221,0.125
2026-08-21 04:00:00+00:00,74515.0,75058.0,74515.0,75032.0,1787.3913,1.25e-05,-0.0001153595,0.0069008217791751,0.125
2026-08-21 05:00:00+00:00,75031.0,75499.0,74896.0,75463.0,3477.56416,1.25e-05,2.34921e-05,0.0057277807014769,0.125
2026-08-21 06:00:00+00:00,75462.0,75737.0,75083.0,75633.0,3223.44822,1.25e-05,1.74033e-05,0.0022502259720066,0.125
2026-08-21 07:00:00+00:00,75632.0,76941.0,75613.0,76339.0,6557.46207,1.25e-05,-0.0001053494,0.0092912520585282,0.125
2026-08-21 08:00:00+00:00,76338.0,79584.0,76287.0,79317.0,10011.10647,1.25e-05,-7.2061e-06,0.0382685335150937,0.125
2026-08-21 09:00:00+00:00,79316.0,79408.0,77302.0,77936.0,10264.46221,1.25e-05,0.0003197136,-0.0175645043895559,0.125
2026-08-21 10:00:00+00:00,77935.0,78301.0,77639.0,77838.0,2868.95722,1.25e-05,0.0002956107,-0.0012582332472565,0.125
2026-08-21 11:00:00+00:00,77837.0,77877.0,76444.0,76768.0,4853.46506,1.25e-05,0.0002608403,-0.0138418571596462,0.125
2026-08-21 12:00:00+00:00,76768.0,77510.0,76551.0,77230.0,2730.33848,1.25e-05,0.0002112519,0.0060000959238884,0.125
2026-08-21 13:00:00+00:00,77231.0,77730.0,76256.0,77278.0,5689.55188,1.25e-05,0.00043328,0.0006213270710149,0.125
2026-08-21 14:00:00+00:00,77278.0,77475.0,76549.0,77413.0,3333.97811,1.25e-05,0.0002735253,0.0017454154963488,0.125
2026-08-21 15:00:00+00:00,77412.0,77894.0,77184.0,77242.0,3252.35726,1.25e-05,0.000248358,-0.0022113746039251,0.125
2026-08-21 16:00:00+00:00,77243.0,77583.0,76814.0,77499.0,2588.62902,1.25e-05,0.0002751963,0.0033216825056364,0.125
2026-08-21 17:00:00+00:00,77499.0,77727.0,77200.0,77400.0,1350.94657,1.25e-05,0.0002512687,-0.001278252454566,0.125
2026-08-21 18:00:00+00:00,77401.0,77559.0,76620.0,77136.0,1747.00248,1.25e-05,0.0001669614,-0.0034166829324149,0.125
2026-08-21 19:00:00+00:00,77135.0,77366.0,76848.0,77018.0,1259.52149,1.25e-05,8.28521e-05,-0.0015309368948849,0.125
2026-08-21 20:00:00+00:00,77019.0,77525.0,76853.0,77510.0,1729.01584,1.25e-05,-7.24319e-05,0.0063677995250385,0.125
2026-08-21 21:00:00+00:00,77509.0,78745.0,77364.0,78556.0,4321.43331,1.25e-05,-6.5426e-05,0.0134047859595564,0.125
2026-08-21 22:00:00+00:00,78557.0,78800.0,78131.0,78485.0,2716.34066,1.25e-05,0.0002711215,-0.0009042225258063,0.125
2026-08-21 23:00:00+00:00,78493.0,78760.0,78157.0,78383.0,2185.55139,1.25e-05,0.0004448627,-0.0013004566179856,0.125
2026-08-22 00:00:00+00:00,78382.0,78566.0,77686.0,77970.0,2687.73259,1.25e-05,0.0003771955,-0.0052829297876759,0.125
2026-08-22 01:00:00+00:00,77970.0,78269.0,77830.0,77859.0,1130.99756,1.25e-05,0.000311632,-0.0014246387870519,0.125
2026-08-22 02:00:00+00:00,77859.0,78600.0,77817.0,78518.0,1351.59085,1.25e-05,0.0002127863,0.0084283993318824,0.125
2026-08-22 03:00:00+00:00,78518.0,78885.0,78399.0,78463.0,1693.34675,1.25e-05,0.0003412033,-0.0007007217720675,0.125
2026-08-22 04:00:00+00:00,78463.0,78874.0,78247.0,78518.0,1558.72917,1.25e-05,0.0005589512,0.0007007217720674,0.125
2026-08-22 05:00:00+00:00,78518.0,78644.0,76600.0,77421.0,7347.10845,2.00245e-05,0.0006601957,-0.0140698362412264,0.200245
2026-08-22 06:00:00+00:00,77437.0,77637.0,77013.0,77538.0,1894.93986,1.25e-05,0.0005412297,0.0015100771459966,0.125
2026-08-22 07:00:00+00:00,77538.0,77715.0,77259.0,77326.0,1800.13009,1.80129e-05,0.0006441032,-0.0027378878555358,0.180129
2026-08-22 08:00:00+00:00,77326.0,77497.0,77083.0,77244.0,2065.35724,1.25e-05,0.0005852439,-0.0010610080570943,0.125
2026-08-22 09:00:00+00:00,77244.0,77428.0,76828.0,77072.0,3248.95066,1.25e-05,0.0005300144,-0.0022291929706141,0.125
2026-08-22 10:00:00+00:00,77071.0,77225.0,76558.0,77008.0,2166.7475,1.25e-05,0.0003292537,-0.0008307373271114,0.125
2026-08-22 11:00:00+00:00,77009.0,77253.0,76840.0,77163.0,841.26034,1.25e-05,0.000319614,0.0020107549697911,0.125
2026-08-22 12:00:00+00:00,77164.0,77434.0,77108.0,77351.0,1712.32964,1.25e-05,0.0004336682,0.0024334376531837,0.125
2026-08-22 13:00:00+00:00,77351.0,77416.0,77155.0,77341.0,513.1836,1.25e-05,0.0005932956,-0.0001292891683336,0.125
2026-08-22 14:00:00+00:00,77342.0,77371.0,76976.0,77053.0,1003.77159,1.39297e-05,0.0006114372,-0.0037307192512443,0.139297
2026-08-22 15:00:00+00:00,77054.0,77158.0,76932.0,77035.0,731.80292,1.3762e-05,0.0006100964,-0.0002336327304122,0.13762
2026-08-22 16:00:00+00:00,77035.0,77608.0,77009.0,77340.0,1526.7872,1.83655e-05,0.0006469238,0.0039514221454127,0.1836549999999999
2026-08-22 17:00:00+00:00,77340.0,77431.0,77127.0,77322.0,824.12643,2.37022e-05,0.0006896175,-0.0002327656448419,0.237022
2026-08-22 18:00:00+00:00,77323.0,77400.0,77187.0,77312.0,444.96395,2.53473e-05,0.0007027787,-0.000129337662014,0.253473
2026-08-22 19:00:00+00:00,77312.0,77536.0,77259.0,77473.0,623.81045,1.6638e-05,0.0006331043,0.0020803056893488,0.16638
2026-08-22 20:00:00+00:00,77473.0,77522.0,77320.0,77389.0,700.2505,2.78738e-05,0.0007229908,-0.001084836928854,0.278738
2026-08-22 21:00:00+00:00,77389.0,77389.0,76844.0,76903.0,1666.10987,3.46891e-05,0.0007775129,-0.0062997641786171,0.346891
2026-08-22 22:00:00+00:00,76903.0,77217.0,76811.0,77053.0,1004.08688,2.58199e-05,0.0007065588,0.0019486093099778,0.258199
2026-08-22 23:00:00+00:00,77057.0,77196.0,76958.0,77133.0,427.04015,2.58502e-05,0.0007068017,0.0010377077968027,0.258502
2026-08-23 00:00:00+00:00,77132.0,77416.0,77106.0,77359.0,582.38849,2.88143e-05,0.0007305141,0.0029257199234943,0.288143
2026-08-23 01:00:00+00:00,77361.0,77470.0,77213.0,77247.0,438.8449,2.96141e-05,0.0007369131,-0.0014488444121453,0.296141
2026-08-23 02:00:00+00:00,77246.0,77266.0,77068.0,77128.0,708.30892,2.79927e-05,0.0007239413,-0.0015417007102229,0.279927
2026-08-23 03:00:00+00:00,77129.0,77208.0,76886.0,76976.0,846.20879,2.16775e-05,0.0006734203,-0.0019726944049813,0.216775
2026-08-23 04:00:00+00:00,76977.0,77090.0,76526.0,76653.0,1237.39309,2.21886e-05,0.0006775092,-0.0042049414619347,0.221886
2026-08-23 05:00:00+00:00,76651.0,76775.0,75608.0,76104.0,5375.63146,1.25e-05,0.0005983256,-0.0071879175910073,0.125
2026-08-23 06:00:00+00:00,76101.0,76379.0,75921.0,76141.0,1862.22333,1.25e-05,0.0005512324,0.000486058665026,0.125
2026-08-23 07:00:00+00:00,76142.0,76379.0,75957.0,76058.0,963.08782,1.25e-05,0.0005059564,-0.001090677445028,0.125
2026-08-23 08:00:00+00:00,76060.0,76707.0,76000.0,76541.0,1606.03138,1.25e-05,0.0005582909,0.0063303378520737,0.125
2026-08-23 09:00:00+00:00,76541.0,76703.0,76525.0,76595.0,565.95122,1.98047e-05,0.0006584376,0.0007052554884315,0.198047
2026-08-23 10:00:00+00:00,76595.0,76972.0,76587.0,76823.0,960.76556,2.25142e-05,0.0006801136,0.0029722740206993,0.2251419999999999
2026-08-23 11:00:00+00:00,76824.0,77442.0,76777.0,77353.0,1556.7088,1.57986e-05,0.0006263884,0.0068752865262746,0.157986
2026-08-23 12:00:00+00:00,77354.0,77354.0,77049.0,77259.0,1007.68938,1.25e-05,0.0005739157,-0.0012159471655731,0.125
2026-08-23 13:00:00+00:00,77259.0,77848.0,77253.0,77531.0,2287.83783,1.25e-05,0.0005584957,0.0035144425345678,0.125
2026-08-23 14:00:00+00:00,77531.0,77718.0,76801.0,77217.0,2547.4252,2.01648e-05,0.0006613182,-0.0040582163380702,0.201648
2026-08-23 15:00:00+00:00,77218.0,77387.0,76963.0,77185.0,777.02304,1.29964e-05,0.0006039714,-0.0004145024087533,0.129964
2026-08-23 16:00:00+00:00,77186.0,77507.0,77185.0,77456.0,740.7376,1.25e-05,0.0004258632,0.0035048955635339,0.125
2026-08-23 17:00:00+00:00,77455.0,77482.0,77178.0,77241.0,857.18028,1.25e-05,0.0004141591,-0.0027796290610703,0.125
2026-08-23 18:00:00+00:00,77234.0,77447.0,77150.0,77377.0,507.81868,1.25e-05,0.0004245145,0.0017591746765992,0.125
2026-08-23 19:00:00+00:00,77379.0,77511.0,77285.0,77375.0,365.9267,1.25e-05,0.0004455653,-2.584780810736516e-05,0.125
2026-08-23 20:00:00+00:00,77375.0,77481.0,77225.0,77430.0,598.89588,1.25e-05,0.0004636812,0.0007105713938719,0.125
2026-08-23 21:00:00+00:00,77431.0,78118.0,77431.0,77902.0,3503.60479,1.25e-05,0.0004186712,0.0060773240894503,0.125
2026-08-23 22:00:00+00:00,77902.0,78050.0,77629.0,77659.0,1014.34433,3.12444e-05,0.0007499552,-0.0031241789092378,0.312444
2026-08-23 23:00:00+00:00,77660.0,77877.0,77347.0,77804.0,1694.04288,3.24491e-05,0.0007595927,0.0018653961656009,0.324491
2026-08-24 00:00:00+00:00,77805.0,77820.0,77204.0,77738.0,1535.86251,2.8976e-05,0.0007318083,-0.0008486454328874,0.2897599999999999
2026-08-24 01:00:00+00:00,77738.0,77780.0,76943.0,76944.0,1457.16994,3.32124e-05,0.0007656993,-0.0102663137762513,0.332124
2026-08-24 02:00:00+00:00,76943.0,77578.0,76901.0,77522.0,1535.01507,1.65587e-05,0.0006324692,0.0074838825079966,0.165587
2026-08-24 03:00:00+00:00,77522.0,77576.0,76971.0,76975.0,1573.80872,1.25e-05,0.0004885209,-0.0070810732327394,0.125
2026-08-24 04:00:00+00:00,76976.0,77300.0,76693.0,76943.0,1299.83135,1.25e-05,0.0005784045,-0.0004158058246735,0.125
2026-08-24 05:00:00+00:00,76944.0,77271.0,76874.0,77207.0,1406.96418,1.69376e-05,0.0006355006,0.0034252385093693,0.169376
2026-08-24 06:00:00+00:00,77208.0,77560.0,77115.0,77514.0,681.16198,1.33537e-05,0.0006068294,0.0039684387109593,0.133537
2026-08-24 07:00:00+00:00,77514.0,77859.0,77333.0,77362.0,793.90862,1.25e-05,0.0005978203,-0.0019628612412824,0.125
2026-08-24 08:00:00+00:00,77362.0,77460.0,76862.0,77083.0,1932.74452,2.24948e-05,0.0006799584,-0.0036129405741859,0.224948
2026-08-24 09:00:00+00:00,77084.0,77633.0,77069.0,77584.0,701.66262,1.25e-05,0.0005062791,0.0064784569722458,0.125
2026-08-24 10:00:00+00:00,77585.0,78072.0,77582.0,77661.0,1327.82091,1.25e-05,0.0004992162,0.0009919804993933,0.125
2026-08-24 11:00:00+00:00,77661.0,78708.0,77486.0,78521.0,4704.88965,1.25e-05,0.0005398567,0.0110129040735354,0.125
2026-08-24 12:00:00+00:00,78521.0,79408.0,78050.0,79221.0,4022.24546,2.30331e-05,0.000684265,0.008875310253156,0.230331
2026-08-24 13:00:00+00:00,79221.0,79479.0,77923.0,78648.0,7080.41533,3.7785e-05,0.00080228,-0.007259215124458,0.3778499999999999
2026-08-24 14:00:00+00:00,78647.0,79895.0,78647.0,79565.0,7593.46384,2.31871e-05,0.0006854967,0.011592097597524,0.231871
2026-08-24 15:00:00+00:00,79565.0,80035.0,78835.0,79120.0,7755.56991,3.54289e-05,0.0007834314,-0.0056086103476905,0.354289
2026-08-24 16:00:00+00:00,79119.0,79880.0,78901.0,79069.0,4413.04137,1.25e-05,0.0005747788,-0.0006447983332216,0.125
2026-08-24 17:00:00+00:00,79068.0,79217.0,78450.0,78760.0,5063.42575,1.25e-05,0.0002889744,-0.0039156352103102,0.125
2026-08-24 18:00:00+00:00,78759.0,79088.0,78729.0,78932.0,1629.6202,1.25e-05,0.0001299685,0.0021814685362546,0.125
2026-08-24 19:00:00+00:00,78931.0,79123.0,78569.0,78740.0,2248.45347,1.25e-05,0.0001080916,-0.0024354367915879,0.125
2026-08-24 20:00:00+00:00,78740.0,78997.0,78554.0,78924.0,1316.17142,1.25e-05,-2.0943e-06,0.0023340785916228,0.125
2026-08-24 21:00:00+00:00,78924.0,79041.0,78842.0,78971.0,1002.39327,1.25e-05,-9.74325e-05,0.0005953323586958,0.125
2026-08-24 22:00:00+00:00,78970.0,78987.0,78683.0,78729.0,845.79954,1.25e-05,-8.36359e-05,-0.0030691209887122,0.125
2026-08-24 23:00:00+00:00,78729.0,79017.0,78622.0,78996.0,1356.19304,1.25e-05,-7.15885e-05,0.003385642796542,0.125
2026-08-25 00:00:00+00:00,78995.0,79900.0,78708.0,79755.0,3568.06088,1.25e-05,-2.93124e-05,0.0095622173506716,0.125
2026-08-25 01:00:00+00:00,79754.0,79999.0,79500.0,79838.0,2221.15456,1.25e-05,8.02332e-05,0.0010401459648376,0.125
2026-08-25 02:00:00+00:00,79837.0,81299.0,79755.0,80672.0,7167.0585,1.25e-05,0.000206487,0.0103919694162602,0.125
2026-08-25 03:00:00+00:00,80672.0,80978.0,80307.0,80490.0,4395.06521,1.25e-05,0.0001446433,-0.0022585978998668,0.125
2026-08-25 04:00:00+00:00,80490.0,80615.0,80168.0,80385.0,1995.48584,1.25e-05,0.0002597471,-0.0013053614907192,0.125
2026-08-25 05:00:00+00:00,80385.0,80843.0,80341.0,80753.0,2071.2425,1.25e-05,0.00010229,0.0045675215005216,0.125
2026-08-25 06:00:00+00:00,80753.0,80941.0,80424.0,80590.0,1935.53262,1.25e-05,0.0002039175,-0.0020205407790249,0.125
2026-08-25 07:00:00+00:00,80590.0,80843.0,79335.0,79713.0,3509.3241,1.25e-05,0.000244897,-0.0109418881727546,0.125
2026-08-25 08:00:00+00:00,79713.0,80254.0,79624.0,79924.0,2285.39025,1.25e-05,0.0002165947,0.0026434989742208,0.125
2026-08-25 09:00:00+00:00,79926.0,79967.0,78822.0,79170.0,3418.46566,1.25e-05,6.59727e-05,-0.0094787439545437,0.125
2026-08-25 10:00:00+00:00,79171.0,79482.0,78971.0,79289.0,2035.5323,1.25e-05,-7.2955e-06,0.0015019660905474,0.125
2026-08-25 11:00:00+00:00,79288.0,79445.0,79017.0,79108.0,1832.66182,1.25e-05,-0.0001458691,-0.0022853978141113,0.125
2026-08-25 12:00:00+00:00,79107.0,79164.0,78591.0,78967.0,2450.49302,1.25e-05,-0.0001780345,-0.0017839637816819,0.125
2026-08-25 13:00:00+00:00,78967.0,79207.0,78060.0,78617.0,4092.76207,1.25e-05,-0.000223684,-0.0044420826418842,0.125
2026-08-25 14:00:00+00:00,78622.0,79381.0,78527.0,79222.0,4106.40471,1.25e-05,-0.0002112431,0.0076660769888417,0.125
2026-08-25 15:00:00+00:00,79222.0,79538.0,79000.0,79490.0,2818.27729,1.25e-05,-0.0001946247,0.0033771895599672,0.125
2026-08-25 16:00:00+00:00,79491.0,79560.0,79063.0,79139.0,2029.89083,1.25e-05,-0.0002187174,-0.0044254275428045,0.125
2026-08-25 17:00:00+00:00,79139.0,79238.0,78664.0,79217.0,2854.04165,1.25e-05,-0.0001012478,0.0009851222095534,0.125
2026-08-25 18:00:00+00:00,79217.0,79338.0,79010.0,79105.0,1383.48431,1.25e-05,-0.0002199884,-0.0014148383507429,0.125
2026-08-25 19:00:00+00:00,79105.0,79220.0,78706.0,78901.0,1294.45558,1.25e-05,-0.0002239189,-0.0025821818582872,0.125
2026-08-25 20:00:00+00:00,78905.0,78944.0,78129.0,78162.0,2843.88235,1.25e-05,-0.0002654722,-0.009410306099258,0.125
2026-08-25 21:00:00+00:00,78161.0,78641.0,77794.0,78547.0,4469.52126,1.25e-05,-0.0003348366,0.0049135757945604,0.125
2026-08-25 22:00:00+00:00,78546.0,78998.0,78546.0,78866.0,2504.93878,1.25e-05,-0.0003905498,0.0040530380170304,0.125
2026-08-25 23:00:00+00:00,78865.0,78940.0,78346.0,78494.0,2075.50201,1.25e-05,-0.0003291223,-0.0047280210088892,0.125
2026-08-26 00:00:00+00:00,78494.0,78677.0,78270.0,78605.0,1748.21045,9.0053e-06,-0.0004279572,0.0014131218972933,0.090053
2026-08-26 01:00:00+00:00,78604.0,78928.0,78577.0,78792.0,1000.63458,1.25e-05,-0.0003977021,0.002376158223924,0.125
2026-08-26 02:00:00+00:00,78791.0,79226.0,78728.0,79099.0,1532.29221,1.25e-05,-0.0003081245,0.0038887636012617,0.125
2026-08-26 03:00:00+00:00,79099.0,79175.0,78894.0,79071.0,735.5936,1.25e-05,-0.0001860173,-0.0003540494441738,0.125
2026-08-26 04:00:00+00:00,79072.0,79182.0,78786.0,78817.0,890.17406,1.25e-05,-0.0001278803,-0.0032174733877198,0.125
2026-08-26 05:00:00+00:00,78817.0,79127.0,78616.0,79079.0,1650.35785,1.25e-05,-8.73237e-05,0.0033186431633356,0.125
2026-08-26 06:00:00+00:00,79081.0,79206.0,78792.0,78930.0,1823.20798,1.25e-05,-0.0001230086,-0.0018859690797939,0.125
2026-08-26 07:00:00+00:00,78930.0,79084.0,78850.0,78917.0,821.70852,1.25e-05,-0.0001850467,-0.0001647164663173,0.125
2026-08-26 08:00:00+00:00,78917.0,79108.0,78585.0,78691.0,1468.62321,1.25e-05,-0.0001036676,-0.0028678766927924,0.125
2026-08-26 09:00:00+00:00,78691.0,78873.0,78203.0,78433.0,2274.78672,1.25e-05,-9.09241e-05,-0.0032840333987777,0.125
2026-08-26 10:00:00+00:00,78432.0,78858.0,78267.0,78700.0,1212.39731,1.25e-05,-0.0001483133,0.0033983982609338,0.125
2026-08-26 11:00:00+00:00,78700.0,78768.0,78273.0,78474.0,1290.10129,1.25e-05,-0.0001263229,-0.0028757956882872,0.125
2026-08-26 12:00:00+00:00,78474.0,78699.0,77955.0,78300.0,2723.1711,1.25e-05,-0.0002276958,-0.0022197567383128,0.125
2026-08-26 13:00:00+00:00,78301.0,78532.0,77875.0,78437.0,3651.68469,1.25e-05,-0.0002023006,0.0017481518070363,0.125
2026-08-26 14:00:00+00:00,78429.0,78602.0,77729.0,77775.0,3373.12591,1.25e-05,-0.0002648348,-0.008475712020093,0.125
2026-08-26 15:00:00+00:00,77774.0,78160.0,77618.0,77998.0,3338.67632,1.25e-05,-0.0002088501,0.0028631425515132,0.125
2026-08-26 16:00:00+00:00,77998.0,78154.0,77832.0,77972.0,1140.5123,1.25e-05,-7.84854e-05,-0.0003333974513153,0.125
2026-08-26 17:00:00+00:00,77971.0,78606.0,77971.0,78435.0,2027.16111,1.25e-05,-0.0001469598,0.005920468424305,0.125
2026-08-26 18:00:00+00:00,78436.0,78659.0,78263.0,78469.0,1298.44321,1.25e-05,-0.0001071171,0.0004333860262601,0.125
2026-08-26 19:00:00+00:00,78469.0,78535.0,78272.0,78445.0,1430.37113,1.25e-05,-8.15128e-05,-0.000305900049545,0.125
2026-08-26 20:00:00+00:00,78454.0,78503.0,78170.0,78424.0,996.06491,1.25e-05,-0.0001777044,-0.0002677393254938,0.125
2026-08-26 21:00:00+00:00,78424.0,78831.0,78369.0,78718.0,1945.85728,1.25e-05,-0.0001942332,0.0037418429577573,0.125
2026-08-26 22:00:00+00:00,78719.0,79007.0,78542.0,78690.0,2891.71614,1.25e-05,-7.90405e-05,-0.0003557633702902,0.125
2026-08-26 23:00:00+00:00,78690.0,79173.0,78644.0,79026.0,1234.80584,1.25e-05,-1.9603e-05,0.0042608296980723,0.125
2026-08-27 00:00:00+00:00,79025.0,79034.0,78679.0,78681.0,1305.79341,1.25e-05,-7.95066e-05,-0.0043752090946551,0.125
2026-08-27 01:00:00+00:00,78681.0,78994.0,78547.0,78881.0,1264.55068,1.25e-05,-8.93486e-05,0.002538684548499,0.125
2026-08-27 02:00:00+00:00,78881.0,78951.0,78696.0,78710.0,357.34826,1.25e-05,-0.000201361,-0.0021701755444495,0.125
2026-08-27 03:00:00+00:00,78710.0,78971.0,78621.0,78809.0,303.87258,1.25e-05,-0.0002444721,0.0012569913856134,0.125
2026-08-27 04:00:00+00:00,78809.0,78885.0,78674.0,78770.0,714.42527,1.25e-05,-0.000200767,-0.0004949898247393,0.125
2026-08-27 05:00:00+00:00,78771.0,78936.0,78585.0,78897.0,1486.99953,1.25e-05,-0.0001938571,0.0016109906000218,0.125
2026-08-27 06:00:00+00:00,78897.0,78898.0,78596.0,78826.0,1429.08479,1.25e-05,-0.0001999309,-0.0009003126341221,0.125
2026-08-27 07:00:00+00:00,78825.0,79080.0,78743.0,79066.0,417.82199,1.25e-05,-0.0001597737,0.0030400550355769,0.125
2026-08-27 08:00:00+00:00,79066.0,79896.0,79029.0,79624.0,2404.88598,1.25e-05,-0.0001158931,0.0070326082270527,0.125
