time,o,h,l,c,v,fundingRate,premium,log_return,funding_bps
2025-12-03 05:00:00+00:00,93318.0,93639.0,93100.0,93617.0,1634.50662,1.25e-05,-0.0003117644,0.003198975633062687,0.125
2025-12-03 06:00:00+00:00,93617.0,93935.0,93133.0,93400.0,1694.81963,1.25e-05,-0.0002721599,-0.0023206456887439036,0.125
2025-12-03 07:00:00+00:00,93400.0,93431.0,92833.0,92973.0,1328.80165,1.25e-05,-0.0002539531,-0.00458221681394518,0.125
2025-12-03 08:00:00+00:00,92974.0,93157.0,92648.0,92730.0,950.68883,1.25e-05,-0.0003187943,-0.002617083608717103,0.125
2025-12-03 09:00:00+00:00,92729.0,93175.0,92673.0,93145.0,1245.16074,1.25e-05,-0.0003594288,0.004465373929537187,0.125
2025-12-03 10:00:00+00:00,93145.0,93344.0,92811.0,92886.0,1818.0073,8.1785e-06,-0.0004345716,-0.0027844839552884286,0.081785
2025-12-03 11:00:00+00:00,92887.0,92999.0,92610.0,92961.0,841.91235,6.8379e-06,-0.0004452969,0.0008071155743323782,0.068379
2025-12-03 12:00:00+00:00,92961.0,93046.0,92650.0,92894.0,606.6631,-3.2515e-06,-0.0005260124,-0.0007209922025491674,-0.032515
2025-12-03 13:00:00+00:00,92893.0,93199.0,92841.0,93077.0,678.58149,-2.895e-07,-0.0005023156,0.001968049417022947,-0.002895
2025-12-03 14:00:00+00:00,93079.0,93642.0,91631.0,92316.0,6863.336,3.1558e-06,-0.0004747535,-0.008209633310391602,0.031557999999999996
2025-12-03 15:00:00+00:00,92329.0,92937.0,91900.0,92338.0,2400.4686,2.9226e-06,-0.0004766193,0.0002382834934968875,0.029226000000000002
2025-12-03 16:00:00+00:00,92338.0,92721.0,91772.0,92216.0,2519.68806,1.20028e-05,-0.0004039777,-0.0013221064595834522,0.120028
2025-12-03 17:00:00+00:00,92216.0,93019.0,92168.0,92931.0,1155.90456,1.25e-05,-0.0002664855,0.007723631000329357,0.125
2025-12-03 18:00:00+00:00,92931.0,93486.0,92350.0,92593.0,1796.10054,1.25e-05,-0.0002630638,-0.0036437374567577186,0.125
2025-12-03 19:00:00+00:00,92593.0,93067.0,92507.0,92990.0,757.62605,1.25e-05,-0.0002983771,0.004278415647822843,0.125
2025-12-03 20:00:00+00:00,92994.0,93350.0,92800.0,92934.0,1058.19437,1.25e-05,-0.0002892107,-0.0006023966964292018,0.125
2025-12-03 21:00:00+00:00,92936.0,93726.0,92820.0,93655.0,1081.73093,1.25e-05,-0.0002877116,0.0077282539541789225,0.125
2025-12-03 22:00:00+00:00,93655.0,94140.0,93266.0,93748.0,1333.44686,1.25e-05,-0.0003566448,0.0009925135417725643,0.125
2025-12-03 23:00:00+00:00,93749.0,94069.0,93351.0,93395.0,1181.89191,1.25e-05,-0.0003243122,-0.003772520678361655,0.125
2025-12-04 00:00:00+00:00,93395.0,93439.0,92631.0,93022.0,2536.87639,1.25e-05,-0.0003301567,-0.004001786293926945,0.125
2025-12-04 01:00:00+00:00,93022.0,93712.0,92950.0,93137.0,1052.01617,4.6096e-06,-0.0004631232,0.0012355031411713804,0.046096
2025-12-04 02:00:00+00:00,93138.0,94018.0,93065.0,93888.0,1731.46779,8.1776e-06,-0.0004345793,0.008031055062005875,0.08177599999999999
2025-12-04 03:00:00+00:00,93889.0,94031.0,93361.0,93498.0,862.71576,4.6778e-06,-0.0004625774,-0.004162536828984085,0.046778
2025-12-04 04:00:00+00:00,93498.0,93542.0,93170.0,93314.0,663.55297,1.7987e-06,-0.0004856102,-0.001969895504580224,0.017987
2025-12-04 05:00:00+00:00,93315.0,93334.0,92730.0,92924.0,1230.2663,1.6075e-06,-0.00048714,-0.004188195428233968,0.016075
2025-12-04 06:00:00+00:00,92924.0,93327.0,92800.0,93100.0,665.3996,-3.7103e-06,-0.0005296821,0.0018922295243030407,-0.037103
2025-12-04 07:00:00+00:00,93100.0,93379.0,92832.0,93345.0,607.41995,3.896e-07,-0.0004968828,0.0026281224062694084,0.003896
2025-12-04 08:00:00+00:00,93346.0,93563.0,93008.0,93233.0,895.64652,4.7694e-06,-0.000461845,-0.0012005704150841094,0.04769399999999999
2025-12-04 09:00:00+00:00,93223.0,93581.0,93200.0,93404.0,550.76572,4.9384e-06,-0.0004604924,0.0018324345960220969,0.049384
2025-12-04 10:00:00+00:00,93404.0,93500.0,93133.0,93215.0,569.46452,3.2715e-06,-0.0004738276,-0.002025517922804049,0.032715
2025-12-04 11:00:00+00:00,93214.0,93271.0,92700.0,92898.0,541.27963,2.3771e-06,-0.0004809832,-0.0034065358846700933,0.023771
2025-12-04 12:00:00+00:00,92899.0,93144.0,92726.0,92947.0,684.5244,4.2056e-06,-0.0004663548,0.0005273211669449666,0.042056
2025-12-04 13:00:00+00:00,92951.0,93005.0,92387.0,92476.0,1448.71931,4.3666e-06,-0.0004650673,-0.0050802868362085675,0.043665999999999996
2025-12-04 14:00:00+00:00,92477.0,92780.0,91761.0,91867.0,1951.6718,5.3511e-06,-0.0004571909,-0.006607272481655516,0.053511
2025-12-04 15:00:00+00:00,91867.0,93236.0,91866.0,92940.0,3177.2948,7.7289e-06,-0.0004381688,0.01161224474499654,0.077289
2025-12-04 16:00:00+00:00,92939.0,93130.0,92222.0,92384.0,1589.9975,1.25e-05,-0.0003245293,-0.006000320176307713,0.125
2025-12-04 17:00:00+00:00,92385.0,92513.0,91702.0,92393.0,1801.98359,1.25e-05,-0.0003985176,9.741472160630958e-05,0.125
2025-12-04 18:00:00+00:00,92393.0,92503.0,91899.0,92087.0,1398.96535,1.0494e-05,-0.0004160477,-0.003317435826508525,0.10493999999999999
2025-12-04 19:00:00+00:00,92086.0,92123.0,90806.0,91927.0,3571.23966,1.04994e-05,-0.0004160049,-0.0017389985579525816,0.104994
2025-12-04 20:00:00+00:00,91933.0,92496.0,91634.0,92459.0,1420.87532,6.737e-06,-0.0004461043,0.005770519196143426,0.06737
2025-12-04 21:00:00+00:00,92457.0,92683.0,92041.0,92113.0,763.90525,9.152e-06,-0.000426784,-0.0037492187904962513,0.09152
2025-12-04 22:00:00+00:00,92114.0,92461.0,92106.0,92304.0,489.81965,6.5134e-06,-0.0004478926,0.0020713932912167408,0.065134
2025-12-04 23:00:00+00:00,92304.0,92410.0,92034.0,92034.0,547.73583,8.577e-06,-0.000431384,-0.0029294035205067737,0.08577
2025-12-05 00:00:00+00:00,92034.0,92439.0,92027.0,92253.0,645.33757,5.0222e-06,-0.0004598224,0.002376728723038622,0.050222
2025-12-05 01:00:00+00:00,92253.0,92562.0,92181.0,92315.0,447.12445,-4.765e-07,-0.0005038117,0.0006718391306409838,-0.004765
2025-12-05 02:00:00+00:00,92315.0,92660.0,92209.0,92490.0,940.80404,5.704e-07,-0.0004954369,0.0018938887184622604,0.005704
2025-12-05 03:00:00+00:00,92491.0,92632.0,91956.0,92143.0,890.32741,9.6382e-06,-0.0004228946,-0.0037588124393144453,0.09638200000000001
2025-12-05 04:00:00+00:00,92144.0,92368.0,91780.0,91991.0,771.35141,1.25e-05,-0.0001861498,-0.001650971950054215,0.125
2025-12-05 05:00:00+00:00,91992.0,92173.0,91828.0,91904.0,470.36844,1.25e-05,-0.0002875148,-0.0009461921910957938,0.125
2025-12-05 06:00:00+00:00,91903.0,92250.0,91880.0,92237.0,481.59741,1.25e-05,-0.0003736056,0.003616797595363487,0.125
2025-12-05 07:00:00+00:00,92238.0,92464.0,92156.0,92205.0,381.80723,1.25e-05,-0.0003793587,-0.0003469925539852633,0.125
2025-12-05 08:00:00+00:00,92206.0,92223.0,91871.0,92081.0,494.44922,1.25e-05,-0.0003704638,-0.0013457345507925976,0.125
2025-12-05 09:00:00+00:00,92082.0,92082.0,90940.0,91091.0,1446.75408,1.25e-05,-0.000377702,-0.010809617626356276,0.125
2025-12-05 10:00:00+00:00,91090.0,91451.0,91048.0,91241.0,632.44609,9.1823e-06,-0.0004265417,0.001645350611409313,0.091823
2025-12-05 11:00:00+00:00,91241.0,91520.0,91075.0,91298.0,906.93529,1.25e-05,-0.0003727138,0.0006245240946059338,0.125
2025-12-05 12:00:00+00:00,91298.0,91388.0,91033.0,91196.0,456.61969,1.08271e-05,-0.0004133835,-0.001117845086648387,0.108271
2025-12-05 13:00:00+00:00,91197.0,91320.0,90215.0,90419.0,2641.43267,5.8265e-06,-0.0004533883,-0.008556614164108578,0.058265
2025-12-05 14:00:00+00:00,90419.0,90690.0,89868.0,90260.0,3992.69094,8.6619e-06,-0.000430705,-0.00176002790633661,0.08661899999999999
2025-12-05 15:00:00+00:00,90260.0,91440.0,90216.0,90406.0,3674.07812,8.6967e-06,-0.0004304261,0.0016162424781889213,0.08696699999999999
2025-12-05 16:00:00+00:00,90406.0,90455.0,88032.0,88759.0,7686.67138,-3.7007e-06,-0.0005296056,-0.01838580521230405,-0.037007
2025-12-05 17:00:00+00:00,88760.0,89422.0,88581.0,89289.0,3191.98244,1.1741e-06,-0.000490607,0.005953468339244666,0.011741
2025-12-05 18:00:00+00:00,89290.0,89771.0,88858.0,88899.0,2506.34298,9.718e-06,-0.0004222556,-0.004377406141317613,0.09718
2025-12-05 19:00:00+00:00,88898.0,89767.0,88772.0,89586.0,1913.03028,2.1319e-06,-0.0004829452,0.007698163909914551,0.021318999999999998
2025-12-05 20:00:00+00:00,89587.0,89706.0,89140.0,89272.0,1535.67907,4.0346e-06,-0.0004677231,-0.0035111688891816786,0.040346
2025-12-05 21:00:00+00:00,89268.0,89422.0,89030.0,89117.0,945.13002,2.7057e-06,-0.0004783548,-0.0017377757485784974,0.027057
2025-12-05 22:00:00+00:00,89119.0,89326.0,88844.0,89194.0,832.83542,-2.849e-07,-0.0005022795,0.0008636596147881565,-0.002849
2025-12-05 23:00:00+00:00,89194.0,89341.0,88873.0,89294.0,861.69884,1.0629e-06,-0.0004914967,0.0011205236258248414,0.010629
2025-12-06 00:00:00+00:00,89294.0,89434.0,89001.0,89383.0,546.54526,4.528e-06,-0.0004637762,0.0009962111224228185,0.045279999999999994
2025-12-06 01:00:00+00:00,89383.0,89478.0,89174.0,89280.0,467.77148,6.8036e-06,-0.0004455713,-0.0011530088648565421,0.068036
2025-12-06 02:00:00+00:00,89281.0,89366.0,89129.0,89354.0,299.05152,1.10854e-05,-0.0004113168,0.0008285097375972522,0.11085400000000001
2025-12-06 03:00:00+00:00,89354.0,89769.0,89346.0,89634.0,643.30226,8.2861e-06,-0.0004337115,0.0031287039176372453,0.082861
2025-12-06 04:00:00+00:00,89634.0,89666.0,89489.0,89623.0,156.10316,9.9468e-06,-0.0004204257,-0.00012272881967014616,0.09946799999999999
2025-12-06 05:00:00+00:00,89623.0,89698.0,89500.0,89565.0,164.06653,8.0155e-06,-0.0004358762,-0.0006473648014996134,0.080155
2025-12-06 06:00:00+00:00,89565.0,89724.0,89479.0,89638.0,207.74743,7.4123e-06,-0.0004407019,0.0008147185486617045,0.07412300000000001
2025-12-06 07:00:00+00:00,89638.0,89669.0,89422.0,89546.0,230.93339,8.0775e-06,-0.00043538,-0.0010268774900026993,0.080775
2025-12-06 08:00:00+00:00,89546.0,89586.0,89171.0,89237.0,433.03606,7.2325e-06,-0.0004421403,-0.0034567079384763347,0.072325
2025-12-06 09:00:00+00:00,89237.0,89635.0,89222.0,89528.0,244.81718,5.8012e-06,-0.0004535904,0.0032556737284780268,0.058011999999999994
2025-12-06 10:00:00+00:00,89528.0,89641.0,89406.0,89471.0,570.05489,1.00746e-05,-0.0004194031,-0.0006368750878680184,0.100746
2025-12-06 11:00:00+00:00,89471.0,89678.0,89461.0,89581.0,317.17124,7.154e-06,-0.000442768,0.0012286934950607978,0.07153999999999999
2025-12-06 12:00:00+00:00,89582.0,89601.0,89516.0,89535.0,153.07346,6.4125e-06,-0.0004486997,-0.0005136336341958085,0.064125
2025-12-06 13:00:00+00:00,89535.0,89737.0,89535.0,89617.0,467.42432,3.8988e-06,-0.0004688094,0.0009154238381524501,0.038988
2025-12-06 14:00:00+00:00,89618.0,90249.0,89602.0,89946.0,1426.72847,4.868e-07,-0.000496106,0.0036644561313573967,0.004868000000000001
2025-12-06 15:00:00+00:00,89947.0,89999.0,89451.0,89712.0,957.43824,-1.6024e-06,-0.0005128196,-0.002604950876915944,-0.016024
2025-12-06 16:00:00+00:00,89712.0,89942.0,89623.0,89665.0,533.73564,-1.8218e-06,-0.0005145742,-0.0005240359809292432,-0.018218
2025-12-06 17:00:00+00:00,89664.0,89809.0,89562.0,89665.0,576.95108,-7.292e-07,-0.0005058339,0.0,-0.007292000000000001
2025-12-06 18:00:00+00:00,89665.0,89750.0,89460.0,89597.0,430.65943,-1.235e-06,-0.0005098803,-0.000758666122899255,-0.01235
2025-12-06 19:00:00+00:00,89597.0,89699.0,89229.0,89359.0,1055.66164,-1.8064e-06,-0.0005144509,-0.0026598732685056497,-0.018064
2025-12-06 20:00:00+00:00,89359.0,89521.0,89285.0,89500.0,212.41927,-2.4558e-06,-0.0005196462,0.0015766612718272008,-0.024558
2025-12-06 21:00:00+00:00,89499.0,89577.0,89340.0,89359.0,521.14137,2.9053e-06,-0.0004767573,-0.0015766612718270852,0.029053
2025-12-06 22:00:00+00:00,89359.0,89485.0,89199.0,89235.0,662.53526,-4.5724e-06,-0.0005365789,-0.0013886247010038396,-0.045723999999999994
2025-12-06 23:00:00+00:00,89235.0,89279.0,88848.0,89181.0,1383.49496,-1.01574e-05,-0.0005812593,-0.0006053268949970119,-0.101574
2025-12-07 00:00:00+00:00,89182.0,89509.0,89128.0,89330.0,481.31744,-8.1786e-06,-0.0005654288,0.0016693653007659646,-0.081786
2025-12-07 01:00:00+00:00,89330.0,89540.0,89235.0,89236.0,397.04809,-5.8314e-06,-0.0005466514,-0.001052832103344428,-0.058314
2025-12-07 02:00:00+00:00,89235.0,89652.0,89235.0,89586.0,521.87263,-6.306e-06,-0.0005504476,0.003914512162178466,-0.06306
2025-12-07 03:00:00+00:00,89578.0,89699.0,89505.0,89669.0,251.20453,-2.1084e-06,-0.0005168673,0.0009260551274060747,-0.021084
2025-12-07 04:00:00+00:00,89669.0,89749.0,89445.0,89485.0,239.70451,9.1e-08,-0.0004992719,-0.0020540994306161974,0.0009099999999999999
2025-12-07 05:00:00+00:00,89487.0,89513.0,89369.0,89467.0,207.446,-3.3813e-06,-0.0005270505,-0.0002011712644810147,-0.033813
2025-12-07 06:00:00+00:00,89466.0,89659.0,89450.0,89658.0,239.46924,-1.605e-06,-0.0005128398,0.0021325897824203627,-0.016050000000000002
2025-12-07 07:00:00+00:00,89660.0,89690.0,89140.0,89335.0,499.09882,1.2178e-06,-0.0004902577,-0.003609083602180502,0.012178
2025-12-07 08:00:00+00:00,89336.0,89497.0,89153.0,89269.0,652.8583,1.0707e-06,-0.0004914343,-0.0007390652281493543,0.010707
2025-12-07 09:00:00+00:00,89268.0,89358.0,88996.0,89062.0,417.89792,2.6248e-06,-0.000479002,-0.002321526744857961,0.026247999999999997
2025-12-07 10:00:00+00:00,89061.0,89347.0,89055.0,89180.0,521.24965,-3.3042e-06,-0.0005264334,0.0013240427872074866,-0.033042
2025-12-07 11:00:00+00:00,89180.0,89222.0,89090.0,89091.0,477.69089,-1.4461e-06,-0.0005115689,-0.0009984799254408373,-0.014461
2025-12-07 12:00:00+00:00,89091.0,89544.0,89062.0,89428.0,1003.14218,-1.2345e-05,-0.0005987601,0.003775512974122996,-0.12344999999999999
2025-12-07 13:00:00+00:00,89429.0,89452.0,88543.0,88971.0,2371.53558,-1.17766e-05,-0.000594213,-0.0051233583107683014,-0.117766
2025-12-07 14:00:00+00:00,88971.0,89052.0,87666.0,88192.0,3222.23649,-8.4468e-06,-0.0005675741,-0.008794217986105683,-0.084468
2025-12-07 15:00:00+00:00,88192.0,89686.0,88119.0,89508.0,2884.94689,-4.4116e-06,-0.0005352924,0.014811750809887819,-0.044116
2025-12-07 16:00:00+00:00,89507.0,89869.0,89059.0,89859.0,1835.44267,-2.6342e-06,-0.0005210733,0.003913768397076274,-0.026342
2025-12-07 17:00:00+00:00,89859.0,91266.0,89557.0,90906.0,3738.64392,-9.3514e-06,-0.0005748111,0.011584230447650634,-0.093514
2025-12-07 18:00:00+00:00,90907.0,91721.0,90906.0,91306.0,2089.52222,-3.6106e-06,-0.0005288846,0.004390497250989588,-0.036106
2025-12-07 19:00:00+00:00,91305.0,91496.0,91155.0,91372.0,1538.23217,-6.4286e-06,-0.0005514292,0.0007225829368801504,-0.064286
2025-12-07 20:00:00+00:00,91372.0,91475.0,91259.0,91390.0,886.5869,-5.4387e-06,-0.0005435098,0.00019697749048699432,-0.054387
2025-12-07 21:00:00+00:00,91387.0,91387.0,89803.0,90187.0,3234.21746,-4.0363e-06,-0.0005322902,-0.01325077077093266,-0.040362999999999996
2025-12-07 22:00:00+00:00,90186.0,90222.0,88893.0,89558.0,4280.97369,-7.9747e-06,-0.0005637979,-0.006998832429918379,-0.079747
2025-12-07 23:00:00+00:00,89557.0,90455.0,89465.0,90344.0,1102.21361,2.981e-07,-0.0004976152,0.008738146338110063,0.002981
2025-12-08 00:00:00+00:00,90345.0,90569.0,89794.0,90311.0,863.52047,1.6e-06,-0.0004871998,-0.0003653372490885103,0.016
2025-12-08 01:00:00+00:00,90310.0,91636.0,90274.0,90851.0,2375.59819,1.2342e-06,-0.0004901261,0.0059615327639718566,0.012342
2025-12-08 02:00:00+00:00,90854.0,91394.0,90761.0,91309.0,1175.39924,2.903e-07,-0.000497678,0.00502855692903611,0.002903
2025-12-08 03:00:00+00:00,91310.0,91361.0,90941.0,91025.0,597.84604,2.4247e-06,-0.0004806024,-0.003115164803791453,0.024246999999999998
2025-12-08 04:00:00+00:00,91025.0,91440.0,90969.0,91227.0,464.85361,-8.317e-07,-0.0005066535,0.002216711835434685,-0.008317
2025-12-08 05:00:00+00:00,91228.0,91396.0,91000.0,91282.0,488.1673,-8.919e-07,-0.0005071351,0.0006027100215872667,-0.008919
2025-12-08 06:00:00+00:00,91281.0,91617.0,91207.0,91401.0,521.06331,-1.3905e-06,-0.0005111239,0.0013028034007710493,-0.013905
2025-12-08 07:00:00+00:00,91401.0,91829.0,91326.0,91513.0,715.57855,3.521e-07,-0.0004971832,0.0012246193730073554,0.003521
2025-12-08 08:00:00+00:00,91513.0,91879.0,91434.0,91789.0,795.93459,3.4545e-06,-0.000472364,0.0030114260464127575,0.034545
2025-12-08 09:00:00+00:00,91789.0,92256.0,91751.0,91881.0,1556.1413,1.624e-07,-0.0004987005,0.0010017967843877823,0.001624
2025-12-08 10:00:00+00:00,91881.0,92187.0,91766.0,92089.0,653.88578,7.4749e-06,-0.0004402006,0.0022612392088801926,0.074749
2025-12-08 11:00:00+00:00,92089.0,92146.0,91811.0,91926.0,880.25839,5.0249e-06,-0.0004598009,-0.0017715951703063896,0.050249
2025-12-08 12:00:00+00:00,91926.0,91951.0,91614.0,91722.0,679.36115,4.0274e-06,-0.0004677812,-0.0022216423147194946,0.040274
2025-12-08 13:00:00+00:00,91723.0,92080.0,91220.0,91417.0,1229.19751,4.135e-07,-0.0004966921,-0.0033308064582568304,0.004135
2025-12-08 14:00:00+00:00,91417.0,91759.0,90714.0,90815.0,3019.83392,3.657e-07,-0.0004970747,-0.0066069865872883885,0.003657
2025-12-08 15:00:00+00:00,90815.0,90950.0,89565.0,89918.0,4271.03883,2.6591e-06,-0.0004787275,-0.00992632629626517,0.026591
2025-12-08 16:00:00+00:00,89918.0,90449.0,89644.0,89932.0,1838.97336,7.7537e-06,-0.0004379703,0.00015568529361438942,0.077537
2025-12-08 17:00:00+00:00,89932.0,90289.0,89619.0,90215.0,1796.31437,6.9781e-06,-0.0004441749,0.00314188116150582,0.069781
2025-12-08 18:00:00+00:00,90216.0,90478.0,89681.0,89886.0,1460.46384,3.9041e-06,-0.0004687669,-0.0036535095969619054,0.039041
2025-12-08 19:00:00+00:00,89871.0,90325.0,89812.0,90071.0,1280.81297,3.2203e-06,-0.0004742379,0.0020560474465717805,0.032202999999999996
2025-12-08 20:00:00+00:00,90072.0,90867.0,90072.0,90742.0,1852.2218,2.8599e-06,-0.0004771209,0.007422066779300069,0.028599
2025-12-08 21:00:00+00:00,90749.0,91336.0,90631.0,91273.0,1497.45388,4.2544e-06,-0.0004659646,0.005834700507476794,0.042544000000000005
2025-12-08 22:00:00+00:00,91273.0,91338.0,90650.0,90773.0,1462.38425,5.0289e-06,-0.0004597686,-0.005493130936902501,0.050289
2025-12-08 23:00:00+00:00,90774.0,90960.0,90441.0,90594.0,1161.57922,1.7401e-06,-0.0004860789,-0.0019738988693582997,0.017401
2025-12-09 00:00:00+00:00,90594.0,90799.0,90304.0,90347.0,733.43636,1.2142e-06,-0.0004902866,-0.0027301734092880906,0.012142
2025-12-09 01:00:00+00:00,90347.0,90519.0,89912.0,90009.0,881.05548,1.1498e-06,-0.0004908012,-0.003748146950501235,0.011498
2025-12-09 02:00:00+00:00,90010.0,90331.0,89933.0,90009.0,594.66624,1.7238e-06,-0.0004862098,0.0,0.017238
2025-12-09 03:00:00+00:00,90008.0,90395.0,89754.0,90356.0,1097.72799,1.0631e-06,-0.0004914953,0.0038477579144302453,0.010631
2025-12-09 04:00:00+00:00,90357.0,90461.0,89677.0,89873.0,1015.85068,-9.127e-07,-0.0005073016,-0.0053598605807687735,-0.009127
2025-12-09 05:00:00+00:00,89873.0,90163.0,89500.0,89836.0,1041.44,-1.106e-07,-0.0005008844,-0.00041177682278359195,-0.001106
2025-12-09 06:00:00+00:00,89837.0,90189.0,89721.0,90122.0,683.82979,2.4665e-06,-0.0004802682,0.003178522108360821,0.024665
2025-12-09 07:00:00+00:00,90122.0,90487.0,90044.0,90439.0,449.90651,2.3582e-06,-0.0004811347,0.0035112823444015833,0.023582000000000002
2025-12-09 08:00:00+00:00,90439.0,90550.0,90333.0,90463.0,573.28558,3.1232e-06,-0.0004750141,0.00026533703486753907,0.031232
2025-12-09 09:00:00+00:00,90452.0,90452.0,90080.0,90082.0,440.64211,-1.2225e-06,-0.0005097802,-0.00422056069751907,-0.012225
2025-12-09 10:00:00+00:00,90083.0,90296.0,89871.0,90252.0,704.6291,-1.3125e-06,-0.0005104999,0.0018853910006791253,-0.013125
2025-12-09 11:00:00+00:00,90252.0,90358.0,90100.0,90338.0,460.9125,7.013e-07,-0.00049439,0.0009524337615714407,0.007012999999999999
2025-12-09 12:00:00+00:00,90340.0,90647.0,90299.0,90544.0,905.81868,5.2972e-06,-0.0004576225,0.0022777290063302775,0.052972
2025-12-09 13:00:00+00:00,90544.0,90827.0,90145.0,90401.0,1740.61156,1.25e-05,-0.0003869172,-0.001580591116317471,0.125
2025-12-09 14:00:00+00:00,90401.0,90608.0,89958.0,90320.0,2849.70769,1.25e-05,-0.0003723592,-0.0008964094424440546,0.125
2025-12-09 15:00:00+00:00,90320.0,92874.0,90254.0,92671.0,6646.33607,1.25e-05,-0.0003414147,0.025696666677712948,0.125
2025-12-09 16:00:00+00:00,92671.0,94443.0,92671.0,94125.0,7310.21838,1.25e-05,-0.0002578075,0.015568099600938056,0.125
2025-12-09 17:00:00+00:00,94126.0,94569.0,93485.0,93858.0,3559.70546,1.25e-05,-0.0003213121,-0.002840684312369454,0.125
2025-12-09 18:00:00+00:00,93859.0,94132.0,93610.0,93878.0,1496.64734,5.4253e-06,-0.0004565977,0.0002130651561305197,0.054253
2025-12-09 19:00:00+00:00,93879.0,94172.0,93604.0,93757.0,1910.37447,4.5963e-06,-0.0004632294,-0.0012897382340486636,0.045963000000000004
2025-12-09 20:00:00+00:00,93757.0,93811.0,92711.0,93059.0,2689.27864,8.1124e-06,-0.0004351012,-0.0074726281264302155,0.081124
2025-12-09 21:00:00+00:00,93065.0,93197.0,92199.0,92633.0,2572.54713,3.0189e-06,-0.0004758487,-0.004588250946162396,0.030189
2025-12-09 22:00:00+00:00,92633.0,92991.0,92461.0,92830.0,795.97268,2.2516e-06,-0.000481987,0.0021244137546637246,0.022516
2025-12-09 23:00:00+00:00,92830.0,92935.0,92499.0,92654.0,1096.21158,3.8708e-06,-0.0004690339,-0.0018977383798137741,0.038708
2025-12-10 00:00:00+00:00,92655.0,92740.0,92000.0,92084.0,1715.57706,1.04131e-05,-0.0004166949,-0.0061709210753774,0.104131
2025-12-10 01:00:00+00:00,92085.0,92369.0,91919.0,92280.0,1272.5078,8.1203e-06,-0.0004350375,0.0021262293489028626,0.08120300000000001
2025-12-10 02:00:00+00:00,92280.0,92541.0,91972.0,92457.0,755.87193,1.0604e-05,-0.0004151679,0.0019162382647932008,0.10604000000000001
2025-12-10 03:00:00+00:00,92458.0,92522.0,92307.0,92381.0,337.68892,1.25e-05,-0.0003867291,-0.0008223417726104621,0.125
2025-12-10 04:00:00+00:00,92379.0,92627.0,92347.0,92520.0,544.62565,1.25e-05,-0.0003944584,0.0015035075655028653,0.125
2025-12-10 05:00:00+00:00,92521.0,92718.0,92501.0,92538.0,937.70852,1.25e-05,-0.0003805695,0.0001945336062938638,0.125
2025-12-10 06:00:00+00:00,92538.0,92718.0,92378.0,92675.0,529.76683,1.25e-05,-0.0002301251,0.0014793780672636807,0.125
2025-12-10 07:00:00+00:00,92675.0,92779.0,92463.0,92752.0,214.20646,1.25e-05,-0.0002785947,0.0008305155605811942,0.125
2025-12-10 08:00:00+00:00,92756.0,92761.0,92517.0,92586.0,335.36914,1.25e-05,-0.0003157431,-0.0017913222802543715,0.125
2025-12-10 09:00:00+00:00,92585.0,92905.0,92404.0,92887.0,348.54801,1.25e-05,-0.0003206475,0.0032457582963723456,0.125
2025-12-10 10:00:00+00:00,92887.0,93220.0,92097.0,92245.0,1493.46276,1.25e-05,-0.0003411359,-0.006935619703766406,0.125
2025-12-10 11:00:00+00:00,92245.0,92396.0,91730.0,92085.0,904.58993,1.1916e-05,-0.0004046717,-0.0017360173621593792,0.11916
2025-12-10 12:00:00+00:00,92084.0,92174.0,91775.0,91959.0,1261.78631,6.7572e-06,-0.0004459421,-0.001369238004885049,0.06757200000000001
2025-12-10 13:00:00+00:00,91956.0,92184.0,91906.0,92051.0,880.61771,4.9674e-06,-0.000460261,0.000999945738447214,0.049674
2025-12-10 14:00:00+00:00,92051.0,92067.0,91543.0,91807.0,1353.49528,1.22667e-05,-0.0004018666,-0.0026542238384662945,0.12266700000000001
2025-12-10 15:00:00+00:00,91806.0,92119.0,91547.0,92027.0,1172.97771,1.25e-05,-0.0003834679,0.0023934648109237107,0.125
2025-12-10 16:00:00+00:00,92026.0,92570.0,91856.0,92134.0,1754.64106,1.25e-05,-0.0003117118,0.0011620268356518342,0.125
2025-12-10 17:00:00+00:00,92134.0,92489.0,92062.0,92364.0,1338.75333,1.25e-05,-0.0003144324,0.0024932532509398843,0.125
2025-12-10 18:00:00+00:00,92364.0,93025.0,91968.0,92456.0,2935.23807,1.25e-05,-0.0002585604,0.000995563332959425,0.125
2025-12-10 19:00:00+00:00,92474.0,93231.0,91612.0,92900.0,8607.80438,1.25e-05,-0.0002754327,0.004790790146652678,0.125
2025-12-10 20:00:00+00:00,92898.0,94444.0,92184.0,92419.0,7711.60499,1.25e-05,-0.0003581806,-0.005191060605005578,0.125
2025-12-10 21:00:00+00:00,92425.0,92735.0,91831.0,92317.0,3049.79232,6.4329e-06,-0.0004485366,-0.0011042786502378566,0.064329
2025-12-10 22:00:00+00:00,92317.0,92655.0,91915.0,92473.0,2156.51786,1.23158e-05,-0.0004014734,0.0016884034532081771,0.123158
2025-12-10 23:00:00+00:00,92473.0,92540.0,91884.0,91961.0,1053.83672,4.3317e-06,-0.0004653468,-0.00555213588873062,0.043317
2025-12-11 00:00:00+00:00,91961.0,92028.0,91009.0,91350.0,1978.4403,3.3058e-06,-0.0004735538,-0.006666291305011354,0.033058000000000004
2025-12-11 01:00:00+00:00,91351.0,91357.0,90602.0,90634.0,2263.44582,5.041e-07,-0.0004959671,-0.007868864235295155,0.0050409999999999995
2025-12-11 02:00:00+00:00,90632.0,90632.0,89830.0,90031.0,2675.87492,5.9717e-06,-0.0004522267,-0.006675363121380392,0.059717
2025-12-11 03:00:00+00:00,90032.0,90032.0,89344.0,89860.0,1966.19214,1.25e-05,-0.0003921374,-0.0019011518253262906,0.125
2025-12-11 04:00:00+00:00,89859.0,90440.0,89662.0,90400.0,1280.44547,1.25e-05,-0.0003339673,0.005991363756116905,0.125
2025-12-11 05:00:00+00:00,90400.0,90400.0,90038.0,90272.0,626.39953,1.25e-05,-0.0003136822,-0.0014169325785450418,0.125
2025-12-11 06:00:00+00:00,90272.0,90415.0,89929.0,90261.0,662.80177,1.25e-05,-0.0003843211,-0.00012186137729512115,0.125
2025-12-11 07:00:00+00:00,90260.0,90291.0,90055.0,90236.0,393.35445,1.25e-05,-0.0003968525,-0.0002770129161134319,0.125
2025-12-11 08:00:00+00:00,90236.0,90249.0,89943.0,90151.0,347.2624,1.17478e-05,-0.000406018,-0.0009424183149681314,0.117478
2025-12-11 09:00:00+00:00,90150.0,90469.0,90109.0,90190.0,399.42315,1.25e-05,-0.000350366,0.0004325139664077416,0.125
2025-12-11 10:00:00+00:00,90190.0,90313.0,90132.0,90287.0,173.64838,1.25e-05,-0.0003422432,0.0010749293188614278,0.125
2025-12-11 11:00:00+00:00,90287.0,90380.0,90173.0,90202.0,213.95142,1.25e-05,-0.0003690353,-0.0009418857247142466,0.125
2025-12-11 12:00:00+00:00,90201.0,90350.0,89980.0,90000.0,359.44133,1.25e-05,-0.0003417201,-0.0022419294414989153,0.125
2025-12-11 13:00:00+00:00,90000.0,90141.0,89849.0,90069.0,754.51644,1.25e-05,-0.0003294225,0.0007663729279012522,0.125
2025-12-11 14:00:00+00:00,90069.0,90448.0,89229.0,89518.0,3469.02492,1.25e-05,-0.0003446325,-0.006136320880297608,0.125
2025-12-11 15:00:00+00:00,89517.0,90624.0,89373.0,89849.0,3712.57557,1.25e-05,-0.0002907178,0.0036907611292187866,0.125
2025-12-11 16:00:00+00:00,89848.0,90153.0,89289.0,89700.0,2062.52432,1.25e-05,-0.0002845151,-0.0016597144423371216,0.125
2025-12-11 17:00:00+00:00,89700.0,90228.0,89601.0,89950.0,1051.0283,1.25e-05,-0.0003746082,0.002783191331791637,0.125
2025-12-11 18:00:00+00:00,89949.0,91160.0,89866.0,90672.0,2603.68224,1.25e-05,-0.0003527657,0.007994639030721335,0.125
2025-12-11 19:00:00+00:00,90668.0,91500.0,90554.0,90787.0,3018.25797,1.25e-05,-0.0003765782,0.0012675041237553766,0.125
2025-12-11 20:00:00+00:00,90787.0,91798.0,90744.0,91748.0,3731.5299,4.5767e-06,-0.0004633865,0.010529584780950419,0.045766999999999995
2025-12-11 21:00:00+00:00,91749.0,93544.0,91663.0,92836.0,5579.58625,-2.0704e-06,-0.000516563,0.01178880726887903,-0.020704
2025-12-11 22:00:00+00:00,92836.0,93176.0,92064.0,92328.0,2492.73102,1.25e-05,-0.0003407571,-0.0054870414827444675,0.125
2025-12-11 23:00:00+00:00,92328.0,92771.0,92293.0,92481.0,2016.24772,1.25e-05,-0.0003557144,0.0016557638962908423,0.125
2025-12-12 00:00:00+00:00,92482.0,92611.0,91394.0,91540.0,1477.85119,1.25e-05,-0.0003196435,-0.010227182788898592,0.125
2025-12-12 01:00:00+00:00,91540.0,92285.0,91490.0,92144.0,927.33805,1.25e-05,-0.0003358289,0.0065765355388205235,0.125
2025-12-12 02:00:00+00:00,92144.0,92710.0,91913.0,92560.0,1300.87858,1.25e-05,-0.0003116731,0.004504512121104508,0.125
2025-12-12 03:00:00+00:00,92560.0,92728.0,92145.0,92254.0,769.20479,1.25e-05,-0.0002543834,-0.003311440471216624,0.125
2025-12-12 04:00:00+00:00,92254.0,92457.0,92114.0,92375.0,696.9963,1.25e-05,-0.000259716,0.0013107368541614235,0.125
2025-12-12 05:00:00+00:00,92374.0,92489.0,92050.0,92424.0,569.16337,1.25e-05,-0.0002816211,0.0005303059123517046,0.125
2025-12-12 06:00:00+00:00,92424.0,92723.0,92383.0,92498.0,1225.49918,1.25e-05,-0.0002714267,0.0008003374822897907,0.125
2025-12-12 07:00:00+00:00,92497.0,92552.0,92228.0,92413.0,670.87953,1.25e-05,-0.0001680854,-0.0009193612709574607,0.125
2025-12-12 08:00:00+00:00,92412.0,92449.0,92082.0,92271.0,628.42621,1.25e-05,-0.0002134232,-0.0015377621015618631,0.125
2025-12-12 09:00:00+00:00,92271.0,92552.0,92059.0,92502.0,534.53274,1.25e-05,-0.0002585394,0.002500366615769403,0.125
2025-12-12 10:00:00+00:00,92501.0,92614.0,92401.0,92480.0,239.18818,1.25e-05,-0.0003073661,-0.0002378609821898685,0.125
2025-12-12 11:00:00+00:00,92481.0,92481.0,92268.0,92399.0,354.7723,1.25e-05,-0.0001539959,-0.0008762488458151222,0.125
2025-12-12 12:00:00+00:00,92399.0,92419.0,92057.0,92410.0,212.6505,1.25e-05,-0.0001658421,0.00011904182169680027,0.125
2025-12-12 13:00:00+00:00,92408.0,92490.0,92221.0,92281.0,222.35751,1.25e-05,-0.0001513076,-0.0013969280688028748,0.125
2025-12-12 14:00:00+00:00,92282.0,92645.0,91890.0,92425.0,1218.78959,1.25e-05,-0.0001836306,0.0015592349915493735,0.125
2025-12-12 15:00:00+00:00,92425.0,92425.0,89746.0,89903.0,7456.3268,1.25e-05,-0.0002009928,-0.0276661934903324,0.125
2025-12-12 16:00:00+00:00,89898.0,90429.0,89448.0,90019.0,4285.4236,1.25e-05,-0.0002789328,0.0012894478281980694,0.125
2025-12-12 17:00:00+00:00,90019.0,90597.0,89784.0,90055.0,1980.95255,1.25e-05,-0.0002371661,0.00039983562845944824,0.125
2025-12-12 18:00:00+00:00,90054.0,90629.0,90011.0,90346.0,1015.41356,1.25e-05,-0.0003335427,0.003226148994682421,0.125
2025-12-12 19:00:00+00:00,90345.0,90367.0,89967.0,90156.0,1338.44528,1.25e-05,-0.0003504765,-0.0021052406086794636,0.125
2025-12-12 20:00:00+00:00,90156.0,90308.0,89837.0,90147.0,1000.20123,1.25e-05,-0.0003933911,-9.983194963453678e-05,0.125
2025-12-12 21:00:00+00:00,90165.0,90300.0,90067.0,90147.0,376.24873,8.0833e-06,-0.000435334,0.0,0.08083299999999999
2025-12-12 22:00:00+00:00,90154.0,90369.0,90149.0,90290.0,278.54907,1.12089e-05,-0.0004103284,0.0015850410939984244,0.11208900000000001
2025-12-12 23:00:00+00:00,90291.0,90356.0,90187.0,90228.0,150.87394,1.25e-05,-0.000363931,-0.0006869121354976183,0.125
2025-12-13 00:00:00+00:00,90228.0,90397.0,90165.0,90291.0,193.60537,1.25e-05,-0.0003988315,0.0006979874978005671,0.125
2025-12-13 01:00:00+00:00,90292.0,90321.0,90076.0,90194.0,300.50596,1.25e-05,-0.0003499791,-0.0010748816725960361,0.125
2025-12-13 02:00:00+00:00,90195.0,90291.0,90190.0,90200.0,132.68193,1.25e-05,-0.000392027,6.652105948328971e-05,0.125
2025-12-13 03:00:00+00:00,90200.0,90427.0,90166.0,90309.0,224.62136,1.25e-05,-0.0003971567,0.0012076961619455543,0.125
2025-12-13 04:00:00+00:00,90309.0,90379.0,90237.0,90336.0,176.52206,1.25e-05,-0.000386854,0.0002989288405551988,0.125
2025-12-13 05:00:00+00:00,90336.0,90343.0,90237.0,90303.0,54.1203,1.20162e-05,-0.0004038707,-0.00036536960863507544,0.120162
2025-12-13 06:00:00+00:00,90303.0,90330.0,90238.0,90321.0,109.28983,1.25e-05,-0.0003970041,0.00019930906257836385,0.125
2025-12-13 07:00:00+00:00,90320.0,90345.0,90291.0,90291.0,71.13872,8.2193e-06,-0.0004342459,-0.0003322038433315923,0.08219299999999999
2025-12-13 08:00:00+00:00,90291.0,90542.0,90291.0,90433.0,417.98158,1.15238e-05,-0.0004078092,0.0015714573517867855,0.115238
2025-12-13 09:00:00+00:00,90433.0,90488.0,90349.0,90392.0,298.45258,1.25e-05,-0.0003672428,-0.00045347712653237364,0.125
2025-12-13 10:00:00+00:00,90392.0,90624.0,90387.0,90557.0,298.16343,1.25e-05,-0.0003368963,0.001823718790729084,0.125
2025-12-13 11:00:00+00:00,90557.0,90569.0,90260.0,90311.0,191.75122,1.25e-05,-0.0003609003,-0.002720217525393543,0.125
2025-12-13 12:00:00+00:00,90311.0,90446.0,90252.0,90319.0,176.96871,1.25e-05,-0.0003305132,8.857886292677712e-05,0.125
2025-12-13 13:00:00+00:00,90319.0,90424.0,90171.0,90230.0,159.08337,1.25e-05,-0.0003038244,-0.0009858820287980154,0.125
2025-12-13 14:00:00+00:00,90229.0,90300.0,89909.0,90052.0,651.26482,1.25e-05,-0.0003183382,-0.001974684747681919,0.125
2025-12-13 15:00:00+00:00,90051.0,90262.0,90002.0,90062.0,325.90113,1.25e-05,-0.000286643,0.00011104078539446613,0.125
2025-12-13 16:00:00+00:00,90061.0,90231.0,90008.0,90066.0,173.34396,1.25e-05,-0.0003018823,4.441286197207905e-05,0.125
2025-12-13 17:00:00+00:00,90067.0,90076.0,89958.0,90025.0,189.76505,1.25e-05,-0.0003035674,-0.00045532537115514483,0.125
2025-12-13 18:00:00+00:00,90026.0,90146.0,90021.0,90087.0,93.39829,1.25e-05,-0.0003235865,0.0006884605406511334,0.125
2025-12-13 19:00:00+00:00,90087.0,90195.0,90079.0,90152.0,71.42194,1.25e-05,-0.0002964856,0.0007212645744579695,0.125
2025-12-13 20:00:00+00:00,90152.0,90178.0,90012.0,90060.0,89.86994,1.25e-05,-0.0002676208,-0.0010210197766226275,0.125
2025-12-13 21:00:00+00:00,90060.0,90161.0,89724.0,90151.0,836.06658,1.25e-05,-0.0002827141,0.0010099273377834662,0.125
2025-12-13 22:00:00+00:00,90151.0,90225.0,89974.0,90109.0,208.22799,1.25e-05,-0.0003251343,-0.00046599357328327116,0.125
2025-12-13 23:00:00+00:00,90109.0,90257.0,90042.0,90222.0,140.71106,1.25e-05,-0.0002451171,0.0012532511303123043,0.125
2025-12-14 00:00:00+00:00,90222.0,90443.0,90086.0,90311.0,344.22893,1.25e-05,-0.0002683539,0.0009859694040425312,0.125
2025-12-14 01:00:00+00:00,90312.0,90414.0,90175.0,90269.0,325.36889,1.25e-05,-0.0003033175,-0.0004651678010558685,0.125
2025-12-14 02:00:00+00:00,90269.0,90365.0,90210.0,90262.0,89.18673,1.25e-05,-0.0002536803,-7.754900824248052e-05,0.125
2025-12-14 03:00:00+00:00,90263.0,90273.0,90225.0,90236.0,60.3483,1.25e-05,-0.000284378,-0.00028809183680508066,0.125
2025-12-14 04:00:00+00:00,90237.0,90303.0,90098.0,90163.0,154.35054,1.25e-05,-0.000308917,-0.0008093171689925975,0.125
2025-12-14 05:00:00+00:00,90163.0,90186.0,90013.0,90162.0,429.87031,1.25e-05,-0.0002942484,-1.1091085540155025e-05,0.125
2025-12-14 06:00:00+00:00,90163.0,90194.0,90064.0,90109.0,158.25818,1.25e-05,-0.000376814,-0.0005880036337187708,0.125
2025-12-14 07:00:00+00:00,90109.0,90241.0,90042.0,90210.0,51.01499,1.25e-05,-0.0003950462,0.0011202370306216134,0.125
2025-12-14 08:00:00+00:00,90209.0,90244.0,90063.0,90079.0,164.03617,1.18711e-05,-0.0004050308,-0.001453222582125607,0.11871100000000001
2025-12-14 09:00:00+00:00,90078.0,90121.0,89967.0,89985.0,380.44009,1.25e-05,-0.0003881048,-0.0010440733132556126,0.125
2025-12-14 10:00:00+00:00,89985.0,90096.0,89749.0,89795.0,1541.29226,1.05468e-05,-0.0004156255,-0.002113695302466347,0.105468
2025-12-14 11:00:00+00:00,89796.0,89806.0,88587.0,89328.0,2398.216,1.0703e-06,-0.0004914372,-0.005214305902695147,0.010702999999999999
2025-12-14 12:00:00+00:00,89320.0,89627.0,89071.0,89384.0,914.39504,-1.6686e-06,-0.0005133492,0.0006267066770322133,-0.016686
2025-12-14 13:00:00+00:00,89384.0,89455.0,89043.0,89455.0,364.93556,4.8361e-06,-0.0004613114,0.0007940102967493134,0.048361
2025-12-14 14:00:00+00:00,89455.0,89522.0,88838.0,89071.0,560.14547,3.3066e-06,-0.0004735475,-0.0043019010362983405,0.033066
2025-12-14 15:00:00+00:00,89071.0,89141.0,88833.0,88974.0,412.20026,6.557e-06,-0.0004475439,-0.0010896122845008957,0.06557
2025-12-14 16:00:00+00:00,88974.0,89359.0,88491.0,88786.0,939.40852,2.131e-06,-0.0004829519,-0.002115212309795121,0.02131
2025-12-14 17:00:00+00:00,88786.0,88987.0,88560.0,88767.0,969.91644,1.9863e-06,-0.0004841098,-0.00021402060311593335,0.019863
2025-12-14 18:00:00+00:00,88767.0,89039.0,88680.0,88965.0,805.58409,6.2461e-06,-0.0004500311,0.0022280746507236716,0.062461
2025-12-14 19:00:00+00:00,88964.0,88964.0,88442.0,88608.0,908.64366,9.6375e-06,-0.0004228997,-0.004020886970248325,0.096375
2025-12-14 20:00:00+00:00,88605.0,88786.0,88276.0,88518.0,1048.40921,8.1333e-06,-0.0004349339,-0.001016225825066484,0.081333
2025-12-14 21:00:00+00:00,88518.0,88675.0,88292.0,88401.0,390.05671,6.1986e-06,-0.000450411,-0.0013226393666751846,0.061986
2025-12-14 22:00:00+00:00,88401.0,88576.0,87976.0,88381.0,1182.56525,7.6293e-06,-0.0004389652,-0.00022626738112847396,0.076293
2025-12-14 23:00:00+00:00,88382.0,88555.0,87558.0,88128.0,2071.72219,8.2866e-06,-0.0004337072,-0.0028667113094915492,0.082866
2025-12-15 00:00:00+00:00,88129.0,88649.0,88044.0,88438.0,1354.94083,8.8308e-06,-0.0004293534,0.003511438425632228,0.088308
2025-12-15 01:00:00+00:00,88438.0,89322.0,88383.0,89214.0,2027.3217,1.25e-05,-0.0003625677,0.008736236411319287,0.125
2025-12-15 02:00:00+00:00,89214.0,90007.0,89209.0,89280.0,2834.46244,1.25e-05,-0.0003178624,0.0007395206898596351,0.125
2025-12-15 03:00:00+00:00,89278.0,89512.0,89188.0,89243.0,643.76893,1.25e-05,-0.0002731223,-0.00041451242170229506,0.125
2025-12-15 04:00:00+00:00,89243.0,89768.0,89243.0,89636.0,1775.13301,1.25e-05,-0.0003823279,0.004394038789605643,0.125
2025-12-15 05:00:00+00:00,89637.0,89725.0,89436.0,89564.0,1538.81366,1.25e-05,-0.0002201543,-0.0008035714718121379,0.125
2025-12-15 06:00:00+00:00,89564.0,89878.0,89428.0,89685.0,679.40625,4.6403e-06,-0.0004628774,0.0013500774718853128,0.046403
2025-12-15 07:00:00+00:00,89686.0,89776.0,89465.0,89694.0,607.79433,-4.7247e-06,-0.0005377976,0.00010034619445474131,-0.047247
2025-12-15 08:00:00+00:00,89694.0,89852.0,89597.0,89723.0,410.39774,-5.2313e-06,-0.0005418502,0.0003232692582368465,-0.052313000000000005
2025-12-15 09:00:00+00:00,89724.0,89973.0,89723.0,89827.0,490.05344,-1.5001e-06,-0.0005120006,0.0011584518143220612,-0.015001
2025-12-15 10:00:00+00:00,89827.0,89927.0,89678.0,89808.0,325.40383,9.15e-07,-0.0004926799,-0.00021154006814765427,0.00915
2025-12-15 11:00:00+00:00,89807.0,89845.0,89534.0,89591.0,460.56535,-3.4668e-06,-0.0005277343,-0.0024191896926104863,-0.034668
2025-12-15 12:00:00+00:00,89592.0,89745.0,89372.0,89641.0,1395.6888,-4.8881e-06,-0.0005391047,0.0005579360973158378,-0.048881
2025-12-15 13:00:00+00:00,89640.0,89683.0,89231.0,89378.0,583.4351,-1.04049e-05,-0.0005832393,-0.0029382377201507552,-0.10404899999999999
2025-12-15 14:00:00+00:00,89378.0,89824.0,87781.0,88006.0,3963.30514,-7.3302e-06,-0.000558642,-0.015469572912284258,-0.07330199999999999
2025-12-15 15:00:00+00:00,88006.0,88150.0,86601.0,87007.0,7250.89942,-8.9505e-06,-0.0005716038,-0.011416418784128747,-0.089505
2025-12-15 16:00:00+00:00,87007.0,87202.0,86026.0,86376.0,4907.68561,1.25e-05,-0.0003676709,-0.007278715743145745,0.125
2025-12-15 17:00:00+00:00,86376.0,86484.0,85583.0,85731.0,2500.82891,1.25e-05,-0.0003429631,-0.007495372294034907,0.125
2025-12-15 18:00:00+00:00,85733.0,86287.0,85123.0,86182.0,3755.96134,1.25e-05,-0.0002266576,0.0052468520082629595,0.125
2025-12-15 19:00:00+00:00,86180.0,86539.0,85856.0,86143.0,2737.38307,1.25e-05,-0.0001867664,-0.00045263311377741097,0.125
2025-12-15 20:00:00+00:00,86141.0,86182.0,85600.0,85805.0,1180.80779,1.25e-05,-9.80885e-05,-0.003931426191023367,0.125
2025-12-15 21:00:00+00:00,85804.0,86303.0,85491.0,86226.0,1963.82503,1.25e-05,-4.3552e-05,0.004894476465898347,0.125
2025-12-15 22:00:00+00:00,86226.0,86255.0,85817.0,86255.0,486.20977,1.25e-05,9.4446e-06,0.0003362689255426894,0.125
2025-12-15 23:00:00+00:00,86254.0,86462.0,86100.0,86427.0,1402.48722,1.25e-05,-1.48659e-05,0.0019921017463474756,0.125
2025-12-16 00:00:00+00:00,86427.0,86508.0,85820.0,85837.0,1077.39042,1.25e-05,-9.36673e-05,-0.006849978022178823,0.125
2025-12-16 01:00:00+00:00,85838.0,86153.0,85664.0,85882.0,1040.65165,1.25e-05,-0.0001710866,0.0005241120788043593,0.125
2025-12-16 02:00:00+00:00,85882.0,86225.0,85794.0,85939.0,797.60635,1.25e-05,-0.0001830517,0.0006634812053356997,0.125
2025-12-16 03:00:00+00:00,85939.0,86003.0,85334.0,85849.0,1986.42026,1.25e-05,-0.0001675779,-0.0010478032020186652,0.125
2025-12-16 04:00:00+00:00,85850.0,85889.0,85236.0,85815.0,935.40876,1.25e-05,-0.0002388785,-0.00039612266339576383,0.125
2025-12-16 05:00:00+00:00,85814.0,86170.0,85781.0,86006.0,477.09827,1.25e-05,-0.0002496549,0.0022232448731315437,0.125
2025-12-16 06:00:00+00:00,86006.0,86592.0,86005.0,86482.0,801.51515,1.25e-05,-0.0002152816,0.0055192385363057785,0.125
2025-12-16 07:00:00+00:00,86482.0,86592.0,85824.0,85981.0,1233.59419,1.25e-05,-0.0002499131,-0.00580995818576848,0.125
2025-12-16 08:00:00+00:00,85982.0,86350.0,85877.0,86238.0,877.25358,1.25e-05,-0.000353392,0.002984574184879077,0.125
2025-12-16 09:00:00+00:00,86238.0,86397.0,86159.0,86310.0,433.48053,1.25e-05,-0.0003975336,0.000834550434416426,0.125
2025-12-16 10:00:00+00:00,86311.0,87306.0,86240.0,86948.0,1569.71055,8.4387e-06,-0.0004324902,0.007364772579052769,0.08438699999999999
2025-12-16 11:00:00+00:00,86948.0,87300.0,86796.0,87236.0,753.12039,1.25e-05,-0.0003702883,0.003306850944360706,0.125
2025-12-16 12:00:00+00:00,87236.0,87453.0,87042.0,87185.0,785.18032,1.25e-05,-0.0002973431,-0.0005847919855226122,0.125
2025-12-16 13:00:00+00:00,87186.0,87728.0,86407.0,86407.0,4008.7304,1.25e-05,-0.0003289994,-0.008963606722751542,0.125
2025-12-16 14:00:00+00:00,86407.0,87688.0,86088.0,87243.0,3279.32844,7.882e-06,-0.000436944,0.009628637590933358,0.07882
2025-12-16 15:00:00+00:00,87243.0,88142.0,86810.0,87939.0,2431.49318,2.595e-07,-0.000497924,0.007946063660786618,0.002595
2025-12-16 16:00:00+00:00,87940.0,88000.0,87346.0,87543.0,1163.41311,-4.4996e-06,-0.0005359968,-0.004513291074902826,-0.044996
2025-12-16 17:00:00+00:00,87542.0,87789.0,87026.0,87079.0,995.41423,-4.1559e-06,-0.0005332473,-0.0053143486162698424,-0.041559000000000006
2025-12-16 18:00:00+00:00,87080.0,87969.0,87015.0,87728.0,1329.67925,-7.9638e-06,-0.0005637102,0.007425366054439679,-0.079638
2025-12-16 19:00:00+00:00,87728.0,87754.0,87234.0,87536.0,1057.15554,-1.09347e-05,-0.0005874775,-0.0021909813402225453,-0.109347
2025-12-16 20:00:00+00:00,87535.0,87793.0,87285.0,87527.0,791.32138,-1.15013e-05,-0.0005920101,-0.00010282012770183879,-0.11501299999999999
2025-12-16 21:00:00+00:00,87529.0,87871.0,87439.0,87726.0,540.57642,-6.943e-06,-0.000555544,0.0022710034695876736,-0.06943
2025-12-16 22:00:00+00:00,87721.0,87886.0,87590.0,87751.0,460.28307,-3.603e-06,-0.0005288242,0.00028493762908132753,-0.03603
2025-12-16 23:00:00+00:00,87750.0,87827.0,87542.0,87814.0,357.84861,1.0551e-06,-0.0004915589,0.0007176829402684819,0.010551000000000001
2025-12-17 00:00:00+00:00,87814.0,87823.0,87364.0,87488.0,655.21533,-6.8433e-06,-0.0005547467,-0.0037193001312211794,-0.06843300000000001
2025-12-17 01:00:00+00:00,87497.0,87899.0,87421.0,87504.0,699.54764,-8.5656e-06,-0.0005685245,0.00018286550293258796,-0.085656
2025-12-17 02:00:00+00:00,87504.0,87536.0,87129.0,87440.0,752.47478,-7.1466e-06,-0.0005571727,-0.0007316627361337846,-0.071466
2025-12-17 03:00:00+00:00,87441.0,87565.0,87100.0,87160.0,629.50864,-7.0765e-06,-0.0005566119,-0.0032073337918639756,-0.070765
2025-12-17 04:00:00+00:00,87160.0,87345.0,86673.0,86700.0,1132.36878,-6.6497e-06,-0.0005531974,-0.005291626289922946,-0.066497
2025-12-17 05:00:00+00:00,86700.0,86700.0,86150.0,86580.0,1293.17949,-1.30682e-05,-0.0006045457,-0.0013850417726616845,-0.130682
2025-12-17 06:00:00+00:00,86579.0,86948.0,86525.0,86730.0,652.0302,-8.9579e-06,-0.0005716632,0.0017310026825299812,-0.08957899999999999
2025-12-17 07:00:00+00:00,86730.0,87101.0,86545.0,87007.0,782.40172,-6.1917e-06,-0.0005495335,0.0031887304916205623,-0.06191700000000001
2025-12-17 08:00:00+00:00,87007.0,87007.0,86280.0,86357.0,844.14722,-3.6501e-06,-0.0005292005,-0.007498708449537927,-0.036501
2025-12-17 09:00:00+00:00,86358.0,86563.0,86211.0,86369.0,475.39921,7.345e-07,-0.0004941238,0.00013894839247485363,0.007345
2025-12-17 10:00:00+00:00,86369.0,86790.0,86206.0,86587.0,686.25626,2.6898e-06,-0.0004784815,0.002520873695571195,0.026898000000000002
2025-12-17 11:00:00+00:00,86587.0,87097.0,86533.0,86941.0,697.54849,8.6368e-06,-0.0004309055,0.004080038853418646,0.086368
2025-12-17 12:00:00+00:00,86939.0,87178.0,86766.0,86989.0,758.21433,7.206e-06,-0.0004423524,0.0005519461992591623,0.07206
2025-12-17 13:00:00+00:00,86988.0,87825.0,86780.0,87576.0,1457.6067,2.5538e-06,-0.0004795699,0.006725313923085412,0.025538
2025-12-17 14:00:00+00:00,87577.0,89724.0,87130.0,89650.0,5124.90166,5.8884e-06,-0.0004528931,0.02340621224888567,0.058884000000000006
2025-12-17 15:00:00+00:00,89649.0,90346.0,87079.0,87186.0,7368.39851,7.8316e-06,-0.0004373471,-0.02786943248452809,0.078316
2025-12-17 16:00:00+00:00,87188.0,87739.0,86100.0,86951.0,5546.61784,1.25e-05,-0.0003504092,-0.002699025969891447,0.125
2025-12-17 17:00:00+00:00,86950.0,87056.0,86215.0,86393.0,2001.38865,1.02279e-05,-0.0004181766,-0.006438087587408318,0.10227900000000001
2025-12-17 18:00:00+00:00,86393.0,86800.0,85623.0,85793.0,2092.39497,3.5633e-06,-0.0004714932,-0.006969235925226278,0.035633
2025-12-17 19:00:00+00:00,85794.0,86160.0,85270.0,85987.0,3722.98406,1.1345e-05,-0.0004092397,0.0022587039524762306,0.11345000000000001
2025-12-17 20:00:00+00:00,85988.0,86214.0,85626.0,85853.0,2159.0511,1.25e-05,-0.0003685499,-0.0015595906326925373,0.125
2025-12-17 21:00:00+00:00,85853.0,86018.0,85668.0,85939.0,1003.81852,1.25e-05,-0.0003680794,0.0010012108501447356,0.125
2025-12-17 22:00:00+00:00,85950.0,86400.0,85862.0,86317.0,1311.31797,1.11411e-05,-0.0004108708,0.004388823689690526,0.11141100000000001
2025-12-17 23:00:00+00:00,86317.0,86318.0,85916.0,86210.0,981.87276,1.25e-05,-0.0003780371,-0.001240385721873036,0.125
2025-12-18 00:00:00+00:00,86210.0,86291.0,86024.0,86211.0,850.39958,1.25e-05,-0.0003281545,1.159951514039803e-05,0.125
2025-12-18 01:00:00+00:00,86211.0,86212.0,85833.0,86085.0,719.46443,1.25e-05,-0.0002796042,-0.001462599508538473,0.125
2025-12-18 02:00:00+00:00,86086.0,86860.0,85981.0,86670.0,2384.02604,1.25e-05,-0.000328451,0.006772622917817978,0.125
2025-12-18 03:00:00+00:00,86670.0,86670.0,86233.0,86588.0,856.71493,1.25e-05,-0.0003016789,-0.0009465653086445719,0.125
2025-12-18 04:00:00+00:00,86587.0,86862.0,86586.0,86736.0,489.9525,1.25e-05,-0.0003707768,0.0017077846803733518,0.125
2025-12-18 05:00:00+00:00,86735.0,86736.0,86341.0,86415.0,816.38328,1.25e-05,-0.0003507581,-0.0037077506655262206,0.125
2025-12-18 06:00:00+00:00,86414.0,86628.0,86377.0,86615.0,578.88672,1.25e-05,-0.0003752193,0.002311738878448178,0.125
2025-12-18 07:00:00+00:00,86615.0,86835.0,86572.0,86803.0,675.02191,1.21449e-05,-0.0004028405,0.0021681725501223933,0.121449
2025-12-18 08:00:00+00:00,86802.0,87100.0,86652.0,86938.0,666.78734,1.25e-05,-0.0003449841,0.0015540376441842824,0.125
2025-12-18 09:00:00+00:00,86938.0,87357.0,86769.0,87244.0,583.38433,1.25e-05,-0.0003473329,0.003513569884395041,0.125
2025-12-18 10:00:00+00:00,87245.0,87421.0,87186.0,87303.0,761.62667,1.25e-05,-0.0003653136,0.0006760357066812333,0.125
2025-12-18 11:00:00+00:00,87304.0,87319.0,87028.0,87230.0,357.05329,1.25e-05,-0.0003564323,-0.0008365180711600105,0.125
2025-12-18 12:00:00+00:00,87232.0,87402.0,87072.0,87220.0,826.20865,1.19147e-05,-0.0004046827,-0.00011464603050679434,0.119147
2025-12-18 13:00:00+00:00,87220.0,89185.0,87219.0,88803.0,4880.85637,1.25e-05,-0.0003992343,0.01798677079662853,0.125
2025-12-18 14:00:00+00:00,88804.0,89441.0,87700.0,88304.0,5011.90067,1.25e-05,-0.0003908768,-0.005635026514103532,0.125
2025-12-18 15:00:00+00:00,88304.0,89347.0,87933.0,88473.0,3929.60251,8.3868e-06,-0.0004329056,0.0019120140231570102,0.08386800000000001
2025-12-18 16:00:00+00:00,88473.0,88496.0,87836.0,87979.0,1369.40432,1.21597e-05,-0.0004027226,-0.0055992710839200864,0.121597
2025-12-18 17:00:00+00:00,87979.0,87996.0,85429.0,86447.0,8668.12374,1.25e-05,-0.0003884554,-0.017566640249181406,0.125
2025-12-18 18:00:00+00:00,86448.0,86875.0,85634.0,85945.0,3073.23199,8.3306e-06,-0.0004333551,-0.00582395260708079,0.08330599999999999
2025-12-18 19:00:00+00:00,85945.0,85981.0,84410.0,84426.0,5126.43524,8.5137e-06,-0.0004318907,-0.017832145745946545,0.08513699999999999
2025-12-18 20:00:00+00:00,84426.0,85217.0,84395.0,84623.0,2396.61374,2.188e-06,-0.000482496,0.002330686240994581,0.02188
2025-12-18 21:00:00+00:00,84623.0,85782.0,84530.0,85597.0,3524.84753,-6.9929e-06,-0.0005559431,0.011444138529405344,-0.069929
2025-12-18 22:00:00+00:00,85597.0,85707.0,85262.0,85537.0,981.2315,-3.459e-07,-0.0005027674,-0.0007012049324907645,-0.003459
2025-12-18 23:00:00+00:00,85537.0,85585.0,85279.0,85477.0,1200.78943,9.1495e-06,-0.0004268037,-0.000701696965884604,0.09149499999999999
2025-12-19 00:00:00+00:00,85477.0,85573.0,85255.0,85565.0,1382.93605,1.07241e-05,-0.0004142074,0.0010289871232169352,0.10724099999999999
2025-12-19 01:00:00+00:00,85566.0,85566.0,85092.0,85289.0,1098.58815,1.05005e-05,-0.0004159956,-0.0032308314710830384,0.105005
2025-12-19 02:00:00+00:00,85289.0,85900.0,85090.0,85601.0,1158.84476,1.25e-05,-0.0003852434,0.003651475764118289,0.125
2025-12-19 03:00:00+00:00,85603.0,87555.0,85587.0,86847.0,4556.52447,1.25e-05,-0.0003721899,0.014450984453729264,0.125
2025-12-19 04:00:00+00:00,86848.0,87365.0,86826.0,87057.0,1156.8527,1.25e-05,-0.0002443292,0.0024151267604498867,0.125
2025-12-19 05:00:00+00:00,87062.0,87190.0,86650.0,87100.0,1409.43282,1.25e-05,-0.0003355239,0.0004938073218277522,0.125
2025-12-19 06:00:00+00:00,87100.0,87446.0,86863.0,87446.0,672.04251,9.3423e-06,-0.0004252617,0.003964576136929986,0.093423
2025-12-19 07:00:00+00:00,87446.0,88355.0,87440.0,87912.0,2884.2402,6.67e-06,-0.0004466404,0.00531485414923589,0.0667
2025-12-19 08:00:00+00:00,87912.0,88198.0,87696.0,88075.0,1142.2877,1.25e-05,-0.0003734702,0.0018524100826783213,0.125
2025-12-19 09:00:00+00:00,88074.0,88124.0,87858.0,88075.0,516.02435,8.6209e-06,-0.0004310329,0.0,0.08620900000000001
2025-12-19 10:00:00+00:00,88073.0,88292.0,87888.0,88226.0,1625.95384,8.9616e-06,-0.0004283069,0.0017129799255055263,0.089616
2025-12-19 11:00:00+00:00,88226.0,88348.0,88102.0,88144.0,1214.7888,1.15865e-05,-0.0004073082,-0.000929863422446162,0.115865
2025-12-19 12:00:00+00:00,88144.0,88235.0,87786.0,87813.0,1541.24024,1.25e-05,-0.0003700867,-0.003762287268328306,0.125
2025-12-19 13:00:00+00:00,87815.0,88171.0,87795.0,87954.0,949.84263,4.6948e-06,-0.0004624417,0.0016043970739166038,0.046948000000000004
2025-12-19 14:00:00+00:00,87955.0,88544.0,87489.0,88130.0,3879.17391,8.2957e-06,-0.0004336347,0.0019990465756200906,0.08295699999999999
2025-12-19 15:00:00+00:00,88129.0,89381.0,87628.0,87913.0,6169.761,5.0453e-06,-0.0004596373,-0.0024653080202660885,0.050453
2025-12-19 16:00:00+00:00,87913.0,88878.0,87829.0,87925.0,2258.23239,5.2025e-06,-0.0004583798,0.00013648926874321,0.052024999999999995
2025-12-19 17:00:00+00:00,87925.0,88292.0,86661.0,86880.0,4814.06607,6.7152e-06,-0.000446278,-0.011956322174420862,0.067152
2025-12-19 18:00:00+00:00,86881.0,87400.0,86780.0,87098.0,1707.89185,-1.52379e-05,-0.0006219031,0.002506065296684178,-0.15237900000000001
2025-12-19 19:00:00+00:00,87099.0,88065.0,87084.0,87786.0,1777.75229,-1.75496e-05,-0.0006403966,0.007868113141770803,-0.17549599999999999
2025-12-19 20:00:00+00:00,87787.0,88398.0,87544.0,87989.0,1857.18639,-1.26302e-05,-0.0006010415,0.002309772040975218,-0.126302
2025-12-19 21:00:00+00:00,87990.0,88051.0,87756.0,87784.0,787.38846,-5.0261e-06,-0.000540209,-0.0023325549765573976,-0.050261
2025-12-19 22:00:00+00:00,87785.0,88383.0,87785.0,88297.0,663.46334,4.0235e-06,-0.0004678122,0.005826880259312307,0.040235
2025-12-19 23:00:00+00:00,88297.0,88320.0,88092.0,88092.0,353.59162,4.1155e-06,-0.0004670758,-0.0023244090311657366,0.041155
2025-12-20 00:00:00+00:00,88093.0,88140.0,87908.0,87950.0,545.40365,1.4887e-06,-0.0004880902,-0.0016132517330773805,0.014887000000000001
2025-12-20 01:00:00+00:00,87951.0,88124.0,87950.0,88025.0,280.97801,-6.0575e-06,-0.0005484602,0.0008523938575491181,-0.060575
2025-12-20 02:00:00+00:00,88026.0,88268.0,87936.0,88160.0,504.68647,-2.854e-07,-0.0005022829,0.00153248036348819,-0.002854
2025-12-20 03:00:00+00:00,88161.0,88289.0,88117.0,88162.0,359.43684,-9.6376e-06,-0.0005771008,2.2685768084464457e-05,-0.096376
2025-12-20 04:00:00+00:00,88162.0,88288.0,88053.0,88249.0,515.86473,-1.02924e-05,-0.0005823391,0.000986333131756837,-0.102924
2025-12-20 05:00:00+00:00,88248.0,88525.0,88227.0,88253.0,566.27625,-1.40902e-05,-0.000612722,4.532526544383169e-05,-0.140902
2025-12-20 06:00:00+00:00,88252.0,88416.0,88232.0,88258.0,182.07811,-3.4191e-06,-0.0005273524,5.6653692986167095e-05,-0.034191
2025-12-20 07:00:00+00:00,88260.0,88282.0,88135.0,88233.0,197.30151,-3.9477e-06,-0.0005315817,-0.00028330056679607747,-0.039477000000000005
2025-12-20 08:00:00+00:00,88232.0,88392.0,88214.0,88214.0,216.84806,-9.521e-06,-0.0005761679,-0.00021536212090240674,-0.09521
2025-12-20 09:00:00+00:00,88214.0,88298.0,88169.0,88173.0,255.53978,-8.355e-07,-0.0005066837,-0.00046488687645245236,-0.008355
2025-12-20 10:00:00+00:00,88173.0,88220.0,88081.0,88114.0,504.1158,-4.2991e-06,-0.0005343927,-0.000669363052328286,-0.042991
2025-12-20 11:00:00+00:00,88114.0,88267.0,88046.0,88228.0,126.06302,-1.03978e-05,-0.0005831824,0.0012929423039451725,-0.103978
2025-12-20 12:00:00+00:00,88228.0,88293.0,88142.0,88201.0,144.6914,-6.6828e-06,-0.0005534625,-0.0003060721333882871,-0.066828
2025-12-20 13:00:00+00:00,88201.0,88302.0,87715.0,88226.0,947.3215,-7.6435e-06,-0.0005611482,0.0002834033358535875,-0.076435
2025-12-20 14:00:00+00:00,88225.0,88279.0,87949.0,88208.0,953.40328,-8.7836e-06,-0.0005702692,-0.00020404230547912204,-0.087836
2025-12-20 15:00:00+00:00,88207.0,88216.0,87964.0,88131.0,351.4755,-1.32085e-05,-0.0006056681,-0.0008733179261977477,-0.132085
2025-12-20 16:00:00+00:00,88130.0,88191.0,88068.0,88113.0,273.12918,-7.8636e-06,-0.0005629089,-0.00020426227346847077,-0.078636
2025-12-20 17:00:00+00:00,88113.0,88214.0,88044.0,88135.0,214.40134,-7.8637e-06,-0.00056291,0.0002496482242550739,-0.07863700000000001
2025-12-20 18:00:00+00:00,88135.0,88392.0,88113.0,88267.0,179.81349,-4.7745e-06,-0.0005381961,0.0014965819507413622,-0.047744999999999996
2025-12-20 19:00:00+00:00,88267.0,88289.0,88161.0,88189.0,137.78426,1.3032e-06,-0.0004895747,-0.0008840731409564739,0.013032
2025-12-20 20:00:00+00:00,88189.0,88274.0,88175.0,88242.0,150.78047,3.4556e-06,-0.0004723555,0.000600801464529968,0.034556
2025-12-20 21:00:00+00:00,88242.0,88404.0,88150.0,88169.0,203.63422,4.586e-06,-0.0004633117,-0.0008276128378246236,0.04586
2025-12-20 22:00:00+00:00,88169.0,88299.0,88097.0,88238.0,223.59608,1.08956e-05,-0.0004128352,0.0007822819221323284,0.108956
2025-12-20 23:00:00+00:00,88237.0,88384.0,88221.0,88317.0,562.77383,7.5638e-06,-0.0004394899,0.0008949053300365695,0.075638
2025-12-21 00:00:00+00:00,88317.0,88383.0,88269.0,88356.0,147.59233,7.6255e-06,-0.0004389959,0.00044149361400416576,0.076255
2025-12-21 01:00:00+00:00,88354.0,88354.0,87975.0,87975.0,489.69891,9.1153e-06,-0.0004270778,-0.004321424966931261,0.09115300000000001
2025-12-21 02:00:00+00:00,87976.0,88108.0,87828.0,87903.0,337.01816,6.4979e-06,-0.0004480165,-0.0008187494060894533,0.064979
2025-12-21 03:00:00+00:00,87904.0,88121.0,87903.0,88035.0,409.05492,1.9012e-06,-0.0004847902,0.0015005288768481664,0.019011999999999998
2025-12-21 04:00:00+00:00,88035.0,88106.0,88006.0,88032.0,56.28765,1.0297e-05,-0.000417624,-3.4077936243513115e-05,0.10296999999999999
2025-12-21 05:00:00+00:00,88032.0,88109.0,88015.0,88096.0,119.85158,5.8553e-06,-0.0004531579,0.000726744218032764,0.058552999999999994
2025-12-21 06:00:00+00:00,88096.0,88166.0,88024.0,88050.0,262.75746,8.779e-06,-0.0004297682,-0.0005222940179816351,0.08779
2025-12-21 07:00:00+00:00,88049.0,88143.0,88011.0,88137.0,83.54332,7.4338e-06,-0.0004405298,0.0009875871326615925,0.074338
2025-12-21 08:00:00+00:00,88137.0,88699.0,88104.0,88500.0,553.45844,5.1756e-06,-0.0004585953,0.004110129939006921,0.051756
2025-12-21 09:00:00+00:00,88499.0,89048.0,88462.0,88843.0,751.36324,4.7044e-06,-0.0004623645,0.0038682150149124176,0.047044
2025-12-21 10:00:00+00:00,88842.0,88928.0,88551.0,88622.0,491.80862,7.574e-06,-0.0004394084,-0.002490633243098577,0.07574
2025-12-21 11:00:00+00:00,88626.0,88716.0,88552.0,88563.0,320.13477,8.0292e-06,-0.0004357666,-0.0006659706203191601,0.08029199999999999
2025-12-21 12:00:00+00:00,88563.0,88890.0,88423.0,88592.0,592.56104,1.0825e-05,-0.0004134,0.00032739691523283546,0.10825
2025-12-21 13:00:00+00:00,88593.0,88677.0,87600.0,87650.0,2012.4126,9.7774e-06,-0.0004217804,-0.010689948713367845,0.097774
2025-12-21 14:00:00+00:00,87650.0,88113.0,87597.0,88028.0,806.94258,4.6548e-06,-0.0004627618,0.004303334320045139,0.046548
2025-12-21 15:00:00+00:00,88028.0,88220.0,87761.0,88038.0,259.22726,1.16999e-05,-0.0004064009,0.0001135937660962044,0.11699899999999999
2025-12-21 16:00:00+00:00,88037.0,88322.0,87944.0,88315.0,335.64344,1.25e-05,-0.0003921215,0.003141429154022058,0.125
2025-12-21 17:00:00+00:00,88315.0,88444.0,88243.0,88292.0,555.78839,9.5304e-06,-0.0004237565,-0.00026046532844151187,0.095304
2025-12-21 18:00:00+00:00,88291.0,88429.0,87899.0,88415.0,1237.25989,7.6689e-06,-0.0004386489,0.0013921352279752182,0.07668900000000001
2025-12-21 19:00:00+00:00,88415.0,88570.0,88176.0,88456.0,365.74983,7.8764e-06,-0.0004369886,0.00046361473315997506,0.078764
2025-12-21 20:00:00+00:00,88456.0,88472.0,88195.0,88203.0,410.15034,1.25e-05,-0.0003887368,-0.0028642772003624013,0.125
2025-12-21 21:00:00+00:00,88203.0,88339.0,88044.0,88117.0,400.23132,1.25e-05,-0.000382172,-0.0009754991699159279,0.125
2025-12-21 22:00:00+00:00,88117.0,88480.0,88085.0,88434.0,1083.06264,1.25e-05,-0.0003822145,0.003591034212853643,0.125
2025-12-21 23:00:00+00:00,88435.0,88801.0,88331.0,88607.0,1425.68914,1.01163e-05,-0.0004190693,0.0019543501794977054,0.101163
2025-12-22 00:00:00+00:00,88608.0,89595.0,88580.0,88583.0,3167.74299,1.05287e-05,-0.00041577,-0.0002708956503952725,0.10528699999999999
2025-12-22 01:00:00+00:00,88582.0,89238.0,88489.0,88581.0,1349.51859,1.25e-05,-0.0003760543,-2.257795037463329e-05,0.125
2025-12-22 02:00:00+00:00,88583.0,88609.0,87829.0,88425.0,1721.23104,1.07008e-05,-0.0004143935,-0.0017626525698594244,0.10700799999999999
2025-12-22 03:00:00+00:00,88425.0,88824.0,88237.0,88738.0,971.27761,9.2505e-06,-0.0004259957,0.0035334728545077395,0.092505
2025-12-22 04:00:00+00:00,88739.0,88997.0,88683.0,88868.0,777.73569,1.25e-05,-0.0003949544,0.0014639147688291349,0.125
2025-12-22 05:00:00+00:00,88869.0,88971.0,88736.0,88800.0,306.83656,1.25e-05,-0.0003747433,-0.0007654727167568572,0.125
2025-12-22 06:00:00+00:00,88800.0,88981.0,88698.0,88880.0,430.19735,1.25e-05,-0.0003532542,0.0009004953332501659,0.125
2025-12-22 07:00:00+00:00,88879.0,89173.0,88860.0,89155.0,734.28407,1.25e-05,-0.0003640827,0.0030892826546353616,0.125
2025-12-22 08:00:00+00:00,89155.0,89900.0,89076.0,89298.0,1919.89244,1.25e-05,-0.0003018116,0.0016026632290666056,0.125
2025-12-22 09:00:00+00:00,89298.0,89795.0,89266.0,89795.0,587.49382,1.25e-05,-0.0002780949,0.005550203255623277,0.125
2025-12-22 10:00:00+00:00,89795.0,89843.0,89590.0,89744.0,309.82048,1.25e-05,-0.0003184501,-0.0005681217047186246,0.125
2025-12-22 11:00:00+00:00,89743.0,90067.0,89614.0,89909.0,906.77696,1.25e-05,-0.0003308437,0.0018368749355034703,0.125
2025-12-22 12:00:00+00:00,89909.0,90553.0,89821.0,90175.0,1697.99009,1.25e-05,-0.0003813491,0.0029541790881181976,0.125
2025-12-22 13:00:00+00:00,90176.0,90289.0,89694.0,89870.0,1588.97698,9.4677e-06,-0.0004242585,-0.0033880451193205904,0.094677
2025-12-22 14:00:00+00:00,89870.0,90256.0,89350.0,90077.0,4663.23514,4.6993e-06,-0.0004624055,0.0023006784364987946,0.046993
2025-12-22 15:00:00+00:00,90078.0,90385.0,89140.0,89687.0,4357.76063,2.907e-06,-0.0004767437,-0.004339029081272545,0.02907
2025-12-22 16:00:00+00:00,89687.0,90077.0,89482.0,89514.0,1671.68126,1.9175e-06,-0.0004846602,-0.001930793396742234,0.019174999999999998
2025-12-22 17:00:00+00:00,89513.0,89527.0,89000.0,89268.0,1730.51246,3.2477e-06,-0.0004740181,-0.00275195663156156,0.032477
2025-12-22 18:00:00+00:00,89268.0,89476.0,89097.0,89098.0,400.14758,1.2632e-06,-0.0004898942,-0.0019061934614851006,0.012632
2025-12-22 19:00:00+00:00,89098.0,89107.0,87916.0,88014.0,3100.45147,-1.632e-07,-0.0005013054,-0.012240994802038826,-0.001632
2025-12-22 20:00:00+00:00,88014.0,88435.0,87863.0,88318.0,1586.96617,-6.69e-06,-0.0005535204,0.0034480446111679382,-0.0669
2025-12-22 21:00:00+00:00,88311.0,88578.0,88175.0,88232.0,899.62747,3.265e-07,-0.0004973879,-0.0009742283410029321,0.003265
2025-12-22 22:00:00+00:00,88226.0,88744.0,88106.0,88614.0,900.94735,-1.6141e-06,-0.0005129131,0.004320149668382408,-0.016141
2025-12-22 23:00:00+00:00,88615.0,88655.0,88369.0,88573.0,808.14524,-8.76e-06,-0.0005700802,-0.0004627879103067296,-0.08760000000000001
2025-12-23 00:00:00+00:00,88567.0,88893.0,88432.0,88730.0,1036.17469,-1.33338e-05,-0.0006066703,0.0017709800853248471,-0.13333799999999998
2025-12-23 01:00:00+00:00,88729.0,88844.0,88371.0,88457.0,1286.85599,-9.6357e-06,-0.0005770858,-0.003081492615426533,-0.096357
2025-12-23 02:00:00+00:00,88456.0,88704.0,88047.0,88151.0,1239.81746,-1.20261e-05,-0.000596209,-0.003465305152797182,-0.12026099999999999
2025-12-23 03:00:00+00:00,88152.0,88314.0,87714.0,88152.0,1248.31871,-6.3835e-06,-0.0005510677,1.1344106453225633e-05,-0.063835
2025-12-23 04:00:00+00:00,88152.0,88330.0,87888.0,87888.0,657.50987,1.2858e-06,-0.0004897132,-0.0029993205852112477,0.012858
2025-12-23 05:00:00+00:00,87888.0,87984.0,87600.0,87741.0,1654.63395,2.6991e-06,-0.0004784073,-0.001673983616910697,0.026991
2025-12-23 06:00:00+00:00,87742.0,87742.0,87035.0,87362.0,1464.78782,3.5174e-06,-0.0004718607,-0.004328887475923566,0.035174
2025-12-23 07:00:00+00:00,87362.0,87666.0,87340.0,87534.0,501.9615,7.982e-06,-0.0004361439,0.0019668838103831607,0.07982
2025-12-23 08:00:00+00:00,87534.0,87663.0,87397.0,87433.0,320.53134,8.4996e-06,-0.0004320035,-0.0011545035488793912,0.084996
2025-12-23 09:00:00+00:00,87434.0,87581.0,87270.0,87487.0,290.8957,1.05426e-05,-0.0004156594,0.0006174251282354376,0.10542599999999999
2025-12-23 10:00:00+00:00,87488.0,87625.0,87463.0,87575.0,494.11662,1.17634e-05,-0.0004058927,0.0010053581863812733,0.117634
2025-12-23 11:00:00+00:00,87576.0,87872.0,87531.0,87825.0,1389.2188,1.25e-05,-0.0003847873,0.0028506290683402947,0.125
2025-12-23 12:00:00+00:00,87826.0,87944.0,87569.0,87755.0,1021.06315,1.25e-05,-0.0003059671,-0.0007973573722372434,0.125
2025-12-23 13:00:00+00:00,87756.0,87874.0,87401.0,87590.0,1747.78163,1.25e-05,-0.0003001153,-0.0018820046046558248,0.125
2025-12-23 14:00:00+00:00,87591.0,87809.0,86571.0,86850.0,3748.20736,1.25e-05,-0.0003003638,-0.008484343487883725,0.125
2025-12-23 15:00:00+00:00,86850.0,87530.0,86688.0,87426.0,1563.78902,1.25e-05,-0.0002776475,0.0066102285726584295,0.125
2025-12-23 16:00:00+00:00,87427.0,88164.0,87303.0,87978.0,1390.53366,1.25e-05,-0.0002533525,0.006294061963224696,0.125
2025-12-23 17:00:00+00:00,87978.0,88256.0,87140.0,87153.0,1437.69375,1.25e-05,-0.0002248406,-0.0094215884415218,0.125
2025-12-23 18:00:00+00:00,87152.0,88148.0,87148.0,87961.0,1043.64939,1.25e-05,-0.0002048031,0.00922833964446241,0.125
2025-12-23 19:00:00+00:00,87960.0,88026.0,87627.0,87738.0,690.76128,1.25e-05,-0.0001984448,-0.0025384335681408543,0.125
2025-12-23 20:00:00+00:00,87738.0,88355.0,87503.0,87693.0,2597.92351,1.25e-05,-0.0001910725,-0.0005130222251137471,0.125
2025-12-23 21:00:00+00:00,87692.0,87844.0,87535.0,87706.0,709.70569,1.25e-05,-0.0001612428,0.0001482334565625182,0.125
2025-12-23 22:00:00+00:00,87706.0,87772.0,87222.0,87370.0,1577.00781,1.25e-05,-0.0001287764,-0.003838337779242534,0.125
2025-12-23 23:00:00+00:00,87370.0,87486.0,87151.0,87459.0,522.96632,1.25e-05,-0.0002109747,0.0010181378110971347,0.125
2025-12-24 00:00:00+00:00,87459.0,87641.0,87231.0,87620.0,628.65318,1.25e-05,-0.0003259545,0.0018391702646519594,0.125
2025-12-24 01:00:00+00:00,87620.0,87825.0,87454.0,87598.0,1230.69351,1.25e-05,-0.0003411309,-0.00025111575426731825,0.125
2025-12-24 02:00:00+00:00,87596.0,87618.0,86909.0,87099.0,1372.68044,1.25e-05,-0.0003671496,-0.00571276389519289,0.125
2025-12-24 03:00:00+00:00,87098.0,87363.0,86835.0,87302.0,686.99304,1.25e-05,-0.0003844289,0.0023279693542912062,0.125
2025-12-24 04:00:00+00:00,87303.0,87441.0,87053.0,87101.0,533.46001,1.25e-05,-0.0003765872,-0.002305007241775852,0.125
2025-12-24 05:00:00+00:00,87101.0,87222.0,86760.0,86921.0,400.48743,9.1053e-06,-0.0004271575,-0.0020687046947292028,0.09105300000000001
2025-12-24 06:00:00+00:00,86922.0,87032.0,86762.0,86980.0,238.94739,9.0267e-06,-0.000427786,0.0006785470154139978,0.090267
2025-12-24 07:00:00+00:00,86980.0,87148.0,86876.0,86877.0,276.34068,1.25e-05,-0.0003975231,-0.0011848819667948708,0.125
2025-12-24 08:00:00+00:00,86877.0,87046.0,86722.0,86755.0,448.84667,1.17565e-05,-0.0004059478,-0.0014052711490623788,0.117565
2025-12-24 09:00:00+00:00,86755.0,86862.0,86661.0,86789.0,1100.35181,1.06264e-05,-0.0004149887,0.0003918314713849438,0.10626400000000001
2025-12-24 10:00:00+00:00,86790.0,87187.0,86788.0,87077.0,1513.99865,1.25e-05,-0.000350685,0.003312899168407641,0.125
2025-12-24 11:00:00+00:00,87078.0,87351.0,87077.0,87191.0,463.3765,1.25e-05,-0.0001345863,0.001308329885709439,0.125
2025-12-24 12:00:00+00:00,87190.0,87490.0,87128.0,87413.0,870.14034,1.25e-05,-0.0001271592,0.0025428984402092276,0.125
2025-12-24 13:00:00+00:00,87413.0,87429.0,87028.0,87275.0,736.76189,1.25e-05,-0.0001013215,-0.0015799600282462912,0.125
2025-12-24 14:00:00+00:00,87274.0,87443.0,86401.0,86974.0,2580.44081,1.25e-05,-0.0001499664,-0.0034548295759606377,0.125
2025-12-24 15:00:00+00:00,86974.0,87211.0,86565.0,87036.0,1391.89954,1.25e-05,-0.0001561714,0.0007126027541365127,0.125
2025-12-24 16:00:00+00:00,87036.0,87665.0,86905.0,87275.0,1241.66835,1.25e-05,-0.0001564981,0.002742226821823999,0.125
2025-12-24 17:00:00+00:00,87275.0,87571.0,87236.0,87304.0,260.78677,1.25e-05,-0.0001056146,0.0003322278196888875,0.125
2025-12-24 18:00:00+00:00,87304.0,87506.0,87230.0,87453.0,258.99185,1.25e-05,-0.000149429,0.0017052253827326417,0.125
2025-12-24 19:00:00+00:00,87453.0,87576.0,87337.0,87546.0,285.86127,1.25e-05,-0.0001283417,0.0010628633164191355,0.125
2025-12-24 20:00:00+00:00,87546.0,87683.0,87506.0,87541.0,687.6436,1.25e-05,-0.0001603901,-5.7114463110969396e-05,0.125
2025-12-24 21:00:00+00:00,87541.0,87793.0,87540.0,87688.0,356.39097,1.25e-05,-0.0001157831,0.0016778048665929397,0.125
2025-12-24 22:00:00+00:00,87687.0,88045.0,87684.0,88005.0,606.87111,1.25e-05,-8.3251e-05,0.003608571132510584,0.125
2025-12-24 23:00:00+00:00,88004.0,88018.0,87579.0,87653.0,1064.37858,1.25e-05,-2.68009e-05,-0.0040077932250600894,0.125
2025-12-25 00:00:00+00:00,87652.0,87734.0,87504.0,87539.0,672.87671,1.25e-05,-0.0001273169,-0.0013014294726965481,0.125
2025-12-25 01:00:00+00:00,87540.0,87728.0,87539.0,87675.0,527.80241,1.25e-05,-0.0002180286,0.0015523876780654503,0.125
2025-12-25 02:00:00+00:00,87675.0,87947.0,87554.0,87860.0,322.76834,1.25e-05,-0.0002104914,0.0021078425213916646,0.125
2025-12-25 03:00:00+00:00,87859.0,87905.0,87753.0,87824.0,110.59417,1.25e-05,-0.000208048,-0.00040982674010010714,0.125
2025-12-25 04:00:00+00:00,87825.0,87825.0,87730.0,87767.0,140.30596,1.25e-05,-0.0002617352,-0.0006492360314841309,0.125
2025-12-25 05:00:00+00:00,87763.0,87763.0,87627.0,87728.0,194.08157,1.25e-05,-0.0002466997,-0.0004444571143567107,0.125
2025-12-25 06:00:00+00:00,87729.0,87821.0,87660.0,87817.0,133.64239,1.25e-05,-0.0002725776,0.0010139851049653552,0.125
2025-12-25 07:00:00+00:00,87818.0,87838.0,87738.0,87808.0,69.91728,1.25e-05,-0.0002747484,-0.00010249110329252332,0.125
2025-12-25 08:00:00+00:00,87809.0,87858.0,87312.0,87554.0,530.18962,1.25e-05,-0.0002624693,-0.002896866796993555,0.125
2025-12-25 09:00:00+00:00,87554.0,87562.0,87417.0,87481.0,102.48338,1.25e-05,-0.000329383,-0.0008341189388694022,0.125
2025-12-25 10:00:00+00:00,87481.0,87495.0,87232.0,87399.0,501.50642,1.25e-05,-0.0003716309,-0.0009377859790659251,0.125
2025-12-25 11:00:00+00:00,87399.0,87586.0,87384.0,87493.0,383.13885,1.25e-05,-0.0003435109,0.0010749492149615908,0.125
2025-12-25 12:00:00+00:00,87493.0,87568.0,87464.0,87536.0,131.83287,1.25e-05,-0.0002658568,0.0004913471580720362,0.125
2025-12-25 13:00:00+00:00,87536.0,87664.0,87385.0,87609.0,386.53734,1.25e-05,-0.0002616047,0.0008335950695388881,0.125
2025-12-25 14:00:00+00:00,87609.0,87732.0,87526.0,87692.0,352.50924,1.25e-05,-0.0003275374,0.000946942757909936,0.125
2025-12-25 15:00:00+00:00,87691.0,88575.0,87691.0,88319.0,2144.79842,1.25e-05,-0.0002861492,0.007124584851998708,0.125
2025-12-25 16:00:00+00:00,88318.0,88450.0,87966.0,88066.0,1044.42331,1.25e-05,-0.0002605337,-0.002868726632165078,0.125
2025-12-25 17:00:00+00:00,88065.0,88179.0,87980.0,88118.0,611.61458,1.25e-05,-0.0003079368,0.0005902919846288639,0.125
2025-12-25 18:00:00+00:00,88117.0,88282.0,88116.0,88210.0,334.1025,1.25e-05,-0.0003052922,0.0010435099172942655,0.125
2025-12-25 19:00:00+00:00,88211.0,88224.0,88048.0,88123.0,163.11138,1.25e-05,-0.0002894606,-0.0009867694312400282,0.125
2025-12-25 20:00:00+00:00,88124.0,88150.0,87600.0,87849.0,863.03982,1.25e-05,-0.0003169603,-0.0031141343103880475,0.125
2025-12-25 21:00:00+00:00,87849.0,87956.0,87773.0,87864.0,377.85384,1.25e-05,-0.0003491999,0.00017073295699738175,0.125
2025-12-25 22:00:00+00:00,87864.0,87887.0,87264.0,87618.0,1187.74016,1.25e-05,-0.000379831,-0.0028037081996553324,0.125
2025-12-25 23:00:00+00:00,87618.0,87754.0,86910.0,87200.0,2570.90964,1.25e-05,-0.0003884585,-0.004782125371455417,0.125
2025-12-26 00:00:00+00:00,87201.0,87283.0,86848.0,87101.0,1294.48388,1.25e-05,-0.0003222849,-0.001135966066126456,0.125
2025-12-26 01:00:00+00:00,87101.0,87462.0,87095.0,87401.0,643.94369,1.25e-05,-0.0003465444,0.0034383593948243874,0.125
2025-12-26 02:00:00+00:00,87401.0,89433.0,87393.0,89147.0,3018.27865,1.25e-05,-0.0003182355,0.019779968349557323,0.125
2025-12-26 03:00:00+00:00,89148.0,89244.0,88662.0,88787.0,923.83978,1.25e-05,-0.0002643962,-0.004046449708459552,0.125
2025-12-26 04:00:00+00:00,88787.0,89116.0,88485.0,88932.0,1218.06149,1.04164e-05,-0.0004166691,0.0016317898724926567,0.104164
2025-12-26 05:00:00+00:00,88931.0,89010.0,88785.0,88957.0,746.20078,1.10051e-05,-0.0004119595,0.00028107415483358993,0.11005100000000001
2025-12-26 06:00:00+00:00,88958.0,89219.0,88958.0,89095.0,493.50764,5.7438e-06,-0.0004540497,0.001550109267322295,0.057438
2025-12-26 07:00:00+00:00,89096.0,89521.0,88309.0,88428.0,2003.62119,1.25e-05,-0.0003958064,-0.007514554606515456,0.125
2025-12-26 08:00:00+00:00,88427.0,88852.0,88400.0,88703.0,840.4241,1.25e-05,-0.0003883551,0.0031050490422014623,0.125
2025-12-26 09:00:00+00:00,88703.0,88884.0,88598.0,88782.0,286.25773,8.5789e-06,-0.0004313685,0.0008902161333880426,0.085789
2025-12-26 10:00:00+00:00,88781.0,88843.0,88637.0,88710.0,285.12601,1.15076e-05,-0.0004079395,-0.0008113042159566829,0.115076
2025-12-26 11:00:00+00:00,88709.0,88712.0,88483.0,88500.0,442.57458,1.1254e-05,-0.0004099682,-0.002370070518611677,0.11253999999999999
2025-12-26 12:00:00+00:00,88499.0,88725.0,88493.0,88643.0,260.85294,8.4175e-06,-0.0004326602,0.0016145151777117476,0.084175
2025-12-26 13:00:00+00:00,88643.0,89016.0,88572.0,88964.0,349.15472,1.03987e-05,-0.0004168105,0.0036147263286020253,0.103987
2025-12-26 14:00:00+00:00,88965.0,89016.0,87313.0,87372.0,4496.51253,1.02206e-05,-0.0004182349,-0.018056928319623224,0.102206
2025-12-26 15:00:00+00:00,87372.0,87372.0,86633.0,87130.0,3354.72822,1.23077e-05,-0.0004015383,-0.0027736089573788297,0.123077
2025-12-26 16:00:00+00:00,87131.0,87363.0,86815.0,86828.0,1939.76914,1.25e-05,-0.0001329785,-0.0034721059496796544,0.125
2025-12-26 17:00:00+00:00,86828.0,87444.0,86782.0,87295.0,1487.69985,1.25e-05,-0.00014605,0.005364037143221855,0.125
2025-12-26 18:00:00+00:00,87296.0,87354.0,87125.0,87245.0,342.46235,1.25e-05,-0.0002651884,-0.0005729345865443857,0.125
2025-12-26 19:00:00+00:00,87244.0,87553.0,87230.0,87480.0,295.62633,1.25e-05,-0.0002252436,0.002689942958373745,0.125
2025-12-26 20:00:00+00:00,87478.0,87772.0,87370.0,87561.0,792.27917,1.25e-05,-0.0002343123,0.0009254975209429712,0.125
2025-12-26 21:00:00+00:00,87563.0,87677.0,87431.0,87440.0,482.41732,1.25e-05,-0.0002037752,-0.001382849461226919,0.125
2025-12-26 22:00:00+00:00,87441.0,87568.0,87281.0,87508.0,985.69425,1.25e-05,-0.0002180721,0.0007773738873770816,0.125
2025-12-26 23:00:00+00:00,87507.0,87519.0,87293.0,87339.0,629.91081,1.25e-05,-0.0003079335,-0.001933119271462584,0.125
2025-12-27 00:00:00+00:00,87338.0,87388.0,87222.0,87375.0,324.29196,1.25e-05,-0.0003650491,0.0004121020697766957,0.125
2025-12-27 01:00:00+00:00,87375.0,87453.0,87306.0,87448.0,183.06375,1.25e-05,-0.0003575725,0.0008351304375599747,0.125
2025-12-27 02:00:00+00:00,87448.0,87476.0,87369.0,87414.0,117.66141,1.25e-05,-0.0003170496,-0.0003888780916205486,0.125
2025-12-27 03:00:00+00:00,87415.0,87522.0,87356.0,87491.0,160.70249,1.25e-05,-0.0002956617,0.0008804780306391674,0.125
2025-12-27 04:00:00+00:00,87492.0,87492.0,87431.0,87439.0,90.49474,1.25e-05,-0.0003218783,-0.0005945235412067654,0.125
2025-12-27 05:00:00+00:00,87439.0,87502.0,87410.0,87481.0,79.56782,1.25e-05,-0.0003006834,0.00048021953815621826,0.125
2025-12-27 06:00:00+00:00,87481.0,87540.0,87388.0,87438.0,264.85554,1.25e-05,-0.0002944141,-0.0004916561478877066,0.125
2025-12-27 07:00:00+00:00,87438.0,87683.0,87438.0,87519.0,448.77777,1.25e-05,-0.000320139,0.0009259418689990415,0.125
2025-12-27 08:00:00+00:00,87519.0,87650.0,87515.0,87563.0,135.83758,1.25e-05,-0.0002862339,0.0005026216393039253,0.125
2025-12-27 09:00:00+00:00,87564.0,87640.0,87519.0,87600.0,265.5392,1.25e-05,-0.000291028,0.0004224636544281166,0.125
2025-12-27 10:00:00+00:00,87600.0,87600.0,87350.0,87478.0,328.7383,1.25e-05,-0.0002369732,-0.001393664763667983,0.125
2025-12-27 11:00:00+00:00,87478.0,87520.0,87416.0,87442.0,168.36187,1.25e-05,-0.0003325812,-0.00041161674489239864,0.125
2025-12-27 12:00:00+00:00,87442.0,87483.0,87402.0,87442.0,58.55894,1.25e-05,-0.0003292849,0.0,0.125
2025-12-27 13:00:00+00:00,87443.0,87453.0,87299.0,87422.0,118.50675,1.25e-05,-0.0003328903,-0.00022874920037531526,0.125
2025-12-27 14:00:00+00:00,87423.0,87530.0,87378.0,87515.0,149.69397,1.25e-05,-0.0003380145,0.0010632400093886728,0.125
2025-12-27 15:00:00+00:00,87514.0,87573.0,87463.0,87519.0,114.67441,1.25e-05,-0.0002706127,4.5705405814784267e-05,0.125
2025-12-27 16:00:00+00:00,87519.0,87543.0,87405.0,87463.0,286.51881,1.25e-05,-0.0002595963,-0.0006400658571950858,0.125
2025-12-27 17:00:00+00:00,87463.0,87528.0,87426.0,87526.0,61.39971,1.25e-05,-0.0003630497,0.000720045291097633,0.125
2025-12-27 18:00:00+00:00,87527.0,87533.0,87439.0,87461.0,71.45648,1.25e-05,-0.0003681358,-0.0007429123647992106,0.125
2025-12-27 19:00:00+00:00,87462.0,87549.0,87462.0,87538.0,83.41802,1.25e-05,-0.0003153126,0.0008800050853904794,0.125
2025-12-27 20:00:00+00:00,87538.0,87605.0,87500.0,87521.0,84.02651,1.25e-05,-0.0003801101,-0.00019422023493155516,0.125
2025-12-27 21:00:00+00:00,87521.0,87649.0,87520.0,87644.0,128.74482,1.25e-05,-0.0003452398,0.0014043903772579455,0.125
2025-12-27 22:00:00+00:00,87645.0,87930.0,87472.0,87536.0,661.88566,1.25e-05,-0.0003369219,-0.0012330176239638568,0.125
2025-12-27 23:00:00+00:00,87536.0,87950.0,87536.0,87844.0,173.12587,1.25e-05,-0.0003406553,0.0035123767435763717,0.125
2025-12-28 00:00:00+00:00,87841.0,87940.0,87679.0,87819.0,307.96036,1.25e-05,-0.0003595431,-0.00028463592411365717,0.125
2025-12-28 01:00:00+00:00,87820.0,87916.0,87694.0,87753.0,231.78531,1.25e-05,-0.0003080682,-0.0007518283451672214,0.125
2025-12-28 02:00:00+00:00,87753.0,87851.0,87719.0,87784.0,71.49831,1.25e-05,-0.0003280741,0.0003532018927323271,0.125
2025-12-28 03:00:00+00:00,87785.0,87820.0,87707.0,87717.0,209.88894,1.25e-05,-0.0003121479,-0.0007635284500366863,0.125
2025-12-28 04:00:00+00:00,87715.0,87809.0,87649.0,87697.0,255.89361,1.25e-05,-0.0003341443,-0.0002280319710703001,0.125
2025-12-28 05:00:00+00:00,87698.0,87698.0,87581.0,87626.0,243.08521,1.25e-05,-0.0003217476,-0.0008099337095679077,0.125
2025-12-28 06:00:00+00:00,87627.0,87759.0,87614.0,87708.0,74.6836,1.25e-05,-0.0003532386,0.0009353577284320143,0.125
2025-12-28 07:00:00+00:00,87708.0,87713.0,87650.0,87708.0,59.56301,1.25e-05,-0.0002895324,0.0,0.125
2025-12-28 08:00:00+00:00,87708.0,87940.0,87708.0,87779.0,221.41703,1.25e-05,-0.0002909262,0.0008091767922869882,0.125
2025-12-28 09:00:00+00:00,87779.0,87871.0,87676.0,87768.0,543.13036,1.25e-05,-0.0002815422,-0.0001253225633521945,0.125
2025-12-28 10:00:00+00:00,87768.0,87974.0,87767.0,87828.0,787.21498,1.25e-05,-0.0003514453,0.0006833868919006162,0.125
2025-12-28 11:00:00+00:00,87828.0,87885.0,87782.0,87848.0,219.30941,1.12763e-05,-0.0004097897,0.00022769188832179232,0.112763
2025-12-28 12:00:00+00:00,87848.0,87858.0,87770.0,87825.0,101.60979,9.5366e-06,-0.0004237072,-0.00026185014352143773,0.09536599999999999
2025-12-28 13:00:00+00:00,87825.0,87917.0,87777.0,87864.0,93.17806,9.9639e-06,-0.0004202892,0.0004439663341540881,0.09963899999999999
2025-12-28 14:00:00+00:00,87864.0,88059.0,87864.0,87866.0,263.95725,1.00635e-05,-0.0004194919,2.276219200004038e-05,0.10063499999999999
2025-12-28 15:00:00+00:00,87866.0,87971.0,87768.0,87797.0,157.93443,8.2579e-06,-0.0004339371,-0.0007855951856528619,0.082579
2025-12-28 16:00:00+00:00,87797.0,87864.0,87701.0,87777.0,458.39724,7.7423e-06,-0.0004380616,-0.00022782416629466367,0.077423
2025-12-28 17:00:00+00:00,87778.0,87903.0,87728.0,87728.0,138.05353,8.7033e-06,-0.0004303738,-0.000558388664404677,0.087033
2025-12-28 18:00:00+00:00,87729.0,87742.0,87453.0,87580.0,805.73285,1.25e-05,-0.0003848643,-0.001688457288440367,0.125
2025-12-28 19:00:00+00:00,87580.0,87660.0,87500.0,87502.0,934.86763,1.25e-05,-0.0003607457,-0.0008910111280469649,0.125
2025-12-28 20:00:00+00:00,87502.0,87641.0,87413.0,87481.0,395.87929,1.25e-05,-0.0002309703,-0.0002400233177031332,0.125
2025-12-28 21:00:00+00:00,87480.0,87578.0,87408.0,87562.0,195.77427,1.25e-05,-0.0001584692,0.0009254869464251507,0.125
2025-12-28 22:00:00+00:00,87562.0,87990.0,87454.0,87887.0,957.81244,1.25e-05,-0.0002491638,0.003704784544001524,0.125
2025-12-28 23:00:00+00:00,87887.0,88044.0,87628.0,87928.0,1326.89591,1.25e-05,-0.0001967698,0.0004663993486700871,0.125
2025-12-29 00:00:00+00:00,87927.0,88418.0,87792.0,88306.0,2569.57427,1.25e-05,-0.0001674409,0.004289757704682299,0.125
2025-12-29 01:00:00+00:00,88307.0,88499.0,87862.0,88435.0,1291.69163,1.25e-05,-0.0001480693,0.0014597634154755543,0.125
2025-12-29 02:00:00+00:00,88435.0,89378.0,88434.0,89148.0,2957.09892,1.25e-05,-7.88939e-05,0.008030091070912564,0.125
2025-12-29 03:00:00+00:00,89148.0,90149.0,89097.0,90109.0,1256.98776,1.25e-05,-9.06486e-05,0.010722138680256175,0.125
2025-12-29 04:00:00+00:00,90109.0,90380.0,89953.0,90096.0,1059.59273,1.25e-05,-0.0001431809,-0.00014428012566302425,0.125
2025-12-29 05:00:00+00:00,90111.0,90274.0,89903.0,89960.0,743.52912,1.25e-05,-0.0002660021,-0.001510641421147803,0.125
2025-12-29 06:00:00+00:00,89961.0,90096.0,89720.0,89742.0,729.9114,1.25e-05,-0.0002822517,-0.002426240185870364,0.125
2025-12-29 07:00:00+00:00,89743.0,89830.0,89463.0,89582.0,762.13094,1.25e-05,-0.0002872602,-0.0017844799631755424,0.125
2025-12-29 08:00:00+00:00,89582.0,89790.0,89424.0,89513.0,940.66977,1.25e-05,-0.0003148303,-0.0007705408125739142,0.125
2025-12-29 09:00:00+00:00,89514.0,89564.0,87716.0,88084.0,3482.74917,1.25e-05,-0.0003570669,-0.016092961485549232,0.125
2025-12-29 10:00:00+00:00,88085.0,88232.0,87598.0,87742.0,1708.8008,1.25e-05,-0.0003901199,-0.0038902145452017005,0.125
2025-12-29 11:00:00+00:00,87743.0,87749.0,87524.0,87527.0,1108.69144,1.25e-05,-0.0003882319,-0.002453372904975735,0.125
2025-12-29 12:00:00+00:00,87527.0,87588.0,86736.0,87336.0,3013.08701,4.0066e-06,-0.0004679468,-0.002184568215799919,0.040066
2025-12-29 13:00:00+00:00,87336.0,87515.0,87124.0,87352.0,1577.90745,3.4954e-06,-0.000472037,0.00018318373379668518,0.034954
2025-12-29 14:00:00+00:00,87351.0,88185.0,87221.0,87411.0,3712.91063,6.161e-06,-0.0004507122,0.0006752001538252784,0.06161
2025-12-29 15:00:00+00:00,87411.0,87938.0,87200.0,87667.0,2067.37314,1.25e-05,-0.0003726547,0.0029244129182046472,0.125
2025-12-29 16:00:00+00:00,87666.0,87819.0,87424.0,87609.0,457.40572,1.25e-05,-0.0002216581,-0.0006618133927861014,0.125
2025-12-29 17:00:00+00:00,87609.0,87842.0,87318.0,87835.0,1323.51236,1.25e-05,-0.0001737477,0.0025763220743373057,0.125
2025-12-29 18:00:00+00:00,87833.0,88012.0,87341.0,87428.0,2652.62023,1.25e-05,-0.0001597685,-0.004644456977405342,0.125
2025-12-29 19:00:00+00:00,87429.0,87641.0,87284.0,87337.0,987.65844,1.25e-05,-0.0002072942,-0.0010413985434636025,0.125
2025-12-29 20:00:00+00:00,87338.0,87595.0,87069.0,87215.0,2777.01011,1.25e-05,-0.0001820886,-0.0013978644743792028,0.125
2025-12-29 21:00:00+00:00,87233.0,87378.0,87198.0,87337.0,610.18004,1.25e-05,-0.0001182134,0.0013978644743793227,0.125
2025-12-29 22:00:00+00:00,87337.0,87396.0,87069.0,87343.0,548.20874,1.25e-05,2.85184e-05,6.86970460540584e-05,0.125
2025-12-29 23:00:00+00:00,87342.0,87400.0,87173.0,87228.0,288.94882,1.25e-05,-4.52343e-05,-0.001317515700032749,0.125
2025-12-30 00:00:00+00:00,87227.0,87351.0,87081.0,87250.0,761.63193,1.25e-05,-7.47909e-05,0.00025218079203778704,0.125
2025-12-30 01:00:00+00:00,87246.0,87346.0,87101.0,87298.0,525.08681,1.25e-05,-0.0001170266,0.0005499919931475904,0.125
2025-12-30 02:00:00+00:00,87298.0,87336.0,86955.0,87094.0,640.86522,1.25e-05,-0.0001110217,-0.00233955792754277,0.125
2025-12-30 03:00:00+00:00,87093.0,87418.0,86824.0,87356.0,1281.18573,1.25e-05,-0.0001411688,0.003003728254384349,0.125
2025-12-30 04:00:00+00:00,87356.0,87480.0,87264.0,87287.0,543.86526,1.25e-05,-0.0001817858,-0.0007901834438281314,0.125
2025-12-30 05:00:00+00:00,87287.0,87335.0,87125.0,87240.0,512.10009,1.25e-05,-0.0001896746,-0.0005385986252692589,0.125
2025-12-30 06:00:00+00:00,87240.0,87527.0,87233.0,87433.0,385.90312,1.25e-05,-0.0002059062,0.002209844435505716,0.125
2025-12-30 07:00:00+00:00,87433.0,87593.0,87370.0,87482.0,131.51366,1.25e-05,-7.43136e-05,0.0005602721468344978,0.125
2025-12-30 08:00:00+00:00,87482.0,88200.0,87482.0,87849.0,992.60436,1.25e-05,-0.0001205343,0.004186373613279007,0.125
2025-12-30 09:00:00+00:00,87850.0,88020.0,87640.0,87982.0,343.81026,1.25e-05,-0.000118507,0.0015128165723389477,0.125
2025-12-30 10:00:00+00:00,87981.0,88174.0,87905.0,87940.0,486.61326,1.25e-05,-0.0001688627,-0.0004774843487224055,0.125
2025-12-30 11:00:00+00:00,87940.0,88017.0,87742.0,87874.0,679.01492,1.25e-05,-0.0001369383,-0.0007507934874389888,0.125
2025-12-30 12:00:00+00:00,87875.0,88069.0,87874.0,87999.0,236.08254,1.25e-05,-0.0001729128,0.0014214805120511206,0.125
2025-12-30 13:00:00+00:00,88000.0,88127.0,87888.0,88096.0,241.53129,1.25e-05,-0.0001709086,0.0011016781829204724,0.125
2025-12-30 14:00:00+00:00,88096.0,88988.0,87818.0,88845.0,2944.7372,1.25e-05,-0.0002056733,0.008466149436841437,0.125
2025-12-30 15:00:00+00:00,88846.0,89141.0,88192.0,88973.0,1874.65731,1.25e-05,-0.0001633225,0.0014396745223587502,0.125
2025-12-30 16:00:00+00:00,88973.0,89376.0,88543.0,88721.0,1813.80795,1.25e-05,-0.0003081004,-0.0028363385251175465,0.125
2025-12-30 17:00:00+00:00,88721.0,88857.0,88080.0,88338.0,1248.1833,9.776e-06,-0.0004217917,-0.004326248282953028,0.09775999999999999
2025-12-30 18:00:00+00:00,88338.0,88470.0,88083.0,88273.0,614.69837,8.5988e-06,-0.0004312098,-0.0007360810247926755,0.085988
2025-12-30 19:00:00+00:00,88272.0,88397.0,87924.0,88184.0,919.93427,1.21099e-05,-0.0004031205,-0.00100874442551945,0.12109900000000001
2025-12-30 20:00:00+00:00,88185.0,88185.0,87842.0,87894.0,883.12816,1.25e-05,-0.000380578,-0.003293997685326453,0.125
2025-12-30 21:00:00+00:00,87895.0,88317.0,87864.0,88251.0,812.49194,1.25e-05,-0.0003833312,0.004053484218277026,0.125
2025-12-30 22:00:00+00:00,88251.0,88456.0,88251.0,88412.0,507.00522,1.25e-05,-0.0002264919,0.0018226798432307107,0.125
2025-12-30 23:00:00+00:00,88412.0,88549.0,88339.0,88466.0,511.23672,1.25e-05,-0.0002071966,0.0006105903693811742,0.125
2025-12-31 00:00:00+00:00,88467.0,88467.0,88224.0,88239.0,487.05361,1.25e-05,-0.0002798075,-0.0025692552544668208,0.125
2025-12-31 01:00:00+00:00,88239.0,88768.0,88155.0,88629.0,554.84215,1.25e-05,-0.0003126034,0.004410075673210878,0.125
2025-12-31 02:00:00+00:00,88628.0,88727.0,88500.0,88644.0,295.90532,1.25e-05,-0.000223885,0.0001692305092800465,0.125
2025-12-31 03:00:00+00:00,88645.0,88793.0,88344.0,88422.0,462.39305,1.25e-05,-0.000285045,-0.0025075408754201235,0.125
2025-12-31 04:00:00+00:00,88422.0,88519.0,88306.0,88307.0,360.12947,1.25e-05,-0.000296919,-0.0013014277931910425,0.125
2025-12-31 05:00:00+00:00,88308.0,88501.0,88308.0,88431.0,234.13762,1.25e-05,-0.0003325775,0.0014032072372239567,0.125
2025-12-31 06:00:00+00:00,88431.0,88535.0,88431.0,88486.0,125.19047,1.25e-05,-0.0002950624,0.0006217605065860816,0.125
2025-12-31 07:00:00+00:00,88487.0,88613.0,88400.0,88578.0,237.7681,1.25e-05,-0.0003014565,0.0010391723702059582,0.125
2025-12-31 08:00:00+00:00,88579.0,88712.0,88358.0,88404.0,282.6608,1.25e-05,-0.0003108538,-0.0019663022913289476,0.125
2025-12-31 09:00:00+00:00,88404.0,88680.0,88402.0,88640.0,193.467,1.25e-05,-0.0003559922,0.0026660055102967796,0.125
2025-12-31 10:00:00+00:00,88641.0,88850.0,88630.0,88809.0,405.30146,1.25e-05,-0.0003348927,0.001904773214800873,0.125
2025-12-31 11:00:00+00:00,88810.0,89000.0,88777.0,88985.0,323.24683,1.25e-05,-0.0003575292,0.001979819988174352,0.125
2025-12-31 12:00:00+00:00,88982.0,89009.0,88712.0,88746.0,340.97894,1.25e-05,-0.0003515684,-0.0026894592846609805,0.125
2025-12-31 13:00:00+00:00,88745.0,89025.0,88708.0,88957.0,388.87887,1.25e-05,-0.0003535976,0.0023747499947676105,0.125
2025-12-31 14:00:00+00:00,88957.0,89178.0,88250.0,88445.0,1469.31374,1.25e-05,-0.0003367215,-0.0057722170165847445,0.125
2025-12-31 15:00:00+00:00,88444.0,88455.0,87747.0,87927.0,3218.39804,1.25e-05,-0.0003258355,-0.0058739651350416065,0.125
2025-12-31 16:00:00+00:00,87926.0,88030.0,87366.0,87630.0,2262.15473,1.25e-05,-0.0002619178,-0.0033835196926699685,0.125
2025-12-31 17:00:00+00:00,87631.0,87736.0,87456.0,87599.0,867.8537,1.25e-05,-0.0002126847,-0.00035382271568525574,0.125
2025-12-31 18:00:00+00:00,87599.0,87978.0,87554.0,87673.0,885.08263,1.25e-05,-0.0001888987,0.0008444018941636676,0.125
2025-12-31 19:00:00+00:00,87674.0,87858.0,87520.0,87534.0,566.37165,1.25e-05,-0.0001627358,-0.0015866949284241722,0.125
2025-12-31 20:00:00+00:00,87533.0,87710.0,87229.0,87660.0,1496.69354,1.25e-05,-0.0001186508,0.0014384056728497816,0.125
2025-12-31 21:00:00+00:00,87660.0,87875.0,87657.0,87794.0,348.21587,1.25e-05,-8.62442e-05,0.001527466185479351,0.125
2025-12-31 22:00:00+00:00,87793.0,87886.0,87646.0,87727.0,377.39348,1.25e-05,1.3992e-06,-0.0007634414486494678,0.125
2025-12-31 23:00:00+00:00,87726.0,87726.0,87615.0,87632.0,360.98304,1.25e-05,-5.205e-06,-0.001083491686127403,0.125
2026-01-01 00:00:00+00:00,87631.0,87837.0,87628.0,87807.0,365.07286,1.25e-05,-0.0001308388,0.001994996073185588,0.125
2026-01-01 01:00:00+00:00,87807.0,88043.0,87805.0,87955.0,253.58595,1.25e-05,-0.0001004107,0.0016840959363178163,0.125
2026-01-01 02:00:00+00:00,87956.0,88096.0,87885.0,87902.0,354.78846,1.25e-05,-6.9418e-05,-0.0006027624900307934,0.125
2026-01-01 03:00:00+00:00,87903.0,88011.0,87831.0,87839.0,175.69812,1.25e-05,-5.22769e-05,-0.0007169641995743107,0.125
2026-01-01 04:00:00+00:00,87839.0,87854.0,87550.0,87597.0,529.66977,1.25e-05,-4.511e-05,-0.0027588425806876985,0.125
2026-01-01 05:00:00+00:00,87597.0,87741.0,87596.0,87718.0,146.30682,1.25e-05,-2.85096e-05,0.0013803726915902178,0.125
2026-01-01 06:00:00+00:00,87718.0,87718.0,87646.0,87664.0,59.03478,1.25e-05,0.000104394,-0.0006157986761063205,0.125
2026-01-01 07:00:00+00:00,87664.0,87677.0,87602.0,87642.0,133.99845,1.25e-05,0.0001068424,-0.0002509896993313875,0.125
2026-01-01 08:00:00+00:00,87641.0,87827.0,87632.0,87774.0,140.43132,1.25e-05,0.0001057491,0.001504994127275487,0.125
2026-01-01 09:00:00+00:00,87774.0,87973.0,87757.0,87878.0,145.94248,1.25e-05,3.35794e-05,0.0011841597266491733,0.125
2026-01-01 10:00:00+00:00,87878.0,87886.0,87788.0,87860.0,113.25132,1.25e-05,4.31579e-05,-0.00020485040301974571,0.125
2026-01-01 11:00:00+00:00,87860.0,88023.0,87851.0,88022.0,238.37517,1.25e-05,-2.25135e-05,0.0018421446857802557,0.125
2026-01-01 12:00:00+00:00,88022.0,88043.0,87923.0,87947.0,298.04323,1.25e-05,-6.75699e-05,-0.0008524229215532341,0.125
2026-01-01 13:00:00+00:00,87946.0,88024.0,87855.0,87899.0,478.72853,1.25e-05,-7.3506e-06,-0.0005459322497204348,0.125
2026-01-01 14:00:00+00:00,87899.0,87951.0,87786.0,87936.0,1012.22687,1.25e-05,-4.89818e-05,0.00042084909768930494,0.125
2026-01-01 15:00:00+00:00,87937.0,88096.0,87899.0,88011.0,243.3124,1.25e-05,-0.0002702526,0.0008525295065279935,0.125
2026-01-01 16:00:00+00:00,88011.0,88023.0,87857.0,87968.0,400.68522,1.25e-05,-0.0002661446,-0.0004886946835222048,0.125
2026-01-01 17:00:00+00:00,87969.0,88495.0,87961.0,88293.0,912.58451,1.25e-05,-0.0002199406,0.0036877172864465376,0.125
2026-01-01 18:00:00+00:00,88293.0,88340.0,88059.0,88169.0,393.37248,1.25e-05,-0.0002370172,-0.001405401960874662,0.125
2026-01-01 19:00:00+00:00,88170.0,88420.0,88044.0,88377.0,672.65555,1.25e-05,-0.0003181031,0.0023563274867682135,0.125
2026-01-01 20:00:00+00:00,88365.0,88376.0,88204.0,88238.0,389.37185,1.25e-05,-0.0002389337,-0.0015740455646359843,0.125
2026-01-01 21:00:00+00:00,88238.0,88424.0,88238.0,88365.0,260.52682,1.25e-05,-0.0002589066,0.0014382544112209578,0.125
2026-01-01 22:00:00+00:00,88365.0,88689.0,88364.0,88637.0,1060.71872,1.25e-05,-0.0002417222,0.0030734140191233934,0.125
2026-01-01 23:00:00+00:00,88637.0,88888.0,88460.0,88809.0,1375.95132,1.25e-05,-0.000178698,0.0019386185528908117,0.125
2026-01-02 00:00:00+00:00,88810.0,88871.0,88562.0,88802.0,1471.99411,1.25e-05,-0.000197902,-7.882394675581036e-05,0.125
2026-01-02 01:00:00+00:00,88804.0,88845.0,88494.0,88618.0,460.94468,1.25e-05,-0.0002601383,-0.0020741750193562234,0.125
2026-01-02 02:00:00+00:00,88618.0,88643.0,88350.0,88606.0,542.96798,1.25e-05,-0.0002853694,-0.00013542183923555582,0.125
2026-01-02 03:00:00+00:00,88607.0,89094.0,88544.0,88910.0,1260.34214,1.25e-05,-0.0003344195,0.003425046724620646,0.125
2026-01-02 04:00:00+00:00,88911.0,88960.0,88581.0,88599.0,761.04009,1.25e-05,-0.0003079598,-0.003504051267423015,0.125
2026-01-02 05:00:00+00:00,88599.0,88759.0,88538.0,88724.0,521.18665,1.21813e-05,-0.00040255,0.0014098568229182376,0.12181299999999999
2026-01-02 06:00:00+00:00,88724.0,89059.0,88701.0,88906.0,482.81679,1.25e-05,-0.0003596968,0.002049204117417499,0.125
2026-01-02 07:00:00+00:00,88906.0,89036.0,88805.0,88827.0,308.67892,1.25e-05,-0.0003650999,-0.0008889739688481525,0.125
2026-01-02 08:00:00+00:00,88827.0,89192.0,88771.0,89149.0,887.77292,1.25e-05,-0.0003886447,0.003618469359209734,0.125
2026-01-02 09:00:00+00:00,89150.0,89475.0,89059.0,89436.0,2155.61421,1.05918e-05,-0.0004152658,0.0032141584912350647,0.10591800000000001
2026-01-02 10:00:00+00:00,89436.0,89899.0,89426.0,89618.0,2680.2837,1.25e-05,-0.0002743661,0.0020329069742025924,0.125
2026-01-02 11:00:00+00:00,89618.0,89640.0,89290.0,89459.0,1877.13636,5.7789e-06,-0.0004537687,-0.0017757728997262882,0.057789
2026-01-02 12:00:00+00:00,89459.0,89548.0,89326.0,89361.0,715.71412,5.329e-07,-0.0004957365,-0.0010960743743570814,0.005329
2026-01-02 13:00:00+00:00,89361.0,89642.0,89274.0,89297.0,597.98188,5.1975e-06,-0.0004584198,-0.000716452694395101,0.051975
2026-01-02 14:00:00+00:00,89298.0,90079.0,88444.0,89530.0,4662.05031,8.4142e-06,-0.0004326862,0.002605871952783432,0.084142
2026-01-02 15:00:00+00:00,89531.0,89850.0,88752.0,89366.0,3704.9641,4.6961e-06,-0.0004624315,-0.0018334680031071903,0.046960999999999996
2026-01-02 16:00:00+00:00,89367.0,90786.0,89161.0,90340.0,5999.44374,4.4126e-06,-0.0004646995,0.010840033583500655,0.044126
2026-01-02 17:00:00+00:00,90341.0,90956.0,90134.0,90310.0,2490.74072,8.3593e-06,-0.0004331259,-0.0003321339637507148,0.083593
2026-01-02 18:00:00+00:00,90310.0,90498.0,89508.0,89740.0,2209.08736,-1.5941e-06,-0.0005127525,-0.0063315957148701064,-0.015941
2026-01-02 19:00:00+00:00,89739.0,90137.0,89612.0,89849.0,1241.55681,4.711e-07,-0.0004962315,0.0012138829592503375,0.004711
2026-01-02 20:00:00+00:00,89848.0,90036.0,89573.0,89735.0,940.70923,6.0741e-06,-0.0004514074,-0.0012696010258477432,0.060741
2026-01-02 21:00:00+00:00,89734.0,90141.0,89683.0,90027.0,627.34496,-4.5595e-06,-0.0005364762,0.003248742858023367,-0.045595000000000004
2026-01-02 22:00:00+00:00,90026.0,90356.0,89973.0,90149.0,826.32657,-1.0285e-06,-0.0005082282,0.0013542316251342168,-0.010284999999999999
2026-01-02 23:00:00+00:00,90148.0,90149.0,89851.0,89932.0,390.70587,1.3348e-06,-0.0004893217,-0.0024100277656411975,0.013347999999999999
2026-01-03 00:00:00+00:00,89932.0,90148.0,89915.0,90112.0,445.23071,-2.8235e-06,-0.0005225879,0.0019995118967664057,-0.028235000000000003
2026-01-03 01:00:00+00:00,90112.0,90250.0,90035.0,90236.0,222.20695,4.0019e-06,-0.0004679851,0.0013751194306547226,0.040019
2026-01-03 02:00:00+00:00,90235.0,90369.0,90090.0,90300.0,527.62956,3.5501e-06,-0.0004715995,0.0007089998967625971,0.035501
2026-01-03 03:00:00+00:00,90299.0,90341.0,90146.0,90274.0,282.52422,3.7402e-06,-0.0004700785,-0.0002879705846874367,0.037402000000000005
2026-01-03 04:00:00+00:00,90273.0,90430.0,90008.0,90119.0,410.14398,4.915e-07,-0.0004960682,-0.0017184706517962985,0.004915
2026-01-03 05:00:00+00:00,90119.0,90158.0,89886.0,90000.0,453.51579,2.2977e-06,-0.0004816181,-0.0013213488561909601,0.022977
2026-01-03 06:00:00+00:00,90000.0,90088.0,89811.0,89836.0,308.76857,7.2188e-06,-0.0004422494,-0.0018238844887887408,0.072188
2026-01-03 07:00:00+00:00,89835.0,89911.0,89269.0,89528.0,2139.64416,6.0963e-06,-0.0004512293,-0.0034343603257501873,0.060963
2026-01-03 08:00:00+00:00,89529.0,89802.0,89389.0,89637.0,1170.56191,8.1292e-06,-0.0004349662,0.0012167556548190667,0.081292
2026-01-03 09:00:00+00:00,89637.0,89952.0,89589.0,89751.0,892.3725,1.25e-05,-0.0003963714,0.0012709881970522946,0.125
2026-01-03 10:00:00+00:00,89751.0,89836.0,89673.0,89724.0,274.66903,1.25e-05,-0.0003732933,-0.0003008775618185066,0.125
2026-01-03 11:00:00+00:00,89724.0,89747.0,89643.0,89720.0,99.14826,1.25e-05,-0.0003624609,-4.458215377128236e-05,0.125
2026-01-03 12:00:00+00:00,89721.0,90020.0,89630.0,90006.0,342.41738,1.25e-05,-0.0003431501,0.003182625122800673,0.125
2026-01-03 13:00:00+00:00,90005.0,90025.0,89895.0,89980.0,366.64021,1.25e-05,-0.00030207,-0.00028891136178200343,0.125
2026-01-03 14:00:00+00:00,89980.0,90214.0,89929.0,90093.0,267.14519,1.25e-05,-0.0002984378,0.0012550467291886933,0.125
2026-01-03 15:00:00+00:00,90093.0,90097.0,89929.0,89934.0,616.90846,1.25e-05,-0.0003144804,-0.0017664021657011041,0.125
2026-01-03 16:00:00+00:00,89933.0,90190.0,89881.0,90069.0,977.83587,1.00383e-05,-0.0004196937,0.0014999752816527733,0.100383
2026-01-03 17:00:00+00:00,90070.0,90100.0,89989.0,90060.0,275.26881,1.25e-05,-0.0003495472,-9.992838474083733e-05,0.125
2026-01-03 18:00:00+00:00,90060.0,90165.0,90000.0,90099.0,524.3729,1.25e-05,-0.0003941719,0.0004329509001404573,0.125
2026-01-03 19:00:00+00:00,90099.0,90112.0,90002.0,90079.0,280.80927,1.25e-05,-0.0003809913,-0.00022200268714432837,0.125
2026-01-03 20:00:00+00:00,90079.0,90340.0,89983.0,90340.0,602.2323,8.3607e-06,-0.0004331143,0.002893267140036311,0.083607
2026-01-03 21:00:00+00:00,90340.0,90711.0,90260.0,90527.0,1521.26264,1.25e-05,-0.0003648461,0.0020678185255724457,0.125
2026-01-03 22:00:00+00:00,90527.0,90711.0,90463.0,90546.0,607.14864,1.25e-05,-0.0002843308,0.0002098601124378107,0.125
2026-01-03 23:00:00+00:00,90546.0,90683.0,90421.0,90600.0,534.24962,1.25e-05,-0.0003672053,0.0005962041844651673,0.125
2026-01-04 00:00:00+00:00,90599.0,91555.0,90599.0,91308.0,2628.87023,1.25e-05,-0.0003837395,0.007784193933452308,0.125
2026-01-04 01:00:00+00:00,91308.0,91446.0,90952.0,91182.0,1669.00231,1.25e-05,-0.0003958261,-0.0013808978028629307,0.125
2026-01-04 02:00:00+00:00,91183.0,91260.0,91030.0,91091.0,335.12682,8.1158e-06,-0.0004350737,-0.0009985023295895493,0.081158
2026-01-04 03:00:00+00:00,91090.0,91313.0,91040.0,91190.0,454.40443,6.9842e-06,-0.0004441263,0.001086235095640609,0.069842
2026-01-04 04:00:00+00:00,91189.0,91560.0,91148.0,91370.0,510.02418,8.2581e-06,-0.0004339355,0.001971955064955052,0.082581
2026-01-04 05:00:00+00:00,91370.0,91448.0,91308.0,91443.0,212.91372,9.9762e-06,-0.0004201902,0.000798630336792324,0.09976199999999999
2026-01-04 06:00:00+00:00,91442.0,91834.0,91177.0,91180.0,770.83219,1.22433e-05,-0.0004020538,-0.0028802525620262743,0.122433
2026-01-04 07:00:00+00:00,91181.0,91514.0,91166.0,91494.0,559.69345,1.25e-05,-0.0003962275,0.003437821575634841,0.125
2026-01-04 08:00:00+00:00,91493.0,91526.0,91120.0,91331.0,691.67741,1.15467e-05,-0.000407626,-0.0017831264125665906,0.11546700000000001
2026-01-04 09:00:00+00:00,91331.0,91439.0,91209.0,91419.0,274.68565,1.25e-05,-0.0003981979,0.0009630643699219148,0.125
2026-01-04 10:00:00+00:00,91419.0,91577.0,91373.0,91559.0,386.11682,4.9497e-06,-0.0004604021,0.0015302389065246366,0.049497
2026-01-04 11:00:00+00:00,91559.0,91559.0,91187.0,91256.0,474.71643,2.5689e-06,-0.0004794489,-0.0033148294992132324,0.025689
2026-01-04 12:00:00+00:00,91256.0,91312.0,91050.0,91101.0,535.58858,3.4233e-06,-0.0004726135,-0.0016999625715220475,0.034233
2026-01-04 13:00:00+00:00,91102.0,91232.0,90975.0,91226.0,449.20082,3.7309e-06,-0.000470153,0.0013711630157271762,0.037309
2026-01-04 14:00:00+00:00,91226.0,91373.0,91108.0,91301.0,471.58239,2.501e-06,-0.0004799917,0.0008217962736573427,0.025009999999999998
2026-01-04 15:00:00+00:00,91301.0,91341.0,91053.0,91294.0,684.30249,5.2562e-06,-0.0004579506,-7.66724171355295e-05,0.052562
2026-01-04 16:00:00+00:00,91294.0,91411.0,91196.0,91283.0,446.54192,3.712e-06,-0.0004703042,-0.00012049710547674001,0.03712
2026-01-04 17:00:00+00:00,91283.0,91394.0,91268.0,91301.0,281.6432,6.8565e-06,-0.0004451483,0.00019716952261230212,0.068565
2026-01-04 18:00:00+00:00,91301.0,91301.0,90950.0,91176.0,948.18998,8.6608e-06,-0.0004307134,-0.0013700358900251661,0.086608
2026-01-04 19:00:00+00:00,91176.0,91176.0,90839.0,91101.0,767.02835,9.9687e-06,-0.0004202503,-0.0008229233993593928,0.099687
2026-01-04 20:00:00+00:00,91101.0,91306.0,91083.0,91270.0,356.90622,8.8914e-06,-0.0004288688,0.0018533653747112892,0.08891399999999999
2026-01-04 21:00:00+00:00,91271.0,91392.0,91138.0,91242.0,449.0016,1.04483e-05,-0.0004164139,-0.00030682914240898505,0.10448299999999999
2026-01-04 22:00:00+00:00,91243.0,91372.0,91115.0,91184.0,383.57628,8.0895e-06,-0.0004352836,-0.0006358742937332664,0.080895
2026-01-04 23:00:00+00:00,91184.0,91571.0,91184.0,91511.0,1237.57396,1.25e-05,-0.0003950193,0.0035797405423925108,0.125
2026-01-05 00:00:00+00:00,91510.0,92412.0,91479.0,92373.0,2722.65521,1.25e-05,-0.0003507736,0.009375544519378979,0.125
2026-01-05 01:00:00+00:00,92374.0,93366.0,92261.0,92921.0,2931.88378,1.25e-05,-0.0003016878,0.0059149416356436444,0.125
2026-01-05 02:00:00+00:00,92922.0,93128.0,92701.0,93004.0,879.25771,1.25e-05,-0.0003236699,0.0008928331909493745,0.125
2026-01-05 03:00:00+00:00,93004.0,93176.0,92835.0,92844.0,692.66802,1.25e-05,-0.0003966065,-0.001721837625690512,0.125
2026-01-05 04:00:00+00:00,92843.0,92925.0,92312.0,92579.0,1212.18719,1.25e-05,-0.000392063,-0.002858331279529339,0.125
2026-01-05 05:00:00+00:00,92580.0,92694.0,92307.0,92318.0,1513.78787,1.24628e-05,-0.0004002975,-0.002823195328824872,0.124628
2026-01-05 06:00:00+00:00,92319.0,92465.0,92109.0,92456.0,377.56961,1.25e-05,-0.0003515008,0.0014937169261766987,0.125
2026-01-05 07:00:00+00:00,92456.0,92600.0,92454.0,92497.0,229.11597,1.25e-05,-0.0003999236,0.0004433558868640945,0.125
2026-01-05 08:00:00+00:00,92498.0,92735.0,92425.0,92430.0,475.28111,1.25e-05,-0.0003591598,-0.0007246102833181322,0.125
2026-01-05 09:00:00+00:00,92431.0,92817.0,92290.0,92660.0,1337.22935,1.1345e-05,-0.0004092403,0.0024852787118159647,0.11345000000000001
2026-01-05 10:00:00+00:00,92661.0,93146.0,92646.0,93054.0,1875.22221,1.25e-05,-0.0003486294,0.004243089816868476,0.125
2026-01-05 11:00:00+00:00,93055.0,93131.0,92853.0,93114.0,2529.42933,1.25e-05,-0.0002383433,0.000644579112171926,0.125
2026-01-05 12:00:00+00:00,93115.0,93193.0,92729.0,92851.0,501.16316,1.25e-05,-0.0002461549,-0.0028284911175893014,0.125
2026-01-05 13:00:00+00:00,92852.0,92991.0,92508.0,92716.0,691.10728,1.25e-05,-0.0002522474,-0.0014550003375227534,0.125
2026-01-05 14:00:00+00:00,92716.0,93623.0,92368.0,93398.0,3092.83208,1.25e-05,-0.0002543906,0.007328874266867582,0.125
2026-01-05 15:00:00+00:00,93399.0,93983.0,93167.0,93929.0,3029.12737,1.25e-05,-0.0002273935,0.005669245994541354,0.125
2026-01-05 16:00:00+00:00,93929.0,94000.0,93534.0,93655.0,2154.81768,1.25e-05,-0.000297714,-0.0029213599759840064,0.125
2026-01-05 17:00:00+00:00,93655.0,94443.0,93202.0,94257.0,4521.2659,4.954e-06,-0.0004603683,0.006407276379372482,0.04954
2026-01-05 18:00:00+00:00,94258.0,94472.0,93859.0,94404.0,3291.39414,2.6185e-06,-0.0004790523,0.0015583510078776334,0.026185
2026-01-05 19:00:00+00:00,94405.0,94463.0,94086.0,94263.0,1843.01171,-1.971e-07,-0.0005015764,-0.0014946972841134239,-0.001971
2026-01-05 20:00:00+00:00,94264.0,94753.0,93981.0,94128.0,1507.83145,-4.0825e-06,-0.0005326602,-0.0014331897288922665,-0.040825
2026-01-05 21:00:00+00:00,94127.0,94192.0,93764.0,94045.0,1117.66749,-3.5464e-06,-0.0005283711,-0.0008821669993322531,-0.035464
2026-01-05 22:00:00+00:00,94046.0,94366.0,93955.0,94125.0,920.27559,1.8134e-06,-0.0004854928,0.0008502949972897295,0.018134
2026-01-05 23:00:00+00:00,94126.0,94153.0,93812.0,93832.0,483.95449,4.7033e-06,-0.0004623738,-0.0031177369008537304,0.047033000000000005
2026-01-06 00:00:00+00:00,93831.0,93945.0,93511.0,93778.0,897.34014,7.2612e-06,-0.0004419104,-0.0005756622940274103,0.072612
2026-01-06 01:00:00+00:00,93778.0,94123.0,93704.0,93743.0,525.06269,8.0533e-06,-0.0004355733,-0.00037329152901728423,0.080533
2026-01-06 02:00:00+00:00,93742.0,93830.0,93493.0,93590.0,594.37919,1.14052e-05,-0.0004087586,-0.0016334552269941442,0.114052
2026-01-06 03:00:00+00:00,93591.0,93901.0,93568.0,93725.0,286.8169,1.16812e-05,-0.00040655,0.0014414224528106498,0.116812
2026-01-06 04:00:00+00:00,93726.0,93978.0,93704.0,93776.0,426.13819,1.25e-05,-0.000368146,0.0005439971120976442,0.125
2026-01-06 05:00:00+00:00,93776.0,93781.0,93528.0,93559.0,529.5102,1.25e-05,-0.0003910744,-0.0023167064035612027,0.125
2026-01-06 06:00:00+00:00,93560.0,93906.0,93511.0,93747.0,472.40121,1.25e-05,-0.0003838089,0.0020074110079970403,0.125
2026-01-06 07:00:00+00:00,93746.0,93747.0,93133.0,93234.0,1603.5562,8.5744e-06,-0.0004314046,-0.0054872023058571825,0.085744
2026-01-06 08:00:00+00:00,93234.0,93414.0,93164.0,93211.0,554.41744,1.25e-05,-0.0003240202,-0.0002467215545245766,0.125
2026-01-06 09:00:00+00:00,93211.0,93547.0,93210.0,93443.0,799.10465,1.25e-05,-0.0002046406,0.002485884250781158,0.125
2026-01-06 10:00:00+00:00,93444.0,93651.0,93388.0,93560.0,679.47623,1.25e-05,-0.0001850537,0.0012513169870696115,0.125
2026-01-06 11:00:00+00:00,93560.0,93890.0,93555.0,93825.0,543.20719,1.25e-05,-0.0001574265,0.002828403305106161,0.125
2026-01-06 12:00:00+00:00,93826.0,93987.0,93769.0,93855.0,325.85808,1.25e-05,-8.56094e-05,0.0003196930973520011,0.125
2026-01-06 13:00:00+00:00,93855.0,93863.0,93637.0,93709.0,649.50806,1.25e-05,-0.0001178021,-0.0015568022593624986,0.125
2026-01-06 14:00:00+00:00,93710.0,94435.0,93512.0,93823.0,5830.01097,1.25e-05,-0.0001121818,0.0012157926545062617,0.125
2026-01-06 15:00:00+00:00,93823.0,94292.0,93327.0,93644.0,2845.63258,1.25e-05,-0.0001178603,-0.0019096700155086786,0.125
2026-01-06 16:00:00+00:00,93643.0,93754.0,92321.0,92706.0,4172.63222,1.25e-05,-0.0001297409,-0.010067163101735464,0.125
2026-01-06 17:00:00+00:00,92706.0,92773.0,91537.0,91604.0,3712.04541,1.25e-05,-0.000152935,-0.011958256547405507,0.125
2026-01-06 18:00:00+00:00,91605.0,92265.0,91316.0,92090.0,4259.42126,1.25e-05,6.43875e-05,0.0052914208843449564,0.125
2026-01-06 19:00:00+00:00,92090.0,92374.0,91950.0,92153.0,1031.02183,1.25e-05,0.000564245,0.0006838794684778634,0.125
2026-01-06 20:00:00+00:00,92151.0,92733.0,92150.0,92548.0,892.69026,1.25e-05,0.000453931,0.004277189643682328,0.125
2026-01-06 21:00:00+00:00,92549.0,93897.0,92411.0,93285.0,4439.01425,1.25e-05,0.0004449229,0.007931894378526552,0.125
2026-01-06 22:00:00+00:00,93286.0,93567.0,93000.0,93409.0,1787.20864,1.25e-05,0.0002999463,0.001328377111573399,0.125
2026-01-06 23:00:00+00:00,93395.0,93837.0,93371.0,93801.0,898.20411,1.25e-05,0.0002871067,0.004187816600625679,0.125
2026-01-07 00:00:00+00:00,93801.0,93801.0,92696.0,92750.0,1474.48357,1.25e-05,0.0003844509,-0.011267815448616809,0.125
2026-01-07 01:00:00+00:00,92751.0,92925.0,92356.0,92495.0,1141.50523,1.25e-05,0.0003776184,-0.0027531124841920986,0.125
2026-01-07 02:00:00+00:00,92492.0,93110.0,92285.0,93024.0,1140.51712,1.25e-05,0.0004968549,0.005702935373113055,0.125
2026-01-07 03:00:00+00:00,93025.0,93172.0,92798.0,92889.0,1113.04476,1.25e-05,0.000572825,-0.0014522924564497766,0.125
2026-01-07 04:00:00+00:00,92889.0,93000.0,92669.0,92724.0,1054.51705,1.91482e-05,0.0006531853,-0.00177789318056847,0.191482
2026-01-07 05:00:00+00:00,92723.0,92921.0,92561.0,92576.0,818.14459,2.4145e-05,0.0006931603,-0.0015974099457225705,0.24145
2026-01-07 06:00:00+00:00,92577.0,92958.0,92570.0,92656.0,436.78171,1.25e-05,0.0005963248,0.0008637816897093266,0.125
2026-01-07 07:00:00+00:00,92656.0,92954.0,92655.0,92944.0,291.19559,1.25e-05,0.000529167,0.003103450766742705,0.125
2026-01-07 08:00:00+00:00,92943.0,93024.0,92757.0,92768.0,338.64218,1.25e-05,0.000547233,-0.0018954085109317003,0.125
2026-01-07 09:00:00+00:00,92768.0,92768.0,91621.0,91771.0,3176.85341,1.25e-05,0.0005264325,-0.010805409160457474,0.125
2026-01-07 10:00:00+00:00,91770.0,92081.0,91645.0,92039.0,1084.86428,1.25e-05,0.0004506525,0.002916056687981503,0.125
2026-01-07 11:00:00+00:00,92040.0,92342.0,91991.0,92162.0,1572.45631,1.65057e-05,0.0006320455,0.0013354978342291607,0.165057
2026-01-07 12:00:00+00:00,92159.0,92261.0,92049.0,92057.0,993.39551,5.64481e-05,0.0009515846,-0.0011399476858570913,0.564481
2026-01-07 13:00:00+00:00,92057.0,92351.0,91931.0,92106.0,816.97449,2.88674e-05,0.0007309388,0.0005321373039783714,0.288674
2026-01-07 14:00:00+00:00,92106.0,92244.0,91422.0,92051.0,3203.66852,2.69142e-05,0.0007153137,-0.0005973164379879835,0.269142
2026-01-07 15:00:00+00:00,92051.0,92078.0,91133.0,91409.0,4109.31189,3.97461e-05,0.0008179686,-0.0069988293973744144,0.397461
2026-01-07 16:00:00+00:00,91408.0,91851.0,91204.0,91304.0,2388.03582,4.79239e-05,0.0008833912,-0.0011493436324581893,0.47923899999999997
2026-01-07 17:00:00+00:00,91306.0,91740.0,91096.0,91336.0,1781.34702,2.38663e-05,0.00069093,0.0003504161227271544,0.238663
2026-01-07 18:00:00+00:00,91336.0,91527.0,90677.0,90919.0,4279.23319,1.25e-05,0.000574714,-0.004576014130327925,0.125
2026-01-07 19:00:00+00:00,90919.0,91316.0,90677.0,91219.0,1977.10246,1.25e-05,0.00056579,0.003294208471545521,0.125
2026-01-07 20:00:00+00:00,91219.0,91337.0,90804.0,91096.0,987.86185,1.25e-05,0.0002351806,-0.0013493132069398494,0.125
2026-01-07 21:00:00+00:00,91096.0,91272.0,91077.0,91086.0,671.87006,1.25e-05,0.0003155006,-0.00010978032967080886,0.125
2026-01-07 22:00:00+00:00,91114.0,91398.0,90884.0,91199.0,1399.79138,1.25e-05,0.0003085364,0.0012398169292567463,0.125
2026-01-07 23:00:00+00:00,91199.0,91499.0,91024.0,91373.0,1260.20791,1.25e-05,0.0002117561,0.001906097897613309,0.125
2026-01-08 00:00:00+00:00,91373.0,91518.0,91071.0,91386.0,740.80407,1.25e-05,0.0001384139,0.0001422638559186944,0.125
2026-01-08 01:00:00+00:00,91386.0,91676.0,91304.0,91437.0,520.89877,1.25e-05,-8.5354e-06,0.0005579166879759272,0.125
2026-01-08 02:00:00+00:00,91438.0,91473.0,90774.0,90967.0,1134.95361,1.25e-05,2.47002e-05,-0.005153407164014158,0.125
2026-01-08 03:00:00+00:00,90966.0,91139.0,90591.0,90812.0,660.0719,1.25e-05,7.10011e-05,-0.0017053679200048353,0.125
2026-01-08 04:00:00+00:00,90812.0,91160.0,90706.0,91033.0,274.76458,1.25e-05,6.11246e-05,0.0024306426770722214,0.125
2026-01-08 05:00:00+00:00,91033.0,91200.0,90790.0,90824.0,829.18233,1.25e-05,5.24394e-05,-0.0022985102802184905,0.125
2026-01-08 06:00:00+00:00,90824.0,90867.0,89828.0,89848.0,3946.86743,1.25e-05,4.63625e-05,-0.01080421420149758,0.125
2026-01-08 07:00:00+00:00,89854.0,90559.0,89622.0,90515.0,2596.50261,1.25e-05,-6.67722e-05,0.007396229167172251,0.125
2026-01-08 08:00:00+00:00,90514.0,90721.0,90112.0,90199.0,847.4045,1.25e-05,-0.000224611,-0.0034972422952856833,0.125
2026-01-08 09:00:00+00:00,90199.0,90345.0,89915.0,89978.0,749.51319,1.25e-05,-0.0002621123,-0.0024531445282136785,0.125
2026-01-08 10:00:00+00:00,89979.0,90474.0,89750.0,90386.0,1811.9365,1.25e-05,-0.0002856393,0.004524192143914138,0.125
2026-01-08 11:00:00+00:00,90386.0,90460.0,90000.0,90198.0,938.78976,1.25e-05,-0.0002408339,-0.002082134274569525,0.125
2026-01-08 12:00:00+00:00,90198.0,90220.0,89772.0,89964.0,1042.90329,1.25e-05,-0.000252908,-0.002597663564826983,0.125
2026-01-08 13:00:00+00:00,89964.0,90091.0,89862.0,89956.0,709.05274,1.25e-05,-0.0002184584,-8.892841268645062e-05,0.125
2026-01-08 14:00:00+00:00,89950.0,90176.0,89300.0,90031.0,5400.43931,1.25e-05,-0.0001631688,0.0008333935711013898,0.125
2026-01-08 15:00:00+00:00,90031.0,90859.0,89828.0,90795.0,3838.31256,1.25e-05,-0.0001385912,0.008450162544420034,0.125
2026-01-08 16:00:00+00:00,90800.0,90956.0,90336.0,90956.0,2393.61676,1.25e-05,0.0001232785,0.001771655089784631,0.125
2026-01-08 17:00:00+00:00,90956.0,91450.0,90863.0,91380.0,2253.2313,1.25e-05,0.000190631,0.004650763033580606,0.125
2026-01-08 18:00:00+00:00,91380.0,91490.0,90934.0,91104.0,2184.85558,1.25e-05,0.0002005667,-0.0030249250394984105,0.125
2026-01-08 19:00:00+00:00,91104.0,91330.0,90812.0,90928.0,1577.51185,1.25e-05,8.54029e-05,-0.0019337265408613505,0.125
2026-01-08 20:00:00+00:00,90928.0,90977.0,90542.0,90924.0,1575.62376,1.25e-05,-2.75655e-05,-4.399181752906814e-05,0.125
2026-01-08 21:00:00+00:00,90924.0,91319.0,90908.0,91254.0,1020.26017,1.25e-05,-9.10559e-05,0.0036228343810499894,0.125
2026-01-08 22:00:00+00:00,91253.0,91466.0,91008.0,91210.0,1031.08801,1.25e-05,-0.0001480075,-0.0004822869262195975,0.125
2026-01-08 23:00:00+00:00,91210.0,91310.0,91030.0,91079.0,518.3428,1.25e-05,-0.0001848354,-0.001437278415607215,0.125
2026-01-09 00:00:00+00:00,91079.0,91280.0,91041.0,91270.0,433.46581,1.25e-05,-0.0002126933,0.0020948847523260764,0.125
2026-01-09 01:00:00+00:00,91270.0,91627.0,90815.0,91039.0,1154.09203,1.25e-05,-0.0001989282,-0.002534160393868504,0.125
2026-01-09 02:00:00+00:00,91037.0,91461.0,90987.0,91023.0,672.56344,1.25e-05,-0.0002626206,-0.00017576430052608527,0.125
2026-01-09 03:00:00+00:00,91023.0,91263.0,90934.0,91207.0,468.13816,1.25e-05,-0.0002533021,0.0020194266863921653,0.125
2026-01-09 04:00:00+00:00,91207.0,91220.0,90910.0,91010.0,407.55639,1.25e-05,-0.0001952457,-0.0021622579315191733,0.125
2026-01-09 05:00:00+00:00,91010.0,91118.0,90902.0,91085.0,573.41205,1.25e-05,-0.0001769601,0.0008237458935278408,0.125
2026-01-09 06:00:00+00:00,91084.0,91148.0,90980.0,91137.0,743.9888,1.25e-05,-7.2992e-05,0.0005707324188244891,0.125
2026-01-09 07:00:00+00:00,91137.0,91138.0,90710.0,90733.0,1850.90985,1.25e-05,-5.2276e-05,-0.004442741128396322,0.125
2026-01-09 08:00:00+00:00,90734.0,90849.0,89645.0,90012.0,5408.01873,1.25e-05,-2.79883e-05,-0.00797813299772088,0.125
2026-01-09 09:00:00+00:00,90009.0,90491.0,89995.0,90326.0,2390.57878,1.25e-05,-0.0001237599,0.0034823533289431866,0.125
2026-01-09 10:00:00+00:00,90327.0,90545.0,90267.0,90478.0,550.85487,1.25e-05,-0.000207294,0.0016813791266687963,0.125
2026-01-09 11:00:00+00:00,90478.0,90683.0,90390.0,90434.0,278.90987,1.25e-05,-0.0001380577,-0.0004864243484961292,0.125
2026-01-09 12:00:00+00:00,90434.0,90583.0,90204.0,90438.0,415.05787,1.25e-05,-0.0001642473,4.423017383180236e-05,0.125
2026-01-09 13:00:00+00:00,90438.0,90915.0,90369.0,90585.0,969.1335,1.25e-05,-0.0002096643,0.001624103371527097,0.125
2026-01-09 14:00:00+00:00,90585.0,90652.0,89929.0,90137.0,2137.09429,1.25e-05,-0.0001617058,-0.004957901281330073,0.125
2026-01-09 15:00:00+00:00,90137.0,92061.0,89834.0,91185.0,6094.2877,1.25e-05,-0.000156466,0.011559674722151423,0.125
2026-01-09 16:00:00+00:00,91185.0,91784.0,91156.0,91621.0,2864.56715,1.25e-05,-4.89461e-05,0.004770093177693062,0.125
2026-01-09 17:00:00+00:00,91622.0,91676.0,90999.0,91428.0,1633.55362,1.25e-05,7.9215e-06,-0.0021087257676157332,0.125
2026-01-09 18:00:00+00:00,91427.0,91501.0,90275.0,90821.0,3273.80343,1.25e-05,-2.5143e-05,-0.006661240879111348,0.125
2026-01-09 19:00:00+00:00,90821.0,90821.0,90143.0,90336.0,3035.76774,1.25e-05,-5.97267e-05,-0.005354484328682645,0.125
2026-01-09 20:00:00+00:00,90334.0,90565.0,90221.0,90307.0,1859.90476,1.25e-05,-8.17794e-05,-0.00032107527276601543,0.125
2026-01-09 21:00:00+00:00,90308.0,90634.0,90131.0,90540.0,634.91111,1.25e-05,-0.0001095911,0.0025767652094996945,0.125
2026-01-09 22:00:00+00:00,90541.0,90700.0,90350.0,90629.0,778.98908,1.25e-05,-4.50044e-05,0.0009825081240109835,0.125
2026-01-09 23:00:00+00:00,90630.0,90732.0,90602.0,90650.0,261.62531,1.25e-05,-1.55902e-05,0.00023168706903665585,0.125
2026-01-10 00:00:00+00:00,90651.0,90693.0,90520.0,90585.0,254.77407,1.25e-05,1.48058e-05,-0.0007173007728858892,0.125
2026-01-10 01:00:00+00:00,90586.0,90733.0,90581.0,90682.0,357.22549,1.25e-05,-2.1927e-05,0.0010702445481951817,0.125
2026-01-10 02:00:00+00:00,90683.0,90790.0,90597.0,90692.0,270.69908,1.25e-05,-4.04296e-05,0.00011026938822679535,0.125
2026-01-10 03:00:00+00:00,90692.0,90695.0,90545.0,90631.0,157.21047,1.25e-05,-9.9435e-06,-0.0006728324845854342,0.125
2026-01-10 04:00:00+00:00,90631.0,90641.0,90400.0,90442.0,335.49628,1.25e-05,-7.74904e-05,-0.0020875566057535493,0.125
2026-01-10 05:00:00+00:00,90443.0,90612.0,90422.0,90592.0,80.02811,1.25e-05,-7.10791e-05,0.0016571476554317946,0.125
2026-01-10 06:00:00+00:00,90592.0,90597.0,90468.0,90498.0,69.27589,1.25e-05,-0.0001030456,-0.001038157915318854,0.125
2026-01-10 07:00:00+00:00,90499.0,90684.0,90498.0,90657.0,339.80387,1.25e-05,-7.93976e-05,0.0017554032825932203,0.125
2026-01-10 08:00:00+00:00,90657.0,90729.0,90603.0,90646.0,61.70909,1.25e-05,-0.0001608633,-0.00012134382788481293,0.125
2026-01-10 09:00:00+00:00,90646.0,90755.0,90615.0,90754.0,63.96641,1.25e-05,-0.0001515486,0.0011907388396992554,0.125
2026-01-10 10:00:00+00:00,90755.0,90800.0,90707.0,90800.0,171.26326,1.25e-05,-0.0001744798,0.0005067362986694996,0.125
2026-01-10 11:00:00+00:00,90800.0,90800.0,90686.0,90715.0,71.03661,1.25e-05,-0.0001575872,-0.0009365617851211396,0.125
2026-01-10 12:00:00+00:00,90715.0,90779.0,90663.0,90730.0,218.15915,1.25e-05,-0.0001632611,0.00016533935941099792,0.125
2026-01-10 13:00:00+00:00,90731.0,90752.0,90628.0,90648.0,74.75679,1.25e-05,-8.87963e-05,-0.0009041891032721041,0.125
2026-01-10 14:00:00+00:00,90648.0,90657.0,90517.0,90585.0,373.089,1.25e-05,-8.98168e-05,-0.000695237650291244,0.125
2026-01-10 15:00:00+00:00,90585.0,90654.0,90566.0,90646.0,87.26083,1.25e-05,-0.0001717185,0.0006731740409044118,0.125
2026-01-10 16:00:00+00:00,90646.0,90710.0,90595.0,90651.0,93.83182,1.25e-05,-0.0001673231,5.5158110738328666e-05,0.125
2026-01-10 17:00:00+00:00,90651.0,90737.0,90514.0,90515.0,471.43577,1.25e-05,-0.0002201997,-0.0015013857517099307,0.125
2026-01-10 18:00:00+00:00,90516.0,90567.0,90496.0,90566.0,151.40208,1.25e-05,-0.0002298026,0.0005632838491998847,0.125
2026-01-10 19:00:00+00:00,90567.0,90603.0,90562.0,90603.0,41.03701,1.25e-05,-0.0002606175,0.00040845840639864103,0.125
2026-01-10 20:00:00+00:00,90603.0,90630.0,90537.0,90544.0,42.57063,1.25e-05,-0.0002324575,-0.0006514046833376326,0.125
2026-01-10 21:00:00+00:00,90545.0,90554.0,90466.0,90473.0,201.11123,1.25e-05,-0.000267452,-0.0007844567487136746,0.125
2026-01-10 22:00:00+00:00,90472.0,90568.0,90349.0,90391.0,589.82461,1.25e-05,-0.000279559,-0.0009067587316264806,0.125
2026-01-10 23:00:00+00:00,90391.0,90536.0,90390.0,90485.0,124.04609,1.25e-05,-0.0003290444,0.0010393861923365729,0.125
2026-01-11 00:00:00+00:00,90485.0,90631.0,90420.0,90625.0,496.93139,1.25e-05,-0.0003053464,0.001546022062674435,0.125
2026-01-11 01:00:00+00:00,90625.0,90654.0,90546.0,90622.0,48.1529,1.25e-05,-0.0002545257,-3.310399620713136e-05,0.125
2026-01-11 02:00:00+00:00,90623.0,90712.0,90600.0,90676.0,89.42838,1.25e-05,-0.0001919928,0.0005957043276470598,0.125
2026-01-11 03:00:00+00:00,90677.0,90715.0,90625.0,90712.0,40.17633,1.25e-05,-0.0001731609,0.0003969391632598721,0.125
2026-01-11 04:00:00+00:00,90715.0,90785.0,90650.0,90784.0,122.67841,1.25e-05,-0.0001677297,0.0007934059569021865,0.125
2026-01-11 05:00:00+00:00,90784.0,90845.0,90730.0,90761.0,62.22361,1.25e-05,-0.0001332203,-0.0002533807058641979,0.125
2026-01-11 06:00:00+00:00,90762.0,90789.0,90523.0,90709.0,771.01243,1.25e-05,-0.0001198402,-0.0005730974973630885,0.125
2026-01-11 07:00:00+00:00,90710.0,90717.0,90644.0,90676.0,142.31042,1.25e-05,-0.0002982745,-0.0003638669169346185,0.125
2026-01-11 08:00:00+00:00,90676.0,90777.0,90573.0,90777.0,283.2449,1.25e-05,-0.0003286437,0.0011132360493430692,0.125
2026-01-11 09:00:00+00:00,90763.0,90779.0,90636.0,90695.0,115.70895,1.25e-05,-0.0003804179,-0.0009037207456892528,0.125
2026-01-11 10:00:00+00:00,90695.0,90711.0,90640.0,90708.0,308.20137,1.25e-05,-0.0003611578,0.00014332728810727364,0.125
2026-01-11 11:00:00+00:00,90708.0,90713.0,90663.0,90703.0,42.0353,1.25e-05,-0.000344705,-5.512344897786588e-05,0.125
2026-01-11 12:00:00+00:00,90704.0,90975.0,90685.0,90908.0,419.81658,1.25e-05,-0.0003196724,0.00225757346270395,0.125
2026-01-11 13:00:00+00:00,90908.0,90952.0,90787.0,90833.0,278.85398,1.25e-05,-0.0003036656,-0.0008253504080809555,0.125
2026-01-11 14:00:00+00:00,90834.0,91157.0,90833.0,91095.0,446.11474,1.25e-05,-0.0002762105,0.002880262313963465,0.125
2026-01-11 15:00:00+00:00,91096.0,91126.0,90639.0,90837.0,1748.75537,1.25e-05,-0.0002705457,-0.002836226424706548,0.125
2026-01-11 16:00:00+00:00,90837.0,91250.0,90837.0,90996.0,397.47286,4.5364e-06,-0.000463709,0.0017488579138570444,0.045364
2026-01-11 17:00:00+00:00,90995.0,91105.0,90877.0,90953.0,793.48515,9.759e-06,-0.000421928,-0.00047265992998637697,0.09759
2026-01-11 18:00:00+00:00,90952.0,90954.0,90735.0,90851.0,577.286,1.25e-05,-0.0003771338,-0.0011220876405600476,0.125
2026-01-11 19:00:00+00:00,90850.0,90890.0,90623.0,90661.0,503.59846,9.8033e-06,-0.0004215736,-0.002093526261571181,0.098033
2026-01-11 20:00:00+00:00,90661.0,90700.0,90388.0,90679.0,1271.57743,1.02575e-05,-0.0004179397,0.0001985221138096122,0.102575
2026-01-11 21:00:00+00:00,90679.0,90816.0,90563.0,90732.0,896.33274,1.25e-05,-0.0003694907,0.000584308575642257,0.125
2026-01-11 22:00:00+00:00,90732.0,90739.0,90424.0,90509.0,1654.58092,1.25e-05,-0.0002414416,-0.0024608130890166934,0.125
2026-01-11 23:00:00+00:00,90508.0,91050.0,90207.0,90997.0,1680.70717,1.25e-05,-0.0001931027,0.005377245665341935,0.125
2026-01-12 00:00:00+00:00,90998.0,91247.0,90674.0,91246.0,1588.17224,1.25e-05,-0.000138998,0.0027326169448954785,0.125
2026-01-12 01:00:00+00:00,91247.0,91796.0,91074.0,91400.0,1384.00687,1.25e-05,-0.0001396587,0.0016863225747505719,0.125
2026-01-12 02:00:00+00:00,91402.0,92424.0,91360.0,92197.0,1593.1435,1.25e-05,-0.0001250159,0.00868211361211854,0.125
2026-01-12 03:00:00+00:00,92197.0,92505.0,91790.0,91793.0,1493.6205,1.25e-05,-9.2326e-05,-0.004391550076476182,0.125
2026-01-12 04:00:00+00:00,91794.0,92280.0,91736.0,92158.0,1078.48494,1.25e-05,-0.0001493672,0.003968453327467061,0.125
2026-01-12 05:00:00+00:00,92158.0,92258.0,92033.0,92095.0,246.01549,1.25e-05,-0.0001323972,-0.0006838423521474267,0.125
2026-01-12 06:00:00+00:00,92095.0,92191.0,91790.0,91804.0,612.22767,1.25e-05,-0.0001520627,-0.003164783309146878,0.125
2026-01-12 07:00:00+00:00,91805.0,91940.0,91366.0,91389.0,1200.35308,1.25e-05,-0.000196443,-0.004530748553879679,0.125
2026-01-12 08:00:00+00:00,91389.0,91598.0,90358.0,90731.0,2653.5781,1.25e-05,-0.0002265545,-0.007226036274466561,0.125
2026-01-12 09:00:00+00:00,90731.0,90903.0,90605.0,90655.0,549.66157,1.25e-05,-0.0003143122,-0.0008379919558010101,0.125
2026-01-12 10:00:00+00:00,90655.0,90759.0,90330.0,90403.0,482.48731,1.25e-05,-0.0003436204,-0.0027836401895711817,0.125
2026-01-12 11:00:00+00:00,90404.0,90793.0,90397.0,90588.0,374.56283,1.25e-05,-0.0003657106,0.0020443012572871977,0.125
2026-01-12 12:00:00+00:00,90592.0,90840.0,90590.0,90767.0,493.47423,1.25e-05,-0.0002969736,0.0019740294794975584,0.125
2026-01-12 13:00:00+00:00,90767.0,90807.0,90506.0,90597.0,744.81172,1.25e-05,-0.0002885662,-0.001874683507067194,0.125
2026-01-12 14:00:00+00:00,90596.0,91097.0,90081.0,90876.0,3206.6532,1.25e-05,-0.0003700817,0.0030748400017674483,0.125
2026-01-12 15:00:00+00:00,90876.0,91640.0,90672.0,91640.0,2634.00927,1.25e-05,-0.0003265012,0.008371917665608773,0.125
2026-01-12 16:00:00+00:00,91639.0,92281.0,91548.0,92100.0,3264.06366,1.25e-05,-0.0002326765,0.005007085675966401,0.125
2026-01-12 17:00:00+00:00,92099.0,92291.0,90876.0,91476.0,7068.3563,1.25e-05,-0.0002911902,-0.006798300467124103,0.125
2026-01-12 18:00:00+00:00,91481.0,91920.0,91373.0,91634.0,2988.30376,5.2117e-06,-0.0004583066,0.0017257390553508576,0.052117
2026-01-12 19:00:00+00:00,91634.0,91834.0,91380.0,91808.0,1444.89371,-2.1591e-06,-0.0005172725,0.0018970579494663818,-0.021591
2026-01-12 20:00:00+00:00,91807.0,92013.0,91351.0,91445.0,1872.51807,-1.8426e-06,-0.0005147408,-0.003961741142415279,-0.018425999999999998
2026-01-12 21:00:00+00:00,91444.0,91444.0,90874.0,91007.0,1146.35821,-2.0593e-06,-0.0005164744,-0.004801272021194086,-0.020593
2026-01-12 22:00:00+00:00,91007.0,91390.0,91002.0,91192.0,953.87163,-6.7e-06,-0.0005536004,0.002030747299132395,-0.067
2026-01-12 23:00:00+00:00,91191.0,91269.0,91009.0,91249.0,592.63697,-9.3532e-06,-0.0005748258,0.0006248595639645457,-0.093532
2026-01-13 00:00:00+00:00,91249.0,91500.0,91199.0,91434.0,2166.26838,-7.2182e-06,-0.0005577454,0.002025367037336656,-0.072182
2026-01-13 01:00:00+00:00,91433.0,91500.0,90991.0,91148.0,796.38099,-6.014e-07,-0.0005048111,-0.0031328415059193176,-0.006013999999999999
2026-01-13 02:00:00+00:00,91149.0,91334.0,91066.0,91082.0,429.24018,4.796e-07,-0.0004961629,-0.0007243593577987329,0.004796
2026-01-13 03:00:00+00:00,91082.0,91410.0,91080.0,91382.0,771.39236,9.312e-07,-0.0004925505,0.003288322850826838,0.009311999999999999
2026-01-13 04:00:00+00:00,91383.0,91600.0,91309.0,91484.0,352.11642,1.3279e-06,-0.0004893769,0.0011155710802253861,0.013279000000000001
2026-01-13 05:00:00+00:00,91484.0,92293.0,91432.0,91906.0,5048.25406,8.8481e-06,-0.0004292148,0.004602221984246357,0.08848099999999999
2026-01-13 06:00:00+00:00,91906.0,92271.0,91789.0,92171.0,1930.52119,1.25e-05,-0.0002166283,0.0028792318765546343,0.125
2026-01-13 07:00:00+00:00,92172.0,92195.0,91896.0,91950.0,381.46497,1.25e-05,-8.32548e-05,-0.0024005964135836565,0.125
2026-01-13 08:00:00+00:00,91950.0,92266.0,91915.0,92172.0,675.65782,1.25e-05,-9.12911e-05,0.0024114457542150657,0.125
2026-01-13 09:00:00+00:00,92171.0,92686.0,91935.0,92261.0,2015.12773,1.25e-05,-2.85802e-05,0.0009651201998374111,0.125
2026-01-13 10:00:00+00:00,92260.0,92351.0,92005.0,92130.0,853.94798,1.25e-05,2.00812e-05,-0.0014208938835419559,0.125
2026-01-13 11:00:00+00:00,92130.0,92250.0,91965.0,91992.0,338.08508,1.25e-05,-6.01344e-05,-0.001499006374477081,0.125
2026-01-13 12:00:00+00:00,91993.0,92150.0,91904.0,92100.0,220.57082,1.25e-05,-5.19662e-05,0.0011733265148974454,0.125
2026-01-13 13:00:00+00:00,92099.0,92600.0,91988.0,92071.0,2601.34189,1.25e-05,-2.61775e-05,-0.00031492471930628333,0.125
2026-01-13 14:00:00+00:00,92070.0,92913.0,91779.0,92455.0,2923.39602,1.25e-05,-1.75989e-05,0.004162021116994668,0.125
2026-01-13 15:00:00+00:00,92455.0,93434.0,92122.0,93434.0,3361.19911,1.25e-05,-7.00908e-05,0.010533265030500482,0.125
2026-01-13 16:00:00+00:00,93435.0,93724.0,93019.0,93362.0,3547.87593,1.25e-05,-9.31613e-05,-0.0007708944898784221,0.125
2026-01-13 17:00:00+00:00,93363.0,93460.0,93060.0,93210.0,1283.67368,1.25e-05,-0.0002859419,-0.0016293981265057727,0.125
2026-01-13 18:00:00+00:00,93209.0,93843.0,93159.0,93583.0,2044.59568,1.25e-05,-0.0003349804,0.0039937309832330835,0.125
2026-01-13 19:00:00+00:00,93584.0,94200.0,93438.0,94176.0,2151.45116,1.25e-05,-0.0003976814,0.006316628994763392,0.125
2026-01-13 20:00:00+00:00,94177.0,94484.0,94081.0,94360.0,3496.15674,1.10475e-05,-0.0004116203,0.0019518824884120012,0.110475
2026-01-13 21:00:00+00:00,94359.0,94464.0,94020.0,94041.0,1764.32173,6.783e-06,-0.0004457362,-0.0033863971512811224,0.06783
2026-01-13 22:00:00+00:00,94040.0,96626.0,94040.0,95719.0,8957.67213,-1.611e-07,-0.0005012892,0.017685958459923216,-0.001611
2026-01-13 23:00:00+00:00,95719.0,96093.0,94994.0,95374.0,4051.30355,1.25e-05,-0.0003046659,-0.003610811226378859,0.125
2026-01-14 00:00:00+00:00,95374.0,95600.0,95117.0,95203.0,1364.80229,4.8368e-06,-0.0004613055,-0.0017945507158877996,0.048368
2026-01-14 01:00:00+00:00,95203.0,95538.0,95084.0,95189.0,883.34056,4.1113e-06,-0.0004671096,-0.00014706500299625883,0.041113
2026-01-14 02:00:00+00:00,95190.0,95522.0,95161.0,95299.0,991.87794,3.9134e-06,-0.000468693,0.0011549285228156462,0.039133999999999995
2026-01-14 03:00:00+00:00,95299.0,95681.0,95246.0,95681.0,387.28179,7.1098e-06,-0.0004431212,0.004000424227052448,0.071098
2026-01-14 04:00:00+00:00,95680.0,95754.0,95157.0,95194.0,640.75181,3.9885e-06,-0.0004680923,-0.005102827051658102,0.039885
2026-01-14 05:00:00+00:00,95193.0,95231.0,94894.0,94958.0,1579.1393,1.7512e-06,-0.0004859901,-0.00248222602102626,0.017512
2026-01-14 06:00:00+00:00,94958.0,94992.0,94544.0,94992.0,1348.48302,-4.3451e-06,-0.0005347605,0.0003579889482822084,-0.043451000000000004
2026-01-14 07:00:00+00:00,94992.0,95212.0,94819.0,95183.0,2453.08354,9.3327e-06,-0.0004253381,0.002008676894652767,0.093327
2026-01-14 08:00:00+00:00,95182.0,95302.0,94863.0,94869.0,629.93338,1.25e-05,-0.0003694123,-0.0033043618137007704,0.125
2026-01-14 09:00:00+00:00,94869.0,95166.0,94860.0,95058.0,335.94287,1.25e-05,-0.0003296666,0.0019902390116893305,0.125
2026-01-14 10:00:00+00:00,95058.0,95264.0,94842.0,95067.0,692.56356,1.25e-05,-0.000286626,9.46745562836903e-05,0.125
2026-01-14 11:00:00+00:00,95067.0,95067.0,94714.0,94773.0,649.51509,1.25e-05,-0.0002770101,-0.0030973476089574043,0.125
2026-01-14 12:00:00+00:00,94773.0,95144.0,94647.0,95048.0,843.81343,1.25e-05,-0.0001882615,0.0028974685876991773,0.125
2026-01-14 13:00:00+00:00,95048.0,95230.0,94855.0,94974.0,1449.96933,1.25e-05,-0.0002091999,-0.0007788572243299794,0.125
2026-01-14 14:00:00+00:00,94975.0,96900.0,94966.0,96482.0,7300.00073,1.25e-05,-0.00022568,0.015753292517270794,0.125
2026-01-14 15:00:00+00:00,96487.0,97102.0,96189.0,96737.0,3923.75504,1.25e-05,-0.0001195579,0.0026394935078554197,0.125
2026-01-14 16:00:00+00:00,96737.0,97671.0,96712.0,97283.0,3531.09357,1.25e-05,-0.0001810591,0.005628300601357197,0.125
2026-01-14 17:00:00+00:00,97283.0,97765.0,96759.0,96943.0,3784.84838,1.25e-05,-0.0001548209,-0.003501079642245919,0.125
2026-01-14 18:00:00+00:00,96943.0,97108.0,96263.0,96794.0,2034.33499,1.25e-05,-0.0002156069,-0.001538168025491774,0.125
2026-01-14 19:00:00+00:00,96795.0,97651.0,96666.0,97241.0,1759.87919,1.25e-05,-0.0001486319,0.004607424338455415,0.125
2026-01-14 20:00:00+00:00,97241.0,97949.0,97186.0,97629.0,2310.57671,1.25e-05,-0.0001580118,0.003982147203013188,0.125
2026-01-14 21:00:00+00:00,97630.0,97696.0,97364.0,97550.0,1028.43361,1.25e-05,-0.0001638188,-0.0008095133627504527,0.125
2026-01-14 22:00:00+00:00,97551.0,97563.0,96799.0,96854.0,2146.69019,1.25e-05,-0.0002099842,-0.0071603770880790864,0.125
2026-01-14 23:00:00+00:00,96854.0,97370.0,96835.0,96917.0,1228.73842,1.25e-05,-0.0002128364,0.0006502521246196953,0.125
2026-01-15 00:00:00+00:00,96917.0,96975.0,96469.0,96639.0,1472.66158,1.25e-05,-0.0001581708,-0.0028725556548129267,0.125
2026-01-15 01:00:00+00:00,96639.0,96944.0,96280.0,96435.0,984.57346,1.25e-05,-0.0002676478,-0.00211318018908824,0.125
2026-01-15 02:00:00+00:00,96435.0,96599.0,96075.0,96310.0,854.19223,1.25e-05,-0.0001992406,-0.001297050688986816,0.125
2026-01-15 03:00:00+00:00,96311.0,96371.0,95747.0,95970.0,1973.07394,1.25e-05,-0.0001892695,-0.0035365129432365877,0.125
2026-01-15 04:00:00+00:00,95970.0,96380.0,95948.0,96299.0,759.49551,1.25e-05,-0.0001929797,0.0034222919046354707,0.125
2026-01-15 05:00:00+00:00,96300.0,96499.0,96231.0,96432.0,637.03878,1.25e-05,-0.0001516553,0.0013801622065163608,0.125
2026-01-15 06:00:00+00:00,96437.0,96581.0,96156.0,96230.0,500.66193,1.25e-05,-8.62322e-05,-0.002096937372378813,0.125
2026-01-15 07:00:00+00:00,96230.0,96775.0,96173.0,96629.0,506.77974,1.25e-05,-0.000136011,0.004137743836383811,0.125
2026-01-15 08:00:00+00:00,96629.0,96667.0,96269.0,96636.0,916.48319,1.25e-05,-7.39536e-05,7.243939671492303e-05,0.125
2026-01-15 09:00:00+00:00,96636.0,97202.0,96550.0,97036.0,1391.35625,1.25e-05,-0.000142573,0.0041307010693978725,0.125
2026-01-15 10:00:00+00:00,97036.0,97060.0,96737.0,96806.0,448.17139,1.25e-05,-0.0001272779,-0.0023730678380962794,0.125
2026-01-15 11:00:00+00:00,96807.0,96940.0,96578.0,96579.0,441.10773,1.25e-05,-0.0001040037,-0.0023476495515000056,0.125
2026-01-15 12:00:00+00:00,96580.0,97052.0,96508.0,96996.0,825.54122,1.25e-05,-9.83359e-05,0.004308414258497775,0.125
2026-01-15 13:00:00+00:00,96996.0,97045.0,96614.0,96858.0,945.44955,1.25e-05,-1.10933e-05,-0.0014237521362602875,0.125
2026-01-15 14:00:00+00:00,96858.0,97176.0,95575.0,96085.0,4084.36523,1.25e-05,7.581e-05,-0.008012772019056891,0.125
2026-01-15 15:00:00+00:00,96085.0,96792.0,95436.0,96791.0,4291.37702,1.25e-05,8.96509e-05,0.007320798369066969,0.125
2026-01-15 16:00:00+00:00,96791.0,96956.0,96269.0,96748.0,2168.90394,1.25e-05,4.65316e-05,-0.00044435489185671537,0.125
2026-01-15 17:00:00+00:00,96748.0,97088.0,96431.0,96625.0,948.95454,1.25e-05,1.4053e-05,-0.0012721529540145283,0.125
2026-01-15 18:00:00+00:00,96625.0,96629.0,95728.0,95812.0,2442.50509,1.25e-05,1.36238e-05,-0.008449568814936173,0.125
2026-01-15 19:00:00+00:00,95812.0,95925.0,95075.0,95486.0,5429.61036,1.25e-05,-9.37322e-05,-0.0034082982109737486,0.125
2026-01-15 20:00:00+00:00,95487.0,95634.0,95085.0,95227.0,1602.8069,1.25e-05,-0.0003278369,-0.0027161248496687935,0.125
2026-01-15 21:00:00+00:00,95229.0,95610.0,95158.0,95569.0,693.40636,1.25e-05,-0.0002850706,0.0035849846567559494,0.125
2026-01-15 22:00:00+00:00,95570.0,95827.0,95471.0,95549.0,564.37694,1.25e-05,-0.0002098911,-0.0002092947819985871,0.125
2026-01-15 23:00:00+00:00,95550.0,95698.0,95369.0,95588.0,828.43422,1.25e-05,-0.000219394,0.00040808425936619456,0.125
2026-01-16 00:00:00+00:00,95589.0,95804.0,95567.0,95611.0,684.20825,1.25e-05,-0.0002027668,0.00024058703351940118,0.125
2026-01-16 01:00:00+00:00,95611.0,95835.0,95410.0,95656.0,818.32695,1.25e-05,-0.000113707,0.00047054641762872556,0.125
2026-01-16 02:00:00+00:00,95656.0,95692.0,95385.0,95505.0,828.67896,1.25e-05,-8.5144e-05,-0.0015798204801805193,0.125
2026-01-16 03:00:00+00:00,95506.0,95588.0,95308.0,95333.0,409.32328,1.25e-05,-1.22384e-05,-0.001802576494964787,0.125
2026-01-16 04:00:00+00:00,95333.0,95570.0,95150.0,95253.0,599.11472,1.25e-05,-4.48011e-05,-0.0008395160683217671,0.125
2026-01-16 05:00:00+00:00,95254.0,95691.0,95248.0,95653.0,803.30281,1.25e-05,-0.0001469089,0.004190550169788754,0.125
2026-01-16 06:00:00+00:00,95653.0,95832.0,95523.0,95754.0,605.8888,1.25e-05,-4.66671e-05,0.0010553429015035516,0.125
2026-01-16 07:00:00+00:00,95754.0,95809.0,95471.0,95650.0,447.72913,1.25e-05,-1.08196e-05,-0.0010867067588424043,0.125
2026-01-16 08:00:00+00:00,95651.0,95860.0,95570.0,95670.0,644.69053,1.25e-05,-1.44723e-05,0.00020907380381406763,0.125
2026-01-16 09:00:00+00:00,95670.0,95787.0,95584.0,95605.0,188.25302,1.25e-05,-6.935e-05,-0.000679649745153184,0.125
2026-01-16 10:00:00+00:00,95605.0,95623.0,95320.0,95321.0,660.26234,1.25e-05,-0.0001110387,-0.002974976791652214,0.125
2026-01-16 11:00:00+00:00,95321.0,95478.0,95288.0,95434.0,387.46835,1.25e-05,9.1846e-06,0.0011847659376467263,0.125
2026-01-16 12:00:00+00:00,95434.0,95581.0,95381.0,95458.0,398.93091,1.25e-05,4.70285e-05,0.000251451083612235,0.125
2026-01-16 13:00:00+00:00,95458.0,95572.0,95322.0,95451.0,420.14239,1.25e-05,5.04465e-05,-7.333336828686145e-05,0.125
2026-01-16 14:00:00+00:00,95452.0,95808.0,95241.0,95241.0,1404.94697,1.25e-05,-1.17031e-05,-0.0022025054526987925,0.125
2026-01-16 15:00:00+00:00,95242.0,95703.0,94302.0,94608.0,5007.59486,1.25e-05,2.87781e-05,-0.00666848227506978,0.125
2026-01-16 16:00:00+00:00,94609.0,95029.0,94536.0,94904.0,1189.31725,1.25e-05,0.0002132995,0.0031238152803280002,0.125
2026-01-16 17:00:00+00:00,94903.0,95180.0,94600.0,95123.0,776.6443,1.25e-05,0.000302446,0.002304936634871626,0.125
2026-01-16 18:00:00+00:00,95123.0,95258.0,95008.0,95042.0,822.42208,1.25e-05,0.0003489609,-0.0008518918297121429,0.125
2026-01-16 19:00:00+00:00,95041.0,95081.0,94868.0,95022.0,593.7484,1.25e-05,0.0003569166,-0.00021045542631763754,0.125
2026-01-16 20:00:00+00:00,95022.0,95593.0,94701.0,95582.0,938.75005,1.25e-05,0.0002976432,0.005876074073127988,0.125
2026-01-16 21:00:00+00:00,95583.0,95634.0,95380.0,95552.0,797.43372,1.25e-05,0.00034229,-0.00031391589404664396,0.125
2026-01-16 22:00:00+00:00,95553.0,95615.0,95286.0,95540.0,368.96194,1.25e-05,0.0003190356,-0.000125593954909388,0.125
2026-01-16 23:00:00+00:00,95541.0,95606.0,95466.0,95586.0,222.23459,1.25e-05,0.0002310642,0.00048135785699709354,0.125
2026-01-17 00:00:00+00:00,95586.0,95613.0,95456.0,95478.0,256.25582,1.25e-05,0.0002387259,-0.0011305113627109978,0.125
2026-01-17 01:00:00+00:00,95478.0,95564.0,95395.0,95408.0,503.59094,1.25e-05,0.0002305604,-0.0007334220753517391,0.125
2026-01-17 02:00:00+00:00,95409.0,95430.0,95239.0,95390.0,447.00469,1.25e-05,0.0001838471,-0.00018868122363338677,0.125
2026-01-17 03:00:00+00:00,95389.0,95407.0,95282.0,95399.0,359.16003,1.25e-05,0.0001849497,9.434506189230924e-05,0.125
2026-01-17 04:00:00+00:00,95398.0,95399.0,95281.0,95323.0,223.56785,1.25e-05,0.000165066,-0.0007969715504524924,0.125
2026-01-17 05:00:00+00:00,95323.0,95390.0,95298.0,95338.0,79.25515,1.25e-05,0.0002196628,0.00015734733407407367,0.125
2026-01-17 06:00:00+00:00,95338.0,95371.0,95211.0,95256.0,130.28017,1.25e-05,0.0002082226,-0.0008604678537565103,0.125
2026-01-17 07:00:00+00:00,95256.0,95256.0,95059.0,95117.0,521.62658,1.25e-05,0.0002184307,-0.001460291372210235,0.125
2026-01-17 08:00:00+00:00,95116.0,95275.0,95033.0,95260.0,106.61756,1.25e-05,8.28315e-05,0.0015022825960505307,0.125
2026-01-17 09:00:00+00:00,95260.0,95310.0,95203.0,95288.0,179.62566,1.25e-05,0.0001529526,0.00029388920588553386,0.125
2026-01-17 10:00:00+00:00,95287.0,95296.0,95119.0,95120.0,259.1702,1.25e-05,0.0002255095,-0.0017646321960733532,0.125
2026-01-17 11:00:00+00:00,95119.0,95336.0,95087.0,95336.0,285.84766,1.25e-05,0.0002329085,0.0022682414059787496,0.125
2026-01-17 12:00:00+00:00,95336.0,95408.0,95254.0,95274.0,122.20173,1.25e-05,9.55991e-05,-0.0006505430164898284,0.125
2026-01-17 13:00:00+00:00,95273.0,95455.0,95199.0,95447.0,275.02521,1.25e-05,0.0001285987,0.0018141688377079999,0.125
2026-01-17 14:00:00+00:00,95447.0,95561.0,95376.0,95496.0,235.70331,1.25e-05,0.0001152054,0.0005132421830141125,0.125
2026-01-17 15:00:00+00:00,95495.0,95659.0,95435.0,95576.0,338.97558,1.25e-05,0.0001530131,0.0008373807221854448,0.125
2026-01-17 16:00:00+00:00,95576.0,95583.0,95210.0,95313.0,304.35899,1.25e-05,0.000127034,-0.002755529825312213,0.125
2026-01-17 17:00:00+00:00,95314.0,95450.0,95295.0,95369.0,380.84714,1.25e-05,5.03733e-05,0.0005873653686242059,0.125
2026-01-17 18:00:00+00:00,95369.0,95481.0,95354.0,95443.0,122.27228,1.25e-05,9.72813e-05,0.0007756325986825973,0.125
2026-01-17 19:00:00+00:00,95443.0,95444.0,95273.0,95291.0,344.04828,1.25e-05,0.0001214831,-0.001593843071267696,0.125
2026-01-17 20:00:00+00:00,95290.0,95401.0,95290.0,95400.0,155.71443,1.25e-05,2.92014e-05,0.001143210868591496,0.125
2026-01-17 21:00:00+00:00,95399.0,95413.0,95261.0,95316.0,484.12602,1.25e-05,5.22208e-05,-0.0008808910152454806,0.125
2026-01-17 22:00:00+00:00,95316.0,95316.0,95034.0,95159.0,847.66279,1.25e-05,6.01903e-05,-0.0016485106765203158,0.125
2026-01-17 23:00:00+00:00,95158.0,95210.0,95099.0,95144.0,257.88494,1.25e-05,-6.85045e-05,-0.00015764333753079987,0.125
2026-01-18 00:00:00+00:00,95143.0,95261.0,95049.0,95103.0,616.13986,1.25e-05,-1.68865e-05,-0.0004310186298310456,0.125
2026-01-18 01:00:00+00:00,95104.0,95108.0,94847.0,94955.0,545.65502,1.25e-05,2.09616e-05,-0.0015574196289047386,0.125
2026-01-18 02:00:00+00:00,94955.0,95051.0,94859.0,95023.0,265.02984,1.25e-05,-0.0001018869,0.000715872394740598,0.125
2026-01-18 03:00:00+00:00,95023.0,95204.0,95023.0,95194.0,170.87626,1.25e-05,-7.8124e-05,0.001797947040114717,0.125
2026-01-18 04:00:00+00:00,95194.0,95195.0,95058.0,95079.0,233.23637,1.25e-05,-1.367e-07,-0.0012087896233612156,0.125
2026-01-18 05:00:00+00:00,95080.0,95240.0,95050.0,95179.0,131.31341,1.25e-05,-9.49027e-05,0.0010512042511598811,0.125
2026-01-18 06:00:00+00:00,95179.0,95197.0,95131.0,95168.0,58.98954,1.25e-05,-9.02492e-05,-0.00011557839117234609,0.125
2026-01-18 07:00:00+00:00,95168.0,95181.0,95009.0,95024.0,100.3331,1.25e-05,-7.7379e-05,-0.0015142595641855117,0.125
2026-01-18 08:00:00+00:00,95024.0,95183.0,95008.0,95174.0,211.43632,1.25e-05,-7.45922e-05,0.001577303978996563,0.125
2026-01-18 09:00:00+00:00,95174.0,95285.0,95140.0,95268.0,232.64866,1.25e-05,-0.0001620132,0.0009871772784756814,0.125
2026-01-18 10:00:00+00:00,95267.0,95286.0,95085.0,95168.0,131.93703,1.25e-05,-0.0001715295,-0.0010502216932868215,0.125
2026-01-18 11:00:00+00:00,95169.0,95169.0,95054.0,95149.0,133.67802,1.25e-05,-9.16008e-05,-0.00019966687225127892,0.125
2026-01-18 12:00:00+00:00,95150.0,95163.0,95065.0,95100.0,88.15033,1.25e-05,-0.0001624818,-0.0005151144140940396,0.125
2026-01-18 13:00:00+00:00,95099.0,95206.0,94887.0,95152.0,414.24048,1.25e-05,-0.0001155493,0.0005466434128931575,0.125
2026-01-18 14:00:00+00:00,95153.0,95370.0,94918.0,94948.0,610.72855,1.25e-05,-9.44208e-05,-0.0021462396455323714,0.125
2026-01-18 15:00:00+00:00,94947.0,95110.0,94915.0,95110.0,160.84623,1.25e-05,-1.7461e-05,0.0017047431755886349,0.125
2026-01-18 16:00:00+00:00,95109.0,95201.0,95062.0,95162.0,237.53599,1.25e-05,-6.35e-06,0.0005465859537359051,0.125
2026-01-18 17:00:00+00:00,95162.0,95269.0,95130.0,95263.0,125.89167,1.25e-05,-1.28517e-05,0.0010607851854638577,0.125
2026-01-18 18:00:00+00:00,95262.0,95521.0,95165.0,95438.0,582.44206,1.25e-05,-3.17998e-05,0.0018353343624129955,0.125
2026-01-18 19:00:00+00:00,95438.0,95524.0,95331.0,95387.0,512.48551,1.25e-05,-3.879e-06,-0.0005345211708557663,0.125
2026-01-18 20:00:00+00:00,95387.0,95443.0,95284.0,95309.0,359.60691,1.25e-05,7.09704e-05,-0.0008180560090394965,0.125
2026-01-18 21:00:00+00:00,95309.0,95443.0,95300.0,95430.0,164.01034,1.25e-05,1.4828e-06,0.0012687496131509853,0.125
2026-01-18 22:00:00+00:00,95431.0,95537.0,95406.0,95483.0,154.37301,1.25e-05,5.57006e-05,0.0005552267405734937,0.125
2026-01-18 23:00:00+00:00,95483.0,95488.0,93555.0,93621.0,6279.33836,1.25e-05,-5.727e-06,-0.01969350387654144,0.125
2026-01-19 00:00:00+00:00,93620.0,93621.0,91800.0,92704.0,8909.85703,1.25e-05,-0.0001815026,-0.009843095706254652,0.125
2026-01-19 01:00:00+00:00,92704.0,92851.0,92209.0,92551.0,1491.53867,1.25e-05,-0.0003882405,-0.00165177765552037,0.125
2026-01-19 02:00:00+00:00,92551.0,92639.0,92359.0,92540.0,555.69231,1.25e-05,-0.000252432,-0.00011886045256608014,0.125
2026-01-19 03:00:00+00:00,92541.0,92768.0,92475.0,92682.0,457.69807,1.25e-05,-0.0002451082,0.0015332954813154197,0.125
2026-01-19 04:00:00+00:00,92682.0,92719.0,92467.0,92637.0,368.37232,1.25e-05,-0.0002242892,-0.0004856490795272498,0.125
2026-01-19 05:00:00+00:00,92638.0,92776.0,92442.0,92465.0,620.71668,1.25e-05,-0.0003249072,-0.001858435343801795,0.125
2026-01-19 06:00:00+00:00,92465.0,92595.0,92327.0,92545.0,779.84019,1.25e-05,-0.0003685035,0.0008648181718400921,0.125
2026-01-19 07:00:00+00:00,92544.0,92810.0,92510.0,92783.0,606.23153,3.7811e-06,-0.0004697515,0.002568420647028226,0.037811000000000004
2026-01-19 08:00:00+00:00,92784.0,93338.0,92643.0,93212.0,1660.38413,-3.1354e-06,-0.0005250833,0.00461303541238359,-0.031354
2026-01-19 09:00:00+00:00,93213.0,93225.0,92900.0,93005.0,860.03038,1.01489e-05,-0.0004188091,-0.0022232136191777034,0.10148900000000001
2026-01-19 10:00:00+00:00,93005.0,93047.0,92848.0,93029.0,257.84403,1.25e-05,-0.0003862552,0.0002580173530982923,0.125
2026-01-19 11:00:00+00:00,93029.0,93284.0,92912.0,93152.0,489.54452,1.17311e-05,-0.0004061511,0.0013212950612002225,0.117311
2026-01-19 12:00:00+00:00,93151.0,93196.0,92972.0,93036.0,337.20306,1.2368e-05,-0.0004010559,-0.0012460525383904944,0.12368000000000001
2026-01-19 13:00:00+00:00,93036.0,93117.0,92788.0,92981.0,369.53126,1.25e-05,-0.0003435266,-0.0005913438191427377,0.125
2026-01-19 14:00:00+00:00,92982.0,92996.0,92670.0,92778.0,740.47556,1.25e-05,-0.0003558134,-0.002185628484331095,0.125
2026-01-19 15:00:00+00:00,92778.0,93033.0,92777.0,93010.0,535.1898,9.6471e-06,-0.0004228232,0.0024974715330271647,0.096471
2026-01-19 16:00:00+00:00,93009.0,93384.0,92946.0,93260.0,739.35945,1.00925e-05,-0.0004192598,0.002684277125799163,0.100925
2026-01-19 17:00:00+00:00,93268.0,93341.0,93108.0,93199.0,426.80715,7.6751e-06,-0.0004385991,-0.0006542993599259643,0.076751
2026-01-19 18:00:00+00:00,93199.0,93219.0,92879.0,93011.0,808.54654,8.953e-06,-0.0004283758,-0.002019226291577245,0.08953
2026-01-19 19:00:00+00:00,93010.0,93118.0,92956.0,93065.0,256.76738,5.9483e-06,-0.0004524134,0.0005804080216249213,0.059483
2026-01-19 20:00:00+00:00,93064.0,93242.0,93060.0,93099.0,386.71644,7.105e-06,-0.0004431598,0.00036526933647789534,0.07105
2026-01-19 21:00:00+00:00,93099.0,93331.0,92952.0,92952.0,1360.86467,1.25e-05,-0.0003671466,-0.001580212206213553,0.125
2026-01-19 22:00:00+00:00,92953.0,93013.0,92497.0,92497.0,1741.28486,4.6543e-06,-0.0004627653,-0.004907019320556344,0.046542999999999994
2026-01-19 23:00:00+00:00,92498.0,92700.0,92075.0,92581.0,2738.00887,-4.5685e-06,-0.0005365482,0.0009077254537843429,-0.045685
2026-01-20 00:00:00+00:00,92582.0,92821.0,92307.0,92671.0,688.4365,-9.0253e-06,-0.0005722024,0.0009716495053308709,-0.090253
2026-01-20 01:00:00+00:00,92671.0,92814.0,92479.0,92664.0,705.76596,-8.992e-07,-0.0005071935,-7.55388890747216e-05,-0.008992
2026-01-20 02:00:00+00:00,92664.0,92676.0,92294.0,92500.0,1268.2859,-4.2163e-06,-0.0005337305,-0.0017714031116653915,-0.042163
2026-01-20 03:00:00+00:00,92500.0,92595.0,92200.0,92379.0,758.65251,-1.11645e-05,-0.0005893157,-0.0013089644283738075,-0.111645
2026-01-20 04:00:00+00:00,92379.0,92424.0,91932.0,92007.0,1095.60352,-1.18502e-05,-0.0005948019,-0.004035018978909257,-0.11850200000000001
2026-01-20 05:00:00+00:00,92007.0,92012.0,91217.0,91561.0,3745.77108,-1.09062e-05,-0.0005872498,-0.004859244286460252,-0.109062
2026-01-20 06:00:00+00:00,91561.0,91572.0,90688.0,90869.0,5399.73016,-1.79404e-05,-0.0006435229,-0.007586507909967842,-0.17940399999999998
2026-01-20 07:00:00+00:00,90868.0,91247.0,90798.0,91122.0,1191.10877,-4.4066e-05,-0.000852528,0.0027803590615195733,-0.44066
2026-01-20 08:00:00+00:00,91122.0,91186.0,90622.0,91049.0,1731.7813,-2.20249e-05,-0.0006761995,-0.0008014448392708819,-0.220249
2026-01-20 09:00:00+00:00,91048.0,91049.0,90831.0,90980.0,708.07978,-2.66791e-05,-0.0007134332,-0.000758120995058984,-0.266791
2026-01-20 10:00:00+00:00,90980.0,91231.0,90942.0,91208.0,648.50211,-2.28699e-05,-0.0006829588,0.002502910389560578,-0.22869899999999999
2026-01-20 11:00:00+00:00,91208.0,91376.0,91161.0,91162.0,747.96739,-1.69612e-05,-0.0006356899,-0.0005044689474753844,-0.16961199999999999
2026-01-20 12:00:00+00:00,91162.0,91250.0,91000.0,91222.0,773.49698,-2.08182e-05,-0.000666546,0.0006579524757050797,-0.208182
2026-01-20 13:00:00+00:00,91222.0,91228.0,90724.0,90894.0,1931.18412,-1.81004e-05,-0.0006448033,-0.0036021036554068696,-0.181004
2026-01-20 14:00:00+00:00,90894.0,91309.0,90159.0,90478.0,4731.12096,-2.22034e-05,-0.000677627,-0.004587265173130106,-0.222034
2026-01-20 15:00:00+00:00,90479.0,90758.0,89797.0,90633.0,4500.50806,-1.47775e-05,-0.0006182198,0.0017116579097117713,-0.14777500000000002
2026-01-20 16:00:00+00:00,90633.0,90924.0,89970.0,90122.0,2539.31181,-1.03666e-05,-0.0005829329,-0.005654077190986183,-0.103666
2026-01-20 17:00:00+00:00,90123.0,90455.0,89389.0,89746.0,4294.0657,-6.5326e-06,-0.0005522609,-0.004180849819767895,-0.065326
2026-01-20 18:00:00+00:00,89746.0,89933.0,89353.0,89457.0,2421.41654,1.25e-05,-0.0003806595,-0.003225395228239202,0.125
2026-01-20 19:00:00+00:00,89457.0,89763.0,89260.0,89704.0,1720.16484,1.25e-05,-0.0002894265,0.0027572982567496576,0.125
2026-01-20 20:00:00+00:00,89703.0,89838.0,89390.0,89701.0,1339.61519,1.25e-05,-0.0003306689,-3.344388395278698e-05,0.125
2026-01-20 21:00:00+00:00,89702.0,89828.0,89411.0,89469.0,544.4637,1.25e-05,-0.0001602007,-0.0025897207083992735,0.125
2026-01-20 22:00:00+00:00,89469.0,89632.0,87804.0,88496.0,4826.74085,1.25e-05,-0.000154274,-0.01093484331390531,0.125
2026-01-20 23:00:00+00:00,88496.0,88500.0,87844.0,88404.0,2653.93185,1.25e-05,-0.0001927422,-0.001040135763645397,0.125
2026-01-21 00:00:00+00:00,88403.0,88962.0,88214.0,88907.0,1100.60322,1.25e-05,-0.000233937,0.005673662088818882,0.125
2026-01-21 01:00:00+00:00,88906.0,89131.0,88825.0,88992.0,437.58828,1.25e-05,-0.0002633153,0.0009555984740585681,0.125
2026-01-21 02:00:00+00:00,88992.0,89341.0,88957.0,89009.0,964.17348,1.25e-05,-0.0002989608,0.00019101016344505502,0.125
2026-01-21 03:00:00+00:00,89010.0,89581.0,89008.0,89395.0,743.28881,1.25e-05,-0.0003593092,0.004327263988784172,0.125
2026-01-21 04:00:00+00:00,89395.0,89596.0,89309.0,89410.0,490.44131,1.25e-05,-0.0003668281,0.00016778054344328367,0.125
2026-01-21 05:00:00+00:00,89409.0,90107.0,89400.0,89919.0,804.8604,1.25e-05,-0.0003771336,0.005676732339874317,0.125
2026-01-21 06:00:00+00:00,89919.0,89919.0,89448.0,89602.0,712.48,1.25e-05,-0.0003259917,-0.003531623926764112,0.125
2026-01-21 07:00:00+00:00,89603.0,89737.0,89036.0,89174.0,721.85724,1.13914e-05,-0.0004088687,-0.004788123883500406,0.113914
2026-01-21 08:00:00+00:00,89174.0,89343.0,88948.0,89152.0,595.88671,4.6296e-06,-0.0004629631,-0.00024673911949590807,0.046296
2026-01-21 09:00:00+00:00,89153.0,89458.0,89036.0,89068.0,471.94181,2.7104e-06,-0.0004783168,-0.0009426552151295073,0.027104
2026-01-21 10:00:00+00:00,89069.0,89351.0,89035.0,89217.0,194.33249,8.9516e-06,-0.0004283876,0.001671481444768748,0.08951600000000001
2026-01-21 11:00:00+00:00,89216.0,89350.0,88648.0,88741.0,796.85567,9.093e-06,-0.0004272563,-0.005349589624343489,0.09093
2026-01-21 12:00:00+00:00,88741.0,88802.0,88129.0,88677.0,3033.33038,4.0105e-06,-0.0004679159,-0.0007214600860794299,0.040105
2026-01-21 13:00:00+00:00,88676.0,88968.0,88501.0,88639.0,839.68275,-2.09604e-05,-0.0006676833,-0.0004286133296684532,-0.209604
2026-01-21 14:00:00+00:00,88636.0,89944.0,88543.0,89762.0,3911.6057,-1.19173e-05,-0.0005953387,0.012589781819194307,-0.119173
2026-01-21 15:00:00+00:00,89757.0,90500.0,89701.0,90230.0,3188.74028,-2.5157e-06,-0.0005201258,0.005200242840326407,-0.025157
2026-01-21 16:00:00+00:00,90230.0,90309.0,87509.0,87534.0,9044.37535,-1.0386e-05,-0.0005830879,-0.030334676688595873,-0.10386000000000001
2026-01-21 17:00:00+00:00,87533.0,88122.0,87200.0,87894.0,3978.89221,-2.53967e-05,-0.0007031738,0.004104253657874562,-0.253967
2026-01-21 18:00:00+00:00,87890.0,88598.0,87539.0,88429.0,1235.84904,-1.20153e-05,-0.0005961228,0.006068427168506517,-0.120153
2026-01-21 19:00:00+00:00,88429.0,90400.0,88234.0,90312.0,6441.18993,-2.5832e-06,-0.0005206656,0.02107037181505151,-0.025832
2026-01-21 20:00:00+00:00,90312.0,90337.0,89411.0,90145.0,3354.06515,-1.0094e-06,-0.0005080755,-0.0018508569650822714,-0.010094
2026-01-21 21:00:00+00:00,90145.0,90300.0,89899.0,90207.0,1564.01451,1.17391e-05,-0.0004060869,0.000687544384784932,0.11739100000000001
2026-01-21 22:00:00+00:00,90207.0,90344.0,89706.0,89721.0,983.10159,-1.1509e-06,-0.0005092073,-0.005402174002162236,-0.011509
2026-01-21 23:00:00+00:00,89721.0,90178.0,89293.0,89401.0,1861.62701,-6.1651e-06,-0.0005493212,-0.0035729875775505314,-0.061651
2026-01-22 00:00:00+00:00,89400.0,89978.0,89393.0,89860.0,703.31899,-7.1632e-06,-0.0005573057,0.005121035842777994,-0.071632
2026-01-22 01:00:00+00:00,89860.0,90156.0,89766.0,90061.0,492.0897,8.266e-07,-0.0004933872,0.0022343148784046796,0.008265999999999999
2026-01-22 02:00:00+00:00,90061.0,90312.0,89797.0,89889.0,498.85785,-6.3379e-06,-0.0005507032,-0.001911642704967106,-0.063379
2026-01-22 03:00:00+00:00,89889.0,90120.0,89646.0,89842.0,818.05796,-1.1543e-06,-0.0005092341,-0.0005230038343006211,-0.011543
2026-01-22 04:00:00+00:00,89842.0,90030.0,89769.0,89943.0,234.94129,-6.6586e-06,-0.0005532688,0.0011235643755059328,-0.066586
2026-01-22 05:00:00+00:00,89943.0,90023.0,89874.0,89976.0,541.09467,-3.5447e-06,-0.0005283576,0.0003668317450636351,-0.035447
2026-01-22 06:00:00+00:00,89977.0,90167.0,89842.0,90136.0,568.61184,-1.8197e-06,-0.0005145578,0.00177667276014426,-0.018196999999999998
2026-01-22 07:00:00+00:00,90136.0,90149.0,89728.0,89764.0,531.97882,3.1321e-06,-0.0004749433,-0.004135636800534708,0.031321
2026-01-22 08:00:00+00:00,89764.0,89919.0,89708.0,89878.0,637.22702,-1.065e-06,-0.0005085196,0.001269191116810602,-0.01065
2026-01-22 09:00:00+00:00,89879.0,90086.0,89850.0,89978.0,270.52725,-2.7399e-06,-0.000521919,0.0011120008262671265,-0.027399
2026-01-22 10:00:00+00:00,89979.0,90061.0,89913.0,90033.0,199.01909,4.5173e-06,-0.0004638612,0.0006110737867293549,0.045173
2026-01-22 11:00:00+00:00,90033.0,90126.0,89852.0,89897.0,333.15008,6.2815e-06,-0.0004497477,-0.0015116992819354741,0.062815
2026-01-22 12:00:00+00:00,89897.0,90055.0,89828.0,89979.0,186.04902,4.0653e-06,-0.0004674779,0.0009117392612725079,0.040653
2026-01-22 13:00:00+00:00,89978.0,90300.0,89424.0,89551.0,1723.62844,2.5527e-06,-0.0004795785,-0.0047680143802629905,0.025527
2026-01-22 14:00:00+00:00,89552.0,89679.0,89000.0,89059.0,2511.85024,1.2142e-06,-0.0004902862,-0.005509223945051933,0.012142
2026-01-22 15:00:00+00:00,89060.0,89420.0,88445.0,88956.0,2893.98233,-1.0713e-06,-0.0005085701,-0.001157205982576299,-0.010713
2026-01-22 16:00:00+00:00,88957.0,89231.0,88631.0,89033.0,2740.41649,1.4261e-06,-0.0004885916,0.000865222062077647,0.014261
2026-01-22 17:00:00+00:00,89032.0,89593.0,88992.0,89513.0,1340.95012,6.0027e-06,-0.0004519787,0.005376778604834226,0.060027000000000004
2026-01-22 18:00:00+00:00,89514.0,89770.0,89271.0,89309.0,1256.19494,1.25e-05,-0.0003580393,-0.0022815994508151136,0.125
2026-01-22 19:00:00+00:00,89308.0,89917.0,89067.0,89738.0,2309.42571,1.25e-05,-0.0002823521,0.004792047015057239,0.125
2026-01-22 20:00:00+00:00,89737.0,89900.0,89350.0,89362.0,943.61425,1.25e-05,-0.000308624,-0.004198777804558359,0.125
2026-01-22 21:00:00+00:00,89362.0,89634.0,89175.0,89201.0,1540.8176,2.9029e-06,-0.0004767771,-0.001803285603723419,0.029029000000000003
2026-01-22 22:00:00+00:00,89202.0,89497.0,89081.0,89284.0,2468.82648,-1.1276e-06,-0.0005090205,0.0009300502113104301,-0.011276
2026-01-22 23:00:00+00:00,89284.0,89532.0,89092.0,89500.0,861.90302,-2.98691e-05,-0.0007389531,0.0024163247840438638,-0.298691
2026-01-23 00:00:00+00:00,89500.0,89584.0,89390.0,89458.0,377.87477,-2.05783e-05,-0.0006646264,-0.0004693838863993068,-0.205783
2026-01-23 01:00:00+00:00,89459.0,89892.0,89459.0,89891.0,687.18328,-1.77206e-05,-0.0006417646,0.004828583836994969,-0.177206
2026-01-23 02:00:00+00:00,89891.0,89918.0,89594.0,89616.0,415.60194,-1.35495e-05,-0.0006083959,-0.0030639497639287586,-0.135495
2026-01-23 03:00:00+00:00,89616.0,89878.0,89590.0,89878.0,898.309,-1.11454e-05,-0.0005891634,0.002919319710664088,-0.111454
2026-01-23 04:00:00+00:00,89878.0,90035.0,89828.0,89921.0,395.20571,-9.4639e-06,-0.0005757116,0.00047831190184373986,-0.09463899999999999
2026-01-23 05:00:00+00:00,89921.0,89921.0,89407.0,89550.0,1322.95793,-1.20059e-05,-0.0005960475,-0.004134378573263653,-0.120059
2026-01-23 06:00:00+00:00,89550.0,89766.0,89351.0,89454.0,1206.80047,-1.30646e-05,-0.0006045166,-0.0010726018324036773,-0.130646
2026-01-23 07:00:00+00:00,89454.0,89635.0,89389.0,89490.0,584.82697,-6.0494e-06,-0.0005483955,0.0004023605204497818,-0.060494
2026-01-23 08:00:00+00:00,89490.0,89575.0,89074.0,89171.0,1407.55307,-1.54881e-05,-0.0006239049,-0.0035710125768250917,-0.15488100000000002
2026-01-23 09:00:00+00:00,89170.0,89345.0,88818.0,88918.0,1355.94276,-1.10074e-05,-0.000588059,-0.002841277902652881,-0.110074
2026-01-23 10:00:00+00:00,88919.0,89105.0,88809.0,88994.0,802.94819,-1.34951e-05,-0.0006079607,0.0008543550139713341,-0.13495100000000002
2026-01-23 11:00:00+00:00,88995.0,89312.0,88951.0,89160.0,442.21377,-9.1655e-06,-0.000573324,0.0018635567884079424,-0.091655
2026-01-23 12:00:00+00:00,89160.0,89330.0,89044.0,89227.0,470.61911,1.9514e-06,-0.0004843886,0.0007511758497030526,0.019514
2026-01-23 13:00:00+00:00,89227.0,89409.0,89191.0,89292.0,378.39126,-1.744e-07,-0.0005013949,0.0007282138357535002,-0.001744
2026-01-23 14:00:00+00:00,89293.0,89671.0,88582.0,88946.0,4199.09212,-1.8252e-06,-0.0005146016,-0.0038824541861747835,-0.018251999999999997
2026-01-23 15:00:00+00:00,88946.0,89818.0,88510.0,89706.0,2556.87582,-1.28511e-05,-0.0006028084,0.008508212442896141,-0.128511
2026-01-23 16:00:00+00:00,89706.0,90444.0,89434.0,90065.0,2650.69089,-7.3694e-06,-0.0005589551,0.003993975415676005,-0.073694
2026-01-23 17:00:00+00:00,90065.0,91206.0,89916.0,90566.0,4323.99576,-9.8383e-06,-0.0005787063,0.005547234801585253,-0.098383
2026-01-23 18:00:00+00:00,90567.0,90979.0,90442.0,90484.0,1685.37966,-2.276e-06,-0.0005182079,-0.0009058271815178869,-0.02276
2026-01-23 19:00:00+00:00,90484.0,90484.0,89554.0,89935.0,2880.84237,1.7668e-06,-0.0004858656,-0.0060858523156550265,0.017668
2026-01-23 20:00:00+00:00,89934.0,90116.0,89159.0,89439.0,2021.33955,2.7068e-06,-0.0004783458,-0.0055303585154346515,0.027068000000000002
2026-01-23 21:00:00+00:00,89440.0,89645.0,89259.0,89299.0,396.40751,-1.2559e-06,-0.000510047,-0.0015665390530331487,-0.012558999999999999
2026-01-23 22:00:00+00:00,89298.0,89716.0,89280.0,89576.0,924.54419,-7.8186e-06,-0.0005625487,0.0030971373464295437,-0.078186
2026-01-23 23:00:00+00:00,89575.0,89588.0,89414.0,89552.0,438.18463,-2.0339e-06,-0.0005162711,-0.00026796480889205564,-0.020339000000000003
2026-01-24 00:00:00+00:00,89552.0,89580.0,89369.0,89414.0,258.60564,-8.2983e-06,-0.0005663867,-0.0015421926773925966,-0.082983
2026-01-24 01:00:00+00:00,89414.0,89555.0,89404.0,89506.0,244.90432,-7.616e-07,-0.0005060931,0.0010283926683231895,-0.007616
2026-01-24 02:00:00+00:00,89506.0,89668.0,89505.0,89658.0,125.18859,8.935e-07,-0.0004928517,0.0016967698473764384,0.008935
2026-01-24 03:00:00+00:00,89659.0,89883.0,89624.0,89719.0,243.11979,4.9582e-06,-0.0004603346,0.0006801318156893309,0.049582
2026-01-24 04:00:00+00:00,89719.0,89812.0,89669.0,89791.0,118.1433,3.08e-08,-0.0004997538,0.0008021837653722738,0.000308
2026-01-24 05:00:00+00:00,89791.0,89808.0,89701.0,89729.0,54.37253,-2.0843e-06,-0.0005166744,-0.000690730865252512,-0.020843
2026-01-24 06:00:00+00:00,89729.0,89751.0,89598.0,89601.0,293.76569,1.9596e-06,-0.0004843235,-0.0014275360702298522,0.019596
2026-01-24 07:00:00+00:00,89601.0,89652.0,89527.0,89584.0,103.09069,-2.0512e-06,-0.0005164094,-0.00018974802635269314,-0.020512
2026-01-24 08:00:00+00:00,89584.0,89647.0,89541.0,89622.0,100.02867,1.802e-07,-0.0004985582,0.0004240929496728709,0.0018020000000000002
2026-01-24 09:00:00+00:00,89623.0,89623.0,89550.0,89566.0,92.50595,4.6393e-06,-0.0004628855,-0.0006250418758305712,0.046393
2026-01-24 10:00:00+00:00,89565.0,89607.0,89539.0,89589.0,75.83457,6.406e-07,-0.0004948753,0.0002567609067719507,0.006405999999999999
2026-01-24 11:00:00+00:00,89589.0,89635.0,89559.0,89559.0,183.41675,6.7377e-06,-0.0004460986,-0.00033491861790728694,0.06737699999999999
2026-01-24 12:00:00+00:00,89560.0,89560.0,89444.0,89495.0,151.41937,9.8175e-06,-0.0004214598,-0.0007148681707811713,0.098175
2026-01-24 13:00:00+00:00,89495.0,89511.0,89317.0,89330.0,94.68896,1.03309e-05,-0.0004173527,-0.0018453800847154822,0.103309
2026-01-24 14:00:00+00:00,89330.0,89471.0,89143.0,89404.0,240.30441,2.7698e-06,-0.0004778413,0.0008280461941012722,0.027698
2026-01-24 15:00:00+00:00,89404.0,89450.0,89210.0,89222.0,197.68036,-7.786e-07,-0.0005062289,-0.002037777960433149,-0.007786
2026-01-24 16:00:00+00:00,89222.0,89315.0,89115.0,89240.0,416.81381,-3.3649e-06,-0.0005269191,0.000201723616916034,-0.033649
2026-01-24 17:00:00+00:00,89240.0,89374.0,89214.0,89359.0,346.3185,-1.28115e-05,-0.0006024919,0.0013325944446508922,-0.12811499999999998
2026-01-24 18:00:00+00:00,89364.0,89411.0,89329.0,89346.0,161.09106,-7.3085e-06,-0.0005584681,-0.0001454911728595445,-0.07308500000000001
2026-01-24 19:00:00+00:00,89347.0,89347.0,89217.0,89275.0,215.78931,-5.639e-06,-0.0005451117,-0.0007949793556108566,-0.056389999999999996
2026-01-24 20:00:00+00:00,89275.0,89353.0,89275.0,89335.0,76.61312,-1.73413e-05,-0.0006387302,0.0006718549046184785,-0.17341299999999998
2026-01-24 21:00:00+00:00,89335.0,89335.0,89226.0,89331.0,88.22942,-7.9062e-06,-0.0005632494,-4.477628648618408e-05,-0.07906200000000001
2026-01-24 22:00:00+00:00,89331.0,89447.0,89260.0,89381.0,204.41369,-1.12714e-05,-0.0005901709,0.0005595595293500565,-0.11271400000000001
2026-01-24 23:00:00+00:00,89381.0,89434.0,89154.0,89171.0,192.0036,-5.3917e-06,-0.000543134,-0.002352257010052712,-0.05391700000000001
2026-01-25 00:00:00+00:00,89172.0,89268.0,89124.0,89268.0,139.57371,-8.0597e-06,-0.0005644779,0.0010872063792629037,-0.080597
2026-01-25 01:00:00+00:00,89268.0,89278.0,89057.0,89132.0,144.99087,-3.4454e-06,-0.0005275633,-0.0015246639724827977,-0.034454
2026-01-25 02:00:00+00:00,89132.0,89222.0,89100.0,89100.0,140.2548,-2.5412e-06,-0.0005203296,-0.0003590825479581832,-0.025412
2026-01-25 03:00:00+00:00,89101.0,89135.0,88780.0,88913.0,761.80586,1.7392e-06,-0.0004860864,-0.0021009709266857505,0.017392
2026-01-25 04:00:00+00:00,88914.0,89045.0,88900.0,88974.0,113.49855,-5.6269e-06,-0.0005450151,0.0006858286709091441,-0.056269
2026-01-25 05:00:00+00:00,88974.0,89010.0,88824.0,88958.0,186.43192,3.194e-06,-0.0004744483,-0.0001798439858274385,0.031939999999999996
2026-01-25 06:00:00+00:00,88958.0,88958.0,88609.0,88803.0,563.86637,1.5685e-06,-0.0004874519,-0.0017439150239104936,0.015685
2026-01-25 07:00:00+00:00,88802.0,88802.0,88600.0,88615.0,301.95595,-6.5226e-06,-0.000552181,-0.002119289704145981,-0.065226
2026-01-25 08:00:00+00:00,88616.0,88720.0,88069.0,88272.0,1096.47002,7.34e-08,-0.0004994131,-0.0038781869770280635,0.000734
2026-01-25 09:00:00+00:00,88272.0,88454.0,88200.0,88365.0,548.18851,2.592e-06,-0.0004792642,0.001053007111685366,0.02592
2026-01-25 10:00:00+00:00,88366.0,88639.0,88366.0,88616.0,197.3988,8.5815e-06,-0.0004313478,0.002836464572871368,0.085815
2026-01-25 11:00:00+00:00,88616.0,88668.0,88496.0,88525.0,237.78687,9.8049e-06,-0.0004215607,-0.0010274302166643364,0.098049
2026-01-25 12:00:00+00:00,88525.0,88780.0,88405.0,88771.0,623.35664,5.4194e-06,-0.0004566449,0.0027750220858373652,0.054194
2026-01-25 13:00:00+00:00,88772.0,88964.0,88620.0,88893.0,710.22818,1.25e-05,-0.0003844579,0.001373379178404807,0.125
2026-01-25 14:00:00+00:00,88894.0,88908.0,88575.0,88672.0,1007.97573,1.25e-05,-0.0003329044,-0.0024892305816417294,0.125
2026-01-25 15:00:00+00:00,88672.0,88725.0,88352.0,88417.0,261.05741,1.25e-05,-0.0003892919,-0.0028799098334164083,0.125
2026-01-25 16:00:00+00:00,88418.0,88418.0,87513.0,88052.0,3666.53586,8.1445e-06,-0.0004348442,-0.004136709796066654,0.081445
2026-01-25 17:00:00+00:00,88053.0,88072.0,87718.0,87851.0,2825.07316,6.6521e-06,-0.0004467831,-0.002285351443493419,0.066521
2026-01-25 18:00:00+00:00,87852.0,87947.0,86821.0,87390.0,3851.31458,4.8001e-06,-0.0004615996,-0.00526133796813843,0.048001
2026-01-25 19:00:00+00:00,87391.0,87478.0,86117.0,86449.0,4773.99375,8.8253e-06,-0.0004293979,-0.010826214957044465,0.088253
2026-01-25 20:00:00+00:00,86450.0,86671.0,86203.0,86630.0,1847.88393,1.25e-05,-0.0003994714,0.002091531219640413,0.125
2026-01-25 21:00:00+00:00,86630.0,86965.0,86363.0,86543.0,2243.05977,1.25e-05,-0.0003947301,-0.001004775655782466,0.125
2026-01-25 22:00:00+00:00,86544.0,86660.0,86200.0,86499.0,1493.81278,1.25e-05,-0.0003487383,-0.000508547068899733,0.125
2026-01-25 23:00:00+00:00,86499.0,86791.0,86051.0,86637.0,2971.7675,1.25e-05,-0.0003258201,0.0015941228770922937,0.125
2026-01-26 00:00:00+00:00,86638.0,87159.0,86469.0,86821.0,1667.14087,1.25e-05,-0.000232593,0.0021215518340469744,0.125
2026-01-26 01:00:00+00:00,86822.0,87788.0,86784.0,87654.0,2778.78916,1.25e-05,-0.0003169011,0.009548718489926271,0.125
2026-01-26 02:00:00+00:00,87659.0,87921.0,87399.0,87517.0,1143.4786,1.25e-05,-0.000369312,-0.001564186171602712,0.125
2026-01-26 03:00:00+00:00,87517.0,87649.0,87041.0,87235.0,668.85717,5.5348e-06,-0.0004557212,-0.0032274336749641636,0.055348
2026-01-26 04:00:00+00:00,87236.0,87903.0,87204.0,87706.0,755.48982,1.3933e-06,-0.0004888536,0.005384685557380723,0.013933000000000001
2026-01-26 05:00:00+00:00,87706.0,87903.0,87639.0,87772.0,346.5528,6.4133e-06,-0.0004486934,0.0007522310843772806,0.064133
2026-01-26 06:00:00+00:00,87773.0,88000.0,87717.0,87901.0,406.39767,4.957e-06,-0.0004603441,0.0014686380170732863,0.04957
2026-01-26 07:00:00+00:00,87902.0,88033.0,87666.0,87961.0,446.58766,7.831e-07,-0.0004937353,0.0006823532352416354,0.007831
2026-01-26 08:00:00+00:00,87962.0,88369.0,87801.0,87953.0,1490.53085,7.5441e-06,-0.0004396475,-9.095353417596194e-05,0.07544100000000001
2026-01-26 09:00:00+00:00,87953.0,87969.0,87560.0,87634.0,809.41181,1.25e-05,-0.0003665464,-0.0036335303976664556,0.125
2026-01-26 10:00:00+00:00,87634.0,87919.0,87627.0,87858.0,268.35616,1.20464e-05,-0.0004036288,0.002552824307079698,0.120464
2026-01-26 11:00:00+00:00,87858.0,87949.0,87719.0,87804.0,560.66079,1.12161e-05,-0.0004102708,-0.0006148171112818942,0.112161
2026-01-26 12:00:00+00:00,87804.0,87939.0,87696.0,87768.0,662.50443,1.18915e-05,-0.0004048682,-0.000410088174703443,0.11891499999999999
2026-01-26 13:00:00+00:00,87769.0,88012.0,87641.0,87911.0,922.92144,7.473e-06,-0.0004402158,0.0016279695533622496,0.07473
2026-01-26 14:00:00+00:00,87912.0,88500.0,87400.0,88157.0,2937.30872,5.9619e-06,-0.0004523047,0.002794376718938891,0.059619
2026-01-26 15:00:00+00:00,88157.0,88840.0,87264.0,87602.0,6367.514,1.25e-05,-0.0003926012,-0.0063154870555413994,0.125
2026-01-26 16:00:00+00:00,87603.0,87913.0,87135.0,87556.0,1875.26645,1.25e-05,-0.0003233432,-0.0005252400810414122,0.125
2026-01-26 17:00:00+00:00,87557.0,87731.0,86946.0,87649.0,1480.10344,1.1485e-06,-0.0004908119,0.0010616136381316852,0.011485
2026-01-26 18:00:00+00:00,87650.0,88375.0,87612.0,88365.0,1554.0849,-3.8121e-06,-0.0005304969,0.008135761352720414,-0.038121
2026-01-26 19:00:00+00:00,88365.0,88512.0,87904.0,87968.0,1261.40808,5.915e-07,-0.0004952683,-0.004502851658925195,0.005915
2026-01-26 20:00:00+00:00,87967.0,88087.0,87507.0,87584.0,608.92268,-2.275e-06,-0.0005181999,-0.004374779124566631,-0.02275
2026-01-26 21:00:00+00:00,87584.0,88205.0,87529.0,88017.0,568.31905,2.5877e-06,-0.0004792986,0.004931644780915119,0.025876999999999997
2026-01-26 22:00:00+00:00,88022.0,88221.0,87964.0,88091.0,546.36938,4.7135e-06,-0.0004622918,0.00084039344442359,0.047134999999999996
2026-01-26 23:00:00+00:00,88092.0,88651.0,87959.0,88299.0,2387.69691,-9.065e-07,-0.000507252,0.002358411433865854,-0.009065
2026-01-27 00:00:00+00:00,88299.0,88419.0,88158.0,88313.0,876.35726,1.25e-05,-0.000384375,0.00015853962391367265,0.125
2026-01-27 01:00:00+00:00,88313.0,88676.0,88146.0,88524.0,726.29473,3.2064e-06,-0.0004743488,0.0023863795487786043,0.032064
2026-01-27 02:00:00+00:00,88524.0,88819.0,88523.0,88785.0,599.86673,9.3591e-06,-0.0004251271,0.0029440151206325737,0.093591
2026-01-27 03:00:00+00:00,88786.0,88873.0,88555.0,88751.0,433.56215,1.25e-05,-0.000371628,-0.00038302091311802724,0.125
2026-01-27 04:00:00+00:00,88750.0,88977.0,88468.0,88542.0,492.73489,1.0995e-05,-0.0004120397,-0.002357680188312505,0.10995
2026-01-27 05:00:00+00:00,88542.0,88550.0,88361.0,88422.0,280.83384,1.02996e-05,-0.0004176033,-0.0013562082501865447,0.102996
2026-01-27 06:00:00+00:00,88422.0,88489.0,88241.0,88290.0,246.66192,1.25e-05,-0.0003922134,-0.0014939565456897619,0.125
2026-01-27 07:00:00+00:00,88289.0,88527.0,88289.0,88290.0,151.51638,1.14988e-05,-0.0004080096,0.0,0.114988
2026-01-27 08:00:00+00:00,88290.0,88360.0,88074.0,88136.0,286.37794,1.25e-05,-0.0003451278,-0.0017457748757273006,0.125
2026-01-27 09:00:00+00:00,88137.0,88137.0,87818.0,87851.0,1026.44746,1.02269e-05,-0.0004181851,-0.0032388784301724074,0.102269
2026-01-27 10:00:00+00:00,87850.0,88015.0,87718.0,87743.0,383.33228,8.3385e-06,-0.0004332917,-0.0012301105233498834,0.083385
2026-01-27 11:00:00+00:00,87743.0,88061.0,87692.0,87955.0,402.54704,1.05006e-05,-0.0004159953,0.0024132329666271884,0.105006
2026-01-27 12:00:00+00:00,87955.0,88132.0,87906.0,87943.0,271.23852,1.25e-05,-0.0003788279,-0.00013644271132833705,0.125
2026-01-27 13:00:00+00:00,87944.0,88034.0,87753.0,87940.0,393.84038,9.5871e-06,-0.0004233032,-3.411358687644594e-05,0.095871
2026-01-27 14:00:00+00:00,87940.0,88418.0,87619.0,87702.0,1559.67113,8.003e-06,-0.0004359757,-0.0027100596174534307,0.08002999999999999
2026-01-27 15:00:00+00:00,87703.0,88165.0,87527.0,88006.0,1595.99071,1.25e-05,-0.0003989287,0.003460289836903157,0.125
2026-01-27 16:00:00+00:00,88007.0,88780.0,87972.0,88602.0,2478.18783,1.10974e-05,-0.0004112211,0.006749436747578029,0.110974
2026-01-27 17:00:00+00:00,88601.0,88651.0,87256.0,87514.0,3157.98768,1.25e-05,-0.0003960212,-0.012355650154757938,0.125
2026-01-27 18:00:00+00:00,87514.0,88465.0,87411.0,88247.0,1414.80834,6.2818e-06,-0.0004497457,0.008340920336374067,0.062818
2026-01-27 19:00:00+00:00,88248.0,88509.0,88009.0,88372.0,534.24591,1.25e-05,-0.0003867956,0.0014154764874737143,0.125
2026-01-27 20:00:00+00:00,88373.0,89495.0,88351.0,89367.0,3663.88091,1.17642e-05,-0.0004058867,0.01119630912957644,0.117642
2026-01-27 21:00:00+00:00,89368.0,89499.0,88965.0,89039.0,957.03985,1.25e-05,-0.0003776989,-0.003677010521593325,0.125
2026-01-27 22:00:00+00:00,89040.0,89418.0,88969.0,89216.0,789.60011,1.25e-05,-0.0003729553,0.0019859197012389593,0.125
2026-01-27 23:00:00+00:00,89217.0,89494.0,89123.0,89215.0,643.82248,1.25e-05,-0.000363419,-1.1208814611917887e-05,0.125
2026-01-28 00:00:00+00:00,89216.0,89435.0,89104.0,89428.0,567.86783,1.25e-05,-0.0003113705,0.0023846453646205316,0.125
2026-01-28 01:00:00+00:00,89429.0,89469.0,89150.0,89380.0,765.82515,1.25e-05,-0.0003795222,-0.000536888742707262,0.125
2026-01-28 02:00:00+00:00,89381.0,89426.0,89056.0,89254.0,689.91191,1.25e-05,-0.0003580412,-0.0014107059226793597,0.125
2026-01-28 03:00:00+00:00,89253.0,89276.0,88958.0,89093.0,397.40502,1.25e-05,-0.0003663665,-0.0018054696040256369,0.125
2026-01-28 04:00:00+00:00,89092.0,89121.0,88801.0,88944.0,676.74993,1.23754e-05,-0.0004009967,-0.0016738097674866997,0.123754
2026-01-28 05:00:00+00:00,88944.0,89086.0,88812.0,89061.0,405.91731,1.25e-05,-0.0003893956,0.0013145700047629669,0.125
2026-01-28 06:00:00+00:00,89061.0,89374.0,89061.0,89293.0,655.13968,1.18999e-05,-0.0004048006,0.002601569136112557,0.118999
2026-01-28 07:00:00+00:00,89293.0,89332.0,89067.0,89110.0,401.91255,1.25e-05,-0.0002678411,-0.002051535727360786,0.125
2026-01-28 08:00:00+00:00,89110.0,89248.0,88854.0,88899.0,291.44464,1.25e-05,-0.0002391563,-0.0023706677619612236,0.125
2026-01-28 09:00:00+00:00,88899.0,89553.0,88836.0,89552.0,1534.14885,1.25e-05,-0.0002952944,0.007318568286336454,0.125
2026-01-28 10:00:00+00:00,89552.0,89702.0,89301.0,89400.0,1864.39989,1.25e-05,-0.0002110546,-0.0016987799695352861,0.125
2026-01-28 11:00:00+00:00,89399.0,90150.0,89302.0,90071.0,3712.60343,1.25e-05,-9.99641e-05,0.007477566030403143,0.125
2026-01-28 12:00:00+00:00,90070.0,90150.0,89764.0,89979.0,1413.05978,1.25e-05,-0.0001266102,-0.001021938439397342,0.125
2026-01-28 13:00:00+00:00,89980.0,90497.0,89956.0,90238.0,2619.00803,1.25e-05,-0.0001267136,0.0028743146131015797,0.125
2026-01-28 14:00:00+00:00,90237.0,90245.0,89402.0,89584.0,2599.65745,1.25e-05,-0.0001462571,-0.0072738917770383835,0.125
2026-01-28 15:00:00+00:00,89583.0,89822.0,88793.0,89446.0,4782.68754,1.25e-05,-0.0003101666,-0.0015416413710726377,0.125
2026-01-28 16:00:00+00:00,89445.0,89811.0,89202.0,89599.0,1810.10928,1.25e-05,-0.0003832269,0.0017090679688530354,0.125
2026-01-28 17:00:00+00:00,89599.0,90587.0,89235.0,90138.0,3439.6851,9.4909e-06,-0.000424073,0.005997670104023797,0.094909
2026-01-28 18:00:00+00:00,90137.0,90156.0,89314.0,89506.0,2076.41172,1.25e-05,-0.0003760928,-0.007036167168407162,0.125
2026-01-28 19:00:00+00:00,89506.0,89702.0,88960.0,89370.0,2734.9012,1.25e-05,-0.000299122,-0.0015206067466338943,0.125
2026-01-28 20:00:00+00:00,89369.0,89874.0,88946.0,89075.0,1284.94628,1.09308e-05,-0.0004125538,-0.0033063439014008444,0.109308
2026-01-28 21:00:00+00:00,89081.0,89486.0,88811.0,89377.0,2537.41475,8.6779e-06,-0.0004305767,0.003384666894274277,0.08677900000000001
2026-01-28 22:00:00+00:00,89378.0,89451.0,89096.0,89357.0,772.70657,1.25e-05,-0.0003904013,-0.00022379625682271285,0.125
2026-01-28 23:00:00+00:00,89357.0,89441.0,89185.0,89276.0,414.80279,1.25e-05,-0.0003584211,-0.0009068873674125707,0.125
2026-01-29 00:00:00+00:00,89276.0,89316.0,88841.0,89100.0,1393.7693,1.25e-05,-0.0003151632,-0.0019733602851751885,0.125
2026-01-29 01:00:00+00:00,89100.0,89128.0,88483.0,88555.0,2749.32196,4.221e-06,-0.0004662317,-0.006135506568168103,0.04221
2026-01-29 02:00:00+00:00,88556.0,88720.0,87647.0,87860.0,4628.2102,3.5539e-06,-0.0004715689,-0.007879189360962045,0.035539
2026-01-29 03:00:00+00:00,87860.0,88288.0,87732.0,88019.0,4835.22388,5.6788e-06,-0.0004545693,0.0018080617164687905,0.056788
2026-01-29 04:00:00+00:00,88019.0,88320.0,87866.0,88286.0,737.47432,1.25e-05,-0.0003826219,0.003028844378993199,0.125
2026-01-29 05:00:00+00:00,88286.0,88384.0,88116.0,88156.0,516.96996,1.25e-05,-0.0003810113,-0.0014735723186505183,0.125
2026-01-29 06:00:00+00:00,88157.0,88322.0,88144.0,88298.0,337.84703,1.25e-05,-0.0003311663,0.0016094849723278357,0.125
2026-01-29 07:00:00+00:00,88298.0,88411.0,88220.0,88327.0,2090.80756,1.25e-05,-0.0003017766,0.0003283793376996861,0.125
2026-01-29 08:00:00+00:00,88326.0,88567.0,87864.0,88031.0,8055.26743,1.25e-05,-0.0002134685,-0.003356811462462284,0.125
2026-01-29 09:00:00+00:00,88030.0,88119.0,87850.0,87850.0,423.66015,1.25e-05,-0.0003345804,-0.0020582105389038065,0.125
2026-01-29 10:00:00+00:00,87850.0,88001.0,87793.0,87920.0,590.13588,7.4044e-06,-0.0004407648,0.0007964954622596354,0.074044
2026-01-29 11:00:00+00:00,87920.0,88028.0,87704.0,87795.0,1014.48297,1.25e-05,-0.0003652336,-0.0014227586840719524,0.125
2026-01-29 12:00:00+00:00,87795.0,88103.0,87774.0,88095.0,1349.20533,8.4364e-06,-0.0004325085,0.0034112262312984967,0.084364
2026-01-29 13:00:00+00:00,88094.0,88129.0,87924.0,88029.0,326.8088,1.25e-05,-0.0002688382,-0.0007494719980172224,0.125
2026-01-29 14:00:00+00:00,88028.0,88054.0,86953.0,86982.0,2966.53833,1.25e-05,-0.0002346588,-0.011965104947759802,0.125
2026-01-29 15:00:00+00:00,86981.0,86995.0,84323.0,84911.0,16579.42997,1.25e-05,-0.0002560535,-0.02409755157906053,0.125
2026-01-29 16:00:00+00:00,84910.0,85444.0,84207.0,85268.0,6516.70449,1.25e-05,-0.0002600289,0.004195588453193073,0.125
2026-01-29 17:00:00+00:00,85268.0,85626.0,84010.0,84252.0,8627.40245,1.25e-05,-0.0002738081,-0.011986929747835988,0.125
2026-01-29 18:00:00+00:00,84252.0,84619.0,83389.0,83452.0,5156.67375,1.25e-05,-0.0001241955,-0.009540691555484485,0.125
2026-01-29 19:00:00+00:00,83454.0,84277.0,83360.0,83995.0,3039.19099,1.25e-05,-0.0001409524,0.006485656994549949,0.125
2026-01-29 20:00:00+00:00,83996.0,84392.0,83810.0,84234.0,1506.54087,1.25e-05,-0.0001349712,0.0028413669556915035,0.125
2026-01-29 21:00:00+00:00,84234.0,84649.0,84203.0,84509.0,1771.5316,1.25e-05,-3.98341e-05,0.003259397349331155,0.125
2026-01-29 22:00:00+00:00,84509.0,84618.0,84286.0,84539.0,1069.0233,1.25e-05,-5.22631e-05,0.00035492878135136904,0.125
2026-01-29 23:00:00+00:00,84538.0,84720.0,84423.0,84641.0,516.57752,1.25e-05,-0.0002507379,0.0012058164364457285,0.125
2026-01-30 00:00:00+00:00,84639.0,84709.0,84128.0,84154.0,1445.07352,1.25e-05,-0.0002602356,-0.005770329112713637,0.125
2026-01-30 01:00:00+00:00,84154.0,84154.0,81000.0,82426.0,8989.10963,1.25e-05,-0.0003797403,-0.020747532546652278,0.125
2026-01-30 02:00:00+00:00,82426.0,82488.0,81097.0,82121.0,4577.95824,4.5095e-06,-0.0004639239,-0.0037071517475312575,0.045094999999999996
2026-01-30 03:00:00+00:00,82121.0,82707.0,82002.0,82641.0,1881.25077,-8.304e-07,-0.0005066435,0.006312156037708297,-0.008304
2026-01-30 04:00:00+00:00,82641.0,83289.0,82640.0,82899.0,1615.11055,7.86e-08,-0.0004993714,0.0031170739265094843,0.000786
2026-01-30 05:00:00+00:00,82898.0,83319.0,82841.0,82850.0,2251.63911,-2.5716e-06,-0.0005205724,-0.0005912554697459716,-0.025716
2026-01-30 06:00:00+00:00,82850.0,82868.0,82013.0,82554.0,1479.09297,2.4498e-06,-0.0004804014,-0.0035791191988375068,0.024498
2026-01-30 07:00:00+00:00,82554.0,83057.0,82434.0,82776.0,1517.50008,-5.9905e-06,-0.0005479239,0.002685539628914962,-0.059905
2026-01-30 08:00:00+00:00,82776.0,82930.0,82392.0,82622.0,477.88908,-7.8993e-06,-0.0005631944,-0.0018621754132711937,-0.07899300000000001
2026-01-30 09:00:00+00:00,82621.0,82789.0,82108.0,82317.0,756.22001,-8.71e-07,-0.0005069681,-0.0036983411763398914,-0.00871
2026-01-30 10:00:00+00:00,82316.0,82854.0,82127.0,82776.0,1082.07757,-4.298e-06,-0.0005343842,0.005560516589611013,-0.042980000000000004
2026-01-30 11:00:00+00:00,82777.0,83284.0,82641.0,83119.0,1602.30871,-1.3601e-06,-0.0005108806,0.004135151617106805,-0.013600999999999999
2026-01-30 12:00:00+00:00,83119.0,83322.0,82595.0,82771.0,2304.47864,-1.3901e-06,-0.0005111212,-0.004195557423331299,-0.013901
2026-01-30 13:00:00+00:00,82771.0,83051.0,82413.0,82708.0,1063.38962,8.0416e-06,-0.0004356669,-0.0007614259579014522,0.08041599999999999
2026-01-30 14:00:00+00:00,82708.0,83803.0,82707.0,83053.0,4184.3068,1.25e-05,-0.0003801626,0.004162625685946845,0.125
2026-01-30 15:00:00+00:00,83053.0,83585.0,82272.0,82846.0,4848.14899,1.25e-05,-0.0003722954,-0.0024954955415564034,0.125
2026-01-30 16:00:00+00:00,82845.0,83454.0,82507.0,83108.0,1467.05163,5.5748e-06,-0.0004554017,0.003157504099625573,0.055748000000000006
2026-01-30 17:00:00+00:00,83107.0,83467.0,82588.0,82909.0,3109.05363,4.4694e-06,-0.0004642444,-0.0023973459984080367,0.044694
2026-01-30 18:00:00+00:00,82909.0,84172.0,81829.0,83915.0,7824.05769,1.25e-05,-0.0003706147,0.01206076097601096,0.125
2026-01-30 19:00:00+00:00,83915.0,84600.0,83891.0,84216.0,3602.80964,1.25e-05,-0.00035755,0.0035805451888811664,0.125
2026-01-30 20:00:00+00:00,84220.0,84290.0,83509.0,83913.0,4623.53153,1.25e-05,-0.0001674299,-0.003604379114091398,0.125
2026-01-30 21:00:00+00:00,83912.0,84500.0,83768.0,84288.0,1852.90165,1.25e-05,-0.000211751,0.004458958285883498,0.125
2026-01-30 22:00:00+00:00,84288.0,84310.0,83891.0,84214.0,1403.28565,1.25e-05,-0.0001581698,-0.0008783279101415477,0.125
2026-01-30 23:00:00+00:00,84213.0,84281.0,83906.0,84241.0,928.1218,1.25e-05,-0.0002372936,0.00032056038979201156,0.125
2026-01-31 00:00:00+00:00,84240.0,84251.0,83980.0,84034.0,693.87786,1.25e-05,-0.0001920129,-0.00246025974639297,0.125
2026-01-31 01:00:00+00:00,84035.0,84230.0,83878.0,83970.0,770.67445,1.25e-05,-0.0002507612,-0.0007618866586015081,0.125
2026-01-31 02:00:00+00:00,83969.0,84167.0,83775.0,84095.0,1127.07754,1.25e-05,-0.0003608769,0.001487519983924243,0.125
2026-01-31 03:00:00+00:00,84096.0,84202.0,83990.0,83991.0,220.96916,1.25e-05,-0.0003686937,-0.0012374619334313763,0.125
2026-01-31 04:00:00+00:00,83990.0,84128.0,83896.0,83964.0,377.11015,1.25e-05,-0.0003767444,-0.00032151469420483865,0.125
2026-01-31 05:00:00+00:00,83963.0,84073.0,83858.0,83963.0,322.86912,1.25e-05,-0.0003542451,-1.1909937056105088e-05,0.125
2026-01-31 06:00:00+00:00,83963.0,84014.0,83605.0,83736.0,673.05128,9.6781e-06,-0.0004225749,-0.002707233062121203,0.09678099999999999
2026-01-31 07:00:00+00:00,83736.0,83768.0,83360.0,83518.0,1811.44358,1.01474e-05,-0.0004188206,-0.002606815065125981,0.10147400000000001
2026-01-31 08:00:00+00:00,83517.0,83597.0,82521.0,83046.0,2191.70505,6.7195e-06,-0.0004462437,-0.005667506344836853,0.067195
2026-01-31 09:00:00+00:00,83046.0,83272.0,82861.0,83078.0,458.88781,1.25e-05,-0.0003720527,0.00038525439305316214,0.125
2026-01-31 10:00:00+00:00,83078.0,83171.0,82894.0,83126.0,194.40105,1.25e-05,-0.0002855024,0.0005776034431722103,0.125
2026-01-31 11:00:00+00:00,83126.0,83134.0,82812.0,82986.0,191.70542,1.25e-05,-0.0003727515,-0.0016856101082195183,0.125
2026-01-31 12:00:00+00:00,82987.0,83121.0,82684.0,82732.0,707.13219,1.08167e-05,-0.0004134664,-0.0030654509335486663,0.108167
2026-01-31 13:00:00+00:00,82732.0,82891.0,82450.0,82736.0,610.99073,1.25e-05,-0.0003794272,4.834771678857418e-05,0.125
2026-01-31 14:00:00+00:00,82737.0,82898.0,80792.0,81450.0,6254.82313,1.25e-05,-0.0003523293,-0.015665480605811494,0.125
2026-01-31 15:00:00+00:00,81450.0,81748.0,81051.0,81269.0,3621.24526,6.4638e-06,-0.0004482898,-0.0022246950221111624,0.064638
2026-01-31 16:00:00+00:00,81268.0,82123.0,80039.0,80310.0,9462.7698,1.25e-05,-0.0003485965,-0.011870493825572126,0.125
2026-01-31 17:00:00+00:00,80311.0,80508.0,78095.0,78866.0,12335.9298,1.21998e-05,-0.0004024016,-0.018143936445297795,0.121998
2026-01-31 18:00:00+00:00,78866.0,79102.0,75280.0,78013.0,13750.13345,-3.8611e-06,-0.0005308885,-0.010874730286160513,-0.038611
2026-01-31 19:00:00+00:00,78008.0,78526.0,77161.0,77730.0,6084.8224,1.09358e-05,-0.0004125133,-0.003634196226784186,0.109358
2026-01-31 20:00:00+00:00,77730.0,78120.0,77058.0,77979.0,3295.99817,1.25e-05,-0.0002994271,0.0031982764291226267,0.125
2026-01-31 21:00:00+00:00,77978.0,78383.0,77352.0,78292.0,3037.19766,1.25e-05,-0.0002386246,0.004005866969026465,0.125
2026-01-31 22:00:00+00:00,78292.0,78486.0,77978.0,78140.0,2234.75833,1.25e-05,-0.0001754114,-0.001943337013352897,0.125
2026-01-31 23:00:00+00:00,78139.0,79222.0,78053.0,78728.0,3016.47913,1.25e-05,-0.0001724701,0.007496783969759773,0.125
2026-02-01 00:00:00+00:00,78728.0,79417.0,78650.0,78889.0,2254.42222,1.25e-05,-0.0001651195,0.002042927552169749,0.125
2026-02-01 01:00:00+00:00,78890.0,78930.0,78290.0,78503.0,1487.14113,1.25e-05,-0.0001248603,-0.004904960530215874,0.125
2026-02-01 02:00:00+00:00,78503.0,79039.0,78357.0,78881.0,872.45729,1.25e-05,-0.0002045581,0.004803547080170132,0.125
2026-02-01 03:00:00+00:00,78881.0,78998.0,78653.0,78841.0,743.60873,1.25e-05,-0.0002292931,-0.0005072215779355564,0.125
2026-02-01 04:00:00+00:00,78841.0,79116.0,78694.0,78950.0,612.43497,1.25e-05,-0.0002309245,0.0013815745807783698,0.125
2026-02-01 05:00:00+00:00,78951.0,78995.0,78501.0,78586.0,736.30698,1.25e-05,-0.0002556101,-0.004621174179561664,0.125
2026-02-01 06:00:00+00:00,78586.0,78785.0,78230.0,78272.0,743.39968,1.25e-05,-0.0003249399,-0.00400362645738231,0.125
2026-02-01 07:00:00+00:00,78271.0,78682.0,77958.0,78333.0,1323.25827,1.25e-05,-0.0003348217,0.0007790300831393376,0.125
2026-02-01 08:00:00+00:00,78333.0,78848.0,78211.0,78570.0,842.8344,1.25e-05,-0.0003752063,0.003020977039883679,0.125
2026-02-01 09:00:00+00:00,78570.0,79109.0,78515.0,79007.0,352.74534,1.25e-05,-0.0003808579,0.005546508948806879,0.125
2026-02-01 10:00:00+00:00,79006.0,79203.0,78106.0,78244.0,1478.75971,1.25e-05,-0.0003971574,-0.009704306972424137,0.125
2026-02-01 11:00:00+00:00,78245.0,78831.0,78245.0,78714.0,860.25653,1.25e-05,-0.0003801519,0.005988881162835318,0.125
2026-02-01 12:00:00+00:00,78713.0,78722.0,78200.0,78431.0,843.4173,1.15331e-05,-0.0004077353,-0.0036017729605275937,0.115331
2026-02-01 13:00:00+00:00,78432.0,78743.0,78158.0,78275.0,841.49862,6.364e-06,-0.0004490876,-0.001990990153951241,0.06364
2026-02-01 14:00:00+00:00,78276.0,78489.0,77200.0,78164.0,7059.6396,7.215e-06,-0.0004422802,-0.001419083714772379,0.07215
2026-02-01 15:00:00+00:00,78166.0,78228.0,76768.0,77546.0,4569.22117,1.7702e-06,-0.0004858385,-0.007937874831471556,0.017702
2026-02-01 16:00:00+00:00,77546.0,77800.0,77048.0,77461.0,2359.93384,4.4877e-06,-0.0004640983,-0.0010967247739763271,0.044877
2026-02-01 17:00:00+00:00,77461.0,77716.0,77272.0,77716.0,1237.19898,5.3523e-06,-0.0004571817,0.0032865724886172593,0.053523
2026-02-01 18:00:00+00:00,77716.0,78404.0,77685.0,78001.0,2523.74489,1.1733e-05,-0.0004061358,0.0036604907393636716,0.11732999999999999
2026-02-01 19:00:00+00:00,78001.0,78079.0,76941.0,77133.0,1357.89233,1.03155e-05,-0.0004174759,-0.01119044255927696,0.103155
2026-02-01 20:00:00+00:00,77132.0,77700.0,76568.0,77069.0,2344.12951,3.7766e-06,-0.0004697876,-0.0008300800725651115,0.037766
2026-02-01 21:00:00+00:00,77068.0,77137.0,76306.0,76489.0,3243.82147,3.2314e-06,-0.0004741486,-0.0075541848444664805,0.032314
2026-02-01 22:00:00+00:00,76490.0,77730.0,76418.0,77219.0,3296.98796,4.227e-06,-0.0004661843,0.009498601095366462,0.04227
2026-02-01 23:00:00+00:00,77218.0,77595.0,75620.0,76928.0,10309.56319,4.1339e-06,-0.0004669285,-0.0037756212666004868,0.041339
2026-02-02 00:00:00+00:00,76928.0,78098.0,76560.0,77635.0,2824.00791,-5.1235e-06,-0.0005409882,0.00914843696044535,-0.051235
2026-02-02 01:00:00+00:00,77634.0,77907.0,76579.0,77481.0,2568.61096,2.5014e-06,-0.0004799891,-0.001985611421096167,0.025013999999999998
2026-02-02 02:00:00+00:00,77481.0,77524.0,76395.0,76454.0,2083.38627,2.2263e-06,-0.0004821897,-0.01334349222676169,0.022263
2026-02-02 03:00:00+00:00,76453.0,76532.0,74564.0,76248.0,7363.71485,-4.4058e-06,-0.0005352463,-0.0026980671499505946,-0.044058
2026-02-02 04:00:00+00:00,76256.0,76573.0,75272.0,75853.0,2674.05931,-1.37156e-05,-0.000609725,-0.005193928876064313,-0.137156
2026-02-02 05:00:00+00:00,75853.0,75941.0,74856.0,75463.0,2281.93496,-4.0263e-06,-0.0005322103,-0.005154786851146129,-0.040263
2026-02-02 06:00:00+00:00,75453.0,76743.0,74892.0,76490.0,3087.67218,-8.7695e-06,-0.000570156,0.013517543425660349,-0.087695
2026-02-02 07:00:00+00:00,76491.0,76920.0,76277.0,76603.0,1671.69844,-8.1149e-06,-0.000564919,0.0014762271367239877,-0.08114899999999999
2026-02-02 08:00:00+00:00,76610.0,77139.0,76575.0,76847.0,1241.19088,-9.5544e-06,-0.0005764354,0.0031801916669084588,-0.09554399999999999
2026-02-02 09:00:00+00:00,76847.0,77770.0,76628.0,77658.0,1515.23349,-5.869e-06,-0.0005469517,0.01049813855094897,-0.05869
2026-02-02 10:00:00+00:00,77659.0,77811.0,77412.0,77461.0,1025.67631,-5.1016e-06,-0.0005408128,-0.0025399867961069405,-0.051016000000000006
2026-02-02 11:00:00+00:00,77461.0,77925.0,77400.0,77718.0,832.59141,-1.07794e-05,-0.0005862351,0.0033123068839246337,-0.107794
2026-02-02 12:00:00+00:00,77719.0,78358.0,77666.0,77953.0,964.9891,-6.193e-06,-0.0005495439,0.0030191901961448935,-0.06193
2026-02-02 13:00:00+00:00,77954.0,78375.0,77755.0,78182.0,1067.03715,-3.9687e-06,-0.0005317494,0.00293336105555521,-0.039687
2026-02-02 14:00:00+00:00,78181.0,78834.0,77579.0,77796.0,4954.89173,-5.4321e-06,-0.0005434569,-0.0049494260470151485,-0.054321
2026-02-02 15:00:00+00:00,77796.0,79286.0,77467.0,78784.0,5602.24149,-1.27316e-05,-0.0006018527,0.012619914581129396,-0.127316
2026-02-02 16:00:00+00:00,78785.0,79233.0,78524.0,78579.0,2170.52294,-2.06174e-05,-0.0006649394,-0.00260544239709832,-0.206174
2026-02-02 17:00:00+00:00,78579.0,79154.0,78554.0,78927.0,1001.70528,-2.47413e-05,-0.00069793,0.0044188864712454675,-0.247413
2026-02-02 18:00:00+00:00,78926.0,78927.0,78299.0,78527.0,1154.23379,-2.56344e-05,-0.0007050748,-0.005080859940099576,-0.256344
2026-02-02 19:00:00+00:00,78528.0,78651.0,78227.0,78283.0,1083.54969,-1.78286e-05,-0.0006426291,-0.0031120489372517177,-0.178286
2026-02-02 20:00:00+00:00,78288.0,78616.0,77859.0,77928.0,1049.91736,-2.13987e-05,-0.0006711895,-0.004545142290129552,-0.21398699999999998
2026-02-02 21:00:00+00:00,77931.0,78500.0,77865.0,78478.0,1069.06661,-2.19947e-05,-0.0006759575,0.007033007263929338,-0.219947
2026-02-02 22:00:00+00:00,78479.0,78817.0,78479.0,78764.0,732.53729,-1.04821e-05,-0.0005838571,0.0036377089503399494,-0.10482100000000001
2026-02-02 23:00:00+00:00,78763.0,78913.0,78504.0,78684.0,399.90343,-9.7486e-06,-0.0005779891,-0.0010162086134410647,-0.097486
2026-02-03 00:00:00+00:00,78684.0,79068.0,78367.0,79028.0,652.07522,-8.0147e-06,-0.0005641175,0.004362388981675881,-0.080147
2026-02-03 01:00:00+00:00,79028.0,79154.0,78676.0,78972.0,519.04677,-1.7428e-06,-0.0005139425,-0.0007088607891762786,-0.017428
2026-02-03 02:00:00+00:00,78972.0,78972.0,77731.0,77758.0,1666.55596,-1.3655e-06,-0.0005109241,-0.015491919605176886,-0.013655
2026-02-03 03:00:00+00:00,77757.0,78853.0,77596.0,78691.0,2489.55712,-5.1564e-06,-0.0005412512,0.011927350904395869,-0.051564000000000006
2026-02-03 04:00:00+00:00,78691.0,78957.0,78436.0,78757.0,967.14649,-1.3276e-05,-0.0006062082,0.0008383720830468382,-0.13276
2026-02-03 05:00:00+00:00,78756.0,78757.0,78175.0,78194.0,439.87511,-1.8237e-05,-0.0006458956,-0.007174244379310189,-0.18236999999999998
2026-02-03 06:00:00+00:00,78194.0,78645.0,77886.0,78550.0,1120.59022,-1.56483e-05,-0.0006251864,0.004542446436692164,-0.156483
2026-02-03 07:00:00+00:00,78550.0,78880.0,78442.0,78743.0,939.87212,-5.7991e-06,-0.0005463925,0.0024540201643719435,-0.057991
2026-02-03 08:00:00+00:00,78743.0,79042.0,78417.0,78707.0,566.56521,7.745e-07,-0.000493804,-0.0004572880359140936,0.007744999999999999
2026-02-03 09:00:00+00:00,78707.0,78806.0,77905.0,78356.0,1100.23099,1.5339e-06,-0.0004877286,-0.004469551508934073,0.015339
2026-02-03 10:00:00+00:00,78356.0,78517.0,78028.0,78072.0,651.43406,3.84e-08,-0.0004996929,-0.0036310674819939838,0.000384
2026-02-03 11:00:00+00:00,78072.0,78305.0,77957.0,78034.0,785.21143,-7.114e-07,-0.0005056913,-0.00048684868935935395,-0.007114
2026-02-03 12:00:00+00:00,78035.0,78375.0,77951.0,78303.0,730.14844,-1.5443e-06,-0.0005123547,0.0034412872892326148,-0.015443
2026-02-03 13:00:00+00:00,78299.0,78415.0,78151.0,78277.0,1008.08588,-1.0129e-06,-0.0005081035,-0.00033209861079275293,-0.010129
2026-02-03 14:00:00+00:00,78277.0,78395.0,77126.0,77166.0,3019.26247,-7.613e-07,-0.0005060904,-0.014294872316235867,-0.007613
2026-02-03 15:00:00+00:00,77165.0,78151.0,77011.0,78095.0,4531.08359,-1.5966e-06,-0.000512773,0.011967088797680936,-0.015966
2026-02-03 16:00:00+00:00,78094.0,78107.0,76456.0,76460.0,3497.9579,-5.07e-07,-0.0005040561,-0.02115830604141908,-0.00507
2026-02-03 17:00:00+00:00,76461.0,76495.0,74853.0,74866.0,5467.56076,6.2457e-06,-0.0004500341,-0.021067879391182175,0.062457
2026-02-03 18:00:00+00:00,74868.0,75269.0,73111.0,73121.0,9307.01928,1.25e-05,-0.000349792,-0.023584245675911074,0.125
2026-02-03 19:00:00+00:00,73120.0,75294.0,72900.0,74897.0,12531.30036,1.25e-05,-0.0003337702,0.023998233115301963,0.125
2026-02-03 20:00:00+00:00,74898.0,76699.0,74565.0,76459.0,7139.79127,1.25e-05,-0.0002585131,0.020640813132285378,0.125
2026-02-03 21:00:00+00:00,76458.0,76918.0,76115.0,76205.0,3578.99128,1.25e-05,-0.0003754819,-0.0033275721109478655,0.125
2026-02-03 22:00:00+00:00,76204.0,76273.0,75364.0,75684.0,2946.37727,1.25e-05,-0.0003395837,-0.006860299868298438,0.125
2026-02-03 23:00:00+00:00,75684.0,75983.0,75400.0,75731.0,1644.27678,1.07012e-05,-0.0004143902,0.0006208103755836277,0.107012
2026-02-04 00:00:00+00:00,75732.0,76241.0,75421.0,75875.0,1204.30728,1.23536e-05,-0.000401171,0.001899661534564164,0.12353599999999999
2026-02-04 01:00:00+00:00,75874.0,76772.0,75874.0,76400.0,1447.69218,8.5792e-06,-0.0004313665,0.006895446792812489,0.08579200000000001
2026-02-04 02:00:00+00:00,76399.0,76577.0,75675.0,75926.0,1329.15205,1.25e-05,-0.000349748,-0.006223514435069802,0.125
2026-02-04 03:00:00+00:00,75927.0,76947.0,75872.0,76672.0,2418.12515,7.7661e-06,-0.0004378714,0.009777401315524497,0.077661
2026-02-04 04:00:00+00:00,76672.0,76803.0,76390.0,76447.0,631.16416,1.25e-05,-0.0003862733,-0.0029388927820248006,0.125
2026-02-04 05:00:00+00:00,76447.0,76504.0,76068.0,76249.0,708.78691,1.25e-05,-0.0003693598,-0.0025933896234811237,0.125
2026-02-04 06:00:00+00:00,76249.0,76756.0,76230.0,76617.0,907.93657,1.09098e-05,-0.0004127212,0.0048146835907158835,0.109098
2026-02-04 07:00:00+00:00,76617.0,76628.0,76303.0,76477.0,452.71346,1.16536e-05,-0.000406771,-0.0018289422057735365,0.116536
2026-02-04 08:00:00+00:00,76477.0,76564.0,76044.0,76547.0,770.37655,8.5649e-06,-0.0004314812,0.0009148892315274809,0.085649
2026-02-04 09:00:00+00:00,76548.0,76565.0,75940.0,76097.0,1532.318,8.4335e-06,-0.0004325321,-0.005896088986716744,0.084335
2026-02-04 10:00:00+00:00,76098.0,76300.0,76039.0,76267.0,612.30179,1.25e-05,-0.0003983469,0.0022314991801759107,0.125
2026-02-04 11:00:00+00:00,76267.0,76267.0,75639.0,76020.0,1184.96685,9.9821e-06,-0.0004201434,-0.0032438778962498834,0.09982100000000001
2026-02-04 12:00:00+00:00,76020.0,76244.0,75985.0,76150.0,1217.46297,1.25e-05,-0.0003308423,0.0017086157800681044,0.125
2026-02-04 13:00:00+00:00,76150.0,76159.0,74815.0,74829.0,2351.95285,1.25e-05,-0.0002812615,-0.01749956896241257,0.125
2026-02-04 14:00:00+00:00,74828.0,75746.0,74209.0,74342.0,6329.62489,1.03324e-05,-0.0004173405,-0.006529442454808729,0.103324
2026-02-04 15:00:00+00:00,74342.0,75317.0,73751.0,74092.0,8476.61167,1.25e-05,-0.0003788164,-0.003368503663472961,0.125
2026-02-04 16:00:00+00:00,74092.0,74206.0,73055.0,73618.0,5903.20553,1.25e-05,-0.0003330663,-0.006418003209452454,0.125
2026-02-04 17:00:00+00:00,73617.0,73843.0,72170.0,72547.0,8470.72407,1.25e-05,-0.000372409,-0.014654933368351827,0.125
2026-02-04 18:00:00+00:00,72546.0,74107.0,72234.0,73399.0,6419.66752,1.25e-05,-0.000379082,0.011675683866788598,0.125
2026-02-04 19:00:00+00:00,73399.0,74004.0,73012.0,73916.0,3300.16807,1.25e-05,-0.0002494966,0.007019001765718142,0.125
2026-02-04 20:00:00+00:00,73916.0,74144.0,73399.0,73492.0,1845.64596,1.25e-05,-0.0002454242,-0.0057527565576907125,0.125
2026-02-04 21:00:00+00:00,73493.0,73640.0,72164.0,72780.0,2626.75905,1.25e-05,-0.0001870675,-0.009735364573474608,0.125
2026-02-04 22:00:00+00:00,72776.0,73675.0,71820.0,72534.0,4739.47677,1.25e-05,-0.0002674283,-0.00338577473610391,0.125
2026-02-04 23:00:00+00:00,72535.0,73510.0,72434.0,73147.0,2446.16899,1.25e-05,-0.0003109004,0.008415697557264897,0.125
2026-02-05 00:00:00+00:00,73139.0,73306.0,72721.0,72825.0,1858.9587,1.25e-05,-0.0002497439,-0.00441181215967657,0.125
2026-02-05 01:00:00+00:00,72827.0,73310.0,71955.0,72371.0,2701.38614,1.25e-05,-0.0003816427,-0.00625363618259087,0.125
2026-02-05 02:00:00+00:00,72377.0,72804.0,71265.0,71452.0,4629.6655,9.6567e-06,-0.0004227463,-0.012779771076269444,0.096567
2026-02-05 03:00:00+00:00,71452.0,71845.0,71121.0,71202.0,3153.24139,6.3034e-06,-0.0004495729,-0.00350498767558106,0.06303399999999999
2026-02-05 04:00:00+00:00,71202.0,71410.0,70687.0,70860.0,4392.69803,1.25e-05,-0.0003352914,-0.004814808473731062,0.125
2026-02-05 05:00:00+00:00,70852.0,71139.0,70114.0,70715.0,4739.51425,1.25e-05,-0.0003348436,-0.0020483849648628063,0.125
2026-02-05 06:00:00+00:00,70717.0,70969.0,70443.0,70938.0,2265.4462,1.25e-05,-0.0003034633,0.003148541636568105,0.125
2026-02-05 07:00:00+00:00,70938.0,71594.0,70634.0,70725.0,2982.3603,1.25e-05,-0.0001640158,-0.0030071389214004897,0.125
2026-02-05 08:00:00+00:00,70730.0,71536.0,70665.0,71042.0,1747.7413,1.25e-05,-0.000222407,0.0044721342531444195,0.125
2026-02-05 09:00:00+00:00,71042.0,71956.0,71041.0,71552.0,1421.54892,1.25e-05,-0.0001734879,0.007153206651804072,0.125
2026-02-05 10:00:00+00:00,71552.0,71716.0,70630.0,70842.0,1583.01249,1.25e-05,-0.0001096116,-0.009972412939551542,0.125
2026-02-05 11:00:00+00:00,70842.0,71038.0,69886.0,70298.0,4778.31464,1.25e-05,-0.0001580639,-0.007708696243236949,0.125
2026-02-05 12:00:00+00:00,70299.0,70577.0,69149.0,69555.0,8509.76233,1.25e-05,-0.0002686411,-0.010625542398256952,0.125
2026-02-05 13:00:00+00:00,69557.0,69840.0,69250.0,69680.0,3256.06565,1.25e-05,-0.0002645837,0.0017955260327134782,0.125
2026-02-05 14:00:00+00:00,69680.0,70853.0,69278.0,69392.0,9502.01631,1.25e-05,-6.9595e-05,-0.004141745451236943,0.125
2026-02-05 15:00:00+00:00,69393.0,69576.0,66709.0,67465.0,24741.79738,1.25e-05,-0.000194432,-0.028162642210259728,0.125
2026-02-05 16:00:00+00:00,67465.0,68700.0,66926.0,68278.0,8369.46527,1.25e-05,-0.0002811151,0.011978661460423624,0.125
2026-02-05 17:00:00+00:00,68279.0,68341.0,66146.0,66175.0,10849.04238,1.25e-05,-0.0001319325,-0.03128485823000921,0.125
2026-02-05 18:00:00+00:00,66175.0,66527.0,65364.0,66316.0,9745.43783,1.25e-05,-0.000157534,0.0021284472640538607,0.125
2026-02-05 19:00:00+00:00,66319.0,66605.0,65160.0,65235.0,7327.82915,1.25e-05,-0.0002785662,-0.016435060659507422,0.125
2026-02-05 20:00:00+00:00,65235.0,65671.0,62156.0,63725.0,26370.30242,1.25e-05,-0.0001140392,-0.023419184455532226,0.125
2026-02-05 21:00:00+00:00,63726.0,64721.0,62879.0,63216.0,13246.61,1.25e-05,-0.0003931591,-0.008019516593144272,0.125
2026-02-05 22:00:00+00:00,63216.0,64585.0,62665.0,63904.0,10301.12492,1.25e-05,-0.0003330342,0.01082452356436972,0.125
2026-02-05 23:00:00+00:00,63904.0,64888.0,62690.0,62894.0,5804.8335,1.25e-05,-9.61055e-05,-0.01593118758403241,0.125
2026-02-06 00:00:00+00:00,62894.0,63836.0,60000.0,63493.0,21271.40116,1.25e-05,-0.0002254506,0.00947889395234248,0.125
2026-02-06 01:00:00+00:00,63491.0,65730.0,63481.0,65667.0,7361.79401,2.3795e-06,-0.0004809639,0.03366685259741233,0.023794999999999997
2026-02-06 02:00:00+00:00,65668.0,65968.0,64207.0,64965.0,5954.93045,6.4565e-06,-0.0004483481,-0.010747852864427504,0.064565
2026-02-06 03:00:00+00:00,64967.0,65131.0,63730.0,64133.0,3437.80779,9.5327e-06,-0.0004237385,-0.012889611289907815,0.095327
2026-02-06 04:00:00+00:00,64131.0,64987.0,63918.0,64884.0,1356.63509,2.461e-07,-0.0004980311,0.011642008143076187,0.002461
2026-02-06 05:00:00+00:00,64883.0,66794.0,64763.0,66374.0,4004.73891,2.7544e-06,-0.0004779645,0.022704353347371774,0.027544
2026-02-06 06:00:00+00:00,66369.0,66741.0,64789.0,64935.0,3596.75405,5.3234e-06,-0.0004574129,-0.021918643973186325,0.053234
2026-02-06 07:00:00+00:00,64935.0,65499.0,64612.0,64794.0,3349.16438,-1.25776e-05,-0.0006006211,-0.0021737630833759338,-0.125776
2026-02-06 08:00:00+00:00,64794.0,65181.0,64468.0,64859.0,1521.51883,1.0634e-06,-0.0004914931,0.0010026764586350443,0.010634000000000001
2026-02-06 09:00:00+00:00,64860.0,66123.0,64720.0,65760.0,2509.06733,-7.7625e-06,-0.0005620999,0.013796067810611733,-0.077625
2026-02-06 10:00:00+00:00,65761.0,66176.0,65509.0,65923.0,2335.46929,4.105e-07,-0.0004967163,0.002475643526494369,0.004105
2026-02-06 11:00:00+00:00,65921.0,66703.0,65713.0,66589.0,1673.49703,-1.17338e-05,-0.00059387,0.010052004465491638,-0.117338
2026-02-06 12:00:00+00:00,66590.0,66590.0,66076.0,66526.0,1352.74825,-6.4255e-06,-0.0005514039,-0.000946550046257328,-0.06425499999999999
2026-02-06 13:00:00+00:00,66525.0,67642.0,66438.0,67274.0,3709.74123,-3.0178e-06,-0.0005241423,0.01118098344615045,-0.030178
2026-02-06 14:00:00+00:00,67274.0,68612.0,66600.0,68124.0,8642.818,3.1771e-06,-0.0004745829,0.012555741836786148,0.031771
2026-02-06 15:00:00+00:00,68146.0,69111.0,67748.0,68544.0,9219.85516,-6.8101e-06,-0.0005544806,0.006146300848694004,-0.06810100000000001
2026-02-06 16:00:00+00:00,68544.0,70170.0,68356.0,69907.0,7588.40196,-3.10356e-05,-0.0007482849,0.019689912462015794,-0.31035599999999997
2026-02-06 17:00:00+00:00,69907.0,71448.0,69489.0,70701.0,8668.47844,-4.98358e-05,-0.0008986867,0.011293929786768412,-0.498358
2026-02-06 18:00:00+00:00,70701.0,70751.0,69274.0,69705.0,5782.16356,-3.88053e-05,-0.0008104425,-0.014187665869016488,-0.388053
2026-02-06 19:00:00+00:00,69706.0,70860.0,69584.0,70680.0,2845.96721,-4.52321e-05,-0.0008618565,0.013890596246444382,-0.452321
2026-02-06 20:00:00+00:00,70678.0,70901.0,69913.0,69913.0,4088.28092,-4.28544e-05,-0.0008428352,-0.010911035532474297,-0.42854400000000004
2026-02-06 21:00:00+00:00,69914.0,70425.0,69755.0,70294.0,1460.96063,-6.93858e-05,-0.0010550867,0.005434834748805624,-0.693858
2026-02-06 22:00:00+00:00,70293.0,71521.0,70213.0,71308.0,3311.38615,-6.38099e-05,-0.0010104789,0.014322076421787955,-0.638099
2026-02-06 23:00:00+00:00,71308.0,71684.0,70433.0,70516.0,3089.60522,-4.09391e-05,-0.0008275126,-0.011168888666118188,-0.409391
2026-02-07 00:00:00+00:00,70516.0,70550.0,69658.0,69900.0,2215.6257,-3.53026e-05,-0.0007824207,-0.00877398518373245,-0.353026
2026-02-07 01:00:00+00:00,69899.0,70631.0,69700.0,70429.0,1068.17206,-3.02863e-05,-0.0007422906,0.007539460921795197,-0.302863
2026-02-07 02:00:00+00:00,70429.0,70572.0,70102.0,70312.0,534.85839,-2.40166e-05,-0.0006921332,-0.0016626288992157988,-0.240166
2026-02-07 03:00:00+00:00,70311.0,70877.0,70219.0,70867.0,1066.20731,-2.61056e-05,-0.0007088451,0.007862399635193312,-0.261056
2026-02-07 04:00:00+00:00,70869.0,71656.0,70547.0,70716.0,1448.70425,-1.92406e-05,-0.0006539251,-0.0021330252537607136,-0.192406
2026-02-07 05:00:00+00:00,70713.0,71142.0,69911.0,70112.0,1462.64596,-2.45135e-05,-0.0006961081,-0.008577892230720533,-0.245135
2026-02-07 06:00:00+00:00,70112.0,70266.0,68683.0,68705.0,2611.64317,-2.40432e-05,-0.0006923457,-0.020271986629318346,-0.240432
2026-02-07 07:00:00+00:00,68724.0,69034.0,67244.0,68038.0,6185.60629,-2.52262e-05,-0.00070181,-0.009755604161941605,-0.252262
2026-02-07 08:00:00+00:00,68039.0,68723.0,67720.0,68455.0,1710.25774,-3.09566e-05,-0.0007476528,0.006110222463923342,-0.309566
2026-02-07 09:00:00+00:00,68444.0,68719.0,67844.0,68069.0,1056.72861,-2.54647e-05,-0.0007037173,-0.005654698493281822,-0.254647
2026-02-07 10:00:00+00:00,68068.0,68242.0,67535.0,67955.0,1967.36504,-2.83961e-05,-0.0007271686,-0.0016761751851268518,-0.283961
2026-02-07 11:00:00+00:00,67955.0,68105.0,67656.0,67926.0,1254.46998,-2.28758e-05,-0.0006830066,-0.0004268440832833062,-0.228758
2026-02-07 12:00:00+00:00,67926.0,69933.0,67869.0,68983.0,3710.5506,-1.7879e-05,-0.0006430317,0.015441220105885086,-0.17879
2026-02-07 13:00:00+00:00,68984.0,69320.0,68766.0,69055.0,1382.96054,-1.46991e-05,-0.0006175932,0.0010431910999795138,-0.14699099999999998
2026-02-07 14:00:00+00:00,69055.0,69133.0,68328.0,68611.0,1010.05269,-1.48933e-05,-0.0006191468,-0.0064504167984887765,-0.148933
2026-02-07 15:00:00+00:00,68611.0,69724.0,68520.0,69113.0,2071.38589,-1.12278e-05,-0.0005898224,0.007289974487777209,-0.11227799999999999
2026-02-07 16:00:00+00:00,69113.0,69837.0,68800.0,68911.0,6572.84813,-4.7811e-06,-0.0005382489,-0.002927029273453418,-0.047811
2026-02-07 17:00:00+00:00,68911.0,69372.0,68518.0,69158.0,1786.20756,-1.26739e-05,-0.0006013912,0.0035779250012451273,-0.12673900000000002
2026-02-07 18:00:00+00:00,69157.0,69666.0,68964.0,69479.0,1602.09274,-7.1781e-06,-0.0005574246,0.004630806691384127,-0.071781
2026-02-07 19:00:00+00:00,69480.0,69537.0,69242.0,69338.0,766.0843,-7.958e-07,-0.000506366,-0.002031452177901426,-0.007958
2026-02-07 20:00:00+00:00,69339.0,69703.0,69219.0,69603.0,567.0906,-5.304e-07,-0.0005042429,0.0038145733992679875,-0.0053040000000000006
2026-02-07 21:00:00+00:00,69604.0,69678.0,69308.0,69455.0,548.57368,2.3038e-06,-0.0004815695,-0.00212860901037033,0.023038
2026-02-07 22:00:00+00:00,69455.0,69667.0,69273.0,69344.0,935.45479,-2.5388e-06,-0.0005203104,-0.0015994354954040032,-0.025388
2026-02-07 23:00:00+00:00,69344.0,69420.0,68740.0,69236.0,1639.90132,-1.50223e-05,-0.0006201784,-0.001558666789796146,-0.150223
2026-02-08 00:00:00+00:00,69237.0,69385.0,68840.0,69092.0,1240.57913,-1.95208e-05,-0.000656166,-0.002082008733114394,-0.19520800000000002
2026-02-08 01:00:00+00:00,69093.0,69467.0,69059.0,69340.0,865.24552,-1.76852e-05,-0.0006414813,0.0035829904258392643,-0.176852
2026-02-08 02:00:00+00:00,69345.0,69665.0,69135.0,69335.0,455.20126,-4.8514e-06,-0.0005388116,-7.211105104984405e-05,-0.048514
2026-02-08 03:00:00+00:00,69334.0,69410.0,69023.0,69054.0,311.03706,-6.6366e-06,-0.0005530931,-0.004061021991418565,-0.066366
2026-02-08 04:00:00+00:00,69054.0,69320.0,68922.0,69300.0,558.33213,-7.9506e-06,-0.0005636045,0.0035560989814485008,-0.079506
2026-02-08 05:00:00+00:00,69300.0,69380.0,69108.0,69179.0,245.85607,-7.7288e-06,-0.0005618306,-0.0017475578361206667,-0.077288
2026-02-08 06:00:00+00:00,69180.0,69372.0,69040.0,69315.0,390.71902,-9.8966e-06,-0.0005791726,0.001963984630602599,-0.098966
2026-02-08 07:00:00+00:00,69316.0,69676.0,69178.0,69675.0,665.00795,-1.32035e-05,-0.0006056277,0.005180240377672499,-0.13203499999999999
2026-02-08 08:00:00+00:00,69670.0,70749.0,69477.0,70626.0,1792.82317,-8.129e-06,-0.0005650318,0.013556775290386682,-0.08129
2026-02-08 09:00:00+00:00,70625.0,70676.0,70060.0,70079.0,895.57615,-4.674e-07,-0.0005037395,-0.007775171538464231,-0.004674
2026-02-08 10:00:00+00:00,70073.0,70415.0,69855.0,70237.0,832.52085,-6.3485e-06,-0.000550788,0.002252060588648403,-0.063485
2026-02-08 11:00:00+00:00,70236.0,71179.0,70185.0,70956.0,1503.94213,-2.1486e-06,-0.0005171891,0.010184728918110453,-0.021486
2026-02-08 12:00:00+00:00,70956.0,71239.0,70657.0,71207.0,1225.91446,1.028e-07,-0.0004991776,0.0035311615654143795,0.0010279999999999998
2026-02-08 13:00:00+00:00,71207.0,71487.0,70936.0,71486.0,1121.34233,-4.3874e-06,-0.0005350989,0.003910498139906088,-0.043873999999999996
2026-02-08 14:00:00+00:00,71486.0,71525.0,71061.0,71218.0,913.41787,-1.7942e-06,-0.0005143536,-0.003756030876126926,-0.017942
2026-02-08 15:00:00+00:00,71219.0,71417.0,70759.0,71150.0,1619.16223,1.2277e-06,-0.0004901784,-0.0009552709200251713,0.012277
2026-02-08 16:00:00+00:00,71149.0,71226.0,70203.0,70375.0,1656.4332,2.7679e-06,-0.0004778568,-0.010952238076006973,0.027679
2026-02-08 17:00:00+00:00,70374.0,70846.0,70370.0,70760.0,1172.9682,6.8762e-06,-0.0004449907,0.005455782831729973,0.068762
2026-02-08 18:00:00+00:00,70760.0,71385.0,70722.0,71112.0,1663.18244,4.6217e-06,-0.0004630267,0.004962229647789274,0.046217
2026-02-08 19:00:00+00:00,71110.0,71495.0,71107.0,71385.0,713.44768,1.24491e-05,-0.000400407,0.003831664301809674,0.124491
2026-02-08 20:00:00+00:00,71389.0,71391.0,70659.0,70802.0,1277.12503,9.4503e-06,-0.0004243977,-0.008200514352922602,0.094503
2026-02-08 21:00:00+00:00,70798.0,71086.0,70514.0,70662.0,1265.74559,1.1675e-06,-0.0004906598,-0.001979302800794439,0.011675
2026-02-08 22:00:00+00:00,70668.0,71065.0,70611.0,71024.0,718.84906,1.9755e-06,-0.0004841962,0.005109902004213078,0.019754999999999998
2026-02-08 23:00:00+00:00,71024.0,72271.0,69929.0,70297.0,7035.44997,3.3541e-06,-0.0004731675,-0.010288724438832603,0.033541
2026-02-09 00:00:00+00:00,70290.0,70739.0,70089.0,70459.0,1546.9338,4.7042e-06,-0.0004623665,0.0023018567099142616,0.047042
2026-02-09 01:00:00+00:00,70453.0,70900.0,70021.0,70331.0,1562.76429,-8.483e-07,-0.0005067866,-0.001818311460568689,-0.008483
2026-02-09 02:00:00+00:00,70332.0,70996.0,70180.0,70599.0,1015.72243,2.6385e-06,-0.0004788917,0.003803311190740362,0.026385
2026-02-09 03:00:00+00:00,70599.0,71417.0,70583.0,71269.0,940.72543,5.8667e-06,-0.0004530666,0.009445470173258107,0.058667000000000004
2026-02-09 04:00:00+00:00,71269.0,71324.0,70886.0,70962.0,574.05014,1.20953e-05,-0.0004032374,-0.004316927769155864,0.12095299999999999
2026-02-09 05:00:00+00:00,70961.0,71087.0,70775.0,71015.0,544.93896,5.119e-06,-0.0004590483,0.0007465998360564952,0.05119
2026-02-09 06:00:00+00:00,71013.0,71013.0,70278.0,70630.0,624.7488,6.354e-06,-0.0004491678,-0.005436138912260508,0.06354
2026-02-09 07:00:00+00:00,70631.0,70863.0,70322.0,70394.0,1568.74524,4.03e-06,-0.0004677602,-0.0033469511616118423,0.0403
2026-02-09 08:00:00+00:00,70396.0,70587.0,69364.0,69858.0,2296.13838,1.25e-05,-0.0003554773,-0.007643421976285176,0.125
2026-02-09 09:00:00+00:00,69854.0,70092.0,69436.0,69597.0,1177.67623,1.00926e-05,-0.0004192595,-0.003743147319816198,0.100926
2026-02-09 10:00:00+00:00,69597.0,69690.0,68366.0,68694.0,2810.07056,3.4365e-06,-0.0004725077,-0.013059603793387465,0.034365
2026-02-09 11:00:00+00:00,68695.0,68996.0,68550.0,68876.0,1447.10218,-4.065e-06,-0.0005325198,0.002645927254209131,-0.04065
2026-02-09 12:00:00+00:00,68880.0,69200.0,68824.0,69108.0,1213.1629,-3.7766e-06,-0.0005302127,0.003362711888596113,-0.037766
2026-02-09 13:00:00+00:00,69109.0,69262.0,68550.0,68550.0,1210.57313,-5.3363e-06,-0.0005426905,-0.008107092304212209,-0.053363
2026-02-09 14:00:00+00:00,68550.0,69718.0,68263.0,69241.0,4323.74114,-6.6233e-06,-0.0005529866,0.01002976671416826,-0.066233
2026-02-09 15:00:00+00:00,69239.0,69834.0,68774.0,69539.0,3916.7921,-4.503e-06,-0.0005360237,0.004294573541000294,-0.04503
2026-02-09 16:00:00+00:00,69540.0,70373.0,69060.0,70055.0,2820.55853,-5.4763e-06,-0.0005438108,0.007392901559702721,-0.054763000000000006
2026-02-09 17:00:00+00:00,70056.0,70930.0,69835.0,70567.0,3343.01294,-5.1538e-06,-0.0005412301,0.007281965303922911,-0.051537999999999994
2026-02-09 18:00:00+00:00,70572.0,71000.0,70054.0,70385.0,2518.84891,-5.9758e-06,-0.0005478066,-0.002582440847189138,-0.059758
2026-02-09 19:00:00+00:00,70386.0,71044.0,70222.0,70924.0,996.78348,-3.141e-06,-0.0005251277,0.00762870891481333,-0.03141
2026-02-09 20:00:00+00:00,70919.0,71094.0,70460.0,70705.0,1169.48326,5.741e-07,-0.0004954074,-0.0030925894350023074,0.0057410000000000004
2026-02-09 21:00:00+00:00,70705.0,70763.0,69773.0,70377.0,2449.99703,-6.3598e-06,-0.0005508785,-0.00464978652075417,-0.063598
2026-02-09 22:00:00+00:00,70377.0,70697.0,70240.0,70325.0,892.96941,-8.1345e-06,-0.0005650759,-0.0007391508630650832,-0.081345
2026-02-09 23:00:00+00:00,70325.0,70537.0,70050.0,70093.0,657.68095,-8.4836e-06,-0.0005678689,-0.003304422668100592,-0.084836
2026-02-10 00:00:00+00:00,70093.0,70220.0,69710.0,69796.0,860.7425,-8.4721e-06,-0.0005677766,-0.004246230171836471,-0.08472099999999999
2026-02-10 01:00:00+00:00,69794.0,70499.0,69780.0,70447.0,1263.78033,-8.7943e-06,-0.0005703546,0.009283952509530376,-0.087943
2026-02-10 02:00:00+00:00,70445.0,70445.0,69943.0,70074.0,624.70097,2.3052e-06,-0.0004815587,-0.005308827521030558,0.023052
2026-02-10 03:00:00+00:00,70073.0,70134.0,69172.0,69475.0,1229.10532,7.593e-07,-0.0004939258,-0.008584850895915973,0.007593
2026-02-10 04:00:00+00:00,69474.0,69872.0,69449.0,69803.0,416.64914,-8.851e-07,-0.0005070808,0.004710013158841483,-0.008851
2026-02-10 05:00:00+00:00,69802.0,69814.0,69173.0,69417.0,830.94559,3.4612e-06,-0.0004723102,-0.005545194499327476,0.034612
2026-02-10 06:00:00+00:00,69416.0,69469.0,68640.0,68885.0,934.73497,-1.5858e-06,-0.0005126863,-0.00769334679151913,-0.015858
2026-02-10 07:00:00+00:00,68884.0,69171.0,68820.0,68879.0,704.85238,2.3358e-06,-0.0004813132,-8.710548479709347e-05,0.023358
2026-02-10 08:00:00+00:00,68882.0,69176.0,68690.0,69098.0,1148.57249,-2.0671e-06,-0.0005165367,0.003174444782928037,-0.020671000000000002
2026-02-10 09:00:00+00:00,69099.0,69384.0,68922.0,69121.0,912.65257,-6.102e-07,-0.0005048818,0.00033280518904485256,-0.006102
2026-02-10 10:00:00+00:00,69122.0,69225.0,68883.0,68884.0,347.30107,3.0861e-06,-0.000475311,-0.003434661541085158,0.030861
2026-02-10 11:00:00+00:00,68884.0,69047.0,68407.0,68505.0,2081.56347,5.3797e-06,-0.0004569622,-0.005517195137580995,0.053797000000000005
2026-02-10 12:00:00+00:00,68506.0,68838.0,68416.0,68579.0,1016.76456,4.2948e-06,-0.0004656415,0.0010796301127466287,0.042948
2026-02-10 13:00:00+00:00,68580.0,69100.0,68332.0,68992.0,1577.46741,6.4047e-06,-0.0004487621,0.006004190428658738,0.06404699999999999
2026-02-10 14:00:00+00:00,68992.0,69555.0,67887.0,68418.0,7682.53563,8.8389e-06,-0.0004292886,-0.00835460794320093,0.088389
2026-02-10 15:00:00+00:00,68419.0,69482.0,68256.0,69269.0,3357.7946,7.9829e-06,-0.000436137,0.01236152776313864,0.079829
2026-02-10 16:00:00+00:00,69259.0,69782.0,68929.0,69493.0,2040.4756,1.10484e-05,-0.0004116129,0.0032285524073293694,0.11048400000000001
2026-02-10 17:00:00+00:00,69493.0,69983.0,69295.0,69895.0,1551.59311,1.25e-05,-0.0003466564,0.005768087849347627,0.125
2026-02-10 18:00:00+00:00,69896.0,69912.0,68569.0,68867.0,2970.08401,1.25e-05,-0.0003146895,-0.014817007646322305,0.125
2026-02-10 19:00:00+00:00,68867.0,69262.0,68666.0,69027.0,1067.78528,9.9318e-06,-0.000420546,0.002320624128735855,0.099318
2026-02-10 20:00:00+00:00,69027.0,69102.0,68589.0,68712.0,709.5557,4.8965e-06,-0.0004608284,-0.0045738759415817395,0.048964999999999995
2026-02-10 21:00:00+00:00,68711.0,68981.0,68332.0,68621.0,1499.51972,3.2795e-06,-0.0004737642,-0.0013252461290211945,0.032795
2026-02-10 22:00:00+00:00,68621.0,68833.0,68522.0,68682.0,758.80025,4.0221e-06,-0.0004678236,0.0008885458294918896,0.040221
2026-02-10 23:00:00+00:00,68663.0,68834.0,68465.0,68801.0,942.71409,2.3661e-06,-0.0004810712,0.0017311235529942751,0.023661
2026-02-11 00:00:00+00:00,68802.0,69216.0,68754.0,69158.0,809.97524,4.7743e-06,-0.0004618054,0.005175462229583666,0.047743
2026-02-11 01:00:00+00:00,69163.0,69270.0,68868.0,68953.0,455.85704,9.1847e-06,-0.0004265224,-0.0029686288644822168,0.091847
2026-02-11 02:00:00+00:00,68953.0,69130.0,68574.0,68644.0,576.19961,-2.49e-07,-0.0005019923,-0.004491384542433396,-0.00249
2026-02-11 03:00:00+00:00,68646.0,68722.0,67969.0,68144.0,1039.49018,-7.525e-07,-0.0005060203,-0.0073106153591990354,-0.007525
2026-02-11 04:00:00+00:00,68145.0,68281.0,67316.0,67549.0,1741.56164,-9.684e-07,-0.0005077472,-0.008769852733228556,-0.009684
2026-02-11 05:00:00+00:00,67551.0,67769.0,67352.0,67364.0,660.60163,-2.7714e-06,-0.0005221711,-0.0027425098538211568,-0.027714
2026-02-11 06:00:00+00:00,67364.0,67461.0,66518.0,66772.0,2228.98775,1.3089e-06,-0.0004895286,-0.008826919600666226,0.013089
2026-02-11 07:00:00+00:00,66771.0,67230.0,66607.0,67001.0,1348.28702,-7.0252e-06,-0.0005562016,0.003423713659576588,-0.070252
2026-02-11 08:00:00+00:00,67001.0,67098.0,66765.0,66959.0,757.91217,-1.5289e-06,-0.0005122309,-0.0006270528721436496,-0.015289
2026-02-11 09:00:00+00:00,66959.0,67076.0,66692.0,66852.0,721.2221,2.3465e-06,-0.0004812283,-0.0015992709538956967,0.023465
2026-02-11 10:00:00+00:00,66852.0,66865.0,66350.0,66500.0,1893.58402,3.2911e-06,-0.0004736711,-0.0052792731648702695,0.032911
2026-02-11 11:00:00+00:00,66499.0,67075.0,66479.0,67032.0,1908.17307,4.2875e-06,-0.0004656999,0.007968169649176881,0.042875
2026-02-11 12:00:00+00:00,67033.0,67399.0,66942.0,67096.0,1711.15576,1.25e-05,-0.0003553361,0.000954312371125125,0.125
2026-02-11 13:00:00+00:00,67098.0,67646.0,66771.0,67429.0,3975.83803,8.3496e-06,-0.0004332029,0.004950762760136239,0.083496
2026-02-11 14:00:00+00:00,67429.0,68764.0,66417.0,66565.0,7912.5066,2.9384e-06,-0.000476493,-0.012896278558366104,0.029384
2026-02-11 15:00:00+00:00,66562.0,66784.0,65700.0,66479.0,7288.25945,1.04502e-05,-0.0004163985,-0.0012928055677517549,0.104502
2026-02-11 16:00:00+00:00,66482.0,67206.0,65903.0,66000.0,2509.5375,8.094e-06,-0.0004352478,-0.007231366289703187,0.08094000000000001
2026-02-11 17:00:00+00:00,65999.0,66890.0,65839.0,66479.0,2026.53478,1.4779e-06,-0.0004881768,0.0072313662897031394,0.014779
2026-02-11 18:00:00+00:00,66480.0,67279.0,66119.0,67244.0,1616.85357,1.6581e-06,-0.0004867352,0.01144168685468357,0.016581000000000002
2026-02-11 19:00:00+00:00,67244.0,67820.0,67077.0,67555.0,1822.34211,-2.0681e-06,-0.0005165451,0.0046142857411101915,-0.020681
2026-02-11 20:00:00+00:00,67555.0,67717.0,67142.0,67506.0,1776.83395,-1.0441e-06,-0.0005083524,-0.000725598094932547,-0.010441
2026-02-11 21:00:00+00:00,67509.0,68308.0,67380.0,67774.0,2399.09711,-4.923e-06,-0.0005393838,0.003962157755826127,-0.04923
2026-02-11 22:00:00+00:00,67775.0,67833.0,67356.0,67386.0,1426.87759,-5.4302e-06,-0.0005434416,-0.0057413593638619255,-0.054302
2026-02-11 23:00:00+00:00,67397.0,67526.0,66733.0,67059.0,1832.17453,-9.5824e-06,-0.000576659,-0.004864452301144165,-0.09582399999999999
2026-02-12 00:00:00+00:00,67058.0,67654.0,67017.0,67421.0,2073.92526,-1.5481e-05,-0.0006238483,0.005383713182054255,-0.15481
2026-02-12 01:00:00+00:00,67421.0,68005.0,67419.0,67649.0,2649.14355,-1.75218e-05,-0.0006401741,0.0033760304516769713,-0.17521799999999998
2026-02-12 02:00:00+00:00,67650.0,67758.0,67362.0,67389.0,654.13467,-1.87874e-05,-0.0006502988,-0.0038507726903984443,-0.18787399999999999
2026-02-12 03:00:00+00:00,67392.0,67556.0,67273.0,67552.0,359.46111,-1.50082e-05,-0.0006200658,0.0024158718147673096,-0.150082
2026-02-12 04:00:00+00:00,67551.0,67643.0,66952.0,66978.0,684.1522,-8.9305e-06,-0.0005714441,-0.008533464405259965,-0.08930500000000001
2026-02-12 05:00:00+00:00,66979.0,67172.0,66623.0,67093.0,530.38141,-1.19107e-05,-0.0005952856,0.0017155093674766642,-0.11910699999999999
2026-02-12 06:00:00+00:00,67094.0,67310.0,66976.0,67080.0,307.19108,-9.3717e-06,-0.0005749736,-0.00019377967311870332,-0.09371700000000001
2026-02-12 07:00:00+00:00,67080.0,67303.0,66882.0,67188.0,746.45544,-9.6338e-06,-0.0005770704,0.0016087231997484429,-0.09633800000000001
2026-02-12 08:00:00+00:00,67180.0,67310.0,66861.0,67095.0,1039.3683,-3.0226e-06,-0.0005241809,-0.0013851346018354,-0.030226
2026-02-12 09:00:00+00:00,67097.0,67676.0,67017.0,67511.0,1328.71817,-2.5651e-06,-0.0005205208,0.0061810220115048435,-0.025650999999999997
2026-02-12 10:00:00+00:00,67510.0,67996.0,67382.0,67989.0,1108.63068,-4.132e-06,-0.0005330558,0.007055379820477276,-0.04132
2026-02-12 11:00:00+00:00,67988.0,68261.0,67744.0,68047.0,2022.64966,-2.584e-07,-0.0005020674,0.000852715509342195,-0.002584
2026-02-12 12:00:00+00:00,68046.0,68136.0,67700.0,67833.0,918.83576,8.819e-06,-0.0004294479,-0.0031498406966930016,0.08819
2026-02-12 13:00:00+00:00,67832.0,68380.0,67645.0,68351.0,1653.313,5.6285e-06,-0.0004549721,0.007607391443288362,0.056285
2026-02-12 14:00:00+00:00,68349.0,68399.0,67459.0,67558.0,2280.0672,9.6142e-06,-0.0004230862,-0.011669705454999391,0.096142
2026-02-12 15:00:00+00:00,67556.0,67978.0,66963.0,67111.0,4011.34746,8.1054e-06,-0.0004351569,-0.006638523217755204,0.081054
2026-02-12 16:00:00+00:00,67111.0,67199.0,65501.0,65834.0,6953.27993,1.25e-05,-0.0003887752,-0.01921154276401408,0.125
2026-02-12 17:00:00+00:00,65834.0,66260.0,65335.0,65378.0,4059.05507,1.25e-05,-0.0003410648,-0.0069506117705190025,0.125
2026-02-12 18:00:00+00:00,65378.0,65780.0,65097.0,65573.0,2599.77827,1.25e-05,-0.0003039333,0.002978215426131754,0.125
2026-02-12 19:00:00+00:00,65574.0,66100.0,65261.0,65777.0,2111.29782,1.25e-05,-0.000220825,0.0031062072938695434,0.125
2026-02-12 20:00:00+00:00,65776.0,66022.0,65194.0,65402.0,1550.51893,1.25e-05,-0.0002464357,-0.005717394118236195,0.125
2026-02-12 21:00:00+00:00,65409.0,65891.0,65409.0,65825.0,1587.8851,1.25e-05,-0.0003189577,0.006446866347055186,0.125
2026-02-12 22:00:00+00:00,65826.0,66387.0,65623.0,66270.0,1805.61273,1.25e-05,-0.0002070586,0.006737600717762487,0.125
2026-02-12 23:00:00+00:00,66270.0,66461.0,66136.0,66244.0,1151.21391,1.25e-05,-0.0002460849,-0.0003924113728910302,0.125
2026-02-13 00:00:00+00:00,66245.0,66490.0,65827.0,65882.0,1250.43901,1.25e-05,-0.0003218372,-0.005479631651527087,0.125
2026-02-13 01:00:00+00:00,65882.0,66579.0,65882.0,66425.0,1482.04367,1.20995e-05,-0.0004032041,0.008208228570159687,0.120995
2026-02-13 02:00:00+00:00,66424.0,66732.0,66356.0,66641.0,435.01853,1.25e-05,-0.0003684535,0.003246512102522083,0.125
2026-02-13 03:00:00+00:00,66641.0,66750.0,66421.0,66518.0,479.91333,5.2265e-06,-0.0004581882,-0.0018474160211880686,0.052265
2026-02-13 04:00:00+00:00,66518.0,66639.0,66274.0,66293.0,362.67991,2.046e-07,-0.0004983635,-0.003388276803244153,0.002046
2026-02-13 05:00:00+00:00,66292.0,66471.0,66140.0,66140.0,328.19786,7.013e-07,-0.0004943895,-0.0023106033703203456,0.007012999999999999
2026-02-13 06:00:00+00:00,66140.0,66374.0,65962.0,66331.0,587.14583,1.8907e-06,-0.0004848745,0.0028836520046531503,0.018907
2026-02-13 07:00:00+00:00,66330.0,66538.0,66014.0,66175.0,1045.86359,-1.2146e-06,-0.0005097171,-0.002354611445134989,-0.012146
2026-02-13 08:00:00+00:00,66175.0,66715.0,66162.0,66650.0,818.24792,-3.4497e-06,-0.0005275976,0.007152298511552815,-0.034497
2026-02-13 09:00:00+00:00,66649.0,67029.0,66577.0,66920.0,756.14383,3.0545e-06,-0.0004755637,0.00404282949390556,0.030545000000000003
2026-02-13 10:00:00+00:00,66920.0,67085.0,66778.0,66944.0,472.13048,1.2519e-06,-0.0004899847,0.0003585728837796865,0.012519
2026-02-13 11:00:00+00:00,66946.0,67184.0,66758.0,67127.0,661.15101,2.7761e-06,-0.0004777909,0.0027298985410457114,0.027761
2026-02-13 12:00:00+00:00,67128.0,67169.0,66886.0,67056.0,447.16285,2.131e-07,-0.0004982955,-0.001058256360732877,0.002131
2026-02-13 13:00:00+00:00,67057.0,67617.0,66894.0,67241.0,2344.22477,2.886e-07,-0.0004976911,0.0027550893470511934,0.0028859999999999997
2026-02-13 14:00:00+00:00,67241.0,68000.0,66821.0,67690.0,3536.80588,6.013e-07,-0.0004951899,0.006655277990749493,0.006012999999999999
2026-02-13 15:00:00+00:00,67694.0,69282.0,67654.0,68663.0,6471.0708,6.919e-06,-0.0004446478,0.014272022116975563,0.06919
2026-02-13 16:00:00+00:00,68663.0,69456.0,68502.0,68925.0,4599.94903,1.25e-05,-0.0003915243,0.003808476272368604,0.125
2026-02-13 17:00:00+00:00,68925.0,69205.0,68609.0,69000.0,1211.54815,1.0115e-05,-0.0004190801,0.001087547687398919,0.10115
2026-02-13 18:00:00+00:00,69000.0,69387.0,68864.0,69100.0,1521.68278,7.3524e-06,-0.000441181,0.001448226176364748,0.073524
2026-02-13 19:00:00+00:00,69099.0,69210.0,68889.0,68906.0,1111.81077,1.25e-05,-0.0003958486,-0.0028114738168998218,0.125
2026-02-13 20:00:00+00:00,68906.0,68947.0,68648.0,68764.0,1362.60786,1.0865e-05,-0.0004130799,-0.0020629047774772106,0.10865
2026-02-13 21:00:00+00:00,68763.0,69055.0,68703.0,68866.0,608.59644,1.25e-05,-0.0003802801,0.0014822352492142748,0.125
2026-02-13 22:00:00+00:00,68866.0,68978.0,68700.0,68978.0,382.43408,1.25e-05,-0.000379657,0.0016250257486232057,0.125
2026-02-13 23:00:00+00:00,68977.0,68980.0,68805.0,68822.0,226.03923,1.25e-05,-0.0003514201,-0.0022641519106383844,0.125
2026-02-14 00:00:00+00:00,68823.0,69121.0,68745.0,69040.0,379.88103,1.25e-05,-0.0003913195,0.003162585508726184,0.125
2026-02-14 01:00:00+00:00,69049.0,69087.0,68899.0,68936.0,480.05066,1.25e-05,-0.0003954951,-0.0015075088377068206,0.125
2026-02-14 02:00:00+00:00,68936.0,68988.0,68825.0,68850.0,229.77379,7.5308e-06,-0.0004397537,-0.0012483127628018374,0.075308
2026-02-14 03:00:00+00:00,68850.0,68989.0,68819.0,68953.0,216.88145,1.25e-05,-0.0003843916,0.001494887907826209,0.125
2026-02-14 04:00:00+00:00,68952.0,68968.0,68759.0,68763.0,254.55918,1.25e-05,-0.0003730182,-0.0027593035021511118,0.125
2026-02-14 05:00:00+00:00,68764.0,68882.0,68750.0,68750.0,298.1652,1.25e-05,-0.0003432753,-0.00018907303365830013,0.125
2026-02-14 06:00:00+00:00,68751.0,68917.0,68705.0,68907.0,228.67404,1.25e-05,-0.0003942834,0.0022810328290463963,0.125
2026-02-14 07:00:00+00:00,68907.0,69330.0,68859.0,69193.0,474.84731,1.25e-05,-0.0003568576,0.004141932061912244,0.125
2026-02-14 08:00:00+00:00,69194.0,69846.0,69187.0,69725.0,958.13127,1.25e-05,-0.0003404676,0.0076592320759132455,0.125
2026-02-14 09:00:00+00:00,69725.0,69878.0,69546.0,69675.0,431.08312,1.25e-05,-0.0003359454,-0.0007173601455407242,0.125
2026-02-14 10:00:00+00:00,69679.0,69680.0,69550.0,69651.0,337.0112,1.25e-05,-0.0003940536,-0.0003445157434704153,0.125
2026-02-14 11:00:00+00:00,69654.0,70532.0,69653.0,70484.0,2130.41065,1.25e-05,-0.0003726436,0.01188867608194281,0.125
2026-02-14 12:00:00+00:00,70484.0,70521.0,69542.0,69610.0,1773.16536,1.25e-05,-0.0003167117,-0.012477498525909032,0.125
2026-02-14 13:00:00+00:00,69610.0,69750.0,69200.0,69427.0,2323.743,1.25e-05,-0.0003884079,-0.0026323943363977154,0.125
2026-02-14 14:00:00+00:00,69428.0,69840.0,69312.0,69681.0,1292.74231,6.4703e-06,-0.0004482376,0.003651842917412193,0.064703
2026-02-14 15:00:00+00:00,69681.0,70020.0,69528.0,69760.0,931.25007,1.25e-05,-0.0003994772,0.0011330958391346456,0.125
2026-02-14 16:00:00+00:00,69762.0,69791.0,69263.0,69728.0,840.27429,1.25e-05,-0.000325203,-0.00045882083851480455,0.125
2026-02-14 17:00:00+00:00,69728.0,69895.0,69583.0,69708.0,747.93697,1.25e-05,-0.000346799,-0.0002868699638135796,0.125
2026-02-14 18:00:00+00:00,69708.0,69836.0,69640.0,69732.0,488.12416,1.25e-05,-0.000351496,0.0003442340825730066,0.125
2026-02-14 19:00:00+00:00,69734.0,69877.0,69579.0,69851.0,307.29846,1.25e-05,-0.0003621981,0.0017050791117926166,0.125
2026-02-14 20:00:00+00:00,69851.0,69997.0,69719.0,69994.0,506.17688,1.25e-05,-0.0003968789,0.002045122097203927,0.125
2026-02-14 21:00:00+00:00,69995.0,70226.0,69644.0,69906.0,1729.38814,1.16681e-05,-0.0004066554,-0.0012580416241063314,0.11668099999999999
2026-02-14 22:00:00+00:00,69906.0,70081.0,69760.0,69933.0,318.96238,1.25e-05,-0.0003773217,0.0003861583726358884,0.125
2026-02-14 23:00:00+00:00,69932.0,69996.0,69701.0,69792.0,440.79614,1.25e-05,-0.0003774727,-0.0020182508192764766,0.125
2026-02-15 00:00:00+00:00,69792.0,69836.0,69564.0,69744.0,443.25848,1.25e-05,-0.0003674736,-0.0006879945231817514,0.125
2026-02-15 01:00:00+00:00,69744.0,69872.0,69324.0,69680.0,774.94697,8.8521e-06,-0.0004291829,-0.0009180629517894638,0.08852099999999999
2026-02-15 02:00:00+00:00,69680.0,69714.0,69330.0,69454.0,419.77761,7.7114e-06,-0.0004383089,-0.003248669610076863,0.077114
2026-02-15 03:00:00+00:00,69451.0,69970.0,69226.0,69928.0,708.04295,4.3299e-06,-0.0004653608,0.006801478344016321,0.043299
2026-02-15 04:00:00+00:00,69929.0,70502.0,69928.0,70161.0,1690.50435,1.25e-05,-0.0003622253,0.0033264598198556867,0.125
2026-02-15 05:00:00+00:00,70161.0,70452.0,70109.0,70245.0,956.46,1.25e-05,-0.0002810635,0.0011965302055722859,0.125
2026-02-15 06:00:00+00:00,70246.0,70516.0,70137.0,70378.0,1041.11462,1.25e-05,-0.0003246912,0.0018915830220819583,0.125
2026-02-15 07:00:00+00:00,70379.0,70888.0,70284.0,70790.0,889.29102,1.25e-05,-0.0003660094,0.0058370334604009875,0.125
2026-02-15 08:00:00+00:00,70790.0,70949.0,70156.0,70414.0,1084.30311,1.25e-05,-0.0003906419,-0.005325640756489345,0.125
2026-02-15 09:00:00+00:00,70413.0,70633.0,70339.0,70388.0,424.43341,1.25e-05,-0.0003827749,-0.0003693129400934369,0.125
2026-02-15 10:00:00+00:00,70388.0,70496.0,70185.0,70394.0,234.44539,9.5671e-06,-0.0004234636,8.523816970406521e-05,0.095671
2026-02-15 11:00:00+00:00,70396.0,70512.0,70244.0,70263.0,308.5948,1.00901e-05,-0.0004192791,-0.0018626877848458101,0.100901
2026-02-15 12:00:00+00:00,70263.0,70384.0,69280.0,69289.0,1148.31905,1.25e-05,-0.0003990179,-0.01395918103621075,0.125
2026-02-15 13:00:00+00:00,69289.0,69584.0,68747.0,68901.0,2537.49435,8.3914e-06,-0.0004328684,-0.005615471735774971,0.083914
2026-02-15 14:00:00+00:00,68901.0,69170.0,68813.0,69125.0,1160.28189,3.1641e-06,-0.0004746869,0.003245768140111328,0.031641
2026-02-15 15:00:00+00:00,69128.0,69217.0,68839.0,69059.0,855.3581,3.2833e-06,-0.0004737336,-0.0009552481476689876,0.032833
2026-02-15 16:00:00+00:00,69060.0,69066.0,68750.0,68988.0,447.29798,-3.5517e-06,-0.0005284134,-0.0010286352656757541,-0.035517
2026-02-15 17:00:00+00:00,68989.0,69050.0,68179.0,68611.0,1367.94895,3.0591e-06,-0.0004755268,-0.005479704697750972,0.030591
2026-02-15 18:00:00+00:00,68612.0,68753.0,68328.0,68417.0,840.64691,8.8035e-06,-0.0004295721,-0.0028315399716575917,0.088035
2026-02-15 19:00:00+00:00,68416.0,68529.0,68034.0,68264.0,993.12428,9.3083e-06,-0.0004255332,-0.0022387905254618776,0.093083
2026-02-15 20:00:00+00:00,68265.0,68539.0,68088.0,68427.0,697.70389,1.25e-05,-0.0003547241,0.0023849423482353604,0.125
2026-02-15 21:00:00+00:00,68426.0,68935.0,68426.0,68817.0,765.63807,1.25e-05,-0.0003466549,0.005683323857581634,0.125
2026-02-15 22:00:00+00:00,68817.0,69065.0,68771.0,68975.0,450.17485,1.25e-05,-0.0003214958,0.00229331266324915,0.125
2026-02-15 23:00:00+00:00,68974.0,68974.0,68288.0,68798.0,788.01855,1.25e-05,-0.000326687,-0.0025694453540275417,0.125
2026-02-16 00:00:00+00:00,68800.0,69036.0,68670.0,68819.0,672.98181,1.25e-05,-0.0003722518,0.0003051948547491804,0.125
2026-02-16 01:00:00+00:00,68820.0,69009.0,68425.0,68598.0,785.47911,1.25e-05,-0.0003644336,-0.0032164898161834462,0.125
2026-02-16 02:00:00+00:00,68598.0,68704.0,68206.0,68290.0,400.689,7.1976e-06,-0.0004424193,-0.004500036814889974,0.071976
2026-02-16 03:00:00+00:00,68291.0,68433.0,68113.0,68389.0,430.44996,1.06883e-05,-0.0004144937,0.001448650009340738,0.106883
2026-02-16 04:00:00+00:00,68389.0,68866.0,68385.0,68838.0,492.0273,3.6622e-06,-0.0004707026,0.00654392506272235,0.036622
2026-02-16 05:00:00+00:00,68838.0,68867.0,68259.0,68360.0,732.6076,7.8763e-06,-0.0004369894,-0.006968059797670843,0.078763
2026-02-16 06:00:00+00:00,68359.0,68504.0,68201.0,68423.0,347.63183,2.754e-06,-0.0004779684,0.0009211671692371886,0.02754
2026-02-16 07:00:00+00:00,68422.0,68645.0,68348.0,68555.0,305.2972,6.8515e-06,-0.0004451881,0.0019273173919910102,0.068515
2026-02-16 08:00:00+00:00,68554.0,68765.0,68514.0,68728.0,170.42068,1.01416e-05,-0.000418867,0.002520342527136999,0.10141599999999999
2026-02-16 09:00:00+00:00,68727.0,69024.0,68717.0,68962.0,812.02907,5.9846e-06,-0.0004521233,0.0033989429193087427,0.059846
2026-02-16 10:00:00+00:00,68962.0,68962.0,68667.0,68761.0,573.66134,2.6715e-06,-0.0004786278,-0.00291890450701829,0.026715000000000003
2026-02-16 11:00:00+00:00,68760.0,68890.0,68300.0,68787.0,611.55505,5.2887e-06,-0.0004576901,0.0003780498489205572,0.052886999999999997
2026-02-16 12:00:00+00:00,68787.0,69813.0,68782.0,69722.0,1626.73392,2.9843e-06,-0.0004761259,0.01350113281667776,0.029842999999999998
2026-02-16 13:00:00+00:00,69722.0,70099.0,68193.0,68363.0,3464.91069,2.4751e-06,-0.0004801988,-0.01968416381613776,0.024751
2026-02-16 14:00:00+00:00,68360.0,68677.0,68230.0,68393.0,1686.38718,3.9743e-06,-0.0004682055,0.0004387376127003064,0.039743
2026-02-16 15:00:00+00:00,68394.0,68560.0,67270.0,67506.0,3421.60334,1.105e-06,-0.0004911603,-0.013053997393217071,0.01105
2026-02-16 16:00:00+00:00,67506.0,67936.0,67480.0,67854.0,864.518,3.6854e-06,-0.0004705168,0.005141855300255167,0.036854
2026-02-16 17:00:00+00:00,67855.0,68037.0,67559.0,67918.0,1195.22393,4.4648e-06,-0.0004642814,0.0009427570447547748,0.044648
2026-02-16 18:00:00+00:00,67916.0,68218.0,67798.0,67823.0,800.6427,-5.2042e-06,-0.0005416336,-0.0013997247038192964,-0.052042
2026-02-16 19:00:00+00:00,67823.0,68103.0,67783.0,67881.0,618.25566,-4.076e-07,-0.0005032606,0.0008548016791198903,-0.004076000000000001
2026-02-16 20:00:00+00:00,67877.0,68530.0,67800.0,68494.0,1226.95035,4.5058e-06,-0.0004639537,0.008989978053666494,0.045058
2026-02-16 21:00:00+00:00,68493.0,68914.0,68394.0,68833.0,856.32193,1.23127e-05,-0.0004014981,0.004937130915273113,0.123127
2026-02-16 22:00:00+00:00,68829.0,68860.0,68480.0,68556.0,937.00916,6.9964e-06,-0.0004440286,-0.004032351575914349,0.069964
2026-02-16 23:00:00+00:00,68556.0,68950.0,68507.0,68870.0,382.2983,8.6635e-06,-0.0004306919,0.0045697400262810165,0.08663499999999999
2026-02-17 00:00:00+00:00,68870.0,69003.0,68677.0,68850.0,651.68719,8.817e-06,-0.0004294637,-0.0002904443819430329,0.08817
2026-02-17 01:00:00+00:00,68849.0,68968.0,68537.0,68582.0,555.66372,1.02601e-05,-0.0004179188,-0.003900115543833155,0.102601
2026-02-17 02:00:00+00:00,68581.0,69213.0,68363.0,68808.0,1184.26807,4.519e-06,-0.0004638478,0.003289907618347667,0.04519
2026-02-17 03:00:00+00:00,68808.0,68826.0,68439.0,68449.0,1042.73751,7.1753e-06,-0.0004425974,-0.005231074825234359,0.071753
2026-02-17 04:00:00+00:00,68448.0,68678.0,68256.0,68447.0,305.74941,3.3437e-06,-0.0004732508,-2.9219261339179168e-05,0.033437
2026-02-17 05:00:00+00:00,68447.0,68481.0,67857.0,68208.0,664.65674,7.0648e-06,-0.0004434815,-0.0034978631397503237,0.070648
2026-02-17 06:00:00+00:00,68208.0,68484.0,68208.0,68377.0,402.07705,5.9076e-06,-0.0004527395,0.0024746507485429725,0.059076
2026-02-17 07:00:00+00:00,68376.0,68450.0,68135.0,68355.0,427.78851,7.9845e-06,-0.0004361236,-0.0003217973874418586,0.079845
2026-02-17 08:00:00+00:00,68356.0,68444.0,68097.0,68139.0,542.76638,6.9525e-06,-0.0004443798,-0.003164976926566633,0.069525
2026-02-17 09:00:00+00:00,68139.0,68271.0,67959.0,68089.0,389.55231,3.6649e-06,-0.0004706809,-0.000734063514772367,0.036649
2026-02-17 10:00:00+00:00,68089.0,68164.0,67674.0,67803.0,1210.52428,4.0877e-06,-0.0004672981,-0.004209231187560551,0.040877
2026-02-17 11:00:00+00:00,67802.0,67902.0,67647.0,67821.0,1242.51893,-2.2663e-06,-0.0005181302,0.0002654397467363646,-0.022663
2026-02-17 12:00:00+00:00,67821.0,68268.0,67793.0,67878.0,1506.23038,-8.289e-07,-0.0005066314,0.0008400946705923581,-0.008289
2026-02-17 13:00:00+00:00,67878.0,68322.0,67699.0,68106.0,2165.24528,2.1372e-06,-0.0004829023,0.0033533388288726775,0.021372000000000002
2026-02-17 14:00:00+00:00,68106.0,68303.0,66705.0,66839.0,3962.69761,4.4717e-06,-0.0004642263,-0.018778572487119827,0.044717
2026-02-17 15:00:00+00:00,66839.0,67387.0,66600.0,67357.0,3037.24883,6.6159e-06,-0.0004470726,0.00772008961103818,0.066159
2026-02-17 16:00:00+00:00,67356.0,68116.0,67295.0,67486.0,3562.39501,1.18305e-05,-0.0004053561,0.0019133368340101661,0.118305
2026-02-17 17:00:00+00:00,67485.0,67675.0,66871.0,67228.0,2764.36494,1.0746e-05,-0.0004140317,-0.003830341544865812,0.10746
2026-02-17 18:00:00+00:00,67227.0,68201.0,67107.0,68078.0,1616.55793,1.25e-05,-0.0003421544,0.012564279215989977,0.125
2026-02-17 19:00:00+00:00,68079.0,68219.0,67726.0,67768.0,712.8782,1.25e-05,-0.0002313348,-0.004563999501060164,0.125
2026-02-17 20:00:00+00:00,67767.0,67913.0,67464.0,67739.0,1330.44497,1.25e-05,-0.0002700798,-0.0004280221751309805,0.125
2026-02-17 21:00:00+00:00,67738.0,67909.0,67520.0,67659.0,720.55735,1.25e-05,-0.000245282,-0.0011817014920375926,0.125
2026-02-17 22:00:00+00:00,67658.0,67773.0,67487.0,67514.0,400.81808,1.25e-05,-0.0002755294,-0.00214539968213232,0.125
2026-02-17 23:00:00+00:00,67514.0,67602.0,67367.0,67480.0,580.76279,1.25e-05,-0.0002723223,-0.0005037261021813123,0.125
2026-02-18 00:00:00+00:00,67481.0,67609.0,67264.0,67300.0,328.8592,1.25e-05,-0.0002725033,-0.002671021027085421,0.125
2026-02-18 01:00:00+00:00,67300.0,67344.0,66858.0,67142.0,1984.94339,1.25e-05,-0.000319858,-0.0023504570408235275,0.125
2026-02-18 02:00:00+00:00,67142.0,67400.0,67136.0,67305.0,485.59249,1.25e-05,-0.0003360733,0.0024247484861977565,0.125
2026-02-18 03:00:00+00:00,67305.0,67681.0,67305.0,67607.0,351.40864,1.25e-05,-0.0002916188,0.004476999887758267,0.125
2026-02-18 04:00:00+00:00,67608.0,67882.0,67479.0,67797.0,301.94303,1.25e-05,-0.0002614495,0.002806418195962381,0.125
2026-02-18 05:00:00+00:00,67798.0,67917.0,67574.0,67616.0,1402.16337,1.25e-05,-0.0002875187,-0.0026733047461308277,0.125
2026-02-18 06:00:00+00:00,67615.0,67947.0,67588.0,67812.0,208.08359,1.25e-05,-0.0003974963,0.002894529002060447,0.125
2026-02-18 07:00:00+00:00,67813.0,68181.0,67668.0,68087.0,571.64538,6.9158e-06,-0.0004446734,0.004047128755292293,0.069158
2026-02-18 08:00:00+00:00,68086.0,68442.0,68023.0,68094.0,1191.46629,7.6073e-06,-0.0004391413,0.00010280435605792461,0.076073
2026-02-18 09:00:00+00:00,68094.0,68251.0,67972.0,68132.0,397.84883,9.1486e-06,-0.0004268109,0.0005578964512739857,0.09148600000000001
2026-02-18 10:00:00+00:00,68132.0,68149.0,67686.0,67760.0,921.50536,1.0137e-05,-0.0004189043,-0.005474949654531876,0.10137
2026-02-18 11:00:00+00:00,67760.0,67770.0,67049.0,67337.0,1319.60643,5.8722e-06,-0.0004530221,-0.006262187647803329,0.058722
2026-02-18 12:00:00+00:00,67337.0,67665.0,67320.0,67435.0,991.12924,1.8573e-06,-0.000485142,0.0014543082728251922,0.018573
2026-02-18 13:00:00+00:00,67436.0,67555.0,67008.0,67212.0,695.96696,9.9123e-06,-0.0004207017,-0.0033123679531253986,0.099123
2026-02-18 14:00:00+00:00,67211.0,67339.0,66678.0,67197.0,1588.19786,1.05879e-05,-0.0004152968,-0.00022319934025653466,0.105879
2026-02-18 15:00:00+00:00,67195.0,68339.0,67166.0,67675.0,3576.12826,1.25e-05,-0.0003562962,0.0070882318249258945,0.125
2026-02-18 16:00:00+00:00,67676.0,67679.0,67000.0,67112.0,2663.64826,1.25e-05,-0.0002933153,-0.008353969956371396,0.125
2026-02-18 17:00:00+00:00,67112.0,67466.0,67029.0,67137.0,2127.02385,1.25e-05,-0.0003278405,0.00037244225713381837,0.125
2026-02-18 18:00:00+00:00,67138.0,67191.0,66158.0,66291.0,3838.92293,9.5019e-06,-0.0004239844,-0.012681166430049903,0.09501899999999999
2026-02-18 19:00:00+00:00,66317.0,66568.0,65834.0,66137.0,4213.21002,-1.03773e-05,-0.0005830184,-0.00232579317696438,-0.103773
2026-02-18 20:00:00+00:00,66137.0,66493.0,66102.0,66230.0,1710.30877,-1.01341e-05,-0.0005810731,0.0014051843027749096,-0.101341
2026-02-18 21:00:00+00:00,66231.0,66481.0,66054.0,66304.0,1625.6796,-6.462e-06,-0.0005516962,0.0011166947000751544,-0.06462
2026-02-18 22:00:00+00:00,66305.0,66448.0,66200.0,66365.0,529.24372,2.437e-06,-0.0004805042,0.0009195818812023764,0.024370000000000003
2026-02-18 23:00:00+00:00,66365.0,66468.0,66237.0,66436.0,264.97999,1.8529e-06,-0.0004851765,0.0010692691585867848,0.018529
2026-02-19 00:00:00+00:00,66436.0,66564.0,66307.0,66411.0,394.98454,2.5987e-06,-0.0004792107,-0.00037637282430343143,0.025987000000000003
2026-02-19 01:00:00+00:00,66412.0,66847.0,66407.0,66835.0,596.7184,4.2484e-06,-0.0004660124,0.006364190010987435,0.042484
2026-02-19 02:00:00+00:00,66835.0,66940.0,66612.0,66809.0,665.27978,5.0923e-06,-0.0004592615,-0.000389093417258062,0.050923
2026-02-19 03:00:00+00:00,66809.0,66959.0,66695.0,66953.0,284.81692,6.4821e-06,-0.0004481429,0.002153078686457672,0.064821
2026-02-19 04:00:00+00:00,66954.0,67050.0,66728.0,66783.0,763.26678,6.5879e-06,-0.000447297,-0.0025423235563341463,0.06587900000000001
2026-02-19 05:00:00+00:00,66782.0,66863.0,66665.0,66845.0,310.53021,1.25e-05,-0.0003747907,0.0009279492987840888,0.125
2026-02-19 06:00:00+00:00,66844.0,67256.0,66841.0,67115.0,439.7385,1.07971e-05,-0.0004136229,0.004031059504513644,0.107971
2026-02-19 07:00:00+00:00,67115.0,67300.0,66999.0,67190.0,675.15667,1.10697e-05,-0.0004114426,0.001116860992459214,0.110697
2026-02-19 08:00:00+00:00,67189.0,67189.0,66759.0,66940.0,861.19208,1.25e-05,-0.0003978025,-0.003727731148878002,0.125
2026-02-19 09:00:00+00:00,66935.0,67167.0,66724.0,66808.0,1223.69446,7.5569e-06,-0.0004395445,-0.001973861932252253,0.075569
2026-02-19 10:00:00+00:00,66809.0,66935.0,66724.0,66821.0,769.40054,1.16041e-05,-0.0004071672,0.00019456854486690688,0.11604099999999999
2026-02-19 11:00:00+00:00,66820.0,66910.0,66461.0,66480.0,873.80784,1.25e-05,-0.0003704214,-0.005116251848602458,0.125
2026-02-19 12:00:00+00:00,66480.0,66645.0,66296.0,66490.0,1397.4985,1.25e-05,-0.0003626251,0.00015040986717075776,0.125
2026-02-19 13:00:00+00:00,66491.0,66533.0,65736.0,65898.0,2801.42328,7.3441e-06,-0.0004412474,-0.008943468380099788,0.07344099999999999
2026-02-19 14:00:00+00:00,65893.0,66649.0,65619.0,66406.0,4197.16329,1.1221e-05,-0.000410232,0.007679321811558003,0.11221
2026-02-19 15:00:00+00:00,66407.0,66712.0,65946.0,66377.0,2566.63743,1.25e-05,-0.0003381667,-0.00043680291093124333,0.125
2026-02-19 16:00:00+00:00,66378.0,66500.0,65875.0,66283.0,1723.12797,1.25e-05,-0.0003553533,-0.0014171568782141858,0.125
2026-02-19 17:00:00+00:00,66283.0,67038.0,66139.0,66351.0,2201.9454,1.25e-05,-0.0003128871,0.0010253781980176936,0.125
2026-02-19 18:00:00+00:00,66351.0,67064.0,66224.0,67016.0,1700.53425,1.25e-05,-0.0002582153,0.009972564596814464,0.125
2026-02-19 19:00:00+00:00,67016.0,67190.0,66684.0,67043.0,1134.16963,1.25e-05,-0.0002304644,0.000402807724435889,0.125
2026-02-19 20:00:00+00:00,67040.0,67158.0,66809.0,67107.0,895.87015,1.25e-05,-0.0002199637,0.0009541558681407221,0.125
2026-02-19 21:00:00+00:00,67107.0,67157.0,66886.0,66903.0,519.80216,1.25e-05,-0.0002017249,-0.0030445512659942353,0.125
2026-02-19 22:00:00+00:00,66904.0,66981.0,66629.0,66894.0,1263.50355,1.25e-05,-0.0002155914,-0.00013453216460125177,0.125
2026-02-19 23:00:00+00:00,66895.0,67008.0,66805.0,66981.0,302.4184,1.25e-05,-0.0002198682,0.0012997200709203478,0.125
2026-02-20 00:00:00+00:00,66982.0,67491.0,66934.0,67236.0,1325.76509,1.25e-05,-0.0002147599,0.0037998212867380145,0.125
2026-02-20 01:00:00+00:00,67236.0,67340.0,67139.0,67260.0,438.00066,1.25e-05,-0.000185113,0.000356887940975755,0.125
2026-02-20 02:00:00+00:00,67261.0,67331.0,67163.0,67226.0,251.69685,1.25e-05,-0.0002059172,-0.0005056288494619698,0.125
2026-02-20 03:00:00+00:00,67226.0,67483.0,67223.0,67347.0,350.64881,1.25e-05,-0.0002367137,0.0017982809717793779,0.125
2026-02-20 04:00:00+00:00,67348.0,67378.0,67095.0,67247.0,1180.28385,1.25e-05,-0.0002257435,-0.0014859506129605688,0.125
2026-02-20 05:00:00+00:00,67248.0,67999.0,67191.0,67773.0,1279.82785,1.25e-05,-0.0002473771,0.007791477721714647,0.125
2026-02-20 06:00:00+00:00,67772.0,67881.0,67644.0,67827.0,707.36195,1.25e-05,-0.0002326352,0.0007964602190939614,0.125
2026-02-20 07:00:00+00:00,67828.0,67975.0,67752.0,67813.0,483.26118,1.25e-05,-0.0002125451,-0.00020642878280323273,0.125
2026-02-20 08:00:00+00:00,67813.0,67921.0,67733.0,67861.0,249.00545,1.25e-05,-0.0002347706,0.0007075784896541174,0.125
2026-02-20 09:00:00+00:00,67860.0,68200.0,67860.0,68199.0,518.29207,1.25e-05,-0.0003063394,0.0049684065161791,0.125
2026-02-20 10:00:00+00:00,68199.0,68300.0,67842.0,67911.0,1114.25736,1.25e-05,-0.0003068252,-0.004231877596220446,0.125
2026-02-20 11:00:00+00:00,67910.0,67955.0,67227.0,67285.0,2104.04798,1.24569e-05,-0.0004003451,-0.009260695195593681,0.124569
2026-02-20 12:00:00+00:00,67284.0,67560.0,67242.0,67518.0,1544.97786,5.32e-06,-0.0004574404,0.003456899802410272,0.0532
2026-02-20 13:00:00+00:00,67517.0,67517.0,66422.0,66800.0,5051.15099,6.9241e-06,-0.0004446074,-0.010691148453314906,0.069241
2026-02-20 14:00:00+00:00,66799.0,67288.0,66645.0,67034.0,2758.65702,1.25e-05,-0.0003531718,0.003496872819287713,0.125
2026-02-20 15:00:00+00:00,67035.0,68101.0,66514.0,67549.0,8494.91617,1.25e-05,-0.0002907736,0.007653307085741234,0.125
2026-02-20 16:00:00+00:00,67547.0,67891.0,67251.0,67765.0,2616.34378,7.7052e-06,-0.0004383581,0.003192577020350213,0.07705200000000001
2026-02-20 17:00:00+00:00,67764.0,67765.0,66918.0,67590.0,3432.83989,4.0258e-06,-0.0004677935,-0.0025857943557165007,0.040257999999999995
2026-02-20 18:00:00+00:00,67590.0,67977.0,67430.0,67894.0,1569.76448,1.11311e-05,-0.0004109509,0.004487622304945129,0.111311
2026-02-20 19:00:00+00:00,67895.0,67978.0,67510.0,67601.0,1629.38302,1.25e-05,-0.0003632522,-0.004324889578295128,0.125
2026-02-20 20:00:00+00:00,67602.0,67801.0,67491.0,67719.0,1061.79589,1.7113e-06,-0.0004863096,0.001744014630637576,0.017113
2026-02-20 21:00:00+00:00,67720.0,67804.0,67600.0,67790.0,246.77477,-5.714e-07,-0.0005045709,0.0010479009733239237,-0.005714
2026-02-20 22:00:00+00:00,67789.0,68093.0,67610.0,68054.0,1608.02095,3.49e-07,-0.0004972079,0.0038868162357028626,0.00349
2026-02-20 23:00:00+00:00,68053.0,68225.0,67878.0,67980.0,1007.1927,4.3361e-06,-0.0004653115,-0.001087963410607086,0.043361
2026-02-21 00:00:00+00:00,67979.0,68004.0,67766.0,67799.0,426.05087,1.7639e-06,-0.0004858887,-0.0026660986929283735,0.017639
2026-02-21 01:00:00+00:00,67799.0,67971.0,67799.0,67916.0,246.04664,-1.3796e-06,-0.0005110371,0.001724201878723857,-0.013796000000000001
2026-02-21 02:00:00+00:00,67917.0,68066.0,67883.0,67967.0,193.20606,3.3262e-06,-0.0004733906,0.0007506458113928422,0.033262
2026-02-21 03:00:00+00:00,67966.0,67968.0,67481.0,67632.0,500.93176,6.4306e-06,-0.0004485555,-0.004941049440724094,0.064306
2026-02-21 04:00:00+00:00,67631.0,67818.0,67557.0,67790.0,381.22761,4.9147e-06,-0.0004606823,0.0023334476184402445,0.049146999999999996
2026-02-21 05:00:00+00:00,67790.0,67852.0,67769.0,67826.0,114.57008,4.8647e-06,-0.0004610821,0.0005309108194549123,0.048647
2026-02-21 06:00:00+00:00,67826.0,67894.0,67720.0,67760.0,121.23323,8.4629e-06,-0.0004322967,-0.0009735519185301513,0.084629
2026-02-21 07:00:00+00:00,67759.0,67847.0,67715.0,67821.0,150.46123,5.0089e-06,-0.0004599287,0.0008998311579933785,0.050088999999999995
2026-02-21 08:00:00+00:00,67821.0,68029.0,67784.0,68009.0,561.10322,2.0309e-06,-0.0004837532,0.0027681678576130632,0.020309
2026-02-21 09:00:00+00:00,68010.0,68264.0,67938.0,68113.0,681.53146,-2.665e-07,-0.0005021319,0.0015280413193442589,-0.0026650000000000003
2026-02-21 10:00:00+00:00,68111.0,68205.0,68106.0,68172.0,227.28701,-2.0418e-06,-0.0005163342,0.00086583268424055,-0.020418000000000002
2026-02-21 11:00:00+00:00,68172.0,68244.0,68009.0,68055.0,730.00827,-1.3155e-06,-0.0005105238,-0.0017177215789531985,-0.013155
2026-02-21 12:00:00+00:00,68055.0,68179.0,67877.0,68169.0,560.22882,-3.5229e-06,-0.0005281835,0.0016737142737335156,-0.035229
2026-02-21 13:00:00+00:00,68168.0,68226.0,68063.0,68224.0,189.07195,-2.9268e-06,-0.0005234143,0.0008064930455542359,-0.029268000000000002
2026-02-21 14:00:00+00:00,68223.0,68593.0,68148.0,68409.0,1150.56163,-2.3274e-06,-0.0005186195,0.002707985816798009,-0.023274
2026-02-21 15:00:00+00:00,68410.0,68661.0,68381.0,68578.0,480.49463,-4.6184e-06,-0.0005369471,0.0024673886681133112,-0.046183999999999996
2026-02-21 16:00:00+00:00,68577.0,68598.0,68050.0,68286.0,1654.8598,-4.5366e-06,-0.0005362932,-0.0042670160604284055,-0.045366
2026-02-21 17:00:00+00:00,68287.0,68428.0,68154.0,68399.0,594.27765,-1.15307e-05,-0.0005922453,0.0016534371107846434,-0.11530699999999999
2026-02-21 18:00:00+00:00,68400.0,68610.0,68333.0,68544.0,915.17605,-9.3017e-06,-0.0005744135,0.0021176701866911863,-0.09301699999999999
2026-02-21 19:00:00+00:00,68544.0,68620.0,68477.0,68511.0,284.35717,-4.7001e-06,-0.0005376009,-0.0004815585077191613,-0.047001
2026-02-21 20:00:00+00:00,68510.0,68562.0,68171.0,68176.0,454.57047,-9.3582e-06,-0.0005748654,-0.004901719560008248,-0.093582
2026-02-21 21:00:00+00:00,68177.0,68339.0,68150.0,68339.0,220.4493,-1.04287e-05,-0.0005834299,0.0023880171037712304,-0.104287
2026-02-21 22:00:00+00:00,68338.0,68387.0,67869.0,67940.0,674.13837,-9.2187e-06,-0.0005737494,-0.005855651128889439,-0.092187
2026-02-21 23:00:00+00:00,67939.0,68072.0,67898.0,67935.0,491.85073,-1.21438e-05,-0.0005971506,-7.35970561509628e-05,-0.121438
2026-02-22 00:00:00+00:00,67932.0,68020.0,67763.0,67903.0,521.82117,-1.36702e-05,-0.0006093614,-0.0004711494661575036,-0.136702
2026-02-22 01:00:00+00:00,67903.0,68136.0,67901.0,68115.0,536.4488,-1.97873e-05,-0.0006582982,0.003117237007894782,-0.197873
2026-02-22 02:00:00+00:00,68114.0,68185.0,67831.0,67864.0,288.85817,-8.6886e-06,-0.0005695084,-0.0036917507125905445,-0.086886
2026-02-22 03:00:00+00:00,67865.0,68028.0,67785.0,68010.0,223.30496,-1.41337e-05,-0.0006130695,0.0021490506821136932,-0.141337
2026-02-22 04:00:00+00:00,68010.0,68045.0,67926.0,67950.0,123.13389,-1.05856e-05,-0.000584685,-0.0008826125903945971,-0.105856
2026-02-22 05:00:00+00:00,67950.0,67979.0,67857.0,67945.0,279.32799,-5.2734e-06,-0.0005421874,-7.358622469196444e-05,-0.052734
2026-02-22 06:00:00+00:00,67945.0,68142.0,67933.0,68000.0,361.12632,3.022e-07,-0.0004975822,0.0008091508036459329,0.003022
2026-02-22 07:00:00+00:00,68000.0,68065.0,67966.0,67971.0,269.7598,1.1689e-06,-0.0004906486,-0.0004265615526799803,0.011689
2026-02-22 08:00:00+00:00,67971.0,67985.0,67885.0,67925.0,299.25806,2.6162e-06,-0.0004790705,-0.000676988311015238,0.026162
2026-02-22 09:00:00+00:00,67926.0,68062.0,67926.0,68019.0,230.7136,7.5995e-06,-0.0004392041,0.001382922600203736,0.075995
2026-02-22 10:00:00+00:00,68020.0,68124.0,67992.0,68108.0,395.99627,8.7682e-06,-0.0004298546,0.0013076026457821794,0.087682
2026-02-22 11:00:00+00:00,68107.0,68225.0,68105.0,68180.0,410.07839,8.2612e-06,-0.0004339104,0.0010565861513596572,0.08261199999999999
2026-02-22 12:00:00+00:00,68179.0,68200.0,67847.0,67899.0,677.36962,7.5506e-06,-0.0004395951,-0.00412995979405866,0.075506
2026-02-22 13:00:00+00:00,67900.0,68017.0,67534.0,67622.0,1315.25377,1.19545e-05,-0.000404364,-0.004087933025140114,0.119545
2026-02-22 14:00:00+00:00,67622.0,67654.0,67323.0,67417.0,902.65681,1.25e-05,-0.0003428766,-0.003036162256517671,0.125
2026-02-22 15:00:00+00:00,67416.0,67783.0,67280.0,67657.0,969.41216,8.9852e-06,-0.0004281182,0.003553611391726482,0.089852
2026-02-22 16:00:00+00:00,67656.0,67685.0,67482.0,67600.0,283.60444,1.20666e-05,-0.0004034673,-0.0008428399768485333,0.12066600000000001
2026-02-22 17:00:00+00:00,67601.0,67603.0,67145.0,67351.0,1378.65172,8.091e-06,-0.0004352724,-0.0036902324928250415,0.08091
2026-02-22 18:00:00+00:00,67353.0,67431.0,67287.0,67398.0,865.90705,4.969e-07,-0.0004960249,0.0006975933313937793,0.0049689999999999995
2026-02-22 19:00:00+00:00,67397.0,67457.0,67367.0,67391.0,258.24488,6.2171e-06,-0.000450263,-0.00010386604257460214,0.062171000000000004
2026-02-22 20:00:00+00:00,67390.0,67466.0,67306.0,67361.0,371.91731,6.5074e-06,-0.0004479405,-0.0004452624153355576,0.06507399999999999
2026-02-22 21:00:00+00:00,67362.0,67606.0,67362.0,67571.0,241.00857,4.4258e-06,-0.000464594,0.0031126814922142927,0.044258
2026-02-22 22:00:00+00:00,67570.0,67713.0,67449.0,67632.0,612.41361,9.82e-07,-0.0004921436,0.0009023469026427082,0.00982
2026-02-22 23:00:00+00:00,67633.0,67689.0,67427.0,67602.0,559.39047,-1.5923e-06,-0.0005127386,-0.00044367541435028004,-0.015923
2026-02-23 00:00:00+00:00,67602.0,67637.0,66675.0,66700.0,1302.83018,-5.9464e-06,-0.0005475714,-0.013432615488505863,-0.059464
2026-02-23 01:00:00+00:00,66700.0,66700.0,64260.0,64393.0,6280.04753,-9.5652e-06,-0.0005765215,-0.035200021371244505,-0.095652
2026-02-23 02:00:00+00:00,64394.0,64883.0,64284.0,64753.0,2165.56108,5.8472e-06,-0.0004532222,0.005575100002349629,0.058471999999999996
2026-02-23 03:00:00+00:00,64753.0,65027.0,64675.0,64902.0,1332.11408,5.9345e-06,-0.0004525242,0.0022984083235243428,0.059344999999999995
2026-02-23 04:00:00+00:00,64902.0,64995.0,64656.0,64785.0,837.03366,5.4135e-06,-0.0004566917,-0.0018043447954334392,0.054135
2026-02-23 05:00:00+00:00,64785.0,65183.0,64783.0,65043.0,1577.24863,5.6009e-06,-0.0004551925,0.003974494556289293,0.056009
2026-02-23 06:00:00+00:00,65044.0,65777.0,65003.0,65725.0,2068.8407,1.10023e-05,-0.0004119816,0.010430780978881631,0.110023
2026-02-23 07:00:00+00:00,65726.0,65981.0,65623.0,65928.0,1831.55787,6.4498e-06,-0.0004484015,0.003083866845137614,0.064498
2026-02-23 08:00:00+00:00,65929.0,65931.0,65540.0,65652.0,1176.58927,8.2246e-06,-0.0004342029,-0.00419517259139321,0.08224600000000001
2026-02-23 09:00:00+00:00,65652.0,66420.0,65652.0,66370.0,1515.65941,5.9766e-06,-0.0004521876,0.01087708228814434,0.059766
2026-02-23 10:00:00+00:00,66372.0,66570.0,66196.0,66290.0,1025.80982,7.661e-06,-0.0004387118,-0.0012060909045333872,0.07661
2026-02-23 11:00:00+00:00,66290.0,66455.0,66065.0,66166.0,1287.62455,6.123e-07,-0.0004951018,-0.001872320411674284,0.006123000000000001
2026-02-23 12:00:00+00:00,66166.0,66472.0,65857.0,66235.0,1997.77033,-5.0116e-06,-0.0005400929,0.0010422882945989248,-0.050115999999999994
2026-02-23 13:00:00+00:00,66236.0,66408.0,66062.0,66096.0,1008.14393,-8.3763e-06,-0.0005670108,-0.0021007934818161713,-0.083763
2026-02-23 14:00:00+00:00,66096.0,66228.0,65500.0,65892.0,2036.68357,-9.3539e-06,-0.0005748309,-0.003091192569672858,-0.093539
2026-02-23 15:00:00+00:00,65893.0,66196.0,65532.0,65623.0,1711.03907,-4.531e-06,-0.0005362479,-0.0040907938278327794,-0.04531
2026-02-23 16:00:00+00:00,65621.0,65684.0,65145.0,65323.0,2121.8347,-2.0331e-06,-0.0005162651,-0.004582049468929882,-0.020331000000000002
2026-02-23 17:00:00+00:00,65326.0,65415.0,64122.0,64777.0,4383.05022,4.1918e-06,-0.0004664652,-0.008393592706846592,0.041918000000000004
2026-02-23 18:00:00+00:00,64779.0,65165.0,64553.0,64599.0,2795.72217,1.25e-05,-0.0003857528,-0.0027516712885459304,0.125
2026-02-23 19:00:00+00:00,64598.0,64827.0,64072.0,64270.0,3102.95314,1.25e-05,-0.0003888014,-0.005105971409385788,0.125
2026-02-23 20:00:00+00:00,64270.0,64453.0,63859.0,64450.0,2100.4723,1.25e-05,-0.0003147936,0.0027967700020016385,0.125
2026-02-23 21:00:00+00:00,64449.0,64769.0,64432.0,64559.0,1059.98306,1.25e-05,-0.000299112,0.0016898049893715739,0.125
2026-02-23 22:00:00+00:00,64559.0,65000.0,64536.0,64704.0,1649.25275,1.25e-05,-0.0002731841,0.0022434890234383324,0.125
2026-02-23 23:00:00+00:00,64705.0,64889.0,64504.0,64631.0,1341.61276,1.25e-05,-0.0002642824,-0.001128851552202029,0.125
2026-02-24 00:00:00+00:00,64631.0,64994.0,64630.0,64921.0,904.70113,1.25e-05,-0.0002387864,0.004476974255581626,0.125
2026-02-24 01:00:00+00:00,64922.0,64922.0,63416.0,64130.0,7166.43662,1.25e-05,-0.0002273519,-0.012258872940614184,0.125
2026-02-24 02:00:00+00:00,64129.0,64479.0,63951.0,64081.0,1688.6588,1.25e-05,-0.0003650736,-0.0007643650292986373,0.125
2026-02-24 03:00:00+00:00,64081.0,64081.0,63313.0,63559.0,2032.23717,5.5746e-06,-0.000455403,-0.008179299752238169,0.055746
2026-02-24 04:00:00+00:00,63560.0,63599.0,62839.0,63352.0,2615.84093,8.3336e-06,-0.0004333316,-0.0032621314711233913,0.083336
2026-02-24 05:00:00+00:00,63352.0,63520.0,62667.0,63075.0,1735.88042,7.4794e-06,-0.0004401644,-0.004381982380989901,0.074794
2026-02-24 06:00:00+00:00,63075.0,63292.0,62865.0,63055.0,1233.39978,1.12323e-05,-0.0004101416,-0.00031713311928368155,0.11232299999999999
2026-02-24 07:00:00+00:00,63054.0,63337.0,62889.0,63173.0,919.48681,1.00947e-05,-0.0004192422,0.0018696332726921008,0.100947
2026-02-24 08:00:00+00:00,63171.0,63414.0,62993.0,63387.0,985.89782,1.15639e-05,-0.0004074888,0.0033817984189627682,0.11563899999999999
2026-02-24 09:00:00+00:00,63387.0,63398.0,62909.0,63222.0,704.7045,1.25e-05,-0.0003126487,-0.0026064512540471068,0.125
2026-02-24 10:00:00+00:00,63223.0,63343.0,63089.0,63257.0,543.32405,1.25e-05,-0.0002986756,0.0005534515752559024,0.125
2026-02-24 11:00:00+00:00,63256.0,63302.0,63035.0,63196.0,976.674,1.25e-05,-0.0003770784,-0.000964785410099001,0.125
2026-02-24 12:00:00+00:00,63197.0,63330.0,62930.0,62941.0,1570.38729,1.25e-05,-0.0003640015,-0.004043228353115069,0.125
2026-02-24 13:00:00+00:00,62941.0,63070.0,62468.0,62883.0,2514.9918,1.25e-05,-0.0003210709,-0.0009219227509545235,0.125
2026-02-24 14:00:00+00:00,62884.0,63826.0,62747.0,63432.0,3524.60629,1.25e-05,-0.0003306836,0.008692609063564836,0.125
2026-02-24 15:00:00+00:00,63432.0,64023.0,63290.0,63957.0,3586.36719,1.25e-05,-0.0002497007,0.008242516580416963,0.125
2026-02-24 16:00:00+00:00,63956.0,64408.0,63650.0,64232.0,3443.44125,1.25e-05,-0.0002683756,0.004290546331868141,0.125
2026-02-24 17:00:00+00:00,64233.0,64503.0,64014.0,64186.0,2361.08135,1.25e-05,-0.0003685667,-0.000716410502693266,0.125
2026-02-24 18:00:00+00:00,64186.0,64471.0,63880.0,64394.0,2507.99733,-7.6e-07,-0.00050608,0.0032353426883750297,-0.0076
2026-02-24 19:00:00+00:00,64395.0,64719.0,64200.0,64403.0,3172.57433,3.9714e-06,-0.0004682289,0.0001397548081811296,0.039714
2026-02-24 20:00:00+00:00,64403.0,64548.0,64287.0,64431.0,716.57801,4.4999e-06,-0.0004640008,0.0004346678740217312,0.044999
2026-02-24 21:00:00+00:00,64435.0,64435.0,63781.0,63994.0,3850.50897,2.3461e-06,-0.0004812316,-0.006805554785401408,0.023461
2026-02-24 22:00:00+00:00,63993.0,64183.0,63930.0,64088.0,512.03922,-2.05695e-05,-0.0006645558,0.0014678099479498385,-0.205695
2026-02-24 23:00:00+00:00,64087.0,64209.0,63800.0,64015.0,1310.88444,-1.3576e-05,-0.0006086083,-0.0011397080146733117,-0.13576
2026-02-25 00:00:00+00:00,64015.0,64280.0,63852.0,64186.0,1353.47008,-1.44896e-05,-0.0006159166,0.0026676874815472545,-0.144896
2026-02-25 01:00:00+00:00,64185.0,66266.0,64116.0,65865.0,8573.69886,-1.3095e-05,-0.0006047602,0.025822074302100866,-0.13095
2026-02-25 02:00:00+00:00,65866.0,66326.0,65837.0,65854.0,1653.34583,1.00786e-05,-0.0004193715,-0.00016702222193567935,0.100786
2026-02-25 03:00:00+00:00,65855.0,65923.0,65329.0,65356.0,1782.08037,7.6837e-06,-0.0004385306,-0.007590921291277755,0.076837
2026-02-25 04:00:00+00:00,65357.0,65630.0,65100.0,65427.0,901.17919,6.4998e-06,-0.0004480016,0.0010857681346216298,0.064998
2026-02-25 05:00:00+00:00,65429.0,65489.0,64726.0,64851.0,1198.22419,8.5683e-06,-0.0004314533,-0.008842686459173368,0.08568300000000001
2026-02-25 06:00:00+00:00,64852.0,65093.0,64835.0,64865.0,660.72814,7.9712e-06,-0.0004362307,0.00021585617895038514,0.07971199999999999
2026-02-25 07:00:00+00:00,64865.0,65181.0,64758.0,64997.0,960.0371,1.15878e-05,-0.0004072977,0.0020329279613860336,0.115878
2026-02-25 08:00:00+00:00,64997.0,65560.0,64931.0,65494.0,994.96343,1.25e-05,-0.0003861306,0.007617420407593429,0.125
2026-02-25 09:00:00+00:00,65494.0,65657.0,65401.0,65529.0,461.55408,1.0181e-05,-0.0004185521,0.0005342573568381101,0.10181
2026-02-25 10:00:00+00:00,65529.0,65623.0,65320.0,65371.0,247.89102,8.4941e-06,-0.0004320469,-0.0024140577040647525,0.084941
2026-02-25 11:00:00+00:00,65370.0,65446.0,65163.0,65398.0,417.11538,5.0215e-06,-0.0004598283,0.0004129419110595557,0.050215
2026-02-25 12:00:00+00:00,65398.0,66200.0,65297.0,66040.0,1849.4923,-3.93e-08,-0.0005003141,0.00976894209613919,-0.000393
2026-02-25 13:00:00+00:00,66039.0,66648.0,65995.0,66210.0,1670.16635,1.17131e-05,-0.0004062956,0.0025708898848273566,0.117131
2026-02-25 14:00:00+00:00,66209.0,66984.0,66165.0,66943.0,2422.0678,1.11928e-05,-0.0004104576,0.011010002095568716,0.111928
2026-02-25 15:00:00+00:00,66942.0,67534.0,66690.0,67368.0,2844.5481,1.25e-05,-0.0003989454,0.0063286166953675106,0.125
2026-02-25 16:00:00+00:00,67366.0,68275.0,67366.0,68264.0,3989.29642,2.5835e-06,-0.0004793318,0.01321241350659256,0.025835
2026-02-25 17:00:00+00:00,68264.0,68847.0,67988.0,68624.0,4477.14107,4.1614e-06,-0.000466709,0.005259786540240996,0.041614
2026-02-25 18:00:00+00:00,68625.0,69495.0,68329.0,69277.0,4542.7597,-7.7902e-06,-0.0005623217,0.009470633001657236,-0.077902
2026-02-25 19:00:00+00:00,69278.0,69372.0,68743.0,68994.0,3070.24202,-1.00079e-05,-0.0005800635,-0.0040934164815992395,-0.100079
2026-02-25 20:00:00+00:00,68993.0,69326.0,68576.0,69096.0,1822.47666,-7.7964e-06,-0.000562371,0.0014772976834016196,-0.077964
2026-02-25 21:00:00+00:00,69096.0,69984.0,68726.0,68881.0,3362.24153,-8.7729e-06,-0.0005701835,-0.003116463961571404,-0.087729
2026-02-25 22:00:00+00:00,68881.0,69140.0,68022.0,68418.0,2210.86536,-8.4226e-06,-0.0005673812,-0.0067444301131367205,-0.084226
2026-02-25 23:00:00+00:00,68418.0,68659.0,67511.0,67944.0,2812.06067,-9.8566e-06,-0.0005788527,-0.006952111425568229,-0.098566
2026-02-26 00:00:00+00:00,67945.0,68498.0,67686.0,68300.0,2453.45867,-6.8873e-06,-0.0005550988,0.005225930099036301,-0.068873
2026-02-26 01:00:00+00:00,68302.0,68662.0,68169.0,68210.0,1181.69309,-7.5521e-06,-0.0005604172,-0.0013185849101164506,-0.075521
2026-02-26 02:00:00+00:00,68211.0,68301.0,67771.0,68218.0,891.35069,-5.4547e-06,-0.0005436379,0.00011727797826209299,-0.054547
2026-02-26 03:00:00+00:00,68218.0,68336.0,68002.0,68193.0,1086.76133,-3.4477e-06,-0.0005275813,-0.00036653935943433747,-0.034477
2026-02-26 04:00:00+00:00,68193.0,68816.0,68150.0,68544.0,2164.06598,-1.5703e-06,-0.0005125621,0.005133954539827945,-0.015703
2026-02-26 05:00:00+00:00,68544.0,68544.0,68100.0,68407.0,891.32539,8.9994e-06,-0.0004280048,-0.002000716251789058,0.089994
2026-02-26 06:00:00+00:00,68409.0,68496.0,68039.0,68143.0,577.22717,4.8208e-06,-0.0004614333,-0.003866720306605431,0.048207999999999994
2026-02-26 07:00:00+00:00,68144.0,68266.0,67800.0,67800.0,886.06513,4.4993e-06,-0.0004640055,-0.005046243320539245,0.044993000000000005
2026-02-26 08:00:00+00:00,67801.0,68202.0,67771.0,67920.0,1008.60154,1.25e-05,-0.0003877125,0.0017683470567419492,0.125
2026-02-26 09:00:00+00:00,67921.0,68622.0,67902.0,68560.0,1514.01708,1.01537e-05,-0.0004187702,0.00937873228643254,0.101537
2026-02-26 10:00:00+00:00,68560.0,68692.0,68235.0,68269.0,1298.11692,1.25e-05,-0.0003502674,-0.004253490688893516,0.125
2026-02-26 11:00:00+00:00,68269.0,68368.0,67956.0,68012.0,736.56555,1.25e-05,-0.0003684669,-0.003771623405391471,0.125
2026-02-26 12:00:00+00:00,68011.0,68259.0,67974.0,68122.0,1002.37914,5.9675e-06,-0.00045226,0.001616055121277251,0.059675
2026-02-26 13:00:00+00:00,68123.0,68179.0,67802.0,67871.0,1208.49396,-1.7577e-06,-0.0005140619,-0.003691370659004287,-0.017577
2026-02-26 14:00:00+00:00,67870.0,68219.0,67255.0,67672.0,3572.20322,-6.7917e-06,-0.0005543338,-0.002936339655799022,-0.06791699999999999
2026-02-26 15:00:00+00:00,67671.0,67712.0,66765.0,67354.0,4677.59265,7.2061e-06,-0.0004423516,-0.004710212669138105,0.072061
2026-02-26 16:00:00+00:00,67353.0,67519.0,66488.0,66613.0,4180.69152,1.19802e-05,-0.0004041583,-0.011062538639140003,0.11980199999999999
2026-02-26 17:00:00+00:00,66614.0,67026.0,66582.0,66813.0,1780.73751,1.10541e-05,-0.000411567,0.0029979186933869364,0.110541
2026-02-26 18:00:00+00:00,66813.0,67344.0,66554.0,67278.0,2119.0596,1.25e-05,-0.0003440018,0.00693561631997666,0.125
2026-02-26 19:00:00+00:00,67278.0,67910.0,67264.0,67567.0,2573.52461,1.25e-05,-0.0003271252,0.004286409469988774,0.125
2026-02-26 20:00:00+00:00,67567.0,67797.0,67260.0,67387.0,1038.98553,1.25e-05,-0.0003477727,-0.0026675772002238973,0.125
2026-02-26 21:00:00+00:00,67388.0,67561.0,67121.0,67437.0,544.10036,1.25e-05,-0.0003781109,0.000741707741829491,0.125
2026-02-26 22:00:00+00:00,67437.0,67607.0,67299.0,67541.0,503.96627,1.25e-05,-0.0003361427,0.0015409921702848066,0.125
2026-02-26 23:00:00+00:00,67540.0,67626.0,67365.0,67453.0,519.6001,1.25e-05,-0.0003521864,-0.0013037618333431387,0.125
2026-02-27 00:00:00+00:00,67452.0,67510.0,66988.0,67199.0,912.52671,5.9437e-06,-0.00045245,-0.003772692589334347,0.059437000000000004
2026-02-27 01:00:00+00:00,67198.0,67346.0,66850.0,67312.0,777.16725,9.8703e-06,-0.0004210377,0.0016801603821645435,0.098703
2026-02-27 02:00:00+00:00,67312.0,67499.0,67223.0,67229.0,1075.88918,5.5964e-06,-0.0004552291,-0.0012338247899064678,0.055964
2026-02-27 03:00:00+00:00,67229.0,67695.0,67069.0,67572.0,1213.49137,7.2649e-06,-0.0004418808,0.005088994002223095,0.07264899999999999
2026-02-27 04:00:00+00:00,67571.0,68178.0,67552.0,67716.0,1881.99734,9.0446e-06,-0.0004276434,0.0021287927145215344,0.090446
2026-02-27 05:00:00+00:00,67715.0,67890.0,67647.0,67690.0,717.14085,1.18849e-05,-0.0004049206,-0.00038403025448712153,0.11884900000000001
2026-02-27 06:00:00+00:00,67689.0,67798.0,67494.0,67626.0,823.3646,5.7384e-06,-0.0004540928,-0.0009459340325197464,0.057384
2026-02-27 07:00:00+00:00,67627.0,67747.0,67425.0,67654.0,1094.38351,8.403e-06,-0.000432776,0.0004139562448231592,0.08403000000000001
2026-02-27 08:00:00+00:00,67654.0,68034.0,67636.0,67910.0,1455.47027,6.2564e-06,-0.000449949,0.0037768183928802903,0.062564
2026-02-27 09:00:00+00:00,67910.0,68127.0,67268.0,67337.0,1490.64282,7.7008e-06,-0.0004383937,-0.008473436429704384,0.077008
2026-02-27 10:00:00+00:00,67336.0,67381.0,66529.0,66575.0,2533.47355,1.25e-05,-0.0003762835,-0.011380730995999776,0.125
2026-02-27 11:00:00+00:00,66575.0,66752.0,65935.0,66103.0,2767.35837,4.3233e-06,-0.0004654139,-0.007115000093136149,0.043233
2026-02-27 12:00:00+00:00,66103.0,66175.0,65714.0,65901.0,2096.68708,9.3432e-06,-0.0004252547,-0.003060515706701483,0.093432
2026-02-27 13:00:00+00:00,65900.0,66318.0,65638.0,66246.0,1628.80984,1.25e-05,-0.0003632963,0.005221469784896449,0.125
2026-02-27 14:00:00+00:00,66245.0,66298.0,65653.0,65872.0,2458.64942,1.25e-05,-0.000362736,-0.005661620657506017,0.125
2026-02-27 15:00:00+00:00,65870.0,66280.0,65816.0,66081.0,1445.17266,7.528e-06,-0.0004397761,0.003167797242581328,0.07528
2026-02-27 16:00:00+00:00,66080.0,66097.0,65425.0,65441.0,2483.66937,9.6065e-06,-0.0004231477,-0.00973228891880034,0.096065
2026-02-27 17:00:00+00:00,65440.0,65701.0,65085.0,65664.0,2203.23125,9.4858e-06,-0.0004241135,0.003401856756919814,0.094858
2026-02-27 18:00:00+00:00,65663.0,65749.0,65193.0,65274.0,1017.15814,-5.034e-06,-0.000540272,-0.005957035441248987,-0.05034
2026-02-27 19:00:00+00:00,65273.0,65436.0,65126.0,65362.0,751.86114,-6.1853e-06,-0.0005494827,0.001347255171785935,-0.061853
2026-02-27 20:00:00+00:00,65361.0,65622.0,65361.0,65557.0,796.99843,-5.6917e-06,-0.0005455333,0.002978943380321691,-0.056917
2026-02-27 21:00:00+00:00,65557.0,65696.0,65350.0,65490.0,596.48688,-2.3766e-06,-0.0005190126,-0.001022533989145833,-0.023766
2026-02-27 22:00:00+00:00,65490.0,65629.0,64849.0,65599.0,1134.09625,-6.3093e-06,-0.0005504744,0.00166299270145264,-0.063093
2026-02-27 23:00:00+00:00,65599.0,65924.0,65514.0,65837.0,924.3329,-8.6467e-06,-0.0005691739,0.0036215383932077746,-0.086467
2026-02-28 00:00:00+00:00,65838.0,65983.0,65685.0,65908.0,857.17833,-3.7569e-06,-0.0005300549,0.0010778398705624285,-0.037569
2026-02-28 01:00:00+00:00,65909.0,65940.0,65712.0,65744.0,481.89777,-3.1098e-06,-0.0005248785,-0.002491418054131092,-0.031097999999999997
2026-02-28 02:00:00+00:00,65744.0,65973.0,65726.0,65929.0,275.94308,-4.5268e-06,-0.0005362141,0.0028099932671230045,-0.045267999999999996
2026-02-28 03:00:00+00:00,65929.0,65941.0,65708.0,65754.0,281.54747,-3.6773e-06,-0.0005294182,-0.002657899698866827,-0.036773
2026-02-28 04:00:00+00:00,65754.0,65781.0,65456.0,65629.0,424.73908,-9.8772e-06,-0.0005790178,-0.0019028342740908275,-0.098772
2026-02-28 05:00:00+00:00,65629.0,65686.0,65452.0,65549.0,314.25342,-6.4397e-06,-0.0005515174,-0.0012197168720068762,-0.06439700000000001
2026-02-28 06:00:00+00:00,65550.0,65553.0,62983.0,63184.0,5885.70033,-6.9089e-06,-0.0005552716,-0.03674685001891874,-0.069089
2026-02-28 07:00:00+00:00,63183.0,64315.0,63000.0,63783.0,4067.11148,-1.94227e-05,-0.0006553816,0.009435592620044652,-0.19422699999999998
2026-02-28 08:00:00+00:00,63782.0,63833.0,63344.0,63425.0,1860.20036,-1.55382e-05,-0.0006243055,-0.00562859167899273,-0.155382
2026-02-28 09:00:00+00:00,63424.0,63888.0,63313.0,63612.0,1091.71107,-1.76998e-05,-0.0006415981,0.002944026308323858,-0.176998
2026-02-28 10:00:00+00:00,63610.0,64000.0,63435.0,63952.0,1442.72806,-3.06471e-05,-0.0007451765,0.005330670175298448,-0.306471
2026-02-28 11:00:00+00:00,63953.0,64258.0,63725.0,63782.0,2822.69076,-2.33124e-05,-0.0006864988,-0.002661783086289973,-0.233124
2026-02-28 12:00:00+00:00,63781.0,64028.0,63777.0,63971.0,824.05851,-2.70008e-05,-0.0007160063,0.0029588367848385477,-0.270008
2026-02-28 13:00:00+00:00,63972.0,65200.0,63854.0,65063.0,5296.38288,-3.23758e-05,-0.0007590066,0.016926175596490328,-0.32375800000000005
2026-02-28 14:00:00+00:00,65073.0,65333.0,64257.0,64397.0,2922.40559,-2.06754e-05,-0.0006654029,-0.010288983089691528,-0.206754
2026-02-28 15:00:00+00:00,64397.0,64993.0,64172.0,64800.0,1708.17317,-7.6687e-06,-0.0005613499,0.0062385551839140236,-0.076687
2026-02-28 16:00:00+00:00,64799.0,65181.0,64636.0,65065.0,994.53887,-1.78e-06,-0.0005142397,0.004081166870491558,-0.0178
2026-02-28 17:00:00+00:00,65064.0,65549.0,64807.0,65412.0,1834.06657,-1.5549e-06,-0.0005124393,0.005318957641423517,-0.015548999999999999
2026-02-28 18:00:00+00:00,65411.0,66159.0,65161.0,65879.0,2255.88652,2.1732e-06,-0.0004826147,0.007113998210551697,0.021731999999999998
2026-02-28 19:00:00+00:00,65878.0,66620.0,65559.0,66326.0,3576.44214,4.3994e-06,-0.0004648047,0.006762251100460546,0.043994
2026-02-28 20:00:00+00:00,66325.0,67120.0,66163.0,66915.0,3486.57552,1.1249e-06,-0.000491001,0.008841180067181351,0.011249
2026-02-28 21:00:00+00:00,66915.0,66977.0,66313.0,66681.0,3177.79264,2.1009e-06,-0.0004831928,-0.0035031024775985845,0.021009
2026-02-28 22:00:00+00:00,66681.0,67760.0,66574.0,67072.0,4821.97526,1.0621e-06,-0.000491503,0.005846614487783124,0.010621
2026-02-28 23:00:00+00:00,67072.0,67175.0,66713.0,66931.0,1845.78665,7.72e-08,-0.0004993821,-0.002104431274470173,0.000772
2026-03-01 00:00:00+00:00,66931.0,67098.0,66596.0,66762.0,1292.93577,1.8723e-06,-0.0004850215,-0.0025281815804337076,0.018723
2026-03-01 01:00:00+00:00,66762.0,67687.0,66026.0,67316.0,2809.69803,9.7737e-06,-0.0004218102,0.008263893447208355,0.09773699999999999
2026-03-01 02:00:00+00:00,67316.0,68173.0,67302.0,67601.0,3699.06754,8.9086e-06,-0.0004287315,0.004224825988085912,0.089086
2026-03-01 03:00:00+00:00,67600.0,67791.0,67376.0,67479.0,1515.3933,1.25e-05,-0.0003354836,-0.001806337476641318,0.125
2026-03-01 04:00:00+00:00,67479.0,67574.0,67037.0,67312.0,1688.24145,1.25e-05,-0.0003286348,-0.002477911514106354,0.125
2026-03-01 05:00:00+00:00,67313.0,67533.0,67171.0,67270.0,653.19724,4.2426e-06,-0.000466059,-0.0006241548106506405,0.042426
2026-03-01 06:00:00+00:00,67270.0,67321.0,66750.0,66901.0,1307.57822,6.0385e-06,-0.0004516918,-0.005500457331938076,0.060385
2026-03-01 07:00:00+00:00,66900.0,67211.0,66755.0,67113.0,599.76156,8.6278e-06,-0.0004309778,0.003163851192300777,0.08627800000000001
2026-03-01 08:00:00+00:00,67112.0,67267.0,66404.0,66524.0,1774.04987,9.1305e-06,-0.000426956,-0.008814981089983727,0.091305
2026-03-01 09:00:00+00:00,66527.0,66732.0,66209.0,66368.0,1050.02126,4.2297e-06,-0.0004661621,-0.0023477722008312975,0.042297
2026-03-01 10:00:00+00:00,66367.0,66696.0,66193.0,66428.0,838.17509,-1.13178e-05,-0.0005905424,0.0009036417374445121,-0.113178
2026-03-01 11:00:00+00:00,66428.0,66642.0,66321.0,66430.0,964.75268,-4.8228e-06,-0.0005385822,3.01073326432464e-05,-0.048228
2026-03-01 12:00:00+00:00,66430.0,66521.0,66213.0,66265.0,788.8118,-1.7256e-06,-0.000513805,-0.0024869073445078025,-0.017256
2026-03-01 13:00:00+00:00,66265.0,67275.0,66087.0,66904.0,1582.87869,-2.236e-07,-0.000501789,0.009596901746582651,-0.0022359999999999997
2026-03-01 14:00:00+00:00,66904.0,67263.0,66729.0,66833.0,1287.74871,5.55e-07,-0.0004955602,-0.0010617855443202976,0.005549999999999999
2026-03-01 15:00:00+00:00,66832.0,67214.0,66780.0,66796.0,1093.92243,5.7302e-06,-0.0004541582,-0.0005537720247183299,0.057302
2026-03-01 16:00:00+00:00,66796.0,67073.0,65783.0,66100.0,2073.38994,3.3034e-06,-0.0004735728,-0.010474451652545397,0.033034
2026-03-01 17:00:00+00:00,66099.0,66181.0,65658.0,65950.0,1238.17587,-2.7597e-06,-0.0005220779,-0.0022718676943170187,-0.027597
2026-03-01 18:00:00+00:00,65951.0,66624.0,65949.0,66277.0,1253.48439,-5.4687e-06,-0.0005437493,0.004946049848028488,-0.054687
2026-03-01 19:00:00+00:00,66278.0,66309.0,65753.0,65919.0,755.59371,-7.1472e-06,-0.0005571774,-0.005416213428112565,-0.071472
2026-03-01 20:00:00+00:00,65919.0,65923.0,65056.0,65251.0,1966.11411,-8.194e-06,-0.000565552,-0.010185343827375454,-0.08194
2026-03-01 21:00:00+00:00,65252.0,65708.0,65234.0,65626.0,776.17847,-1.57652e-05,-0.0006261218,0.0057305871350634315,-0.157652
2026-03-01 22:00:00+00:00,65627.0,66500.0,65000.0,65222.0,2873.25506,-1.7312e-05,-0.0006384956,-0.00617512355988022,-0.17312
2026-03-01 23:00:00+00:00,65222.0,66051.0,65093.0,65734.0,2235.32497,-1.33577e-05,-0.0006068619,0.007819460105778225,-0.133577
2026-03-02 00:00:00+00:00,65734.0,66771.0,65724.0,66469.0,1444.65211,-3.8806e-06,-0.0005310448,0.011119378122573582,-0.038806
2026-03-02 01:00:00+00:00,66470.0,67027.0,66336.0,66496.0,1435.10464,3.1778e-06,-0.0004745774,0.0004061219173632577,0.031778
2026-03-02 02:00:00+00:00,66497.0,66580.0,65847.0,66242.0,1140.09819,3.731e-06,-0.0004701522,-0.0038270926188496107,0.037309999999999996
2026-03-02 03:00:00+00:00,66243.0,67000.0,66078.0,66789.0,1517.2843,7.087e-07,-0.0004943303,0.00822369346630334,0.0070869999999999995
2026-03-02 04:00:00+00:00,66790.0,66942.0,66591.0,66834.0,1243.16446,4.3002e-06,-0.000465598,0.0006735367668917974,0.043002
2026-03-02 05:00:00+00:00,66835.0,66959.0,66524.0,66699.0,802.64148,5.1055e-06,-0.0004591562,-0.0020219727856665174,0.051054999999999996
2026-03-02 06:00:00+00:00,66699.0,66700.0,66014.0,66173.0,1719.07582,2.4648e-06,-0.0004802819,-0.007917435542839163,0.024648
2026-03-02 07:00:00+00:00,66174.0,66174.0,65515.0,65968.0,1249.29844,-1.40785e-05,-0.0006126278,-0.0031027487980578032,-0.14078500000000002
2026-03-02 08:00:00+00:00,65969.0,66274.0,65631.0,66241.0,1226.91655,-4.6197e-06,-0.000536958,0.004129830616864794,-0.046197
2026-03-02 09:00:00+00:00,66240.0,66692.0,66124.0,66131.0,1774.37688,-4.493e-07,-0.0005035948,-0.0016619832792442687,-0.004493
2026-03-02 10:00:00+00:00,66125.0,66350.0,66038.0,66280.0,488.44031,-2.4781e-06,-0.0005198248,0.002250569256197441,-0.024781
2026-03-02 11:00:00+00:00,66280.0,66427.0,65979.0,66337.0,567.20353,-1.7532e-06,-0.0005140255,0.000859618352247199,-0.017532
2026-03-02 12:00:00+00:00,66334.0,66360.0,65869.0,65932.0,800.71073,-8.15e-07,-0.0005065202,-0.006123903041499772,-0.008150000000000001
2026-03-02 13:00:00+00:00,65933.0,66102.0,65323.0,65414.0,2160.39544,-6.127e-06,-0.0005490157,-0.007887605036799488,-0.06127
2026-03-02 14:00:00+00:00,65414.0,67214.0,65250.0,67142.0,5138.42804,2.012e-07,-0.00049839,0.02607347677754871,0.002012
2026-03-02 15:00:00+00:00,67142.0,69597.0,66954.0,69093.0,10848.3983,5.8162e-06,-0.00045347,0.02864364357212221,0.058162000000000005
2026-03-02 16:00:00+00:00,69092.0,70067.0,68901.0,69385.0,5106.61483,-6.583e-06,-0.000552664,0.004217282640993011,-0.06583
2026-03-02 17:00:00+00:00,69384.0,69500.0,68750.0,69159.0,2946.19524,-1.34806e-05,-0.0006078445,-0.0032625043374051406,-0.13480599999999998
2026-03-02 18:00:00+00:00,69158.0,69232.0,68693.0,68839.0,1757.9622,-2.20042e-05,-0.0006760339,-0.004637756685856998,-0.220042
2026-03-02 19:00:00+00:00,68839.0,69001.0,68534.0,68916.0,1551.66974,-7.447e-06,-0.0005595762,0.0011179268704481463,-0.07447
2026-03-02 20:00:00+00:00,68916.0,69462.0,68528.0,69076.0,2621.2609,-1.07447e-05,-0.0005859575,0.0023189760522638356,-0.107447
2026-03-02 21:00:00+00:00,69076.0,69492.0,68962.0,69367.0,1501.72923,-1.1182e-05,-0.0005894557,0.004203902379537622,-0.11182
2026-03-02 22:00:00+00:00,69366.0,69462.0,69108.0,69396.0,958.19689,-6.7074e-06,-0.0005536588,0.0004179788621204277,-0.06707400000000001
2026-03-02 23:00:00+00:00,69396.0,69453.0,68689.0,68774.0,1213.1386,-3.4761e-06,-0.0005278091,-0.009003462426364458,-0.034761
2026-03-03 00:00:00+00:00,68773.0,69127.0,68604.0,69054.0,1106.17881,-1.5143e-05,-0.0006211443,0.004063040676692003,-0.15143
2026-03-03 01:00:00+00:00,69054.0,69199.0,68705.0,68716.0,812.56388,-1.02083e-05,-0.0005816661,-0.004906738450209868,-0.10208300000000001
2026-03-03 02:00:00+00:00,68716.0,68722.0,68204.0,68474.0,1510.63127,-9.0166e-06,-0.000572133,-0.0035279575917203355,-0.090166
2026-03-03 03:00:00+00:00,68473.0,68506.0,68200.0,68327.0,797.13166,-4.3214e-06,-0.0005345715,-0.0021491079243374346,-0.043213999999999995
2026-03-03 04:00:00+00:00,68326.0,68414.0,68013.0,68095.0,702.36853,-3.2367e-06,-0.0005258939,-0.003401214227220676,-0.032367
2026-03-03 05:00:00+00:00,68095.0,68546.0,67824.0,67919.0,1835.76445,-2.722e-06,-0.0005217757,-0.0025879703299853205,-0.02722
2026-03-03 06:00:00+00:00,67919.0,68185.0,67800.0,68084.0,1275.925,7.8273e-06,-0.0004373814,0.0024264182547914,0.07827300000000001
2026-03-03 07:00:00+00:00,68084.0,68237.0,67935.0,68148.0,1074.63429,1.25e-05,-0.0003309426,0.000939573737569046,0.125
2026-03-03 08:00:00+00:00,68151.0,68279.0,66900.0,66991.0,4357.1908,1.25e-05,-0.0003089742,-0.01712352867340067,0.125
2026-03-03 09:00:00+00:00,66990.0,67181.0,66371.0,66643.0,4264.99871,1.25e-05,-0.0002925699,-0.005208267157385134,0.125
2026-03-03 10:00:00+00:00,66643.0,67012.0,66432.0,66845.0,1817.13744,1.25e-05,-0.0001652652,0.0030264915825758305,0.125
2026-03-03 11:00:00+00:00,66844.0,67151.0,66760.0,67012.0,1550.52934,1.25e-05,-0.0001643177,0.0024952013962000904,0.125
2026-03-03 12:00:00+00:00,67012.0,67968.0,67011.0,67378.0,2312.67881,1.25e-05,-0.0002050149,0.005446847308251963,0.125
2026-03-03 13:00:00+00:00,67378.0,67423.0,66616.0,66917.0,2031.13926,1.25e-05,-0.0001704937,-0.006865509673133528,0.125
2026-03-03 14:00:00+00:00,66916.0,67578.0,66104.0,66541.0,4122.05185,1.25e-05,-0.0002437152,-0.00563474643474831,0.125
2026-03-03 15:00:00+00:00,66540.0,67818.0,66433.0,67691.0,4039.20267,1.25e-05,-0.000267843,0.017134932610642566,0.125
2026-03-03 16:00:00+00:00,67692.0,69000.0,67466.0,68154.0,9479.05099,1.25e-05,-0.0002941964,0.006816618835040738,0.125
2026-03-03 17:00:00+00:00,68155.0,68372.0,67597.0,68282.0,3173.50301,1.25e-05,-0.0001008108,0.0018763381739942571,0.125
2026-03-03 18:00:00+00:00,68288.0,68879.0,67950.0,68588.0,2241.53144,1.25e-05,-0.0002792352,0.004471403665270951,0.125
2026-03-03 19:00:00+00:00,68588.0,68861.0,68292.0,68391.0,2214.11011,1.25e-05,-0.0003926103,-0.002876355292737656,0.125
2026-03-03 20:00:00+00:00,68393.0,68570.0,68043.0,68231.0,976.2784,8.0873e-06,-0.0004353013,-0.0023422299943963404,0.080873
2026-03-03 21:00:00+00:00,68231.0,68231.0,67791.0,67990.0,918.24462,1.1931e-06,-0.0004904554,-0.003538371491102547,0.011931
2026-03-03 22:00:00+00:00,67990.0,68495.0,67983.0,68284.0,998.45904,4.926e-07,-0.000496059,0.004314842980138117,0.004926
2026-03-03 23:00:00+00:00,68285.0,68837.0,68215.0,68299.0,980.40211,5.3304e-06,-0.0004573566,0.0002196466626199388,0.053304
2026-03-04 00:00:00+00:00,68298.0,68386.0,67817.0,68063.0,1289.35955,4.7084e-06,-0.0004623332,-0.0034613783257657986,0.047083999999999994
2026-03-04 01:00:00+00:00,68062.0,68877.0,67925.0,68390.0,2660.55513,4.6936e-06,-0.0004624508,0.004792868254644199,0.046936000000000005
2026-03-04 02:00:00+00:00,68390.0,68415.0,67950.0,68268.0,1312.64115,2.4693e-06,-0.0004802457,-0.0017854795534940468,0.024693
2026-03-04 03:00:00+00:00,68267.0,68355.0,67351.0,67695.0,2133.69757,4.3397e-06,-0.0004652823,-0.008428813609436462,0.043397
2026-03-04 04:00:00+00:00,67694.0,67912.0,67407.0,67748.0,1979.2134,2.986e-07,-0.0004976108,0.0007826170818005735,0.002986
2026-03-04 05:00:00+00:00,67747.0,68353.0,67651.0,68176.0,1554.01,-4.868e-06,-0.0005389437,0.0062976577286813955,-0.04868
2026-03-04 06:00:00+00:00,68176.0,68677.0,68000.0,68478.0,2285.7417,7.9757e-06,-0.0004361943,0.004419929041961757,0.07975700000000001
2026-03-04 07:00:00+00:00,68478.0,69635.0,68317.0,69473.0,4983.08636,7.9232e-06,-0.0004366143,0.01442566208111294,0.07923200000000001
2026-03-04 08:00:00+00:00,69474.0,71170.0,69123.0,71000.0,4678.30371,1.25e-05,-0.0003953759,0.021741689160684523,0.125
2026-03-04 09:00:00+00:00,71000.0,71850.0,70705.0,71474.0,6166.63388,1.25e-05,-0.000322218,0.006653870163275262,0.125
2026-03-04 10:00:00+00:00,71474.0,71833.0,71166.0,71290.0,2964.43187,1.25e-05,-0.000390514,-0.0025776820750536052,0.125
2026-03-04 11:00:00+00:00,71290.0,71456.0,70900.0,71077.0,2110.75485,-9.5213e-06,-0.0005761706,-0.0029922686988930343,-0.09521299999999999
2026-03-04 12:00:00+00:00,71077.0,71300.0,70548.0,71293.0,2454.16375,2.0584e-06,-0.0004835325,0.00303434945186429,0.020584
2026-03-04 13:00:00+00:00,71293.0,71561.0,71162.0,71441.0,1654.80362,-7.344e-07,-0.0005058755,0.0020737883481259933,-0.007344
2026-03-04 14:00:00+00:00,71441.0,72602.0,71249.0,71564.0,6780.46883,-1.31511e-05,-0.0006052088,0.001720219996942064,-0.131511
2026-03-04 15:00:00+00:00,71564.0,73429.0,71558.0,73344.0,6994.32592,-2.09528e-05,-0.000667622,0.02456854742464321,-0.209528
2026-03-04 16:00:00+00:00,73344.0,73453.0,72479.0,73231.0,4600.39157,-1.53815e-05,-0.0006230523,-0.001541873066852135,-0.15381499999999998
2026-03-04 17:00:00+00:00,73231.0,73688.0,72879.0,73164.0,2793.24447,-3.18571e-05,-0.0007548571,-0.0009153318716882037,-0.318571
2026-03-04 18:00:00+00:00,73164.0,73654.0,72841.0,73651.0,2202.03973,-3.02488e-05,-0.0007419905,0.006634223835302008,-0.30248800000000003
2026-03-04 19:00:00+00:00,73650.0,73995.0,73440.0,73562.0,2515.01675,-3.60062e-05,-0.0007880492,-0.001209132492961612,-0.360062
2026-03-04 20:00:00+00:00,73562.0,73634.0,72995.0,73004.0,1947.89559,-1.93777e-05,-0.0006550215,-0.007614353888245593,-0.193777
2026-03-04 21:00:00+00:00,73005.0,73250.0,72822.0,73250.0,1451.53816,-3.61459e-05,-0.0007891672,0.0033640137294025448,-0.36145900000000003
2026-03-04 22:00:00+00:00,73249.0,73456.0,72578.0,72655.0,1141.06591,-3.18551e-05,-0.0007548407,-0.008156037124517493,-0.318551
2026-03-04 23:00:00+00:00,72656.0,72813.0,72255.0,72633.0,1288.84072,-2.61447e-05,-0.0007091573,-0.00030284676185434345,-0.261447
2026-03-05 00:00:00+00:00,72634.0,72947.0,72492.0,72703.0,1021.25723,-2.14716e-05,-0.0006717724,0.0009632851518255991,-0.214716
2026-03-05 01:00:00+00:00,72704.0,73233.0,72356.0,72495.0,1805.83925,-2.16694e-05,-0.0006733556,-0.0028650551974733016,-0.216694
2026-03-05 02:00:00+00:00,72493.0,72840.0,72286.0,72464.0,1787.33289,-1.00028e-05,-0.0005800224,-0.00042770715129898527,-0.100028
2026-03-05 03:00:00+00:00,72465.0,72707.0,72301.0,72451.0,1037.85826,-1.41693e-05,-0.0006133548,-0.00017941551992369813,-0.141693
2026-03-05 04:00:00+00:00,72451.0,73043.0,72413.0,72783.0,1109.01434,-5.9594e-06,-0.0005476749,0.004571940155970146,-0.059594
2026-03-05 05:00:00+00:00,72783.0,72880.0,72221.0,72363.0,2099.71336,-2.2099e-06,-0.0005176796,-0.005787292412408378,-0.022098999999999997
2026-03-05 06:00:00+00:00,72363.0,72618.0,71988.0,72515.0,1901.94658,-2.7814e-06,-0.0005222516,0.0020983179747174037,-0.027814000000000002
2026-03-05 07:00:00+00:00,72516.0,72631.0,71750.0,72024.0,2021.34305,-6.8444e-06,-0.0005547549,-0.006794040206037702,-0.068444
2026-03-05 08:00:00+00:00,72025.0,72344.0,71720.0,72317.0,1658.39794,-6.42e-08,-0.0005005137,0.004059836116446053,-0.0006420000000000001
2026-03-05 09:00:00+00:00,72317.0,72841.0,72276.0,72552.0,2259.08823,3.5923e-06,-0.0004712616,0.0032443132226450348,0.035923
2026-03-05 10:00:00+00:00,72551.0,73500.0,72480.0,73346.0,2054.86721,-9.5804e-06,-0.0005766429,0.010884423896074767,-0.095804
2026-03-05 11:00:00+00:00,73346.0,73399.0,72757.0,72886.0,1597.896,-4.4587e-06,-0.0005356696,-0.006291393365266603,-0.044587
2026-03-05 12:00:00+00:00,72885.0,73020.0,72640.0,72851.0,1478.54908,5.1881e-06,-0.0004584953,-0.00048031729310871776,0.051881000000000004
2026-03-05 13:00:00+00:00,72850.0,72882.0,72141.0,72432.0,2590.16016,6.5359e-06,-0.0004477128,-0.00576806868936324,0.065359
2026-03-05 14:00:00+00:00,72432.0,72813.0,71930.0,72558.0,3043.12917,-6.304e-06,-0.0005504323,0.0017380513375906304,-0.06304
2026-03-05 15:00:00+00:00,72559.0,72734.0,71138.0,71617.0,4596.40445,-2.4213e-06,-0.0005193702,-0.013053766079077152,-0.024213
2026-03-05 16:00:00+00:00,71617.0,71626.0,70774.0,71274.0,2253.58091,7.637e-07,-0.0004938902,-0.004800871416658596,0.007637
2026-03-05 17:00:00+00:00,71273.0,71529.0,70610.0,70668.0,2476.68019,1.02104e-05,-0.0004183169,-0.008538750785023528,0.102104
2026-03-05 18:00:00+00:00,70668.0,71057.0,70620.0,70967.0,1766.56471,1.20827e-05,-0.0004033386,0.004222126510723204,0.120827
2026-03-05 19:00:00+00:00,70968.0,71400.0,70853.0,70891.0,1761.39067,1.25e-05,-0.0003800402,-0.0010714941317556883,0.125
2026-03-05 20:00:00+00:00,70891.0,71374.0,70828.0,71238.0,1247.00592,1.25e-05,-0.00027437,0.0048828977823086525,0.125
2026-03-05 21:00:00+00:00,71233.0,71543.0,70994.0,71105.0,1304.2032,1.25e-05,-0.0002612459,-0.0018687260870505304,0.125
2026-03-05 22:00:00+00:00,71105.0,71339.0,71042.0,71172.0,967.27562,1.25e-05,-0.0003149919,0.0009418248199303249,0.125
2026-03-05 23:00:00+00:00,71171.0,71270.0,70748.0,70828.0,1229.54089,1.25e-05,-0.0003940478,-0.004845079900619488,0.125
2026-03-06 00:00:00+00:00,70827.0,71022.0,70752.0,70943.0,675.85507,4.067e-06,-0.0004674643,0.0016223349658681817,0.040670000000000005
2026-03-06 01:00:00+00:00,70943.0,71256.0,70333.0,71212.0,1851.08006,-9.186e-07,-0.0005073488,0.0037846058327775317,-0.009186
2026-03-06 02:00:00+00:00,71212.0,71388.0,71004.0,71220.0,1445.67747,-1.3902e-06,-0.0005111218,0.00011233430701549782,-0.013902000000000001
2026-03-06 03:00:00+00:00,71219.0,71260.0,70962.0,71049.0,657.42318,2.299e-07,-0.0004981607,-0.002403898000925429,0.002299
2026-03-06 04:00:00+00:00,71049.0,71088.0,70261.0,70576.0,1451.96123,5.5067e-06,-0.0004559463,-0.006679636486122319,0.055067000000000005
2026-03-06 05:00:00+00:00,70579.0,70631.0,70087.0,70398.0,2481.44635,7.1042e-06,-0.0004431665,-0.002525289693042172,0.071042
2026-03-06 06:00:00+00:00,70398.0,70820.0,70231.0,70587.0,909.48496,5.5461e-06,-0.0004556308,0.002681137897207029,0.055461
2026-03-06 07:00:00+00:00,70587.0,71150.0,70455.0,71024.0,1737.39503,6.544e-06,-0.0004476478,0.006171856524930685,0.06544
2026-03-06 08:00:00+00:00,71024.0,71049.0,70707.0,70749.0,1038.90338,1.13476e-05,-0.0004092191,-0.003879445943840582,0.113476
2026-03-06 09:00:00+00:00,70749.0,70782.0,70268.0,70535.0,710.63561,1.01837e-05,-0.0004185303,-0.0030293616213731577,0.10183700000000001
2026-03-06 10:00:00+00:00,70535.0,70773.0,70445.0,70505.0,1026.46685,1.23572e-05,-0.000401142,-0.0004254112372722486,0.12357199999999999
2026-03-06 11:00:00+00:00,70503.0,70608.0,70166.0,70185.0,862.80643,1.19609e-05,-0.0004043126,-0.0045490163029040945,0.119609
2026-03-06 12:00:00+00:00,70184.0,70201.0,69637.0,69900.0,4878.09084,1.04767e-05,-0.0004161866,-0.004068963746524679,0.10476700000000001
2026-03-06 13:00:00+00:00,69900.0,70323.0,69162.0,69188.0,3704.29841,1.04954e-05,-0.0004160367,-0.010238212058087635,0.10495399999999999
2026-03-06 14:00:00+00:00,69188.0,69226.0,68124.0,68395.0,8749.12245,1.25e-05,-0.0003932763,-0.01152771464026932,0.125
2026-03-06 15:00:00+00:00,68393.0,69077.0,68278.0,68484.0,4835.86802,1.25e-05,-0.0003979504,0.0013004188011636508,0.125
2026-03-06 16:00:00+00:00,68484.0,68764.0,68181.0,68439.0,4200.0186,1.25e-05,-0.0002863879,-0.000657303763723825,0.125
2026-03-06 17:00:00+00:00,68438.0,68631.0,67720.0,67932.0,5158.93526,1.25e-05,-0.0002213411,-0.007435632736324354,0.125
2026-03-06 18:00:00+00:00,67932.0,68450.0,67918.0,68145.0,2318.56036,1.25e-05,-0.000348618,0.003130583036953053,0.125
2026-03-06 19:00:00+00:00,68146.0,68451.0,67958.0,68099.0,1372.43699,1.25e-05,-0.0003555675,-0.0006752591196368811,0.125
2026-03-06 20:00:00+00:00,68100.0,68256.0,67749.0,68088.0,1560.66882,1.25e-05,-0.0003656719,-0.000161542585179463,0.125
2026-03-06 21:00:00+00:00,68088.0,68322.0,67890.0,68269.0,2119.21567,1.25e-05,-0.0003483811,0.0026547974259710097,0.125
2026-03-06 22:00:00+00:00,68269.0,68415.0,68193.0,68294.0,1216.6957,1.25e-05,-0.0003550882,0.00036613138667540145,0.125
2026-03-06 23:00:00+00:00,68293.0,68316.0,68065.0,68082.0,1158.33284,1.25e-05,-0.0003595214,-0.0031090539503988274,0.125
2026-03-07 00:00:00+00:00,68082.0,68368.0,68067.0,68249.0,1004.84901,-9.787e-07,-0.0005078294,0.0024499209061679904,-0.009787
2026-03-07 01:00:00+00:00,68249.0,68333.0,68147.0,68232.0,178.21351,3.885e-06,-0.0004689197,-0.0002491189262669414,0.03885
2026-03-07 02:00:00+00:00,68232.0,68331.0,68019.0,68318.0,462.43997,6.1536e-06,-0.0004507713,0.0012596120303301974,0.061536
2026-03-07 03:00:00+00:00,68318.0,68533.0,68063.0,68063.0,747.62032,6.6461e-06,-0.0004468312,-0.0037395281917780776,0.06646099999999999
2026-03-07 04:00:00+00:00,68064.0,68119.0,67790.0,68035.0,637.58655,4.7857e-06,-0.0004617146,-0.00041146821253874334,0.047857
2026-03-07 05:00:00+00:00,68034.0,68115.0,67868.0,67977.0,395.50587,7.8668e-06,-0.0004370656,-0.0008528659752915128,0.078668
2026-03-07 06:00:00+00:00,67977.0,67990.0,67551.0,67644.0,895.5342,3.6614e-06,-0.000470709,-0.004910753780092016,0.036614
2026-03-07 07:00:00+00:00,67645.0,67829.0,67401.0,67807.0,1948.79408,-1.9997e-06,-0.0005159975,0.0024067755672883893,-0.019997
2026-03-07 08:00:00+00:00,67808.0,68007.0,67681.0,67765.0,1637.80342,-1.53614e-05,-0.0006228913,-0.0006195969867472947,-0.15361399999999997
2026-03-07 09:00:00+00:00,67765.0,68039.0,67702.0,67971.0,682.73973,-1.7096e-06,-0.0005136768,0.0030353061554473683,-0.017096
2026-03-07 10:00:00+00:00,67971.0,68074.0,67827.0,67851.0,386.33422,2.3251e-06,-0.0004813991,-0.0017670190576424777,0.023251
2026-03-07 11:00:00+00:00,67851.0,68204.0,67799.0,67981.0,974.90184,1.3615e-06,-0.0004891081,0.0019141298028766218,0.013615
2026-03-07 12:00:00+00:00,67980.0,68062.0,67872.0,67955.0,798.64545,9.7247e-06,-0.0004222024,-0.0003825329613501622,0.097247
2026-03-07 13:00:00+00:00,67955.0,68054.0,67829.0,67903.0,1356.56054,5.5211e-06,-0.0004558312,-0.0007655051971812029,0.055211
2026-03-07 14:00:00+00:00,67903.0,68058.0,67590.0,68001.0,1477.99392,6.3895e-06,-0.0004488842,0.0014421947401998655,0.06389500000000001
2026-03-07 15:00:00+00:00,68001.0,68027.0,67745.0,67852.0,921.29456,1.25e-05,-0.0003972867,-0.0021935483168527884,0.125
2026-03-07 16:00:00+00:00,67852.0,67868.0,67691.0,67782.0,677.48649,1.25e-05,-0.000304259,-0.0010321896606296445,0.125
2026-03-07 17:00:00+00:00,67782.0,67928.0,67747.0,67769.0,659.31291,1.25e-05,-0.0003343194,-0.0001918097253411451,0.125
2026-03-07 18:00:00+00:00,67770.0,67770.0,67452.0,67546.0,1077.52556,1.25e-05,-0.0002638427,-0.0032960159906014743,0.125
2026-03-07 19:00:00+00:00,67546.0,67548.0,66898.0,67053.0,2595.83665,1.25e-05,-0.0003076146,-0.007325495800836118,0.125
2026-03-07 20:00:00+00:00,67053.0,67401.0,67036.0,67356.0,695.58017,1.25e-05,-0.0003835081,0.004508634291994588,0.125
2026-03-07 21:00:00+00:00,67357.0,67450.0,67241.0,67421.0,833.70362,6.0019e-06,-0.0004519851,0.0009645563418015538,0.060019
2026-03-07 22:00:00+00:00,67421.0,67432.0,67050.0,67212.0,1054.42296,2.9066e-06,-0.0004767474,-0.00310473907416866,0.029065999999999998
2026-03-07 23:00:00+00:00,67212.0,67379.0,67153.0,67230.0,442.71828,-5.526e-07,-0.0005044204,0.0002677734652497635,-0.0055260000000000005
2026-03-08 00:00:00+00:00,67230.0,67461.0,67140.0,67165.0,914.64854,4.6809e-06,-0.0004625524,-0.0009672979659688069,0.046809
2026-03-08 01:00:00+00:00,67164.0,67331.0,67055.0,67271.0,594.01025,6.6085e-06,-0.0004471322,0.0015769588795669263,0.066085
2026-03-08 02:00:00+00:00,67270.0,67402.0,66800.0,66896.0,1086.22709,3.7714e-06,-0.0004698291,-0.005590062780334269,0.037714
2026-03-08 03:00:00+00:00,66896.0,67056.0,66814.0,67001.0,930.81789,9.3321e-06,-0.0004253431,0.001568370038508895,0.093321
2026-03-08 04:00:00+00:00,67001.0,67064.0,66514.0,66604.0,1483.6446,6.5568e-06,-0.0004475459,-0.005942908849847765,0.065568
2026-03-08 05:00:00+00:00,66603.0,67215.0,66597.0,67110.0,1067.10952,3.3368e-06,-0.0004733054,0.007568428367277505,0.033368
2026-03-08 06:00:00+00:00,67110.0,67195.0,67004.0,67134.0,432.03446,-1.8846e-06,-0.0005150768,0.0003575578834912933,-0.018845999999999998
2026-03-08 07:00:00+00:00,67133.0,67417.0,67118.0,67289.0,981.4227,9.709e-07,-0.0004922327,0.0023061539869709334,0.009709
2026-03-08 08:00:00+00:00,67288.0,67533.0,67120.0,67501.0,609.16667,6.0921e-06,-0.0004512632,0.00314563654295063,0.060920999999999996
2026-03-08 09:00:00+00:00,67501.0,67862.0,67434.0,67669.0,1683.23656,5.9499e-06,-0.0004524011,0.002485759954221067,0.059499
2026-03-08 10:00:00+00:00,67670.0,68161.0,67668.0,67858.0,2162.89398,1.25e-05,-0.0003755644,0.0027891139407159,0.125
2026-03-08 11:00:00+00:00,67858.0,67858.0,67364.0,67483.0,1065.50271,2.2344e-06,-0.0004821252,-0.0055415721718688055,0.022344000000000003
2026-03-08 12:00:00+00:00,67482.0,67615.0,66837.0,67288.0,3114.16502,-7.0633e-06,-0.0005565065,-0.00289379964649251,-0.070633
2026-03-08 13:00:00+00:00,67287.0,67398.0,66782.0,67205.0,903.72558,-2.7436e-06,-0.0005219484,-0.0012342651370245254,-0.027436
2026-03-08 14:00:00+00:00,67206.0,67407.0,67018.0,67303.0,1190.49905,7.754e-07,-0.0004937972,0.0014571626570979786,0.0077540000000000005
2026-03-08 15:00:00+00:00,67302.0,67333.0,67040.0,67175.0,383.73611,2.387e-07,-0.0004980902,-0.0019036576786546806,0.002387
2026-03-08 16:00:00+00:00,67174.0,67224.0,66756.0,66835.0,888.83168,-3.7864e-06,-0.0005302915,-0.005074259078118582,-0.037864
2026-03-08 17:00:00+00:00,66834.0,67185.0,66759.0,67016.0,1159.53237,-4.4933e-06,-0.0005359462,0.002704501428071936,-0.044933
2026-03-08 18:00:00+00:00,67016.0,67043.0,66700.0,66782.0,1135.32115,2.4636e-06,-0.0004802914,-0.003497813697912037,0.024636
2026-03-08 19:00:00+00:00,66781.0,67453.0,66743.0,67304.0,1931.88573,-6.4438e-06,-0.0005515506,0.007786087094916129,-0.064438
2026-03-08 20:00:00+00:00,67304.0,67495.0,67000.0,67192.0,2371.94452,9.1177e-06,-0.0004270587,-0.0016654774251864902,0.09117700000000001
2026-03-08 21:00:00+00:00,67193.0,67233.0,66677.0,66974.0,1678.12972,4.9044e-06,-0.000460765,-0.0032497084485034037,0.049044
2026-03-08 22:00:00+00:00,66975.0,66975.0,65573.0,66199.0,5839.70624,3.1826e-06,-0.000474539,-0.011639127286134181,0.031826
2026-03-08 23:00:00+00:00,66199.0,66524.0,65878.0,65933.0,1533.80076,1.4108e-06,-0.0004887136,-0.004026282192695051,0.014107999999999999
2026-03-09 00:00:00+00:00,65933.0,66719.0,65780.0,66331.0,1733.13959,5.799e-07,-0.0004953609,0.006018284662306668,0.005799
2026-03-09 01:00:00+00:00,66331.0,66670.0,66094.0,66181.0,2288.01916,-3.904e-07,-0.000503123,-0.0022639468737651555,-0.003904
2026-03-09 02:00:00+00:00,66182.0,66683.0,65918.0,66512.0,2593.50071,1.25e-05,-0.0003940435,0.004988969825746862,0.125
2026-03-09 03:00:00+00:00,66511.0,67632.0,66478.0,67170.0,2877.06617,6.3277e-06,-0.0004493783,0.009844336768491575,0.063277
2026-03-09 04:00:00+00:00,67170.0,67599.0,67014.0,67070.0,3812.78035,1.25e-05,-0.0003811443,-0.0014898691671272933,0.125
2026-03-09 05:00:00+00:00,67070.0,68041.0,67070.0,67871.0,2776.79473,1.25e-05,-0.0003616529,0.011871994545866422,0.125
2026-03-09 06:00:00+00:00,67872.0,67896.0,67216.0,67228.0,2461.19407,4.4339e-06,-0.0004645286,-0.00951901724319225,0.044339
2026-03-09 07:00:00+00:00,67228.0,67534.0,66862.0,67513.0,1546.70338,-4.4876e-06,-0.000535901,0.0042303445131841285,-0.044876
2026-03-09 08:00:00+00:00,67513.0,67890.0,67339.0,67780.0,1441.62251,5.0609e-06,-0.0004595127,0.003946994251400966,0.050609
2026-03-09 09:00:00+00:00,67779.0,68426.0,67544.0,67949.0,3039.66316,1.6249e-06,-0.0004870005,0.002490257606497183,0.016249
2026-03-09 10:00:00+00:00,67950.0,68046.0,67524.0,67568.0,1130.4985,1.05393e-05,-0.0004156854,-0.005622925593814764,0.10539299999999999
2026-03-09 11:00:00+00:00,67569.0,67832.0,67314.0,67732.0,1300.58091,2.64e-06,-0.0004788796,0.0024242436115064756,0.0264
2026-03-09 12:00:00+00:00,67733.0,68331.0,67729.0,68134.0,1583.60796,5.5969e-06,-0.0004552244,0.005917612546287501,0.055969
2026-03-09 13:00:00+00:00,68135.0,69249.0,68121.0,68961.0,3796.80121,1.25e-05,-0.000325653,0.012064773061008168,0.125
2026-03-09 14:00:00+00:00,68960.0,69444.0,68640.0,69105.0,3795.19559,1.05963e-05,-0.0004152295,0.0020859596456003107,0.105963
2026-03-09 15:00:00+00:00,69104.0,69209.0,68651.0,68832.0,2685.02277,2.4534e-06,-0.0004803726,-0.003958333970670468,0.024534
2026-03-09 16:00:00+00:00,68831.0,69214.0,68594.0,68929.0,2706.80053,-2.08571e-05,-0.0006668569,0.0014082362356587774,-0.208571
2026-03-09 17:00:00+00:00,68930.0,69047.0,68235.0,68563.0,2142.60498,-1.20428e-05,-0.0005963427,-0.005323958695894202,-0.120428
2026-03-09 18:00:00+00:00,68563.0,68665.0,68183.0,68311.0,1002.68274,-1.1366e-05,-0.0005909283,-0.0036822228434035,-0.11366
2026-03-09 19:00:00+00:00,68312.0,69460.0,68312.0,68953.0,4981.96994,-1.43137e-05,-0.0006145099,0.009354305300809378,-0.143137
2026-03-09 20:00:00+00:00,68949.0,69092.0,68710.0,68919.0,1143.93204,-1.27375e-05,-0.0006018999,-0.0004932111043464475,-0.127375
2026-03-09 21:00:00+00:00,68919.0,69055.0,68571.0,68884.0,3592.68988,-2.701e-05,-0.0007160798,-0.000507971535490542,-0.2701
2026-03-09 22:00:00+00:00,68885.0,68989.0,68537.0,68587.0,1157.83077,-2.88527e-05,-0.0007308217,-0.00432091804221383,-0.288527
2026-03-09 23:00:00+00:00,68588.0,68646.0,68334.0,68389.0,624.08331,-2.55138e-05,-0.0007041106,-0.002891019418100594,-0.255138
2026-03-10 00:00:00+00:00,68388.0,69256.0,68346.0,69117.0,1588.84829,-2.66676e-05,-0.0007133411,0.010588727793755895,-0.26667599999999997
2026-03-10 01:00:00+00:00,69117.0,69341.0,68765.0,69230.0,1033.93846,-1.72365e-05,-0.0006378919,0.0016335739138394279,-0.172365
2026-03-10 02:00:00+00:00,69231.0,70598.0,69066.0,70240.0,5348.8411,-1.59728e-05,-0.0006277826,0.014483654636927239,-0.159728
2026-03-10 03:00:00+00:00,70241.0,70338.0,69342.0,69394.0,2031.57161,3.8228e-06,-0.0004694177,-0.012117540882992089,0.038228
2026-03-10 04:00:00+00:00,69394.0,70095.0,69394.0,70043.0,1527.23119,8.1795e-06,-0.0004345637,0.009308930723536979,0.081795
2026-03-10 05:00:00+00:00,70046.0,70338.0,69871.0,69940.0,1486.85116,8.1019e-06,-0.000435185,-0.0014716075321762557,0.081019
2026-03-10 06:00:00+00:00,69941.0,70155.0,69715.0,69886.0,1432.26777,1.25e-05,-0.0003995799,-0.0007723885784421424,0.125
2026-03-10 07:00:00+00:00,69885.0,70500.0,69800.0,70363.0,1282.4551,9.5142e-06,-0.0004238863,0.006802213766023832,0.09514199999999999
2026-03-10 08:00:00+00:00,70363.0,71072.0,70336.0,70642.0,2593.63299,1.25e-05,-0.0003933028,0.003957311642881366,0.125
2026-03-10 09:00:00+00:00,70644.0,71269.0,70610.0,71024.0,2408.66534,1.15143e-05,-0.0004078857,0.005392979625986717,0.115143
2026-03-10 10:00:00+00:00,71025.0,71037.0,70627.0,70730.0,1271.87552,-2.216e-07,-0.0005017727,-0.0041480370437808846,-0.002216
2026-03-10 11:00:00+00:00,70730.0,70800.0,70503.0,70555.0,1762.98004,-1.5428e-06,-0.0005123427,-0.0024772635381745517,-0.015428
2026-03-10 12:00:00+00:00,70553.0,70586.0,70254.0,70480.0,785.08291,-1.65254e-05,-0.000632203,-0.0010635658817999324,-0.16525399999999998
2026-03-10 13:00:00+00:00,70480.0,70877.0,69667.0,69881.0,2071.35623,-1.07166e-05,-0.0005857331,-0.008535186218322617,-0.107166
2026-03-10 14:00:00+00:00,69880.0,71500.0,69250.0,71448.0,3889.61129,-9.7332e-06,-0.0005778656,0.02217611697198355,-0.097332
2026-03-10 15:00:00+00:00,71447.0,71760.0,70861.0,71307.0,4605.61779,1.0534e-06,-0.0004915728,-0.001975413062260744,0.010534
2026-03-10 16:00:00+00:00,71308.0,71650.0,70906.0,71222.0,1439.09643,-1.8341e-06,-0.0005146725,-0.0011927398645461816,-0.018341
2026-03-10 17:00:00+00:00,71221.0,71412.0,70461.0,70825.0,2876.65458,-4.0356e-06,-0.0005322845,-0.005589713738197808,-0.040356
2026-03-10 18:00:00+00:00,70824.0,70862.0,69844.0,69964.0,3134.69265,-8.1635e-06,-0.000565308,-0.012231221671763536,-0.08163500000000001
2026-03-10 19:00:00+00:00,69964.0,70246.0,69691.0,69997.0,1380.96533,-1.39277e-05,-0.0006114213,0.0004715599432916254,-0.139277
2026-03-10 20:00:00+00:00,69994.0,70308.0,69937.0,70187.0,1044.43984,-1.86044e-05,-0.0006488353,0.002710724709578309,-0.18604400000000001
2026-03-10 21:00:00+00:00,70187.0,70358.0,69467.0,69705.0,1775.04248,-1.40577e-05,-0.0006124615,-0.00689105749263534,-0.14057699999999998
2026-03-10 22:00:00+00:00,69704.0,69818.0,69400.0,69655.0,651.70899,-2.91618e-05,-0.0007332946,-0.0007175660468631284,-0.291618
2026-03-10 23:00:00+00:00,69655.0,69924.0,69650.0,69898.0,731.41774,-2.67087e-05,-0.0007136692,0.0034825513689462594,-0.267087
2026-03-11 00:00:00+00:00,69897.0,70128.0,69707.0,69996.0,1645.78187,-2.32418e-05,-0.0006859348,0.0014010610323665293,-0.232418
2026-03-11 01:00:00+00:00,69996.0,70096.0,69830.0,70026.0,685.01286,-2.38206e-05,-0.000690565,0.0004285040987706512,-0.238206
2026-03-11 02:00:00+00:00,70026.0,70074.0,69582.0,69764.0,553.38537,-1.75876e-05,-0.0006407009,-0.0037484842518495497,-0.175876
2026-03-11 03:00:00+00:00,69763.0,69843.0,69434.0,69511.0,643.94718,-1.65093e-05,-0.0006320745,-0.0036331039782907856,-0.16509300000000002
2026-03-11 04:00:00+00:00,69511.0,70244.0,69455.0,70090.0,1368.17428,-1.49835e-05,-0.0006198683,0.008295117084102115,-0.149835
2026-03-11 05:00:00+00:00,70090.0,70161.0,69364.0,69465.0,1152.62785,-3.2166e-06,-0.0005257329,-0.008957101911408463,-0.032166
2026-03-11 06:00:00+00:00,69460.0,69961.0,69454.0,69906.0,718.43284,-7.4715e-06,-0.0005597718,0.006328453865034088,-0.074715
2026-03-11 07:00:00+00:00,69906.0,69982.0,69459.0,69614.0,899.60071,-7.0376e-06,-0.0005563005,-0.004185785928030923,-0.07037600000000001
2026-03-11 08:00:00+00:00,69619.0,69747.0,69460.0,69620.0,908.80594,-6.3068e-06,-0.0005504543,8.61858454647239e-05,-0.063068
2026-03-11 09:00:00+00:00,69619.0,69697.0,69346.0,69429.0,506.72559,-4.4478e-06,-0.0005355823,-0.002747234717658099,-0.044478
2026-03-11 10:00:00+00:00,69428.0,69680.0,69347.0,69574.0,607.37185,-7.2378e-06,-0.0005579021,0.002086286664227677,-0.072378
2026-03-11 11:00:00+00:00,69574.0,69647.0,69126.0,69129.0,960.98973,-2.6099e-06,-0.0005208795,-0.006416609977098119,-0.026099
2026-03-11 12:00:00+00:00,69128.0,69712.0,68947.0,69303.0,1589.85557,-3.561e-06,-0.0005284878,0.002513870949396424,-0.035609999999999996
2026-03-11 13:00:00+00:00,69303.0,71046.0,69286.0,70143.0,5596.20278,-6.1629e-06,-0.0005493031,0.012047820094850465,-0.061628999999999996
2026-03-11 14:00:00+00:00,70143.0,70918.0,69922.0,70535.0,5268.03792,-3.5041e-06,-0.0005280331,0.005573025129454466,-0.035041
2026-03-11 15:00:00+00:00,70534.0,70604.0,69634.0,70180.0,2547.47564,-2.00795e-05,-0.0006606361,-0.005045670371396652,-0.200795
2026-03-11 16:00:00+00:00,70180.0,70794.0,70124.0,70534.0,2257.89873,-1.78767e-05,-0.0006430138,0.005031492912138906,-0.178767
2026-03-11 17:00:00+00:00,70535.0,71294.0,70480.0,70738.0,3331.52843,-1.02141e-05,-0.0005817127,0.0028880477630942236,-0.102141
2026-03-11 18:00:00+00:00,70733.0,70854.0,70376.0,70587.0,1572.11458,1.1185e-06,-0.0004910523,-0.0021369192635531877,0.011185
2026-03-11 19:00:00+00:00,70586.0,70712.0,70339.0,70598.0,1388.941,-3.8502e-06,-0.0005308014,0.00015582391928678914,-0.038502
2026-03-11 20:00:00+00:00,70597.0,70658.0,70349.0,70586.0,801.15992,-4.1747e-06,-0.0005333976,-0.00016999093422620184,-0.041747
2026-03-11 21:00:00+00:00,70587.0,70737.0,70443.0,70711.0,1001.83711,-2.01008e-05,-0.0006608066,0.001769323235587792,-0.201008
2026-03-11 22:00:00+00:00,70712.0,70898.0,70200.0,70323.0,1491.7996,-1.77791e-05,-0.0006422325,-0.005502233204436938,-0.177791
2026-03-11 23:00:00+00:00,70324.0,70463.0,70068.0,70135.0,847.16156,-1.89649e-05,-0.0006517189,-0.002676958411325563,-0.18964899999999998
2026-03-12 00:00:00+00:00,70136.0,70312.0,70081.0,70174.0,501.56714,-2.68833e-05,-0.0007150667,0.0005559158857148956,-0.268833
2026-03-12 01:00:00+00:00,70175.0,70175.0,69703.0,69780.0,834.84312,-1.90861e-05,-0.0006526887,-0.005630436298721636,-0.190861
2026-03-12 02:00:00+00:00,69780.0,69836.0,69176.0,69231.0,1244.00057,-2.10963e-05,-0.0006687701,-0.007898696568076244,-0.210963
2026-03-12 03:00:00+00:00,69231.0,69571.0,69200.0,69379.0,1196.8161,-2.32141e-05,-0.0006857132,0.0021354888715656795,-0.232141
2026-03-12 04:00:00+00:00,69380.0,69618.0,69241.0,69321.0,675.05358,-2.74503e-05,-0.0007196026,-0.0008363374676384441,-0.274503
2026-03-12 05:00:00+00:00,69319.0,69500.0,69163.0,69437.0,699.90362,-2.58607e-05,-0.0007068852,0.0016719760593723984,-0.25860700000000003
2026-03-12 06:00:00+00:00,69436.0,69507.0,69320.0,69455.0,622.62867,-1.87987e-05,-0.0006503892,0.0002591941955011917,-0.187987
2026-03-12 07:00:00+00:00,69456.0,69819.0,69368.0,69786.0,1303.68021,-7.2455e-06,-0.0005579643,0.004754355735604243,-0.072455
2026-03-12 08:00:00+00:00,69787.0,70061.0,69661.0,69862.0,1236.74577,-3.1802e-06,-0.0005254417,0.0010884510698795215,-0.031802000000000004
2026-03-12 09:00:00+00:00,69863.0,70349.0,69538.0,69918.0,1393.47222,-1.0541e-05,-0.0005843282,0.000801259164344999,-0.10540999999999999
2026-03-12 10:00:00+00:00,69917.0,70468.0,69825.0,70370.0,1005.5285,-1.39819e-05,-0.0006118554,0.006443909159276378,-0.139819
2026-03-12 11:00:00+00:00,70370.0,70770.0,70317.0,70388.0,1565.38908,-1.21777e-05,-0.0005974219,0.000255758111057492,-0.121777
2026-03-12 12:00:00+00:00,70389.0,70577.0,70239.0,70344.0,1487.00486,-1.75484e-05,-0.0006403873,-0.000625302012814094,-0.175484
2026-03-12 13:00:00+00:00,70345.0,70492.0,69655.0,69936.0,2588.12403,-1.13339e-05,-0.0005906713,-0.005816953955742305,-0.113339
2026-03-12 14:00:00+00:00,69936.0,70608.0,69303.0,69554.0,3270.35698,-6.2875e-06,-0.0005503003,-0.005477108824414788,-0.062875
2026-03-12 15:00:00+00:00,69554.0,70516.0,69450.0,70278.0,2588.60424,-7.9203e-06,-0.0005633623,0.01035537601924876,-0.079203
2026-03-12 16:00:00+00:00,70279.0,70520.0,69865.0,70326.0,2428.29758,-1.37243e-05,-0.0006097944,0.0006827686533055315,-0.137243
2026-03-12 17:00:00+00:00,70326.0,70495.0,70024.0,70167.0,1043.03223,-1.1411e-05,-0.0005912881,-0.002263458932231563,-0.11411
2026-03-12 18:00:00+00:00,70167.0,70241.0,69750.0,69785.0,1001.32198,-1.54659e-05,-0.0006237271,-0.005459028076258968,-0.154659
2026-03-12 19:00:00+00:00,69782.0,70537.0,69725.0,70400.0,2751.33633,-1.6316e-05,-0.0006305278,0.008774176203389128,-0.16316
2026-03-12 20:00:00+00:00,70403.0,70518.0,70080.0,70128.0,1329.01433,-2.3487e-06,-0.0005187893,-0.0038711194875433964,-0.023487
2026-03-12 21:00:00+00:00,70129.0,70435.0,70128.0,70248.0,933.35394,-3.067e-06,-0.0005245357,0.0017096943812411475,-0.03067
2026-03-12 22:00:00+00:00,70248.0,70280.0,69981.0,70141.0,798.19746,4.9648e-06,-0.0004602814,-0.0015243362474093222,0.049648000000000005
2026-03-12 23:00:00+00:00,70140.0,70700.0,70136.0,70500.0,1195.64322,4.7659e-06,-0.0004618724,0.005105208007937989,0.04765900000000001
2026-03-13 00:00:00+00:00,70500.0,71986.0,70353.0,71455.0,5227.4838,5.6573e-06,-0.0004547414,0.013455171115535076,0.056573
2026-03-13 01:00:00+00:00,71455.0,71728.0,71254.0,71640.0,2080.23721,1.25e-05,-0.0002820485,0.0025856962587529676,0.125
2026-03-13 02:00:00+00:00,71639.0,71677.0,71032.0,71117.0,1836.35388,1.25e-05,-0.0002996557,-0.007327169103778653,0.125
2026-03-13 03:00:00+00:00,71116.0,71474.0,70926.0,71376.0,1271.39736,1.25e-05,-0.0003914578,0.0036352702971766096,0.125
2026-03-13 04:00:00+00:00,71375.0,71461.0,71215.0,71364.0,905.15544,1.25e-05,-0.000354686,-0.0001681378734519933,0.125
2026-03-13 05:00:00+00:00,71363.0,71614.0,71223.0,71520.0,699.55386,1.25e-05,-0.0003267489,0.0021835903528016616,0.125
2026-03-13 06:00:00+00:00,71519.0,71573.0,71156.0,71320.0,850.46462,1.25e-05,-0.0002852825,-0.0028003378703190854,0.125
2026-03-13 07:00:00+00:00,71322.0,71655.0,71222.0,71598.0,963.13788,1.25e-05,-0.0002736373,0.0038903476206340023,0.125
2026-03-13 08:00:00+00:00,71599.0,72127.0,71363.0,71794.0,1544.64277,1.25e-05,-0.000252065,0.002733766487207155,0.125
2026-03-13 09:00:00+00:00,71793.0,72073.0,71558.0,71992.0,2728.22868,1.25e-05,-0.0002838095,0.0027540946288664822,0.125
2026-03-13 10:00:00+00:00,71991.0,72570.0,71979.0,72454.0,2384.1234,1.25e-05,-0.0003571924,0.006396876000994004,0.125
2026-03-13 11:00:00+00:00,72454.0,72511.0,72184.0,72202.0,1184.72343,1.25e-05,-0.0002487292,-0.003484131386496989,0.125
2026-03-13 12:00:00+00:00,72202.0,72855.0,72186.0,72748.0,1546.72626,1.25e-05,-0.0003299311,0.007533667918626872,0.125
2026-03-13 13:00:00+00:00,72748.0,73560.0,72664.0,73350.0,4671.82163,1.25e-05,-0.0003705875,0.00824109032421935,0.125
2026-03-13 14:00:00+00:00,73349.0,73869.0,72342.0,72342.0,4246.85524,1.25e-05,-0.0002737113,-0.013837631225761983,0.125
2026-03-13 15:00:00+00:00,72343.0,72799.0,71703.0,71801.0,3390.44246,1.09666e-05,-0.0004122668,-0.0075064698294363885,0.109666
2026-03-13 16:00:00+00:00,71802.0,72061.0,71128.0,71847.0,3907.62005,1.25e-05,-0.0003237997,0.0006404544660888682,0.125
2026-03-13 17:00:00+00:00,71848.0,72216.0,70865.0,71004.0,3004.84723,9.6497e-06,-0.0004228028,-0.011802644517323862,0.096497
2026-03-13 18:00:00+00:00,71004.0,71328.0,70776.0,71022.0,2098.71139,2.764e-06,-0.0004778878,0.0002534747172541422,0.02764
2026-03-13 19:00:00+00:00,71022.0,71273.0,70970.0,71135.0,1347.19816,6.1587e-06,-0.0004507308,0.0015897919033187363,0.061587
2026-03-13 20:00:00+00:00,71135.0,71440.0,71115.0,71316.0,602.08369,5.0563e-06,-0.0004595497,0.0025412260693936377,0.050563000000000004
2026-03-13 21:00:00+00:00,71316.0,71462.0,71018.0,71053.0,1234.8704,6.652e-06,-0.000446784,-0.0036946287347470047,0.06652
2026-03-13 22:00:00+00:00,71052.0,71140.0,70519.0,70769.0,2454.78256,-5.4255e-06,-0.0005434043,-0.004005025731109464,-0.054255
2026-03-13 23:00:00+00:00,70768.0,70964.0,70660.0,70901.0,752.68233,-3.7942e-06,-0.0005303538,0.0018634861043041002,-0.037942000000000004
2026-03-14 00:00:00+00:00,70900.0,70911.0,70514.0,70586.0,1630.05017,-1.4407e-06,-0.0005115254,-0.004452713259162044,-0.014407
2026-03-14 01:00:00+00:00,70586.0,70865.0,70449.0,70795.0,617.5971,-6.6408e-06,-0.0005531268,0.0029565521851247,-0.066408
2026-03-14 02:00:00+00:00,70794.0,70851.0,70696.0,70757.0,704.9585,-2.1686e-06,-0.0005173486,-0.0005369051784905625,-0.021686
2026-03-14 03:00:00+00:00,70757.0,71124.0,70757.0,71039.0,734.07642,-2.644e-06,-0.0005211518,0.003977550449818513,-0.02644
2026-03-14 04:00:00+00:00,71039.0,71262.0,70984.0,71001.0,488.28956,-5.0046e-06,-0.0005400365,-0.0005350605590901963,-0.050046
2026-03-14 05:00:00+00:00,71001.0,71103.0,70864.0,70978.0,578.84519,-4.303e-07,-0.0005034425,-0.0003239915790531232,-0.0043029999999999995
2026-03-14 06:00:00+00:00,70977.0,70977.0,70276.0,70598.0,1358.10355,-8.7722e-06,-0.0005701779,-0.0053681543840831646,-0.08772200000000001
2026-03-14 07:00:00+00:00,70598.0,70714.0,70450.0,70564.0,927.51233,-1.16548e-05,-0.0005932383,-0.0004817160518762106,-0.11654800000000001
2026-03-14 08:00:00+00:00,70563.0,70672.0,70494.0,70543.0,381.20545,-9.7827e-06,-0.0005782619,-0.00029764646906302696,-0.097827
2026-03-14 09:00:00+00:00,70544.0,70688.0,70370.0,70480.0,532.37977,-4.9435e-06,-0.0005395483,-0.0008934713371723126,-0.049435
2026-03-14 10:00:00+00:00,70480.0,70537.0,70352.0,70529.0,243.64988,-4.6682e-06,-0.0005373455,0.0006949911278329777,-0.046681999999999994
2026-03-14 11:00:00+00:00,70529.0,70734.0,70528.0,70709.0,573.36129,-3.8212e-06,-0.0005305696,0.0025488904891406514,-0.038211999999999996
2026-03-14 12:00:00+00:00,70708.0,70809.0,70573.0,70730.0,623.41247,6.5023e-06,-0.0004479812,0.00029694780300078597,0.065023
2026-03-14 13:00:00+00:00,70730.0,70891.0,70691.0,70828.0,444.51364,-4.149e-07,-0.0005033194,0.0013845916960717462,-0.004149
2026-03-14 14:00:00+00:00,70828.0,70911.0,70519.0,70564.0,1074.19388,2.2292e-06,-0.0004821667,-0.0037343033098110037,0.022292000000000003
2026-03-14 15:00:00+00:00,70565.0,70692.0,70444.0,70545.0,1123.33285,-5.637e-06,-0.0005450957,-0.0002692953690384791,-0.05637
2026-03-14 16:00:00+00:00,70544.0,70666.0,70431.0,70642.0,405.21279,-1.34852e-05,-0.0006078819,0.0013740644005717571,-0.134852
2026-03-14 17:00:00+00:00,70642.0,70698.0,70544.0,70582.0,180.76302,-7.2117e-06,-0.000557694,-0.0008497139807690975,-0.072117
2026-03-14 18:00:00+00:00,70582.0,70659.0,70515.0,70626.0,276.32299,-3.6147e-06,-0.0005289174,0.0006231941734748995,-0.036147
2026-03-14 19:00:00+00:00,70626.0,70693.0,70561.0,70660.0,144.94461,-9.6848e-06,-0.0005774785,0.0004812932726006275,-0.09684799999999999
2026-03-14 20:00:00+00:00,70661.0,70815.0,70604.0,70765.0,521.73473,-5.2613e-06,-0.0005420902,0.0014848862548029822,-0.052613
2026-03-14 21:00:00+00:00,70764.0,70780.0,70624.0,70765.0,215.88093,-4.867e-07,-0.0005038938,0.0,-0.004867000000000001
2026-03-14 22:00:00+00:00,70765.0,70770.0,70655.0,70677.0,247.53272,-1.3686e-06,-0.0005109486,-0.0012443264568452502,-0.013685999999999999
2026-03-14 23:00:00+00:00,70677.0,71216.0,70677.0,71180.0,995.3799,7.334e-07,-0.0004941331,0.007091678353089648,0.007334
2026-03-15 00:00:00+00:00,71181.0,71188.0,70929.0,70952.0,609.96586,1.908e-06,-0.000484736,-0.003208288007895333,0.019080000000000003
2026-03-15 01:00:00+00:00,70952.0,71005.0,70822.0,70968.0,320.80956,3.767e-07,-0.0004969866,0.00022547914413449682,0.003767
2026-03-15 02:00:00+00:00,70968.0,71590.0,70968.0,71426.0,1243.91831,6.0004e-06,-0.0004519964,0.006432877500577137,0.060004
2026-03-15 03:00:00+00:00,71426.0,71500.0,71200.0,71313.0,654.8512,8.816e-06,-0.000429472,-0.0015833097276337184,0.08816
2026-03-15 04:00:00+00:00,71313.0,71642.0,71301.0,71551.0,483.89323,4.1903e-06,-0.0004664772,0.0033318431539552822,0.041903
2026-03-15 05:00:00+00:00,71551.0,71750.0,71434.0,71463.0,478.13764,1.1816e-06,-0.0004905471,-0.001230648902992792,0.011816
2026-03-15 06:00:00+00:00,71463.0,71558.0,71344.0,71416.0,415.36759,7.497e-06,-0.0004400238,-0.0006578993651307716,0.07497000000000001
2026-03-15 07:00:00+00:00,71415.0,71633.0,71370.0,71420.0,297.03149,-1.3473e-06,-0.0005107783,5.600828924139202e-05,-0.013473
2026-03-15 08:00:00+00:00,71419.0,71679.0,71419.0,71679.0,380.40334,3.0498e-06,-0.0004756019,0.003619875510200836,0.030498
2026-03-15 09:00:00+00:00,71679.0,71931.0,71677.0,71755.0,882.83424,1.8666e-06,-0.0004850675,0.001059720946391857,0.018666000000000002
2026-03-15 10:00:00+00:00,71756.0,71879.0,71677.0,71747.0,412.12226,-7.194e-07,-0.0005057549,-0.00011149670399419766,-0.007194000000000001
2026-03-15 11:00:00+00:00,71747.0,71859.0,71625.0,71809.0,481.79219,-1.9984e-06,-0.0005159869,0.0008637744692647428,-0.019984
2026-03-15 12:00:00+00:00,71809.0,71809.0,71537.0,71571.0,334.33763,1.8182e-06,-0.0004854547,-0.0033198524004945636,0.018182
2026-03-15 13:00:00+00:00,71571.0,71636.0,71205.0,71571.0,753.67633,2.4409e-06,-0.0004804729,0.0,0.024409000000000004
2026-03-15 14:00:00+00:00,71570.0,71587.0,71301.0,71585.0,839.16817,-1.3818e-06,-0.0005110544,0.00019559082461964,-0.013818
2026-03-15 15:00:00+00:00,71585.0,71585.0,71372.0,71444.0,234.58031,-3.1914e-06,-0.0005255309,-0.0019716287700536753,-0.031914
2026-03-15 16:00:00+00:00,71445.0,71545.0,71256.0,71383.0,744.07293,-1.9039e-06,-0.0005152314,-0.0008541802839648384,-0.019039
2026-03-15 17:00:00+00:00,71383.0,71950.0,71367.0,71780.0,1116.48441,-8.5903e-06,-0.0005687222,0.0055461399611889195,-0.085903
2026-03-15 18:00:00+00:00,71783.0,71842.0,71276.0,71341.0,776.55977,-6.3317e-06,-0.0005506538,-0.006134688505405144,-0.063317
2026-03-15 19:00:00+00:00,71340.0,71539.0,71287.0,71516.0,782.24768,-7.6477e-06,-0.0005611813,0.0024500036755176757,-0.076477
2026-03-15 20:00:00+00:00,71516.0,71896.0,71382.0,71685.0,992.2862,-9.7804e-06,-0.0005782429,0.002360319808657594,-0.097804
2026-03-15 21:00:00+00:00,71685.0,72257.0,71581.0,72072.0,1317.11886,-4.6183e-06,-0.0005369464,0.005384098650907537,-0.046183
2026-03-15 22:00:00+00:00,72072.0,73057.0,71684.0,72710.0,3497.08837,-1.173e-06,-0.0005093839,0.008813307312826587,-0.01173
2026-03-15 23:00:00+00:00,72711.0,73182.0,72369.0,72778.0,2649.88309,8.3336e-06,-0.0004333311,0.000934785067519803,0.083336
2026-03-16 00:00:00+00:00,72778.0,72978.0,72403.0,72492.0,1128.46579,5.9444e-06,-0.0004524444,-0.003937500784880824,0.059444000000000004
2026-03-16 01:00:00+00:00,72500.0,72823.0,72237.0,72727.0,1210.4246,3.1175e-06,-0.0004750596,0.003236493917920908,0.031174999999999998
2026-03-16 02:00:00+00:00,72728.0,72824.0,72331.0,72480.0,673.45059,7.9138e-06,-0.0004366899,-0.003402043127801591,0.079138
2026-03-16 03:00:00+00:00,72480.0,74263.0,72400.0,73535.0,3004.24816,6.1335e-06,-0.0004509321,0.014450821617553112,0.061335
2026-03-16 04:00:00+00:00,73536.0,74395.0,73535.0,73800.0,2035.67342,8.2868e-06,-0.0004337053,0.003597248254149788,0.082868
2026-03-16 05:00:00+00:00,73800.0,74232.0,73686.0,74166.0,1596.73913,4.6873e-06,-0.0004625014,0.0049470925273142055,0.046873
2026-03-16 06:00:00+00:00,74170.0,74171.0,73568.0,73686.0,864.12506,8.8292e-06,-0.0004293663,-0.006493002277439055,0.088292
2026-03-16 07:00:00+00:00,73686.0,73886.0,73357.0,73413.0,803.70268,1.5592e-06,-0.0004875266,-0.0037117902016393324,0.015592
2026-03-16 08:00:00+00:00,73414.0,73733.0,72856.0,73103.0,1462.54075,7.8916e-06,-0.0004368673,-0.0042316260693516,0.07891600000000001
2026-03-16 09:00:00+00:00,73103.0,73302.0,73026.0,73226.0,580.13921,5.8945e-06,-0.0004528441,0.001681143573304016,0.058945
2026-03-16 10:00:00+00:00,73227.0,73750.0,73168.0,73750.0,848.19554,8.075e-06,-0.0004354003,0.0071304460613141685,0.08075
2026-03-16 11:00:00+00:00,73749.0,73794.0,73480.0,73519.0,749.29532,1.00206e-05,-0.0004198354,-0.003137119006025014,0.100206
2026-03-16 12:00:00+00:00,73520.0,74019.0,73421.0,73830.0,1491.57211,9.4734e-06,-0.0004242129,0.004221276857170024,0.094734
2026-03-16 13:00:00+00:00,73831.0,74472.0,73741.0,74074.0,2767.97774,5.7472e-06,-0.0004540226,0.003299440466179036,0.057471999999999995
2026-03-16 14:00:00+00:00,74076.0,74421.0,72947.0,73521.0,4355.79552,8.4273e-06,-0.0004325813,-0.007493513841301649,0.084273
2026-03-16 15:00:00+00:00,73521.0,73987.0,73154.0,73235.0,2456.03657,9.179e-07,-0.0004926564,-0.0038976309256811502,0.009179
2026-03-16 16:00:00+00:00,73235.0,73879.0,73128.0,73734.0,1496.17679,-7.708e-07,-0.0005061667,0.006790573760244663,-0.007708
2026-03-16 17:00:00+00:00,73735.0,74009.0,73602.0,73905.0,1903.01574,5.7376e-06,-0.0004540994,0.0023164621335210133,0.057375999999999996
2026-03-16 18:00:00+00:00,73904.0,74313.0,73811.0,73859.0,2668.02988,-3.7803e-06,-0.0005302422,-0.0006226144593539421,-0.037803
2026-03-16 19:00:00+00:00,73859.0,74381.0,73757.0,73930.0,1704.527,-1.2951e-06,-0.0005103611,0.000960829364326523,-0.012951
2026-03-16 20:00:00+00:00,73931.0,74218.0,73816.0,74202.0,1228.99037,-3.387e-07,-0.0005027096,0.0036724044189662586,-0.003387
2026-03-16 21:00:00+00:00,74202.0,74760.0,74123.0,74358.0,3091.63811,2.1021e-06,-0.0004831836,0.002100162322817062,0.021021
2026-03-16 22:00:00+00:00,74358.0,74878.0,74331.0,74719.0,2995.60788,6.455e-06,-0.0004483599,0.004843144222593228,0.06455
2026-03-16 23:00:00+00:00,74720.0,74898.0,74200.0,74854.0,2663.94212,8.324e-06,-0.0004334083,0.0018051391181353289,0.08324000000000001
2026-03-17 00:00:00+00:00,74854.0,75496.0,74576.0,75300.0,5178.73283,8.1541e-06,-0.0004347673,0.005940585154326983,0.081541
2026-03-17 01:00:00+00:00,75300.0,75972.0,75036.0,75585.0,4674.44757,1.25e-05,-0.0003215976,0.0037777159948231198,0.125
2026-03-17 02:00:00+00:00,75586.0,75642.0,75073.0,75148.0,1726.41071,1.25e-05,-0.0003853889,-0.005798348395618608,0.125
2026-03-17 03:00:00+00:00,75148.0,75281.0,74233.0,74426.0,2161.78297,9.085e-07,-0.0004927318,-0.009654159248165305,0.009085
2026-03-17 04:00:00+00:00,74427.0,74649.0,73943.0,74209.0,2292.65797,-3.4631e-06,-0.0005277052,-0.002919906538511658,-0.034631
2026-03-17 05:00:00+00:00,74209.0,74426.0,73735.0,73999.0,2156.91276,-4.2142e-06,-0.0005337134,-0.0028338570190276644,-0.042142000000000006
2026-03-17 06:00:00+00:00,74000.0,74264.0,73836.0,74044.0,1469.16916,2.996e-07,-0.0004976035,0.0006079314980906881,0.002996
2026-03-17 07:00:00+00:00,74045.0,74413.0,74025.0,74210.0,812.45821,1.6595e-06,-0.0004867238,0.0022394008846035214,0.016595
2026-03-17 08:00:00+00:00,74211.0,74415.0,74061.0,74156.0,697.93212,1.186e-07,-0.0004990511,-0.0007279296116963235,0.001186
2026-03-17 09:00:00+00:00,74156.0,74379.0,73813.0,73897.0,1505.09098,4.2312e-06,-0.0004661508,-0.0034987506393934,0.042312
2026-03-17 10:00:00+00:00,73898.0,73928.0,73479.0,73701.0,1493.40353,1.96e-06,-0.0004843199,-0.0026558641066819016,0.0196
2026-03-17 11:00:00+00:00,73702.0,74177.0,73655.0,73996.0,654.03149,1.10205e-05,-0.000411836,0.00399467006487212,0.11020500000000001
2026-03-17 12:00:00+00:00,73996.0,74144.0,73627.0,73701.0,1549.58308,1.19201e-05,-0.0004046394,-0.003994670064872133,0.119201
2026-03-17 13:00:00+00:00,73702.0,74119.0,73318.0,73569.0,2627.17528,5.3702e-06,-0.0004570381,-0.0017926262694180324,0.053702
2026-03-17 14:00:00+00:00,73569.0,74375.0,73383.0,74358.0,2007.47184,3.4784e-06,-0.0004721731,0.010667524955939612,0.034784
2026-03-17 15:00:00+00:00,74358.0,74866.0,73624.0,73881.0,3326.74848,6.4573e-06,-0.0004483417,-0.006435575608443679,0.064573
2026-03-17 16:00:00+00:00,73881.0,74319.0,73833.0,74116.0,1921.33124,7.394e-07,-0.0004940845,0.0031757427178195755,0.0073939999999999995
2026-03-17 17:00:00+00:00,74116.0,74574.0,73961.0,74488.0,1645.11357,-1.107e-07,-0.0005008852,0.0050066051660604405,-0.0011070000000000001
2026-03-17 18:00:00+00:00,74489.0,74739.0,74336.0,74646.0,1217.1698,3.9167e-06,-0.0004686662,0.0021189005741802432,0.039167
2026-03-17 19:00:00+00:00,74647.0,74774.0,74383.0,74477.0,958.13353,2.2087e-06,-0.0004823304,-0.0022665862724314274,0.022087000000000002
2026-03-17 20:00:00+00:00,74477.0,74654.0,74304.0,74475.0,854.82807,7.4e-09,-0.0004999405,-2.6854288631527046e-05,7.4e-05
2026-03-17 21:00:00+00:00,74476.0,74775.0,74419.0,74654.0,856.34235,-2.6275e-06,-0.0005210202,0.0024006073394643363,-0.026275
2026-03-17 22:00:00+00:00,74655.0,74743.0,73899.0,74273.0,1379.98461,7.5027e-06,-0.0004399785,-0.005116611913295371,0.075027
2026-03-17 23:00:00+00:00,74272.0,74358.0,73826.0,73864.0,674.23056,1.2544e-06,-0.0004899648,-0.00552192955518814,0.012544
2026-03-18 00:00:00+00:00,73863.0,74021.0,73500.0,73827.0,1205.35504,-5.1104e-06,-0.0005408833,-0.0005010461134945629,-0.051104000000000004
2026-03-18 01:00:00+00:00,73828.0,74177.0,73791.0,74037.0,948.7688,-2.4635e-06,-0.0005197077,0.002840449888988656,-0.024634999999999997
2026-03-18 02:00:00+00:00,74037.0,74432.0,74013.0,74296.0,1119.52159,4.6249e-06,-0.0004630007,0.003492146227886367,0.046249000000000005
2026-03-18 03:00:00+00:00,74296.0,74638.0,74220.0,74416.0,912.05303,-5.94e-07,-0.0005047519,0.0016138580080340753,-0.005940000000000001
2026-03-18 04:00:00+00:00,74416.0,74457.0,74095.0,74131.0,570.10587,1.8423e-06,-0.0004852616,-0.0038371740889099762,0.018423
2026-03-18 05:00:00+00:00,74132.0,74262.0,73785.0,73907.0,1090.76283,-3.5377e-06,-0.0005283017,-0.003026252326471552,-0.035377
2026-03-18 06:00:00+00:00,73906.0,74196.0,73895.0,73914.0,654.25733,-1.20646e-05,-0.0005965172,9.470914153241698e-05,-0.120646
2026-03-18 07:00:00+00:00,73914.0,73948.0,73655.0,73850.0,611.83319,-7.973e-07,-0.0005063782,-0.0008662462305032606,-0.007973
2026-03-18 08:00:00+00:00,73850.0,74084.0,73832.0,74010.0,636.85918,-2.7449e-06,-0.0005219588,0.00216421023198611,-0.027449
2026-03-18 09:00:00+00:00,74010.0,74250.0,74009.0,74146.0,377.79843,-2.58e-07,-0.0005020641,0.0018359032128225047,-0.0025800000000000003
2026-03-18 10:00:00+00:00,74146.0,74229.0,73777.0,73906.0,611.25515,1.4663e-06,-0.0004882697,-0.003242106965459639,0.014663
2026-03-18 11:00:00+00:00,73906.0,74034.0,72746.0,72915.0,2939.34728,4.0737e-06,-0.0004674107,-0.013499636291209262,0.040736999999999995
2026-03-18 12:00:00+00:00,72915.0,72935.0,72244.0,72332.0,2169.9905,-4.0345e-06,-0.0005322759,-0.008027747642795239,-0.040345
2026-03-18 13:00:00+00:00,72332.0,72541.0,71946.0,72108.0,2919.74539,-2.0644e-06,-0.0005165153,-0.003101636382941972,-0.020644000000000003
2026-03-18 14:00:00+00:00,72108.0,72188.0,71100.0,71144.0,4442.29099,9.336e-06,-0.0004253123,-0.013459003042452315,0.09336
2026-03-18 15:00:00+00:00,71147.0,71494.0,70811.0,71442.0,4409.13231,1.1086e-05,-0.0004113124,0.004179939599754029,0.11086
2026-03-18 16:00:00+00:00,71442.0,71568.0,71000.0,71293.0,1915.60108,1.25e-05,-0.0003645259,-0.002087785814584817,0.125
2026-03-18 17:00:00+00:00,71292.0,71729.0,71171.0,71563.0,1843.8217,1.25e-05,-0.0003397585,0.0037800347412054887,0.125
2026-03-18 18:00:00+00:00,71563.0,71951.0,70900.0,71067.0,3167.65374,1.25e-05,-0.0003601456,-0.006955086579614394,0.125
2026-03-18 19:00:00+00:00,71064.0,71462.0,70901.0,71032.0,1725.81732,1.3294e-06,-0.0004893651,-0.0004926143140737522,0.013293999999999999
2026-03-18 20:00:00+00:00,71033.0,71282.0,70440.0,71197.0,2718.18983,-1.7603e-06,-0.0005140826,0.0023202029687467737,-0.017603
2026-03-18 21:00:00+00:00,71198.0,71390.0,71120.0,71226.0,938.5158,-3.4063e-06,-0.0005272507,0.000407237600679434,-0.034062999999999996
2026-03-18 22:00:00+00:00,71226.0,71227.0,70899.0,71118.0,1260.03984,4.5656e-06,-0.0004634752,-0.0015174509740336118,0.045656
2026-03-18 23:00:00+00:00,71117.0,71332.0,71033.0,71213.0,1040.39237,-7.8073e-06,-0.0005624581,0.0013349166956956114,-0.078073
2026-03-19 00:00:00+00:00,71213.0,71289.0,70935.0,70963.0,1687.73528,-2.1465e-06,-0.0005171721,-0.00351677157410523,-0.021465
2026-03-19 01:00:00+00:00,70963.0,71147.0,70921.0,71082.0,573.19236,-9.5803e-06,-0.0005766422,0.0016755257536685251,-0.095803
2026-03-19 02:00:00+00:00,71082.0,71213.0,70851.0,71023.0,653.5029,-2.8962e-06,-0.0005231699,-0.0008303719558091674,-0.028961999999999998
2026-03-19 03:00:00+00:00,71023.0,71570.0,71023.0,71181.0,1629.07098,7.088e-07,-0.0004943296,0.00222216062863168,0.007088
2026-03-19 04:00:00+00:00,71182.0,71182.0,70600.0,70780.0,1907.69784,2.6303e-06,-0.0004789575,-0.005649453956182281,0.026303
2026-03-19 05:00:00+00:00,70781.0,70869.0,70626.0,70794.0,500.50204,-1.06893e-05,-0.0005855143,0.000197776428519938,-0.10689299999999999
2026-03-19 06:00:00+00:00,70793.0,70973.0,70454.0,70547.0,1278.80169,-3.082e-06,-0.0005246558,-0.0034950969844537005,-0.03082
2026-03-19 07:00:00+00:00,70547.0,70553.0,69425.0,70151.0,3746.68557,4.4915e-06,-0.0004640677,-0.005629092747019311,0.044915000000000004
2026-03-19 08:00:00+00:00,70151.0,70251.0,69852.0,69945.0,1172.12655,-1.36287e-05,-0.0006090299,-0.0029408426859703655,-0.136287
2026-03-19 09:00:00+00:00,69944.0,70527.0,69935.0,70467.0,1396.34241,-1.20166e-05,-0.0005961329,0.007435296197414208,-0.120166
2026-03-19 10:00:00+00:00,70466.0,70483.0,70065.0,70087.0,881.64164,-1.55268e-05,-0.0006242148,-0.005407187641182142,-0.155268
2026-03-19 11:00:00+00:00,70088.0,70207.0,69850.0,69896.0,1232.62727,-1.59813e-05,-0.0006278501,-0.002728904488832569,-0.15981299999999998
2026-03-19 12:00:00+00:00,69896.0,69896.0,69067.0,69243.0,2422.71472,-2.00987e-05,-0.0006607896,-0.009386366070070597,-0.200987
2026-03-19 13:00:00+00:00,69244.0,70034.0,69044.0,69859.0,2579.97012,-2.40413e-05,-0.0006923301,0.008856868007540231,-0.240413
2026-03-19 14:00:00+00:00,69860.0,70111.0,69051.0,69454.0,2429.59282,-1.04531e-05,-0.0005836252,-0.005814261999092665,-0.104531
2026-03-19 15:00:00+00:00,69454.0,69876.0,68750.0,69376.0,3673.0829,-1.13106e-05,-0.000590485,-0.001123676557044142,-0.113106
2026-03-19 16:00:00+00:00,69376.0,69608.0,69147.0,69427.0,1731.99863,-4.9378e-06,-0.0005395025,0.0007348544670511837,-0.049378000000000005
2026-03-19 17:00:00+00:00,69427.0,69916.0,69068.0,69824.0,2518.41792,8.1402e-06,-0.0004348783,0.005701949366428143,0.081402
2026-03-19 18:00:00+00:00,69824.0,69889.0,69539.0,69786.0,1183.2866,5.4161e-06,-0.0004566715,-0.000544373625648871,0.054160999999999994
2026-03-19 19:00:00+00:00,69786.0,70603.0,69770.0,70254.0,5286.36418,3.0977e-06,-0.0004752185,0.006683829509685827,0.030977
2026-03-19 20:00:00+00:00,70260.0,70692.0,70178.0,70480.0,1540.62574,1.25e-05,-0.0002902392,0.0032117355332815286,0.125
2026-03-19 21:00:00+00:00,70481.0,70701.0,70366.0,70408.0,1038.83553,1.25e-05,-0.0001322024,-0.0010220885564135103,0.125
2026-03-19 22:00:00+00:00,70409.0,70500.0,69950.0,70175.0,1080.15941,1.25e-05,-4.55223e-05,-0.003314770823564412,0.125
2026-03-19 23:00:00+00:00,70175.0,70300.0,69697.0,69919.0,2179.97634,1.25e-05,-7.42651e-05,-0.003654693062438199,0.125
2026-03-20 00:00:00+00:00,69920.0,70300.0,69830.0,70189.0,636.67611,1.25e-05,-7.83154e-05,0.003854174411593493,0.125
2026-03-20 01:00:00+00:00,70190.0,70581.0,70179.0,70386.0,788.69897,1.25e-05,-8.00046e-05,0.0028027761545367895,0.125
2026-03-20 02:00:00+00:00,70386.0,70504.0,70068.0,70401.0,707.33769,1.25e-05,-0.0001064778,0.0002130878569294795,0.125
2026-03-20 03:00:00+00:00,70401.0,70824.0,70368.0,70715.0,1140.78025,1.25e-05,-0.000215504,0.004450246863895415,0.125
2026-03-20 04:00:00+00:00,70716.0,70950.0,70540.0,70771.0,860.14498,1.25e-05,-0.0001874513,0.0007915977965913811,0.125
2026-03-20 05:00:00+00:00,70772.0,70858.0,70508.0,70566.0,827.8764,1.25e-05,-0.0001478706,-0.0029008701720999986,0.125
2026-03-20 06:00:00+00:00,70566.0,70626.0,70308.0,70472.0,801.00094,1.25e-05,-0.0002113591,-0.0013329742894599853,0.125
2026-03-20 07:00:00+00:00,70473.0,70919.0,70200.0,70829.0,896.41092,1.25e-05,-0.0002266273,0.005053053546922501,0.125
2026-03-20 08:00:00+00:00,70830.0,71360.0,70773.0,71016.0,1110.74157,1.25e-05,-0.0002648491,0.0026366824116013125,0.125
2026-03-20 09:00:00+00:00,71017.0,71017.0,70390.0,70558.0,1167.1548,1.25e-05,-0.000325894,-0.0064701371404019695,0.125
2026-03-20 10:00:00+00:00,70559.0,70636.0,70187.0,70580.0,1189.58316,1.25e-05,-0.0003794503,0.00031175162150771284,0.125
2026-03-20 11:00:00+00:00,70580.0,70801.0,70272.0,70446.0,1375.78819,5.0084e-06,-0.0004599332,-0.001900359370994221,0.050084000000000004
2026-03-20 12:00:00+00:00,70445.0,70650.0,70210.0,70309.0,1325.15807,4.5852e-06,-0.0004633184,-0.0019466454941230317,0.045852
2026-03-20 13:00:00+00:00,70309.0,70583.0,69739.0,69825.0,2464.70474,-3.395e-07,-0.0005027159,-0.006907701550766355,-0.003395
2026-03-20 14:00:00+00:00,69825.0,70229.0,69551.0,69707.0,3304.57152,2.3908e-06,-0.0004808738,-0.001691368691490043,0.023908000000000002
2026-03-20 15:00:00+00:00,69706.0,69983.0,69441.0,69829.0,2292.49959,4.3917e-06,-0.0004648668,0.0017486531230292194,0.043917
2026-03-20 16:00:00+00:00,69829.0,70071.0,69578.0,69803.0,1359.70874,1.25e-05,-0.0003849895,-0.0003724074753708568,0.125
2026-03-20 17:00:00+00:00,69804.0,69990.0,69344.0,69976.0,1463.97675,8.7337e-06,-0.0004301306,0.0024753373301449376,0.08733700000000001
2026-03-20 18:00:00+00:00,69975.0,70050.0,69488.0,69743.0,2565.4465,1.07629e-05,-0.0004138966,-0.003335268875261317,0.107629
2026-03-20 19:00:00+00:00,69744.0,70161.0,69638.0,70137.0,1642.54656,3.9561e-06,-0.0004683513,0.0056334149553506985,0.039561
2026-03-20 20:00:00+00:00,70138.0,70225.0,69700.0,70026.0,3340.01197,1.04591e-05,-0.0004163275,-0.001583870539371613,0.10459099999999999
2026-03-20 21:00:00+00:00,70027.0,70673.0,69905.0,70511.0,1617.04694,-1.5605e-06,-0.0005124837,0.006902124357585731,-0.015604999999999999
2026-03-20 22:00:00+00:00,70511.0,70882.0,70499.0,70747.0,1747.44082,3.686e-07,-0.000497051,0.0033414067816092178,0.003686
2026-03-20 23:00:00+00:00,70748.0,70748.0,70381.0,70474.0,866.80544,5.4091e-06,-0.0004567271,-0.0038662853268367913,0.05409099999999999
2026-03-21 00:00:00+00:00,70474.0,70787.0,70417.0,70645.0,506.50694,3.6635e-06,-0.0004706918,0.002423487747141248,0.036635
2026-03-21 01:00:00+00:00,70644.0,70728.0,70439.0,70440.0,357.35513,1.0536e-06,-0.0004915712,-0.002906051589765733,0.010536
2026-03-21 02:00:00+00:00,70439.0,70754.0,70414.0,70707.0,275.05327,2.1439e-06,-0.0004828487,0.0037832942743550066,0.021439
2026-03-21 03:00:00+00:00,70706.0,70755.0,70594.0,70637.0,201.68444,7.6606e-06,-0.0004387151,-0.0009904913646554287,0.07660600000000001
2026-03-21 04:00:00+00:00,70636.0,70784.0,70585.0,70607.0,283.16362,3.7306e-06,-0.0004701551,-0.00042479681191602775,0.037306
2026-03-21 05:00:00+00:00,70607.0,70798.0,70601.0,70676.0,606.97538,3.9692e-06,-0.0004682462,0.0009767630286146133,0.039692
2026-03-21 06:00:00+00:00,70676.0,70785.0,70670.0,70743.0,249.20997,2.2533e-06,-0.000481974,0.0009475389447371513,0.022533
2026-03-21 07:00:00+00:00,70742.0,70849.0,70637.0,70688.0,324.75213,6.8567e-06,-0.0004451464,-0.0007777644614340865,0.068567
2026-03-21 08:00:00+00:00,70687.0,70727.0,70464.0,70558.0,343.49,9.8917e-06,-0.0004208665,-0.001840760612090399,0.098917
2026-03-21 09:00:00+00:00,70557.0,70702.0,70536.0,70616.0,623.83311,6.7487e-06,-0.0004460107,0.0008216810923153731,0.067487
2026-03-21 10:00:00+00:00,70616.0,70634.0,70523.0,70566.0,606.03163,7.118e-07,-0.0004943058,-0.0007083056209772259,0.007118
2026-03-21 11:00:00+00:00,70567.0,70610.0,70531.0,70610.0,232.46495,-1.6009e-06,-0.0005128072,0.0006233354313009706,-0.016009
2026-03-21 12:00:00+00:00,70610.0,70768.0,70609.0,70687.0,485.92342,-7.757e-07,-0.0005062056,0.0010899029366834673,-0.007757
2026-03-21 13:00:00+00:00,70688.0,70775.0,70668.0,70699.0,389.59655,-3.2966e-06,-0.0005263727,0.00016974806598694464,-0.032966
2026-03-21 14:00:00+00:00,70699.0,71076.0,70549.0,70587.0,929.89836,-1.451e-07,-0.000501161,-0.0015854369641770639,-0.001451
2026-03-21 15:00:00+00:00,70587.0,70727.0,70416.0,70594.0,456.39537,1.5556e-06,-0.0004875548,9.916348525273177e-05,0.015556
2026-03-21 16:00:00+00:00,70594.0,70623.0,70200.0,70261.0,998.64811,2.8338e-06,-0.0004773293,-0.004728275466190195,0.028338
2026-03-21 17:00:00+00:00,70260.0,70384.0,70175.0,70279.0,372.08492,6.615e-07,-0.0004947078,0.00025615483276547705,0.006615
2026-03-21 18:00:00+00:00,70279.0,70490.0,70257.0,70363.0,546.58992,-4.7359e-06,-0.0005378869,0.0011945224042346503,-0.047359
2026-03-21 19:00:00+00:00,70362.0,70416.0,70284.0,70358.0,196.57695,-3.9195e-06,-0.0005313558,-7.106259907335332e-05,-0.039195
2026-03-21 20:00:00+00:00,70358.0,70475.0,70327.0,70425.0,440.64789,7.371e-07,-0.000494103,0.0009518195386982606,0.007371
2026-03-21 21:00:00+00:00,70424.0,70470.0,70233.0,70323.0,439.0792,4.7611e-06,-0.0004619114,-0.0014493991794760125,0.047611
2026-03-21 22:00:00+00:00,70322.0,70354.0,70231.0,70249.0,371.53676,-6.2318e-06,-0.0005498544,-0.0010528413458668125,-0.062318000000000005
2026-03-21 23:00:00+00:00,70249.0,70251.0,68507.0,68874.0,3432.19855,-5.7182e-06,-0.0005457459,-0.01976732492567883,-0.057182
2026-03-22 00:00:00+00:00,68875.0,69106.0,68190.0,68895.0,4298.81747,-1.3486e-05,-0.0006078881,0.00030485813445176236,-0.13485999999999998
2026-03-22 01:00:00+00:00,68895.0,69057.0,68731.0,68925.0,1086.32176,-1.25725e-05,-0.0006005799,0.0004353504639938795,-0.125725
2026-03-22 02:00:00+00:00,68924.0,69377.0,68904.0,69228.0,915.51362,-1.46116e-05,-0.0006168926,0.0043864481528922035,-0.146116
2026-03-22 03:00:00+00:00,69229.0,69554.0,69082.0,69300.0,926.28607,-1.49755e-05,-0.0006198042,0.0010395011331048442,-0.149755
2026-03-22 04:00:00+00:00,69300.0,69475.0,69149.0,69311.0,464.92781,-1.92502e-05,-0.0006540015,0.00015871756243152576,-0.192502
2026-03-22 05:00:00+00:00,69310.0,69310.0,69102.0,69111.0,295.11786,-2.10606e-05,-0.0006684847,-0.0028897160736630835,-0.210606
2026-03-22 06:00:00+00:00,69112.0,69189.0,69023.0,69118.0,288.16511,-1.97173e-05,-0.0006577382,0.00010128120735846386,-0.197173
2026-03-22 07:00:00+00:00,69117.0,69206.0,68850.0,68874.0,579.5667,-1.76049e-05,-0.0006408391,-0.0035364405805698037,-0.176049
2026-03-22 08:00:00+00:00,68874.0,68943.0,68503.0,68765.0,887.64231,-1.78915e-05,-0.0006431322,-0.0015838537447435646,-0.178915
2026-03-22 09:00:00+00:00,68765.0,68852.0,68548.0,68792.0,281.2386,-1.14472e-05,-0.0005915773,0.0003925645419242175,-0.11447199999999999
2026-03-22 10:00:00+00:00,68790.0,68808.0,68534.0,68602.0,387.09127,-8.9182e-06,-0.0005713458,-0.0027657702827901475,-0.08918200000000001
2026-03-22 11:00:00+00:00,68599.0,68634.0,68059.0,68172.0,1308.07007,-1.9705e-05,-0.0006576403,-0.006287765462815129,-0.19704999999999998
2026-03-22 12:00:00+00:00,68174.0,68717.0,68141.0,68620.0,1770.15288,-2.38457e-05,-0.0006907658,0.006550114067313593,-0.238457
2026-03-22 13:00:00+00:00,68620.0,68913.0,68508.0,68660.0,774.94443,-1.24875e-05,-0.0005998997,0.0005827505992424318,-0.124875
2026-03-22 14:00:00+00:00,68660.0,68879.0,68500.0,68671.0,1053.72076,-7.1344e-06,-0.0005570753,0.00016019689689169845,-0.071344
2026-03-22 15:00:00+00:00,68671.0,68960.0,68664.0,68805.0,695.41749,-1.7923e-06,-0.0005143381,0.0019494317908072074,-0.017923
2026-03-22 16:00:00+00:00,68806.0,68842.0,68625.0,68767.0,466.653,-3.9418e-06,-0.0005315347,-0.0005524380101536618,-0.039418
2026-03-22 17:00:00+00:00,68767.0,68817.0,68631.0,68633.0,317.21119,-7.2514e-06,-0.0005580113,-0.0019505100798175728,-0.072514
2026-03-22 18:00:00+00:00,68633.0,68709.0,68298.0,68585.0,777.3841,-6.4917e-06,-0.0005519339,-0.0006996166969035121,-0.064917
2026-03-22 19:00:00+00:00,68585.0,68598.0,68098.0,68160.0,1114.36359,-7.3259e-06,-0.0005586074,-0.006215969409310019,-0.07325899999999999
2026-03-22 20:00:00+00:00,68160.0,68465.0,68046.0,68133.0,1022.42032,-1.18441e-05,-0.0005947528,-0.0003962052394943025,-0.118441
2026-03-22 21:00:00+00:00,68133.0,68186.0,67313.0,67864.0,4769.14718,-1.22332e-05,-0.0005978655,-0.003955974776132342,-0.122332
2026-03-22 22:00:00+00:00,67864.0,68373.0,67542.0,68304.0,3313.79845,-9.1597e-06,-0.0005732773,0.006462627510172637,-0.091597
2026-03-22 23:00:00+00:00,68305.0,68438.0,67808.0,67831.0,1849.46212,7.8557e-06,-0.0004371547,-0.0069490124270902565,0.078557
2026-03-23 00:00:00+00:00,67831.0,68133.0,67404.0,67635.0,1763.32341,4.6081e-06,-0.0004631354,-0.0028937170473588483,0.046081
2026-03-23 01:00:00+00:00,67635.0,68129.0,67501.0,67889.0,1203.55168,3.8132e-06,-0.0004694944,0.0037484179540904724,0.038132
2026-03-23 02:00:00+00:00,67888.0,68370.0,67774.0,68285.0,1189.5709,6.3258e-06,-0.0004493939,0.005816104635140028,0.063258
2026-03-23 03:00:00+00:00,68286.0,68570.0,68028.0,68043.0,462.04603,4.79e-07,-0.000496168,-0.003550264863979301,0.00479
2026-03-23 04:00:00+00:00,68043.0,68515.0,68020.0,68512.0,568.88652,-1.1127e-06,-0.0005089018,0.006869054140863897,-0.011127
2026-03-23 05:00:00+00:00,68513.0,68880.0,68512.0,68870.0,1614.1089,5.8101e-06,-0.0004535194,0.005211757149334622,0.058101
2026-03-23 06:00:00+00:00,68871.0,68871.0,67674.0,67844.0,1877.24817,3.2128e-06,-0.0004742978,-0.015009717547014327,0.032128
2026-03-23 07:00:00+00:00,67844.0,68426.0,67474.0,68286.0,1648.1072,4.8995e-06,-0.0004608043,0.006493815518215189,0.048995000000000004
2026-03-23 08:00:00+00:00,68287.0,68665.0,68287.0,68400.0,1081.25029,3.4881e-06,-0.0004720951,0.0016680571006970134,0.034881
2026-03-23 09:00:00+00:00,68400.0,68431.0,67889.0,68311.0,755.10683,2.5011e-06,-0.0004799915,-0.0013020168468241755,0.025011000000000002
2026-03-23 10:00:00+00:00,68311.0,68697.0,68259.0,68515.0,701.9634,8.833e-06,-0.0004293363,0.002981891616483687,0.08833
2026-03-23 11:00:00+00:00,68515.0,71502.0,68513.0,70075.0,13494.75475,6.7721e-06,-0.0004458228,0.02251339765268768,0.067721
2026-03-23 12:00:00+00:00,70076.0,70845.0,69635.0,70703.0,4195.33611,1.25e-05,-0.0003651545,0.008921907766138807,0.125
2026-03-23 13:00:00+00:00,70703.0,71573.0,70560.0,71443.0,4665.47466,-6.607e-07,-0.0005052854,0.01041192415063487,-0.006607
2026-03-23 14:00:00+00:00,71444.0,71785.0,71082.0,71402.0,3019.19389,8.6443e-06,-0.0004308456,-0.0005740488099115008,0.08644299999999999
2026-03-23 15:00:00+00:00,71402.0,71613.0,70051.0,70088.0,3881.4576,-1.01033e-05,-0.0005808265,-0.01857428479365128,-0.101033
2026-03-23 16:00:00+00:00,70087.0,70731.0,70087.0,70520.0,2211.09368,-8.4183e-06,-0.0005673465,0.006144762165606878,-0.08418300000000001
2026-03-23 17:00:00+00:00,70520.0,71081.0,70326.0,71045.0,1825.21158,1.5115e-06,-0.000487908,0.0074171215603690685,0.015115
2026-03-23 18:00:00+00:00,71044.0,71141.0,70815.0,71022.0,1365.22259,-3.289e-06,-0.0005263117,-0.00032379089022708564,-0.03289
2026-03-23 19:00:00+00:00,71027.0,71218.0,70603.0,70636.0,1732.73877,-1.08936e-05,-0.0005871487,-0.005449758648933681,-0.108936
2026-03-23 20:00:00+00:00,70638.0,70955.0,70526.0,70874.0,710.06234,-1.22164e-05,-0.000597731,0.003363723050057833,-0.12216400000000001
2026-03-23 21:00:00+00:00,70875.0,70966.0,70777.0,70804.0,832.79612,-1.8801e-06,-0.0005150409,-0.0009881563220256345,-0.018801000000000002
2026-03-23 22:00:00+00:00,70803.0,70856.0,70464.0,70754.0,1912.57851,2.9838e-06,-0.0004761298,-0.0007064242512513175,0.029838
2026-03-23 23:00:00+00:00,70753.0,70963.0,70369.0,70860.0,1317.1216,-7.5375e-06,-0.0005602999,0.00149702740966709,-0.075375
2026-03-24 00:00:00+00:00,70861.0,71074.0,70345.0,70648.0,1560.85222,5.1478e-06,-0.0004588177,-0.002996299270824897,0.051478
2026-03-24 01:00:00+00:00,70648.0,70841.0,70250.0,70473.0,804.51049,3.681e-07,-0.0004970551,-0.002480142426763272,0.0036810000000000002
2026-03-24 02:00:00+00:00,70473.0,70664.0,70330.0,70415.0,487.81629,-5.253e-07,-0.0005042027,-0.0008233490897242991,-0.005253
2026-03-24 03:00:00+00:00,70415.0,70552.0,70370.0,70499.0,520.77276,-2.4235e-06,-0.0005193879,0.0011922166704467281,-0.024235000000000003
2026-03-24 04:00:00+00:00,70500.0,70711.0,70214.0,70338.0,402.55476,1.898e-06,-0.0004848162,-0.002286332002714067,0.01898
2026-03-24 05:00:00+00:00,70340.0,70351.0,70097.0,70242.0,627.11709,4.0513e-06,-0.00046759,-0.001365770592155815,0.04051299999999999
2026-03-24 06:00:00+00:00,70242.0,70541.0,70216.0,70512.0,735.07389,-9.47e-08,-0.0005007579,0.0038364853740407334,-0.0009469999999999999
2026-03-24 07:00:00+00:00,70512.0,71385.0,70465.0,71266.0,1954.62628,7.069e-06,-0.0004434478,0.010636447242499519,0.07069
2026-03-24 08:00:00+00:00,71267.0,71319.0,70828.0,70929.0,701.70169,1.18603e-05,-0.0004051178,-0.004739978634398864,0.118603
2026-03-24 09:00:00+00:00,70930.0,71336.0,70817.0,71291.0,624.44374,1.14414e-05,-0.0004084691,0.005090715536217522,0.114414
2026-03-24 10:00:00+00:00,71291.0,71304.0,71045.0,71239.0,811.04252,1.12761e-05,-0.0004097911,-0.0007296709788417099,0.112761
2026-03-24 11:00:00+00:00,71238.0,71291.0,70926.0,71126.0,689.95053,5.3996e-06,-0.000456803,-0.0015874691634959347,0.053996
2026-03-24 12:00:00+00:00,71126.0,71153.0,70837.0,70920.0,715.03754,3.6644e-06,-0.0004706849,-0.0029004708956046924,0.036644
2026-03-24 13:00:00+00:00,70919.0,71038.0,69903.0,70057.0,3770.19317,8.142e-06,-0.0004348637,-0.012243284793110785,0.08141999999999999
2026-03-24 14:00:00+00:00,70056.0,70418.0,69466.0,69841.0,4633.36503,-4.3082e-06,-0.0005344655,-0.0030879665419040418,-0.043081999999999995
2026-03-24 15:00:00+00:00,69841.0,70231.0,69734.0,69837.0,2570.97408,1.807e-06,-0.0004855443,-5.7274588712563664e-05,0.01807
2026-03-24 16:00:00+00:00,69836.0,69973.0,69295.0,69435.0,1870.22944,1.25e-05,-0.0003936049,-0.0057728921309363,0.125
2026-03-24 17:00:00+00:00,69434.0,69481.0,68904.0,69217.0,3886.21638,5.4458e-06,-0.000456434,-0.003144565958476305,0.05445799999999999
2026-03-24 18:00:00+00:00,69216.0,69718.0,69152.0,69406.0,1886.1627,1.6766e-06,-0.0004865871,0.0027268219142569943,0.016766
2026-03-24 19:00:00+00:00,69405.0,69680.0,69248.0,69335.0,1310.71481,1.25e-05,-0.0003506746,-0.0010234899012966274,0.125
2026-03-24 20:00:00+00:00,69335.0,70299.0,69265.0,70072.0,3579.41575,1.25e-05,-0.0003753833,0.010573455654960281,0.125
2026-03-24 21:00:00+00:00,70072.0,70407.0,69888.0,70313.0,1369.92202,1.25e-05,-0.0002888262,0.0034334186237786686,0.125
2026-03-24 22:00:00+00:00,70314.0,70589.0,70108.0,70290.0,1423.57383,1.25e-05,-0.0002484367,-0.0003271622967525668,0.125
2026-03-24 23:00:00+00:00,70290.0,70824.0,70244.0,70553.0,1189.75933,1.25e-05,-0.000264022,0.003734659240240248,0.125
2026-03-25 00:00:00+00:00,70554.0,71045.0,70454.0,70821.0,1485.78015,1.25e-05,-0.0002874373,0.003791366461011494,0.125
2026-03-25 01:00:00+00:00,70822.0,70968.0,70610.0,70655.0,621.63714,1.25e-05,-0.0002002224,-0.002346688854356166,0.125
2026-03-25 02:00:00+00:00,70655.0,70740.0,70465.0,70503.0,1552.96618,1.25e-05,-0.0002210313,-0.002153615930358557,0.125
2026-03-25 03:00:00+00:00,70502.0,70792.0,70387.0,70691.0,1083.07916,1.25e-05,-0.000276469,0.0026630042509113946,0.125
2026-03-25 04:00:00+00:00,70690.0,70951.0,70678.0,70950.0,1911.18597,1.25e-05,-0.000372367,0.003657137250789295,0.125
2026-03-25 05:00:00+00:00,70950.0,71338.0,70923.0,71094.0,1534.74828,1.25e-05,-0.0002469797,0.002027541456606173,0.125
2026-03-25 06:00:00+00:00,71095.0,71235.0,70976.0,70976.0,466.7428,1.25e-05,-0.0002165155,-0.0016611533347560793,0.125
2026-03-25 07:00:00+00:00,70977.0,71259.0,70851.0,70900.0,1183.66275,1.25e-05,-0.0002833918,-0.0010713581898200086,0.125
2026-03-25 08:00:00+00:00,70900.0,71487.0,70771.0,71223.0,1984.35129,1.25e-05,-0.0003075838,0.004545366423558809,0.125
2026-03-25 09:00:00+00:00,71222.0,71385.0,71061.0,71308.0,1374.11354,1.25e-05,-0.0003590189,0.0011927231279745586,0.125
2026-03-25 10:00:00+00:00,71307.0,71616.0,71243.0,71466.0,1673.09626,7.9959e-06,-0.0004360326,0.002213289037203869,0.079959
2026-03-25 11:00:00+00:00,71465.0,71998.0,71445.0,71656.0,2323.15834,4.4183e-06,-0.0004646538,0.00265507904607531,0.044183
2026-03-25 12:00:00+00:00,71655.0,72034.0,71080.0,71710.0,3964.07142,1.25e-05,-0.0003336199,0.000753316721589291,0.125
2026-03-25 13:00:00+00:00,71709.0,71949.0,71483.0,71561.0,2132.31618,1.25e-05,-0.0003595235,-0.0020799750642932057,0.125
2026-03-25 14:00:00+00:00,71562.0,71661.0,71199.0,71208.0,1521.20301,1.25e-05,-0.0002264919,-0.004945061173559977,0.125
2026-03-25 15:00:00+00:00,71209.0,71273.0,70538.0,70814.0,2644.03292,1.25e-05,-0.0003012911,-0.005548450391961228,0.125
2026-03-25 16:00:00+00:00,70814.0,71770.0,70711.0,71294.0,2781.13977,1.25e-05,-0.0003148567,0.006755451141996381,0.125
2026-03-25 17:00:00+00:00,71295.0,71368.0,70685.0,70743.0,1482.04339,1.25e-05,-0.0003137688,-0.007758580707524956,0.125
2026-03-25 18:00:00+00:00,70743.0,71106.0,70665.0,70785.0,1116.75658,1.04689e-05,-0.0004162484,0.0005935221473198017,0.104689
2026-03-25 19:00:00+00:00,70784.0,71058.0,70739.0,70845.0,993.16766,8.5923e-06,-0.0004312618,0.0008472781697295889,0.08592300000000001
2026-03-25 20:00:00+00:00,70846.0,71032.0,70605.0,70977.0,975.85287,1.11853e-05,-0.0004105175,0.0018614888820710999,0.111853
2026-03-25 21:00:00+00:00,70977.0,71154.0,70921.0,71005.0,514.22944,6.614e-06,-0.0004470879,0.00039441619871513113,0.06613999999999999
2026-03-25 22:00:00+00:00,71006.0,71546.0,70911.0,71334.0,805.73154,8.2044e-06,-0.0004343649,0.004622775007486267,0.082044
2026-03-25 23:00:00+00:00,71335.0,71407.0,71150.0,71303.0,889.63584,6.8248e-06,-0.0004454017,-0.00043466983304599725,0.068248
2026-03-26 00:00:00+00:00,71302.0,71411.0,71084.0,71269.0,798.1094,6.5523e-06,-0.0004475818,-0.0004769520052259035,0.065523
2026-03-26 01:00:00+00:00,71269.0,71342.0,71132.0,71216.0,500.81676,7.4243e-06,-0.0004406056,-0.0007439379926922089,0.074243
2026-03-26 02:00:00+00:00,71216.0,71258.0,70640.0,70861.0,1001.9401,6.4787e-06,-0.0004481705,-0.004997300601570508,0.064787
2026-03-26 03:00:00+00:00,70861.0,70949.0,70649.0,70871.0,1086.98193,5.2167e-06,-0.000458266,0.00014111139356810372,0.052167000000000005
2026-03-26 04:00:00+00:00,70872.0,70877.0,70676.0,70730.0,547.7799,4.4944e-06,-0.0004640451,-0.0019915120175974656,0.044944
2026-03-26 05:00:00+00:00,70730.0,70760.0,69897.0,69981.0,1738.99356,-3.3895e-06,-0.0005271157,-0.010646034413369946,-0.033895
2026-03-26 06:00:00+00:00,69980.0,70122.0,69823.0,70063.0,1162.10161,-5.3482e-06,-0.0005427856,0.0011710606576665003,-0.053482
2026-03-26 07:00:00+00:00,70063.0,70140.0,69770.0,70066.0,980.09626,9.1699e-06,-0.0004266408,4.281768942131372e-05,0.091699
2026-03-26 08:00:00+00:00,70066.0,70102.0,69770.0,69984.0,691.61005,4.5761e-06,-0.000463391,-0.001171010487258989,0.045761
2026-03-26 09:00:00+00:00,69985.0,70106.0,69371.0,69538.0,1613.17046,4.6583e-06,-0.0004627334,-0.006393278753885295,0.046583
2026-03-26 10:00:00+00:00,69538.0,69675.0,69429.0,69480.0,502.47505,-5.652e-07,-0.0005045218,-0.0008344243675678325,-0.005652
2026-03-26 11:00:00+00:00,69479.0,69627.0,69151.0,69221.0,1551.69864,-4.559e-07,-0.0005036472,-0.0037346565783508167,-0.004559
2026-03-26 12:00:00+00:00,69221.0,69432.0,69184.0,69415.0,1806.65354,-7.0203e-06,-0.0005561621,0.0027986976922123497,-0.070203
2026-03-26 13:00:00+00:00,69416.0,69848.0,69189.0,69618.0,2141.54899,8.543e-07,-0.0004931656,0.002920172106697668,0.008543
2026-03-26 14:00:00+00:00,69616.0,69798.0,69212.0,69455.0,1696.23116,1.06685e-05,-0.0004146516,-0.002344093744110766,0.106685
2026-03-26 15:00:00+00:00,69456.0,69473.0,68654.0,69063.0,3380.8318,1.25e-05,-0.0003953818,-0.005659929344483494,0.125
2026-03-26 16:00:00+00:00,69064.0,69064.0,68801.0,68908.0,1438.7763,1.25e-05,-0.000361238,-0.0022468499207463273,0.125
2026-03-26 17:00:00+00:00,68909.0,69149.0,68321.0,68463.0,1741.68334,1.25e-05,-0.0002655383,-0.0064788282327392435,0.125
2026-03-26 18:00:00+00:00,68463.0,68591.0,68123.0,68477.0,2420.51,1.25e-05,-0.0002712194,0.00020446911127171055,0.125
2026-03-26 19:00:00+00:00,68476.0,68678.0,68328.0,68524.0,2031.74307,1.25e-05,-0.0002993489,0.0006861264055568569,0.125
2026-03-26 20:00:00+00:00,68520.0,69477.0,68424.0,68982.0,3811.9724,1.25e-05,-0.0002147047,0.00666155213144612,0.125
2026-03-26 21:00:00+00:00,68982.0,69155.0,68846.0,68893.0,1430.65127,1.25e-05,-0.0002822818,-0.0012910246580118555,0.125
2026-03-26 22:00:00+00:00,68892.0,68998.0,68578.0,68877.0,879.29347,1.25e-05,-0.0003491568,-0.00023227117764289753,0.125
2026-03-26 23:00:00+00:00,68876.0,68969.0,68601.0,68806.0,862.48116,1.25e-05,-0.0003362657,-0.0010313547248900282,0.125
2026-03-27 00:00:00+00:00,68806.0,68960.0,68500.0,68755.0,1020.21152,1.25e-05,-0.0002556597,-0.0007414892642053794,0.125
2026-03-27 01:00:00+00:00,68755.0,69047.0,68674.0,69022.0,408.27409,1.25e-05,-0.0003127686,0.0038758331832057067,0.125
2026-03-27 02:00:00+00:00,69021.0,69152.0,68830.0,68879.0,611.59591,1.25e-05,-0.0003140955,-0.0020739523463484196,0.125
2026-03-27 03:00:00+00:00,68878.0,68901.0,68650.0,68735.0,363.67348,1.25e-05,-0.0003556476,-0.0020928110883819207,0.125
2026-03-27 04:00:00+00:00,68735.0,68767.0,68267.0,68550.0,915.08803,1.22543e-05,-0.0004019652,-0.0026951249150599654,0.122543
2026-03-27 05:00:00+00:00,68549.0,68833.0,68469.0,68599.0,661.57445,5.2236e-06,-0.0004582109,0.0007145513577916406,0.052236000000000005
2026-03-27 06:00:00+00:00,68599.0,68815.0,68539.0,68623.0,431.8424,4.9013e-06,-0.0004607893,0.0003497981408916104,0.049013
2026-03-27 07:00:00+00:00,68622.0,68926.0,68441.0,68507.0,1458.33455,6.9427e-06,-0.0004444588,-0.0016918256788252173,0.069427
2026-03-27 08:00:00+00:00,68507.0,68600.0,67541.0,67888.0,2633.76864,8.284e-06,-0.0004337281,-0.009076641368212497,0.08284000000000001
2026-03-27 09:00:00+00:00,67888.0,67915.0,67513.0,67663.0,1141.20703,8.003e-07,-0.0004935973,-0.003319786746588573,0.008003
2026-03-27 10:00:00+00:00,67663.0,67744.0,66316.0,66464.0,4145.26824,3.7928e-06,-0.0004696576,-0.01787905401967868,0.037927999999999996
2026-03-27 11:00:00+00:00,66463.0,66827.0,66144.0,66676.0,2272.14989,5.1628e-06,-0.0004586977,0.003184620387139748,0.051628
2026-03-27 12:00:00+00:00,66675.0,66755.0,66415.0,66599.0,1341.87135,1.25e-05,-0.0003967764,-0.001155505662239609,0.125
2026-03-27 13:00:00+00:00,66598.0,66708.0,66010.0,66164.0,3413.92709,1.17845e-05,-0.0004057243,-0.0065530540386272255,0.117845
2026-03-27 14:00:00+00:00,66164.0,66372.0,65703.0,66184.0,3132.43576,9.0044e-06,-0.0004279644,0.00030223350790706423,0.090044
2026-03-27 15:00:00+00:00,66185.0,66627.0,65947.0,66097.0,2333.19223,1.25e-05,-0.000372508,-0.0013153818393293966,0.125
2026-03-27 16:00:00+00:00,66097.0,66152.0,65800.0,65966.0,2148.08187,1.25e-05,-0.0002306004,-0.0019839022734083303,0.125
2026-03-27 17:00:00+00:00,65966.0,66281.0,65579.0,65612.0,1968.26882,1.25e-05,-0.0001874517,-0.005380851724904817,0.125
2026-03-27 18:00:00+00:00,65613.0,65940.0,65550.0,65825.0,1491.19862,1.25e-05,-0.0002572832,0.0032410993321338195,0.125
2026-03-27 19:00:00+00:00,65826.0,66140.0,65684.0,66032.0,1349.28341,1.25e-05,-0.0001792911,0.003139767627852976,0.125
2026-03-27 20:00:00+00:00,66032.0,66167.0,65801.0,65996.0,1764.34663,1.25e-05,-0.0001286332,-0.0005453388810280357,0.125
2026-03-27 21:00:00+00:00,65998.0,66165.0,65994.0,66063.0,513.59895,1.25e-05,-0.0002177794,0.0010146980629669173,0.125
2026-03-27 22:00:00+00:00,66064.0,66079.0,65890.0,66002.0,436.86499,1.25e-05,-0.0002263611,-0.0009237875945637716,0.125
2026-03-27 23:00:00+00:00,66002.0,66399.0,65952.0,66396.0,665.95044,1.25e-05,-0.0002973749,0.005951769106371944,0.125
2026-03-28 00:00:00+00:00,66397.0,66489.0,66267.0,66402.0,447.91401,1.25e-05,-0.0002808017,9.036280673035981e-05,0.125
2026-03-28 01:00:00+00:00,66403.0,66403.0,66035.0,66142.0,581.13921,1.25e-05,-0.0003424267,-0.003923230527033527,0.125
2026-03-28 02:00:00+00:00,66143.0,66219.0,65903.0,66027.0,332.23998,9.4371e-06,-0.0004245035,-0.0017401967030250146,0.094371
2026-03-28 03:00:00+00:00,66028.0,66215.0,66027.0,66203.0,310.62676,7.4705e-06,-0.0004402364,0.0026620298560674164,0.074705
2026-03-28 04:00:00+00:00,66203.0,66271.0,66088.0,66252.0,240.26177,1.18226e-05,-0.0004054194,0.0007398739531958382,0.118226
2026-03-28 05:00:00+00:00,66253.0,66360.0,66176.0,66328.0,527.33324,1.23005e-05,-0.0004015963,0.001146477724009749,0.123005
2026-03-28 06:00:00+00:00,66328.0,66472.0,66296.0,66381.0,266.69721,1.25e-05,-0.0003609128,0.0007987401429859957,0.125
2026-03-28 07:00:00+00:00,66380.0,66548.0,66359.0,66537.0,308.99734,1.25e-05,-0.0002750035,0.002347312954278608,0.125
2026-03-28 08:00:00+00:00,66538.0,66551.0,66377.0,66391.0,265.03771,1.25e-05,-0.0003506389,-0.0021966787841387505,0.125
2026-03-28 09:00:00+00:00,66392.0,66393.0,66219.0,66280.0,367.91478,1.25e-05,-0.0002884485,-0.0016733125686814682,0.125
2026-03-28 10:00:00+00:00,66280.0,66385.0,66108.0,66195.0,505.0843,1.25e-05,-0.000368255,-0.0012832611687419576,0.125
2026-03-28 11:00:00+00:00,66196.0,66336.0,66175.0,66302.0,222.72078,1.25e-05,-0.000386702,0.0016151312597334443,0.125
2026-03-28 12:00:00+00:00,66303.0,66501.0,66217.0,66433.0,773.77535,1.25e-05,-0.0003943988,0.001973858327232568,0.125
2026-03-28 13:00:00+00:00,66433.0,67128.0,66395.0,66817.0,1831.39849,1.25e-05,-0.0002825895,0.0057636182066317905,0.125
2026-03-28 14:00:00+00:00,66817.0,66951.0,66660.0,66733.0,1288.34772,1.25e-05,-0.0003053464,-0.001257955987677582,0.125
2026-03-28 15:00:00+00:00,66733.0,67280.0,66701.0,66997.0,1116.57039,1.25e-05,-0.0002773646,0.003948259073542364,0.125
2026-03-28 16:00:00+00:00,66996.0,67086.0,66834.0,66912.0,815.09024,1.25e-05,-0.0002305876,-0.0012695190228596829,0.125
2026-03-28 17:00:00+00:00,66911.0,66975.0,66672.0,66826.0,428.49878,1.25e-05,-0.000250852,-0.0012860968737979266,0.125
2026-03-28 18:00:00+00:00,66825.0,66935.0,66820.0,66896.0,364.16274,1.25e-05,-0.0002861934,0.0010469482417839703,0.125
2026-03-28 19:00:00+00:00,66895.0,66940.0,66785.0,66888.0,454.36147,1.25e-05,-0.0002252942,-0.00011959576645239847,0.125
2026-03-28 20:00:00+00:00,66889.0,66995.0,66888.0,66898.0,674.87393,1.25e-05,-0.0003102968,0.00014949247333228253,0.125
2026-03-28 21:00:00+00:00,66899.0,66909.0,66555.0,66657.0,581.33291,1.25e-05,-0.0002874374,-0.003609003954678486,0.125
2026-03-28 22:00:00+00:00,66657.0,66768.0,66571.0,66742.0,666.91481,1.25e-05,-0.0003622979,0.0012743725440746393,0.125
2026-03-28 23:00:00+00:00,66741.0,66741.0,66261.0,66353.0,780.57513,1.25e-05,-0.0003302253,-0.005845465384267555,0.125
2026-03-29 00:00:00+00:00,66353.0,66478.0,66267.0,66466.0,443.76597,1.25e-05,-0.0002872515,0.0017015641928379889,0.125
2026-03-29 01:00:00+00:00,66465.0,66603.0,66356.0,66552.0,537.12502,1.25e-05,-0.0003124221,0.0012930582625308791,0.125
2026-03-29 02:00:00+00:00,66551.0,66832.0,66517.0,66795.0,368.20058,1.25e-05,-0.0003417076,0.003644630460188709,0.125
2026-03-29 03:00:00+00:00,66794.0,67096.0,66746.0,66886.0,402.04279,1.25e-05,-0.0002622839,0.001361450229367921,0.125
2026-03-29 04:00:00+00:00,66885.0,66921.0,66696.0,66710.0,342.90119,1.25e-05,-0.0002745721,-0.002634810949719175,0.125
2026-03-29 05:00:00+00:00,66710.0,66795.0,66580.0,66754.0,350.8976,1.25e-05,-0.0003315184,0.0006593538571310393,0.125
2026-03-29 06:00:00+00:00,66754.0,66861.0,66615.0,66724.0,376.4711,1.25e-05,-0.0003589139,-0.0004495122867461529,0.125
2026-03-29 07:00:00+00:00,66723.0,66723.0,66531.0,66649.0,333.85348,1.25e-05,-0.0003053965,-0.0011246655305864376,0.125
2026-03-29 08:00:00+00:00,66648.0,66755.0,66575.0,66699.0,184.04802,1.25e-05,-0.0003660104,0.0007499175442187337,0.125
2026-03-29 09:00:00+00:00,66700.0,66747.0,66517.0,66604.0,331.39769,1.25e-05,-0.0003042091,-0.0014253245025708623,0.125
2026-03-29 10:00:00+00:00,66605.0,66605.0,66378.0,66475.0,507.23268,1.15721e-05,-0.0004074229,-0.0019386986737867952,0.115721
2026-03-29 11:00:00+00:00,66475.0,66942.0,66475.0,66782.0,469.65387,1.02047e-05,-0.0004183624,0.004607646024512929,0.10204700000000001
2026-03-29 12:00:00+00:00,66782.0,66841.0,66674.0,66820.0,232.28059,1.25e-05,-0.0003764286,0.0005688537750139989,0.125
2026-03-29 13:00:00+00:00,66820.0,66844.0,66501.0,66543.0,759.51706,1.16262e-05,-0.0004069906,-0.0041540816918484965,0.116262
2026-03-29 14:00:00+00:00,66542.0,66767.0,66438.0,66560.0,413.55058,8.286e-06,-0.0004337124,0.0002554412761911822,0.08286
2026-03-29 15:00:00+00:00,66560.0,66693.0,66295.0,66493.0,992.77637,5.6677e-06,-0.0004546586,-0.00100711754959446,0.056677
2026-03-29 16:00:00+00:00,66494.0,66633.0,66405.0,66466.0,438.62153,2.1557e-06,-0.0004827542,-0.00040614024430296586,0.021557
2026-03-29 17:00:00+00:00,66465.0,66512.0,66115.0,66351.0,780.81772,2.5916e-06,-0.0004792669,-0.0017317064643618115,0.025915999999999998
2026-03-29 18:00:00+00:00,66351.0,66500.0,66291.0,66400.0,480.37073,5.203e-07,-0.0004958377,0.0007382242276942729,0.005203
2026-03-29 19:00:00+00:00,66399.0,66452.0,66294.0,66318.0,268.44835,5.75e-07,-0.0004954002,-0.001235702925514781,0.00575
2026-03-29 20:00:00+00:00,66318.0,66793.0,66317.0,66577.0,695.49039,5.6449e-06,-0.0004548407,0.0038978189986884028,0.056449
2026-03-29 21:00:00+00:00,66577.0,66732.0,66478.0,66675.0,326.51868,3.3764e-06,-0.0004729888,0.001470897512516122,0.033764
2026-03-29 22:00:00+00:00,66674.0,66675.0,64904.0,65818.0,4843.98904,5.7004e-06,-0.000454397,-0.01293671291548686,0.057004
2026-03-29 23:00:00+00:00,65819.0,66351.0,65811.0,65970.0,2669.88457,-5.2228e-06,-0.0005417823,0.0023067360821883453,-0.052228000000000004
2026-03-30 00:00:00+00:00,65969.0,67040.0,65759.0,66246.0,3150.96386,-1.57495e-05,-0.0006259961,0.004174992450275343,-0.157495
2026-03-30 01:00:00+00:00,66246.0,66785.0,66246.0,66606.0,1078.43469,-4.543e-06,-0.000536344,0.005419577893510107,-0.045430000000000005
2026-03-30 02:00:00+00:00,66607.0,67400.0,66538.0,67091.0,1384.13958,9.377e-07,-0.0004924981,0.007255243236168933,0.009377
2026-03-30 03:00:00+00:00,67090.0,67288.0,66946.0,67133.0,855.0219,2.0451e-06,-0.0004836391,0.0006258195459944764,0.020451
2026-03-30 04:00:00+00:00,67135.0,67617.0,67129.0,67581.0,1214.02938,6.2285e-06,-0.0004501717,0.006651152093237735,0.062285
2026-03-30 05:00:00+00:00,67580.0,67773.0,67409.0,67461.0,674.83847,3.9169e-06,-0.000468665,-0.0017772253311606194,0.039168999999999995
2026-03-30 06:00:00+00:00,67461.0,67550.0,67237.0,67277.0,565.62764,3.106e-07,-0.0004975152,-0.0027312282263450235,0.003106
2026-03-30 07:00:00+00:00,67276.0,67600.0,67200.0,67600.0,592.79597,3.3157e-06,-0.0004734742,0.004789558152457893,0.033157
2026-03-30 08:00:00+00:00,67599.0,67890.0,67579.0,67627.0,949.58138,7.5939e-06,-0.0004392491,0.00039932854176750413,0.075939
2026-03-30 09:00:00+00:00,67632.0,67659.0,67417.0,67463.0,718.42375,-3.7834e-06,-0.0005302674,-0.0024280121484686326,-0.037834
2026-03-30 10:00:00+00:00,67463.0,67486.0,67325.0,67455.0,437.21146,-5.2841e-06,-0.000542273,-0.00011859055143675795,-0.052841
2026-03-30 11:00:00+00:00,67455.0,67971.0,67446.0,67632.0,1349.48453,-6.1739e-06,-0.0005493911,0.002620534933653637,-0.061739
2026-03-30 12:00:00+00:00,67632.0,67941.0,67624.0,67864.0,849.65292,-7.7824e-06,-0.0005622595,0.0034244586809994947,-0.077824
2026-03-30 13:00:00+00:00,67864.0,68127.0,67403.0,67480.0,2465.93716,-8.2398e-06,-0.0005659185,-0.005674444827666043,-0.082398
2026-03-30 14:00:00+00:00,67479.0,67824.0,67043.0,67754.0,2423.39393,-1.63514e-05,-0.0006308109,0.00405224092962156,-0.16351400000000002
2026-03-30 15:00:00+00:00,67754.0,67849.0,67375.0,67587.0,1835.60684,-1.59454e-05,-0.0006275635,-0.0024678417442736823,-0.159454
2026-03-30 16:00:00+00:00,67586.0,67606.0,67191.0,67327.0,1096.10233,-1.1154e-05,-0.0005892317,-0.003854311959824353,-0.11154
2026-03-30 17:00:00+00:00,67328.0,67421.0,66600.0,66797.0,2184.60841,-1.57942e-05,-0.0006263538,-0.007903175548824148,-0.157942
2026-03-30 18:00:00+00:00,66797.0,66899.0,66468.0,66629.0,1304.56738,-5.5803e-06,-0.0005446423,-0.002518251147186265,-0.055803
2026-03-30 19:00:00+00:00,66628.0,66636.0,66184.0,66515.0,1714.09063,-1.49e-07,-0.0005011921,-0.001712432071411717,-0.00149
2026-03-30 20:00:00+00:00,66515.0,66659.0,66492.0,66605.0,740.24003,-7.4268e-06,-0.0005594144,0.0013521636675569951,-0.074268
2026-03-30 21:00:00+00:00,66606.0,66957.0,66545.0,66769.0,992.31859,-6.0769e-06,-0.0005486152,0.0024592511682163245,-0.060769000000000004
2026-03-30 22:00:00+00:00,66768.0,66956.0,66649.0,66745.0,463.70121,-7.7604e-06,-0.0005620829,-0.00035951286394678795,-0.07760399999999999
2026-03-30 23:00:00+00:00,66745.0,66766.0,66361.0,66766.0,786.71754,-5.2778e-06,-0.0005422225,0.0003145808236501318,-0.052778
2026-03-31 00:00:00+00:00,66766.0,67285.0,66491.0,67177.0,1705.92441,-1.0189e-05,-0.0005815122,0.006136958108022439,-0.10189000000000001
2026-03-31 01:00:00+00:00,67176.0,68370.0,67011.0,67910.0,3297.489,-6.6604e-06,-0.0005532834,0.010852372086331772,-0.066604
2026-03-31 02:00:00+00:00,67910.0,68061.0,67740.0,67919.0,986.38821,4.7264e-06,-0.0004621884,0.0001325195652352288,0.047264
2026-03-31 03:00:00+00:00,67918.0,67975.0,67613.0,67671.0,933.41951,2.1244e-06,-0.0004830048,-0.0036580909588261267,0.021244
2026-03-31 04:00:00+00:00,67672.0,67837.0,67466.0,67508.0,1143.77458,-3.865e-07,-0.0005030921,-0.002411618357871316,-0.0038650000000000004
2026-03-31 05:00:00+00:00,67508.0,67753.0,67352.0,67646.0,1273.5226,-1.2769e-06,-0.0005102151,0.002042115630432056,-0.012769
2026-03-31 06:00:00+00:00,67646.0,67679.0,67298.0,67464.0,1097.97043,-8.188e-07,-0.0005065505,-0.0026941027323295935,-0.008188
2026-03-31 07:00:00+00:00,67464.0,67492.0,67069.0,67343.0,2065.07872,-1.5006e-06,-0.0005120045,-0.0017951594871856984,-0.015006
2026-03-31 08:00:00+00:00,67342.0,67468.0,66652.0,66740.0,2587.79838,9.724e-07,-0.0004922206,-0.00899448946192676,0.009724
2026-03-31 09:00:00+00:00,66737.0,66884.0,65951.0,66079.0,3318.92537,4.704e-07,-0.0004962365,-0.009953477396925706,0.004704
2026-03-31 10:00:00+00:00,66078.0,66440.0,66056.0,66323.0,1577.59828,-3.2971e-06,-0.0005263766,0.0036857491008159883,-0.032971
2026-03-31 11:00:00+00:00,66324.0,66827.0,66200.0,66652.0,2499.03959,-1.0542e-05,-0.000584336,0.004948308649258858,-0.10542
2026-03-31 12:00:00+00:00,66652.0,66912.0,66489.0,66616.0,967.75191,-3.5158e-06,-0.000528126,-0.0005402647428589193,-0.035158
2026-03-31 13:00:00+00:00,66617.0,67387.0,66616.0,67266.0,1976.78294,2.504e-07,-0.0004979966,0.00971011946599335,0.002504
2026-03-31 14:00:00+00:00,67267.0,67749.0,66395.0,66555.0,5058.58919,-2.0374e-06,-0.0005162991,-0.010626234900529004,-0.020374000000000003
2026-03-31 15:00:00+00:00,66556.0,67266.0,66555.0,66691.0,1842.17159,3.6033e-06,-0.0004711736,0.002041337784649075,0.036032999999999996
2026-03-31 16:00:00+00:00,66690.0,67983.0,66690.0,67627.0,3507.56722,-5.812e-06,-0.000546496,0.013937300307054189,-0.05812
2026-03-31 17:00:00+00:00,67626.0,68559.0,67358.0,67484.0,5775.43457,-4.3957e-06,-0.0005351654,-0.002116778846957451,-0.043957
2026-03-31 18:00:00+00:00,67484.0,67906.0,67479.0,67798.0,1891.84216,-1.51231e-05,-0.0006209844,0.004642163242457761,-0.151231
2026-03-31 19:00:00+00:00,67797.0,67996.0,67666.0,67803.0,961.73177,-1.68316e-05,-0.0006346526,7.374576886983123e-05,-0.168316
2026-03-31 20:00:00+00:00,67803.0,68239.0,67782.0,68234.0,2242.9396,-1.73939e-05,-0.000639151,0.00633653259204919,-0.17393899999999998
2026-03-31 21:00:00+00:00,68234.0,68375.0,67845.0,68241.0,2168.61663,-1.72815e-05,-0.0006382516,0.00010258289072917611,-0.172815
2026-03-31 22:00:00+00:00,68241.0,68300.0,67912.0,68128.0,1434.61121,-1.06528e-05,-0.0005852225,-0.0016572685267654747,-0.10652800000000001
2026-03-31 23:00:00+00:00,68130.0,68341.0,68055.0,68244.0,726.84175,-1.58361e-05,-0.0006266891,0.001701229401593997,-0.158361
2026-04-01 00:00:00+00:00,68243.0,68295.0,67825.0,68288.0,1156.15275,-6.5066e-06,-0.0005520526,0.0006445375666252888,-0.065066
2026-04-01 01:00:00+00:00,68289.0,68321.0,67733.0,67744.0,864.86268,-9.8538e-06,-0.0005788305,-0.007998160726833571,-0.098538
2026-04-01 02:00:00+00:00,67745.0,67875.0,67553.0,67629.0,941.54301,-9.9308e-06,-0.0005794463,-0.0016990098123492096,-0.099308
2026-04-01 03:00:00+00:00,67628.0,68218.0,67628.0,68136.0,536.07054,-7.6419e-06,-0.0005611354,0.007468822698674393,-0.076419
2026-04-01 04:00:00+00:00,68136.0,68441.0,67992.0,68278.0,1582.26614,-4.9621e-06,-0.0005396967,0.002081898504394498,-0.049621000000000005
2026-04-01 05:00:00+00:00,68278.0,68730.0,68122.0,68430.0,1131.85588,6.439e-06,-0.0004484884,0.0022237186212321043,0.06439
2026-04-01 06:00:00+00:00,68431.0,69205.0,68430.0,69070.0,3098.42729,9.831e-06,-0.0004213523,0.009309158136475171,0.09831
2026-04-01 07:00:00+00:00,69069.0,69265.0,68637.0,68653.0,2177.29272,6.4121e-06,-0.0004487034,-0.00605565191454866,0.064121
2026-04-01 08:00:00+00:00,68653.0,68835.0,68428.0,68632.0,1948.06522,1.3418e-06,-0.0004892655,-0.0003059329156687396,0.013418
2026-04-01 09:00:00+00:00,68632.0,68701.0,68350.0,68614.0,1246.34858,1.6294e-06,-0.0004869645,-0.000262302727995054,0.016294
2026-04-01 10:00:00+00:00,68615.0,68625.0,68361.0,68546.0,1247.44449,4.3789e-06,-0.0004649685,-0.000991542805063082,0.043788999999999995
2026-04-01 11:00:00+00:00,68547.0,68703.0,68474.0,68675.0,460.90726,-4.3524e-06,-0.0005348195,0.0018801792437315651,-0.043524
2026-04-01 12:00:00+00:00,68676.0,68726.0,68225.0,68341.0,1452.07491,-1.9792e-06,-0.0005158333,-0.004875352682489797,-0.019792
2026-04-01 13:00:00+00:00,68344.0,68650.0,67845.0,68075.0,2839.75816,-4.961e-06,-0.0005396881,-0.0038998407390244687,-0.049609999999999994
2026-04-01 14:00:00+00:00,68075.0,68638.0,68026.0,68551.0,2092.35749,-1.35247e-05,-0.0006081979,0.00696795523414741,-0.135247
2026-04-01 15:00:00+00:00,68555.0,68914.0,68381.0,68878.0,1498.29953,-1.16614e-05,-0.0005932912,0.004758829899305917,-0.116614
2026-04-01 16:00:00+00:00,68878.0,68951.0,68561.0,68775.0,1876.12364,-1.13304e-05,-0.0005906431,-0.001496516882638375,-0.113304
2026-04-01 17:00:00+00:00,68775.0,69117.0,68203.0,68228.0,1890.43487,-1.24711e-05,-0.0005997685,-0.00798526903201173,-0.124711
2026-04-01 18:00:00+00:00,68228.0,68284.0,67904.0,68040.0,2156.91659,-1.35994e-05,-0.0006087953,-0.0027592702509654766,-0.135994
2026-04-01 19:00:00+00:00,68039.0,68250.0,67978.0,68137.0,1172.87546,-2.7873e-06,-0.0005222985,0.0014246167327139694,-0.027873
2026-04-01 20:00:00+00:00,68136.0,68206.0,67914.0,68148.0,1291.61562,-2.9708e-06,-0.0005237667,0.00016142642292093766,-0.029708
2026-04-01 21:00:00+00:00,68148.0,68499.0,68130.0,68319.0,1761.46316,-1.22902e-05,-0.0005983216,0.0025061016875547433,-0.122902
2026-04-01 22:00:00+00:00,68319.0,68320.0,68019.0,68083.0,1350.69466,-2.5444e-06,-0.000520355,-0.003460363271665554,-0.025444
2026-04-01 23:00:00+00:00,68084.0,68201.0,67956.0,68084.0,708.09933,-6.1896e-06,-0.0005495172,1.468784654156377e-05,-0.061896
2026-04-02 00:00:00+00:00,68083.0,68624.0,68012.0,68564.0,1573.37921,-4.974e-06,-0.0005397922,0.007025378699084037,-0.04974
2026-04-02 01:00:00+00:00,68565.0,68565.0,67009.0,67315.0,6453.82321,-8.481e-07,-0.0005067848,-0.018384521213612434,-0.008480999999999999
2026-04-02 02:00:00+00:00,67315.0,67315.0,66601.0,66814.0,2458.71453,-1.28285e-05,-0.0006026278,-0.007470455009270623,-0.12828499999999998
2026-04-02 03:00:00+00:00,66813.0,66926.0,66445.0,66538.0,1130.40236,-1.70213e-05,-0.0006361702,-0.004139426391826983,-0.170213
2026-04-02 04:00:00+00:00,66538.0,66612.0,66179.0,66290.0,1499.18206,-1.84969e-05,-0.0006479751,-0.003734156776800367,-0.184969
2026-04-02 05:00:00+00:00,66290.0,66603.0,66263.0,66548.0,1636.48828,-2.07213e-05,-0.0006657704,0.0038844355441962964,-0.207213
2026-04-02 06:00:00+00:00,66547.0,66795.0,66509.0,66646.0,1431.9017,-1.67052e-05,-0.0006336416,0.0014715380224978654,-0.167052
2026-04-02 07:00:00+00:00,66646.0,66888.0,66514.0,66878.0,811.37404,-8.1483e-06,-0.000565186,0.0034750342030890214,-0.081483
2026-04-02 08:00:00+00:00,66878.0,66878.0,66375.0,66401.0,1459.43376,-1.56101e-05,-0.000624881,-0.007157947413135657,-0.15610100000000002
2026-04-02 09:00:00+00:00,66401.0,66465.0,66263.0,66422.0,745.84531,-1.87101e-05,-0.0006496807,0.00031621029753845783,-0.187101
2026-04-02 10:00:00+00:00,66422.0,66464.0,66168.0,66421.0,770.94498,-1.61506e-05,-0.0006292049,-1.5055366109129313e-05,-0.161506
2026-04-02 11:00:00+00:00,66422.0,66447.0,66103.0,66171.0,890.63318,-1.76351e-05,-0.0006410807,-0.0037709710428166193,-0.176351
2026-04-02 12:00:00+00:00,66172.0,66204.0,65911.0,66007.0,1263.89602,-1.7389e-05,-0.0006391121,-0.002481503490102801,-0.17389
2026-04-02 13:00:00+00:00,66008.0,66244.0,65697.0,66240.0,2673.98403,-1.4819e-05,-0.0006185517,0.0035237130685464675,-0.14819
2026-04-02 14:00:00+00:00,66240.0,67070.0,66130.0,66830.0,5213.82221,-7.7121e-06,-0.0005616968,0.00886757144597453,-0.07712100000000001
2026-04-02 15:00:00+00:00,66831.0,66951.0,66606.0,66798.0,2395.45758,-1.15098e-05,-0.000592078,-0.00047894154835357135,-0.11509799999999999
2026-04-02 16:00:00+00:00,66798.0,67241.0,66709.0,67053.0,1749.63358,-1.8183e-05,-0.0006454637,0.00381021148144264,-0.18183
2026-04-02 17:00:00+00:00,67052.0,67390.0,66620.0,66638.0,2244.64869,-1.66116e-05,-0.0006328925,-0.006208366052651811,-0.16611599999999999
2026-04-02 18:00:00+00:00,66638.0,67038.0,66549.0,66940.0,1823.30919,-1.86432e-05,-0.0006491455,0.004521710379764497,-0.18643200000000001
2026-04-02 19:00:00+00:00,66941.0,67080.0,66829.0,66930.0,1538.81955,-6.7795e-06,-0.0005542357,-0.00014939867062973148,-0.067795
2026-04-02 20:00:00+00:00,66937.0,67078.0,66754.0,66900.0,992.09892,-1.29105e-05,-0.0006032841,-0.00044832997836804936,-0.129105
2026-04-02 21:00:00+00:00,66899.0,66976.0,66673.0,66906.0,830.10945,-7.3098e-06,-0.0005584788,8.96820770970884e-05,-0.073098
2026-04-02 22:00:00+00:00,66905.0,67011.0,66790.0,66950.0,539.84553,-1.2129e-05,-0.0005970317,0.0006574229259018156,-0.12129000000000001
2026-04-02 23:00:00+00:00,66951.0,67057.0,66816.0,66866.0,217.34958,-5.2031e-06,-0.0005416248,-0.0012554554168885282,-0.052031
2026-04-03 00:00:00+00:00,66866.0,66971.0,66661.0,66748.0,556.75582,-3.4961e-06,-0.0005279692,-0.00176628243563661,-0.034961
2026-04-03 01:00:00+00:00,66749.0,66869.0,66426.0,66589.0,1057.467,-8.756e-06,-0.0005700482,-0.002384935544746017,-0.08756
2026-04-03 02:00:00+00:00,66588.0,66710.0,66246.0,66498.0,924.64265,-1.17438e-05,-0.0005939501,-0.0013675267183393665,-0.11743799999999999
2026-04-03 03:00:00+00:00,66497.0,66690.0,66453.0,66558.0,935.34767,-9.4356e-06,-0.0005754845,0.0009018759630066798,-0.094356
2026-04-03 04:00:00+00:00,66558.0,66668.0,66471.0,66572.0,562.23227,-4.1648e-06,-0.0005333188,0.0002103207399025319,-0.041648000000000004
2026-04-03 05:00:00+00:00,66572.0,66783.0,66384.0,66575.0,738.88601,-1.9187e-06,-0.0005153497,4.506297551598973e-05,-0.019187
2026-04-03 06:00:00+00:00,66574.0,66768.0,66526.0,66768.0,612.70305,-5.3898e-06,-0.0005431187,0.0028947921492009253,-0.053897999999999995
2026-04-03 07:00:00+00:00,66767.0,67229.0,66726.0,67013.0,1324.10748,-3.9951e-06,-0.0005319607,0.003662706571158673,-0.039951
2026-04-03 08:00:00+00:00,67013.0,67268.0,66854.0,66935.0,1567.01012,2.1797e-06,-0.0004825622,-0.001164631182494329,0.021797
2026-04-03 09:00:00+00:00,66936.0,66978.0,66706.0,66832.0,689.82828,2.3172e-06,-0.0004814627,-0.0015399914830415144,0.023172
2026-04-03 10:00:00+00:00,66833.0,66865.0,66631.0,66851.0,949.83341,-1.2668e-06,-0.0005101342,0.00028425454437628944,-0.012668
2026-04-03 11:00:00+00:00,66852.0,67031.0,66800.0,66975.0,879.33908,-2.0454e-06,-0.0005163628,0.0018531531314765694,-0.020454
2026-04-03 12:00:00+00:00,66976.0,67371.0,66597.0,66691.0,2649.72117,2.571e-06,-0.0004794321,-0.004249404147040874,0.02571
2026-04-03 13:00:00+00:00,66691.0,66705.0,66480.0,66640.0,848.06082,-3.4859e-06,-0.0005278874,-0.0007650134250443563,-0.034859
2026-04-03 14:00:00+00:00,66639.0,66971.0,66601.0,66916.0,1241.11471,2.1759e-06,-0.0004825926,0.004133103610447074,0.021759
2026-04-03 15:00:00+00:00,66915.0,66987.0,66788.0,66806.0,1062.70217,2.1913e-06,-0.0004824693,-0.001645204600759733,0.021913000000000002
2026-04-03 16:00:00+00:00,66806.0,67053.0,66797.0,66980.0,690.1734,-2.439e-07,-0.0005019515,0.002601170497784068,-0.002439
2026-04-03 17:00:00+00:00,66980.0,67044.0,66720.0,66817.0,1025.86387,7.3292e-06,-0.0004413661,-0.0024365281828404354,0.073292
2026-04-03 18:00:00+00:00,66818.0,66900.0,66743.0,66782.0,360.21823,5.586e-07,-0.0004955314,-0.0005239560296216409,0.005586000000000001
2026-04-03 19:00:00+00:00,66782.0,66868.0,66736.0,66856.0,342.90589,1.76e-08,-0.000499859,0.0011074695455386514,0.000176
2026-04-03 20:00:00+00:00,66856.0,66891.0,66798.0,66798.0,270.76173,-5.0635e-06,-0.0005405082,-0.0008679127245097822,-0.050635
2026-04-03 21:00:00+00:00,66799.0,66950.0,66785.0,66937.0,625.75786,1.6223e-06,-0.000487022,0.0020787385509157316,0.016222999999999998
2026-04-03 22:00:00+00:00,66938.0,66938.0,66800.0,66856.0,770.75601,6.5192e-06,-0.0004478466,-0.0012108258264060378,0.065192
2026-04-03 23:00:00+00:00,66857.0,66943.0,66793.0,66942.0,235.24466,2.048e-07,-0.0004983619,0.0012855201399625807,0.002048
2026-04-04 00:00:00+00:00,66930.0,66942.0,66837.0,66861.0,214.3362,-4.3767e-06,-0.0005350136,-0.0012107353332090757,-0.043767
2026-04-04 01:00:00+00:00,66862.0,66888.0,66787.0,66810.0,344.25314,2.3824e-06,-0.0004809405,-0.0007630675685026116,0.023823999999999998
2026-04-04 02:00:00+00:00,66810.0,66889.0,66772.0,66804.0,386.28508,-3.3649e-06,-0.0005269194,-8.981094801495383e-05,-0.033649
2026-04-04 03:00:00+00:00,66805.0,66868.0,66793.0,66794.0,71.37796,-9.3546e-06,-0.0005748365,-0.00014970284014240555,-0.093546
2026-04-04 04:00:00+00:00,66795.0,66833.0,66728.0,66824.0,146.44487,-7.8242e-06,-0.0005625935,0.00044904130437669476,-0.078242
2026-04-04 05:00:00+00:00,66824.0,66905.0,66814.0,66866.0,193.07514,-3.1582e-06,-0.0005252657,0.0006283192666878243,-0.031582
2026-04-04 06:00:00+00:00,66866.0,67019.0,66866.0,66985.0,516.14575,1.0787e-06,-0.0004913704,0.0017780970086560888,0.010787
2026-04-04 07:00:00+00:00,66985.0,67003.0,66900.0,66977.0,280.05365,-1.3441e-06,-0.0005107525,-0.00011943685536958288,-0.013441
2026-04-04 08:00:00+00:00,66977.0,67015.0,66864.0,66897.0,455.20922,-7.4463e-06,-0.0005595703,-0.0011951537942037744,-0.074463
2026-04-04 09:00:00+00:00,66896.0,66957.0,66879.0,66944.0,156.74464,-9.9428e-06,-0.0005795421,0.0007023259230271311,-0.099428
2026-04-04 10:00:00+00:00,66944.0,67141.0,66880.0,67137.0,524.74947,-6.5787e-06,-0.0005526297,0.0028788587987243386,-0.065787
2026-04-04 11:00:00+00:00,67137.0,67198.0,67053.0,67126.0,727.18326,-1.9715e-06,-0.0005157721,-0.00016385750392304606,-0.019715
2026-04-04 12:00:00+00:00,67125.0,67145.0,67000.0,67057.0,556.42218,-4.6206e-06,-0.0005369645,-0.0010284463170712882,-0.046206000000000004
2026-04-04 13:00:00+00:00,67056.0,67241.0,67044.0,67167.0,454.05257,-2.5731e-06,-0.0005205846,0.001639051505336692,-0.025731
2026-04-04 14:00:00+00:00,67166.0,67170.0,66989.0,67167.0,377.8873,-1.3549e-05,-0.000608392,0.0,-0.13549
2026-04-04 15:00:00+00:00,67167.0,67493.0,67140.0,67337.0,816.20544,-2.03073e-05,-0.0006624587,0.0025278072105258858,-0.203073
2026-04-04 16:00:00+00:00,67336.0,67483.0,67282.0,67319.0,493.02723,-1.87294e-05,-0.0006498355,-0.0002673479103375834,-0.18729400000000002
2026-04-04 17:00:00+00:00,67319.0,67377.0,67242.0,67293.0,460.87746,-2.0357e-05,-0.0006628562,-0.00038629543166013216,-0.20356999999999997
2026-04-04 18:00:00+00:00,67292.0,67339.0,67227.0,67257.0,158.84718,-1.3946e-05,-0.0006115681,-0.0005351170696254736,-0.13946
2026-04-04 19:00:00+00:00,67257.0,67513.0,67239.0,67256.0,478.27014,-1.36321e-05,-0.000609057,-1.4868451376731296e-05,-0.136321
2026-04-04 20:00:00+00:00,67256.0,67257.0,67151.0,67223.0,367.09138,-5.1592e-06,-0.0005412738,-0.0004907829573745335,-0.051592
2026-04-04 21:00:00+00:00,67223.0,67430.0,67159.0,67316.0,504.69518,-9.3827e-06,-0.0005750617,0.0013824989752057573,-0.09382700000000001
2026-04-04 22:00:00+00:00,67315.0,67429.0,67300.0,67361.0,292.84345,-1.30313e-05,-0.0006042507,0.0006682655787502935,-0.130313
2026-04-04 23:00:00+00:00,67360.0,67361.0,67221.0,67264.0,166.39334,-9.6876e-06,-0.0005775012,-0.001441040175091157,-0.096876
2026-04-05 00:00:00+00:00,67263.0,67264.0,67112.0,67169.0,341.26896,-1.28064e-05,-0.0006024509,-0.0014133436851645198,-0.128064
2026-04-05 01:00:00+00:00,67169.0,67185.0,67043.0,67051.0,218.54962,-1.70056e-05,-0.0006360451,-0.001758307709747957,-0.17005599999999998
2026-04-05 02:00:00+00:00,67050.0,67141.0,66922.0,67136.0,570.00884,-1.73362e-05,-0.0006386898,0.001266888914258413,-0.173362
2026-04-05 03:00:00+00:00,67136.0,67152.0,67047.0,67095.0,150.82099,-1.37947e-05,-0.0006103576,-0.0006108872209108413,-0.13794700000000001
2026-04-05 04:00:00+00:00,67095.0,67154.0,67032.0,67054.0,401.70006,-1.46677e-05,-0.0006173416,-0.0006112606322313947,-0.146677
2026-04-05 05:00:00+00:00,67054.0,67116.0,66845.0,66885.0,634.25796,-1.04796e-05,-0.0005838366,-0.0025235381731400657,-0.104796
2026-04-05 06:00:00+00:00,66886.0,66901.0,66565.0,66764.0,1115.54098,-1.56392e-05,-0.0006251138,-0.001810713631378663,-0.156392
2026-04-05 07:00:00+00:00,66764.0,66868.0,66672.0,66770.0,1026.06818,-1.05732e-05,-0.0005845853,8.986475360632538e-05,-0.105732
2026-04-05 08:00:00+00:00,66770.0,66890.0,66770.0,66888.0,486.64324,-2.63455e-05,-0.000710764,0.0017657009779792757,-0.263455
2026-04-05 09:00:00+00:00,66889.0,67007.0,66840.0,66987.0,593.50216,-2.83484e-05,-0.0007267868,0.0014789918662361768,-0.283484
2026-04-05 10:00:00+00:00,66987.0,67119.0,66919.0,67003.0,366.32691,-2.45441e-05,-0.0006963528,0.00023882379395546226,-0.24544100000000002
2026-04-05 11:00:00+00:00,67002.0,67040.0,66927.0,66953.0,428.17117,-2.03716e-05,-0.0006629731,-0.0007465138153126603,-0.203716
2026-04-05 12:00:00+00:00,66953.0,66953.0,66637.0,66749.0,692.74298,-2.33904e-05,-0.0006871233,-0.003051564797905631,-0.233904
2026-04-05 13:00:00+00:00,66749.0,66884.0,66662.0,66853.0,369.71037,-2.4988e-05,-0.0006999038,0.0015568632356771804,-0.24988
2026-04-05 14:00:00+00:00,66853.0,66926.0,66776.0,66874.0,493.52891,-1.60002e-05,-0.0006280013,0.00031407270293389727,-0.160002
2026-04-05 15:00:00+00:00,66874.0,67809.0,66790.0,67259.0,2516.64754,-1.77249e-05,-0.0006417995,0.005740586690588416,-0.177249
2026-04-05 16:00:00+00:00,67259.0,67372.0,67134.0,67166.0,653.36706,-1.22883e-05,-0.0005983063,-0.001383671412873156,-0.122883
2026-04-05 17:00:00+00:00,67167.0,67362.0,67145.0,67333.0,505.20901,-1.87636e-05,-0.0006501088,0.002483291114735228,-0.187636
2026-04-05 18:00:00+00:00,67332.0,67419.0,67234.0,67361.0,379.18545,-1.89504e-05,-0.000651603,0.00041575720378530016,-0.189504
2026-04-05 19:00:00+00:00,67361.0,67525.0,67240.0,67320.0,592.58439,-1.29609e-05,-0.0006036869,-0.0006088461069718046,-0.129609
2026-04-05 20:00:00+00:00,67320.0,67653.0,67290.0,67619.0,849.23384,-1.47376e-05,-0.0006179007,0.004431639323678186,-0.14737599999999998
2026-04-05 21:00:00+00:00,67619.0,67639.0,67374.0,67498.0,677.57856,-1.23999e-05,-0.0005991996,-0.0017910408363949809,-0.123999
2026-04-05 22:00:00+00:00,67497.0,68340.0,67305.0,68295.0,3194.99586,-1.83538e-05,-0.0006468301,0.011738589644966744,-0.183538
2026-04-05 23:00:00+00:00,68295.0,69096.0,68223.0,68988.0,3791.51418,-1.0037e-05,-0.0005802958,0.010096018974299032,-0.10037
2026-04-06 00:00:00+00:00,68989.0,69700.0,68988.0,69042.0,4766.48091,-9.8878e-06,-0.0005791026,0.000782438640222289,-0.09887800000000001
2026-04-06 01:00:00+00:00,69043.0,69102.0,68763.0,68779.0,1432.45933,-1.008e-06,-0.0005080641,-0.0038165492811567006,-0.010079999999999999
2026-04-06 02:00:00+00:00,68771.0,69379.0,68753.0,69183.0,1519.80405,2.9207e-06,-0.0004766341,0.005856701914994427,0.029206999999999997
2026-04-06 03:00:00+00:00,69182.0,69229.0,69028.0,69085.0,1067.9435,6.3027e-06,-0.0004495784,-0.0014175371945814752,0.063027
2026-04-06 04:00:00+00:00,69085.0,69183.0,68943.0,69106.0,693.56529,2.5927e-06,-0.0004792587,0.0003039271755997483,0.025927000000000002
2026-04-06 05:00:00+00:00,69106.0,69204.0,69050.0,69166.0,415.81022,9.294e-07,-0.0004925645,0.0008678547177426842,0.009294
2026-04-06 06:00:00+00:00,69167.0,69324.0,68752.0,68939.0,1345.20357,3.2501e-06,-0.0004739989,-0.0032873567854455436,0.032501
2026-04-06 07:00:00+00:00,68940.0,69187.0,68791.0,69082.0,1138.43759,1.401e-06,-0.0004887924,0.002072149182628769,0.01401
2026-04-06 08:00:00+00:00,69083.0,69326.0,69051.0,69189.0,1065.69436,6.1694e-06,-0.0004506449,0.0015476856514867966,0.061694
2026-04-06 09:00:00+00:00,69189.0,70243.0,69188.0,69695.0,3867.61875,1.09716e-05,-0.000412227,0.007286688731204418,0.10971600000000001
2026-04-06 10:00:00+00:00,69696.0,69919.0,69667.0,69740.0,876.30975,1.20199e-05,-0.0004038408,0.0006454620656554204,0.120199
2026-04-06 11:00:00+00:00,69740.0,69740.0,69512.0,69585.0,1414.18808,1.25e-05,-0.0003879,-0.0022250143756884075,0.125
2026-04-06 12:00:00+00:00,69585.0,69598.0,69271.0,69318.0,992.15318,1.1844e-06,-0.0004905249,-0.003844414142880162,0.011844
2026-04-06 13:00:00+00:00,69318.0,69527.0,69195.0,69402.0,1419.43941,1.8709e-06,-0.0004850329,0.0012110728123830004,0.018709
2026-04-06 14:00:00+00:00,69402.0,69783.0,69120.0,69621.0,2525.92266,2.373e-06,-0.0004810157,0.0031505604274118582,0.02373
2026-04-06 15:00:00+00:00,69621.0,69926.0,69499.0,69926.0,1273.11752,1.7327e-06,-0.0004861386,0.004371294053858544,0.017327
2026-04-06 16:00:00+00:00,69925.0,70316.0,69741.0,69748.0,2524.02041,5.337e-07,-0.0004957304,-0.0025487935673424197,0.005337
2026-04-06 17:00:00+00:00,69748.0,69771.0,69223.0,69529.0,2278.464,-1.14632e-05,-0.0005917054,-0.0031448147287765895,-0.11463200000000001
2026-04-06 18:00:00+00:00,69529.0,69922.0,69436.0,69851.0,1351.83963,-1.07763e-05,-0.0005862101,0.004620470266290735,-0.10776300000000001
2026-04-06 19:00:00+00:00,69850.0,69851.0,69544.0,69706.0,970.38012,-1.10744e-05,-0.0005885951,-0.0020780047174570964,-0.11074400000000001
2026-04-06 20:00:00+00:00,69705.0,69941.0,69576.0,69785.0,947.40738,-8.5887e-06,-0.0005687097,0.0011326896853033799,-0.08588699999999999
2026-04-06 21:00:00+00:00,69786.0,69787.0,69391.0,69469.0,1548.64227,-4.5799e-06,-0.0005366395,-0.004538477062172152,-0.045799
2026-04-06 22:00:00+00:00,69469.0,69541.0,68758.0,68769.0,2208.08676,-1.10394e-05,-0.000588315,-0.010127547896786417,-0.11039399999999999
2026-04-06 23:00:00+00:00,68769.0,68881.0,68282.0,68818.0,2908.21063,-1.46985e-05,-0.0006175881,0.0007122766260131132,-0.146985
2026-04-07 00:00:00+00:00,68817.0,69080.0,68682.0,68736.0,1399.22391,2.6848e-06,-0.0004785213,-0.0011922591813172765,0.026848
2026-04-07 01:00:00+00:00,68737.0,68866.0,68306.0,68363.0,1174.47134,-6.154e-06,-0.0005492318,-0.00544133684883827,-0.06154
2026-04-07 02:00:00+00:00,68363.0,68687.0,68230.0,68648.0,1144.05557,-1.05452e-05,-0.0005843616,0.004160255907313232,-0.105452
2026-04-07 03:00:00+00:00,68644.0,68772.0,68592.0,68744.0,494.95425,-1.8383e-06,-0.0005147066,0.0013974615061021487,-0.018383
2026-04-07 04:00:00+00:00,68744.0,68966.0,68506.0,68826.0,927.2331,4.6691e-06,-0.000462647,0.0011921205162637731,0.046690999999999996
2026-04-07 05:00:00+00:00,68825.0,68835.0,68575.0,68628.0,322.46809,6.365e-07,-0.0004949083,-0.002880965806006171,0.006365
2026-04-07 06:00:00+00:00,68628.0,68628.0,68399.0,68542.0,1177.26377,-1.351e-06,-0.0005108082,-0.0012539186595936988,-0.013510000000000001
2026-04-07 07:00:00+00:00,68541.0,68673.0,68459.0,68590.0,470.53767,3.0901e-06,-0.000475279,0.000700055449644184,0.030900999999999998
2026-04-07 08:00:00+00:00,68589.0,68960.0,68564.0,68909.0,664.66015,5.3322e-06,-0.0004573425,0.004640042070687068,0.053322
2026-04-07 09:00:00+00:00,68909.0,69220.0,68898.0,69111.0,919.71243,7.5588e-06,-0.0004395296,0.0029271141027086053,0.075588
2026-04-07 10:00:00+00:00,69111.0,69169.0,68157.0,68193.0,2063.55312,1.03327e-05,-0.0004173387,-0.013371987399170195,0.103327
2026-04-07 11:00:00+00:00,68193.0,68432.0,68026.0,68316.0,1380.49143,-2.5651e-06,-0.0005205206,0.0018020794714895209,-0.025650999999999997
2026-04-07 12:00:00+00:00,68315.0,68584.0,68028.0,68362.0,1773.81123,8.904e-07,-0.000492877,0.0006731149378367716,0.008904
2026-04-07 13:00:00+00:00,68362.0,68600.0,68161.0,68204.0,1282.84125,1.9494e-06,-0.0004844049,-0.0023139005388766814,0.019494
2026-04-07 14:00:00+00:00,68204.0,68205.0,67728.0,67830.0,2205.49101,-2.6877e-06,-0.0005215017,-0.005498639197917014,-0.026877
2026-04-07 15:00:00+00:00,67829.0,68217.0,67695.0,68134.0,1328.36007,-2.1088e-06,-0.0005168703,0.004471779391393411,-0.021088
2026-04-07 16:00:00+00:00,68133.0,68426.0,68045.0,68203.0,1066.50188,4.8385e-06,-0.0004612922,0.001012197802373955,0.048385000000000004
2026-04-07 17:00:00+00:00,68203.0,68998.0,68155.0,68668.0,1671.6151,2.8201e-06,-0.000477439,0.006794745256927269,0.028201
2026-04-07 18:00:00+00:00,68669.0,68742.0,68315.0,68410.0,1221.7998,4.277e-06,-0.0004657843,-0.003764284635776167,0.042769999999999996
2026-04-07 19:00:00+00:00,68409.0,69084.0,68321.0,68999.0,3191.1256,7.655e-06,-0.0004387604,0.008572998965708676,0.07655
2026-04-07 20:00:00+00:00,68999.0,69540.0,68997.0,69290.0,3125.17944,9.2327e-06,-0.0004261381,0.004208583900674707,0.092327
2026-04-07 21:00:00+00:00,69291.0,70211.0,69279.0,69889.0,4936.96881,1.25e-05,-0.0003447595,0.008607673548786604,0.125
2026-04-07 22:00:00+00:00,69890.0,71554.0,69890.0,71495.0,8242.63899,1.25e-05,-0.0003583911,0.022719247996733888,0.125
2026-04-07 23:00:00+00:00,71494.0,72772.0,71175.0,71919.0,6997.21508,1.25e-05,-0.0001771329,0.005912968543734644,0.125
2026-04-08 00:00:00+00:00,71920.0,72111.0,71531.0,71701.0,2547.08291,1.25e-05,-6.36251e-05,-0.0030357912188342796,0.125
2026-04-08 01:00:00+00:00,71701.0,71757.0,71425.0,71458.0,1433.21601,1.25e-05,-0.0001008679,-0.003394829991528137,0.125
2026-04-08 02:00:00+00:00,71459.0,71720.0,71235.0,71352.0,1130.1451,1.25e-05,-0.000125421,-0.0014844901542765373,0.125
2026-04-08 03:00:00+00:00,71352.0,71476.0,71265.0,71283.0,531.36102,1.25e-05,-0.0001221959,-0.0009675045449206369,0.125
2026-04-08 04:00:00+00:00,71284.0,71700.0,71272.0,71567.0,1073.48784,1.25e-05,-0.0001615897,0.003976204048646977,0.125
2026-04-08 05:00:00+00:00,71567.0,71844.0,71553.0,71729.0,628.2012,1.25e-05,-4.43505e-05,0.0022610550052616727,0.125
2026-04-08 06:00:00+00:00,71730.0,71945.0,71573.0,71722.0,886.21537,1.25e-05,-6.36931e-05,-9.759430057027403e-05,0.125
2026-04-08 07:00:00+00:00,71723.0,71913.0,71577.0,71630.0,921.23347,1.25e-05,-5.17471e-05,-0.0012835539459639493,0.125
2026-04-08 08:00:00+00:00,71630.0,71818.0,71630.0,71793.0,392.37243,1.25e-05,-7.06651e-05,0.0022729976388520877,0.125
2026-04-08 09:00:00+00:00,71793.0,71963.0,71580.0,71670.0,654.10758,1.25e-05,-9.3526e-05,-0.0017147282593839841,0.125
2026-04-08 10:00:00+00:00,71671.0,71771.0,71400.0,71457.0,638.71359,1.25e-05,-0.0001377151,-0.002976379819940749,0.125
2026-04-08 11:00:00+00:00,71458.0,71721.0,71378.0,71657.0,845.92733,1.25e-05,-0.000229538,0.0027949764551086203,0.125
2026-04-08 12:00:00+00:00,71656.0,72157.0,71557.0,72049.0,1367.61849,1.25e-05,-0.0002380004,0.0054555964576971675,0.125
2026-04-08 13:00:00+00:00,72048.0,72851.0,71488.0,71581.0,6223.31821,1.25e-05,-0.0002591646,-0.0065167674756095775,0.125
2026-04-08 14:00:00+00:00,71581.0,71738.0,70676.0,70885.0,3515.42533,1.25e-05,-0.0001730645,-0.009770830053488451,0.125
2026-04-08 15:00:00+00:00,70885.0,71336.0,70811.0,71288.0,943.66027,1.25e-05,-0.0003137217,0.005669164740823793,0.125
2026-04-08 16:00:00+00:00,71288.0,71658.0,71226.0,71576.0,1144.21576,1.25e-05,-0.0002481471,0.004031811934876132,0.125
2026-04-08 17:00:00+00:00,71577.0,71941.0,71453.0,71858.0,1785.54426,1.25e-05,-0.0002900596,0.003932127157411438,0.125
2026-04-08 18:00:00+00:00,71859.0,71859.0,71044.0,71059.0,2334.78041,1.25e-05,-0.0003601748,-0.011181431523537221,0.125
2026-04-08 19:00:00+00:00,71060.0,71337.0,70979.0,71288.0,1337.89261,3.4689e-06,-0.0004722485,0.0032174924312497392,0.034689
2026-04-08 20:00:00+00:00,71288.0,71444.0,71227.0,71336.0,743.81186,2.0265e-06,-0.0004837884,0.0006730985221595736,0.020265
2026-04-08 21:00:00+00:00,71336.0,71726.0,71286.0,71516.0,991.77826,-1.8857e-06,-0.0005150858,0.0025200920569954503,-0.018857
2026-04-08 22:00:00+00:00,71516.0,71532.0,71027.0,71028.0,1016.94646,1.4503e-06,-0.0004883978,-0.006847035392985344,0.014502999999999999
2026-04-08 23:00:00+00:00,71028.0,71168.0,70845.0,71036.0,1344.89769,6.67e-08,-0.0004994661,0.00011262529576043977,0.000667
2026-04-09 00:00:00+00:00,71036.0,71098.0,70596.0,70773.0,1895.88507,6.955e-07,-0.0004944358,-0.0037092187595440256,0.006954999999999999
2026-04-09 01:00:00+00:00,70774.0,70928.0,70425.0,70895.0,1093.72653,-2.9114e-06,-0.000523291,0.0017223371567164933,-0.029114
2026-04-09 02:00:00+00:00,70895.0,71167.0,70780.0,71023.0,808.66728,6.4058e-06,-0.0004487539,0.0018038590553466273,0.064058
2026-04-09 03:00:00+00:00,71023.0,71079.0,70816.0,70961.0,476.42715,6.8484e-06,-0.000445213,-0.0008733378963927721,0.068484
2026-04-09 04:00:00+00:00,70961.0,70977.0,70703.0,70750.0,585.06119,4.4593e-06,-0.0004643252,-0.0029778938251281595,0.044593
2026-04-09 05:00:00+00:00,70750.0,71060.0,70646.0,70950.0,767.91121,3.3565e-06,-0.0004731481,0.002822867082704724,0.033565
2026-04-09 06:00:00+00:00,70950.0,71050.0,70765.0,70988.0,645.92261,3.7106e-06,-0.0004703156,0.0005354450662668968,0.037106
2026-04-09 07:00:00+00:00,70987.0,71076.0,70916.0,70941.0,511.88738,5.0594e-06,-0.0004595245,-0.0006623030066867955,0.050594
2026-04-09 08:00:00+00:00,70942.0,71343.0,70830.0,71220.0,883.56272,-2.1414e-06,-0.0005171311,0.003925132183999959,-0.021414
2026-04-09 09:00:00+00:00,71220.0,71535.0,71061.0,71500.0,1188.99419,4.1051e-06,-0.0004671593,0.0039237718503302285,0.041051
2026-04-09 10:00:00+00:00,71499.0,71501.0,71230.0,71230.0,516.95906,2.56e-08,-0.0004997955,-0.003783371709699526,0.000256
2026-04-09 11:00:00+00:00,71230.0,71306.0,71009.0,71100.0,1185.68736,-1.088e-06,-0.0005087038,-0.0018267411810672228,-0.01088
2026-04-09 12:00:00+00:00,71099.0,71281.0,71001.0,71241.0,728.16902,-1.0912e-05,-0.0005872961,0.001981158571579853,-0.10912
2026-04-09 13:00:00+00:00,71242.0,71317.0,70586.0,70763.0,1749.11831,-8.0506e-06,-0.0005644045,-0.0067322301535411595,-0.08050600000000001
2026-04-09 14:00:00+00:00,70764.0,71218.0,70495.0,71088.0,1762.98542,-1.17356e-05,-0.0005938844,0.004582280966318805,-0.117356
2026-04-09 15:00:00+00:00,71087.0,72359.0,70876.0,72108.0,6536.76836,-2.9466e-06,-0.0005235732,0.014246448946238643,-0.029466
2026-04-09 16:00:00+00:00,72109.0,72387.0,71710.0,72050.0,2800.04384,9.1331e-06,-0.0004269351,-0.0008046726942601091,0.09133100000000001
2026-04-09 17:00:00+00:00,72049.0,72525.0,72036.0,72317.0,3571.50082,6.4545e-06,-0.0004483642,0.003698910477090615,0.06454499999999999
2026-04-09 18:00:00+00:00,72317.0,72341.0,71714.0,71854.0,1846.02522,6.8748e-06,-0.0004450016,-0.006422950409264011,0.068748
2026-04-09 19:00:00+00:00,71855.0,72280.0,71714.0,72071.0,2563.31405,-2.006e-06,-0.0005160481,0.0030154617256473817,-0.020059999999999998
2026-04-09 20:00:00+00:00,72070.0,72439.0,71956.0,72388.0,1184.77193,1.2403e-05,-0.0004007756,0.004388795558949772,0.12403
2026-04-09 21:00:00+00:00,72389.0,72680.0,72108.0,72246.0,1498.91024,1.25e-05,-0.0003251683,-0.0019635776598177102,0.125
2026-04-09 22:00:00+00:00,72245.0,73158.0,71899.0,71915.0,4102.90841,1.25e-05,-0.0003755821,-0.004592096082284377,0.125
2026-04-09 23:00:00+00:00,71915.0,71998.0,71513.0,71758.0,2458.94258,1.25e-05,-0.0003536683,-0.0021855193737511437,0.125
2026-04-10 00:00:00+00:00,71757.0,71997.0,71564.0,71946.0,1311.30161,1.09263e-05,-0.0004125894,0.002616490943249603,0.10926300000000001
2026-04-10 01:00:00+00:00,71946.0,72367.0,71644.0,72128.0,1194.45166,1.25e-05,-0.0003699461,0.0025264807919599505,0.125
2026-04-10 02:00:00+00:00,72129.0,72271.0,71891.0,71921.0,562.04822,1.25e-05,-0.0003602608,-0.0028740240124571956,0.125
2026-04-10 03:00:00+00:00,71922.0,71987.0,71781.0,71847.0,301.89513,1.25e-05,-0.0003584623,-0.0010294364049726803,0.125
2026-04-10 04:00:00+00:00,71848.0,72191.0,71800.0,72099.0,383.98103,1.24855e-05,-0.0004001162,0.0035013165693178533,0.124855
2026-04-10 05:00:00+00:00,72099.0,72259.0,71986.0,72098.0,763.01643,1.25e-05,-0.0003364363,-1.3869914076125057e-05,0.125
2026-04-10 06:00:00+00:00,72099.0,72153.0,71771.0,71785.0,278.18943,1.25e-05,-0.0003646833,-0.004350764075465822,0.125
2026-04-10 07:00:00+00:00,71785.0,71819.0,71388.0,71457.0,1104.76079,1.25e-05,-0.0003312576,-0.004579670393770166,0.125
2026-04-10 08:00:00+00:00,71457.0,71733.0,71405.0,71577.0,1023.863,1.25e-05,-0.0003422776,0.0016779231253304763,0.125
2026-04-10 09:00:00+00:00,71577.0,71842.0,71571.0,71763.0,754.52168,1.25e-05,-0.0003640779,0.002595229585542655,0.125
2026-04-10 10:00:00+00:00,71762.0,71904.0,71685.0,71884.0,322.19169,1.25e-05,-0.0003296389,0.0016846857730153796,0.125
2026-04-10 11:00:00+00:00,71884.0,72230.0,71875.0,72096.0,652.43386,1.25e-05,-0.0003567339,0.00294485558005822,0.125
2026-04-10 12:00:00+00:00,72095.0,72434.0,71969.0,72227.0,2181.21111,1.25e-05,-0.000383315,0.0018153729617141421,0.125
2026-04-10 13:00:00+00:00,72227.0,72387.0,71870.0,72276.0,1352.2466,1.25e-05,-0.0003778643,0.000678186638036231,0.125
2026-04-10 14:00:00+00:00,72276.0,73132.0,72224.0,72880.0,3424.07831,1.18947e-05,-0.0004048423,0.00832212910211845,0.118947
2026-04-10 15:00:00+00:00,72880.0,73282.0,72336.0,72415.0,2798.29227,6.6363e-06,-0.0004469099,-0.006400792698883193,0.066363
2026-04-10 16:00:00+00:00,72416.0,73032.0,72355.0,72967.0,1563.87064,6.922e-07,-0.0004944624,0.007593823893478815,0.006922
2026-04-10 17:00:00+00:00,72967.0,73104.0,72762.0,73095.0,1068.03433,8.6392e-06,-0.0004308865,0.0017526808172806095,0.086392
2026-04-10 18:00:00+00:00,73095.0,73127.0,72836.0,73071.0,626.54134,3.9722e-06,-0.0004682222,-0.0003283937470504366,0.039722
2026-04-10 19:00:00+00:00,73071.0,73231.0,72852.0,73209.0,1468.74314,5.727e-06,-0.0004541837,0.0018867930125766356,0.05727
2026-04-10 20:00:00+00:00,73208.0,73479.0,73001.0,73321.0,1644.80084,-2.6853e-06,-0.0005214822,0.0015286974928167526,-0.026853
2026-04-10 21:00:00+00:00,73320.0,73326.0,72910.0,73160.0,997.63919,-3.8061e-06,-0.0005304489,-0.0021982381992572387,-0.038061
2026-04-10 22:00:00+00:00,73160.0,73200.0,72726.0,72838.0,1025.0632,-5.458e-07,-0.0005043664,-0.00441102648118666,-0.005458
2026-04-10 23:00:00+00:00,72837.0,72926.0,72750.0,72926.0,295.0356,4.277e-06,-0.0004657837,0.0012074313368349316,0.042769999999999996
2026-04-11 00:00:00+00:00,72926.0,72926.0,72760.0,72793.0,338.63219,4.6499e-06,-0.0004628006,-0.0018254316449041253,0.046499
2026-04-11 01:00:00+00:00,72793.0,72973.0,72650.0,72919.0,372.68846,9.5494e-06,-0.0004236045,0.00172943932421606,0.09549400000000001
2026-04-11 02:00:00+00:00,72921.0,73071.0,72885.0,72929.0,231.5743,8.7099e-06,-0.0004303207,0.0001371290660917142,0.087099
2026-04-11 03:00:00+00:00,72929.0,73043.0,72783.0,72839.0,198.35259,1.16345e-05,-0.0004069241,-0.001234839079032559,0.116345
2026-04-11 04:00:00+00:00,72839.0,72921.0,72649.0,72774.0,287.54342,1.13298e-05,-0.0004093614,-0.0008927774898856814,0.113298
2026-04-11 05:00:00+00:00,72773.0,72806.0,72631.0,72689.0,210.20545,9.5026e-06,-0.0004239793,-0.0011686822033719721,0.095026
2026-04-11 06:00:00+00:00,72688.0,72746.0,72592.0,72740.0,283.31509,7.8637e-06,-0.0004370901,0.0007013732074164228,0.07863700000000001
2026-04-11 07:00:00+00:00,72740.0,72805.0,72645.0,72705.0,151.12987,1.15181e-05,-0.0004078553,-0.00048128159339394305,0.115181
2026-04-11 08:00:00+00:00,72705.0,72778.0,72622.0,72646.0,238.41543,1.25e-05,-0.000387553,-0.0008118279645877702,0.125
2026-04-11 09:00:00+00:00,72645.0,72881.0,72593.0,72880.0,449.11918,1.25e-05,-0.000349303,0.003215922950841762,0.125
2026-04-11 10:00:00+00:00,72881.0,72887.0,72734.0,72818.0,292.89634,1.25e-05,-0.0003905242,-0.000851075563732803,0.125
2026-04-11 11:00:00+00:00,72818.0,72880.0,72798.0,72880.0,177.82975,1.00413e-05,-0.0004196693,0.0008510755637327066,0.100413
2026-04-11 12:00:00+00:00,72880.0,72957.0,72792.0,72911.0,285.56942,1.25e-05,-0.0003712187,0.0004252663122853422,0.125
2026-04-11 13:00:00+00:00,72912.0,72912.0,72500.0,72633.0,800.05334,1.25e-05,-0.0003289629,-0.0038201552531834317,0.125
2026-04-11 14:00:00+00:00,72633.0,72743.0,72571.0,72660.0,427.42424,1.25e-05,-0.0003913595,0.0003716627822509744,0.125
2026-04-11 15:00:00+00:00,72659.0,72880.0,72648.0,72830.0,302.94884,1.22872e-05,-0.0004017023,0.00233693143676787,0.122872
2026-04-11 16:00:00+00:00,72830.0,73200.0,72786.0,73018.0,1494.70077,1.10529e-05,-0.000411577,0.002578027866329582,0.110529
2026-04-11 17:00:00+00:00,73019.0,73155.0,72925.0,73080.0,621.80424,1.25e-05,-0.0003583025,0.0008487454136525965,0.125
2026-04-11 18:00:00+00:00,73079.0,73708.0,73011.0,73527.0,1820.86216,1.25e-05,-0.0002736901,0.006097954192393099,0.125
2026-04-11 19:00:00+00:00,73527.0,73773.0,73453.0,73659.0,1322.95484,1.25e-05,-0.0002895469,0.0017936493333462944,0.125
2026-04-11 20:00:00+00:00,73658.0,73669.0,73211.0,73264.0,1092.90842,1.25e-05,-0.000320688,-0.005376979120805608,0.125
2026-04-11 21:00:00+00:00,73265.0,73527.0,73188.0,73408.0,587.71768,1.25e-05,-0.0003652786,0.0019635655921657652,0.125
2026-04-11 22:00:00+00:00,73408.0,73553.0,73218.0,73350.0,584.75749,1.25e-05,-0.0003218174,-0.0007904169179147879,0.125
2026-04-11 23:00:00+00:00,73349.0,73349.0,72886.0,73015.0,709.97283,1.25e-05,-0.0003336346,-0.00457760509655591,0.125
2026-04-12 00:00:00+00:00,73015.0,73102.0,72825.0,73060.0,566.53811,1.25e-05,-0.0003473903,0.0006161218747017097,0.125
2026-04-12 01:00:00+00:00,73061.0,73115.0,71258.0,71596.0,4876.69117,1.25e-05,-0.0002814056,-0.020241814882882923,0.125
2026-04-12 02:00:00+00:00,71596.0,71897.0,71291.0,71727.0,2112.79657,1.15972e-05,-0.0004072224,0.0018280392746525915,0.11597199999999999
2026-04-12 03:00:00+00:00,71727.0,71833.0,71564.0,71570.0,957.37465,-9.639e-07,-0.000507711,-0.0021912540084000802,-0.009639
2026-04-12 04:00:00+00:00,71569.0,71650.0,71409.0,71435.0,571.4833,6.559e-07,-0.000494753,-0.0018880464333847216,0.006559000000000001
2026-04-12 05:00:00+00:00,71435.0,71767.0,71380.0,71680.0,1138.25319,5.7136e-06,-0.0004542908,0.0034238233495535926,0.057136
2026-04-12 06:00:00+00:00,71680.0,71726.0,71600.0,71617.0,467.46865,5.0413e-06,-0.0004596698,-0.0008792927145587927,0.050413000000000006
2026-04-12 07:00:00+00:00,71617.0,71716.0,71552.0,71643.0,561.13462,1.3929e-06,-0.0004888565,0.00036297641051891665,0.013929
2026-04-12 08:00:00+00:00,71642.0,71727.0,71560.0,71589.0,360.74056,-4.2964e-06,-0.000534371,-0.0007540214834459955,-0.042964
2026-04-12 09:00:00+00:00,71590.0,71600.0,71464.0,71498.0,387.17867,8.785e-07,-0.0004929722,-0.0012719535984236155,0.008785000000000001
2026-04-12 10:00:00+00:00,71498.0,71656.0,71316.0,71411.0,694.90279,1.6313e-06,-0.0004869494,-0.0012175581768502227,0.016313
2026-04-12 11:00:00+00:00,71411.0,71516.0,71365.0,71438.0,996.37362,2.1298e-06,-0.0004829616,0.0003780215517298957,0.021297999999999997
2026-04-12 12:00:00+00:00,71438.0,71475.0,71027.0,71053.0,1226.71427,3.8558e-06,-0.0004691535,-0.0054038632178681975,0.038558
2026-04-12 13:00:00+00:00,71052.0,71106.0,70833.0,70855.0,1726.25425,2.2916e-06,-0.0004816675,-0.0027905421609430553,0.022916
2026-04-12 14:00:00+00:00,70855.0,71064.0,70666.0,70709.0,1060.90528,2.0863e-06,-0.0004833099,-0.002062672031935978,0.020863
2026-04-12 15:00:00+00:00,70709.0,70905.0,70590.0,70849.0,791.90757,4.0129e-06,-0.0004678969,0.0019779884661427563,0.040129000000000005
2026-04-12 16:00:00+00:00,70848.0,70929.0,70784.0,70900.0,509.46486,5.1847e-06,-0.0004585227,0.0007195818270412632,0.051847
2026-04-12 17:00:00+00:00,70900.0,71178.0,70874.0,71099.0,632.02345,3.2047e-06,-0.0004743626,0.0028028384745956317,0.032047
2026-04-12 18:00:00+00:00,71100.0,71180.0,71019.0,71099.0,566.01135,4.0099e-06,-0.0004679205,0.0,0.040099
2026-04-12 19:00:00+00:00,71099.0,71194.0,71031.0,71044.0,452.0547,4.2025e-06,-0.0004663804,-0.0007738686075970842,0.042025
2026-04-12 20:00:00+00:00,71044.0,71408.0,70904.0,71308.0,1351.97646,-3.27e-08,-0.0005002618,0.0037091196845347846,-0.00032700000000000003
2026-04-12 21:00:00+00:00,71309.0,71413.0,71121.0,71331.0,643.43002,-8.5725e-06,-0.0005685802,0.0003224924487599493,-0.085725
2026-04-12 22:00:00+00:00,71332.0,71332.0,70450.0,70883.0,2807.04503,-7.8976e-06,-0.0005631809,-0.006300385080796067,-0.078976
2026-04-12 23:00:00+00:00,70883.0,70883.0,70524.0,70705.0,1573.54516,7.068e-07,-0.0004943454,-0.0025143386978391906,0.007068
2026-04-13 00:00:00+00:00,70708.0,71222.0,70585.0,71135.0,1195.20788,3.0638e-06,-0.0004754898,0.0060631883433903975,0.030638000000000002
2026-04-13 01:00:00+00:00,71135.0,71195.0,71002.0,71171.0,876.66513,6.3351e-06,-0.0004493192,0.0005059519734650592,0.06335099999999999
2026-04-13 02:00:00+00:00,71171.0,71248.0,70965.0,71038.0,748.88454,5.5078e-06,-0.0004559373,-0.00187048694214137,0.055078
2026-04-13 03:00:00+00:00,71037.0,71123.0,70877.0,70952.0,957.84603,8.6731e-06,-0.000430615,-0.0012113530603028333,0.086731
2026-04-13 04:00:00+00:00,70952.0,71105.0,70808.0,70854.0,1114.60068,5.4905e-06,-0.0004560763,-0.0013821702269516474,0.054905
2026-04-13 05:00:00+00:00,70853.0,70886.0,70614.0,70846.0,935.80073,1.7395e-06,-0.0004860836,-0.00011291460844738927,0.017395
2026-04-13 06:00:00+00:00,70845.0,71079.0,70844.0,70991.0,696.75697,-1.5848e-06,-0.0005126781,0.0020446012043837196,-0.015848
2026-04-13 07:00:00+00:00,70990.0,71034.0,70650.0,70791.0,837.5993,8.9837e-06,-0.0004281308,-0.002821234467789198,0.089837
2026-04-13 08:00:00+00:00,70792.0,70829.0,70529.0,70653.0,1001.42854,4.1716e-06,-0.0004666275,-0.0019513029013206843,0.041716
2026-04-13 09:00:00+00:00,70653.0,70876.0,70636.0,70757.0,527.81686,4.3437e-06,-0.00046525,0.0014709004844176532,0.043436999999999996
2026-04-13 10:00:00+00:00,70757.0,70811.0,70654.0,70707.0,350.18022,4.0844e-06,-0.000467325,-0.0007068936560831869,0.040844000000000005
2026-04-13 11:00:00+00:00,70708.0,70955.0,70708.0,70888.0,328.11087,2.7186e-06,-0.0004782508,0.002556588842640779,0.027186000000000002
2026-04-13 12:00:00+00:00,70888.0,71195.0,70731.0,71056.0,1006.14732,4.6852e-06,-0.0004625182,0.002367131804745149,0.046852
2026-04-13 13:00:00+00:00,71057.0,71696.0,70800.0,71626.0,2758.78215,5.5829e-06,-0.0004553369,0.007989837993279484,0.055829000000000004
2026-04-13 14:00:00+00:00,71625.0,72392.0,71364.0,72357.0,3804.27043,1.25e-05,-0.0003551268,0.010154063754787385,0.125
2026-04-13 15:00:00+00:00,72357.0,72436.0,71605.0,71830.0,3172.42358,-4.0823e-06,-0.0005326587,-0.007309984211103159,-0.040823
2026-04-13 16:00:00+00:00,71829.0,72388.0,71648.0,72162.0,2418.85534,-1.09187e-05,-0.0005873494,0.004611375469824394,-0.10918699999999999
2026-04-13 17:00:00+00:00,72162.0,72592.0,72022.0,72113.0,1691.71265,-2.7289e-06,-0.000521831,-0.0006792583868864408,-0.027288999999999997
2026-04-13 18:00:00+00:00,72108.0,72429.0,72008.0,72390.0,684.06244,-6.8759e-06,-0.000555007,0.0038338351354019634,-0.068759
2026-04-13 19:00:00+00:00,72390.0,73425.0,72256.0,73267.0,4044.34258,-2.7777e-06,-0.0005222212,0.012042134576548688,-0.027777
2026-04-13 20:00:00+00:00,73267.0,73340.0,72945.0,73094.0,2682.55071,-4.5367e-06,-0.0005362936,-0.0023640188379248353,-0.045367000000000005
2026-04-13 21:00:00+00:00,73093.0,73332.0,73031.0,73141.0,1150.8001,-2.43527e-05,-0.0006948213,0.0006428009931732479,-0.24352700000000002
2026-04-13 22:00:00+00:00,73141.0,74712.0,73134.0,74599.0,6007.02977,-8.2912e-06,-0.0005663292,0.019738017257285304,-0.082912
2026-04-13 23:00:00+00:00,74598.0,74907.0,74365.0,74387.0,2486.98174,1.20594e-05,-0.0004035252,-0.0028459069051535156,0.120594
2026-04-14 00:00:00+00:00,74387.0,74492.0,74046.0,74127.0,1808.48376,1.25e-05,-0.0003468867,-0.0035013569848292166,0.125
2026-04-14 01:00:00+00:00,74128.0,74400.0,73950.0,74358.0,843.87846,1.25e-05,-0.0003533586,0.0031114279066424967,0.125
2026-04-14 02:00:00+00:00,74357.0,74545.0,74260.0,74304.0,541.50878,1.25e-05,-0.0003575757,-0.000726480235365885,0.125
2026-04-14 03:00:00+00:00,74304.0,74468.0,74216.0,74417.0,615.00506,1.25e-05,-0.0003461062,0.001519624286355095,0.125
2026-04-14 04:00:00+00:00,74417.0,74484.0,74318.0,74352.0,515.56515,1.25e-05,-0.0003651785,-0.0008738380191589727,0.125
2026-04-14 05:00:00+00:00,74353.0,74404.0,74113.0,74174.0,963.79649,1.25e-05,-0.0003477566,-0.002396887887892358,0.125
2026-04-14 06:00:00+00:00,74174.0,74542.0,74174.0,74517.0,931.31511,1.25e-05,-0.0003779386,0.0046136028193434105,0.125
2026-04-14 07:00:00+00:00,74516.0,74893.0,74411.0,74508.0,1522.71289,1.25e-05,-0.0003825664,-0.00012078510331749943,0.125
2026-04-14 08:00:00+00:00,74509.0,74876.0,74434.0,74705.0,2350.58507,1.25e-05,-0.0003741306,0.0026405221322921006,0.125
2026-04-14 09:00:00+00:00,74706.0,74786.0,74392.0,74449.0,1321.62206,8.387e-06,-0.0004329042,-0.0034326970966833516,0.08387
2026-04-14 10:00:00+00:00,74448.0,74569.0,74300.0,74316.0,579.57334,-8.0086e-06,-0.0005640687,-0.0017880554624406875,-0.080086
2026-04-14 11:00:00+00:00,74315.0,74414.0,74242.0,74339.0,643.41104,-9.8733e-06,-0.0005789864,0.0003094413263398293,-0.09873300000000002
2026-04-14 12:00:00+00:00,74338.0,74437.0,74226.0,74416.0,915.70842,-3.4099e-06,-0.0005272791,0.0010352594114772101,-0.034099000000000004
2026-04-14 13:00:00+00:00,74416.0,75459.0,74373.0,75459.0,4644.24897,-4.3025e-06,-0.00053442,0.013918489912545509,-0.043025
2026-04-14 14:00:00+00:00,75458.0,76000.0,74939.0,74940.0,6265.83143,-1.139e-07,-0.0005009113,-0.0069016690287454635,-0.001139
2026-04-14 15:00:00+00:00,74939.0,75375.0,74480.0,75264.0,3734.51573,-2.32732e-05,-0.0006861857,0.004314139470565682,-0.232732
2026-04-14 16:00:00+00:00,75265.0,75634.0,74425.0,74592.0,2322.99862,-2.40632e-05,-0.0006925057,-0.008968669982760375,-0.240632
2026-04-14 17:00:00+00:00,74592.0,74889.0,74181.0,74690.0,1749.50524,-4.37798e-05,-0.0008502383,0.0013129515156286534,-0.43779799999999996
2026-04-14 18:00:00+00:00,74690.0,74753.0,73800.0,74044.0,2572.93542,-3.41474e-05,-0.0007731795,-0.008686703271536565,-0.341474
2026-04-14 19:00:00+00:00,74043.0,74351.0,73809.0,74158.0,1906.5828,-3.21675e-05,-0.0007573401,0.0015384410802096256,-0.321675
2026-04-14 20:00:00+00:00,74158.0,74381.0,73934.0,74037.0,1230.3084,-3.04334e-05,-0.0007434674,-0.0016329839318274333,-0.304334
2026-04-14 21:00:00+00:00,74037.0,74259.0,73888.0,74228.0,1370.11206,-3.73029e-05,-0.0007984235,0.002576469236271618,-0.373029
2026-04-14 22:00:00+00:00,74228.0,74324.0,73800.0,73986.0,1897.9892,-3.87815e-05,-0.0008102516,-0.003265551365643996,-0.387815
2026-04-14 23:00:00+00:00,73985.0,74188.0,73954.0,74098.0,1168.22979,-2.156e-05,-0.0006724797,0.0015126552680349507,-0.2156
2026-04-15 00:00:00+00:00,74097.0,74637.0,74079.0,74527.0,1387.31174,-1.60079e-05,-0.0006280635,0.005772934451558598,-0.160079
2026-04-15 01:00:00+00:00,74527.0,74726.0,74448.0,74559.0,1117.97063,-1.41059e-05,-0.0006128475,0.00042928243418460116,-0.141059
2026-04-15 02:00:00+00:00,74558.0,74647.0,74135.0,74279.0,784.78784,-1.53487e-05,-0.0006227896,-0.0037624844503868827,-0.153487
2026-04-15 03:00:00+00:00,74278.0,74333.0,74125.0,74300.0,482.56752,-1.61713e-05,-0.0006293707,0.000282677903873813,-0.161713
2026-04-15 04:00:00+00:00,74300.0,74400.0,74218.0,74294.0,538.17862,-1.44376e-05,-0.0006155005,-8.075696196697645e-05,-0.144376
2026-04-15 05:00:00+00:00,74294.0,74388.0,73826.0,73976.0,1493.37887,-5.1385e-06,-0.0005411082,-0.004289478486409046,-0.051385
2026-04-15 06:00:00+00:00,73975.0,74006.0,73817.0,73844.0,332.98924,-1.30892e-05,-0.0006047135,-0.001785956367014445,-0.130892
2026-04-15 07:00:00+00:00,73844.0,73963.0,73451.0,73687.0,1092.17498,-1.48697e-05,-0.0006189576,-0.002128367045119872,-0.148697
2026-04-15 08:00:00+00:00,73688.0,74153.0,73635.0,74080.0,1541.94913,-1.43471e-05,-0.0006147771,0.005319197474720887,-0.14347100000000002
2026-04-15 09:00:00+00:00,74080.0,74140.0,73870.0,73970.0,602.63574,-3.4245e-06,-0.0005273959,-0.0014859847381476009,-0.034245
2026-04-15 10:00:00+00:00,73971.0,74197.0,73752.0,73801.0,1581.76122,-1.3056e-05,-0.0006044483,-0.0022873239496503735,-0.13056
2026-04-15 11:00:00+00:00,73801.0,74220.0,73800.0,74161.0,939.5349,-7.343e-06,-0.0005587437,0.004866123874705271,-0.07343
2026-04-15 12:00:00+00:00,74161.0,74417.0,74001.0,74241.0,1240.03948,-7.9024e-06,-0.0005632189,0.0010781526899829067,-0.07902400000000001
2026-04-15 13:00:00+00:00,74241.0,74399.0,73772.0,74020.0,1466.63463,-5.641e-07,-0.0005045124,-0.0029812312568041574,-0.005641
2026-04-15 14:00:00+00:00,74020.0,74470.0,73800.0,74100.0,1581.27993,5.29e-07,-0.000495768,0.0010802053440313814,0.00529
2026-04-15 15:00:00+00:00,74100.0,74263.0,73550.0,73797.0,1608.75441,1.8175e-06,-0.0004854601,-0.004097451928368671,0.018175
2026-04-15 16:00:00+00:00,73797.0,74134.0,73722.0,73898.0,819.32039,-1.6432e-06,-0.0005131458,0.0013676836147990216,-0.016432
2026-04-15 17:00:00+00:00,73898.0,74209.0,73874.0,74087.0,616.80315,-1.9967e-06,-0.0005159736,0.002554314325927769,-0.019967
2026-04-15 18:00:00+00:00,74086.0,74374.0,74032.0,74348.0,1094.6621,-6.709e-07,-0.0005053673,0.003516694431707302,-0.006709
2026-04-15 19:00:00+00:00,74348.0,75255.0,74326.0,74930.0,3094.63988,4.184e-07,-0.0004966526,0.007797571630112894,0.004184
2026-04-15 20:00:00+00:00,74931.0,74979.0,74444.0,74791.0,2344.0882,-3.6571e-06,-0.0005292567,-0.001856787490537633,-0.036571
2026-04-15 21:00:00+00:00,74791.0,74808.0,74515.0,74700.0,775.05147,-1.44736e-05,-0.0006157884,-0.001217464746910142,-0.144736
2026-04-15 22:00:00+00:00,74700.0,75400.0,74699.0,74912.0,1763.73856,-1.12141e-05,-0.0005897128,0.0028339991697286914,-0.112141
2026-04-15 23:00:00+00:00,74912.0,74913.0,74587.0,74774.0,1003.40945,-5.6304e-06,-0.0005450431,-0.0018438603356083726,-0.05630400000000001
2026-04-16 00:00:00+00:00,74775.0,74848.0,74422.0,74777.0,1520.4322,-6.8305e-06,-0.0005546441,4.012009281647591e-05,-0.068305
2026-04-16 01:00:00+00:00,74777.0,74777.0,74414.0,74605.0,1095.56716,-3.6102e-06,-0.0005288814,-0.0023028219733234527,-0.036102
2026-04-16 02:00:00+00:00,74605.0,75228.0,74554.0,74846.0,1314.43128,-1.07555e-05,-0.0005860437,0.0032251401315124407,-0.10755500000000001
2026-04-16 03:00:00+00:00,74846.0,75100.0,74824.0,74849.0,913.2772,-4.9071e-06,-0.0005392568,4.008149905342241e-05,-0.049071
2026-04-16 04:00:00+00:00,74849.0,75147.0,74664.0,74906.0,1655.37899,-1.0613e-06,-0.0005084905,0.0007612434009225921,-0.010613
2026-04-16 05:00:00+00:00,74905.0,75099.0,74860.0,75008.0,588.12209,-4.679e-07,-0.0005037435,0.0013607803906193526,-0.004679
2026-04-16 06:00:00+00:00,75009.0,75076.0,74819.0,74992.0,787.44265,3.1269e-06,-0.0004749848,-0.00021333333414243682,0.031269
2026-04-16 07:00:00+00:00,74991.0,75056.0,74584.0,74671.0,597.55725,5.2702e-06,-0.0004578387,-0.004289643963141392,0.052702
2026-04-16 08:00:00+00:00,74671.0,74711.0,74468.0,74632.0,807.17754,1.8609e-06,-0.000485113,-0.0005224275585490532,0.018609
2026-04-16 09:00:00+00:00,74632.0,74880.0,74555.0,74555.0,1140.92785,6.911e-07,-0.0004944711,-0.0010322616157891643,0.0069110000000000005
2026-04-16 10:00:00+00:00,74555.0,74609.0,74232.0,74269.0,1523.43897,6.716e-07,-0.0004946272,-0.003843470839008535,0.006716
2026-04-16 11:00:00+00:00,74269.0,74534.0,74236.0,74531.0,1109.70507,-3.0758e-06,-0.0005246066,0.00352150901553315,-0.030757999999999997
2026-04-16 12:00:00+00:00,74531.0,74820.0,74530.0,74583.0,1094.67273,-1.54264e-05,-0.0006234114,0.00069745298372941,-0.15426399999999998
2026-04-16 13:00:00+00:00,74582.0,74974.0,73254.0,73750.0,5122.48537,-1.62719e-05,-0.0006301756,-0.01123160398319559,-0.162719
2026-04-16 14:00:00+00:00,73749.0,74151.0,73371.0,73931.0,3451.35499,-6.5127e-06,-0.0005521015,0.0024512305662701007,-0.065127
2026-04-16 15:00:00+00:00,73931.0,74869.0,73880.0,74653.0,3802.74438,-9.1331e-06,-0.0005730652,0.009718484933364448,-0.09133100000000001
2026-04-16 16:00:00+00:00,74653.0,74896.0,74007.0,74125.0,2076.26018,1.2307e-06,-0.0004901542,-0.007097853401674288,0.012306999999999998
2026-04-16 17:00:00+00:00,74124.0,74410.0,73816.0,74301.0,1826.47902,2.5235e-06,-0.0004798121,0.002371553265454908,0.025235
2026-04-16 18:00:00+00:00,74301.0,75064.0,74193.0,75012.0,2055.3016,2.9733e-06,-0.0004762139,0.009523690154331148,0.029733
2026-04-16 19:00:00+00:00,75011.0,75386.0,74698.0,75316.0,2239.25097,9.8641e-06,-0.0004210869,0.004044494896506444,0.09864099999999999
2026-04-16 20:00:00+00:00,75316.0,75499.0,74960.0,75183.0,1805.51586,1.11566e-05,-0.0004107475,-0.0017674540644542804,0.111566
2026-04-16 21:00:00+00:00,75184.0,75248.0,74761.0,74900.0,808.21472,3.2671e-06,-0.0004738632,-0.003771251046553892,0.032671
2026-04-16 22:00:00+00:00,74900.0,75088.0,74791.0,74830.0,913.09854,-4.801e-07,-0.0005038404,-0.000935016430906643,-0.004801
2026-04-16 23:00:00+00:00,74829.0,75149.0,74801.0,75130.0,579.85312,3.268e-07,-0.0004973854,0.004001072288801981,0.003268
2026-04-17 00:00:00+00:00,75129.0,75129.0,74839.0,74909.0,425.7204,6.7867e-06,-0.0004457066,-0.0029459028629374617,0.067867
2026-04-17 01:00:00+00:00,74909.0,74996.0,74529.0,74708.0,711.92121,8.3384e-06,-0.0004332925,-0.0026868620667711974,0.083384
2026-04-17 02:00:00+00:00,74709.0,74782.0,74501.0,74671.0,437.01475,2.2463e-06,-0.0004820296,-0.0004953842341515948,0.022463
2026-04-17 03:00:00+00:00,74672.0,74808.0,74566.0,74578.0,248.88852,4.0032e-06,-0.0004679745,-0.0012462396670882448,0.040032
2026-04-17 04:00:00+00:00,74578.0,74812.0,74557.0,74746.0,213.11467,7.2651e-06,-0.0004418796,0.0022501415831871338,0.07265100000000001
2026-04-17 05:00:00+00:00,74746.0,74775.0,74509.0,74604.0,547.26941,5.8203e-06,-0.000453438,-0.001901574058106962,0.058203
2026-04-17 06:00:00+00:00,74604.0,74908.0,74561.0,74891.0,302.41535,1.7514e-06,-0.0004859888,0.0038395980145380457,0.017514000000000002
2026-04-17 07:00:00+00:00,74890.0,75066.0,74890.0,75042.0,785.3111,4.4795e-06,-0.0004641638,0.002014233705085806,0.044795
2026-04-17 08:00:00+00:00,75041.0,75846.0,74953.0,75721.0,2307.32473,7.2612e-06,-0.0004419102,0.009007576009540968,0.072612
2026-04-17 09:00:00+00:00,75721.0,76316.0,75477.0,75729.0,3052.57932,-3.57e-08,-0.0005002855,0.00010564542763212728,-0.000357
2026-04-17 10:00:00+00:00,75729.0,75840.0,75050.0,75228.0,1899.62249,-2.0019e-06,-0.0005160152,-0.006637676152165669,-0.020019
2026-04-17 11:00:00+00:00,75227.0,75558.0,75198.0,75541.0,866.32986,-1.16745e-05,-0.000593396,0.0041520531364494595,-0.116745
2026-04-17 12:00:00+00:00,75542.0,76225.0,75479.0,76201.0,2444.64029,-1.28326e-05,-0.0006026605,0.008699030749788773,-0.128326
2026-04-17 13:00:00+00:00,76201.0,77407.0,76024.0,77286.0,8996.44275,-5.6944e-06,-0.0005455556,0.014138240675935826,-0.056944
2026-04-17 14:00:00+00:00,77287.0,78000.0,76961.0,77835.0,5819.38763,6.622e-07,-0.0004947024,0.007078374845806786,0.006622
2026-04-17 15:00:00+00:00,77835.0,77925.0,77387.0,77717.0,3044.24256,-8.4281e-06,-0.0005674247,-0.0015171778265101114,-0.084281
2026-04-17 16:00:00+00:00,77717.0,78279.0,77666.0,77796.0,3296.24216,-2.20303e-05,-0.000676242,0.0010159923195563062,-0.22030300000000003
2026-04-17 17:00:00+00:00,77796.0,77862.0,77050.0,77473.0,2490.43763,-2.65216e-05,-0.0007121724,-0.00416052741921507,-0.265216
2026-04-17 18:00:00+00:00,77474.0,77519.0,77050.0,77117.0,1803.66948,-1.55055e-05,-0.0006240441,-0.004605739430932176,-0.155055
2026-04-17 19:00:00+00:00,77116.0,77413.0,76975.0,77345.0,1364.26092,-1.22773e-05,-0.0005982186,0.0029521845579166235,-0.12277300000000001
2026-04-17 20:00:00+00:00,77357.0,77555.0,77108.0,77296.0,958.38249,-1.1946e-05,-0.0005955679,-0.0006337258765773297,-0.11946000000000001
2026-04-17 21:00:00+00:00,77295.0,77453.0,77228.0,77398.0,617.50071,-2.2665e-05,-0.0006813197,0.0013187326564956887,-0.22665000000000002
2026-04-17 22:00:00+00:00,77398.0,77476.0,77214.0,77249.0,897.62831,-1.11584e-05,-0.0005892673,-0.0019269697582974814,-0.111584
2026-04-17 23:00:00+00:00,77248.0,77249.0,76835.0,77021.0,822.76366,-1.26582e-05,-0.0006012653,-0.0029558587671600937,-0.126582
2026-04-18 00:00:00+00:00,77021.0,77209.0,76930.0,77119.0,721.95162,-1.8937e-05,-0.0006514958,0.0012715714701521813,-0.18936999999999998
2026-04-18 01:00:00+00:00,77121.0,77289.0,77062.0,77168.0,622.2759,-1.63757e-05,-0.0006310054,0.000635179913374819,-0.16375699999999999
2026-04-18 02:00:00+00:00,77167.0,77369.0,77071.0,77244.0,357.15383,-1.50709e-05,-0.000620567,0.0009843795318629797,-0.150709
2026-04-18 03:00:00+00:00,77244.0,77249.0,76924.0,76954.0,301.41337,-1.44502e-05,-0.0006156019,-0.0037614021182303527,-0.144502
2026-04-18 04:00:00+00:00,76955.0,77115.0,76850.0,77073.0,474.4232,-1.2034e-05,-0.0005962719,0.001545183944074265,-0.12034
2026-04-18 05:00:00+00:00,77073.0,77228.0,77061.0,77085.0,329.45029,-7.3326e-06,-0.0005586607,0.00015568442797948799,-0.073326
2026-04-18 06:00:00+00:00,77085.0,77175.0,77013.0,77088.0,165.16108,-1.0466e-05,-0.0005837281,3.8917320158208654e-05,-0.10465999999999999
2026-04-18 07:00:00+00:00,77087.0,77091.0,76860.0,76956.0,528.14828,-5.4072e-06,-0.0005432573,-0.0017137964777346304,-0.054071999999999995
2026-04-18 08:00:00+00:00,76956.0,77000.0,76457.0,76691.0,1228.0549,1.2496e-06,-0.0004900029,-0.0034494687532575443,0.012496
2026-04-18 09:00:00+00:00,76692.0,76692.0,76370.0,76559.0,1508.28929,3e-10,-0.0004999977,-0.0017226757930666515,3e-06
2026-04-18 10:00:00+00:00,76559.0,76560.0,76093.0,76151.0,1200.71615,-1.49217e-05,-0.0006193732,-0.005343474177092471,-0.149217
2026-04-18 11:00:00+00:00,76151.0,76151.0,75728.0,76004.0,1585.02282,-2.6218e-06,-0.0005209742,-0.001932240751024121,-0.026218
2026-04-18 12:00:00+00:00,76005.0,76263.0,76005.0,76172.0,1110.75244,-3.803e-07,-0.0005030424,0.0022079706162847043,-0.003803
2026-04-18 13:00:00+00:00,76173.0,76180.0,75750.0,76079.0,844.34502,2.1438e-06,-0.0004828499,-0.0012216670047046146,0.021438000000000002
2026-04-18 14:00:00+00:00,76079.0,76246.0,75926.0,76214.0,934.5951,7.28e-07,-0.0004941762,0.0017728987591111515,0.007279999999999999
2026-04-18 15:00:00+00:00,76213.0,76315.0,75969.0,76120.0,631.41635,3.008e-07,-0.0004975935,-0.0012341304230280513,0.003008
2026-04-18 16:00:00+00:00,76121.0,76164.0,75619.0,75901.0,892.32075,-5.8545e-06,-0.0005468359,-0.0028811828825905934,-0.05854499999999999
2026-04-18 17:00:00+00:00,75902.0,75919.0,75737.0,75772.0,547.69962,-7.1123e-06,-0.0005568984,-0.001701028279325839,-0.07112299999999999
2026-04-18 18:00:00+00:00,75772.0,75799.0,75402.0,75600.0,1834.88463,-8.5786e-06,-0.0005686284,-0.002272548080545074,-0.085786
2026-04-18 19:00:00+00:00,75601.0,75753.0,75517.0,75608.0,784.1347,-2.45205e-05,-0.0006961644,0.00010581450726772289,-0.245205
2026-04-18 20:00:00+00:00,75608.0,75794.0,75552.0,75705.0,509.66197,-2.46542e-05,-0.0006972338,0.0012821107675803365,-0.24654199999999998
2026-04-18 21:00:00+00:00,75705.0,75792.0,75532.0,75766.0,535.30872,-1.76829e-05,-0.0006414632,0.0008054347472147961,-0.176829
2026-04-18 22:00:00+00:00,75766.0,75830.0,75550.0,75781.0,552.06536,-2.17784e-05,-0.0006742272,0.00019795838979297156,-0.217784
2026-04-18 23:00:00+00:00,75780.0,75836.0,75639.0,75642.0,966.75172,-2.12517e-05,-0.0006700133,-0.001835917120155868,-0.21251699999999998
2026-04-19 00:00:00+00:00,75642.0,75802.0,75500.0,75622.0,620.91686,-1.95831e-05,-0.0006566645,-0.0002644383345217426,-0.19583099999999998
2026-04-19 01:00:00+00:00,75622.0,75752.0,75408.0,75572.0,698.27575,-2.06578e-05,-0.0006652622,-0.00066140193159412,-0.206578
2026-04-19 02:00:00+00:00,75572.0,75685.0,75354.0,75447.0,676.34129,-1.47201e-05,-0.0006177611,-0.0016554212191318338,-0.147201
2026-04-19 03:00:00+00:00,75448.0,75593.0,75308.0,75467.0,465.25852,-8.834e-06,-0.0005706718,0.00026505162035441647,-0.08834
2026-04-19 04:00:00+00:00,75466.0,75728.0,75378.0,75629.0,550.02124,-7.7053e-06,-0.0005616422,0.002144332901932685,-0.07705300000000001
2026-04-19 05:00:00+00:00,75629.0,75648.0,75450.0,75508.0,524.2833,-6.6869e-06,-0.000553495,-0.0016011966077394706,-0.066869
2026-04-19 06:00:00+00:00,75508.0,75508.0,75232.0,75340.0,624.23852,-5.7351e-06,-0.0005458812,-0.0022274086425923332,-0.057351000000000006
2026-04-19 07:00:00+00:00,75341.0,75349.0,74851.0,75210.0,1550.32661,-1.16717e-05,-0.0005933733,-0.0017270014255832467,-0.116717
2026-04-19 08:00:00+00:00,75209.0,75262.0,75032.0,75221.0,771.76109,-8.3646e-06,-0.0005669166,0.00014624645212222943,-0.083646
2026-04-19 09:00:00+00:00,75221.0,75231.0,74877.0,74973.0,912.16159,3.7529e-06,-0.0004699764,-0.00330239856967982,0.037529
2026-04-19 10:00:00+00:00,74973.0,75200.0,74889.0,75183.0,511.17132,-6.3134e-06,-0.000550507,0.0027970928489735552,-0.06313400000000001
2026-04-19 11:00:00+00:00,75183.0,75597.0,75182.0,75565.0,1231.38216,-2.008e-07,-0.0005016062,0.0050680714523561885,-0.002008
2026-04-19 12:00:00+00:00,75565.0,75664.0,75385.0,75533.0,981.6849,4.6254e-06,-0.0004629971,-0.00042356616869084336,0.046253999999999997
2026-04-19 13:00:00+00:00,75533.0,76195.0,75509.0,75884.0,1638.4907,-5.8242e-06,-0.0005465935,0.004636211636905844,-0.058242
2026-04-19 14:00:00+00:00,75885.0,76115.0,75634.0,75986.0,962.51916,-2.1583e-06,-0.0005172664,0.0013432543008735057,-0.021583
2026-04-19 15:00:00+00:00,75985.0,76119.0,75374.0,75811.0,1752.40723,-1.0497e-06,-0.0005083977,-0.002305711938042005,-0.010497000000000001
2026-04-19 16:00:00+00:00,75810.0,75818.0,75251.0,75343.0,951.43303,6.9e-09,-0.0004999448,-0.0061923798970087,6.9e-05
2026-04-19 17:00:00+00:00,75343.0,75350.0,74577.0,74737.0,1883.69388,-4.6187e-06,-0.0005369493,-0.008075736853431126,-0.046187000000000006
2026-04-19 18:00:00+00:00,74737.0,74861.0,74558.0,74737.0,1262.70455,-1.35901e-05,-0.0006087212,0.0,-0.135901
2026-04-19 19:00:00+00:00,74737.0,75033.0,74737.0,74926.0,1345.04523,-1.29344e-05,-0.0006034753,0.0025256756909834326,-0.129344
2026-04-19 20:00:00+00:00,74927.0,74927.0,74388.0,74591.0,1244.85467,1.6594e-06,-0.0004867244,-0.0044811032935985085,0.016594
2026-04-19 21:00:00+00:00,74592.0,74779.0,74317.0,74375.0,827.58522,-1.0674e-06,-0.0005085389,-0.002899992634281779,-0.010674
2026-04-19 22:00:00+00:00,74376.0,74380.0,73718.0,74003.0,3675.45526,-1.7233e-06,-0.0005137862,-0.00501423094282905,-0.017233000000000002
2026-04-19 23:00:00+00:00,74003.0,74013.0,73740.0,73741.0,1311.59838,-5.1759e-06,-0.0005414074,-0.0035466790480826954,-0.051759
2026-04-20 00:00:00+00:00,73741.0,74313.0,73690.0,74248.0,1152.59326,-1.15768e-05,-0.0005926141,0.006851887418209648,-0.11576800000000001
2026-04-20 01:00:00+00:00,74244.0,74722.0,74181.0,74556.0,1671.80316,-5.2337e-06,-0.0005418698,0.00413967957646552,-0.052337
2026-04-20 02:00:00+00:00,74557.0,74591.0,74265.0,74371.0,748.4037,4.811e-07,-0.0004961514,-0.0024844399626456986,0.004811
2026-04-20 03:00:00+00:00,74372.0,74619.0,74307.0,74606.0,753.56193,-6.557e-07,-0.0005052458,0.0031548520229925455,-0.006557
2026-04-20 04:00:00+00:00,74606.0,74607.0,74400.0,74530.0,286.76868,1.1004e-06,-0.0004911966,-0.0010192040363014119,0.011004000000000002
2026-04-20 05:00:00+00:00,74528.0,74528.0,74067.0,74234.0,625.29644,3.3371e-06,-0.0004733036,-0.003979462647203143,0.033371000000000005
2026-04-20 06:00:00+00:00,74234.0,74864.0,74222.0,74755.0,950.96638,-3.3659e-06,-0.0005269273,0.00699383341949172,-0.033659
2026-04-20 07:00:00+00:00,74755.0,75522.0,74614.0,74797.0,2070.54181,5.7433e-06,-0.0004540535,0.000561677558363561,0.057433
2026-04-20 08:00:00+00:00,74797.0,74971.0,74578.0,74694.0,810.48657,6.3816e-06,-0.0004489474,-0.0013780095965507445,0.063816
2026-04-20 09:00:00+00:00,74693.0,75208.0,74661.0,75030.0,401.24438,9.662e-07,-0.0004922702,0.004488265929933452,0.009661999999999999
2026-04-20 10:00:00+00:00,75030.0,75375.0,74959.0,74987.0,662.21155,3.9129e-06,-0.0004686967,-0.0005732683786186044,0.039129000000000004
2026-04-20 11:00:00+00:00,74987.0,75248.0,74909.0,75154.0,967.55918,2.7763e-06,-0.0004777892,0.002224576483038863,0.027763
2026-04-20 12:00:00+00:00,75154.0,75652.0,75035.0,75253.0,1570.29775,1.2144e-06,-0.0004902849,0.0013164282818900472,0.012144
2026-04-20 13:00:00+00:00,75253.0,75397.0,74811.0,75233.0,1402.96465,6.9385e-06,-0.000444492,-0.0002658054585509824,0.069385
2026-04-20 14:00:00+00:00,75232.0,75722.0,74870.0,74990.0,2171.57099,4.7016e-06,-0.0004623873,-0.0032351931720985606,0.047016
2026-04-20 15:00:00+00:00,74989.0,75721.0,74661.0,75668.0,2504.51112,1.759e-06,-0.0004859279,0.009000578490118824,0.01759
2026-04-20 16:00:00+00:00,75668.0,75679.0,75252.0,75302.0,957.53222,-5.2834e-06,-0.0005422674,-0.004848654925324076,-0.052834
2026-04-20 17:00:00+00:00,75302.0,75949.0,75244.0,75861.0,1794.92751,1.2074e-06,-0.0004903411,0.007396023473471676,0.012074000000000001
2026-04-20 18:00:00+00:00,75860.0,76426.0,75860.0,76375.0,2625.18221,5.0884e-06,-0.0004592928,0.006752699140195002,0.050884000000000006
2026-04-20 19:00:00+00:00,76375.0,76444.0,76108.0,76260.0,1275.59141,7.135e-07,-0.0004942924,-0.0015068630623417672,0.007135000000000001
2026-04-20 20:00:00+00:00,76259.0,76540.0,76073.0,76246.0,1181.16959,-3.598e-07,-0.000502878,-0.00018359933431249964,-0.0035979999999999996
2026-04-20 21:00:00+00:00,76246.0,76330.0,75738.0,75910.0,1004.2274,-6.1433e-06,-0.0005491463,-0.004416527066428437,-0.061433
2026-04-20 22:00:00+00:00,75910.0,76100.0,75861.0,75926.0,480.95093,-8.6099e-06,-0.0005688788,0.0002107537087280812,-0.08609900000000001
2026-04-20 23:00:00+00:00,75925.0,75925.0,75576.0,75802.0,991.41954,-4.9213e-06,-0.0005393701,-0.0016345042128884605,-0.049213
2026-04-21 00:00:00+00:00,75801.0,76069.0,75653.0,76059.0,1209.82948,-4.2796e-06,-0.0005342372,0.003384677374048209,-0.042795999999999994
2026-04-21 01:00:00+00:00,76059.0,76223.0,75818.0,75880.0,1545.55326,5.003e-07,-0.0004959977,-0.0023562098317511763,0.005003
2026-04-21 02:00:00+00:00,75880.0,75883.0,75535.0,75539.0,1103.68825,-6.252e-07,-0.0005050015,-0.004504065889718311,-0.006252
2026-04-21 03:00:00+00:00,75540.0,75680.0,75409.0,75669.0,781.44184,-1.4909e-05,-0.0006192724,0.0017194861651523901,-0.14909
2026-04-21 04:00:00+00:00,75670.0,75778.0,75560.0,75768.0,550.38105,-1.01314e-05,-0.0005810509,0.0013074745815525484,-0.10131399999999999
2026-04-21 05:00:00+00:00,75769.0,75950.0,75746.0,75767.0,721.07429,-6.4913e-06,-0.0005519307,-1.3198271026659253e-05,-0.064913
2026-04-21 06:00:00+00:00,75768.0,76096.0,75664.0,75938.0,667.62171,-1.7794e-06,-0.000514235,0.002254376222557059,-0.017794
2026-04-21 07:00:00+00:00,75939.0,76278.0,75776.0,76054.0,1589.54684,-1.1472e-06,-0.000509178,0.0015263964224726994,-0.011472
2026-04-21 08:00:00+00:00,76054.0,76881.0,76033.0,76476.0,1853.53122,6.4308e-06,-0.0004485535,0.0055333518223540405,0.064308
2026-04-21 09:00:00+00:00,76477.0,76540.0,76122.0,76330.0,718.4508,1.13966e-05,-0.000408827,-0.0019109203097784284,0.113966
2026-04-21 10:00:00+00:00,76331.0,76848.0,76312.0,76704.0,945.8109,7.2758e-06,-0.0004417932,0.004887812441594806,0.072758
2026-04-21 11:00:00+00:00,76704.0,76711.0,76300.0,76410.0,1676.51135,7.3231e-06,-0.0004414153,-0.0038402805924984875,0.073231
2026-04-21 12:00:00+00:00,76411.0,76492.0,75666.0,75977.0,3077.82504,6.4864e-06,-0.0004481089,-0.00568291475426897,0.064864
2026-04-21 13:00:00+00:00,75978.0,76139.0,75700.0,75859.0,1260.34024,-8.6966e-06,-0.0005695726,-0.0015543089090349165,-0.086966
2026-04-21 14:00:00+00:00,75860.0,76592.0,75586.0,75636.0,3450.61818,-3.8335e-06,-0.0005306684,-0.002943993677198079,-0.038335
2026-04-21 15:00:00+00:00,75636.0,75945.0,75408.0,75802.0,2346.51383,7.5293e-06,-0.0004397659,0.002192317205543095,0.075293
2026-04-21 16:00:00+00:00,75801.0,76146.0,75715.0,75729.0,1242.7048,2.4154e-06,-0.0004806767,-0.0009634992925189619,0.024154000000000002
2026-04-21 17:00:00+00:00,75730.0,75849.0,75021.0,75494.0,2890.78022,6.001e-07,-0.000495199,-0.003107995333617495,0.006000999999999999
2026-04-21 18:00:00+00:00,75501.0,75614.0,75260.0,75570.0,979.75865,-4.4201e-06,-0.0005353612,0.0010061961342486246,-0.044201000000000004
2026-04-21 19:00:00+00:00,75570.0,75871.0,74770.0,74972.0,2775.71084,-5.9455e-06,-0.0005475638,-0.007944668535889893,-0.059455
2026-04-21 20:00:00+00:00,74972.0,75832.0,74931.0,75684.0,4068.67904,-2.4844e-06,-0.0005198755,0.00945206697277584,-0.024843999999999998
2026-04-21 21:00:00+00:00,75683.0,75737.0,75402.0,75508.0,797.21642,-6.336e-07,-0.0005050687,-0.002328166563027106,-0.006336
2026-04-21 22:00:00+00:00,75507.0,75608.0,75256.0,75600.0,633.40272,-5.4229e-06,-0.0005433836,0.001217672278999965,-0.054229
2026-04-21 23:00:00+00:00,75600.0,76398.0,75586.0,76288.0,1587.73669,2.428e-07,-0.0004980577,0.009059368817342513,0.0024279999999999996
2026-04-22 00:00:00+00:00,76289.0,76486.0,76180.0,76323.0,1108.28238,8.5382e-06,-0.0004316943,0.00045868254075583824,0.08538200000000001
2026-04-22 01:00:00+00:00,76323.0,76389.0,76098.0,76266.0,1026.5194,4.6815e-06,-0.0004625478,-0.0007471050029987642,0.046815
2026-04-22 02:00:00+00:00,76266.0,77606.0,76188.0,77564.0,3915.57731,4.157e-06,-0.0004667441,0.016876172479784617,0.04157
2026-04-22 03:00:00+00:00,77564.0,77697.0,77365.0,77497.0,1786.90737,4.3831e-06,-0.0004649352,-0.0008641760877284856,0.043830999999999995
2026-04-22 04:00:00+00:00,77497.0,77675.0,77337.0,77483.0,1238.34404,1.1375e-06,-0.0004908997,-0.00018066847384287866,0.011375
2026-04-22 05:00:00+00:00,77483.0,78419.0,77408.0,77944.0,2773.21276,3.5519e-06,-0.0004715847,0.005932062664239954,0.035518999999999995
2026-04-22 06:00:00+00:00,77944.0,77992.0,77854.0,77964.0,801.55955,-7.9415e-06,-0.0005635318,0.000256561563354071,-0.079415
2026-04-22 07:00:00+00:00,77964.0,78074.0,77777.0,77965.0,1248.34539,-1.02192e-05,-0.0005817535,1.2826350454624622e-05,-0.102192
2026-04-22 08:00:00+00:00,77965.0,78176.0,77888.0,77971.0,1226.8593,-8.0115e-06,-0.0005640917,7.695464809880417e-05,-0.08011499999999999
2026-04-22 09:00:00+00:00,77971.0,78144.0,77908.0,77958.0,711.20649,-5.6438e-06,-0.0005451508,-0.00016674255629321754,-0.056438
2026-04-22 10:00:00+00:00,77958.0,78137.0,77894.0,78111.0,580.19085,-5.4011e-06,-0.0005432086,0.0019606718696727607,-0.054010999999999997
2026-04-22 11:00:00+00:00,78111.0,78344.0,78069.0,78261.0,881.70737,-8.2504e-06,-0.0005660033,0.0019185026220569293,-0.082504
2026-04-22 12:00:00+00:00,78261.0,78450.0,78049.0,78191.0,1685.09491,-2.3542e-06,-0.0005188336,-0.0008948432064915916,-0.023541999999999997
2026-04-22 13:00:00+00:00,78191.0,78794.0,78106.0,78791.0,3030.61962,-1.12012e-05,-0.0005896098,0.007644225729147424,-0.112012
2026-04-22 14:00:00+00:00,78792.0,79113.0,78534.0,78993.0,3178.05088,-4.0037e-06,-0.00053203,0.0025604638031599372,-0.040037
2026-04-22 15:00:00+00:00,78993.0,79350.0,78811.0,79223.0,1936.7351,-3.3737e-06,-0.0005269899,0.0029074197554928164,-0.033737
2026-04-22 16:00:00+00:00,79224.0,79400.0,78592.0,78688.0,1780.57696,-5.8456e-06,-0.0005467652,-0.006775994667910704,-0.058456
2026-04-22 17:00:00+00:00,78688.0,78995.0,78656.0,78853.0,838.75003,-1.3976e-05,-0.0006118081,0.002094693576039717,-0.13976
2026-04-22 18:00:00+00:00,78852.0,79122.0,78773.0,78983.0,913.04985,-1.2626e-05,-0.0006010079,0.0016472798271189638,-0.12626
2026-04-22 19:00:00+00:00,78984.0,79028.0,78655.0,78798.0,1350.18974,-5.9257e-06,-0.0005474056,-0.0023450236058629613,-0.059257
2026-04-22 20:00:00+00:00,78797.0,78865.0,78362.0,78378.0,1202.97969,-1.44315e-05,-0.000615452,-0.0053443400985966425,-0.144315
2026-04-22 21:00:00+00:00,78377.0,78789.0,78374.0,78723.0,1000.6949,-2.13484e-05,-0.0006707873,0.004392086041455962,-0.213484
2026-04-22 22:00:00+00:00,78722.0,78785.0,78407.0,78562.0,783.95331,-7.9414e-06,-0.0005635312,-0.0020472398033099864,-0.079414
2026-04-22 23:00:00+00:00,78561.0,78561.0,78090.0,78137.0,976.58072,-4.0123e-06,-0.0005320988,-0.005424425709333892,-0.040123
2026-04-23 00:00:00+00:00,78138.0,78530.0,77533.0,78383.0,4159.11197,-7.984e-06,-0.0005638719,0.0031433708478912016,-0.07984000000000001
2026-04-23 01:00:00+00:00,78385.0,78410.0,78016.0,78318.0,1102.29572,7.92e-07,-0.0004936641,-0.0008296054744768354,0.00792
2026-04-23 02:00:00+00:00,78320.0,78323.0,77714.0,77898.0,1880.69172,4.0375e-06,-0.0004677001,-0.005377183028536335,0.040375
2026-04-23 03:00:00+00:00,77898.0,77994.0,77459.0,77722.0,1668.25412,4.3222e-06,-0.0004654221,-0.002261921026074662,0.043222
2026-04-23 04:00:00+00:00,77715.0,77911.0,77638.0,77882.0,636.75909,8.1845e-06,-0.0004345237,0.0020565031283180045,0.08184499999999999
2026-04-23 05:00:00+00:00,77882.0,78059.0,77735.0,77982.0,479.27281,1.02671e-05,-0.0004178632,0.001283170119091492,0.102671
2026-04-23 06:00:00+00:00,77982.0,78311.0,77982.0,78172.0,705.29218,9.5632e-06,-0.0004234945,0.002433496340324054,0.09563200000000001
2026-04-23 07:00:00+00:00,78172.0,78220.0,77945.0,78012.0,590.1596,5.8638e-06,-0.0004530897,-0.00204886615749842,0.058637999999999996
2026-04-23 08:00:00+00:00,78012.0,78145.0,77691.0,77828.0,1010.08031,3.3378e-06,-0.0004732978,-0.002361397401202348,0.033378
2026-04-23 09:00:00+00:00,77828.0,77841.0,77398.0,77619.0,1385.06038,1.04809e-05,-0.0004161526,-0.0026890210288652845,0.104809
2026-04-23 10:00:00+00:00,77619.0,77675.0,77152.0,77375.0,1515.94175,6.3108e-06,-0.0004495138,-0.0031485115755041184,0.063108
2026-04-23 11:00:00+00:00,77375.0,77712.0,77339.0,77659.0,1116.02914,4.6679e-06,-0.0004626569,0.0036637165740844883,0.046679
2026-04-23 12:00:00+00:00,77659.0,77835.0,77526.0,77835.0,1489.71845,1.8035e-06,-0.0004855721,0.0022637539089677963,0.018035
2026-04-23 13:00:00+00:00,77834.0,77877.0,77358.0,77492.0,1304.71707,3.1055e-06,-0.0004751559,-0.004416496263113175,0.031055000000000003
2026-04-23 14:00:00+00:00,77492.0,78191.0,77388.0,78151.0,2240.22212,4.585e-07,-0.0004963318,0.008468147466229481,0.004585
2026-04-23 15:00:00+00:00,78151.0,78649.0,77951.0,78343.0,2314.58622,1.25e-05,-0.0003722239,0.0024537694267606418,0.125
2026-04-23 16:00:00+00:00,78343.0,78479.0,77968.0,78044.0,1518.60322,1.06375e-05,-0.0004149001,-0.0038238519100373637,0.106375
2026-04-23 17:00:00+00:00,78045.0,78131.0,76910.0,77732.0,4585.44525,-1.2234e-06,-0.000509787,-0.004005757205195241,-0.012234
2026-04-23 18:00:00+00:00,77733.0,78109.0,77640.0,77644.0,2876.48989,-8.1764e-06,-0.0005654108,-0.0011327361936120778,-0.081764
2026-04-23 19:00:00+00:00,77645.0,77855.0,77554.0,77688.0,1809.25892,2.8995e-06,-0.0004768043,0.0005665284832080812,0.028995
2026-04-23 20:00:00+00:00,77688.0,78035.0,77615.0,77857.0,1073.08016,9.066e-06,-0.0004274723,0.002173005451809195,0.09065999999999999
2026-04-23 21:00:00+00:00,77857.0,78067.0,77765.0,77852.0,807.53931,1.25e-05,-0.0003123523,-6.422236353353552e-05,0.125
2026-04-23 22:00:00+00:00,77851.0,78316.0,77842.0,78207.0,1342.83437,1.25e-05,-0.0002946606,0.004549569231288031,0.125
2026-04-23 23:00:00+00:00,78206.0,78277.0,78006.0,78226.0,560.00136,1.25e-05,-0.0002861316,0.00024291549856397744,0.125
2026-04-24 00:00:00+00:00,78226.0,78472.0,78149.0,78385.0,1042.57706,1.25e-05,-0.0003284339,0.0020305094103137953,0.125
2026-04-24 01:00:00+00:00,78385.0,78419.0,77933.0,78401.0,1009.52199,1.25e-05,-0.0003444484,0.0002040998565630712,0.125
2026-04-24 02:00:00+00:00,78401.0,78548.0,78023.0,78090.0,1402.42369,1.25e-05,-0.0003694659,-0.003974674702473633,0.125
2026-04-24 03:00:00+00:00,78089.0,78142.0,77505.0,77710.0,864.78186,1.24002e-05,-0.0004007981,-0.004878058453432855,0.124002
2026-04-24 04:00:00+00:00,77709.0,77829.0,77471.0,77657.0,580.50473,1.19255e-05,-0.0004045959,-0.000682255589099882,0.119255
2026-04-24 05:00:00+00:00,77657.0,78000.0,77423.0,77927.0,720.60879,1.25e-05,-0.0003445888,0.0034707973961940084,0.125
2026-04-24 06:00:00+00:00,77927.0,77968.0,77740.0,77768.0,491.18278,1.25e-05,-0.0003052988,-0.0020424555094770746,0.125
2026-04-24 07:00:00+00:00,77767.0,77836.0,77520.0,77631.0,734.41512,1.25e-05,-0.0002569611,-0.0017632035662149576,0.125
2026-04-24 08:00:00+00:00,77631.0,78003.0,77549.0,77759.0,862.86171,1.25e-05,-0.0002681762,0.0016474680346346409,0.125
2026-04-24 09:00:00+00:00,77760.0,77782.0,77365.0,77499.0,1500.76749,1.25e-05,-0.0002465649,-0.0033492669369400685,0.125
2026-04-24 10:00:00+00:00,77499.0,77756.0,77418.0,77728.0,422.31476,1.25e-05,-0.0003701592,0.0029505197695143567,0.125
2026-04-24 11:00:00+00:00,77729.0,78350.0,77726.0,78207.0,2926.73538,1.25e-05,-0.0003876626,0.006143604791854691,0.125
2026-04-24 12:00:00+00:00,78207.0,78314.0,77981.0,78244.0,1872.39053,1.25e-05,-0.000335544,0.00047299155249630025,0.125
2026-04-24 13:00:00+00:00,78243.0,78424.0,77867.0,78050.0,1916.77495,1.11146e-05,-0.000411083,-0.00248250220267194,0.11114600000000001
2026-04-24 14:00:00+00:00,78049.0,78049.0,77643.0,77996.0,1333.76579,7.4312e-06,-0.00044055,-0.0006921036381007782,0.074312
2026-04-24 15:00:00+00:00,78000.0,78193.0,77514.0,78021.0,1379.93636,2.7022e-06,-0.0004783827,0.00032047789938243246,0.027022
2026-04-24 16:00:00+00:00,78021.0,78031.0,77553.0,77751.0,1099.98078,1.15939e-05,-0.0004072486,-0.0034666085097561764,0.11593899999999999
2026-04-24 17:00:00+00:00,77750.0,77780.0,77455.0,77659.0,1126.24475,1.25e-05,-0.0003853883,-0.0011839651341217,0.125
2026-04-24 18:00:00+00:00,77659.0,77683.0,77322.0,77582.0,938.38594,9.129e-06,-0.0004269678,-0.0009920060591529767,0.09129
2026-04-24 19:00:00+00:00,77585.0,77701.0,77490.0,77594.0,356.9075,4.2975e-06,-0.0004656204,0.00015466309253903135,0.042975
2026-04-24 20:00:00+00:00,77594.0,77736.0,77421.0,77698.0,484.97209,4.826e-06,-0.0004613924,0.0013394124043507095,0.04826
2026-04-24 21:00:00+00:00,77698.0,77720.0,77506.0,77507.0,469.67164,1.22308e-05,-0.0004021538,-0.0024612621554737438,0.122308
2026-04-24 22:00:00+00:00,77507.0,77582.0,77225.0,77310.0,769.5704,1.05011e-05,-0.0004159909,-0.0025449415287244087,0.10501100000000001
2026-04-24 23:00:00+00:00,77311.0,77426.0,77301.0,77402.0,386.45419,7.6354e-06,-0.0004389171,0.001189306722737902,0.07635399999999999
2026-04-25 00:00:00+00:00,77402.0,77466.0,77273.0,77421.0,258.36785,9.2602e-06,-0.0004259181,0.00024544156999126463,0.092602
2026-04-25 01:00:00+00:00,77421.0,77580.0,77408.0,77507.0,175.06235,9.4427e-06,-0.0004244587,0.001110193235995039,0.094427
2026-04-25 02:00:00+00:00,77507.0,77615.0,77464.0,77570.0,507.26888,1.09257e-05,-0.0004125945,0.0008124996416724401,0.10925699999999999
2026-04-25 03:00:00+00:00,77570.0,77679.0,77513.0,77634.0,387.6337,4.7607e-06,-0.0004619147,0.0008247210590906045,0.047607000000000003
2026-04-25 04:00:00+00:00,77634.0,77663.0,77557.0,77588.0,138.43734,5.0728e-06,-0.0004594172,-0.0005926995058254917,0.050728
2026-04-25 05:00:00+00:00,77589.0,77589.0,77444.0,77474.0,158.21949,1.18059e-05,-0.0004055531,-0.001470379855014926,0.118059
2026-04-25 06:00:00+00:00,77474.0,77539.0,77445.0,77468.0,292.82274,3.809e-07,-0.0004969525,-7.7448335544919e-05,0.003809
2026-04-25 07:00:00+00:00,77468.0,77534.0,77412.0,77467.0,256.26177,2.6398e-06,-0.0004788815,-1.2908639106848214e-05,0.026398
2026-04-25 08:00:00+00:00,77467.0,77632.0,77451.0,77615.0,335.9905,6.6614e-06,-0.0004467091,0.0019086682520280643,0.066614
2026-04-25 09:00:00+00:00,77615.0,77749.0,77551.0,77700.0,460.82971,1.25e-05,-0.0003552992,0.0010945498951951216,0.125
2026-04-25 10:00:00+00:00,77700.0,77854.0,77700.0,77765.0,286.10306,1.25e-05,-0.0003680068,0.0008362011229217042,0.125
2026-04-25 11:00:00+00:00,77765.0,77765.0,77573.0,77642.0,512.51504,1.25e-05,-0.0003557648,-0.0015829406099265857,0.125
2026-04-25 12:00:00+00:00,77642.0,77678.0,77504.0,77524.0,661.79536,7.9738e-06,-0.0004362093,-0.0015209520480956404,0.079738
2026-04-25 13:00:00+00:00,77524.0,77687.0,77524.0,77664.0,551.28264,2.7242e-06,-0.0004782064,0.001804263705689768,0.027242000000000002
2026-04-25 14:00:00+00:00,77663.0,77734.0,77613.0,77624.0,556.76229,1.25e-05,-0.000367534,-0.0005151718211925756,0.125
2026-04-25 15:00:00+00:00,77624.0,77702.0,77269.0,77294.0,913.92249,1.25e-05,-0.0003229889,-0.004260324805832118,0.125
2026-04-25 16:00:00+00:00,77294.0,77419.0,77100.0,77368.0,1042.36642,1.25e-05,-0.0003618926,0.0009569254974958047,0.125
2026-04-25 17:00:00+00:00,77368.0,77381.0,77175.0,77213.0,229.77791,7.2021e-06,-0.0004423835,-0.00200542177818968,0.072021
2026-04-25 18:00:00+00:00,77212.0,77361.0,77172.0,77261.0,216.61932,8.1781e-06,-0.0004345751,0.000621463826208624,0.081781
2026-04-25 19:00:00+00:00,77260.0,77307.0,77153.0,77296.0,511.96268,3.2784e-06,-0.0004737727,0.0004529073493698626,0.032784
2026-04-25 20:00:00+00:00,77297.0,77455.0,77272.0,77448.0,283.88374,2.9444e-06,-0.0004764451,0.0019645356057194988,0.029444
2026-04-25 21:00:00+00:00,77447.0,77500.0,77385.0,77496.0,326.3335,1.23797e-05,-0.0004009623,0.0006195787063133173,0.12379699999999999
2026-04-25 22:00:00+00:00,77497.0,77606.0,77458.0,77513.0,242.42671,2.8339e-06,-0.0004773287,0.00021934210359597235,0.028339
2026-04-25 23:00:00+00:00,77514.0,77608.0,77492.0,77582.0,130.00567,7.1756e-06,-0.0004425954,0.0008897772920119341,0.071756
2026-04-26 00:00:00+00:00,77582.0,77604.0,77403.0,77462.0,174.71884,2.8836e-06,-0.0004769309,-0.0015479479884604572,0.028835999999999997
2026-04-26 01:00:00+00:00,77461.0,77535.0,77406.0,77414.0,225.17927,2.5538e-06,-0.0004795694,-0.0006198507391313984,0.025538
2026-04-26 02:00:00+00:00,77414.0,77565.0,77412.0,77474.0,368.0594,2.941e-07,-0.0004976469,0.0007747534089305165,0.002941
2026-04-26 03:00:00+00:00,77474.0,77505.0,77279.0,77359.0,253.97855,9.681e-07,-0.0004922554,-0.0014854717165827705,0.009681
2026-04-26 04:00:00+00:00,77359.0,77774.0,77347.0,77734.0,512.99744,-1.977e-06,-0.0005158164,0.004835817616334486,-0.01977
2026-04-26 05:00:00+00:00,77734.0,78172.0,77672.0,77941.0,1362.13399,-6.782e-07,-0.0005054253,0.0026593881098178193,-0.006782
2026-04-26 06:00:00+00:00,77942.0,78012.0,77861.0,77964.0,320.5617,2.6556e-06,-0.0004787549,0.0002950514757942889,0.026556
2026-04-26 07:00:00+00:00,77965.0,78083.0,77924.0,78071.0,383.06158,3.8881e-06,-0.0004688954,0.0013714873813190007,0.038881
2026-04-26 08:00:00+00:00,78071.0,78170.0,77980.0,77989.0,742.70494,5.7357e-06,-0.0004541145,-0.0010508779641978062,0.057357
2026-04-26 09:00:00+00:00,77988.0,78014.0,77888.0,77968.0,413.42569,5.353e-07,-0.0004957174,-0.00026930500236504226,0.005353
2026-04-26 10:00:00+00:00,77968.0,78023.0,77933.0,77964.0,169.69502,4.3145e-06,-0.0004654838,-5.1304414756136366e-05,0.043145
2026-04-26 11:00:00+00:00,77964.0,78128.0,77963.0,78050.0,509.4224,9.6345e-06,-0.0004229239,0.0011024652750468824,0.096345
2026-04-26 12:00:00+00:00,78050.0,78064.0,77724.0,77802.0,593.03658,7.3445e-06,-0.0004412436,-0.0031825091666389093,0.073445
2026-04-26 13:00:00+00:00,77802.0,77947.0,77759.0,77940.0,610.86298,2.655e-06,-0.0004787604,0.0017721621157608897,0.02655
2026-04-26 14:00:00+00:00,77940.0,78140.0,77842.0,78061.0,442.06095,6.038e-07,-0.0004951693,0.0015512724183177602,0.006038000000000001
2026-04-26 15:00:00+00:00,78061.0,78091.0,77955.0,78010.0,388.40958,7.3093e-06,-0.0004415257,-0.0006535487286591495,0.07309299999999999
2026-04-26 16:00:00+00:00,78011.0,78040.0,77892.0,77892.0,242.1195,7.106e-07,-0.0004943154,-0.0015137717608899553,0.007106
2026-04-26 17:00:00+00:00,77893.0,78019.0,77810.0,77983.0,175.34867,7.622e-07,-0.0004939026,0.0011676023780377656,0.0076219999999999994
2026-04-26 18:00:00+00:00,77983.0,78333.0,77954.0,78238.0,755.45007,7.0518e-06,-0.0004435859,0.003264608810281195,0.070518
2026-04-26 19:00:00+00:00,78238.0,78469.0,77979.0,78186.0,1116.12686,4.5948e-06,-0.0004632413,-0.0006648596368268176,0.045947999999999996
2026-04-26 20:00:00+00:00,78187.0,78347.0,78114.0,78159.0,465.22485,8.1528e-06,-0.0004347772,-0.0003453900063118717,0.08152799999999999
2026-04-26 21:00:00+00:00,78159.0,78916.0,77815.0,78377.0,1834.50144,5.8032e-06,-0.0004535742,0.0027853035842932603,0.058032
2026-04-26 22:00:00+00:00,78376.0,78792.0,77898.0,78283.0,2058.87734,2.6561e-06,-0.0004787515,-0.0012000512100212607,0.026560999999999998
2026-04-26 23:00:00+00:00,78280.0,78862.0,77984.0,78615.0,1200.73786,6.081e-07,-0.000495135,0.004232055163455269,0.0060810000000000005
2026-04-27 00:00:00+00:00,78616.0,79333.0,78354.0,79207.0,2044.03317,4.0103e-06,-0.0004679177,0.0075021578309035,0.04010300000000001
2026-04-27 01:00:00+00:00,79208.0,79434.0,78699.0,79249.0,1914.9335,7.825e-06,-0.0004374001,0.0005301156281060224,0.07825
2026-04-27 02:00:00+00:00,79249.0,79270.0,78996.0,79088.0,1034.67814,6.1473e-06,-0.0004508213,-0.0020336378166451526,0.06147300000000001
2026-04-27 03:00:00+00:00,79088.0,79268.0,79033.0,79061.0,545.05395,1.2478e-06,-0.000490018,-0.0003414501547569142,0.012478
2026-04-27 04:00:00+00:00,79061.0,79122.0,78836.0,78890.0,351.94049,-1.6428e-06,-0.0005131424,-0.002165229302848371,-0.016427999999999998
2026-04-27 05:00:00+00:00,78891.0,78906.0,77549.0,77756.0,3622.61119,-2.9354e-06,-0.0005234831,-0.014478758607131817,-0.029353999999999998
2026-04-27 06:00:00+00:00,77756.0,77848.0,77436.0,77673.0,1171.44444,9.2603e-06,-0.0004259179,-0.0010680118625158884,0.092603
2026-04-27 07:00:00+00:00,77673.0,77713.0,77536.0,77568.0,561.44853,1.25e-05,-0.0003758059,-0.001352735630555916,0.125
2026-04-27 08:00:00+00:00,77569.0,77793.0,77517.0,77773.0,604.27003,9.002e-06,-0.0004279844,0.002639356242150108,0.09001999999999999
2026-04-27 09:00:00+00:00,77774.0,77949.0,77673.0,77866.0,819.88313,7.2833e-06,-0.0004417333,0.0011950733565308414,0.07283300000000001
2026-04-27 10:00:00+00:00,77866.0,77911.0,77749.0,77813.0,256.14811,1.1172e-05,-0.0004106237,-0.0006808882642823838,0.11172000000000001
2026-04-27 11:00:00+00:00,77812.0,77854.0,77701.0,77814.0,378.23774,8.6461e-06,-0.000430831,1.2851240466194314e-05,0.086461
2026-04-27 12:00:00+00:00,77814.0,77849.0,77578.0,77635.0,943.53482,1.25e-05,-0.0003989203,-0.0023030071485263676,0.125
2026-04-27 13:00:00+00:00,77635.0,77926.0,77528.0,77709.0,1656.49013,1.25e-05,-0.0003853237,0.000952724348508846,0.125
2026-04-27 14:00:00+00:00,77710.0,78222.0,77641.0,77761.0,1572.11165,3.4716e-06,-0.000472227,0.000668939370156133,0.034716
2026-04-27 15:00:00+00:00,77762.0,77791.0,76516.0,76765.0,5548.18507,5.3998e-06,-0.0004568015,-0.012891213040935615,0.053998000000000004
2026-04-27 16:00:00+00:00,76765.0,76821.0,76495.0,76584.0,2008.55567,8.4627e-06,-0.0004322985,-0.0023606294668102644,0.084627
2026-04-27 17:00:00+00:00,76584.0,76896.0,76584.0,76705.0,1080.20878,4.4239e-06,-0.0004646084,0.0015787176526847458,0.044239
2026-04-27 18:00:00+00:00,76701.0,76873.0,76617.0,76798.0,618.19734,3.4319e-06,-0.0004725449,0.0012117028511331026,0.034319
2026-04-27 19:00:00+00:00,76797.0,76869.0,76363.0,76822.0,1443.46649,5.495e-06,-0.0004560401,0.00031245931773539833,0.05495
2026-04-27 20:00:00+00:00,76822.0,77015.0,76801.0,76917.0,547.90974,-1.4166e-06,-0.0005113325,0.001235860934330752,-0.014166
2026-04-27 21:00:00+00:00,76918.0,76945.0,76739.0,76739.0,481.82445,-8.0466e-06,-0.0005643731,-0.0023168646798469176,-0.080466
2026-04-27 22:00:00+00:00,76740.0,77042.0,76722.0,77028.0,493.82776,-9.2056e-06,-0.0005736449,0.0037589383975524288,-0.092056
2026-04-27 23:00:00+00:00,77027.0,77414.0,76972.0,77320.0,856.18618,-1.124e-06,-0.0005089919,0.0037836622224886557,-0.01124
2026-04-28 00:00:00+00:00,77320.0,77440.0,77166.0,77343.0,1058.29791,-1.0881e-06,-0.000508705,0.0002974208462209898,-0.010881
2026-04-28 01:00:00+00:00,77343.0,77351.0,76987.0,77042.0,994.64928,-7.1606e-06,-0.0005572846,-0.0038993474934709248,-0.071606
2026-04-28 02:00:00+00:00,77043.0,77200.0,76627.0,76846.0,1976.34284,-1.01968e-05,-0.0005815747,-0.0025473085098696446,-0.101968
2026-04-28 03:00:00+00:00,76845.0,76846.0,76632.0,76773.0,505.93516,-5.4281e-06,-0.0005434245,-0.000950403341967786,-0.054280999999999996
2026-04-28 04:00:00+00:00,76765.0,76900.0,76641.0,76848.0,1633.33958,-2.6243e-06,-0.0005209945,0.0009764290814256369,-0.026243
2026-04-28 05:00:00+00:00,76848.0,77109.0,76747.0,76828.0,2207.5534,-1.7682e-06,-0.0005141458,-0.0002602878798630607,-0.017682
2026-04-28 06:00:00+00:00,76828.0,76992.0,76530.0,76657.0,1187.38196,-3.6477e-06,-0.0005291817,-0.0022282316936701138,-0.036476999999999996
2026-04-28 07:00:00+00:00,76656.0,76883.0,76352.0,76834.0,1699.43003,-4.3761e-06,-0.0005350088,0.00230632517160287,-0.043761
