time,close
2025-10-01 00:00:00+00:00,-0.00047089
2025-10-01 01:00:00+00:00,-0.00047588
2025-10-01 02:00:00+00:00,-0.00047863
2025-10-01 03:00:00+00:00,-0.00036895
2025-10-01 04:00:00+00:00,-0.00042147
2025-10-01 05:00:00+00:00,-0.00048749
2025-10-01 06:00:00+00:00,-0.00052596
2025-10-01 07:00:00+00:00,-0.00051571
2025-10-01 08:00:00+00:00,-0.00052221
2025-10-01 09:00:00+00:00,-0.00024669
2025-10-01 10:00:00+00:00,-0.00035968
2025-10-01 11:00:00+00:00,-0.00034525
2025-10-01 12:00:00+00:00,-0.00022400
2025-10-01 13:00:00+00:00,-0.00040243
2025-10-01 14:00:00+00:00,-0.00043001
2025-10-01 15:00:00+00:00,-0.00040625
2025-10-01 16:00:00+00:00,-0.00045594
2025-10-01 17:00:00+00:00,-0.00040872
2025-10-01 18:00:00+00:00,-0.00036679
2025-10-01 19:00:00+00:00,-0.00057312
2025-10-01 20:00:00+00:00,-0.00050590
2025-10-01 21:00:00+00:00,-0.00036860
2025-10-01 22:00:00+00:00,-0.00045354
2025-10-01 23:00:00+00:00,-0.00034578
2025-10-02 00:00:00+00:00,-0.00033566
2025-10-02 01:00:00+00:00,-0.00033844
2025-10-02 02:00:00+00:00,-0.00044269
2025-10-02 03:00:00+00:00,-0.00035099
2025-10-02 04:00:00+00:00,-0.00032893
2025-10-02 05:00:00+00:00,-0.00036129
2025-10-02 06:00:00+00:00,-0.00039486
2025-10-02 07:00:00+00:00,-0.00039411
2025-10-02 08:00:00+00:00,-0.00032862
2025-10-02 09:00:00+00:00,-0.00035826
2025-10-02 10:00:00+00:00,-0.00034737
2025-10-02 11:00:00+00:00,-0.00043526
2025-10-02 12:00:00+00:00,-0.00034793
2025-10-02 13:00:00+00:00,-0.00042697
2025-10-02 14:00:00+00:00,-0.00044835
2025-10-02 15:00:00+00:00,-0.00033944
2025-10-02 16:00:00+00:00,-0.00032032
2025-10-02 17:00:00+00:00,-0.00044529
2025-10-02 18:00:00+00:00,-0.00040602
2025-10-02 19:00:00+00:00,-0.00008881
2025-10-02 20:00:00+00:00,-0.00033595
2025-10-02 21:00:00+00:00,-0.00042901
2025-10-02 22:00:00+00:00,-0.00038159
2025-10-02 23:00:00+00:00,-0.00029150
2025-10-03 00:00:00+00:00,-0.00031718
2025-10-03 01:00:00+00:00,-0.00030590
2025-10-03 02:00:00+00:00,-0.00033676
2025-10-03 03:00:00+00:00,-0.00033856
2025-10-03 04:00:00+00:00,-0.00032003
2025-10-03 05:00:00+00:00,-0.00022806
2025-10-03 06:00:00+00:00,-0.00025298
2025-10-03 07:00:00+00:00,-0.00020870
2025-10-03 08:00:00+00:00,-0.00026999
2025-10-03 09:00:00+00:00,-0.00034685
2025-10-03 10:00:00+00:00,-0.00040828
2025-10-03 11:00:00+00:00,-0.00030625
2025-10-03 12:00:00+00:00,-0.00031877
2025-10-03 13:00:00+00:00,-0.00045292
2025-10-03 14:00:00+00:00,-0.00035945
2025-10-03 15:00:00+00:00,-0.00024147
2025-10-03 16:00:00+00:00,-0.00029268
2025-10-03 17:00:00+00:00,-0.00025349
2025-10-03 18:00:00+00:00,-0.00038060
2025-10-03 19:00:00+00:00,-0.00029075
2025-10-03 20:00:00+00:00,-0.00054307
2025-10-03 21:00:00+00:00,-0.00053054
2025-10-03 22:00:00+00:00,-0.00039036
2025-10-03 23:00:00+00:00,-0.00037980
2025-10-04 00:00:00+00:00,-0.00021886
2025-10-04 01:00:00+00:00,-0.00027287
2025-10-04 02:00:00+00:00,-0.00036839
2025-10-04 03:00:00+00:00,-0.00038421
2025-10-04 04:00:00+00:00,-0.00037900
2025-10-04 05:00:00+00:00,-0.00030162
2025-10-04 06:00:00+00:00,-0.00038009
2025-10-04 07:00:00+00:00,-0.00036869
2025-10-04 08:00:00+00:00,-0.00035044
2025-10-04 09:00:00+00:00,-0.00031721
2025-10-04 10:00:00+00:00,-0.00039631
2025-10-04 11:00:00+00:00,-0.00043660
2025-10-04 12:00:00+00:00,-0.00045852
2025-10-04 13:00:00+00:00,-0.00037076
2025-10-04 14:00:00+00:00,-0.00046089
2025-10-04 15:00:00+00:00,-0.00038939
2025-10-04 16:00:00+00:00,-0.00040554
2025-10-04 17:00:00+00:00,-0.00036461
2025-10-04 18:00:00+00:00,-0.00027049
2025-10-04 19:00:00+00:00,-0.00033192
2025-10-04 20:00:00+00:00,-0.00053490
2025-10-04 21:00:00+00:00,-0.00041163
2025-10-04 22:00:00+00:00,-0.00046795
2025-10-04 23:00:00+00:00,-0.00043976
2025-10-05 00:00:00+00:00,-0.00038791
2025-10-05 01:00:00+00:00,-0.00033287
2025-10-05 02:00:00+00:00,-0.00053174
2025-10-05 03:00:00+00:00,-0.00029545
2025-10-05 04:00:00+00:00,-0.00017607
2025-10-05 05:00:00+00:00,-0.00010032
2025-10-05 06:00:00+00:00,-0.00022520
2025-10-05 07:00:00+00:00,-0.00021196
2025-10-05 08:00:00+00:00,-0.00013034
2025-10-05 09:00:00+00:00,-0.00017478
2025-10-05 10:00:00+00:00,-0.00041338
2025-10-05 11:00:00+00:00,-0.00042733
2025-10-05 12:00:00+00:00,-0.00058657
2025-10-05 13:00:00+00:00,-0.00040032
2025-10-05 14:00:00+00:00,-0.00031456
2025-10-05 15:00:00+00:00,-0.00044089
2025-10-05 16:00:00+00:00,-0.00048937
2025-10-05 17:00:00+00:00,-0.00035639
2025-10-05 18:00:00+00:00,-0.00058196
2025-10-05 19:00:00+00:00,-0.00030529
2025-10-05 20:00:00+00:00,-0.00069057
2025-10-05 21:00:00+00:00,-0.00040329
2025-10-05 22:00:00+00:00,-0.00042723
2025-10-05 23:00:00+00:00,-0.00038908
2025-10-06 00:00:00+00:00,-0.00045233
2025-10-06 01:00:00+00:00,-0.00033836
2025-10-06 02:00:00+00:00,-0.00048147
2025-10-06 03:00:00+00:00,-0.00042125
2025-10-06 04:00:00+00:00,-0.00034444
2025-10-06 05:00:00+00:00,-0.00049529
2025-10-06 06:00:00+00:00,-0.00041941
2025-10-06 07:00:00+00:00,-0.00040643
2025-10-06 08:00:00+00:00,-0.00038773
2025-10-06 09:00:00+00:00,-0.00030149
2025-10-06 10:00:00+00:00,-0.00045107
2025-10-06 11:00:00+00:00,-0.00047432
2025-10-06 12:00:00+00:00,-0.00055624
2025-10-06 13:00:00+00:00,-0.00051447
2025-10-06 14:00:00+00:00,-0.00035940
2025-10-06 15:00:00+00:00,-0.00044980
2025-10-06 16:00:00+00:00,-0.00034279
2025-10-06 17:00:00+00:00,-0.00039241
2025-10-06 18:00:00+00:00,-0.00017882
2025-10-06 19:00:00+00:00,-0.00025169
2025-10-06 20:00:00+00:00,-0.00034457
2025-10-06 21:00:00+00:00,-0.00032634
2025-10-06 22:00:00+00:00,-0.00026947
2025-10-06 23:00:00+00:00,-0.00030968
2025-10-07 00:00:00+00:00,-0.00033502
2025-10-07 01:00:00+00:00,-0.00030017
2025-10-07 02:00:00+00:00,-0.00050860
2025-10-07 03:00:00+00:00,-0.00042699
2025-10-07 04:00:00+00:00,-0.00040612
2025-10-07 05:00:00+00:00,-0.00043683
2025-10-07 06:00:00+00:00,-0.00036795
2025-10-07 07:00:00+00:00,-0.00031093
2025-10-07 08:00:00+00:00,-0.00036638
2025-10-07 09:00:00+00:00,-0.00056719
2025-10-07 10:00:00+00:00,-0.00040244
2025-10-07 11:00:00+00:00,-0.00045302
2025-10-07 12:00:00+00:00,-0.00045863
2025-10-07 13:00:00+00:00,-0.00051763
2025-10-07 14:00:00+00:00,-0.00037364
2025-10-07 15:00:00+00:00,-0.00045628
2025-10-07 16:00:00+00:00,-0.00057862
2025-10-07 17:00:00+00:00,-0.00054504
2025-10-07 18:00:00+00:00,-0.00046749
2025-10-07 19:00:00+00:00,-0.00023007
2025-10-07 20:00:00+00:00,-0.00066846
2025-10-07 21:00:00+00:00,-0.00040111
2025-10-07 22:00:00+00:00,-0.00036128
2025-10-07 23:00:00+00:00,-0.00047419
2025-10-08 00:00:00+00:00,-0.00035916
2025-10-08 01:00:00+00:00,-0.00033372
2025-10-08 02:00:00+00:00,-0.00040044
2025-10-08 03:00:00+00:00,-0.00040822
2025-10-08 04:00:00+00:00,-0.00027478
2025-10-08 05:00:00+00:00,-0.00025102
2025-10-08 06:00:00+00:00,-0.00030286
2025-10-08 07:00:00+00:00,-0.00032917
2025-10-08 08:00:00+00:00,-0.00040230
2025-10-08 09:00:00+00:00,-0.00000907
2025-10-08 10:00:00+00:00,-0.00046991
2025-10-08 11:00:00+00:00,-0.00048977
2025-10-08 12:00:00+00:00,-0.00037728
2025-10-08 13:00:00+00:00,-0.00057676
2025-10-08 14:00:00+00:00,-0.00049109
2025-10-08 15:00:00+00:00,-0.00040691
2025-10-08 16:00:00+00:00,-0.00040551
2025-10-08 17:00:00+00:00,-0.00050834
2025-10-08 18:00:00+00:00,-0.00066663
2025-10-08 19:00:00+00:00,-0.00054409
2025-10-08 20:00:00+00:00,-0.00063261
2025-10-08 21:00:00+00:00,-0.00025084
2025-10-08 22:00:00+00:00,-0.00056787
2025-10-08 23:00:00+00:00,-0.00056147
2025-10-09 00:00:00+00:00,-0.00056927
2025-10-09 01:00:00+00:00,-0.00039977
2025-10-09 02:00:00+00:00,-0.00025317
2025-10-09 03:00:00+00:00,-0.00040277
2025-10-09 04:00:00+00:00,-0.00053620
2025-10-09 05:00:00+00:00,-0.00047333
2025-10-09 06:00:00+00:00,-0.00046563
2025-10-09 07:00:00+00:00,-0.00046708
2025-10-09 08:00:00+00:00,-0.00048443
2025-10-09 09:00:00+00:00,-0.00049825
2025-10-09 10:00:00+00:00,-0.00050610
2025-10-09 11:00:00+00:00,-0.00049945
2025-10-09 12:00:00+00:00,-0.00043284
2025-10-09 13:00:00+00:00,-0.00040185
2025-10-09 14:00:00+00:00,-0.00058519
2025-10-09 15:00:00+00:00,-0.00058337
2025-10-09 16:00:00+00:00,-0.00050386
2025-10-09 17:00:00+00:00,-0.00041355
2025-10-09 18:00:00+00:00,-0.00048432
2025-10-09 19:00:00+00:00,-0.00063102
2025-10-09 20:00:00+00:00,-0.00051327
2025-10-09 21:00:00+00:00,-0.00064260
2025-10-09 22:00:00+00:00,-0.00055809
2025-10-09 23:00:00+00:00,-0.00061324
2025-10-10 00:00:00+00:00,-0.00055494
2025-10-10 01:00:00+00:00,-0.00049750
2025-10-10 02:00:00+00:00,-0.00050634
2025-10-10 03:00:00+00:00,-0.00061009
2025-10-10 04:00:00+00:00,-0.00042021
2025-10-10 05:00:00+00:00,-0.00046464
2025-10-10 06:00:00+00:00,-0.00061705
2025-10-10 07:00:00+00:00,-0.00040053
2025-10-10 08:00:00+00:00,-0.00050278
2025-10-10 09:00:00+00:00,-0.00051418
2025-10-10 10:00:00+00:00,-0.00044735
2025-10-10 11:00:00+00:00,-0.00045475
2025-10-10 12:00:00+00:00,-0.00052237
2025-10-10 13:00:00+00:00,-0.00058735
2025-10-10 14:00:00+00:00,-0.00045406
2025-10-10 15:00:00+00:00,-0.00034332
2025-10-10 16:00:00+00:00,-0.00068850
2025-10-10 17:00:00+00:00,-0.00036612
2025-10-10 18:00:00+00:00,-0.00058518
2025-10-10 19:00:00+00:00,-0.00041303
2025-10-10 20:00:00+00:00,0.00015192
2025-10-10 21:00:00+00:00,-0.00175370
2025-10-10 22:00:00+00:00,-0.00051869
2025-10-10 23:00:00+00:00,-0.00080779
2025-10-11 00:00:00+00:00,-0.00055389
2025-10-11 01:00:00+00:00,-0.00018053
2025-10-11 02:00:00+00:00,-0.00017982
2025-10-11 03:00:00+00:00,-0.00036508
2025-10-11 04:00:00+00:00,-0.00005690
2025-10-11 05:00:00+00:00,-0.00043505
2025-10-11 06:00:00+00:00,-0.00040141
2025-10-11 07:00:00+00:00,-0.00032724
2025-10-11 08:00:00+00:00,-0.00048460
2025-10-11 09:00:00+00:00,-0.00036594
2025-10-11 10:00:00+00:00,-0.00038871
2025-10-11 11:00:00+00:00,-0.00037161
2025-10-11 12:00:00+00:00,-0.00058263
2025-10-11 13:00:00+00:00,-0.00054849
2025-10-11 14:00:00+00:00,-0.00049424
2025-10-11 15:00:00+00:00,-0.00047018
2025-10-11 16:00:00+00:00,-0.00038396
2025-10-11 17:00:00+00:00,-0.00057762
2025-10-11 18:00:00+00:00,-0.00040860
2025-10-11 19:00:00+00:00,-0.00037289
2025-10-11 20:00:00+00:00,-0.00085882
2025-10-11 21:00:00+00:00,-0.00060677
2025-10-11 22:00:00+00:00,-0.00063373
2025-10-11 23:00:00+00:00,-0.00059266
2025-10-12 00:00:00+00:00,-0.00050328
2025-10-12 01:00:00+00:00,-0.00033463
2025-10-12 02:00:00+00:00,-0.00030060
2025-10-12 03:00:00+00:00,-0.00030477
2025-10-12 04:00:00+00:00,-0.00034871
2025-10-12 05:00:00+00:00,-0.00095287
2025-10-12 06:00:00+00:00,-0.00062682
2025-10-12 07:00:00+00:00,-0.00053923
2025-10-12 08:00:00+00:00,-0.00057490
2025-10-12 09:00:00+00:00,-0.00058480
2025-10-12 10:00:00+00:00,-0.00055634
2025-10-12 11:00:00+00:00,-0.00054219
2025-10-12 12:00:00+00:00,-0.00064070
2025-10-12 13:00:00+00:00,-0.00052964
2025-10-12 14:00:00+00:00,-0.00081888
2025-10-12 15:00:00+00:00,-0.00069708
2025-10-12 16:00:00+00:00,-0.00063776
2025-10-12 17:00:00+00:00,-0.00056654
2025-10-12 18:00:00+00:00,-0.00057154
2025-10-12 19:00:00+00:00,-0.00057044
2025-10-12 20:00:00+00:00,-0.00063535
2025-10-12 21:00:00+00:00,-0.00052098
2025-10-12 22:00:00+00:00,-0.00052142
2025-10-12 23:00:00+00:00,-0.00068551
2025-10-13 00:00:00+00:00,-0.00027416
2025-10-13 01:00:00+00:00,-0.00057788
2025-10-13 02:00:00+00:00,-0.00026877
2025-10-13 03:00:00+00:00,-0.00045341
2025-10-13 04:00:00+00:00,-0.00052461
2025-10-13 05:00:00+00:00,-0.00041358
2025-10-13 06:00:00+00:00,-0.00049451
2025-10-13 07:00:00+00:00,-0.00045274
2025-10-13 08:00:00+00:00,-0.00063472
2025-10-13 09:00:00+00:00,-0.00066317
2025-10-13 10:00:00+00:00,-0.00061350
2025-10-13 11:00:00+00:00,-0.00060513
2025-10-13 12:00:00+00:00,-0.00041059
2025-10-13 13:00:00+00:00,-0.00040980
2025-10-13 14:00:00+00:00,-0.00054130
2025-10-13 15:00:00+00:00,-0.00055328
2025-10-13 16:00:00+00:00,-0.00063723
2025-10-13 17:00:00+00:00,-0.00033136
2025-10-13 18:00:00+00:00,-0.00046535
2025-10-13 19:00:00+00:00,-0.00056261
2025-10-13 20:00:00+00:00,-0.00061806
2025-10-13 21:00:00+00:00,-0.00044412
2025-10-13 22:00:00+00:00,-0.00058560
2025-10-13 23:00:00+00:00,-0.00048336
2025-10-14 00:00:00+00:00,-0.00051253
2025-10-14 01:00:00+00:00,-0.00049424
2025-10-14 02:00:00+00:00,-0.00057754
2025-10-14 03:00:00+00:00,-0.00042963
2025-10-14 04:00:00+00:00,-0.00035490
2025-10-14 05:00:00+00:00,-0.00012935
2025-10-14 06:00:00+00:00,-0.00046909
2025-10-14 07:00:00+00:00,-0.00059895
2025-10-14 08:00:00+00:00,-0.00052577
2025-10-14 09:00:00+00:00,-0.00043351
2025-10-14 10:00:00+00:00,-0.00050278
2025-10-14 11:00:00+00:00,-0.00073529
2025-10-14 12:00:00+00:00,-0.00055971
2025-10-14 13:00:00+00:00,-0.00015578
2025-10-14 14:00:00+00:00,-0.00060893
2025-10-14 15:00:00+00:00,-0.00065781
2025-10-14 16:00:00+00:00,-0.00065792
2025-10-14 17:00:00+00:00,-0.00067186
2025-10-14 18:00:00+00:00,-0.00052745
2025-10-14 19:00:00+00:00,-0.00047425
2025-10-14 20:00:00+00:00,-0.00043534
2025-10-14 21:00:00+00:00,-0.00055184
2025-10-14 22:00:00+00:00,-0.00053634
2025-10-14 23:00:00+00:00,-0.00035976
2025-10-15 00:00:00+00:00,-0.00048924
2025-10-15 01:00:00+00:00,-0.00047897
2025-10-15 02:00:00+00:00,-0.00043910
2025-10-15 03:00:00+00:00,-0.00043173
2025-10-15 04:00:00+00:00,-0.00043481
2025-10-15 05:00:00+00:00,-0.00044263
2025-10-15 06:00:00+00:00,-0.00040540
2025-10-15 07:00:00+00:00,-0.00049895
2025-10-15 08:00:00+00:00,-0.00052606
2025-10-15 09:00:00+00:00,-0.00045380
2025-10-15 10:00:00+00:00,-0.00041051
2025-10-15 11:00:00+00:00,-0.00053855
2025-10-15 12:00:00+00:00,-0.00043893
2025-10-15 13:00:00+00:00,-0.00044283
2025-10-15 14:00:00+00:00,-0.00053260
2025-10-15 15:00:00+00:00,-0.00036804
2025-10-15 16:00:00+00:00,-0.00047549
2025-10-15 17:00:00+00:00,-0.00043057
2025-10-15 18:00:00+00:00,-0.00058678
2025-10-15 19:00:00+00:00,-0.00081637
2025-10-15 20:00:00+00:00,-0.00063420
2025-10-15 21:00:00+00:00,-0.00053381
2025-10-15 22:00:00+00:00,-0.00055464
2025-10-15 23:00:00+00:00,-0.00052090
2025-10-16 00:00:00+00:00,-0.00043314
2025-10-16 01:00:00+00:00,-0.00023446
2025-10-16 02:00:00+00:00,-0.00041822
2025-10-16 03:00:00+00:00,-0.00036359
2025-10-16 04:00:00+00:00,-0.00046727
2025-10-16 05:00:00+00:00,-0.00061111
2025-10-16 06:00:00+00:00,-0.00059684
2025-10-16 07:00:00+00:00,-0.00057436
2025-10-16 08:00:00+00:00,-0.00048242
2025-10-16 09:00:00+00:00,-0.00050590
2025-10-16 10:00:00+00:00,-0.00046785
2025-10-16 11:00:00+00:00,-0.00039054
2025-10-16 12:00:00+00:00,-0.00048045
2025-10-16 13:00:00+00:00,-0.00092656
2025-10-16 14:00:00+00:00,-0.00030373
2025-10-16 15:00:00+00:00,-0.00063940
2025-10-16 16:00:00+00:00,-0.00031793
2025-10-16 17:00:00+00:00,-0.00056978
2025-10-16 18:00:00+00:00,-0.00042237
2025-10-16 19:00:00+00:00,-0.00052802
2025-10-16 20:00:00+00:00,-0.00036381
2025-10-16 21:00:00+00:00,-0.00059944
2025-10-16 22:00:00+00:00,-0.00056707
2025-10-16 23:00:00+00:00,-0.00055128
2025-10-17 00:00:00+00:00,-0.00041346
2025-10-17 01:00:00+00:00,-0.00054116
2025-10-17 02:00:00+00:00,-0.00053445
2025-10-17 03:00:00+00:00,-0.00048502
2025-10-17 04:00:00+00:00,-0.00067942
2025-10-17 05:00:00+00:00,-0.00047108
2025-10-17 06:00:00+00:00,-0.00062988
2025-10-17 07:00:00+00:00,-0.00043638
2025-10-17 08:00:00+00:00,-0.00044612
2025-10-17 09:00:00+00:00,-0.00067293
2025-10-17 10:00:00+00:00,-0.00063834
2025-10-17 11:00:00+00:00,-0.00068958
2025-10-17 12:00:00+00:00,-0.00069757
2025-10-17 13:00:00+00:00,-0.00054633
2025-10-17 14:00:00+00:00,-0.00050842
2025-10-17 15:00:00+00:00,-0.00032008
2025-10-17 16:00:00+00:00,-0.00041222
2025-10-17 17:00:00+00:00,-0.00041154
2025-10-17 18:00:00+00:00,-0.00040241
2025-10-17 19:00:00+00:00,-0.00044796
2025-10-17 20:00:00+00:00,-0.00058002
2025-10-17 21:00:00+00:00,-0.00072635
2025-10-17 22:00:00+00:00,-0.00061678
2025-10-17 23:00:00+00:00,-0.00051883
2025-10-18 00:00:00+00:00,-0.00051432
2025-10-18 01:00:00+00:00,-0.00059400
2025-10-18 02:00:00+00:00,-0.00048559
2025-10-18 03:00:00+00:00,-0.00046161
2025-10-18 04:00:00+00:00,-0.00060294
2025-10-18 05:00:00+00:00,-0.00054610
2025-10-18 06:00:00+00:00,-0.00062852
2025-10-18 07:00:00+00:00,-0.00028412
2025-10-18 08:00:00+00:00,-0.00054159
2025-10-18 09:00:00+00:00,-0.00051356
2025-10-18 10:00:00+00:00,-0.00048805
2025-10-18 11:00:00+00:00,-0.00056079
2025-10-18 12:00:00+00:00,-0.00064166
2025-10-18 13:00:00+00:00,-0.00048147
2025-10-18 14:00:00+00:00,-0.00047962
2025-10-18 15:00:00+00:00,-0.00051360
2025-10-18 16:00:00+00:00,-0.00057395
2025-10-18 17:00:00+00:00,-0.00054694
2025-10-18 18:00:00+00:00,-0.00047890
2025-10-18 19:00:00+00:00,-0.00056649
2025-10-18 20:00:00+00:00,-0.00054607
2025-10-18 21:00:00+00:00,-0.00048728
2025-10-18 22:00:00+00:00,-0.00057827
2025-10-18 23:00:00+00:00,-0.00062809
2025-10-19 00:00:00+00:00,-0.00057790
2025-10-19 01:00:00+00:00,-0.00056727
2025-10-19 02:00:00+00:00,-0.00049008
2025-10-19 03:00:00+00:00,-0.00045176
2025-10-19 04:00:00+00:00,-0.00050898
2025-10-19 05:00:00+00:00,-0.00039560
2025-10-19 06:00:00+00:00,-0.00046000
2025-10-19 07:00:00+00:00,-0.00050328
2025-10-19 08:00:00+00:00,-0.00043810
2025-10-19 09:00:00+00:00,-0.00048939
2025-10-19 10:00:00+00:00,-0.00049225
2025-10-19 11:00:00+00:00,-0.00056393
2025-10-19 12:00:00+00:00,-0.00046400
2025-10-19 13:00:00+00:00,-0.00050320
2025-10-19 14:00:00+00:00,-0.00042896
2025-10-19 15:00:00+00:00,-0.00044858
2025-10-19 16:00:00+00:00,-0.00056453
2025-10-19 17:00:00+00:00,-0.00065221
2025-10-19 18:00:00+00:00,-0.00065787
2025-10-19 19:00:00+00:00,-0.00047291
2025-10-19 20:00:00+00:00,-0.00043826
2025-10-19 21:00:00+00:00,-0.00053750
2025-10-19 22:00:00+00:00,-0.00054069
2025-10-19 23:00:00+00:00,-0.00050250
2025-10-20 00:00:00+00:00,-0.00041288
2025-10-20 01:00:00+00:00,-0.00042286
2025-10-20 02:00:00+00:00,-0.00050678
2025-10-20 03:00:00+00:00,-0.00037827
2025-10-20 04:00:00+00:00,-0.00057663
2025-10-20 05:00:00+00:00,-0.00060482
2025-10-20 06:00:00+00:00,-0.00056423
2025-10-20 07:00:00+00:00,-0.00042077
2025-10-20 08:00:00+00:00,-0.00065658
2025-10-20 09:00:00+00:00,-0.00046736
2025-10-20 10:00:00+00:00,-0.00044738
2025-10-20 11:00:00+00:00,-0.00038579
2025-10-20 12:00:00+00:00,-0.00050476
2025-10-20 13:00:00+00:00,-0.00054495
2025-10-20 14:00:00+00:00,-0.00058175
2025-10-20 15:00:00+00:00,-0.00063889
2025-10-20 16:00:00+00:00,-0.00031259
2025-10-20 17:00:00+00:00,-0.00050035
2025-10-20 18:00:00+00:00,-0.00055397
2025-10-20 19:00:00+00:00,-0.00051000
2025-10-20 20:00:00+00:00,-0.00036237
2025-10-20 21:00:00+00:00,-0.00046875
2025-10-20 22:00:00+00:00,-0.00065262
2025-10-20 23:00:00+00:00,-0.00060643
2025-10-21 00:00:00+00:00,-0.00060464
2025-10-21 01:00:00+00:00,-0.00044193
2025-10-21 02:00:00+00:00,-0.00044751
2025-10-21 03:00:00+00:00,-0.00057685
2025-10-21 04:00:00+00:00,-0.00054382
2025-10-21 05:00:00+00:00,-0.00039447
2025-10-21 06:00:00+00:00,-0.00035753
2025-10-21 07:00:00+00:00,-0.00070976
2025-10-21 08:00:00+00:00,-0.00042956
2025-10-21 09:00:00+00:00,-0.00040907
2025-10-21 10:00:00+00:00,-0.00044601
2025-10-21 11:00:00+00:00,-0.00058827
2025-10-21 12:00:00+00:00,-0.00051485
2025-10-21 13:00:00+00:00,-0.00018674
2025-10-21 14:00:00+00:00,-0.00035616
2025-10-21 15:00:00+00:00,-0.00062438
2025-10-21 16:00:00+00:00,-0.00033410
2025-10-21 17:00:00+00:00,-0.00032409
2025-10-21 18:00:00+00:00,-0.00056522
2025-10-21 19:00:00+00:00,-0.00070409
2025-10-21 20:00:00+00:00,-0.00067713
2025-10-21 21:00:00+00:00,-0.00044826
2025-10-21 22:00:00+00:00,-0.00046966
2025-10-21 23:00:00+00:00,-0.00074468
2025-10-22 00:00:00+00:00,-0.00061252
2025-10-22 01:00:00+00:00,-0.00044143
2025-10-22 02:00:00+00:00,-0.00048556
2025-10-22 03:00:00+00:00,-0.00047256
2025-10-22 04:00:00+00:00,-0.00058001
2025-10-22 05:00:00+00:00,-0.00047895
2025-10-22 06:00:00+00:00,-0.00049704
2025-10-22 07:00:00+00:00,-0.00032686
2025-10-22 08:00:00+00:00,-0.00050070
2025-10-22 09:00:00+00:00,-0.00050097
2025-10-22 10:00:00+00:00,-0.00049301
2025-10-22 11:00:00+00:00,-0.00035783
2025-10-22 12:00:00+00:00,-0.00057615
2025-10-22 13:00:00+00:00,-0.00072958
2025-10-22 14:00:00+00:00,-0.00018734
2025-10-22 15:00:00+00:00,-0.00033217
2025-10-22 16:00:00+00:00,-0.00040739
2025-10-22 17:00:00+00:00,-0.00031043
2025-10-22 18:00:00+00:00,-0.00029659
2025-10-22 19:00:00+00:00,-0.00033473
2025-10-22 20:00:00+00:00,-0.00046683
2025-10-22 21:00:00+00:00,-0.00039751
2025-10-22 22:00:00+00:00,-0.00048363
2025-10-22 23:00:00+00:00,-0.00040148
2025-10-23 00:00:00+00:00,-0.00032355
2025-10-23 01:00:00+00:00,-0.00049940
2025-10-23 02:00:00+00:00,-0.00037409
2025-10-23 03:00:00+00:00,-0.00045523
2025-10-23 04:00:00+00:00,-0.00065071
2025-10-23 05:00:00+00:00,-0.00055050
2025-10-23 06:00:00+00:00,-0.00073479
2025-10-23 07:00:00+00:00,-0.00034655
2025-10-23 08:00:00+00:00,-0.00044940
2025-10-23 09:00:00+00:00,-0.00047816
2025-10-23 10:00:00+00:00,-0.00049626
2025-10-23 11:00:00+00:00,-0.00034908
2025-10-23 12:00:00+00:00,-0.00032921
2025-10-23 13:00:00+00:00,-0.00043026
2025-10-23 14:00:00+00:00,-0.00045047
2025-10-23 15:00:00+00:00,-0.00057392
2025-10-23 16:00:00+00:00,-0.00056576
2025-10-23 17:00:00+00:00,-0.00055353
2025-10-23 18:00:00+00:00,-0.00045741
2025-10-23 19:00:00+00:00,-0.00058704
2025-10-23 20:00:00+00:00,-0.00028152
2025-10-23 21:00:00+00:00,-0.00032120
2025-10-23 22:00:00+00:00,-0.00050783
2025-10-23 23:00:00+00:00,-0.00042743
2025-10-24 00:00:00+00:00,-0.00055386
2025-10-24 01:00:00+00:00,-0.00048076
2025-10-24 02:00:00+00:00,-0.00054532
2025-10-24 03:00:00+00:00,-0.00044247
2025-10-24 04:00:00+00:00,-0.00047579
2025-10-24 05:00:00+00:00,-0.00059003
2025-10-24 06:00:00+00:00,-0.00053239
2025-10-24 07:00:00+00:00,-0.00046477
2025-10-24 08:00:00+00:00,-0.00046266
2025-10-24 09:00:00+00:00,-0.00041700
2025-10-24 10:00:00+00:00,-0.00050100
2025-10-24 11:00:00+00:00,-0.00055859
2025-10-24 12:00:00+00:00,-0.00059508
2025-10-24 13:00:00+00:00,-0.00035862
2025-10-24 14:00:00+00:00,-0.00036406
2025-10-24 15:00:00+00:00,-0.00038730
2025-10-24 16:00:00+00:00,-0.00033112
2025-10-24 17:00:00+00:00,-0.00045899
2025-10-24 18:00:00+00:00,-0.00051152
2025-10-24 19:00:00+00:00,-0.00044635
2025-10-24 20:00:00+00:00,-0.00024188
2025-10-24 21:00:00+00:00,-0.00050514
2025-10-24 22:00:00+00:00,-0.00054482
2025-10-24 23:00:00+00:00,-0.00037364
2025-10-25 00:00:00+00:00,-0.00039883
2025-10-25 01:00:00+00:00,-0.00039572
2025-10-25 02:00:00+00:00,-0.00047296
2025-10-25 03:00:00+00:00,-0.00059362
2025-10-25 04:00:00+00:00,-0.00057986
2025-10-25 05:00:00+00:00,-0.00044097
2025-10-25 06:00:00+00:00,-0.00052541
2025-10-25 07:00:00+00:00,-0.00046930
2025-10-25 08:00:00+00:00,-0.00054800
2025-10-25 09:00:00+00:00,-0.00041297
2025-10-25 10:00:00+00:00,-0.00047395
2025-10-25 11:00:00+00:00,-0.00040696
2025-10-25 12:00:00+00:00,-0.00049932
2025-10-25 13:00:00+00:00,-0.00046077
2025-10-25 14:00:00+00:00,-0.00043606
2025-10-25 15:00:00+00:00,-0.00041386
2025-10-25 16:00:00+00:00,-0.00044374
2025-10-25 17:00:00+00:00,-0.00050116
2025-10-25 18:00:00+00:00,-0.00048214
2025-10-25 19:00:00+00:00,-0.00046232
2025-10-25 20:00:00+00:00,-0.00044039
2025-10-25 21:00:00+00:00,-0.00047115
2025-10-25 22:00:00+00:00,-0.00055557
2025-10-25 23:00:00+00:00,-0.00052797
2025-10-26 00:00:00+00:00,-0.00058124
2025-10-26 01:00:00+00:00,-0.00054290
2025-10-26 02:00:00+00:00,-0.00043941
2025-10-26 03:00:00+00:00,-0.00047601
2025-10-26 04:00:00+00:00,-0.00049050
2025-10-26 05:00:00+00:00,-0.00054498
2025-10-26 06:00:00+00:00,-0.00054336
2025-10-26 07:00:00+00:00,-0.00046644
2025-10-26 08:00:00+00:00,-0.00059051
2025-10-26 09:00:00+00:00,-0.00045996
2025-10-26 10:00:00+00:00,-0.00047745
2025-10-26 11:00:00+00:00,-0.00050166
2025-10-26 12:00:00+00:00,-0.00047282
2025-10-26 13:00:00+00:00,-0.00042641
2025-10-26 14:00:00+00:00,-0.00052288
2025-10-26 15:00:00+00:00,-0.00042985
2025-10-26 16:00:00+00:00,-0.00036408
2025-10-26 17:00:00+00:00,-0.00041234
2025-10-26 18:00:00+00:00,-0.00032031
2025-10-26 19:00:00+00:00,-0.00033190
2025-10-26 20:00:00+00:00,-0.00041103
2025-10-26 21:00:00+00:00,-0.00022950
2025-10-26 22:00:00+00:00,-0.00043465
2025-10-26 23:00:00+00:00,-0.00041004
2025-10-27 00:00:00+00:00,-0.00060186
2025-10-27 01:00:00+00:00,-0.00057338
2025-10-27 02:00:00+00:00,-0.00046766
2025-10-27 03:00:00+00:00,-0.00038695
2025-10-27 04:00:00+00:00,-0.00039533
2025-10-27 05:00:00+00:00,-0.00035420
2025-10-27 06:00:00+00:00,-0.00013395
2025-10-27 07:00:00+00:00,-0.00011954
2025-10-27 08:00:00+00:00,-0.00026810
2025-10-27 09:00:00+00:00,-0.00040884
2025-10-27 10:00:00+00:00,-0.00028303
2025-10-27 11:00:00+00:00,-0.00053437
2025-10-27 12:00:00+00:00,-0.00042597
2025-10-27 13:00:00+00:00,-0.00044092
2025-10-27 14:00:00+00:00,-0.00041540
2025-10-27 15:00:00+00:00,-0.00049607
2025-10-27 16:00:00+00:00,-0.00048580
2025-10-27 17:00:00+00:00,-0.00039745
2025-10-27 18:00:00+00:00,-0.00061058
2025-10-27 19:00:00+00:00,-0.00030571
2025-10-27 20:00:00+00:00,-0.00052694
2025-10-27 21:00:00+00:00,-0.00053489
2025-10-27 22:00:00+00:00,-0.00038554
2025-10-27 23:00:00+00:00,-0.00037744
2025-10-28 00:00:00+00:00,-0.00037234
2025-10-28 01:00:00+00:00,-0.00037966
2025-10-28 02:00:00+00:00,-0.00054898
2025-10-28 03:00:00+00:00,-0.00042879
2025-10-28 04:00:00+00:00,-0.00046986
2025-10-28 05:00:00+00:00,-0.00040615
2025-10-28 06:00:00+00:00,-0.00046860
2025-10-28 07:00:00+00:00,-0.00050821
2025-10-28 08:00:00+00:00,-0.00048969
2025-10-28 09:00:00+00:00,-0.00049499
2025-10-28 10:00:00+00:00,-0.00048956
2025-10-28 11:00:00+00:00,-0.00058104
2025-10-28 12:00:00+00:00,-0.00045543
2025-10-28 13:00:00+00:00,-0.00045938
2025-10-28 14:00:00+00:00,-0.00039551
2025-10-28 15:00:00+00:00,-0.00066664
2025-10-28 16:00:00+00:00,-0.00043969
2025-10-28 17:00:00+00:00,-0.00040088
2025-10-28 18:00:00+00:00,-0.00023290
2025-10-28 19:00:00+00:00,-0.00048298
2025-10-28 20:00:00+00:00,-0.00067044
2025-10-28 21:00:00+00:00,-0.00064605
2025-10-28 22:00:00+00:00,-0.00053211
2025-10-28 23:00:00+00:00,-0.00053659
2025-10-29 00:00:00+00:00,-0.00062072
2025-10-29 01:00:00+00:00,-0.00060828
2025-10-29 02:00:00+00:00,-0.00039455
2025-10-29 03:00:00+00:00,-0.00042743
2025-10-29 04:00:00+00:00,-0.00052852
2025-10-29 05:00:00+00:00,-0.00054401
2025-10-29 06:00:00+00:00,-0.00041950
2025-10-29 07:00:00+00:00,-0.00046030
2025-10-29 08:00:00+00:00,-0.00049381
2025-10-29 09:00:00+00:00,-0.00035304
2025-10-29 10:00:00+00:00,-0.00047052
2025-10-29 11:00:00+00:00,-0.00040606
2025-10-29 12:00:00+00:00,-0.00039640
2025-10-29 13:00:00+00:00,-0.00036715
2025-10-29 14:00:00+00:00,-0.00024010
2025-10-29 15:00:00+00:00,-0.00044508
2025-10-29 16:00:00+00:00,-0.00046698
2025-10-29 17:00:00+00:00,-0.00039939
2025-10-29 18:00:00+00:00,-0.00052243
2025-10-29 19:00:00+00:00,-0.00046808
2025-10-29 20:00:00+00:00,-0.00054089
2025-10-29 21:00:00+00:00,-0.00045480
2025-10-29 22:00:00+00:00,-0.00037524
2025-10-29 23:00:00+00:00,-0.00032758
2025-10-30 00:00:00+00:00,-0.00058010
2025-10-30 01:00:00+00:00,-0.00067162
2025-10-30 02:00:00+00:00,-0.00047878
2025-10-30 03:00:00+00:00,-0.00042754
2025-10-30 04:00:00+00:00,-0.00043184
2025-10-30 05:00:00+00:00,-0.00056604
2025-10-30 06:00:00+00:00,-0.00049594
2025-10-30 07:00:00+00:00,-0.00054691
2025-10-30 08:00:00+00:00,-0.00057161
2025-10-30 09:00:00+00:00,-0.00051623
2025-10-30 10:00:00+00:00,-0.00046880
2025-10-30 11:00:00+00:00,-0.00068324
2025-10-30 12:00:00+00:00,-0.00046583
2025-10-30 13:00:00+00:00,-0.00052866
2025-10-30 14:00:00+00:00,-0.00071828
2025-10-30 15:00:00+00:00,-0.00047835
2025-10-30 16:00:00+00:00,-0.00034944
2025-10-30 17:00:00+00:00,-0.00031886
2025-10-30 18:00:00+00:00,-0.00034085
2025-10-30 19:00:00+00:00,-0.00042373
2025-10-30 20:00:00+00:00,-0.00060045
2025-10-30 21:00:00+00:00,-0.00057330
2025-10-30 22:00:00+00:00,-0.00044801
2025-10-30 23:00:00+00:00,-0.00043839
2025-10-31 00:00:00+00:00,-0.00034217
2025-10-31 01:00:00+00:00,-0.00028849
2025-10-31 02:00:00+00:00,-0.00027385
2025-10-31 03:00:00+00:00,-0.00035273
2025-10-31 04:00:00+00:00,-0.00038887
2025-10-31 05:00:00+00:00,-0.00031936
2025-10-31 06:00:00+00:00,-0.00033183
2025-10-31 07:00:00+00:00,-0.00038483
2025-10-31 08:00:00+00:00,-0.00044688
2025-10-31 09:00:00+00:00,-0.00035623
2025-10-31 10:00:00+00:00,-0.00029667
2025-10-31 11:00:00+00:00,-0.00037184
2025-10-31 12:00:00+00:00,-0.00033250
2025-10-31 13:00:00+00:00,-0.00037978
2025-10-31 14:00:00+00:00,-0.00026456
2025-10-31 15:00:00+00:00,-0.00028776
2025-10-31 16:00:00+00:00,-0.00011169
2025-10-31 17:00:00+00:00,-0.00026573
2025-10-31 18:00:00+00:00,-0.00032407
2025-10-31 19:00:00+00:00,-0.00029848
2025-10-31 20:00:00+00:00,-0.00031317
2025-10-31 21:00:00+00:00,-0.00028802
2025-10-31 22:00:00+00:00,-0.00038159
2025-10-31 23:00:00+00:00,-0.00043900
2025-11-01 00:00:00+00:00,-0.00038677
2025-11-01 01:00:00+00:00,-0.00041754
2025-11-01 02:00:00+00:00,-0.00033965
2025-11-01 03:00:00+00:00,-0.00028722
2025-11-01 04:00:00+00:00,-0.00038863
2025-11-01 05:00:00+00:00,-0.00041418
2025-11-01 06:00:00+00:00,-0.00042086
2025-11-01 07:00:00+00:00,-0.00041435
2025-11-01 08:00:00+00:00,-0.00036451
2025-11-01 09:00:00+00:00,-0.00033470
2025-11-01 10:00:00+00:00,-0.00020663
2025-11-01 11:00:00+00:00,-0.00021862
2025-11-01 12:00:00+00:00,-0.00042412
2025-11-01 13:00:00+00:00,-0.00037514
2025-11-01 14:00:00+00:00,-0.00046652
2025-11-01 15:00:00+00:00,-0.00044937
2025-11-01 16:00:00+00:00,-0.00045596
2025-11-01 17:00:00+00:00,-0.00042063
2025-11-01 18:00:00+00:00,-0.00040888
2025-11-01 19:00:00+00:00,-0.00047499
2025-11-01 20:00:00+00:00,-0.00047553
2025-11-01 21:00:00+00:00,-0.00062901
2025-11-01 22:00:00+00:00,-0.00044864
2025-11-01 23:00:00+00:00,-0.00053192
2025-11-02 00:00:00+00:00,-0.00035600
2025-11-02 01:00:00+00:00,-0.00043551
2025-11-02 02:00:00+00:00,-0.00040490
2025-11-02 03:00:00+00:00,-0.00040171
2025-11-02 04:00:00+00:00,-0.00042619
2025-11-02 05:00:00+00:00,-0.00046740
2025-11-02 06:00:00+00:00,-0.00051081
2025-11-02 07:00:00+00:00,-0.00055066
2025-11-02 08:00:00+00:00,-0.00034796
2025-11-02 09:00:00+00:00,-0.00044112
2025-11-02 10:00:00+00:00,-0.00024057
2025-11-02 11:00:00+00:00,-0.00038491
2025-11-02 12:00:00+00:00,-0.00037443
2025-11-02 13:00:00+00:00,-0.00042777
2025-11-02 14:00:00+00:00,-0.00045585
2025-11-02 15:00:00+00:00,-0.00042469
2025-11-02 16:00:00+00:00,-0.00044301
2025-11-02 17:00:00+00:00,-0.00039620
2025-11-02 18:00:00+00:00,-0.00043062
2025-11-02 19:00:00+00:00,-0.00047369
2025-11-02 20:00:00+00:00,-0.00036496
2025-11-02 21:00:00+00:00,-0.00041877
2025-11-02 22:00:00+00:00,-0.00025748
2025-11-02 23:00:00+00:00,-0.00059818
2025-11-03 00:00:00+00:00,-0.00062085
2025-11-03 01:00:00+00:00,-0.00056910
2025-11-03 02:00:00+00:00,-0.00033815
2025-11-03 03:00:00+00:00,-0.00067915
2025-11-03 04:00:00+00:00,-0.00047323
2025-11-03 05:00:00+00:00,-0.00041995
2025-11-03 06:00:00+00:00,-0.00035545
2025-11-03 07:00:00+00:00,-0.00040342
2025-11-03 08:00:00+00:00,-0.00026860
2025-11-03 09:00:00+00:00,-0.00047412
2025-11-03 10:00:00+00:00,-0.00034158
2025-11-03 11:00:00+00:00,-0.00037166
2025-11-03 12:00:00+00:00,-0.00049692
2025-11-03 13:00:00+00:00,-0.00049220
2025-11-03 14:00:00+00:00,-0.00049861
2025-11-03 15:00:00+00:00,-0.00025014
2025-11-03 16:00:00+00:00,-0.00037356
2025-11-03 17:00:00+00:00,-0.00043658
2025-11-03 18:00:00+00:00,-0.00041561
2025-11-03 19:00:00+00:00,-0.00026186
2025-11-03 20:00:00+00:00,-0.00044848
2025-11-03 21:00:00+00:00,-0.00040857
2025-11-03 22:00:00+00:00,-0.00023933
2025-11-03 23:00:00+00:00,-0.00030884
2025-11-04 00:00:00+00:00,-0.00034745
2025-11-04 01:00:00+00:00,-0.00042793
2025-11-04 02:00:00+00:00,-0.00057154
2025-11-04 03:00:00+00:00,-0.00046679
2025-11-04 04:00:00+00:00,-0.00049074
2025-11-04 05:00:00+00:00,-0.00051097
2025-11-04 06:00:00+00:00,-0.00040048
2025-11-04 07:00:00+00:00,-0.00044041
2025-11-04 08:00:00+00:00,-0.00026699
2025-11-04 09:00:00+00:00,-0.00044013
2025-11-04 10:00:00+00:00,-0.00066729
2025-11-04 11:00:00+00:00,-0.00049994
2025-11-04 12:00:00+00:00,-0.00050306
2025-11-04 13:00:00+00:00,-0.00050059
2025-11-04 14:00:00+00:00,-0.00036818
2025-11-04 15:00:00+00:00,-0.00062121
2025-11-04 16:00:00+00:00,-0.00031683
2025-11-04 17:00:00+00:00,-0.00047017
2025-11-04 18:00:00+00:00,-0.00018421
2025-11-04 19:00:00+00:00,-0.00013686
2025-11-04 20:00:00+00:00,-0.00017621
2025-11-04 21:00:00+00:00,-0.00017108
2025-11-04 22:00:00+00:00,-0.00008752
2025-11-04 23:00:00+00:00,-0.00062727
2025-11-05 00:00:00+00:00,-0.00054356
2025-11-05 01:00:00+00:00,-0.00118706
2025-11-05 02:00:00+00:00,-0.00005039
2025-11-05 03:00:00+00:00,-0.00031015
2025-11-05 04:00:00+00:00,-0.00040993
2025-11-05 05:00:00+00:00,-0.00049425
2025-11-05 06:00:00+00:00,-0.00046359
2025-11-05 07:00:00+00:00,-0.00054445
2025-11-05 08:00:00+00:00,-0.00047075
2025-11-05 09:00:00+00:00,-0.00037612
2025-11-05 10:00:00+00:00,-0.00045479
2025-11-05 11:00:00+00:00,-0.00054641
2025-11-05 12:00:00+00:00,-0.00046852
2025-11-05 13:00:00+00:00,-0.00061620
2025-11-05 14:00:00+00:00,-0.00042965
2025-11-05 15:00:00+00:00,-0.00050642
2025-11-05 16:00:00+00:00,-0.00076205
2025-11-05 17:00:00+00:00,-0.00051207
2025-11-05 18:00:00+00:00,-0.00052900
2025-11-05 19:00:00+00:00,-0.00064434
2025-11-05 20:00:00+00:00,-0.00040253
2025-11-05 21:00:00+00:00,-0.00043926
2025-11-05 22:00:00+00:00,-0.00063758
2025-11-05 23:00:00+00:00,-0.00043240
2025-11-06 00:00:00+00:00,-0.00039511
2025-11-06 01:00:00+00:00,-0.00047668
2025-11-06 02:00:00+00:00,-0.00043783
2025-11-06 03:00:00+00:00,-0.00041057
2025-11-06 04:00:00+00:00,-0.00045805
2025-11-06 05:00:00+00:00,-0.00028592
2025-11-06 06:00:00+00:00,-0.00041650
2025-11-06 07:00:00+00:00,-0.00049396
2025-11-06 08:00:00+00:00,-0.00033082
2025-11-06 09:00:00+00:00,-0.00066551
2025-11-06 10:00:00+00:00,-0.00044748
2025-11-06 11:00:00+00:00,-0.00039357
2025-11-06 12:00:00+00:00,-0.00057264
2025-11-06 13:00:00+00:00,-0.00046672
2025-11-06 14:00:00+00:00,-0.00041675
2025-11-06 15:00:00+00:00,-0.00030132
2025-11-06 16:00:00+00:00,-0.00045825
2025-11-06 17:00:00+00:00,-0.00032404
2025-11-06 18:00:00+00:00,-0.00053547
2025-11-06 19:00:00+00:00,-0.00053986
2025-11-06 20:00:00+00:00,-0.00033025
2025-11-06 21:00:00+00:00,-0.00054082
2025-11-06 22:00:00+00:00,-0.00055822
2025-11-06 23:00:00+00:00,-0.00033014
2025-11-07 00:00:00+00:00,-0.00054174
2025-11-07 01:00:00+00:00,-0.00047416
2025-11-07 02:00:00+00:00,-0.00055127
2025-11-07 03:00:00+00:00,-0.00051711
2025-11-07 04:00:00+00:00,-0.00052895
2025-11-07 05:00:00+00:00,-0.00051818
2025-11-07 06:00:00+00:00,-0.00055265
2025-11-07 07:00:00+00:00,-0.00044008
2025-11-07 08:00:00+00:00,-0.00033920
2025-11-07 09:00:00+00:00,-0.00051191
2025-11-07 10:00:00+00:00,-0.00047441
2025-11-07 11:00:00+00:00,-0.00033935
2025-11-07 12:00:00+00:00,-0.00020785
2025-11-07 13:00:00+00:00,-0.00038237
2025-11-07 14:00:00+00:00,-0.00024171
2025-11-07 15:00:00+00:00,-0.00032870
2025-11-07 16:00:00+00:00,-0.00043566
2025-11-07 17:00:00+00:00,-0.00036965
2025-11-07 18:00:00+00:00,-0.00052277
2025-11-07 19:00:00+00:00,-0.00037051
2025-11-07 20:00:00+00:00,-0.00037150
2025-11-07 21:00:00+00:00,-0.00029847
2025-11-07 22:00:00+00:00,-0.00049186
2025-11-07 23:00:00+00:00,-0.00031140
2025-11-08 00:00:00+00:00,-0.00038151
2025-11-08 01:00:00+00:00,-0.00038394
2025-11-08 02:00:00+00:00,-0.00047053
2025-11-08 03:00:00+00:00,-0.00041799
2025-11-08 04:00:00+00:00,-0.00059984
2025-11-08 05:00:00+00:00,-0.00056187
2025-11-08 06:00:00+00:00,-0.00047457
2025-11-08 07:00:00+00:00,-0.00042306
2025-11-08 08:00:00+00:00,-0.00050284
2025-11-08 09:00:00+00:00,-0.00048477
2025-11-08 10:00:00+00:00,-0.00047697
2025-11-08 11:00:00+00:00,-0.00071812
2025-11-08 12:00:00+00:00,-0.00040743
2025-11-08 13:00:00+00:00,-0.00052737
2025-11-08 14:00:00+00:00,-0.00046280
2025-11-08 15:00:00+00:00,-0.00039729
2025-11-08 16:00:00+00:00,-0.00043019
2025-11-08 17:00:00+00:00,-0.00049714
2025-11-08 18:00:00+00:00,-0.00058314
2025-11-08 19:00:00+00:00,-0.00053226
2025-11-08 20:00:00+00:00,-0.00041486
2025-11-08 21:00:00+00:00,-0.00053583
2025-11-08 22:00:00+00:00,-0.00056496
2025-11-08 23:00:00+00:00,-0.00047508
2025-11-09 00:00:00+00:00,-0.00051672
2025-11-09 01:00:00+00:00,-0.00051365
2025-11-09 02:00:00+00:00,-0.00051507
2025-11-09 03:00:00+00:00,-0.00041944
2025-11-09 04:00:00+00:00,-0.00050821
2025-11-09 05:00:00+00:00,-0.00045272
2025-11-09 06:00:00+00:00,-0.00041498
2025-11-09 07:00:00+00:00,-0.00043179
2025-11-09 08:00:00+00:00,-0.00027948
2025-11-09 09:00:00+00:00,-0.00057795
2025-11-09 10:00:00+00:00,-0.00035358
2025-11-09 11:00:00+00:00,-0.00044545
2025-11-09 12:00:00+00:00,-0.00044264
2025-11-09 13:00:00+00:00,-0.00033436
2025-11-09 14:00:00+00:00,-0.00023159
2025-11-09 15:00:00+00:00,-0.00045354
2025-11-09 16:00:00+00:00,-0.00028652
2025-11-09 17:00:00+00:00,-0.00033932
2025-11-09 18:00:00+00:00,-0.00025695
2025-11-09 19:00:00+00:00,-0.00032446
2025-11-09 20:00:00+00:00,-0.00047075
2025-11-09 21:00:00+00:00,-0.00034687
2025-11-09 22:00:00+00:00,-0.00032742
2025-11-09 23:00:00+00:00,-0.00050953
2025-11-10 00:00:00+00:00,-0.00040474
2025-11-10 01:00:00+00:00,-0.00048925
2025-11-10 02:00:00+00:00,-0.00032637
2025-11-10 03:00:00+00:00,-0.00036713
2025-11-10 04:00:00+00:00,-0.00050706
2025-11-10 05:00:00+00:00,-0.00052053
2025-11-10 06:00:00+00:00,-0.00051263
2025-11-10 07:00:00+00:00,-0.00033034
2025-11-10 08:00:00+00:00,-0.00039577
2025-11-10 09:00:00+00:00,-0.00033781
2025-11-10 10:00:00+00:00,-0.00052131
2025-11-10 11:00:00+00:00,-0.00042679
2025-11-10 12:00:00+00:00,-0.00046915
2025-11-10 13:00:00+00:00,-0.00047617
2025-11-10 14:00:00+00:00,-0.00056110
2025-11-10 15:00:00+00:00,-0.00033816
2025-11-10 16:00:00+00:00,-0.00049518
2025-11-10 17:00:00+00:00,-0.00045796
2025-11-10 18:00:00+00:00,-0.00062035
2025-11-10 19:00:00+00:00,-0.00048286
2025-11-10 20:00:00+00:00,-0.00053151
2025-11-10 21:00:00+00:00,-0.00047896
2025-11-10 22:00:00+00:00,-0.00060102
2025-11-10 23:00:00+00:00,-0.00042430
2025-11-11 00:00:00+00:00,-0.00034615
2025-11-11 01:00:00+00:00,-0.00055831
2025-11-11 02:00:00+00:00,-0.00062104
2025-11-11 03:00:00+00:00,-0.00049943
2025-11-11 04:00:00+00:00,-0.00045423
2025-11-11 05:00:00+00:00,-0.00054741
2025-11-11 06:00:00+00:00,-0.00054059
2025-11-11 07:00:00+00:00,-0.00050772
2025-11-11 08:00:00+00:00,-0.00045606
2025-11-11 09:00:00+00:00,-0.00042438
2025-11-11 10:00:00+00:00,-0.00007737
2025-11-11 11:00:00+00:00,-0.00031270
2025-11-11 12:00:00+00:00,-0.00026269
2025-11-11 13:00:00+00:00,-0.00039850
2025-11-11 14:00:00+00:00,-0.00052396
2025-11-11 15:00:00+00:00,-0.00064781
2025-11-11 16:00:00+00:00,-0.00030850
2025-11-11 17:00:00+00:00,-0.00042856
2025-11-11 18:00:00+00:00,-0.00051584
2025-11-11 19:00:00+00:00,-0.00058549
2025-11-11 20:00:00+00:00,-0.00027173
2025-11-11 21:00:00+00:00,-0.00053350
2025-11-11 22:00:00+00:00,-0.00058910
2025-11-11 23:00:00+00:00,-0.00062058
2025-11-12 00:00:00+00:00,-0.00045213
2025-11-12 01:00:00+00:00,-0.00050834
2025-11-12 02:00:00+00:00,-0.00053385
2025-11-12 03:00:00+00:00,-0.00045974
2025-11-12 04:00:00+00:00,-0.00049371
2025-11-12 05:00:00+00:00,-0.00038309
2025-11-12 06:00:00+00:00,-0.00058284
2025-11-12 07:00:00+00:00,-0.00041784
2025-11-12 08:00:00+00:00,-0.00042249
2025-11-12 09:00:00+00:00,-0.00036130
2025-11-12 10:00:00+00:00,-0.00046511
2025-11-12 11:00:00+00:00,-0.00021552
2025-11-12 12:00:00+00:00,-0.00041052
2025-11-12 13:00:00+00:00,-0.00044159
2025-11-12 14:00:00+00:00,-0.00035874
2025-11-12 15:00:00+00:00,-0.00040464
2025-11-12 16:00:00+00:00,-0.00044702
2025-11-12 17:00:00+00:00,-0.00057111
2025-11-12 18:00:00+00:00,-0.00058808
2025-11-12 19:00:00+00:00,-0.00057158
2025-11-12 20:00:00+00:00,-0.00047567
2025-11-12 21:00:00+00:00,-0.00030359
2025-11-12 22:00:00+00:00,-0.00065353
2025-11-12 23:00:00+00:00,-0.00049518
2025-11-13 00:00:00+00:00,-0.00043192
2025-11-13 01:00:00+00:00,-0.00050008
2025-11-13 02:00:00+00:00,-0.00052396
2025-11-13 03:00:00+00:00,-0.00059983
2025-11-13 04:00:00+00:00,-0.00050136
2025-11-13 05:00:00+00:00,-0.00044053
2025-11-13 06:00:00+00:00,-0.00027248
2025-11-13 07:00:00+00:00,-0.00038445
2025-11-13 08:00:00+00:00,-0.00045816
2025-11-13 09:00:00+00:00,-0.00027972
2025-11-13 10:00:00+00:00,-0.00042591
2025-11-13 11:00:00+00:00,-0.00066776
2025-11-13 12:00:00+00:00,-0.00044437
2025-11-13 13:00:00+00:00,-0.00030824
2025-11-13 14:00:00+00:00,-0.00063630
2025-11-13 15:00:00+00:00,-0.00047335
2025-11-13 16:00:00+00:00,-0.00045946
2025-11-13 17:00:00+00:00,-0.00039828
2025-11-13 18:00:00+00:00,-0.00045032
2025-11-13 19:00:00+00:00,-0.00031565
2025-11-13 20:00:00+00:00,-0.00023224
2025-11-13 21:00:00+00:00,-0.00051765
2025-11-13 22:00:00+00:00,-0.00033613
2025-11-13 23:00:00+00:00,-0.00050010
2025-11-14 00:00:00+00:00,-0.00034690
2025-11-14 01:00:00+00:00,-0.00049542
2025-11-14 02:00:00+00:00,-0.00050753
2025-11-14 03:00:00+00:00,-0.00040009
2025-11-14 04:00:00+00:00,-0.00025190
2025-11-14 05:00:00+00:00,-0.00023660
2025-11-14 06:00:00+00:00,0.00006492
2025-11-14 07:00:00+00:00,-0.00049358
2025-11-14 08:00:00+00:00,-0.00052525
2025-11-14 09:00:00+00:00,-0.00044201
2025-11-14 10:00:00+00:00,-0.00040714
2025-11-14 11:00:00+00:00,-0.00044599
2025-11-14 12:00:00+00:00,-0.00012527
2025-11-14 13:00:00+00:00,-0.00033651
2025-11-14 14:00:00+00:00,-0.00026327
2025-11-14 15:00:00+00:00,-0.00052623
2025-11-14 16:00:00+00:00,-0.00043061
2025-11-14 17:00:00+00:00,-0.00017648
2025-11-14 18:00:00+00:00,-0.00049111
2025-11-14 19:00:00+00:00,-0.00023002
2025-11-14 20:00:00+00:00,-0.00044257
2025-11-14 21:00:00+00:00,-0.00037910
2025-11-14 22:00:00+00:00,-0.00030656
2025-11-14 23:00:00+00:00,-0.00033912
2025-11-15 00:00:00+00:00,-0.00023436
2025-11-15 01:00:00+00:00,-0.00033352
2025-11-15 02:00:00+00:00,-0.00012593
2025-11-15 03:00:00+00:00,-0.00027907
2025-11-15 04:00:00+00:00,-0.00034895
2025-11-15 05:00:00+00:00,-0.00039075
2025-11-15 06:00:00+00:00,-0.00036813
2025-11-15 07:00:00+00:00,-0.00042775
2025-11-15 08:00:00+00:00,-0.00026106
2025-11-15 09:00:00+00:00,-0.00048501
2025-11-15 10:00:00+00:00,-0.00044554
2025-11-15 11:00:00+00:00,-0.00036036
2025-11-15 12:00:00+00:00,-0.00042679
2025-11-15 13:00:00+00:00,-0.00038121
2025-11-15 14:00:00+00:00,-0.00047352
2025-11-15 15:00:00+00:00,-0.00040479
2025-11-15 16:00:00+00:00,-0.00033198
2025-11-15 17:00:00+00:00,-0.00041379
2025-11-15 18:00:00+00:00,-0.00041348
2025-11-15 19:00:00+00:00,-0.00045136
2025-11-15 20:00:00+00:00,-0.00030895
2025-11-15 21:00:00+00:00,-0.00034844
2025-11-15 22:00:00+00:00,-0.00035607
2025-11-15 23:00:00+00:00,-0.00046218
2025-11-16 00:00:00+00:00,-0.00048814
2025-11-16 01:00:00+00:00,-0.00036584
2025-11-16 02:00:00+00:00,-0.00031523
2025-11-16 03:00:00+00:00,-0.00037561
2025-11-16 04:00:00+00:00,-0.00039885
2025-11-16 05:00:00+00:00,-0.00035668
2025-11-16 06:00:00+00:00,-0.00029949
2025-11-16 07:00:00+00:00,-0.00033177
2025-11-16 08:00:00+00:00,-0.00016355
2025-11-16 09:00:00+00:00,-0.00019896
2025-11-16 10:00:00+00:00,-0.00029058
2025-11-16 11:00:00+00:00,-0.00040052
2025-11-16 12:00:00+00:00,-0.00033347
2025-11-16 13:00:00+00:00,-0.00048240
2025-11-16 14:00:00+00:00,-0.00052027
2025-11-16 15:00:00+00:00,-0.00002867
2025-11-16 16:00:00+00:00,-0.00036779
2025-11-16 17:00:00+00:00,-0.00049497
2025-11-16 18:00:00+00:00,-0.00040553
2025-11-16 19:00:00+00:00,-0.00025217
2025-11-16 20:00:00+00:00,-0.00057466
2025-11-16 21:00:00+00:00,-0.00031767
2025-11-16 22:00:00+00:00,-0.00035633
2025-11-16 23:00:00+00:00,-0.00039646
2025-11-17 00:00:00+00:00,-0.00027144
2025-11-17 01:00:00+00:00,-0.00048277
2025-11-17 02:00:00+00:00,-0.00025969
2025-11-17 03:00:00+00:00,-0.00021124
2025-11-17 04:00:00+00:00,-0.00033612
2025-11-17 05:00:00+00:00,-0.00042937
2025-11-17 06:00:00+00:00,-0.00043175
2025-11-17 07:00:00+00:00,-0.00063523
2025-11-17 08:00:00+00:00,-0.00045604
2025-11-17 09:00:00+00:00,-0.00053000
2025-11-17 10:00:00+00:00,-0.00046811
2025-11-17 11:00:00+00:00,-0.00035744
2025-11-17 12:00:00+00:00,-0.00034338
2025-11-17 13:00:00+00:00,-0.00023311
2025-11-17 14:00:00+00:00,-0.00029729
2025-11-17 15:00:00+00:00,-0.00042932
2025-11-17 16:00:00+00:00,-0.00045719
2025-11-17 17:00:00+00:00,-0.00041934
2025-11-17 18:00:00+00:00,-0.00041389
2025-11-17 19:00:00+00:00,-0.00013970
2025-11-17 20:00:00+00:00,-0.00025620
2025-11-17 21:00:00+00:00,-0.00040392
2025-11-17 22:00:00+00:00,-0.00037797
2025-11-17 23:00:00+00:00,-0.00050324
2025-11-18 00:00:00+00:00,-0.00066711
2025-11-18 01:00:00+00:00,-0.00050578
2025-11-18 02:00:00+00:00,0.00002109
2025-11-18 03:00:00+00:00,-0.00025952
2025-11-18 04:00:00+00:00,-0.00033481
2025-11-18 05:00:00+00:00,-0.00035977
2025-11-18 06:00:00+00:00,-0.00037011
2025-11-18 07:00:00+00:00,-0.00051932
2025-11-18 08:00:00+00:00,-0.00045819
2025-11-18 09:00:00+00:00,-0.00050571
2025-11-18 10:00:00+00:00,-0.00054276
2025-11-18 11:00:00+00:00,-0.00046128
2025-11-18 12:00:00+00:00,-0.00043524
2025-11-18 13:00:00+00:00,-0.00044243
2025-11-18 14:00:00+00:00,-0.00076385
2025-11-18 15:00:00+00:00,-0.00095759
2025-11-18 16:00:00+00:00,-0.00036406
2025-11-18 17:00:00+00:00,-0.00036848
2025-11-18 18:00:00+00:00,-0.00042159
2025-11-18 19:00:00+00:00,-0.00028518
2025-11-18 20:00:00+00:00,-0.00039303
2025-11-18 21:00:00+00:00,-0.00044357
2025-11-18 22:00:00+00:00,-0.00044462
2025-11-18 23:00:00+00:00,-0.00050225
2025-11-19 00:00:00+00:00,-0.00046570
2025-11-19 01:00:00+00:00,-0.00022733
2025-11-19 02:00:00+00:00,-0.00032216
2025-11-19 03:00:00+00:00,-0.00052509
2025-11-19 04:00:00+00:00,-0.00051022
2025-11-19 05:00:00+00:00,-0.00034987
2025-11-19 06:00:00+00:00,-0.00053064
2025-11-19 07:00:00+00:00,-0.00057359
2025-11-19 08:00:00+00:00,-0.00035324
2025-11-19 09:00:00+00:00,-0.00033283
2025-11-19 10:00:00+00:00,-0.00046795
2025-11-19 11:00:00+00:00,-0.00046743
2025-11-19 12:00:00+00:00,-0.00061971
2025-11-19 13:00:00+00:00,-0.00030858
2025-11-19 14:00:00+00:00,-0.00053846
2025-11-19 15:00:00+00:00,-0.00026468
2025-11-19 16:00:00+00:00,-0.00044851
2025-11-19 17:00:00+00:00,-0.00020823
2025-11-19 18:00:00+00:00,-0.00023706
2025-11-19 19:00:00+00:00,-0.00030825
2025-11-19 20:00:00+00:00,-0.00076275
2025-11-19 21:00:00+00:00,-0.00051134
2025-11-19 22:00:00+00:00,-0.00057998
2025-11-19 23:00:00+00:00,-0.00048473
2025-11-20 00:00:00+00:00,-0.00040659
2025-11-20 01:00:00+00:00,-0.00035682
2025-11-20 02:00:00+00:00,-0.00030584
2025-11-20 03:00:00+00:00,-0.00048572
2025-11-20 04:00:00+00:00,-0.00020914
2025-11-20 05:00:00+00:00,-0.00035569
2025-11-20 06:00:00+00:00,-0.00034761
2025-11-20 07:00:00+00:00,-0.00053519
2025-11-20 08:00:00+00:00,-0.00046366
2025-11-20 09:00:00+00:00,-0.00026236
2025-11-20 10:00:00+00:00,-0.00048554
2025-11-20 11:00:00+00:00,-0.00048843
2025-11-20 12:00:00+00:00,-0.00044104
2025-11-20 13:00:00+00:00,-0.00068485
2025-11-20 14:00:00+00:00,-0.00041333
2025-11-20 15:00:00+00:00,-0.00047235
2025-11-20 16:00:00+00:00,0.00045913
2025-11-20 17:00:00+00:00,-0.00035088
2025-11-20 18:00:00+00:00,-0.00065907
2025-11-20 19:00:00+00:00,-0.00046839
2025-11-20 20:00:00+00:00,-0.00022836
2025-11-20 21:00:00+00:00,-0.00052559
2025-11-20 22:00:00+00:00,-0.00069647
2025-11-20 23:00:00+00:00,-0.00033036
2025-11-21 00:00:00+00:00,-0.00028853
2025-11-21 01:00:00+00:00,-0.00045524
2025-11-21 02:00:00+00:00,-0.00064908
2025-11-21 03:00:00+00:00,-0.00050356
2025-11-21 04:00:00+00:00,-0.00041948
2025-11-21 05:00:00+00:00,-0.00049695
2025-11-21 06:00:00+00:00,-0.00037213
2025-11-21 07:00:00+00:00,-0.00057945
2025-11-21 08:00:00+00:00,-0.00052744
2025-11-21 09:00:00+00:00,-0.00045812
2025-11-21 10:00:00+00:00,-0.00049405
2025-11-21 11:00:00+00:00,-0.00037462
2025-11-21 12:00:00+00:00,-0.00045800
2025-11-21 13:00:00+00:00,-0.00067069
2025-11-21 14:00:00+00:00,-0.00086764
2025-11-21 15:00:00+00:00,-0.00046519
2025-11-21 16:00:00+00:00,-0.00039987
2025-11-21 17:00:00+00:00,-0.00055751
2025-11-21 18:00:00+00:00,-0.00058115
2025-11-21 19:00:00+00:00,-0.00051504
2025-11-21 20:00:00+00:00,-0.00039290
2025-11-21 21:00:00+00:00,-0.00038862
2025-11-21 22:00:00+00:00,-0.00048411
2025-11-21 23:00:00+00:00,-0.00054053
2025-11-22 00:00:00+00:00,-0.00051640
2025-11-22 01:00:00+00:00,-0.00018204
2025-11-22 02:00:00+00:00,-0.00055988
2025-11-22 03:00:00+00:00,-0.00042199
2025-11-22 04:00:00+00:00,-0.00038181
2025-11-22 05:00:00+00:00,-0.00026372
2025-11-22 06:00:00+00:00,-0.00052709
2025-11-22 07:00:00+00:00,-0.00051032
2025-11-22 08:00:00+00:00,-0.00039061
2025-11-22 09:00:00+00:00,-0.00031934
2025-11-22 10:00:00+00:00,-0.00032907
2025-11-22 11:00:00+00:00,-0.00046644
2025-11-22 12:00:00+00:00,-0.00049203
2025-11-22 13:00:00+00:00,-0.00038173
2025-11-22 14:00:00+00:00,-0.00051876
2025-11-22 15:00:00+00:00,-0.00054106
2025-11-22 16:00:00+00:00,-0.00050038
2025-11-22 17:00:00+00:00,-0.00055618
2025-11-22 18:00:00+00:00,-0.00031482
2025-11-22 19:00:00+00:00,-0.00052749
2025-11-22 20:00:00+00:00,-0.00047715
2025-11-22 21:00:00+00:00,-0.00041533
2025-11-22 22:00:00+00:00,-0.00057474
2025-11-22 23:00:00+00:00,-0.00053204
2025-11-23 00:00:00+00:00,-0.00043178
2025-11-23 01:00:00+00:00,-0.00024492
2025-11-23 02:00:00+00:00,-0.00052636
2025-11-23 03:00:00+00:00,-0.00042474
2025-11-23 04:00:00+00:00,-0.00044206
2025-11-23 05:00:00+00:00,-0.00047181
2025-11-23 06:00:00+00:00,-0.00057988
2025-11-23 07:00:00+00:00,-0.00030655
2025-11-23 08:00:00+00:00,-0.00041626
2025-11-23 09:00:00+00:00,-0.00056747
2025-11-23 10:00:00+00:00,-0.00052453
2025-11-23 11:00:00+00:00,-0.00038825
2025-11-23 12:00:00+00:00,-0.00040180
2025-11-23 13:00:00+00:00,-0.00041733
2025-11-23 14:00:00+00:00,-0.00040496
2025-11-23 15:00:00+00:00,-0.00054113
2025-11-23 16:00:00+00:00,-0.00051447
2025-11-23 17:00:00+00:00,-0.00053668
2025-11-23 18:00:00+00:00,-0.00053528
2025-11-23 19:00:00+00:00,-0.00066966
2025-11-23 20:00:00+00:00,-0.00059018
2025-11-23 21:00:00+00:00,-0.00054080
2025-11-23 22:00:00+00:00,-0.00034771
2025-11-23 23:00:00+00:00,-0.00027241
2025-11-24 00:00:00+00:00,-0.00048353
2025-11-24 01:00:00+00:00,-0.00043805
2025-11-24 02:00:00+00:00,-0.00038382
2025-11-24 03:00:00+00:00,-0.00059491
2025-11-24 04:00:00+00:00,-0.00050369
2025-11-24 05:00:00+00:00,-0.00045720
2025-11-24 06:00:00+00:00,-0.00049688
2025-11-24 07:00:00+00:00,-0.00042478
2025-11-24 08:00:00+00:00,-0.00051077
2025-11-24 09:00:00+00:00,-0.00041646
2025-11-24 10:00:00+00:00,-0.00042473
2025-11-24 11:00:00+00:00,-0.00040225
2025-11-24 12:00:00+00:00,-0.00038017
2025-11-24 13:00:00+00:00,-0.00032718
2025-11-24 14:00:00+00:00,-0.00024989
2025-11-24 15:00:00+00:00,-0.00048788
2025-11-24 16:00:00+00:00,-0.00067970
2025-11-24 17:00:00+00:00,-0.00062844
2025-11-24 18:00:00+00:00,-0.00059128
2025-11-24 19:00:00+00:00,-0.00042875
2025-11-24 20:00:00+00:00,-0.00069788
2025-11-24 21:00:00+00:00,-0.00076506
2025-11-24 22:00:00+00:00,-0.00056759
2025-11-24 23:00:00+00:00,-0.00055604
2025-11-25 00:00:00+00:00,-0.00046669
2025-11-25 01:00:00+00:00,-0.00061909
2025-11-25 02:00:00+00:00,-0.00046355
2025-11-25 03:00:00+00:00,-0.00044828
2025-11-25 04:00:00+00:00,-0.00048125
2025-11-25 05:00:00+00:00,-0.00043778
2025-11-25 06:00:00+00:00,-0.00043605
2025-11-25 07:00:00+00:00,-0.00033258
2025-11-25 08:00:00+00:00,-0.00043997
2025-11-25 09:00:00+00:00,-0.00043955
2025-11-25 10:00:00+00:00,-0.00060138
2025-11-25 11:00:00+00:00,-0.00057787
2025-11-25 12:00:00+00:00,-0.00049857
2025-11-25 13:00:00+00:00,-0.00054896
2025-11-25 14:00:00+00:00,-0.00065010
2025-11-25 15:00:00+00:00,-0.00051439
2025-11-25 16:00:00+00:00,-0.00047296
2025-11-25 17:00:00+00:00,-0.00053745
2025-11-25 18:00:00+00:00,-0.00055514
2025-11-25 19:00:00+00:00,-0.00049703
2025-11-25 20:00:00+00:00,-0.00057621
2025-11-25 21:00:00+00:00,-0.00046069
2025-11-25 22:00:00+00:00,-0.00025243
2025-11-25 23:00:00+00:00,-0.00053421
2025-11-26 00:00:00+00:00,-0.00032413
2025-11-26 01:00:00+00:00,-0.00043511
2025-11-26 02:00:00+00:00,-0.00043693
2025-11-26 03:00:00+00:00,-0.00046017
2025-11-26 04:00:00+00:00,-0.00055010
2025-11-26 05:00:00+00:00,-0.00034898
2025-11-26 06:00:00+00:00,-0.00045810
2025-11-26 07:00:00+00:00,-0.00042817
2025-11-26 08:00:00+00:00,-0.00051899
2025-11-26 09:00:00+00:00,-0.00035315
2025-11-26 10:00:00+00:00,-0.00041987
2025-11-26 11:00:00+00:00,-0.00042145
2025-11-26 12:00:00+00:00,-0.00053234
2025-11-26 13:00:00+00:00,-0.00055920
2025-11-26 14:00:00+00:00,-0.00049551
2025-11-26 15:00:00+00:00,-0.00045327
2025-11-26 16:00:00+00:00,-0.00056606
2025-11-26 17:00:00+00:00,-0.00048623
2025-11-26 18:00:00+00:00,-0.00054998
2025-11-26 19:00:00+00:00,-0.00056278
2025-11-26 20:00:00+00:00,-0.00058649
2025-11-26 21:00:00+00:00,-0.00054598
2025-11-26 22:00:00+00:00,-0.00063590
2025-11-26 23:00:00+00:00,-0.00063228
2025-11-27 00:00:00+00:00,-0.00052782
2025-11-27 01:00:00+00:00,-0.00049968
2025-11-27 02:00:00+00:00,-0.00074089
2025-11-27 03:00:00+00:00,-0.00046326
2025-11-27 04:00:00+00:00,-0.00040988
2025-11-27 05:00:00+00:00,-0.00042476
2025-11-27 06:00:00+00:00,-0.00040714
2025-11-27 07:00:00+00:00,-0.00049504
2025-11-27 08:00:00+00:00,-0.00053123
2025-11-27 09:00:00+00:00,-0.00044798
2025-11-27 10:00:00+00:00,-0.00052680
2025-11-27 11:00:00+00:00,-0.00036110
2025-11-27 12:00:00+00:00,-0.00036786
2025-11-27 13:00:00+00:00,-0.00050663
2025-11-27 14:00:00+00:00,-0.00048043
2025-11-27 15:00:00+00:00,-0.00044496
2025-11-27 16:00:00+00:00,-0.00054558
2025-11-27 17:00:00+00:00,-0.00049363
2025-11-27 18:00:00+00:00,-0.00059599
2025-11-27 19:00:00+00:00,-0.00045573
2025-11-27 20:00:00+00:00,-0.00047437
2025-11-27 21:00:00+00:00,-0.00052217
2025-11-27 22:00:00+00:00,-0.00035843
2025-11-27 23:00:00+00:00,-0.00043420
2025-11-28 00:00:00+00:00,-0.00033799
2025-11-28 01:00:00+00:00,-0.00059157
2025-11-28 02:00:00+00:00,-0.00042655
2025-11-28 03:00:00+00:00,-0.00045341
2025-11-28 04:00:00+00:00,-0.00043872
2025-11-28 05:00:00+00:00,-0.00047288
2025-11-28 06:00:00+00:00,-0.00053135
2025-11-28 07:00:00+00:00,-0.00033704
2025-11-28 08:00:00+00:00,-0.00044934
2025-11-28 09:00:00+00:00,-0.00036094
2025-11-28 10:00:00+00:00,-0.00045101
2025-11-28 11:00:00+00:00,-0.00064799
2025-11-28 12:00:00+00:00,-0.00041901
2025-11-28 13:00:00+00:00,-0.00035600
2025-11-28 14:00:00+00:00,-0.00042313
2025-11-28 15:00:00+00:00,-0.00060763
2025-11-28 16:00:00+00:00,-0.00058724
2025-11-28 17:00:00+00:00,-0.00047625
2025-11-28 18:00:00+00:00,-0.00026547
2025-11-28 19:00:00+00:00,-0.00052653
2025-11-28 20:00:00+00:00,-0.00053594
2025-11-28 21:00:00+00:00,-0.00063754
2025-11-28 22:00:00+00:00,-0.00035437
2025-11-28 23:00:00+00:00,-0.00051362
2025-11-29 00:00:00+00:00,-0.00049468
2025-11-29 01:00:00+00:00,-0.00047438
2025-11-29 02:00:00+00:00,-0.00040720
2025-11-29 03:00:00+00:00,-0.00047820
2025-11-29 04:00:00+00:00,-0.00039621
2025-11-29 05:00:00+00:00,-0.00040181
2025-11-29 06:00:00+00:00,-0.00057728
2025-11-29 07:00:00+00:00,-0.00046347
2025-11-29 08:00:00+00:00,-0.00039756
2025-11-29 09:00:00+00:00,-0.00047158
2025-11-29 10:00:00+00:00,-0.00049132
2025-11-29 11:00:00+00:00,-0.00045317
2025-11-29 12:00:00+00:00,-0.00055410
2025-11-29 13:00:00+00:00,-0.00047517
2025-11-29 14:00:00+00:00,-0.00047359
2025-11-29 15:00:00+00:00,-0.00042333
2025-11-29 16:00:00+00:00,-0.00042083
2025-11-29 17:00:00+00:00,-0.00061042
2025-11-29 18:00:00+00:00,-0.00046264
2025-11-29 19:00:00+00:00,-0.00040888
2025-11-29 20:00:00+00:00,-0.00056628
2025-11-29 21:00:00+00:00,-0.00049313
2025-11-29 22:00:00+00:00,-0.00043296
2025-11-29 23:00:00+00:00,-0.00042169
2025-11-30 00:00:00+00:00,-0.00044814
2025-11-30 01:00:00+00:00,-0.00055622
2025-11-30 02:00:00+00:00,-0.00049142
2025-11-30 03:00:00+00:00,-0.00040584
2025-11-30 04:00:00+00:00,-0.00041793
2025-11-30 05:00:00+00:00,-0.00052251
2025-11-30 06:00:00+00:00,-0.00049623
2025-11-30 07:00:00+00:00,-0.00040334
2025-11-30 08:00:00+00:00,-0.00048990
2025-11-30 09:00:00+00:00,-0.00057425
2025-11-30 10:00:00+00:00,-0.00051087
2025-11-30 11:00:00+00:00,-0.00054421
2025-11-30 12:00:00+00:00,-0.00031965
2025-11-30 13:00:00+00:00,-0.00040202
2025-11-30 14:00:00+00:00,-0.00032554
2025-11-30 15:00:00+00:00,-0.00046093
2025-11-30 16:00:00+00:00,-0.00032579
2025-11-30 17:00:00+00:00,-0.00048636
2025-11-30 18:00:00+00:00,-0.00040152
2025-11-30 19:00:00+00:00,-0.00043115
2025-11-30 20:00:00+00:00,-0.00050732
2025-11-30 21:00:00+00:00,-0.00042738
2025-11-30 22:00:00+00:00,-0.00049485
2025-11-30 23:00:00+00:00,-0.00038468
2025-12-01 00:00:00+00:00,-0.00040468
2025-12-01 01:00:00+00:00,-0.00036137
2025-12-01 02:00:00+00:00,-0.00049716
2025-12-01 03:00:00+00:00,-0.00047440
2025-12-01 04:00:00+00:00,-0.00042718
2025-12-01 05:00:00+00:00,-0.00040213
2025-12-01 06:00:00+00:00,-0.00061923
2025-12-01 07:00:00+00:00,-0.00072105
2025-12-01 08:00:00+00:00,-0.00054307
2025-12-01 09:00:00+00:00,-0.00061778
2025-12-01 10:00:00+00:00,-0.00057144
2025-12-01 11:00:00+00:00,-0.00056515
2025-12-01 12:00:00+00:00,-0.00033749
2025-12-01 13:00:00+00:00,-0.00045022
2025-12-01 14:00:00+00:00,-0.00059837
2025-12-01 15:00:00+00:00,-0.00030982
2025-12-01 16:00:00+00:00,-0.00015674
2025-12-01 17:00:00+00:00,-0.00031904
2025-12-01 18:00:00+00:00,-0.00053006
2025-12-01 19:00:00+00:00,-0.00017291
2025-12-01 20:00:00+00:00,-0.00049165
2025-12-01 21:00:00+00:00,-0.00051356
2025-12-01 22:00:00+00:00,-0.00075071
2025-12-01 23:00:00+00:00,-0.00045760
2025-12-02 00:00:00+00:00,-0.00042343
2025-12-02 01:00:00+00:00,-0.00042380
2025-12-02 02:00:00+00:00,-0.00052567
2025-12-02 03:00:00+00:00,-0.00049112
2025-12-02 04:00:00+00:00,-0.00049113
2025-12-02 05:00:00+00:00,-0.00049413
2025-12-02 06:00:00+00:00,-0.00053713
2025-12-02 07:00:00+00:00,-0.00052850
2025-12-02 08:00:00+00:00,-0.00046218
2025-12-02 09:00:00+00:00,-0.00040998
2025-12-02 10:00:00+00:00,-0.00035074
2025-12-02 11:00:00+00:00,-0.00034478
2025-12-02 12:00:00+00:00,-0.00047759
2025-12-02 13:00:00+00:00,-0.00059581
2025-12-02 14:00:00+00:00,-0.00032448
2025-12-02 15:00:00+00:00,-0.00050422
2025-12-02 16:00:00+00:00,-0.00040141
2025-12-02 17:00:00+00:00,-0.00044841
2025-12-02 18:00:00+00:00,-0.00026975
2025-12-02 19:00:00+00:00,-0.00051560
2025-12-02 20:00:00+00:00,-0.00047638
2025-12-02 21:00:00+00:00,-0.00071614
2025-12-02 22:00:00+00:00,-0.00046134
2025-12-02 23:00:00+00:00,-0.00045028
2025-12-03 00:00:00+00:00,-0.00030949
2025-12-03 01:00:00+00:00,-0.00036455
2025-12-03 02:00:00+00:00,-0.00031685
2025-12-03 03:00:00+00:00,-0.00053573
2025-12-03 04:00:00+00:00,-0.00049975
2025-12-03 05:00:00+00:00,-0.00050720
2025-12-03 06:00:00+00:00,-0.00050560
2025-12-03 07:00:00+00:00,-0.00017467
2025-12-03 08:00:00+00:00,-0.00030631
2025-12-03 09:00:00+00:00,-0.00043719
2025-12-03 10:00:00+00:00,-0.00033801
2025-12-03 11:00:00+00:00,-0.00048281
2025-12-03 12:00:00+00:00,-0.00051211
2025-12-03 13:00:00+00:00,-0.00058921
2025-12-03 14:00:00+00:00,-0.00079125
2025-12-03 15:00:00+00:00,-0.00037931
2025-12-03 16:00:00+00:00,-0.00051270
2025-12-03 17:00:00+00:00,-0.00041909
2025-12-03 18:00:00+00:00,-0.00035044
2025-12-03 19:00:00+00:00,-0.00041393
2025-12-03 20:00:00+00:00,-0.00060532
2025-12-03 21:00:00+00:00,-0.00027102
2025-12-03 22:00:00+00:00,-0.00056219
2025-12-03 23:00:00+00:00,-0.00058958
2025-12-04 00:00:00+00:00,-0.00037696
2025-12-04 01:00:00+00:00,-0.00036695
2025-12-04 02:00:00+00:00,-0.00047614
2025-12-04 03:00:00+00:00,-0.00039997
2025-12-04 04:00:00+00:00,-0.00040470
2025-12-04 05:00:00+00:00,-0.00050500
2025-12-04 06:00:00+00:00,-0.00035113
2025-12-04 07:00:00+00:00,-0.00033622
2025-12-04 08:00:00+00:00,-0.00032529
2025-12-04 09:00:00+00:00,-0.00042897
2025-12-04 10:00:00+00:00,-0.00045365
2025-12-04 11:00:00+00:00,-0.00048886
2025-12-04 12:00:00+00:00,-0.00042548
2025-12-04 13:00:00+00:00,-0.00051432
2025-12-04 14:00:00+00:00,-0.00026216
2025-12-04 15:00:00+00:00,-0.00025476
2025-12-04 16:00:00+00:00,-0.00042135
2025-12-04 17:00:00+00:00,-0.00047838
2025-12-04 18:00:00+00:00,-0.00036163
2025-12-04 19:00:00+00:00,-0.00051637
2025-12-04 20:00:00+00:00,-0.00049131
2025-12-04 21:00:00+00:00,-0.00037092
2025-12-04 22:00:00+00:00,-0.00050986
2025-12-04 23:00:00+00:00,-0.00052467
2025-12-05 00:00:00+00:00,-0.00041801
2025-12-05 01:00:00+00:00,-0.00034423
2025-12-05 02:00:00+00:00,-0.00044701
2025-12-05 03:00:00+00:00,-0.00045638
2025-12-05 04:00:00+00:00,-0.00044854
2025-12-05 05:00:00+00:00,-0.00033947
2025-12-05 06:00:00+00:00,-0.00043105
2025-12-05 07:00:00+00:00,-0.00033837
2025-12-05 08:00:00+00:00,-0.00038046
2025-12-05 09:00:00+00:00,-0.00041111
2025-12-05 10:00:00+00:00,-0.00057684
2025-12-05 11:00:00+00:00,-0.00027989
2025-12-05 12:00:00+00:00,-0.00053045
2025-12-05 13:00:00+00:00,-0.00045524
2025-12-05 14:00:00+00:00,-0.00040121
2025-12-05 15:00:00+00:00,-0.00036939
2025-12-05 16:00:00+00:00,-0.00082170
2025-12-05 17:00:00+00:00,-0.00064833
2025-12-05 18:00:00+00:00,-0.00055513
2025-12-05 19:00:00+00:00,-0.00056900
2025-12-05 20:00:00+00:00,-0.00061946
2025-12-05 21:00:00+00:00,-0.00028605
2025-12-05 22:00:00+00:00,-0.00042643
2025-12-05 23:00:00+00:00,-0.00054571
2025-12-06 00:00:00+00:00,-0.00044982
2025-12-06 01:00:00+00:00,-0.00028111
2025-12-06 02:00:00+00:00,-0.00033181
2025-12-06 03:00:00+00:00,-0.00045123
2025-12-06 04:00:00+00:00,-0.00051612
2025-12-06 05:00:00+00:00,-0.00053335
2025-12-06 06:00:00+00:00,-0.00045902
2025-12-06 07:00:00+00:00,-0.00057629
2025-12-06 08:00:00+00:00,-0.00046692
2025-12-06 09:00:00+00:00,-0.00050590
2025-12-06 10:00:00+00:00,-0.00051183
2025-12-06 11:00:00+00:00,-0.00045354
2025-12-06 12:00:00+00:00,-0.00055355
2025-12-06 13:00:00+00:00,-0.00056107
2025-12-06 14:00:00+00:00,-0.00065974
2025-12-06 15:00:00+00:00,-0.00037867
2025-12-06 16:00:00+00:00,-0.00050558
2025-12-06 17:00:00+00:00,-0.00053186
2025-12-06 18:00:00+00:00,-0.00041206
2025-12-06 19:00:00+00:00,-0.00044308
2025-12-06 20:00:00+00:00,-0.00043072
2025-12-06 21:00:00+00:00,-0.00053807
2025-12-06 22:00:00+00:00,-0.00041905
2025-12-06 23:00:00+00:00,-0.00042851
2025-12-07 00:00:00+00:00,-0.00064496
2025-12-07 01:00:00+00:00,-0.00060837
2025-12-07 02:00:00+00:00,-0.00047998
2025-12-07 03:00:00+00:00,-0.00044819
2025-12-07 04:00:00+00:00,-0.00044536
2025-12-07 05:00:00+00:00,-0.00052917
2025-12-07 06:00:00+00:00,-0.00034011
2025-12-07 07:00:00+00:00,-0.00041758
2025-12-07 08:00:00+00:00,-0.00048783
2025-12-07 09:00:00+00:00,-0.00048481
2025-12-07 10:00:00+00:00,-0.00052243
2025-12-07 11:00:00+00:00,-0.00054175
2025-12-07 12:00:00+00:00,-0.00049217
2025-12-07 13:00:00+00:00,-0.00048435
2025-12-07 14:00:00+00:00,-0.00042177
2025-12-07 15:00:00+00:00,-0.00036686
2025-12-07 16:00:00+00:00,-0.00011252
2025-12-07 17:00:00+00:00,-0.00062625
2025-12-07 18:00:00+00:00,-0.00046413
2025-12-07 19:00:00+00:00,-0.00034215
2025-12-07 20:00:00+00:00,-0.00052199
2025-12-07 21:00:00+00:00,-0.00032353
2025-12-07 22:00:00+00:00,-0.00042675
2025-12-07 23:00:00+00:00,-0.00058695
2025-12-08 00:00:00+00:00,-0.00054072
2025-12-08 01:00:00+00:00,-0.00046241
2025-12-08 02:00:00+00:00,-0.00041253
2025-12-08 03:00:00+00:00,-0.00039785
2025-12-08 04:00:00+00:00,-0.00037117
2025-12-08 05:00:00+00:00,-0.00045344
2025-12-08 06:00:00+00:00,-0.00039311
2025-12-08 07:00:00+00:00,-0.00043228
2025-12-08 08:00:00+00:00,-0.00050494
2025-12-08 09:00:00+00:00,-0.00038115
2025-12-08 10:00:00+00:00,-0.00048137
2025-12-08 11:00:00+00:00,-0.00044379
2025-12-08 12:00:00+00:00,-0.00043236
2025-12-08 13:00:00+00:00,-0.00031044
2025-12-08 14:00:00+00:00,-0.00046569
2025-12-08 15:00:00+00:00,-0.00060968
2025-12-08 16:00:00+00:00,-0.00052451
2025-12-08 17:00:00+00:00,-0.00053610
2025-12-08 18:00:00+00:00,-0.00017058
2025-12-08 19:00:00+00:00,-0.00041581
2025-12-08 20:00:00+00:00,-0.00024809
2025-12-08 21:00:00+00:00,-0.00072190
2025-12-08 22:00:00+00:00,-0.00047470
2025-12-08 23:00:00+00:00,-0.00036088
2025-12-09 00:00:00+00:00,-0.00039202
2025-12-09 01:00:00+00:00,-0.00034774
2025-12-09 02:00:00+00:00,-0.00045546
2025-12-09 03:00:00+00:00,-0.00032308
2025-12-09 04:00:00+00:00,-0.00048879
2025-12-09 05:00:00+00:00,-0.00042982
2025-12-09 06:00:00+00:00,-0.00046033
2025-12-09 07:00:00+00:00,-0.00055059
2025-12-09 08:00:00+00:00,-0.00038250
2025-12-09 09:00:00+00:00,-0.00036988
2025-12-09 10:00:00+00:00,-0.00040033
2025-12-09 11:00:00+00:00,-0.00049870
2025-12-09 12:00:00+00:00,-0.00053404
2025-12-09 13:00:00+00:00,-0.00042347
2025-12-09 14:00:00+00:00,-0.00029700
2025-12-09 15:00:00+00:00,-0.00019235
2025-12-09 16:00:00+00:00,-0.00042590
2025-12-09 17:00:00+00:00,-0.00014520
2025-12-09 18:00:00+00:00,-0.00034355
2025-12-09 19:00:00+00:00,-0.00049929
2025-12-09 20:00:00+00:00,-0.00036685
2025-12-09 21:00:00+00:00,-0.00032551
2025-12-09 22:00:00+00:00,-0.00043625
2025-12-09 23:00:00+00:00,-0.00046441
2025-12-10 00:00:00+00:00,-0.00062838
2025-12-10 01:00:00+00:00,-0.00051696
2025-12-10 02:00:00+00:00,-0.00052083
2025-12-10 03:00:00+00:00,-0.00043600
2025-12-10 04:00:00+00:00,-0.00054252
2025-12-10 05:00:00+00:00,-0.00052762
2025-12-10 06:00:00+00:00,-0.00053269
2025-12-10 07:00:00+00:00,-0.00047357
2025-12-10 08:00:00+00:00,-0.00051817
2025-12-10 09:00:00+00:00,-0.00057861
2025-12-10 10:00:00+00:00,-0.00054691
2025-12-10 11:00:00+00:00,-0.00042520
2025-12-10 12:00:00+00:00,-0.00051315
2025-12-10 13:00:00+00:00,-0.00038458
2025-12-10 14:00:00+00:00,-0.00029250
2025-12-10 15:00:00+00:00,-0.00055214
2025-12-10 16:00:00+00:00,-0.00044394
2025-12-10 17:00:00+00:00,-0.00042790
2025-12-10 18:00:00+00:00,-0.00011643
2025-12-10 19:00:00+00:00,-0.00034897
2025-12-10 20:00:00+00:00,-0.00082892
2025-12-10 21:00:00+00:00,-0.00062037
2025-12-10 22:00:00+00:00,-0.00049549
2025-12-10 23:00:00+00:00,-0.00034481
2025-12-11 00:00:00+00:00,-0.00036730
2025-12-11 01:00:00+00:00,-0.00066904
2025-12-11 02:00:00+00:00,-0.00039281
2025-12-11 03:00:00+00:00,-0.00054578
2025-12-11 04:00:00+00:00,-0.00049460
2025-12-11 05:00:00+00:00,-0.00053274
2025-12-11 06:00:00+00:00,-0.00055175
2025-12-11 07:00:00+00:00,-0.00042908
2025-12-11 08:00:00+00:00,-0.00034845
2025-12-11 09:00:00+00:00,-0.00036917
2025-12-11 10:00:00+00:00,-0.00046225
2025-12-11 11:00:00+00:00,-0.00051605
2025-12-11 12:00:00+00:00,-0.00030376
2025-12-11 13:00:00+00:00,-0.00038413
2025-12-11 14:00:00+00:00,-0.00037235
2025-12-11 15:00:00+00:00,-0.00063862
2025-12-11 16:00:00+00:00,-0.00022960
2025-12-11 17:00:00+00:00,-0.00043844
2025-12-11 18:00:00+00:00,-0.00016378
2025-12-11 19:00:00+00:00,-0.00045981
2025-12-11 20:00:00+00:00,-0.00040883
2025-12-11 21:00:00+00:00,-0.00057672
2025-12-11 22:00:00+00:00,-0.00077104
2025-12-11 23:00:00+00:00,-0.00027802
2025-12-12 00:00:00+00:00,-0.00070843
2025-12-12 01:00:00+00:00,-0.00039297
2025-12-12 02:00:00+00:00,-0.00044942
2025-12-12 03:00:00+00:00,-0.00059793
2025-12-12 04:00:00+00:00,-0.00041336
2025-12-12 05:00:00+00:00,-0.00047311
2025-12-12 06:00:00+00:00,-0.00052585
2025-12-12 07:00:00+00:00,-0.00039766
2025-12-12 08:00:00+00:00,-0.00037969
2025-12-12 09:00:00+00:00,-0.00047635
2025-12-12 10:00:00+00:00,-0.00049155
2025-12-12 11:00:00+00:00,-0.00028215
2025-12-12 12:00:00+00:00,-0.00032884
2025-12-12 13:00:00+00:00,-0.00049169
2025-12-12 14:00:00+00:00,-0.00060777
2025-12-12 15:00:00+00:00,-0.00013716
2025-12-12 16:00:00+00:00,-0.00039666
2025-12-12 17:00:00+00:00,-0.00013946
2025-12-12 18:00:00+00:00,-0.00047337
2025-12-12 19:00:00+00:00,-0.00053800
2025-12-12 20:00:00+00:00,-0.00054384
2025-12-12 21:00:00+00:00,-0.00047963
2025-12-12 22:00:00+00:00,-0.00033538
2025-12-12 23:00:00+00:00,-0.00046264
2025-12-13 00:00:00+00:00,-0.00049756
2025-12-13 01:00:00+00:00,-0.00033088
2025-12-13 02:00:00+00:00,-0.00041016
2025-12-13 03:00:00+00:00,-0.00048340
2025-12-13 04:00:00+00:00,-0.00045309
2025-12-13 05:00:00+00:00,-0.00044685
2025-12-13 06:00:00+00:00,-0.00038795
2025-12-13 07:00:00+00:00,-0.00054134
2025-12-13 08:00:00+00:00,-0.00040738
2025-12-13 09:00:00+00:00,-0.00047327
2025-12-13 10:00:00+00:00,-0.00047434
2025-12-13 11:00:00+00:00,-0.00042233
2025-12-13 12:00:00+00:00,-0.00040289
2025-12-13 13:00:00+00:00,-0.00040571
2025-12-13 14:00:00+00:00,-0.00032687
2025-12-13 15:00:00+00:00,-0.00047088
2025-12-13 16:00:00+00:00,-0.00039800
2025-12-13 17:00:00+00:00,-0.00032264
2025-12-13 18:00:00+00:00,-0.00034368
2025-12-13 19:00:00+00:00,-0.00032627
2025-12-13 20:00:00+00:00,-0.00031556
2025-12-13 21:00:00+00:00,-0.00036320
2025-12-13 22:00:00+00:00,-0.00057020
2025-12-13 23:00:00+00:00,-0.00058350
2025-12-14 00:00:00+00:00,-0.00045584
2025-12-14 01:00:00+00:00,-0.00042967
2025-12-14 02:00:00+00:00,-0.00046215
2025-12-14 03:00:00+00:00,-0.00044557
2025-12-14 04:00:00+00:00,-0.00047493
2025-12-14 05:00:00+00:00,-0.00044615
2025-12-14 06:00:00+00:00,-0.00052443
2025-12-14 07:00:00+00:00,-0.00049999
2025-12-14 08:00:00+00:00,-0.00042289
2025-12-14 09:00:00+00:00,-0.00036799
2025-12-14 10:00:00+00:00,-0.00036209
2025-12-14 11:00:00+00:00,-0.00060105
2025-12-14 12:00:00+00:00,-0.00052295
2025-12-14 13:00:00+00:00,-0.00035312
2025-12-14 14:00:00+00:00,-0.00047207
2025-12-14 15:00:00+00:00,-0.00041180
2025-12-14 16:00:00+00:00,-0.00065377
2025-12-14 17:00:00+00:00,-0.00052174
2025-12-14 18:00:00+00:00,-0.00054953
2025-12-14 19:00:00+00:00,-0.00046649
2025-12-14 20:00:00+00:00,-0.00056069
2025-12-14 21:00:00+00:00,-0.00047543
2025-12-14 22:00:00+00:00,-0.00055417
2025-12-14 23:00:00+00:00,-0.00059651
2025-12-15 00:00:00+00:00,-0.00061172
2025-12-15 01:00:00+00:00,-0.00069825
2025-12-15 02:00:00+00:00,-0.00055969
2025-12-15 03:00:00+00:00,-0.00044641
2025-12-15 04:00:00+00:00,-0.00045632
2025-12-15 05:00:00+00:00,-0.00043329
2025-12-15 06:00:00+00:00,-0.00054226
2025-12-15 07:00:00+00:00,-0.00057101
2025-12-15 08:00:00+00:00,-0.00056826
2025-12-15 09:00:00+00:00,-0.00053631
2025-12-15 10:00:00+00:00,-0.00054516
2025-12-15 11:00:00+00:00,-0.00040468
2025-12-15 12:00:00+00:00,-0.00047027
2025-12-15 13:00:00+00:00,-0.00050719
2025-12-15 14:00:00+00:00,-0.00058863
2025-12-15 15:00:00+00:00,-0.00049479
2025-12-15 16:00:00+00:00,-0.00047342
2025-12-15 17:00:00+00:00,-0.00031490
2025-12-15 18:00:00+00:00,-0.00046871
2025-12-15 19:00:00+00:00,-0.00063567
2025-12-15 20:00:00+00:00,-0.00037985
2025-12-15 21:00:00+00:00,-0.00046157
2025-12-15 22:00:00+00:00,-0.00037369
2025-12-15 23:00:00+00:00,-0.00047478
2025-12-16 00:00:00+00:00,-0.00052716
2025-12-16 01:00:00+00:00,-0.00056533
2025-12-16 02:00:00+00:00,-0.00032210
2025-12-16 03:00:00+00:00,-0.00034293
2025-12-16 04:00:00+00:00,-0.00040408
2025-12-16 05:00:00+00:00,-0.00052515
2025-12-16 06:00:00+00:00,-0.00051243
2025-12-16 07:00:00+00:00,-0.00059742
2025-12-16 08:00:00+00:00,-0.00045022
2025-12-16 09:00:00+00:00,-0.00048218
2025-12-16 10:00:00+00:00,-0.00062668
2025-12-16 11:00:00+00:00,-0.00046322
2025-12-16 12:00:00+00:00,-0.00050191
2025-12-16 13:00:00+00:00,-0.00071167
2025-12-16 14:00:00+00:00,-0.00034045
2025-12-16 15:00:00+00:00,-0.00042742
2025-12-16 16:00:00+00:00,-0.00052177
2025-12-16 17:00:00+00:00,-0.00040337
2025-12-16 18:00:00+00:00,-0.00036779
2025-12-16 19:00:00+00:00,-0.00042478
2025-12-16 20:00:00+00:00,-0.00040927
2025-12-16 21:00:00+00:00,-0.00039344
2025-12-16 22:00:00+00:00,-0.00047149
2025-12-16 23:00:00+00:00,-0.00037238
2025-12-17 00:00:00+00:00,-0.00039975
2025-12-17 01:00:00+00:00,-0.00038157
2025-12-17 02:00:00+00:00,-0.00034371
2025-12-17 03:00:00+00:00,-0.00041906
2025-12-17 04:00:00+00:00,-0.00055005
2025-12-17 05:00:00+00:00,-0.00034851
2025-12-17 06:00:00+00:00,-0.00043809
2025-12-17 07:00:00+00:00,-0.00054083
2025-12-17 08:00:00+00:00,-0.00025455
2025-12-17 09:00:00+00:00,-0.00035992
2025-12-17 10:00:00+00:00,-0.00031804
2025-12-17 11:00:00+00:00,-0.00050408
2025-12-17 12:00:00+00:00,-0.00055388
2025-12-17 13:00:00+00:00,-0.00076404
2025-12-17 14:00:00+00:00,0.00011201
2025-12-17 15:00:00+00:00,-0.00055676
2025-12-17 16:00:00+00:00,-0.00016546
2025-12-17 17:00:00+00:00,-0.00044653
2025-12-17 18:00:00+00:00,-0.00036642
2025-12-17 19:00:00+00:00,-0.00039787
2025-12-17 20:00:00+00:00,-0.00056301
2025-12-17 21:00:00+00:00,-0.00056023
2025-12-17 22:00:00+00:00,-0.00041128
2025-12-17 23:00:00+00:00,-0.00046377
2025-12-18 00:00:00+00:00,-0.00046318
2025-12-18 01:00:00+00:00,-0.00039070
2025-12-18 02:00:00+00:00,-0.00048321
2025-12-18 03:00:00+00:00,-0.00047767
2025-12-18 04:00:00+00:00,-0.00058676
2025-12-18 05:00:00+00:00,-0.00044628
2025-12-18 06:00:00+00:00,-0.00049192
2025-12-18 07:00:00+00:00,-0.00050500
2025-12-18 08:00:00+00:00,-0.00049995
2025-12-18 09:00:00+00:00,-0.00053575
2025-12-18 10:00:00+00:00,-0.00043204
2025-12-18 11:00:00+00:00,-0.00045242
2025-12-18 12:00:00+00:00,-0.00044817
2025-12-18 13:00:00+00:00,-0.00050810
2025-12-18 14:00:00+00:00,-0.00021738
2025-12-18 15:00:00+00:00,-0.00023100
2025-12-18 16:00:00+00:00,-0.00035624
2025-12-18 17:00:00+00:00,-0.00039512
2025-12-18 18:00:00+00:00,-0.00038910
2025-12-18 19:00:00+00:00,-0.00045723
2025-12-18 20:00:00+00:00,-0.00033257
2025-12-18 21:00:00+00:00,-0.00046418
2025-12-18 22:00:00+00:00,-0.00045788
2025-12-18 23:00:00+00:00,-0.00048293
2025-12-19 00:00:00+00:00,-0.00035605
2025-12-19 01:00:00+00:00,-0.00038782
2025-12-19 02:00:00+00:00,-0.00065157
2025-12-19 03:00:00+00:00,-0.00037051
2025-12-19 04:00:00+00:00,-0.00039365
2025-12-19 05:00:00+00:00,-0.00048403
2025-12-19 06:00:00+00:00,-0.00029381
2025-12-19 07:00:00+00:00,-0.00044830
2025-12-19 08:00:00+00:00,-0.00049209
2025-12-19 09:00:00+00:00,-0.00039440
2025-12-19 10:00:00+00:00,-0.00025738
2025-12-19 11:00:00+00:00,-0.00031515
2025-12-19 12:00:00+00:00,-0.00032668
2025-12-19 13:00:00+00:00,-0.00030602
2025-12-19 14:00:00+00:00,-0.00039499
2025-12-19 15:00:00+00:00,-0.00035971
2025-12-19 16:00:00+00:00,-0.00019933
2025-12-19 17:00:00+00:00,-0.00043802
2025-12-19 18:00:00+00:00,-0.00011299
2025-12-19 19:00:00+00:00,-0.00038405
2025-12-19 20:00:00+00:00,-0.00035247
2025-12-19 21:00:00+00:00,-0.00039012
2025-12-19 22:00:00+00:00,-0.00050796
2025-12-19 23:00:00+00:00,-0.00045661
2025-12-20 00:00:00+00:00,-0.00045416
2025-12-20 01:00:00+00:00,-0.00043858
2025-12-20 02:00:00+00:00,-0.00041259
2025-12-20 03:00:00+00:00,-0.00058484
2025-12-20 04:00:00+00:00,-0.00042746
2025-12-20 05:00:00+00:00,-0.00056299
2025-12-20 06:00:00+00:00,-0.00050368
2025-12-20 07:00:00+00:00,-0.00036607
2025-12-20 08:00:00+00:00,-0.00041772
2025-12-20 09:00:00+00:00,-0.00037754
2025-12-20 10:00:00+00:00,-0.00033003
2025-12-20 11:00:00+00:00,-0.00039285
2025-12-20 12:00:00+00:00,-0.00045338
2025-12-20 13:00:00+00:00,-0.00043288
2025-12-20 14:00:00+00:00,-0.00049549
2025-12-20 15:00:00+00:00,-0.00045831
2025-12-20 16:00:00+00:00,-0.00039292
2025-12-20 17:00:00+00:00,-0.00042972
2025-12-20 18:00:00+00:00,-0.00047549
2025-12-20 19:00:00+00:00,-0.00040869
2025-12-20 20:00:00+00:00,-0.00028702
2025-12-20 21:00:00+00:00,-0.00031863
2025-12-20 22:00:00+00:00,-0.00047191
2025-12-20 23:00:00+00:00,-0.00046458
2025-12-21 00:00:00+00:00,-0.00035646
2025-12-21 01:00:00+00:00,-0.00043818
2025-12-21 02:00:00+00:00,-0.00040737
2025-12-21 03:00:00+00:00,-0.00036014
2025-12-21 04:00:00+00:00,-0.00037630
2025-12-21 05:00:00+00:00,-0.00042265
2025-12-21 06:00:00+00:00,-0.00040185
2025-12-21 07:00:00+00:00,-0.00039538
2025-12-21 08:00:00+00:00,-0.00036582
2025-12-21 09:00:00+00:00,-0.00030315
2025-12-21 10:00:00+00:00,-0.00034669
2025-12-21 11:00:00+00:00,-0.00034908
2025-12-21 12:00:00+00:00,-0.00029999
2025-12-21 13:00:00+00:00,-0.00037163
2025-12-21 14:00:00+00:00,-0.00051013
2025-12-21 15:00:00+00:00,-0.00049469
2025-12-21 16:00:00+00:00,-0.00054246
2025-12-21 17:00:00+00:00,-0.00042343
2025-12-21 18:00:00+00:00,-0.00041498
2025-12-21 19:00:00+00:00,-0.00047356
2025-12-21 20:00:00+00:00,-0.00044613
2025-12-21 21:00:00+00:00,-0.00046988
2025-12-21 22:00:00+00:00,-0.00062464
2025-12-21 23:00:00+00:00,-0.00038982
2025-12-22 00:00:00+00:00,-0.00053186
2025-12-22 01:00:00+00:00,-0.00050063
2025-12-22 02:00:00+00:00,-0.00048950
2025-12-22 03:00:00+00:00,-0.00054758
2025-12-22 04:00:00+00:00,-0.00045886
2025-12-22 05:00:00+00:00,-0.00045277
2025-12-22 06:00:00+00:00,-0.00045349
2025-12-22 07:00:00+00:00,-0.00046436
2025-12-22 08:00:00+00:00,-0.00048230
2025-12-22 09:00:00+00:00,-0.00018226
2025-12-22 10:00:00+00:00,-0.00043994
2025-12-22 11:00:00+00:00,-0.00036180
2025-12-22 12:00:00+00:00,-0.00041800
2025-12-22 13:00:00+00:00,-0.00041551
2025-12-22 14:00:00+00:00,-0.00037077
2025-12-22 15:00:00+00:00,-0.00049576
2025-12-22 16:00:00+00:00,-0.00051931
2025-12-22 17:00:00+00:00,-0.00043507
2025-12-22 18:00:00+00:00,-0.00074136
2025-12-22 19:00:00+00:00,-0.00039545
2025-12-22 20:00:00+00:00,-0.00059654
2025-12-22 21:00:00+00:00,-0.00049215
2025-12-22 22:00:00+00:00,-0.00065249
2025-12-22 23:00:00+00:00,-0.00040453
2025-12-23 00:00:00+00:00,-0.00046497
2025-12-23 01:00:00+00:00,-0.00050024
2025-12-23 02:00:00+00:00,-0.00023959
2025-12-23 03:00:00+00:00,-0.00061324
2025-12-23 04:00:00+00:00,-0.00046630
2025-12-23 05:00:00+00:00,-0.00037898
2025-12-23 06:00:00+00:00,-0.00059356
2025-12-23 07:00:00+00:00,-0.00051051
2025-12-23 08:00:00+00:00,-0.00049865
2025-12-23 09:00:00+00:00,-0.00046314
2025-12-23 10:00:00+00:00,-0.00051267
2025-12-23 11:00:00+00:00,-0.00047189
2025-12-23 12:00:00+00:00,-0.00061239
2025-12-23 13:00:00+00:00,-0.00057489
2025-12-23 14:00:00+00:00,-0.00010596
2025-12-23 15:00:00+00:00,-0.00043108
2025-12-23 16:00:00+00:00,-0.00047318
2025-12-23 17:00:00+00:00,-0.00059165
2025-12-23 18:00:00+00:00,-0.00025752
2025-12-23 19:00:00+00:00,-0.00023457
2025-12-23 20:00:00+00:00,-0.00015351
2025-12-23 21:00:00+00:00,-0.00029491
2025-12-23 22:00:00+00:00,-0.00039529
2025-12-23 23:00:00+00:00,-0.00036047
2025-12-24 00:00:00+00:00,-0.00034317
2025-12-24 01:00:00+00:00,-0.00038360
2025-12-24 02:00:00+00:00,-0.00040832
2025-12-24 03:00:00+00:00,-0.00033947
2025-12-24 04:00:00+00:00,-0.00035871
2025-12-24 05:00:00+00:00,-0.00052689
2025-12-24 06:00:00+00:00,-0.00043647
2025-12-24 07:00:00+00:00,-0.00052938
2025-12-24 08:00:00+00:00,-0.00049986
2025-12-24 09:00:00+00:00,-0.00042646
2025-12-24 10:00:00+00:00,-0.00042691
2025-12-24 11:00:00+00:00,-0.00048407
2025-12-24 12:00:00+00:00,-0.00048206
2025-12-24 13:00:00+00:00,-0.00043974
2025-12-24 14:00:00+00:00,-0.00019021
2025-12-24 15:00:00+00:00,-0.00031854
2025-12-24 16:00:00+00:00,-0.00032173
2025-12-24 17:00:00+00:00,-0.00043974
2025-12-24 18:00:00+00:00,-0.00037823
2025-12-24 19:00:00+00:00,-0.00048739
2025-12-24 20:00:00+00:00,-0.00041807
2025-12-24 21:00:00+00:00,-0.00051937
2025-12-24 22:00:00+00:00,-0.00052327
2025-12-24 23:00:00+00:00,-0.00047537
2025-12-25 00:00:00+00:00,-0.00039744
2025-12-25 01:00:00+00:00,-0.00027833
2025-12-25 02:00:00+00:00,-0.00051773
2025-12-25 03:00:00+00:00,-0.00034824
2025-12-25 04:00:00+00:00,-0.00045045
2025-12-25 05:00:00+00:00,-0.00050362
2025-12-25 06:00:00+00:00,-0.00033812
2025-12-25 07:00:00+00:00,-0.00045215
2025-12-25 08:00:00+00:00,-0.00042565
2025-12-25 09:00:00+00:00,-0.00045672
2025-12-25 10:00:00+00:00,-0.00032881
2025-12-25 11:00:00+00:00,-0.00037409
2025-12-25 12:00:00+00:00,-0.00036294
2025-12-25 13:00:00+00:00,-0.00045305
2025-12-25 14:00:00+00:00,-0.00047023
2025-12-25 15:00:00+00:00,-0.00033559
2025-12-25 16:00:00+00:00,-0.00053020
2025-12-25 17:00:00+00:00,-0.00049638
2025-12-25 18:00:00+00:00,-0.00045821
2025-12-25 19:00:00+00:00,-0.00043838
2025-12-25 20:00:00+00:00,-0.00052868
2025-12-25 21:00:00+00:00,-0.00040547
2025-12-25 22:00:00+00:00,-0.00038983
2025-12-25 23:00:00+00:00,-0.00078960
2025-12-26 00:00:00+00:00,-0.00043944
2025-12-26 01:00:00+00:00,-0.00044747
2025-12-26 02:00:00+00:00,-0.00028291
2025-12-26 03:00:00+00:00,-0.00045841
2025-12-26 04:00:00+00:00,-0.00045183
2025-12-26 05:00:00+00:00,-0.00044357
2025-12-26 06:00:00+00:00,-0.00058875
2025-12-26 07:00:00+00:00,-0.00035368
2025-12-26 08:00:00+00:00,-0.00041132
2025-12-26 09:00:00+00:00,-0.00027567
2025-12-26 10:00:00+00:00,-0.00039170
2025-12-26 11:00:00+00:00,-0.00033758
2025-12-26 12:00:00+00:00,-0.00034206
2025-12-26 13:00:00+00:00,-0.00047537
2025-12-26 14:00:00+00:00,-0.00046452
2025-12-26 15:00:00+00:00,-0.00033487
2025-12-26 16:00:00+00:00,-0.00046091
2025-12-26 17:00:00+00:00,-0.00042797
2025-12-26 18:00:00+00:00,-0.00045357
2025-12-26 19:00:00+00:00,-0.00053460
2025-12-26 20:00:00+00:00,-0.00070313
2025-12-26 21:00:00+00:00,-0.00044239
2025-12-26 22:00:00+00:00,-0.00035897
2025-12-26 23:00:00+00:00,-0.00042775
2025-12-27 00:00:00+00:00,-0.00046848
2025-12-27 01:00:00+00:00,-0.00044922
2025-12-27 02:00:00+00:00,-0.00040907
2025-12-27 03:00:00+00:00,-0.00044132
2025-12-27 04:00:00+00:00,-0.00048484
2025-12-27 05:00:00+00:00,-0.00045311
2025-12-27 06:00:00+00:00,-0.00045583
2025-12-27 07:00:00+00:00,-0.00055730
2025-12-27 08:00:00+00:00,-0.00052360
2025-12-27 09:00:00+00:00,-0.00051116
2025-12-27 10:00:00+00:00,-0.00048439
2025-12-27 11:00:00+00:00,-0.00045315
2025-12-27 12:00:00+00:00,-0.00047331
2025-12-27 13:00:00+00:00,-0.00048188
2025-12-27 14:00:00+00:00,-0.00046678
2025-12-27 15:00:00+00:00,-0.00042932
2025-12-27 16:00:00+00:00,-0.00051552
2025-12-27 17:00:00+00:00,-0.00053104
2025-12-27 18:00:00+00:00,-0.00050433
2025-12-27 19:00:00+00:00,-0.00053848
2025-12-27 20:00:00+00:00,-0.00047924
2025-12-27 21:00:00+00:00,-0.00051195
2025-12-27 22:00:00+00:00,-0.00060613
2025-12-27 23:00:00+00:00,-0.00042620
2025-12-28 00:00:00+00:00,-0.00041852
2025-12-28 01:00:00+00:00,-0.00040757
2025-12-28 02:00:00+00:00,-0.00046562
2025-12-28 03:00:00+00:00,-0.00051937
2025-12-28 04:00:00+00:00,-0.00049409
2025-12-28 05:00:00+00:00,-0.00036029
2025-12-28 06:00:00+00:00,-0.00043595
2025-12-28 07:00:00+00:00,-0.00036575
2025-12-28 08:00:00+00:00,-0.00039437
2025-12-28 09:00:00+00:00,-0.00030861
2025-12-28 10:00:00+00:00,-0.00034427
2025-12-28 11:00:00+00:00,-0.00023350
2025-12-28 12:00:00+00:00,-0.00043243
2025-12-28 13:00:00+00:00,-0.00044522
2025-12-28 14:00:00+00:00,-0.00043769
2025-12-28 15:00:00+00:00,-0.00046195
2025-12-28 16:00:00+00:00,-0.00039022
2025-12-28 17:00:00+00:00,-0.00036440
2025-12-28 18:00:00+00:00,-0.00034830
2025-12-28 19:00:00+00:00,-0.00046841
2025-12-28 20:00:00+00:00,-0.00032020
2025-12-28 21:00:00+00:00,-0.00032722
2025-12-28 22:00:00+00:00,-0.00035881
2025-12-28 23:00:00+00:00,-0.00022882
2025-12-29 00:00:00+00:00,-0.00038517
2025-12-29 01:00:00+00:00,-0.00021042
2025-12-29 02:00:00+00:00,-0.00044283
2025-12-29 03:00:00+00:00,-0.00044315
2025-12-29 04:00:00+00:00,-0.00057326
2025-12-29 05:00:00+00:00,-0.00040761
2025-12-29 06:00:00+00:00,-0.00032470
2025-12-29 07:00:00+00:00,-0.00032539
2025-12-29 08:00:00+00:00,-0.00036554
2025-12-29 09:00:00+00:00,-0.00025018
2025-12-29 10:00:00+00:00,-0.00042228
2025-12-29 11:00:00+00:00,-0.00041863
2025-12-29 12:00:00+00:00,-0.00035366
2025-12-29 13:00:00+00:00,-0.00016710
2025-12-29 14:00:00+00:00,-0.00038379
2025-12-29 15:00:00+00:00,-0.00060916
2025-12-29 16:00:00+00:00,-0.00048074
2025-12-29 17:00:00+00:00,-0.00033004
2025-12-29 18:00:00+00:00,-0.00037473
2025-12-29 19:00:00+00:00,-0.00032881
2025-12-29 20:00:00+00:00,-0.00007682
2025-12-29 21:00:00+00:00,-0.00028909
2025-12-29 22:00:00+00:00,-0.00036109
2025-12-29 23:00:00+00:00,-0.00034646
2025-12-30 00:00:00+00:00,-0.00030347
2025-12-30 01:00:00+00:00,-0.00030291
2025-12-30 02:00:00+00:00,-0.00035136
2025-12-30 03:00:00+00:00,-0.00044117
2025-12-30 04:00:00+00:00,-0.00043291
2025-12-30 05:00:00+00:00,-0.00044359
2025-12-30 06:00:00+00:00,-0.00047619
2025-12-30 07:00:00+00:00,-0.00048366
2025-12-30 08:00:00+00:00,-0.00050536
2025-12-30 09:00:00+00:00,-0.00042072
2025-12-30 10:00:00+00:00,-0.00038603
2025-12-30 11:00:00+00:00,-0.00023280
2025-12-30 12:00:00+00:00,-0.00029198
2025-12-30 13:00:00+00:00,-0.00044985
2025-12-30 14:00:00+00:00,-0.00059712
2025-12-30 15:00:00+00:00,-0.00060458
2025-12-30 16:00:00+00:00,-0.00051697
2025-12-30 17:00:00+00:00,-0.00053049
2025-12-30 18:00:00+00:00,-0.00047997
2025-12-30 19:00:00+00:00,-0.00045019
2025-12-30 20:00:00+00:00,-0.00049487
2025-12-30 21:00:00+00:00,-0.00040182
2025-12-30 22:00:00+00:00,-0.00046523
2025-12-30 23:00:00+00:00,-0.00056760
2025-12-31 00:00:00+00:00,-0.00036342
2025-12-31 01:00:00+00:00,-0.00050051
2025-12-31 02:00:00+00:00,-0.00051278
2025-12-31 03:00:00+00:00,-0.00046065
2025-12-31 04:00:00+00:00,-0.00044450
2025-12-31 05:00:00+00:00,-0.00059495
2025-12-31 06:00:00+00:00,-0.00046582
2025-12-31 07:00:00+00:00,-0.00048891
2025-12-31 08:00:00+00:00,-0.00050680
2025-12-31 09:00:00+00:00,-0.00051728
2025-12-31 10:00:00+00:00,-0.00046914
2025-12-31 11:00:00+00:00,-0.00054539
2025-12-31 12:00:00+00:00,-0.00045765
2025-12-31 13:00:00+00:00,-0.00042838
2025-12-31 14:00:00+00:00,-0.00041476
2025-12-31 15:00:00+00:00,-0.00045806
2025-12-31 16:00:00+00:00,-0.00036616
2025-12-31 17:00:00+00:00,-0.00037125
2025-12-31 18:00:00+00:00,-0.00041456
2025-12-31 19:00:00+00:00,-0.00059175
2025-12-31 20:00:00+00:00,-0.00035056
2025-12-31 21:00:00+00:00,-0.00038179
2025-12-31 22:00:00+00:00,-0.00033179
2025-12-31 23:00:00+00:00,-0.00043904
2026-01-01 00:00:00+00:00,-0.00047152
2026-01-01 01:00:00+00:00,-0.00052229
2026-01-01 02:00:00+00:00,-0.00039608
2026-01-01 03:00:00+00:00,-0.00032325
2026-01-01 04:00:00+00:00,-0.00028114
2026-01-01 05:00:00+00:00,-0.00033702
2026-01-01 06:00:00+00:00,-0.00039644
2026-01-01 07:00:00+00:00,-0.00028948
2026-01-01 08:00:00+00:00,-0.00029817
2026-01-01 09:00:00+00:00,-0.00034582
2026-01-01 10:00:00+00:00,-0.00034275
2026-01-01 11:00:00+00:00,-0.00048198
2026-01-01 12:00:00+00:00,-0.00066025
2026-01-01 13:00:00+00:00,-0.00054949
2026-01-01 14:00:00+00:00,-0.00054054
2026-01-01 15:00:00+00:00,-0.00053443
2026-01-01 16:00:00+00:00,-0.00042029
2026-01-01 17:00:00+00:00,-0.00037895
2026-01-01 18:00:00+00:00,-0.00032514
2026-01-01 19:00:00+00:00,-0.00018071
2026-01-01 20:00:00+00:00,-0.00043081
2026-01-01 21:00:00+00:00,-0.00040231
2026-01-01 22:00:00+00:00,-0.00052387
2026-01-01 23:00:00+00:00,-0.00043273
2026-01-02 00:00:00+00:00,-0.00038406
2026-01-02 01:00:00+00:00,-0.00044605
2026-01-02 02:00:00+00:00,-0.00040509
2026-01-02 03:00:00+00:00,-0.00041804
2026-01-02 04:00:00+00:00,-0.00044278
2026-01-02 05:00:00+00:00,-0.00045386
2026-01-02 06:00:00+00:00,-0.00042299
2026-01-02 07:00:00+00:00,-0.00033384
2026-01-02 08:00:00+00:00,-0.00039997
2026-01-02 09:00:00+00:00,-0.00041710
2026-01-02 10:00:00+00:00,-0.00046014
2026-01-02 11:00:00+00:00,-0.00050520
2026-01-02 12:00:00+00:00,-0.00050466
2026-01-02 13:00:00+00:00,-0.00039245
2026-01-02 14:00:00+00:00,-0.00053109
2026-01-02 15:00:00+00:00,-0.00034504
2026-01-02 16:00:00+00:00,-0.00045149
2026-01-02 17:00:00+00:00,-0.00051850
2026-01-02 18:00:00+00:00,-0.00060627
2026-01-02 19:00:00+00:00,-0.00037492
2026-01-02 20:00:00+00:00,-0.00033066
2026-01-02 21:00:00+00:00,-0.00056178
2026-01-02 22:00:00+00:00,-0.00040064
2026-01-02 23:00:00+00:00,-0.00043157
2026-01-03 00:00:00+00:00,-0.00040678
2026-01-03 01:00:00+00:00,-0.00054885
2026-01-03 02:00:00+00:00,-0.00052407
2026-01-03 03:00:00+00:00,-0.00047440
2026-01-03 04:00:00+00:00,-0.00044146
2026-01-03 05:00:00+00:00,-0.00044104
2026-01-03 06:00:00+00:00,-0.00057904
2026-01-03 07:00:00+00:00,-0.00046119
2026-01-03 08:00:00+00:00,-0.00038728
2026-01-03 09:00:00+00:00,-0.00040776
2026-01-03 10:00:00+00:00,-0.00045827
2026-01-03 11:00:00+00:00,-0.00053758
2026-01-03 12:00:00+00:00,-0.00034473
2026-01-03 13:00:00+00:00,-0.00035187
2026-01-03 14:00:00+00:00,-0.00030980
2026-01-03 15:00:00+00:00,-0.00045231
2026-01-03 16:00:00+00:00,-0.00042917
2026-01-03 17:00:00+00:00,-0.00044150
2026-01-03 18:00:00+00:00,-0.00041531
2026-01-03 19:00:00+00:00,-0.00032672
2026-01-03 20:00:00+00:00,-0.00039431
2026-01-03 21:00:00+00:00,-0.00007956
2026-01-03 22:00:00+00:00,-0.00041735
2026-01-03 23:00:00+00:00,-0.00038004
2026-01-04 00:00:00+00:00,-0.00036810
2026-01-04 01:00:00+00:00,-0.00051676
2026-01-04 02:00:00+00:00,-0.00030676
2026-01-04 03:00:00+00:00,-0.00051138
2026-01-04 04:00:00+00:00,-0.00047287
2026-01-04 05:00:00+00:00,-0.00050979
2026-01-04 06:00:00+00:00,-0.00063685
2026-01-04 07:00:00+00:00,-0.00051972
2026-01-04 08:00:00+00:00,-0.00052255
2026-01-04 09:00:00+00:00,-0.00048664
2026-01-04 10:00:00+00:00,-0.00051746
2026-01-04 11:00:00+00:00,-0.00043150
2026-01-04 12:00:00+00:00,-0.00059923
2026-01-04 13:00:00+00:00,-0.00035809
2026-01-04 14:00:00+00:00,-0.00031750
2026-01-04 15:00:00+00:00,-0.00040518
2026-01-04 16:00:00+00:00,-0.00042885
2026-01-04 17:00:00+00:00,-0.00049879
2026-01-04 18:00:00+00:00,-0.00043068
2026-01-04 19:00:00+00:00,-0.00050143
2026-01-04 20:00:00+00:00,-0.00041557
2026-01-04 21:00:00+00:00,-0.00034040
2026-01-04 22:00:00+00:00,-0.00039427
2026-01-04 23:00:00+00:00,-0.00047404
2026-01-05 00:00:00+00:00,-0.00044058
2026-01-05 01:00:00+00:00,-0.00051336
2026-01-05 02:00:00+00:00,-0.00044841
2026-01-05 03:00:00+00:00,-0.00050695
2026-01-05 04:00:00+00:00,-0.00046882
2026-01-05 05:00:00+00:00,-0.00052282
2026-01-05 06:00:00+00:00,-0.00042302
2026-01-05 07:00:00+00:00,-0.00035656
2026-01-05 08:00:00+00:00,-0.00041065
2026-01-05 09:00:00+00:00,-0.00043485
2026-01-05 10:00:00+00:00,-0.00036798
2026-01-05 11:00:00+00:00,-0.00039772
2026-01-05 12:00:00+00:00,-0.00039067
2026-01-05 13:00:00+00:00,-0.00034006
2026-01-05 14:00:00+00:00,-0.00054752
2026-01-05 15:00:00+00:00,-0.00063045
2026-01-05 16:00:00+00:00,-0.00063598
2026-01-05 17:00:00+00:00,-0.00054817
2026-01-05 18:00:00+00:00,-0.00054401
2026-01-05 19:00:00+00:00,-0.00062011
2026-01-05 20:00:00+00:00,-0.00036352
2026-01-05 21:00:00+00:00,-0.00047956
2026-01-05 22:00:00+00:00,-0.00055693
2026-01-05 23:00:00+00:00,-0.00044950
2026-01-06 00:00:00+00:00,-0.00035729
2026-01-06 01:00:00+00:00,-0.00039281
2026-01-06 02:00:00+00:00,-0.00039357
2026-01-06 03:00:00+00:00,-0.00041562
2026-01-06 04:00:00+00:00,-0.00058134
2026-01-06 05:00:00+00:00,-0.00048661
2026-01-06 06:00:00+00:00,-0.00057199
2026-01-06 07:00:00+00:00,-0.00053410
2026-01-06 08:00:00+00:00,-0.00046052
2026-01-06 09:00:00+00:00,-0.00049199
2026-01-06 10:00:00+00:00,-0.00047788
2026-01-06 11:00:00+00:00,-0.00044279
2026-01-06 12:00:00+00:00,-0.00059768
2026-01-06 13:00:00+00:00,-0.00046932
2026-01-06 14:00:00+00:00,-0.00032921
2026-01-06 15:00:00+00:00,-0.00039418
2026-01-06 16:00:00+00:00,-0.00051222
2026-01-06 17:00:00+00:00,-0.00059227
2026-01-06 18:00:00+00:00,-0.00024868
2026-01-06 19:00:00+00:00,-0.00028605
2026-01-06 20:00:00+00:00,-0.00047727
2026-01-06 21:00:00+00:00,-0.00083906
2026-01-06 22:00:00+00:00,-0.00047362
2026-01-06 23:00:00+00:00,-0.00044399
2026-01-07 00:00:00+00:00,-0.00038196
2026-01-07 01:00:00+00:00,-0.00045651
2026-01-07 02:00:00+00:00,-0.00033330
2026-01-07 03:00:00+00:00,-0.00037081
2026-01-07 04:00:00+00:00,-0.00040758
2026-01-07 05:00:00+00:00,-0.00037142
2026-01-07 06:00:00+00:00,-0.00040845
2026-01-07 07:00:00+00:00,-0.00040365
2026-01-07 08:00:00+00:00,-0.00050442
2026-01-07 09:00:00+00:00,-0.00034405
2026-01-07 10:00:00+00:00,-0.00054299
2026-01-07 11:00:00+00:00,-0.00061695
2026-01-07 12:00:00+00:00,-0.00058793
2026-01-07 13:00:00+00:00,-0.00053877
2026-01-07 14:00:00+00:00,-0.00064032
2026-01-07 15:00:00+00:00,-0.00065786
2026-01-07 16:00:00+00:00,-0.00038379
2026-01-07 17:00:00+00:00,-0.00057101
2026-01-07 18:00:00+00:00,-0.00030967
2026-01-07 19:00:00+00:00,-0.00052922
2026-01-07 20:00:00+00:00,-0.00018131
2026-01-07 21:00:00+00:00,-0.00047170
2026-01-07 22:00:00+00:00,-0.00040143
2026-01-07 23:00:00+00:00,-0.00043830
2026-01-08 00:00:00+00:00,-0.00037243
2026-01-08 01:00:00+00:00,-0.00051784
2026-01-08 02:00:00+00:00,-0.00026472
2026-01-08 03:00:00+00:00,-0.00036739
2026-01-08 04:00:00+00:00,-0.00041096
2026-01-08 05:00:00+00:00,-0.00040473
2026-01-08 06:00:00+00:00,-0.00056263
2026-01-08 07:00:00+00:00,-0.00052683
2026-01-08 08:00:00+00:00,-0.00028250
2026-01-08 09:00:00+00:00,-0.00035436
2026-01-08 10:00:00+00:00,-0.00047165
2026-01-08 11:00:00+00:00,-0.00040664
2026-01-08 12:00:00+00:00,-0.00040648
2026-01-08 13:00:00+00:00,-0.00046663
2026-01-08 14:00:00+00:00,-0.00051240
2026-01-08 15:00:00+00:00,-0.00064996
2026-01-08 16:00:00+00:00,-0.00029540
2026-01-08 17:00:00+00:00,-0.00050984
2026-01-08 18:00:00+00:00,-0.00049554
2026-01-08 19:00:00+00:00,-0.00048553
2026-01-08 20:00:00+00:00,-0.00059324
2026-01-08 21:00:00+00:00,-0.00055004
2026-01-08 22:00:00+00:00,-0.00048631
2026-01-08 23:00:00+00:00,-0.00041545
2026-01-09 00:00:00+00:00,-0.00049713
2026-01-09 01:00:00+00:00,-0.00044337
2026-01-09 02:00:00+00:00,-0.00042130
2026-01-09 03:00:00+00:00,-0.00034043
2026-01-09 04:00:00+00:00,-0.00042346
2026-01-09 05:00:00+00:00,-0.00038419
2026-01-09 06:00:00+00:00,-0.00040852
2026-01-09 07:00:00+00:00,-0.00042614
2026-01-09 08:00:00+00:00,-0.00048367
2026-01-09 09:00:00+00:00,-0.00040550
2026-01-09 10:00:00+00:00,-0.00047491
2026-01-09 11:00:00+00:00,-0.00059359
2026-01-09 12:00:00+00:00,-0.00054810
2026-01-09 13:00:00+00:00,-0.00052466
2026-01-09 14:00:00+00:00,-0.00059123
2026-01-09 15:00:00+00:00,-0.00034093
2026-01-09 16:00:00+00:00,-0.00037775
2026-01-09 17:00:00+00:00,-0.00054559
2026-01-09 18:00:00+00:00,-0.00055189
2026-01-09 19:00:00+00:00,-0.00047128
2026-01-09 20:00:00+00:00,-0.00035199
2026-01-09 21:00:00+00:00,-0.00042406
2026-01-09 22:00:00+00:00,-0.00052324
2026-01-09 23:00:00+00:00,-0.00039471
2026-01-10 00:00:00+00:00,-0.00036495
2026-01-10 01:00:00+00:00,-0.00041463
2026-01-10 02:00:00+00:00,-0.00039692
2026-01-10 03:00:00+00:00,-0.00042461
2026-01-10 04:00:00+00:00,-0.00035125
2026-01-10 05:00:00+00:00,-0.00046522
2026-01-10 06:00:00+00:00,-0.00036918
2026-01-10 07:00:00+00:00,-0.00056654
2026-01-10 08:00:00+00:00,-0.00036685
2026-01-10 09:00:00+00:00,-0.00039515
2026-01-10 10:00:00+00:00,-0.00034744
2026-01-10 11:00:00+00:00,-0.00034779
2026-01-10 12:00:00+00:00,-0.00038274
2026-01-10 13:00:00+00:00,-0.00037360
2026-01-10 14:00:00+00:00,-0.00042601
2026-01-10 15:00:00+00:00,-0.00044295
2026-01-10 16:00:00+00:00,-0.00040691
2026-01-10 17:00:00+00:00,-0.00039161
2026-01-10 18:00:00+00:00,-0.00042336
2026-01-10 19:00:00+00:00,-0.00036927
2026-01-10 20:00:00+00:00,-0.00037277
2026-01-10 21:00:00+00:00,-0.00043169
2026-01-10 22:00:00+00:00,-0.00050486
2026-01-10 23:00:00+00:00,-0.00036883
2026-01-11 00:00:00+00:00,-0.00041176
2026-01-11 01:00:00+00:00,-0.00033515
2026-01-11 02:00:00+00:00,-0.00046452
2026-01-11 03:00:00+00:00,-0.00041021
2026-01-11 04:00:00+00:00,-0.00040713
2026-01-11 05:00:00+00:00,-0.00048714
2026-01-11 06:00:00+00:00,-0.00049693
2026-01-11 07:00:00+00:00,-0.00051869
2026-01-11 08:00:00+00:00,-0.00032777
2026-01-11 09:00:00+00:00,-0.00052938
2026-01-11 10:00:00+00:00,-0.00048868
2026-01-11 11:00:00+00:00,-0.00051574
2026-01-11 12:00:00+00:00,-0.00052657
2026-01-11 13:00:00+00:00,-0.00042827
2026-01-11 14:00:00+00:00,-0.00063950
2026-01-11 15:00:00+00:00,-0.00043706
2026-01-11 16:00:00+00:00,-0.00052981
2026-01-11 17:00:00+00:00,-0.00048111
2026-01-11 18:00:00+00:00,-0.00054818
2026-01-11 19:00:00+00:00,-0.00054324
2026-01-11 20:00:00+00:00,-0.00060714
2026-01-11 21:00:00+00:00,-0.00054117
2026-01-11 22:00:00+00:00,-0.00059483
2026-01-11 23:00:00+00:00,-0.00024878
2026-01-12 00:00:00+00:00,-0.00017692
2026-01-12 01:00:00+00:00,-0.00043832
2026-01-12 02:00:00+00:00,-0.00044475
2026-01-12 03:00:00+00:00,-0.00044764
2026-01-12 04:00:00+00:00,-0.00049074
2026-01-12 05:00:00+00:00,-0.00048368
2026-01-12 06:00:00+00:00,-0.00054114
2026-01-12 07:00:00+00:00,-0.00048941
2026-01-12 08:00:00+00:00,-0.00045220
2026-01-12 09:00:00+00:00,-0.00044454
2026-01-12 10:00:00+00:00,-0.00030579
2026-01-12 11:00:00+00:00,-0.00048850
2026-01-12 12:00:00+00:00,-0.00051994
2026-01-12 13:00:00+00:00,-0.00043285
2026-01-12 14:00:00+00:00,-0.00050073
2026-01-12 15:00:00+00:00,-0.00051685
2026-01-12 16:00:00+00:00,-0.00048790
2026-01-12 17:00:00+00:00,-0.00043690
2026-01-12 18:00:00+00:00,-0.00052170
2026-01-12 19:00:00+00:00,-0.00041963
2026-01-12 20:00:00+00:00,-0.00041615
2026-01-12 21:00:00+00:00,-0.00052185
2026-01-12 22:00:00+00:00,-0.00049388
2026-01-12 23:00:00+00:00,-0.00049827
2026-01-13 00:00:00+00:00,-0.00053590
2026-01-13 01:00:00+00:00,-0.00030930
2026-01-13 02:00:00+00:00,-0.00031438
2026-01-13 03:00:00+00:00,-0.00033118
2026-01-13 04:00:00+00:00,-0.00037351
2026-01-13 05:00:00+00:00,-0.00039922
2026-01-13 06:00:00+00:00,-0.00053545
2026-01-13 07:00:00+00:00,-0.00037879
2026-01-13 08:00:00+00:00,-0.00034692
2026-01-13 09:00:00+00:00,-0.00031125
2026-01-13 10:00:00+00:00,-0.00041630
2026-01-13 11:00:00+00:00,-0.00047983
2026-01-13 12:00:00+00:00,-0.00035788
2026-01-13 13:00:00+00:00,-0.00055641
2026-01-13 14:00:00+00:00,-0.00074103
2026-01-13 15:00:00+00:00,-0.00044953
2026-01-13 16:00:00+00:00,-0.00052217
2026-01-13 17:00:00+00:00,-0.00048687
2026-01-13 18:00:00+00:00,-0.00054008
2026-01-13 19:00:00+00:00,-0.00046465
2026-01-13 20:00:00+00:00,-0.00040127
2026-01-13 21:00:00+00:00,-0.00057199
2026-01-13 22:00:00+00:00,-0.00035143
2026-01-13 23:00:00+00:00,-0.00027740
2026-01-14 00:00:00+00:00,-0.00041455
2026-01-14 01:00:00+00:00,-0.00050939
2026-01-14 02:00:00+00:00,-0.00047827
2026-01-14 03:00:00+00:00,-0.00045138
2026-01-14 04:00:00+00:00,-0.00049806
2026-01-14 05:00:00+00:00,-0.00048144
2026-01-14 06:00:00+00:00,-0.00048423
2026-01-14 07:00:00+00:00,-0.00036469
2026-01-14 08:00:00+00:00,-0.00037315
2026-01-14 09:00:00+00:00,-0.00041976
2026-01-14 10:00:00+00:00,-0.00047453
2026-01-14 11:00:00+00:00,-0.00025663
2026-01-14 12:00:00+00:00,-0.00038849
2026-01-14 13:00:00+00:00,-0.00033545
2026-01-14 14:00:00+00:00,-0.00045614
2026-01-14 15:00:00+00:00,-0.00062887
2026-01-14 16:00:00+00:00,-0.00061808
2026-01-14 17:00:00+00:00,-0.00067430
2026-01-14 18:00:00+00:00,-0.00044614
2026-01-14 19:00:00+00:00,-0.00048542
2026-01-14 20:00:00+00:00,-0.00050138
2026-01-14 21:00:00+00:00,-0.00033711
2026-01-14 22:00:00+00:00,-0.00047666
2026-01-14 23:00:00+00:00,-0.00038269
2026-01-15 00:00:00+00:00,-0.00037072
2026-01-15 01:00:00+00:00,-0.00043441
2026-01-15 02:00:00+00:00,-0.00043944
2026-01-15 03:00:00+00:00,-0.00041123
2026-01-15 04:00:00+00:00,-0.00031386
2026-01-15 05:00:00+00:00,-0.00061453
2026-01-15 06:00:00+00:00,-0.00058822
2026-01-15 07:00:00+00:00,-0.00030672
2026-01-15 08:00:00+00:00,-0.00048669
2026-01-15 09:00:00+00:00,-0.00054549
2026-01-15 10:00:00+00:00,-0.00056665
2026-01-15 11:00:00+00:00,-0.00041616
2026-01-15 12:00:00+00:00,-0.00058158
2026-01-15 13:00:00+00:00,-0.00051703
2026-01-15 14:00:00+00:00,-0.00036546
2026-01-15 15:00:00+00:00,-0.00009218
2026-01-15 16:00:00+00:00,-0.00051001
2026-01-15 17:00:00+00:00,-0.00038221
2026-01-15 18:00:00+00:00,-0.00029667
2026-01-15 19:00:00+00:00,-0.00050385
2026-01-15 20:00:00+00:00,-0.00037076
2026-01-15 21:00:00+00:00,-0.00040323
2026-01-15 22:00:00+00:00,-0.00055642
2026-01-15 23:00:00+00:00,-0.00044548
2026-01-16 00:00:00+00:00,-0.00043711
2026-01-16 01:00:00+00:00,-0.00044449
2026-01-16 02:00:00+00:00,-0.00035326
2026-01-16 03:00:00+00:00,-0.00034142
2026-01-16 04:00:00+00:00,-0.00031487
2026-01-16 05:00:00+00:00,-0.00052372
2026-01-16 06:00:00+00:00,-0.00042763
2026-01-16 07:00:00+00:00,-0.00056302
2026-01-16 08:00:00+00:00,-0.00046090
2026-01-16 09:00:00+00:00,-0.00047962
2026-01-16 10:00:00+00:00,-0.00042415
2026-01-16 11:00:00+00:00,-0.00051033
2026-01-16 12:00:00+00:00,-0.00037025
2026-01-16 13:00:00+00:00,-0.00050224
2026-01-16 14:00:00+00:00,-0.00072323
2026-01-16 15:00:00+00:00,-0.00046521
2026-01-16 16:00:00+00:00,-0.00051049
2026-01-16 17:00:00+00:00,-0.00052000
2026-01-16 18:00:00+00:00,-0.00043616
2026-01-16 19:00:00+00:00,-0.00039954
2026-01-16 20:00:00+00:00,-0.00047461
2026-01-16 21:00:00+00:00,-0.00049603
2026-01-16 22:00:00+00:00,-0.00042759
2026-01-16 23:00:00+00:00,-0.00050377
2026-01-17 00:00:00+00:00,-0.00052382
2026-01-17 01:00:00+00:00,-0.00056657
2026-01-17 02:00:00+00:00,-0.00050580
2026-01-17 03:00:00+00:00,-0.00058119
2026-01-17 04:00:00+00:00,-0.00047216
2026-01-17 05:00:00+00:00,-0.00051968
2026-01-17 06:00:00+00:00,-0.00052558
2026-01-17 07:00:00+00:00,-0.00041792
2026-01-17 08:00:00+00:00,-0.00034820
2026-01-17 09:00:00+00:00,-0.00044623
2026-01-17 10:00:00+00:00,-0.00042629
2026-01-17 11:00:00+00:00,-0.00037015
2026-01-17 12:00:00+00:00,-0.00041050
2026-01-17 13:00:00+00:00,-0.00043683
2026-01-17 14:00:00+00:00,-0.00063910
2026-01-17 15:00:00+00:00,-0.00047145
2026-01-17 16:00:00+00:00,-0.00050461
2026-01-17 17:00:00+00:00,-0.00042842
2026-01-17 18:00:00+00:00,-0.00047929
2026-01-17 19:00:00+00:00,-0.00036205
2026-01-17 20:00:00+00:00,-0.00045975
2026-01-17 21:00:00+00:00,-0.00033755
2026-01-17 22:00:00+00:00,-0.00055236
2026-01-17 23:00:00+00:00,-0.00042551
2026-01-18 00:00:00+00:00,-0.00045303
2026-01-18 01:00:00+00:00,-0.00034992
2026-01-18 02:00:00+00:00,-0.00038597
2026-01-18 03:00:00+00:00,-0.00043714
2026-01-18 04:00:00+00:00,-0.00042230
2026-01-18 05:00:00+00:00,-0.00036786
2026-01-18 06:00:00+00:00,-0.00029258
2026-01-18 07:00:00+00:00,-0.00046364
2026-01-18 08:00:00+00:00,-0.00035080
2026-01-18 09:00:00+00:00,-0.00043404
2026-01-18 10:00:00+00:00,-0.00040234
2026-01-18 11:00:00+00:00,-0.00031598
2026-01-18 12:00:00+00:00,-0.00045129
2026-01-18 13:00:00+00:00,-0.00047094
2026-01-18 14:00:00+00:00,-0.00050471
2026-01-18 15:00:00+00:00,-0.00045966
2026-01-18 16:00:00+00:00,-0.00046981
2026-01-18 17:00:00+00:00,-0.00033580
2026-01-18 18:00:00+00:00,-0.00042974
2026-01-18 19:00:00+00:00,-0.00046239
2026-01-18 20:00:00+00:00,-0.00046443
2026-01-18 21:00:00+00:00,-0.00044775
2026-01-18 22:00:00+00:00,-0.00052696
2026-01-18 23:00:00+00:00,-0.00057375
2026-01-19 00:00:00+00:00,-0.00054157
2026-01-19 01:00:00+00:00,-0.00030537
2026-01-19 02:00:00+00:00,-0.00053688
2026-01-19 03:00:00+00:00,-0.00035842
2026-01-19 04:00:00+00:00,-0.00059371
2026-01-19 05:00:00+00:00,-0.00059724
2026-01-19 06:00:00+00:00,-0.00039534
2026-01-19 07:00:00+00:00,-0.00055670
2026-01-19 08:00:00+00:00,-0.00070548
2026-01-19 09:00:00+00:00,-0.00050769
2026-01-19 10:00:00+00:00,-0.00050164
2026-01-19 11:00:00+00:00,-0.00061054
2026-01-19 12:00:00+00:00,-0.00046219
2026-01-19 13:00:00+00:00,-0.00040504
2026-01-19 14:00:00+00:00,-0.00040318
2026-01-19 15:00:00+00:00,-0.00061226
2026-01-19 16:00:00+00:00,-0.00059789
2026-01-19 17:00:00+00:00,-0.00047227
2026-01-19 18:00:00+00:00,-0.00044062
2026-01-19 19:00:00+00:00,-0.00047255
2026-01-19 20:00:00+00:00,-0.00042428
2026-01-19 21:00:00+00:00,-0.00043752
2026-01-19 22:00:00+00:00,-0.00051247
2026-01-19 23:00:00+00:00,-0.00040787
2026-01-20 00:00:00+00:00,-0.00033695
2026-01-20 01:00:00+00:00,-0.00039406
2026-01-20 02:00:00+00:00,-0.00034184
2026-01-20 03:00:00+00:00,-0.00041368
2026-01-20 04:00:00+00:00,-0.00042694
2026-01-20 05:00:00+00:00,-0.00055475
2026-01-20 06:00:00+00:00,-0.00028068
2026-01-20 07:00:00+00:00,-0.00063999
2026-01-20 08:00:00+00:00,-0.00041877
2026-01-20 09:00:00+00:00,-0.00041686
2026-01-20 10:00:00+00:00,-0.00059477
2026-01-20 11:00:00+00:00,-0.00046150
2026-01-20 12:00:00+00:00,-0.00044047
2026-01-20 13:00:00+00:00,-0.00044669
2026-01-20 14:00:00+00:00,-0.00061510
2026-01-20 15:00:00+00:00,-0.00028552
2026-01-20 16:00:00+00:00,-0.00039744
2026-01-20 17:00:00+00:00,-0.00032644
2026-01-20 18:00:00+00:00,-0.00033743
2026-01-20 19:00:00+00:00,-0.00034795
2026-01-20 20:00:00+00:00,-0.00041644
2026-01-20 21:00:00+00:00,-0.00025266
2026-01-20 22:00:00+00:00,-0.00040971
2026-01-20 23:00:00+00:00,-0.00047812
2026-01-21 00:00:00+00:00,-0.00044740
2026-01-21 01:00:00+00:00,-0.00037081
2026-01-21 02:00:00+00:00,-0.00039427
2026-01-21 03:00:00+00:00,-0.00038391
2026-01-21 04:00:00+00:00,-0.00050343
2026-01-21 05:00:00+00:00,-0.00032530
2026-01-21 06:00:00+00:00,-0.00026868
2026-01-21 07:00:00+00:00,-0.00044753
2026-01-21 08:00:00+00:00,-0.00045364
2026-01-21 09:00:00+00:00,-0.00042958
2026-01-21 10:00:00+00:00,-0.00048013
2026-01-21 11:00:00+00:00,-0.00035993
2026-01-21 12:00:00+00:00,-0.00050330
2026-01-21 13:00:00+00:00,-0.00063470
2026-01-21 14:00:00+00:00,-0.00051984
2026-01-21 15:00:00+00:00,-0.00054155
2026-01-21 16:00:00+00:00,-0.00039924
2026-01-21 17:00:00+00:00,-0.00042689
2026-01-21 18:00:00+00:00,-0.00049342
2026-01-21 19:00:00+00:00,-0.00053390
2026-01-21 20:00:00+00:00,-0.00049923
2026-01-21 21:00:00+00:00,-0.00047503
2026-01-21 22:00:00+00:00,-0.00053024
2026-01-21 23:00:00+00:00,-0.00046511
2026-01-22 00:00:00+00:00,-0.00034920
2026-01-22 01:00:00+00:00,-0.00036553
2026-01-22 02:00:00+00:00,-0.00046431
2026-01-22 03:00:00+00:00,-0.00036247
2026-01-22 04:00:00+00:00,-0.00050568
2026-01-22 05:00:00+00:00,-0.00045141
2026-01-22 06:00:00+00:00,-0.00062132
2026-01-22 07:00:00+00:00,-0.00047014
2026-01-22 08:00:00+00:00,-0.00035771
2026-01-22 09:00:00+00:00,-0.00039683
2026-01-22 10:00:00+00:00,-0.00041937
2026-01-22 11:00:00+00:00,-0.00035292
2026-01-22 12:00:00+00:00,-0.00042716
2026-01-22 13:00:00+00:00,-0.00055901
2026-01-22 14:00:00+00:00,-0.00078433
2026-01-22 15:00:00+00:00,-0.00053562
2026-01-22 16:00:00+00:00,-0.00045440
2026-01-22 17:00:00+00:00,-0.00052737
2026-01-22 18:00:00+00:00,-0.00042583
2026-01-22 19:00:00+00:00,-0.00047255
2026-01-22 20:00:00+00:00,-0.00045403
2026-01-22 21:00:00+00:00,-0.00033316
2026-01-22 22:00:00+00:00,-0.00043103
2026-01-22 23:00:00+00:00,-0.00031277
2026-01-23 00:00:00+00:00,-0.00068342
2026-01-23 01:00:00+00:00,-0.00037139
2026-01-23 02:00:00+00:00,-0.00056161
2026-01-23 03:00:00+00:00,-0.00042453
2026-01-23 04:00:00+00:00,-0.00047542
2026-01-23 05:00:00+00:00,-0.00029655
2026-01-23 06:00:00+00:00,-0.00038666
2026-01-23 07:00:00+00:00,-0.00052665
2026-01-23 08:00:00+00:00,-0.00040942
2026-01-23 09:00:00+00:00,-0.00043928
2026-01-23 10:00:00+00:00,-0.00034360
2026-01-23 11:00:00+00:00,-0.00033723
2026-01-23 12:00:00+00:00,-0.00054734
2026-01-23 13:00:00+00:00,-0.00048504
2026-01-23 14:00:00+00:00,-0.00046276
2026-01-23 15:00:00+00:00,-0.00036311
2026-01-23 16:00:00+00:00,-0.00055060
2026-01-23 17:00:00+00:00,-0.00029141
2026-01-23 18:00:00+00:00,-0.00051618
2026-01-23 19:00:00+00:00,-0.00053302
2026-01-23 20:00:00+00:00,-0.00056886
2026-01-23 21:00:00+00:00,-0.00055546
2026-01-23 22:00:00+00:00,-0.00048110
2026-01-23 23:00:00+00:00,-0.00051898
2026-01-24 00:00:00+00:00,-0.00046493
2026-01-24 01:00:00+00:00,-0.00040478
2026-01-24 02:00:00+00:00,-0.00043865
2026-01-24 03:00:00+00:00,-0.00036636
2026-01-24 04:00:00+00:00,-0.00033039
2026-01-24 05:00:00+00:00,-0.00036802
2026-01-24 06:00:00+00:00,-0.00041533
2026-01-24 07:00:00+00:00,-0.00045733
2026-01-24 08:00:00+00:00,-0.00027228
2026-01-24 09:00:00+00:00,-0.00035769
2026-01-24 10:00:00+00:00,-0.00040371
2026-01-24 11:00:00+00:00,-0.00041116
2026-01-24 12:00:00+00:00,-0.00045036
2026-01-24 13:00:00+00:00,-0.00050300
2026-01-24 14:00:00+00:00,-0.00047512
2026-01-24 15:00:00+00:00,-0.00052959
2026-01-24 16:00:00+00:00,-0.00043243
2026-01-24 17:00:00+00:00,-0.00036590
2026-01-24 18:00:00+00:00,-0.00048781
2026-01-24 19:00:00+00:00,-0.00048745
2026-01-24 20:00:00+00:00,-0.00053843
2026-01-24 21:00:00+00:00,-0.00051749
2026-01-24 22:00:00+00:00,-0.00041874
2026-01-24 23:00:00+00:00,-0.00058388
2026-01-25 00:00:00+00:00,-0.00034219
2026-01-25 01:00:00+00:00,-0.00043936
2026-01-25 02:00:00+00:00,-0.00043856
2026-01-25 03:00:00+00:00,-0.00052724
2026-01-25 04:00:00+00:00,-0.00039799
2026-01-25 05:00:00+00:00,-0.00031161
2026-01-25 06:00:00+00:00,-0.00044557
2026-01-25 07:00:00+00:00,-0.00035577
2026-01-25 08:00:00+00:00,-0.00057415
2026-01-25 09:00:00+00:00,-0.00046815
2026-01-25 10:00:00+00:00,-0.00048594
2026-01-25 11:00:00+00:00,-0.00046533
2026-01-25 12:00:00+00:00,-0.00047949
2026-01-25 13:00:00+00:00,-0.00052573
2026-01-25 14:00:00+00:00,-0.00049428
2026-01-25 15:00:00+00:00,-0.00050788
2026-01-25 16:00:00+00:00,-0.00036794
2026-01-25 17:00:00+00:00,-0.00041607
2026-01-25 18:00:00+00:00,-0.00046373
2026-01-25 19:00:00+00:00,-0.00037591
2026-01-25 20:00:00+00:00,-0.00045333
2026-01-25 21:00:00+00:00,-0.00058218
2026-01-25 22:00:00+00:00,-0.00036956
2026-01-25 23:00:00+00:00,-0.00041190
2026-01-26 00:00:00+00:00,-0.00050446
2026-01-26 01:00:00+00:00,-0.00034079
2026-01-26 02:00:00+00:00,-0.00046839
2026-01-26 03:00:00+00:00,-0.00035297
2026-01-26 04:00:00+00:00,-0.00037240
2026-01-26 05:00:00+00:00,-0.00065828
2026-01-26 06:00:00+00:00,-0.00042816
2026-01-26 07:00:00+00:00,-0.00039699
2026-01-26 08:00:00+00:00,-0.00032299
2026-01-26 09:00:00+00:00,-0.00036387
2026-01-26 10:00:00+00:00,-0.00046692
2026-01-26 11:00:00+00:00,-0.00050834
2026-01-26 12:00:00+00:00,-0.00042743
2026-01-26 13:00:00+00:00,-0.00052423
2026-01-26 14:00:00+00:00,-0.00036307
2026-01-26 15:00:00+00:00,-0.00046327
2026-01-26 16:00:00+00:00,-0.00043343
2026-01-26 17:00:00+00:00,-0.00046365
2026-01-26 18:00:00+00:00,-0.00046507
2026-01-26 19:00:00+00:00,-0.00052764
2026-01-26 20:00:00+00:00,-0.00048732
2026-01-26 21:00:00+00:00,-0.00041047
2026-01-26 22:00:00+00:00,-0.00053246
2026-01-26 23:00:00+00:00,-0.00052552
2026-01-27 00:00:00+00:00,-0.00037417
2026-01-27 01:00:00+00:00,-0.00039483
2026-01-27 02:00:00+00:00,-0.00035738
2026-01-27 03:00:00+00:00,-0.00043068
2026-01-27 04:00:00+00:00,-0.00055965
2026-01-27 05:00:00+00:00,-0.00038721
2026-01-27 06:00:00+00:00,-0.00039977
2026-01-27 07:00:00+00:00,-0.00039242
2026-01-27 08:00:00+00:00,-0.00047020
2026-01-27 09:00:00+00:00,-0.00046745
2026-01-27 10:00:00+00:00,-0.00035314
2026-01-27 11:00:00+00:00,-0.00053521
2026-01-27 12:00:00+00:00,-0.00035730
2026-01-27 13:00:00+00:00,-0.00038168
2026-01-27 14:00:00+00:00,-0.00054231
2026-01-27 15:00:00+00:00,-0.00051045
2026-01-27 16:00:00+00:00,-0.00038140
2026-01-27 17:00:00+00:00,-0.00043900
2026-01-27 18:00:00+00:00,-0.00055083
2026-01-27 19:00:00+00:00,-0.00044029
2026-01-27 20:00:00+00:00,-0.00040478
2026-01-27 21:00:00+00:00,-0.00038589
2026-01-27 22:00:00+00:00,-0.00044201
2026-01-27 23:00:00+00:00,-0.00054576
2026-01-28 00:00:00+00:00,-0.00046006
2026-01-28 01:00:00+00:00,-0.00051163
2026-01-28 02:00:00+00:00,-0.00036443
2026-01-28 03:00:00+00:00,-0.00058486
2026-01-28 04:00:00+00:00,-0.00048474
2026-01-28 05:00:00+00:00,-0.00041280
2026-01-28 06:00:00+00:00,-0.00041065
2026-01-28 07:00:00+00:00,-0.00032403
2026-01-28 08:00:00+00:00,-0.00029278
2026-01-28 09:00:00+00:00,-0.00022809
2026-01-28 10:00:00+00:00,-0.00058466
2026-01-28 11:00:00+00:00,-0.00053605
2026-01-28 12:00:00+00:00,-0.00050687
2026-01-28 13:00:00+00:00,-0.00024813
2026-01-28 14:00:00+00:00,-0.00040842
2026-01-28 15:00:00+00:00,-0.00046886
2026-01-28 16:00:00+00:00,-0.00058371
2026-01-28 17:00:00+00:00,-0.00057864
2026-01-28 18:00:00+00:00,-0.00042553
2026-01-28 19:00:00+00:00,-0.00066520
2026-01-28 20:00:00+00:00,-0.00054971
2026-01-28 21:00:00+00:00,-0.00049078
2026-01-28 22:00:00+00:00,-0.00047023
2026-01-28 23:00:00+00:00,-0.00038737
2026-01-29 00:00:00+00:00,-0.00015175
2026-01-29 01:00:00+00:00,-0.00051056
2026-01-29 02:00:00+00:00,-0.00056607
2026-01-29 03:00:00+00:00,-0.00055575
2026-01-29 04:00:00+00:00,-0.00052299
2026-01-29 05:00:00+00:00,-0.00043240
2026-01-29 06:00:00+00:00,-0.00041468
2026-01-29 07:00:00+00:00,-0.00041460
2026-01-29 08:00:00+00:00,-0.00042357
2026-01-29 09:00:00+00:00,-0.00049059
2026-01-29 10:00:00+00:00,-0.00026905
2026-01-29 11:00:00+00:00,-0.00052351
2026-01-29 12:00:00+00:00,-0.00046642
2026-01-29 13:00:00+00:00,-0.00040897
2026-01-29 14:00:00+00:00,-0.00042703
2026-01-29 15:00:00+00:00,-0.00036890
2026-01-29 16:00:00+00:00,-0.00059862
2026-01-29 17:00:00+00:00,-0.00036789
2026-01-29 18:00:00+00:00,-0.00073402
2026-01-29 19:00:00+00:00,-0.00050937
2026-01-29 20:00:00+00:00,-0.00024434
2026-01-29 21:00:00+00:00,-0.00041063
2026-01-29 22:00:00+00:00,-0.00046507
2026-01-29 23:00:00+00:00,-0.00058548
2026-01-30 00:00:00+00:00,-0.00057929
2026-01-30 01:00:00+00:00,-0.00052478
2026-01-30 02:00:00+00:00,-0.00035733
2026-01-30 03:00:00+00:00,-0.00051099
2026-01-30 04:00:00+00:00,-0.00031922
2026-01-30 05:00:00+00:00,-0.00051781
2026-01-30 06:00:00+00:00,-0.00038860
2026-01-30 07:00:00+00:00,-0.00054629
2026-01-30 08:00:00+00:00,-0.00049990
2026-01-30 09:00:00+00:00,-0.00046356
2026-01-30 10:00:00+00:00,-0.00043449
2026-01-30 11:00:00+00:00,-0.00048522
2026-01-30 12:00:00+00:00,-0.00055223
2026-01-30 13:00:00+00:00,-0.00046726
2026-01-30 14:00:00+00:00,-0.00030629
2026-01-30 15:00:00+00:00,-0.00038826
2026-01-30 16:00:00+00:00,-0.00018696
2026-01-30 17:00:00+00:00,-0.00055098
2026-01-30 18:00:00+00:00,-0.00078043
2026-01-30 19:00:00+00:00,-0.00069728
2026-01-30 20:00:00+00:00,-0.00009473
2026-01-30 21:00:00+00:00,-0.00046450
2026-01-30 22:00:00+00:00,-0.00028961
2026-01-30 23:00:00+00:00,-0.00055107
2026-01-31 00:00:00+00:00,-0.00051188
2026-01-31 01:00:00+00:00,-0.00045092
2026-01-31 02:00:00+00:00,-0.00048440
2026-01-31 03:00:00+00:00,-0.00041133
2026-01-31 04:00:00+00:00,-0.00037103
2026-01-31 05:00:00+00:00,-0.00054096
2026-01-31 06:00:00+00:00,-0.00055742
2026-01-31 07:00:00+00:00,-0.00045159
2026-01-31 08:00:00+00:00,-0.00058138
2026-01-31 09:00:00+00:00,-0.00048068
2026-01-31 10:00:00+00:00,-0.00038753
2026-01-31 11:00:00+00:00,-0.00040229
2026-01-31 12:00:00+00:00,-0.00024968
2026-01-31 13:00:00+00:00,-0.00029275
2026-01-31 14:00:00+00:00,-0.00046361
2026-01-31 15:00:00+00:00,-0.00039429
2026-01-31 16:00:00+00:00,-0.00020448
2026-01-31 17:00:00+00:00,-0.00031386
2026-01-31 18:00:00+00:00,-0.00049736
2026-01-31 19:00:00+00:00,-0.00087583
2026-01-31 20:00:00+00:00,-0.00057868
2026-01-31 21:00:00+00:00,-0.00054619
2026-01-31 22:00:00+00:00,-0.00040471
2026-01-31 23:00:00+00:00,-0.00053848
2026-02-01 00:00:00+00:00,-0.00048381
2026-02-01 01:00:00+00:00,-0.00047395
2026-02-01 02:00:00+00:00,-0.00063442
2026-02-01 03:00:00+00:00,-0.00047834
2026-02-01 04:00:00+00:00,-0.00070178
2026-02-01 05:00:00+00:00,-0.00033938
2026-02-01 06:00:00+00:00,-0.00063735
2026-02-01 07:00:00+00:00,-0.00041519
2026-02-01 08:00:00+00:00,-0.00045328
2026-02-01 09:00:00+00:00,-0.00061197
2026-02-01 10:00:00+00:00,-0.00044648
2026-02-01 11:00:00+00:00,-0.00039964
2026-02-01 12:00:00+00:00,-0.00055782
2026-02-01 13:00:00+00:00,-0.00047065
2026-02-01 14:00:00+00:00,-0.00057789
2026-02-01 15:00:00+00:00,-0.00077048
2026-02-01 16:00:00+00:00,-0.00046307
2026-02-01 17:00:00+00:00,-0.00031545
2026-02-01 18:00:00+00:00,-0.00033326
2026-02-01 19:00:00+00:00,-0.00036962
2026-02-01 20:00:00+00:00,-0.00043076
2026-02-01 21:00:00+00:00,-0.00032435
2026-02-01 22:00:00+00:00,-0.00065975
2026-02-01 23:00:00+00:00,-0.00067066
2026-02-02 00:00:00+00:00,-0.00045446
2026-02-02 01:00:00+00:00,-0.00059402
2026-02-02 02:00:00+00:00,-0.00027739
2026-02-02 03:00:00+00:00,-0.00057824
2026-02-02 04:00:00+00:00,-0.00046316
2026-02-02 05:00:00+00:00,-0.00069725
2026-02-02 06:00:00+00:00,-0.00054828
2026-02-02 07:00:00+00:00,-0.00096894
2026-02-02 08:00:00+00:00,-0.00064649
2026-02-02 09:00:00+00:00,-0.00084364
2026-02-02 10:00:00+00:00,-0.00055482
2026-02-02 11:00:00+00:00,-0.00051954
2026-02-02 12:00:00+00:00,-0.00058507
2026-02-02 13:00:00+00:00,-0.00052815
2026-02-02 14:00:00+00:00,-0.00071142
2026-02-02 15:00:00+00:00,-0.00042402
2026-02-02 16:00:00+00:00,-0.00054299
2026-02-02 17:00:00+00:00,-0.00072789
2026-02-02 18:00:00+00:00,-0.00078737
2026-02-02 19:00:00+00:00,-0.00071429
2026-02-02 20:00:00+00:00,-0.00028976
2026-02-02 21:00:00+00:00,-0.00045643
2026-02-02 22:00:00+00:00,-0.00044253
2026-02-02 23:00:00+00:00,-0.00046443
2026-02-03 00:00:00+00:00,-0.00052768
2026-02-03 01:00:00+00:00,-0.00044777
2026-02-03 02:00:00+00:00,-0.00057324
2026-02-03 03:00:00+00:00,-0.00054082
2026-02-03 04:00:00+00:00,-0.00047653
2026-02-03 05:00:00+00:00,-0.00050433
2026-02-03 06:00:00+00:00,-0.00047647
2026-02-03 07:00:00+00:00,-0.00038382
2026-02-03 08:00:00+00:00,-0.00046942
2026-02-03 09:00:00+00:00,-0.00065810
2026-02-03 10:00:00+00:00,-0.00052164
2026-02-03 11:00:00+00:00,-0.00050809
2026-02-03 12:00:00+00:00,-0.00063540
2026-02-03 13:00:00+00:00,-0.00036436
2026-02-03 14:00:00+00:00,-0.00063565
2026-02-03 15:00:00+00:00,-0.00040830
2026-02-03 16:00:00+00:00,-0.00056836
2026-02-03 17:00:00+00:00,-0.00052510
2026-02-03 18:00:00+00:00,-0.00059235
2026-02-03 19:00:00+00:00,-0.00072520
2026-02-03 20:00:00+00:00,-0.00013667
2026-02-03 21:00:00+00:00,-0.00048937
2026-02-03 22:00:00+00:00,-0.00048807
2026-02-03 23:00:00+00:00,-0.00047968
2026-02-04 00:00:00+00:00,-0.00050092
2026-02-04 01:00:00+00:00,-0.00053756
2026-02-04 02:00:00+00:00,-0.00056752
2026-02-04 03:00:00+00:00,-0.00062260
2026-02-04 04:00:00+00:00,-0.00043964
2026-02-04 05:00:00+00:00,-0.00034141
2026-02-04 06:00:00+00:00,-0.00047231
2026-02-04 07:00:00+00:00,-0.00050302
2026-02-04 08:00:00+00:00,-0.00041288
2026-02-04 09:00:00+00:00,-0.00050802
2026-02-04 10:00:00+00:00,-0.00042352
2026-02-04 11:00:00+00:00,-0.00094954
2026-02-04 12:00:00+00:00,-0.00039832
2026-02-04 13:00:00+00:00,-0.00035996
2026-02-04 14:00:00+00:00,-0.00037680
2026-02-04 15:00:00+00:00,-0.00045628
2026-02-04 16:00:00+00:00,-0.00046945
2026-02-04 17:00:00+00:00,-0.00042143
2026-02-04 18:00:00+00:00,-0.00063580
2026-02-04 19:00:00+00:00,-0.00048252
2026-02-04 20:00:00+00:00,-0.00040791
2026-02-04 21:00:00+00:00,-0.00022867
2026-02-04 22:00:00+00:00,-0.00022167
2026-02-04 23:00:00+00:00,-0.00051407
2026-02-05 00:00:00+00:00,-0.00030808
2026-02-05 01:00:00+00:00,-0.00051615
2026-02-05 02:00:00+00:00,-0.00067209
2026-02-05 03:00:00+00:00,-0.00032645
2026-02-05 04:00:00+00:00,-0.00054789
2026-02-05 05:00:00+00:00,-0.00046508
2026-02-05 06:00:00+00:00,-0.00049987
2026-02-05 07:00:00+00:00,-0.00053393
2026-02-05 08:00:00+00:00,-0.00075345
2026-02-05 09:00:00+00:00,-0.00040567
2026-02-05 10:00:00+00:00,-0.00057134
2026-02-05 11:00:00+00:00,-0.00044384
2026-02-05 12:00:00+00:00,-0.00049052
2026-02-05 13:00:00+00:00,-0.00045748
2026-02-05 14:00:00+00:00,-0.00108278
2026-02-05 15:00:00+00:00,-0.00060784
2026-02-05 16:00:00+00:00,-0.00054130
2026-02-05 17:00:00+00:00,-0.00048655
2026-02-05 18:00:00+00:00,-0.00048083
2026-02-05 19:00:00+00:00,-0.00043828
2026-02-05 20:00:00+00:00,-0.00026556
2026-02-05 21:00:00+00:00,-0.00061926
2026-02-05 22:00:00+00:00,-0.00045016
2026-02-05 23:00:00+00:00,-0.00036557
2026-02-06 00:00:00+00:00,-0.00082405
2026-02-06 01:00:00+00:00,-0.00054963
2026-02-06 02:00:00+00:00,-0.00061627
2026-02-06 03:00:00+00:00,-0.00062202
2026-02-06 04:00:00+00:00,-0.00059260
2026-02-06 05:00:00+00:00,-0.00062319
2026-02-06 06:00:00+00:00,-0.00067879
2026-02-06 07:00:00+00:00,-0.00108789
2026-02-06 08:00:00+00:00,-0.00067947
2026-02-06 09:00:00+00:00,-0.00047864
2026-02-06 10:00:00+00:00,-0.00037850
2026-02-06 11:00:00+00:00,-0.00044520
2026-02-06 12:00:00+00:00,-0.00018436
2026-02-06 13:00:00+00:00,-0.00066720
2026-02-06 14:00:00+00:00,-0.00065631
2026-02-06 15:00:00+00:00,-0.00076560
2026-02-06 16:00:00+00:00,-0.00049691
2026-02-06 17:00:00+00:00,-0.00085543
2026-02-06 18:00:00+00:00,-0.00080523
2026-02-06 19:00:00+00:00,-0.00086627
2026-02-06 20:00:00+00:00,-0.00090136
2026-02-06 21:00:00+00:00,-0.00070602
2026-02-06 22:00:00+00:00,-0.00042008
2026-02-06 23:00:00+00:00,-0.00047994
2026-02-07 00:00:00+00:00,-0.00060073
2026-02-07 01:00:00+00:00,-0.00072893
2026-02-07 02:00:00+00:00,-0.00057701
2026-02-07 03:00:00+00:00,-0.00038051
2026-02-07 04:00:00+00:00,-0.00018213
2026-02-07 05:00:00+00:00,-0.00024513
2026-02-07 06:00:00+00:00,-0.00072554
2026-02-07 07:00:00+00:00,-0.00080952
2026-02-07 08:00:00+00:00,-0.00069362
2026-02-07 09:00:00+00:00,-0.00032763
2026-02-07 10:00:00+00:00,-0.00054581
2026-02-07 11:00:00+00:00,-0.00071873
2026-02-07 12:00:00+00:00,-0.00042591
2026-02-07 13:00:00+00:00,-0.00050367
2026-02-07 14:00:00+00:00,-0.00060866
2026-02-07 15:00:00+00:00,-0.00035385
2026-02-07 16:00:00+00:00,-0.00039569
2026-02-07 17:00:00+00:00,-0.00049934
2026-02-07 18:00:00+00:00,-0.00044367
2026-02-07 19:00:00+00:00,-0.00056472
2026-02-07 20:00:00+00:00,-0.00039012
2026-02-07 21:00:00+00:00,-0.00051423
2026-02-07 22:00:00+00:00,-0.00044349
2026-02-07 23:00:00+00:00,-0.00057303
2026-02-08 00:00:00+00:00,-0.00046108
2026-02-08 01:00:00+00:00,-0.00053015
2026-02-08 02:00:00+00:00,-0.00052174
2026-02-08 03:00:00+00:00,-0.00056202
2026-02-08 04:00:00+00:00,-0.00049263
2026-02-08 05:00:00+00:00,-0.00046873
2026-02-08 06:00:00+00:00,-0.00049584
2026-02-08 07:00:00+00:00,-0.00051559
2026-02-08 08:00:00+00:00,-0.00054299
2026-02-08 09:00:00+00:00,-0.00056702
2026-02-08 10:00:00+00:00,-0.00060193
2026-02-08 11:00:00+00:00,-0.00052444
2026-02-08 12:00:00+00:00,-0.00050812
2026-02-08 13:00:00+00:00,-0.00040787
2026-02-08 14:00:00+00:00,-0.00043495
2026-02-08 15:00:00+00:00,-0.00048190
2026-02-08 16:00:00+00:00,-0.00039713
2026-02-08 17:00:00+00:00,-0.00056595
2026-02-08 18:00:00+00:00,-0.00069959
2026-02-08 19:00:00+00:00,-0.00056289
2026-02-08 20:00:00+00:00,-0.00058676
2026-02-08 21:00:00+00:00,-0.00037232
2026-02-08 22:00:00+00:00,-0.00059811
2026-02-08 23:00:00+00:00,-0.00055279
2026-02-09 00:00:00+00:00,-0.00075513
2026-02-09 01:00:00+00:00,-0.00049746
2026-02-09 02:00:00+00:00,-0.00046575
2026-02-09 03:00:00+00:00,-0.00038832
2026-02-09 04:00:00+00:00,-0.00055162
2026-02-09 05:00:00+00:00,0.00061246
2026-02-09 06:00:00+00:00,-0.00044176
2026-02-09 07:00:00+00:00,-0.00042314
2026-02-09 08:00:00+00:00,-0.00058955
2026-02-09 09:00:00+00:00,-0.00058828
2026-02-09 10:00:00+00:00,-0.00052968
2026-02-09 11:00:00+00:00,-0.00058247
2026-02-09 12:00:00+00:00,-0.00048377
2026-02-09 13:00:00+00:00,-0.00072866
2026-02-09 14:00:00+00:00,-0.00045624
2026-02-09 15:00:00+00:00,-0.00074639
2026-02-09 16:00:00+00:00,-0.00044062
2026-02-09 17:00:00+00:00,-0.00060605
2026-02-09 18:00:00+00:00,-0.00049452
2026-02-09 19:00:00+00:00,-0.00066754
2026-02-09 20:00:00+00:00,-0.00072176
2026-02-09 21:00:00+00:00,-0.00056670
2026-02-09 22:00:00+00:00,-0.00059350
2026-02-09 23:00:00+00:00,-0.00054551
2026-02-10 00:00:00+00:00,-0.00056151
2026-02-10 01:00:00+00:00,-0.00062639
2026-02-10 02:00:00+00:00,-0.00042474
2026-02-10 03:00:00+00:00,-0.00050426
2026-02-10 04:00:00+00:00,-0.00050503
2026-02-10 05:00:00+00:00,-0.00046646
2026-02-10 06:00:00+00:00,-0.00064445
2026-02-10 07:00:00+00:00,-0.00052473
2026-02-10 08:00:00+00:00,-0.00061072
2026-02-10 09:00:00+00:00,-0.00041692
2026-02-10 10:00:00+00:00,-0.00052417
2026-02-10 11:00:00+00:00,-0.00065687
2026-02-10 12:00:00+00:00,-0.00070669
2026-02-10 13:00:00+00:00,-0.00058720
2026-02-10 14:00:00+00:00,-0.00061924
2026-02-10 15:00:00+00:00,-0.00067579
2026-02-10 16:00:00+00:00,-0.00077662
2026-02-10 17:00:00+00:00,-0.00027714
2026-02-10 18:00:00+00:00,-0.00055420
2026-02-10 19:00:00+00:00,-0.00067382
2026-02-10 20:00:00+00:00,-0.00055649
2026-02-10 21:00:00+00:00,-0.00025448
2026-02-10 22:00:00+00:00,-0.00039504
2026-02-10 23:00:00+00:00,-0.00051994
2026-02-11 00:00:00+00:00,-0.00076470
2026-02-11 01:00:00+00:00,-0.00050759
2026-02-11 02:00:00+00:00,-0.00052547
2026-02-11 03:00:00+00:00,-0.00064886
2026-02-11 04:00:00+00:00,-0.00059467
2026-02-11 05:00:00+00:00,-0.00045455
2026-02-11 06:00:00+00:00,-0.00054805
2026-02-11 07:00:00+00:00,-0.00062314
2026-02-11 08:00:00+00:00,-0.00045248
2026-02-11 09:00:00+00:00,-0.00026299
2026-02-11 10:00:00+00:00,-0.00042604
2026-02-11 11:00:00+00:00,-0.00049854
2026-02-11 12:00:00+00:00,-0.00055549
2026-02-11 13:00:00+00:00,-0.00059581
2026-02-11 14:00:00+00:00,0.00006437
2026-02-11 15:00:00+00:00,-0.00062356
2026-02-11 16:00:00+00:00,-0.00044475
2026-02-11 17:00:00+00:00,-0.00063433
2026-02-11 18:00:00+00:00,-0.00046891
2026-02-11 19:00:00+00:00,-0.00062811
2026-02-11 20:00:00+00:00,-0.00067599
2026-02-11 21:00:00+00:00,-0.00054371
2026-02-11 22:00:00+00:00,-0.00078372
2026-02-11 23:00:00+00:00,-0.00042229
2026-02-12 00:00:00+00:00,-0.00054279
2026-02-12 01:00:00+00:00,-0.00058667
2026-02-12 02:00:00+00:00,-0.00045078
2026-02-12 03:00:00+00:00,-0.00039672
2026-02-12 04:00:00+00:00,-0.00021040
2026-02-12 05:00:00+00:00,-0.00040282
2026-02-12 06:00:00+00:00,-0.00037842
2026-02-12 07:00:00+00:00,-0.00044609
2026-02-12 08:00:00+00:00,-0.00046692
2026-02-12 09:00:00+00:00,-0.00066617
2026-02-12 10:00:00+00:00,-0.00049997
2026-02-12 11:00:00+00:00,-0.00054889
2026-02-12 12:00:00+00:00,-0.00048297
2026-02-12 13:00:00+00:00,-0.00061190
2026-02-12 14:00:00+00:00,-0.00063629
2026-02-12 15:00:00+00:00,0.00015344
2026-02-12 16:00:00+00:00,-0.00021496
2026-02-12 17:00:00+00:00,-0.00060645
2026-02-12 18:00:00+00:00,-0.00045293
2026-02-12 19:00:00+00:00,-0.00057008
2026-02-12 20:00:00+00:00,-0.00045857
2026-02-12 21:00:00+00:00,-0.00049708
2026-02-12 22:00:00+00:00,-0.00024004
2026-02-12 23:00:00+00:00,-0.00038060
2026-02-13 00:00:00+00:00,-0.00078950
2026-02-13 01:00:00+00:00,-0.00041812
2026-02-13 02:00:00+00:00,-0.00067150
2026-02-13 03:00:00+00:00,-0.00044100
2026-02-13 04:00:00+00:00,-0.00045025
2026-02-13 05:00:00+00:00,-0.00051549
2026-02-13 06:00:00+00:00,-0.00048180
2026-02-13 07:00:00+00:00,-0.00033040
2026-02-13 08:00:00+00:00,-0.00050625
2026-02-13 09:00:00+00:00,-0.00034003
2026-02-13 10:00:00+00:00,-0.00069694
2026-02-13 11:00:00+00:00,-0.00057165
2026-02-13 12:00:00+00:00,-0.00038480
2026-02-13 13:00:00+00:00,-0.00059554
2026-02-13 14:00:00+00:00,-0.00044819
2026-02-13 15:00:00+00:00,-0.00031840
2026-02-13 16:00:00+00:00,-0.00060686
2026-02-13 17:00:00+00:00,-0.00056105
2026-02-13 18:00:00+00:00,-0.00063201
2026-02-13 19:00:00+00:00,-0.00083706
2026-02-13 20:00:00+00:00,-0.00013745
2026-02-13 21:00:00+00:00,-0.00028322
2026-02-13 22:00:00+00:00,0.00003697
2026-02-13 23:00:00+00:00,-0.00041132
2026-02-14 00:00:00+00:00,-0.00043613
2026-02-14 01:00:00+00:00,-0.00043928
2026-02-14 02:00:00+00:00,-0.00048509
2026-02-14 03:00:00+00:00,-0.00040753
2026-02-14 04:00:00+00:00,-0.00036862
2026-02-14 05:00:00+00:00,-0.00054809
2026-02-14 06:00:00+00:00,-0.00055598
2026-02-14 07:00:00+00:00,-0.00050683
2026-02-14 08:00:00+00:00,-0.00055712
2026-02-14 09:00:00+00:00,-0.00059364
2026-02-14 10:00:00+00:00,-0.00052152
2026-02-14 11:00:00+00:00,-0.00041342
2026-02-14 12:00:00+00:00,-0.00071065
2026-02-14 13:00:00+00:00,-0.00042441
2026-02-14 14:00:00+00:00,-0.00073019
2026-02-14 15:00:00+00:00,-0.00050970
2026-02-14 16:00:00+00:00,-0.00040649
2026-02-14 17:00:00+00:00,-0.00030941
2026-02-14 18:00:00+00:00,-0.00041040
2026-02-14 19:00:00+00:00,-0.00042140
2026-02-14 20:00:00+00:00,-0.00050476
2026-02-14 21:00:00+00:00,-0.00050329
2026-02-14 22:00:00+00:00,-0.00053520
2026-02-14 23:00:00+00:00,-0.00054889
2026-02-15 00:00:00+00:00,-0.00031107
2026-02-15 01:00:00+00:00,-0.00033595
2026-02-15 02:00:00+00:00,-0.00053169
2026-02-15 03:00:00+00:00,-0.00043900
2026-02-15 04:00:00+00:00,-0.00027109
2026-02-15 05:00:00+00:00,-0.00046059
2026-02-15 06:00:00+00:00,-0.00047111
2026-02-15 07:00:00+00:00,-0.00050765
2026-02-15 08:00:00+00:00,-0.00056788
2026-02-15 09:00:00+00:00,-0.00051455
2026-02-15 10:00:00+00:00,-0.00058209
2026-02-15 11:00:00+00:00,-0.00042571
2026-02-15 12:00:00+00:00,-0.00055761
2026-02-15 13:00:00+00:00,-0.00042911
2026-02-15 14:00:00+00:00,-0.00051508
2026-02-15 15:00:00+00:00,-0.00059214
2026-02-15 16:00:00+00:00,-0.00050998
2026-02-15 17:00:00+00:00,-0.00055899
2026-02-15 18:00:00+00:00,-0.00030349
2026-02-15 19:00:00+00:00,-0.00039736
2026-02-15 20:00:00+00:00,-0.00050156
2026-02-15 21:00:00+00:00,-0.00050286
2026-02-15 22:00:00+00:00,-0.00066818
2026-02-15 23:00:00+00:00,-0.00057037
2026-02-16 00:00:00+00:00,-0.00054031
2026-02-16 01:00:00+00:00,-0.00068271
2026-02-16 02:00:00+00:00,-0.00056656
2026-02-16 03:00:00+00:00,-0.00046664
2026-02-16 04:00:00+00:00,-0.00049985
2026-02-16 05:00:00+00:00,-0.00057038
2026-02-16 06:00:00+00:00,-0.00056736
2026-02-16 07:00:00+00:00,-0.00049730
2026-02-16 08:00:00+00:00,-0.00061204
2026-02-16 09:00:00+00:00,-0.00045447
2026-02-16 10:00:00+00:00,-0.00055579
2026-02-16 11:00:00+00:00,-0.00064471
2026-02-16 12:00:00+00:00,-0.00066651
2026-02-16 13:00:00+00:00,-0.00054509
2026-02-16 14:00:00+00:00,-0.00055386
2026-02-16 15:00:00+00:00,-0.00059022
2026-02-16 16:00:00+00:00,-0.00049891
2026-02-16 17:00:00+00:00,-0.00058104
2026-02-16 18:00:00+00:00,-0.00040643
2026-02-16 19:00:00+00:00,-0.00050540
2026-02-16 20:00:00+00:00,-0.00031024
2026-02-16 21:00:00+00:00,-0.00036845
2026-02-16 22:00:00+00:00,-0.00047237
2026-02-16 23:00:00+00:00,-0.00047973
2026-02-17 00:00:00+00:00,-0.00042797
2026-02-17 01:00:00+00:00,-0.00050602
2026-02-17 02:00:00+00:00,-0.00051758
2026-02-17 03:00:00+00:00,-0.00047444
2026-02-17 04:00:00+00:00,-0.00039201
2026-02-17 05:00:00+00:00,-0.00049453
2026-02-17 06:00:00+00:00,-0.00047489
2026-02-17 07:00:00+00:00,-0.00067583
2026-02-17 08:00:00+00:00,-0.00053244
2026-02-17 09:00:00+00:00,-0.00048356
2026-02-17 10:00:00+00:00,-0.00031371
2026-02-17 11:00:00+00:00,-0.00040996
2026-02-17 12:00:00+00:00,-0.00041968
2026-02-17 13:00:00+00:00,-0.00032479
2026-02-17 14:00:00+00:00,-0.00041387
2026-02-17 15:00:00+00:00,-0.00034771
2026-02-17 16:00:00+00:00,-0.00032199
2026-02-17 17:00:00+00:00,-0.00063724
2026-02-17 18:00:00+00:00,-0.00050252
2026-02-17 19:00:00+00:00,-0.00042613
2026-02-17 20:00:00+00:00,-0.00018670
2026-02-17 21:00:00+00:00,-0.00047437
2026-02-17 22:00:00+00:00,-0.00044094
2026-02-17 23:00:00+00:00,-0.00043081
2026-02-18 00:00:00+00:00,-0.00041935
2026-02-18 01:00:00+00:00,-0.00025596
2026-02-18 02:00:00+00:00,-0.00049965
2026-02-18 03:00:00+00:00,-0.00062087
2026-02-18 04:00:00+00:00,-0.00043575
2026-02-18 05:00:00+00:00,-0.00043401
2026-02-18 06:00:00+00:00,-0.00044441
2026-02-18 07:00:00+00:00,-0.00059868
2026-02-18 08:00:00+00:00,-0.00041462
2026-02-18 09:00:00+00:00,-0.00053606
2026-02-18 10:00:00+00:00,-0.00044520
2026-02-18 11:00:00+00:00,-0.00053950
2026-02-18 12:00:00+00:00,-0.00045227
2026-02-18 13:00:00+00:00,-0.00046472
2026-02-18 14:00:00+00:00,-0.00049820
2026-02-18 15:00:00+00:00,-0.00038445
2026-02-18 16:00:00+00:00,-0.00054285
2026-02-18 17:00:00+00:00,-0.00044286
2026-02-18 18:00:00+00:00,-0.00050989
2026-02-18 19:00:00+00:00,-0.00056776
2026-02-18 20:00:00+00:00,-0.00064088
2026-02-18 21:00:00+00:00,-0.00061251
2026-02-18 22:00:00+00:00,-0.00068423
2026-02-18 23:00:00+00:00,-0.00052788
2026-02-19 00:00:00+00:00,-0.00055402
2026-02-19 01:00:00+00:00,-0.00051885
2026-02-19 02:00:00+00:00,-0.00054520
2026-02-19 03:00:00+00:00,-0.00058860
2026-02-19 04:00:00+00:00,-0.00044462
2026-02-19 05:00:00+00:00,-0.00047205
2026-02-19 06:00:00+00:00,-0.00036152
2026-02-19 07:00:00+00:00,-0.00042413
2026-02-19 08:00:00+00:00,-0.00043067
2026-02-19 09:00:00+00:00,-0.00043312
2026-02-19 10:00:00+00:00,-0.00052846
2026-02-19 11:00:00+00:00,-0.00046815
2026-02-19 12:00:00+00:00,-0.00047026
2026-02-19 13:00:00+00:00,-0.00059721
2026-02-19 14:00:00+00:00,-0.00023559
2026-02-19 15:00:00+00:00,-0.00063781
2026-02-19 16:00:00+00:00,-0.00065064
2026-02-19 17:00:00+00:00,-0.00047342
2026-02-19 18:00:00+00:00,-0.00050899
2026-02-19 19:00:00+00:00,-0.00031768
2026-02-19 20:00:00+00:00,-0.00040499
2026-02-19 21:00:00+00:00,-0.00044007
2026-02-19 22:00:00+00:00,-0.00043857
2026-02-19 23:00:00+00:00,-0.00050723
2026-02-20 00:00:00+00:00,-0.00053847
2026-02-20 01:00:00+00:00,-0.00055822
2026-02-20 02:00:00+00:00,-0.00079023
2026-02-20 03:00:00+00:00,-0.00047851
2026-02-20 04:00:00+00:00,-0.00050191
2026-02-20 05:00:00+00:00,-0.00039456
2026-02-20 06:00:00+00:00,-0.00052031
2026-02-20 07:00:00+00:00,-0.00049215
2026-02-20 08:00:00+00:00,-0.00054038
2026-02-20 09:00:00+00:00,-0.00061889
2026-02-20 10:00:00+00:00,-0.00051343
2026-02-20 11:00:00+00:00,-0.00057857
2026-02-20 12:00:00+00:00,-0.00054224
2026-02-20 13:00:00+00:00,-0.00030091
2026-02-20 14:00:00+00:00,-0.00095746
2026-02-20 15:00:00+00:00,-0.00051041
2026-02-20 16:00:00+00:00,-0.00071304
2026-02-20 17:00:00+00:00,-0.00040637
2026-02-20 18:00:00+00:00,-0.00037796
2026-02-20 19:00:00+00:00,-0.00038219
2026-02-20 20:00:00+00:00,-0.00042307
2026-02-20 21:00:00+00:00,-0.00039247
2026-02-20 22:00:00+00:00,-0.00027103
2026-02-20 23:00:00+00:00,-0.00063739
2026-02-21 00:00:00+00:00,-0.00052670
2026-02-21 01:00:00+00:00,-0.00050198
2026-02-21 02:00:00+00:00,-0.00049668
2026-02-21 03:00:00+00:00,-0.00039716
2026-02-21 04:00:00+00:00,-0.00057188
2026-02-21 05:00:00+00:00,-0.00040880
2026-02-21 06:00:00+00:00,-0.00049934
2026-02-21 07:00:00+00:00,-0.00047222
2026-02-21 08:00:00+00:00,-0.00059276
2026-02-21 09:00:00+00:00,-0.00044711
2026-02-21 10:00:00+00:00,-0.00041360
2026-02-21 11:00:00+00:00,-0.00045815
2026-02-21 12:00:00+00:00,-0.00040739
2026-02-21 13:00:00+00:00,-0.00047030
2026-02-21 14:00:00+00:00,-0.00044261
2026-02-21 15:00:00+00:00,-0.00057091
2026-02-21 16:00:00+00:00,-0.00056822
2026-02-21 17:00:00+00:00,-0.00050595
2026-02-21 18:00:00+00:00,-0.00044865
2026-02-21 19:00:00+00:00,-0.00041520
2026-02-21 20:00:00+00:00,-0.00050475
2026-02-21 21:00:00+00:00,-0.00048212
2026-02-21 22:00:00+00:00,-0.00063743
2026-02-21 23:00:00+00:00,-0.00056246
2026-02-22 00:00:00+00:00,-0.00050177
2026-02-22 01:00:00+00:00,-0.00049686
2026-02-22 02:00:00+00:00,-0.00055224
2026-02-22 03:00:00+00:00,-0.00049154
2026-02-22 04:00:00+00:00,-0.00049660
2026-02-22 05:00:00+00:00,-0.00051462
2026-02-22 06:00:00+00:00,-0.00064686
2026-02-22 07:00:00+00:00,-0.00050333
2026-02-22 08:00:00+00:00,-0.00050870
2026-02-22 09:00:00+00:00,-0.00054724
2026-02-22 10:00:00+00:00,-0.00052152
2026-02-22 11:00:00+00:00,-0.00043304
2026-02-22 12:00:00+00:00,-0.00061161
2026-02-22 13:00:00+00:00,-0.00035297
2026-02-22 14:00:00+00:00,-0.00039258
2026-02-22 15:00:00+00:00,-0.00040155
2026-02-22 16:00:00+00:00,-0.00042981
2026-02-22 17:00:00+00:00,-0.00029166
2026-02-22 18:00:00+00:00,-0.00041217
2026-02-22 19:00:00+00:00,-0.00036751
2026-02-22 20:00:00+00:00,-0.00034324
2026-02-22 21:00:00+00:00,-0.00050911
2026-02-22 22:00:00+00:00,-0.00061612
2026-02-22 23:00:00+00:00,-0.00048031
2026-02-23 00:00:00+00:00,-0.00056847
2026-02-23 01:00:00+00:00,-0.00129826
2026-02-23 02:00:00+00:00,-0.00069511
2026-02-23 03:00:00+00:00,-0.00068682
2026-02-23 04:00:00+00:00,-0.00057799
2026-02-23 05:00:00+00:00,-0.00055359
2026-02-23 06:00:00+00:00,-0.00050205
2026-02-23 07:00:00+00:00,-0.00061343
2026-02-23 08:00:00+00:00,-0.00061998
2026-02-23 09:00:00+00:00,-0.00052046
2026-02-23 10:00:00+00:00,-0.00039685
2026-02-23 11:00:00+00:00,-0.00052767
2026-02-23 12:00:00+00:00,-0.00037636
2026-02-23 13:00:00+00:00,-0.00048294
2026-02-23 14:00:00+00:00,-0.00046853
2026-02-23 15:00:00+00:00,-0.00040046
2026-02-23 16:00:00+00:00,-0.00033187
2026-02-23 17:00:00+00:00,-0.00015890
2026-02-23 18:00:00+00:00,-0.00050803
2026-02-23 19:00:00+00:00,-0.00037658
2026-02-23 20:00:00+00:00,-0.00039127
2026-02-23 21:00:00+00:00,-0.00041399
2026-02-23 22:00:00+00:00,-0.00047005
2026-02-23 23:00:00+00:00,-0.00052970
2026-02-24 00:00:00+00:00,-0.00049276
2026-02-24 01:00:00+00:00,-0.00048054
2026-02-24 02:00:00+00:00,-0.00053484
2026-02-24 03:00:00+00:00,-0.00026369
2026-02-24 04:00:00+00:00,-0.00045425
2026-02-24 05:00:00+00:00,-0.00051447
2026-02-24 06:00:00+00:00,-0.00046784
2026-02-24 07:00:00+00:00,-0.00022420
2026-02-24 08:00:00+00:00,-0.00058059
2026-02-24 09:00:00+00:00,-0.00053506
2026-02-24 10:00:00+00:00,-0.00058357
2026-02-24 11:00:00+00:00,-0.00045221
2026-02-24 12:00:00+00:00,-0.00053824
2026-02-24 13:00:00+00:00,-0.00053909
2026-02-24 14:00:00+00:00,-0.00049351
2026-02-24 15:00:00+00:00,-0.00069109
2026-02-24 16:00:00+00:00,-0.00055134
2026-02-24 17:00:00+00:00,-0.00051817
2026-02-24 18:00:00+00:00,-0.00061714
2026-02-24 19:00:00+00:00,-0.00044213
2026-02-24 20:00:00+00:00,-0.00037958
2026-02-24 21:00:00+00:00,-0.00058639
2026-02-24 22:00:00+00:00,-0.00038071
2026-02-24 23:00:00+00:00,-0.00042296
2026-02-25 00:00:00+00:00,-0.00058541
2026-02-25 01:00:00+00:00,-0.00066318
2026-02-25 02:00:00+00:00,-0.00047624
2026-02-25 03:00:00+00:00,-0.00050171
2026-02-25 04:00:00+00:00,-0.00048874
2026-02-25 05:00:00+00:00,-0.00040504
2026-02-25 06:00:00+00:00,-0.00046211
2026-02-25 07:00:00+00:00,-0.00040603
2026-02-25 08:00:00+00:00,-0.00058942
2026-02-25 09:00:00+00:00,-0.00054056
2026-02-25 10:00:00+00:00,-0.00046799
2026-02-25 11:00:00+00:00,-0.00048638
2026-02-25 12:00:00+00:00,-0.00034098
2026-02-25 13:00:00+00:00,-0.00052487
2026-02-25 14:00:00+00:00,-0.00057103
2026-02-25 15:00:00+00:00,-0.00049094
2026-02-25 16:00:00+00:00,-0.00072077
2026-02-25 17:00:00+00:00,-0.00059997
2026-02-25 18:00:00+00:00,-0.00065179
2026-02-25 19:00:00+00:00,-0.00051440
2026-02-25 20:00:00+00:00,-0.00045504
2026-02-25 21:00:00+00:00,-0.00075345
2026-02-25 22:00:00+00:00,-0.00025060
2026-02-25 23:00:00+00:00,-0.00040898
2026-02-26 00:00:00+00:00,-0.00062408
2026-02-26 01:00:00+00:00,-0.00057588
2026-02-26 02:00:00+00:00,-0.00061065
2026-02-26 03:00:00+00:00,-0.00038584
2026-02-26 04:00:00+00:00,-0.00059563
2026-02-26 05:00:00+00:00,-0.00042171
2026-02-26 06:00:00+00:00,-0.00045315
2026-02-26 07:00:00+00:00,-0.00052090
2026-02-26 08:00:00+00:00,-0.00036091
2026-02-26 09:00:00+00:00,-0.00031882
2026-02-26 10:00:00+00:00,-0.00047873
2026-02-26 11:00:00+00:00,-0.00039982
2026-02-26 12:00:00+00:00,-0.00031895
2026-02-26 13:00:00+00:00,-0.00045135
2026-02-26 14:00:00+00:00,-0.00027331
2026-02-26 15:00:00+00:00,-0.00035916
2026-02-26 16:00:00+00:00,-0.00048227
2026-02-26 17:00:00+00:00,-0.00045026
2026-02-26 18:00:00+00:00,-0.00049434
2026-02-26 19:00:00+00:00,-0.00065460
2026-02-26 20:00:00+00:00,-0.00060852
2026-02-26 21:00:00+00:00,-0.00047927
2026-02-26 22:00:00+00:00,-0.00071314
2026-02-26 23:00:00+00:00,-0.00055400
2026-02-27 00:00:00+00:00,-0.00048746
2026-02-27 01:00:00+00:00,-0.00056832
2026-02-27 02:00:00+00:00,-0.00073244
2026-02-27 03:00:00+00:00,-0.00059450
2026-02-27 04:00:00+00:00,-0.00057070
2026-02-27 05:00:00+00:00,-0.00052494
2026-02-27 06:00:00+00:00,-0.00061005
2026-02-27 07:00:00+00:00,-0.00059023
2026-02-27 08:00:00+00:00,-0.00056786
2026-02-27 09:00:00+00:00,-0.00062931
2026-02-27 10:00:00+00:00,-0.00050549
2026-02-27 11:00:00+00:00,-0.00050303
2026-02-27 12:00:00+00:00,0.00012097
2026-02-27 13:00:00+00:00,-0.00051438
2026-02-27 14:00:00+00:00,-0.00038250
2026-02-27 15:00:00+00:00,-0.00043095
2026-02-27 16:00:00+00:00,-0.00040924
2026-02-27 17:00:00+00:00,-0.00052137
2026-02-27 18:00:00+00:00,-0.00042736
2026-02-27 19:00:00+00:00,-0.00042689
2026-02-27 20:00:00+00:00,-0.00077272
2026-02-27 21:00:00+00:00,-0.00043537
2026-02-27 22:00:00+00:00,-0.00047252
2026-02-27 23:00:00+00:00,-0.00058778
2026-02-28 00:00:00+00:00,-0.00054681
2026-02-28 01:00:00+00:00,-0.00054575
2026-02-28 02:00:00+00:00,-0.00058717
2026-02-28 03:00:00+00:00,-0.00045880
2026-02-28 04:00:00+00:00,-0.00048042
2026-02-28 05:00:00+00:00,-0.00029827
2026-02-28 06:00:00+00:00,-0.00086118
2026-02-28 07:00:00+00:00,-0.00044693
2026-02-28 08:00:00+00:00,-0.00049272
2026-02-28 09:00:00+00:00,-0.00052236
2026-02-28 10:00:00+00:00,-0.00057205
2026-02-28 11:00:00+00:00,-0.00054203
2026-02-28 12:00:00+00:00,-0.00052823
2026-02-28 13:00:00+00:00,-0.00057518
2026-02-28 14:00:00+00:00,-0.00063862
2026-02-28 15:00:00+00:00,-0.00062527
2026-02-28 16:00:00+00:00,-0.00075796
2026-02-28 17:00:00+00:00,-0.00068561
2026-02-28 18:00:00+00:00,-0.00059551
2026-02-28 19:00:00+00:00,-0.00066207
2026-02-28 20:00:00+00:00,-0.00033518
2026-02-28 21:00:00+00:00,-0.00056427
2026-02-28 22:00:00+00:00,-0.00050958
2026-02-28 23:00:00+00:00,-0.00037551
2026-03-01 00:00:00+00:00,-0.00062385
2026-03-01 01:00:00+00:00,-0.00013242
2026-03-01 02:00:00+00:00,-0.00052175
2026-03-01 03:00:00+00:00,-0.00043236
2026-03-01 04:00:00+00:00,-0.00047713
2026-03-01 05:00:00+00:00,-0.00075662
2026-03-01 06:00:00+00:00,-0.00049656
2026-03-01 07:00:00+00:00,-0.00027425
2026-03-01 08:00:00+00:00,-0.00020565
2026-03-01 09:00:00+00:00,-0.00030804
2026-03-01 10:00:00+00:00,-0.00052614
2026-03-01 11:00:00+00:00,-0.00046113
2026-03-01 12:00:00+00:00,-0.00044161
2026-03-01 13:00:00+00:00,-0.00083073
2026-03-01 14:00:00+00:00,-0.00047164
2026-03-01 15:00:00+00:00,-0.00060261
2026-03-01 16:00:00+00:00,-0.00046334
2026-03-01 17:00:00+00:00,-0.00043331
2026-03-01 18:00:00+00:00,-0.00037487
2026-03-01 19:00:00+00:00,-0.00054332
2026-03-01 20:00:00+00:00,-0.00076927
2026-03-01 21:00:00+00:00,-0.00067311
2026-03-01 22:00:00+00:00,-0.00011245
2026-03-01 23:00:00+00:00,-0.00035428
2026-03-02 00:00:00+00:00,-0.00070454
2026-03-02 01:00:00+00:00,-0.00056146
2026-03-02 02:00:00+00:00,-0.00072101
2026-03-02 03:00:00+00:00,-0.00065039
2026-03-02 04:00:00+00:00,-0.00036931
2026-03-02 05:00:00+00:00,-0.00049632
2026-03-02 06:00:00+00:00,-0.00057589
2026-03-02 07:00:00+00:00,-0.00055230
2026-03-02 08:00:00+00:00,-0.00051082
2026-03-02 09:00:00+00:00,-0.00063645
2026-03-02 10:00:00+00:00,-0.00027726
2026-03-02 11:00:00+00:00,-0.00041115
2026-03-02 12:00:00+00:00,-0.00046779
2026-03-02 13:00:00+00:00,-0.00043134
2026-03-02 14:00:00+00:00,-0.00046947
2026-03-02 15:00:00+00:00,-0.00043752
2026-03-02 16:00:00+00:00,-0.00085572
2026-03-02 17:00:00+00:00,-0.00028572
2026-03-02 18:00:00+00:00,-0.00027386
2026-03-02 19:00:00+00:00,-0.00066246
2026-03-02 20:00:00+00:00,-0.00078543
2026-03-02 21:00:00+00:00,-0.00064758
2026-03-02 22:00:00+00:00,0.00003008
2026-03-02 23:00:00+00:00,-0.00040608
2026-03-03 00:00:00+00:00,-0.00054120
2026-03-03 01:00:00+00:00,-0.00055274
2026-03-03 02:00:00+00:00,-0.00057232
2026-03-03 03:00:00+00:00,-0.00039713
2026-03-03 04:00:00+00:00,-0.00037152
2026-03-03 05:00:00+00:00,-0.00041525
2026-03-03 06:00:00+00:00,-0.00054560
2026-03-03 07:00:00+00:00,-0.00054407
2026-03-03 08:00:00+00:00,-0.00046397
2026-03-03 09:00:00+00:00,-0.00045541
2026-03-03 10:00:00+00:00,-0.00044802
2026-03-03 11:00:00+00:00,-0.00081687
2026-03-03 12:00:00+00:00,-0.00055318
2026-03-03 13:00:00+00:00,-0.00054305
2026-03-03 14:00:00+00:00,-0.00042191
2026-03-03 15:00:00+00:00,-0.00065949
2026-03-03 16:00:00+00:00,-0.00049638
2026-03-03 17:00:00+00:00,-0.00040424
2026-03-03 18:00:00+00:00,-0.00065548
2026-03-03 19:00:00+00:00,-0.00064268
2026-03-03 20:00:00+00:00,-0.00041947
2026-03-03 21:00:00+00:00,-0.00074025
2026-03-03 22:00:00+00:00,-0.00027053
2026-03-03 23:00:00+00:00,-0.00052013
2026-03-04 00:00:00+00:00,-0.00068156
2026-03-04 01:00:00+00:00,-0.00054996
2026-03-04 02:00:00+00:00,-0.00055032
2026-03-04 03:00:00+00:00,-0.00035196
2026-03-04 04:00:00+00:00,-0.00062578
2026-03-04 05:00:00+00:00,-0.00050489
2026-03-04 06:00:00+00:00,-0.00048161
2026-03-04 07:00:00+00:00,-0.00046387
2026-03-04 08:00:00+00:00,-0.00032532
2026-03-04 09:00:00+00:00,-0.00042127
2026-03-04 10:00:00+00:00,-0.00030147
2026-03-04 11:00:00+00:00,-0.00050314
2026-03-04 12:00:00+00:00,-0.00045233
2026-03-04 13:00:00+00:00,-0.00036900
2026-03-04 14:00:00+00:00,-0.00030906
2026-03-04 15:00:00+00:00,-0.00075666
2026-03-04 16:00:00+00:00,-0.00067280
2026-03-04 17:00:00+00:00,-0.00069406
2026-03-04 18:00:00+00:00,-0.00006728
2026-03-04 19:00:00+00:00,-0.00063690
2026-03-04 20:00:00+00:00,-0.00037225
2026-03-04 21:00:00+00:00,-0.00045923
2026-03-04 22:00:00+00:00,-0.00028190
2026-03-04 23:00:00+00:00,-0.00062740
2026-03-05 00:00:00+00:00,-0.00058498
2026-03-05 01:00:00+00:00,-0.00018112
2026-03-05 02:00:00+00:00,-0.00023745
2026-03-05 03:00:00+00:00,-0.00022603
2026-03-05 04:00:00+00:00,-0.00046725
2026-03-05 05:00:00+00:00,-0.00054675
2026-03-05 06:00:00+00:00,-0.00039561
2026-03-05 07:00:00+00:00,-0.00052186
2026-03-05 08:00:00+00:00,-0.00051525
2026-03-05 09:00:00+00:00,-0.00048673
2026-03-05 10:00:00+00:00,-0.00057114
2026-03-05 11:00:00+00:00,-0.00039354
2026-03-05 12:00:00+00:00,-0.00092273
2026-03-05 13:00:00+00:00,-0.00033784
2026-03-05 14:00:00+00:00,-0.00068509
2026-03-05 15:00:00+00:00,-0.00030421
2026-03-05 16:00:00+00:00,-0.00060500
2026-03-05 17:00:00+00:00,-0.00041629
2026-03-05 18:00:00+00:00,-0.00045541
2026-03-05 19:00:00+00:00,-0.00031670
2026-03-05 20:00:00+00:00,-0.00052240
2026-03-05 21:00:00+00:00,-0.00045734
2026-03-05 22:00:00+00:00,-0.00062328
2026-03-05 23:00:00+00:00,-0.00032089
2026-03-06 00:00:00+00:00,-0.00022491
2026-03-06 01:00:00+00:00,-0.00052062
2026-03-06 02:00:00+00:00,-0.00045462
2026-03-06 03:00:00+00:00,-0.00055359
2026-03-06 04:00:00+00:00,-0.00047580
2026-03-06 05:00:00+00:00,-0.00058343
2026-03-06 06:00:00+00:00,-0.00042325
2026-03-06 07:00:00+00:00,-0.00062752
2026-03-06 08:00:00+00:00,-0.00039919
2026-03-06 09:00:00+00:00,-0.00059786
2026-03-06 10:00:00+00:00,-0.00040722
2026-03-06 11:00:00+00:00,-0.00041259
2026-03-06 12:00:00+00:00,-0.00072465
2026-03-06 13:00:00+00:00,-0.00079561
2026-03-06 14:00:00+00:00,-0.00046539
2026-03-06 15:00:00+00:00,-0.00055931
2026-03-06 16:00:00+00:00,-0.00060503
2026-03-06 17:00:00+00:00,-0.00061575
2026-03-06 18:00:00+00:00,-0.00053191
2026-03-06 19:00:00+00:00,-0.00050867
2026-03-06 20:00:00+00:00,-0.00076038
2026-03-06 21:00:00+00:00,-0.00049671
2026-03-06 22:00:00+00:00,-0.00062828
2026-03-06 23:00:00+00:00,-0.00046251
2026-03-07 00:00:00+00:00,-0.00077721
2026-03-07 01:00:00+00:00,-0.00064198
2026-03-07 02:00:00+00:00,-0.00045107
2026-03-07 03:00:00+00:00,-0.00060812
2026-03-07 04:00:00+00:00,-0.00050654
2026-03-07 05:00:00+00:00,-0.00044596
2026-03-07 06:00:00+00:00,-0.00055022
2026-03-07 07:00:00+00:00,-0.00063528
2026-03-07 08:00:00+00:00,-0.00046958
2026-03-07 09:00:00+00:00,-0.00051113
2026-03-07 10:00:00+00:00,-0.00061253
2026-03-07 11:00:00+00:00,-0.00054705
2026-03-07 12:00:00+00:00,-0.00052005
2026-03-07 13:00:00+00:00,-0.00061900
2026-03-07 14:00:00+00:00,-0.00068048
2026-03-07 15:00:00+00:00,-0.00055408
2026-03-07 16:00:00+00:00,-0.00064635
2026-03-07 17:00:00+00:00,-0.00055481
2026-03-07 18:00:00+00:00,-0.00068715
2026-03-07 19:00:00+00:00,-0.00057086
2026-03-07 20:00:00+00:00,-0.00071254
2026-03-07 21:00:00+00:00,-0.00040072
2026-03-07 22:00:00+00:00,-0.00059736
2026-03-07 23:00:00+00:00,-0.00047930
2026-03-08 00:00:00+00:00,-0.00061115
2026-03-08 01:00:00+00:00,-0.00049709
2026-03-08 02:00:00+00:00,-0.00051192
2026-03-08 03:00:00+00:00,-0.00094369
2026-03-08 04:00:00+00:00,-0.00053401
2026-03-08 05:00:00+00:00,-0.00053693
2026-03-08 06:00:00+00:00,-0.00039300
2026-03-08 07:00:00+00:00,-0.00042878
2026-03-08 08:00:00+00:00,-0.00066555
2026-03-08 09:00:00+00:00,-0.00054531
2026-03-08 10:00:00+00:00,-0.00039089
2026-03-08 11:00:00+00:00,-0.00051005
2026-03-08 12:00:00+00:00,-0.00052248
2026-03-08 13:00:00+00:00,-0.00067298
2026-03-08 14:00:00+00:00,-0.00043226
2026-03-08 15:00:00+00:00,-0.00056711
2026-03-08 16:00:00+00:00,-0.00045624
2026-03-08 17:00:00+00:00,-0.00034794
2026-03-08 18:00:00+00:00,-0.00057480
2026-03-08 19:00:00+00:00,-0.00040970
2026-03-08 20:00:00+00:00,-0.00046441
2026-03-08 21:00:00+00:00,-0.00041060
2026-03-08 22:00:00+00:00,-0.00054358
2026-03-08 23:00:00+00:00,-0.00061961
2026-03-09 00:00:00+00:00,-0.00066312
2026-03-09 01:00:00+00:00,-0.00065895
2026-03-09 02:00:00+00:00,-0.00056879
2026-03-09 03:00:00+00:00,-0.00061857
2026-03-09 04:00:00+00:00,-0.00041044
2026-03-09 05:00:00+00:00,-0.00058564
2026-03-09 06:00:00+00:00,-0.00050173
2026-03-09 07:00:00+00:00,-0.00064135
2026-03-09 08:00:00+00:00,-0.00058963
2026-03-09 09:00:00+00:00,-0.00047330
2026-03-09 10:00:00+00:00,-0.00056279
2026-03-09 11:00:00+00:00,-0.00059987
2026-03-09 12:00:00+00:00,-0.00060658
2026-03-09 13:00:00+00:00,-0.00063270
2026-03-09 14:00:00+00:00,-0.00057097
2026-03-09 15:00:00+00:00,-0.00059140
2026-03-09 16:00:00+00:00,-0.00055417
2026-03-09 17:00:00+00:00,-0.00056684
2026-03-09 18:00:00+00:00,-0.00041585
2026-03-09 19:00:00+00:00,-0.00063086
2026-03-09 20:00:00+00:00,-0.00074115
2026-03-09 21:00:00+00:00,-0.00055816
2026-03-09 22:00:00+00:00,-0.00049937
2026-03-09 23:00:00+00:00,-0.00044232
2026-03-10 00:00:00+00:00,-0.00036412
2026-03-10 01:00:00+00:00,-0.00064264
2026-03-10 02:00:00+00:00,-0.00052543
2026-03-10 03:00:00+00:00,-0.00072542
2026-03-10 04:00:00+00:00,-0.00043575
2026-03-10 05:00:00+00:00,-0.00046465
2026-03-10 06:00:00+00:00,-0.00051363
2026-03-10 07:00:00+00:00,-0.00021869
2026-03-10 08:00:00+00:00,-0.00041198
2026-03-10 09:00:00+00:00,-0.00048526
2026-03-10 10:00:00+00:00,-0.00032296
2026-03-10 11:00:00+00:00,-0.00034343
2026-03-10 12:00:00+00:00,-0.00037047
2026-03-10 13:00:00+00:00,-0.00050775
2026-03-10 14:00:00+00:00,-0.00037012
2026-03-10 15:00:00+00:00,-0.00062599
2026-03-10 16:00:00+00:00,-0.00048707
2026-03-10 17:00:00+00:00,-0.00060679
2026-03-10 18:00:00+00:00,-0.00052643
2026-03-10 19:00:00+00:00,-0.00056098
2026-03-10 20:00:00+00:00,-0.00063204
2026-03-10 21:00:00+00:00,-0.00077992
2026-03-10 22:00:00+00:00,-0.00068512
2026-03-10 23:00:00+00:00,-0.00064431
2026-03-11 00:00:00+00:00,-0.00072607
2026-03-11 01:00:00+00:00,-0.00062905
2026-03-11 02:00:00+00:00,-0.00041519
2026-03-11 03:00:00+00:00,-0.00059865
2026-03-11 04:00:00+00:00,-0.00060088
2026-03-11 05:00:00+00:00,-0.00067266
2026-03-11 06:00:00+00:00,-0.00059539
2026-03-11 07:00:00+00:00,-0.00051982
2026-03-11 08:00:00+00:00,-0.00067106
2026-03-11 09:00:00+00:00,-0.00035937
2026-03-11 10:00:00+00:00,-0.00050782
2026-03-11 11:00:00+00:00,-0.00053552
2026-03-11 12:00:00+00:00,-0.00052092
2026-03-11 13:00:00+00:00,-0.00039201
2026-03-11 14:00:00+00:00,-0.00034761
2026-03-11 15:00:00+00:00,-0.00064239
2026-03-11 16:00:00+00:00,-0.00052760
2026-03-11 17:00:00+00:00,-0.00027801
2026-03-11 18:00:00+00:00,-0.00049446
2026-03-11 19:00:00+00:00,-0.00047005
2026-03-11 20:00:00+00:00,-0.00060244
2026-03-11 21:00:00+00:00,-0.00051966
2026-03-11 22:00:00+00:00,-0.00038044
2026-03-11 23:00:00+00:00,-0.00064710
2026-03-12 00:00:00+00:00,-0.00067066
2026-03-12 01:00:00+00:00,-0.00066917
2026-03-12 02:00:00+00:00,-0.00073090
2026-03-12 03:00:00+00:00,-0.00049915
2026-03-12 04:00:00+00:00,-0.00065761
2026-03-12 05:00:00+00:00,-0.00063019
2026-03-12 06:00:00+00:00,-0.00055283
2026-03-12 07:00:00+00:00,-0.00054715
2026-03-12 08:00:00+00:00,-0.00060592
2026-03-12 09:00:00+00:00,-0.00059601
2026-03-12 10:00:00+00:00,-0.00062548
2026-03-12 11:00:00+00:00,-0.00056020
2026-03-12 12:00:00+00:00,-0.00055579
2026-03-12 13:00:00+00:00,-0.00029838
2026-03-12 14:00:00+00:00,-0.00038568
2026-03-12 15:00:00+00:00,-0.00058528
2026-03-12 16:00:00+00:00,-0.00064187
2026-03-12 17:00:00+00:00,-0.00065667
2026-03-12 18:00:00+00:00,-0.00052754
2026-03-12 19:00:00+00:00,-0.00062418
2026-03-12 20:00:00+00:00,-0.00059906
2026-03-12 21:00:00+00:00,-0.00063318
2026-03-12 22:00:00+00:00,-0.00045597
2026-03-12 23:00:00+00:00,-0.00033557
2026-03-13 00:00:00+00:00,-0.00019259
2026-03-13 01:00:00+00:00,-0.00049681
2026-03-13 02:00:00+00:00,-0.00043396
2026-03-13 03:00:00+00:00,-0.00056051
2026-03-13 04:00:00+00:00,-0.00058926
2026-03-13 05:00:00+00:00,-0.00057020
2026-03-13 06:00:00+00:00,-0.00037618
2026-03-13 07:00:00+00:00,-0.00051935
2026-03-13 08:00:00+00:00,-0.00074141
2026-03-13 09:00:00+00:00,-0.00054992
2026-03-13 10:00:00+00:00,-0.00050397
2026-03-13 11:00:00+00:00,-0.00051940
2026-03-13 12:00:00+00:00,-0.00059981
2026-03-13 13:00:00+00:00,-0.00034851
2026-03-13 14:00:00+00:00,-0.00086637
2026-03-13 15:00:00+00:00,-0.00067482
2026-03-13 16:00:00+00:00,-0.00038349
2026-03-13 17:00:00+00:00,-0.00047159
2026-03-13 18:00:00+00:00,-0.00047348
2026-03-13 19:00:00+00:00,-0.00015936
2026-03-13 20:00:00+00:00,-0.00062332
2026-03-13 21:00:00+00:00,-0.00069953
2026-03-13 22:00:00+00:00,-0.00046697
2026-03-13 23:00:00+00:00,-0.00060177
2026-03-14 00:00:00+00:00,-0.00052077
2026-03-14 01:00:00+00:00,-0.00047065
2026-03-14 02:00:00+00:00,-0.00090506
2026-03-14 03:00:00+00:00,-0.00062962
2026-03-14 04:00:00+00:00,-0.00069213
2026-03-14 05:00:00+00:00,-0.00046983
2026-03-14 06:00:00+00:00,-0.00051489
2026-03-14 07:00:00+00:00,-0.00045393
2026-03-14 08:00:00+00:00,-0.00023099
2026-03-14 09:00:00+00:00,-0.00052088
2026-03-14 10:00:00+00:00,-0.00048754
2026-03-14 11:00:00+00:00,-0.00050699
2026-03-14 12:00:00+00:00,-0.00002284
2026-03-14 13:00:00+00:00,-0.00064494
2026-03-14 14:00:00+00:00,-0.00022566
2026-03-14 15:00:00+00:00,-0.00050915
2026-03-14 16:00:00+00:00,-0.00051282
2026-03-14 17:00:00+00:00,-0.00044023
2026-03-14 18:00:00+00:00,-0.00071595
2026-03-14 19:00:00+00:00,-0.00053175
2026-03-14 20:00:00+00:00,-0.00059641
2026-03-14 21:00:00+00:00,-0.00045493
2026-03-14 22:00:00+00:00,-0.00049228
2026-03-14 23:00:00+00:00,-0.00057084
2026-03-15 00:00:00+00:00,-0.00052180
2026-03-15 01:00:00+00:00,-0.00051628
2026-03-15 02:00:00+00:00,-0.00066573
2026-03-15 03:00:00+00:00,-0.00057919
2026-03-15 04:00:00+00:00,-0.00052192
2026-03-15 05:00:00+00:00,-0.00059868
2026-03-15 06:00:00+00:00,-0.00055774
2026-03-15 07:00:00+00:00,-0.00047469
2026-03-15 08:00:00+00:00,-0.00047695
2026-03-15 09:00:00+00:00,-0.00059157
2026-03-15 10:00:00+00:00,-0.00061945
2026-03-15 11:00:00+00:00,-0.00058181
2026-03-15 12:00:00+00:00,-0.00041319
2026-03-15 13:00:00+00:00,-0.00040216
2026-03-15 14:00:00+00:00,-0.00034670
2026-03-15 15:00:00+00:00,-0.00049867
2026-03-15 16:00:00+00:00,-0.00026854
2026-03-15 17:00:00+00:00,-0.00051396
2026-03-15 18:00:00+00:00,-0.00054013
2026-03-15 19:00:00+00:00,-0.00049803
2026-03-15 20:00:00+00:00,-0.00063939
2026-03-15 21:00:00+00:00,-0.00040307
2026-03-15 22:00:00+00:00,-0.00036350
2026-03-15 23:00:00+00:00,-0.00044045
2026-03-16 00:00:00+00:00,-0.00067853
2026-03-16 01:00:00+00:00,-0.00034646
2026-03-16 02:00:00+00:00,-0.00052863
2026-03-16 03:00:00+00:00,-0.00038129
2026-03-16 04:00:00+00:00,-0.00050875
2026-03-16 05:00:00+00:00,-0.00035883
2026-03-16 06:00:00+00:00,-0.00045265
2026-03-16 07:00:00+00:00,-0.00054074
2026-03-16 08:00:00+00:00,-0.00051198
2026-03-16 09:00:00+00:00,-0.00050153
2026-03-16 10:00:00+00:00,-0.00040969
2026-03-16 11:00:00+00:00,-0.00058079
2026-03-16 12:00:00+00:00,-0.00046188
2026-03-16 13:00:00+00:00,0.00012396
2026-03-16 14:00:00+00:00,-0.00010245
2026-03-16 15:00:00+00:00,-0.00041209
2026-03-16 16:00:00+00:00,-0.00046601
2026-03-16 17:00:00+00:00,-0.00041052
2026-03-16 18:00:00+00:00,-0.00022972
2026-03-16 19:00:00+00:00,-0.00095841
2026-03-16 20:00:00+00:00,-0.00054802
2026-03-16 21:00:00+00:00,-0.00070182
2026-03-16 22:00:00+00:00,-0.00051980
2026-03-16 23:00:00+00:00,-0.00033891
2026-03-17 00:00:00+00:00,-0.00039563
2026-03-17 01:00:00+00:00,-0.00045289
2026-03-17 02:00:00+00:00,-0.00044096
2026-03-17 03:00:00+00:00,-0.00055068
2026-03-17 04:00:00+00:00,-0.00065890
2026-03-17 05:00:00+00:00,-0.00059948
2026-03-17 06:00:00+00:00,-0.00058244
2026-03-17 07:00:00+00:00,-0.00048420
2026-03-17 08:00:00+00:00,-0.00050033
2026-03-17 09:00:00+00:00,-0.00065751
2026-03-17 10:00:00+00:00,-0.00036293
2026-03-17 11:00:00+00:00,-0.00042117
2026-03-17 12:00:00+00:00,-0.00033125
2026-03-17 13:00:00+00:00,-0.00100966
2026-03-17 14:00:00+00:00,-0.00054127
2026-03-17 15:00:00+00:00,-0.00062993
2026-03-17 16:00:00+00:00,-0.00045956
2026-03-17 17:00:00+00:00,-0.00057298
2026-03-17 18:00:00+00:00,-0.00063035
2026-03-17 19:00:00+00:00,-0.00077627
2026-03-17 20:00:00+00:00,-0.00069886
2026-03-17 21:00:00+00:00,-0.00049561
2026-03-17 22:00:00+00:00,-0.00069073
2026-03-17 23:00:00+00:00,-0.00048565
2026-03-18 00:00:00+00:00,-0.00042789
2026-03-18 01:00:00+00:00,-0.00055742
2026-03-18 02:00:00+00:00,-0.00054823
2026-03-18 03:00:00+00:00,-0.00054276
2026-03-18 04:00:00+00:00,-0.00016410
2026-03-18 05:00:00+00:00,-0.00058050
2026-03-18 06:00:00+00:00,-0.00057052
2026-03-18 07:00:00+00:00,-0.00059496
2026-03-18 08:00:00+00:00,-0.00047882
2026-03-18 09:00:00+00:00,-0.00050418
2026-03-18 10:00:00+00:00,-0.00062786
2026-03-18 11:00:00+00:00,-0.00056055
2026-03-18 12:00:00+00:00,-0.00045259
2026-03-18 13:00:00+00:00,-0.00014675
2026-03-18 14:00:00+00:00,-0.00047252
2026-03-18 15:00:00+00:00,-0.00038667
2026-03-18 16:00:00+00:00,-0.00040180
2026-03-18 17:00:00+00:00,-0.00063011
2026-03-18 18:00:00+00:00,-0.00035275
2026-03-18 19:00:00+00:00,-0.00034863
2026-03-18 20:00:00+00:00,-0.00044968
2026-03-18 21:00:00+00:00,-0.00083502
2026-03-18 22:00:00+00:00,-0.00051592
2026-03-18 23:00:00+00:00,-0.00054180
2026-03-19 00:00:00+00:00,-0.00043037
2026-03-19 01:00:00+00:00,-0.00060244
2026-03-19 02:00:00+00:00,-0.00056454
2026-03-19 03:00:00+00:00,-0.00055060
2026-03-19 04:00:00+00:00,-0.00054054
2026-03-19 05:00:00+00:00,-0.00056089
2026-03-19 06:00:00+00:00,-0.00040628
2026-03-19 07:00:00+00:00,-0.00069517
2026-03-19 08:00:00+00:00,-0.00038792
2026-03-19 09:00:00+00:00,-0.00061547
2026-03-19 10:00:00+00:00,-0.00039601
2026-03-19 11:00:00+00:00,-0.00036291
2026-03-19 12:00:00+00:00,-0.00042516
2026-03-19 13:00:00+00:00,-0.00049115
2026-03-19 14:00:00+00:00,-0.00069615
2026-03-19 15:00:00+00:00,-0.00065565
2026-03-19 16:00:00+00:00,-0.00043694
2026-03-19 17:00:00+00:00,-0.00046392
2026-03-19 18:00:00+00:00,-0.00055330
2026-03-19 19:00:00+00:00,-0.00041706
2026-03-19 20:00:00+00:00,-0.00063858
2026-03-19 21:00:00+00:00,-0.00074605
2026-03-19 22:00:00+00:00,-0.00033104
2026-03-19 23:00:00+00:00,-0.00048820
2026-03-20 00:00:00+00:00,-0.00061250
2026-03-20 01:00:00+00:00,-0.00052086
2026-03-20 02:00:00+00:00,-0.00061120
2026-03-20 03:00:00+00:00,-0.00046533
2026-03-20 04:00:00+00:00,-0.00052251
2026-03-20 05:00:00+00:00,-0.00047357
2026-03-20 06:00:00+00:00,-0.00045977
2026-03-20 07:00:00+00:00,-0.00057384
2026-03-20 08:00:00+00:00,-0.00059128
2026-03-20 09:00:00+00:00,-0.00042206
2026-03-20 10:00:00+00:00,-0.00043479
2026-03-20 11:00:00+00:00,-0.00049384
2026-03-20 12:00:00+00:00,-0.00051452
2026-03-20 13:00:00+00:00,-0.00026333
2026-03-20 14:00:00+00:00,-0.00046291
2026-03-20 15:00:00+00:00,-0.00058969
2026-03-20 16:00:00+00:00,-0.00059648
2026-03-20 17:00:00+00:00,0.00042687
2026-03-20 18:00:00+00:00,-0.00055307
2026-03-20 19:00:00+00:00,-0.00057198
2026-03-20 20:00:00+00:00,-0.00050773
2026-03-20 21:00:00+00:00,-0.00047951
2026-03-20 22:00:00+00:00,-0.00048283
2026-03-20 23:00:00+00:00,-0.00068697
2026-03-21 00:00:00+00:00,-0.00060925
2026-03-21 01:00:00+00:00,-0.00078793
2026-03-21 02:00:00+00:00,-0.00044944
2026-03-21 03:00:00+00:00,-0.00042205
2026-03-21 04:00:00+00:00,-0.00055315
2026-03-21 05:00:00+00:00,-0.00041947
2026-03-21 06:00:00+00:00,-0.00044351
2026-03-21 07:00:00+00:00,-0.00047554
2026-03-21 08:00:00+00:00,-0.00046135
2026-03-21 09:00:00+00:00,-0.00038277
2026-03-21 10:00:00+00:00,-0.00039927
2026-03-21 11:00:00+00:00,-0.00044214
2026-03-21 12:00:00+00:00,-0.00054739
2026-03-21 13:00:00+00:00,-0.00052866
2026-03-21 14:00:00+00:00,-0.00048261
2026-03-21 15:00:00+00:00,-0.00044889
2026-03-21 16:00:00+00:00,-0.00043724
2026-03-21 17:00:00+00:00,-0.00049146
2026-03-21 18:00:00+00:00,-0.00049694
2026-03-21 19:00:00+00:00,-0.00036326
2026-03-21 20:00:00+00:00,-0.00039227
2026-03-21 21:00:00+00:00,-0.00053318
2026-03-21 22:00:00+00:00,-0.00053872
2026-03-21 23:00:00+00:00,-0.00015098
2026-03-22 00:00:00+00:00,-0.00065769
2026-03-22 01:00:00+00:00,-0.00063393
2026-03-22 02:00:00+00:00,-0.00068653
2026-03-22 03:00:00+00:00,-0.00050154
2026-03-22 04:00:00+00:00,-0.00000001
2026-03-22 05:00:00+00:00,-0.00053174
2026-03-22 06:00:00+00:00,-0.00052923
2026-03-22 07:00:00+00:00,-0.00037038
2026-03-22 08:00:00+00:00,-0.00061729
2026-03-22 09:00:00+00:00,-0.00064935
2026-03-22 10:00:00+00:00,-0.00066048
2026-03-22 11:00:00+00:00,-0.00070135
2026-03-22 12:00:00+00:00,-0.00059413
2026-03-22 13:00:00+00:00,-0.00074834
2026-03-22 14:00:00+00:00,-0.00052157
2026-03-22 15:00:00+00:00,-0.00049970
2026-03-22 16:00:00+00:00,-0.00064696
2026-03-22 17:00:00+00:00,-0.00062996
2026-03-22 18:00:00+00:00,-0.00037876
2026-03-22 19:00:00+00:00,-0.00031974
2026-03-22 20:00:00+00:00,-0.00055550
2026-03-22 21:00:00+00:00,-0.00042037
2026-03-22 22:00:00+00:00,-0.00037601
2026-03-22 23:00:00+00:00,-0.00057985
2026-03-23 00:00:00+00:00,-0.00041747
2026-03-23 01:00:00+00:00,-0.00055766
2026-03-23 02:00:00+00:00,-0.00038973
2026-03-23 03:00:00+00:00,-0.00063611
2026-03-23 04:00:00+00:00,-0.00054522
2026-03-23 05:00:00+00:00,-0.00055227
2026-03-23 06:00:00+00:00,-0.00048093
2026-03-23 07:00:00+00:00,-0.00036266
2026-03-23 08:00:00+00:00,-0.00052397
2026-03-23 09:00:00+00:00,-0.00032641
2026-03-23 10:00:00+00:00,-0.00044828
2026-03-23 11:00:00+00:00,-0.00049475
2026-03-23 12:00:00+00:00,-0.00046202
2026-03-23 13:00:00+00:00,-0.00026736
2026-03-23 14:00:00+00:00,-0.00069329
2026-03-23 15:00:00+00:00,-0.00023328
2026-03-23 16:00:00+00:00,-0.00029150
2026-03-23 17:00:00+00:00,-0.00040335
2026-03-23 18:00:00+00:00,-0.00046992
2026-03-23 19:00:00+00:00,-0.00049944
2026-03-23 20:00:00+00:00,-0.00052368
2026-03-23 21:00:00+00:00,-0.00048473
2026-03-23 22:00:00+00:00,-0.00051188
2026-03-23 23:00:00+00:00,-0.00059105
2026-03-24 00:00:00+00:00,-0.00055155
2026-03-24 01:00:00+00:00,-0.00057719
2026-03-24 02:00:00+00:00,-0.00057891
2026-03-24 03:00:00+00:00,-0.00046273
2026-03-24 04:00:00+00:00,-0.00061198
2026-03-24 05:00:00+00:00,-0.00050944
2026-03-24 06:00:00+00:00,-0.00040657
2026-03-24 07:00:00+00:00,-0.00038466
2026-03-24 08:00:00+00:00,-0.00053936
2026-03-24 09:00:00+00:00,-0.00045550
2026-03-24 10:00:00+00:00,-0.00049229
2026-03-24 11:00:00+00:00,-0.00054084
2026-03-24 12:00:00+00:00,-0.00046030
2026-03-24 13:00:00+00:00,-0.00045296
2026-03-24 14:00:00+00:00,-0.00046958
2026-03-24 15:00:00+00:00,-0.00055048
2026-03-24 16:00:00+00:00,-0.00031782
2026-03-24 17:00:00+00:00,-0.00042151
2026-03-24 18:00:00+00:00,-0.00040071
2026-03-24 19:00:00+00:00,-0.00042291
2026-03-24 20:00:00+00:00,-0.00040683
2026-03-24 21:00:00+00:00,-0.00034107
2026-03-24 22:00:00+00:00,-0.00062693
2026-03-24 23:00:00+00:00,-0.00044234
2026-03-25 00:00:00+00:00,-0.00053730
2026-03-25 01:00:00+00:00,-0.00055719
2026-03-25 02:00:00+00:00,-0.00030938
2026-03-25 03:00:00+00:00,-0.00056003
2026-03-25 04:00:00+00:00,-0.00052100
2026-03-25 05:00:00+00:00,-0.00048032
2026-03-25 06:00:00+00:00,-0.00054813
2026-03-25 07:00:00+00:00,-0.00035028
2026-03-25 08:00:00+00:00,-0.00045973
2026-03-25 09:00:00+00:00,-0.00061503
2026-03-25 10:00:00+00:00,-0.00052626
2026-03-25 11:00:00+00:00,-0.00034510
2026-03-25 12:00:00+00:00,-0.00025776
2026-03-25 13:00:00+00:00,-0.00045223
2026-03-25 14:00:00+00:00,-0.00059689
2026-03-25 15:00:00+00:00,-0.00052117
2026-03-25 16:00:00+00:00,-0.00042124
2026-03-25 17:00:00+00:00,-0.00032365
2026-03-25 18:00:00+00:00,-0.00031661
2026-03-25 19:00:00+00:00,-0.00040251
2026-03-25 20:00:00+00:00,-0.00048839
2026-03-25 21:00:00+00:00,-0.00044159
2026-03-25 22:00:00+00:00,-0.00061502
2026-03-25 23:00:00+00:00,-0.00054162
2026-03-26 00:00:00+00:00,-0.00040787
2026-03-26 01:00:00+00:00,-0.00048428
2026-03-26 02:00:00+00:00,-0.00037078
2026-03-26 03:00:00+00:00,-0.00057980
2026-03-26 04:00:00+00:00,-0.00053331
2026-03-26 05:00:00+00:00,-0.00041778
2026-03-26 06:00:00+00:00,-0.00055928
2026-03-26 07:00:00+00:00,-0.00049451
2026-03-26 08:00:00+00:00,-0.00056775
2026-03-26 09:00:00+00:00,-0.00050143
2026-03-26 10:00:00+00:00,-0.00043193
2026-03-26 11:00:00+00:00,-0.00056821
2026-03-26 12:00:00+00:00,-0.00062691
2026-03-26 13:00:00+00:00,-0.00028847
2026-03-26 14:00:00+00:00,-0.00044801
2026-03-26 15:00:00+00:00,-0.00039707
2026-03-26 16:00:00+00:00,-0.00040392
2026-03-26 17:00:00+00:00,-0.00043137
2026-03-26 18:00:00+00:00,-0.00050123
2026-03-26 19:00:00+00:00,-0.00058736
2026-03-26 20:00:00+00:00,-0.00045926
2026-03-26 21:00:00+00:00,-0.00061175
2026-03-26 22:00:00+00:00,-0.00038371
2026-03-26 23:00:00+00:00,-0.00053747
2026-03-27 00:00:00+00:00,-0.00052135
2026-03-27 01:00:00+00:00,-0.00054178
2026-03-27 02:00:00+00:00,-0.00049472
2026-03-27 03:00:00+00:00,-0.00063934
2026-03-27 04:00:00+00:00,-0.00055023
2026-03-27 05:00:00+00:00,-0.00063512
2026-03-27 06:00:00+00:00,-0.00058844
2026-03-27 07:00:00+00:00,-0.00061678
2026-03-27 08:00:00+00:00,-0.00067109
2026-03-27 09:00:00+00:00,-0.00064802
2026-03-27 10:00:00+00:00,-0.00060488
2026-03-27 11:00:00+00:00,-0.00065707
2026-03-27 12:00:00+00:00,-0.00058729
2026-03-27 13:00:00+00:00,-0.00047881
2026-03-27 14:00:00+00:00,-0.00063760
2026-03-27 15:00:00+00:00,-0.00030391
2026-03-27 16:00:00+00:00,-0.00049233
2026-03-27 17:00:00+00:00,-0.00059184
2026-03-27 18:00:00+00:00,-0.00061369
2026-03-27 19:00:00+00:00,-0.00064928
2026-03-27 20:00:00+00:00,-0.00067797
2026-03-27 21:00:00+00:00,-0.00077610
2026-03-27 22:00:00+00:00,-0.00067911
2026-03-27 23:00:00+00:00,-0.00061030
2026-03-28 00:00:00+00:00,-0.00068558
2026-03-28 01:00:00+00:00,-0.00067121
2026-03-28 02:00:00+00:00,-0.00045816
2026-03-28 03:00:00+00:00,-0.00039645
2026-03-28 04:00:00+00:00,-0.00051144
2026-03-28 05:00:00+00:00,-0.00057361
2026-03-28 06:00:00+00:00,-0.00059237
2026-03-28 07:00:00+00:00,-0.00063937
2026-03-28 08:00:00+00:00,-0.00056135
2026-03-28 09:00:00+00:00,-0.00059278
2026-03-28 10:00:00+00:00,-0.00055809
2026-03-28 11:00:00+00:00,-0.00059172
2026-03-28 12:00:00+00:00,-0.00060958
2026-03-28 13:00:00+00:00,-0.00033572
2026-03-28 14:00:00+00:00,-0.00040602
2026-03-28 15:00:00+00:00,-0.00047366
2026-03-28 16:00:00+00:00,-0.00041773
2026-03-28 17:00:00+00:00,-0.00056837
2026-03-28 18:00:00+00:00,-0.00060834
2026-03-28 19:00:00+00:00,-0.00049780
2026-03-28 20:00:00+00:00,-0.00058267
2026-03-28 21:00:00+00:00,-0.00067871
2026-03-28 22:00:00+00:00,-0.00040909
2026-03-28 23:00:00+00:00,-0.00054624
2026-03-29 00:00:00+00:00,-0.00033712
2026-03-29 01:00:00+00:00,-0.00054524
2026-03-29 02:00:00+00:00,-0.00047725
2026-03-29 03:00:00+00:00,-0.00050813
2026-03-29 04:00:00+00:00,-0.00049568
2026-03-29 05:00:00+00:00,-0.00062931
2026-03-29 06:00:00+00:00,-0.00041332
2026-03-29 07:00:00+00:00,-0.00054632
2026-03-29 08:00:00+00:00,-0.00052631
2026-03-29 09:00:00+00:00,-0.00047648
2026-03-29 10:00:00+00:00,-0.00049450
2026-03-29 11:00:00+00:00,-0.00054172
2026-03-29 12:00:00+00:00,-0.00043019
2026-03-29 13:00:00+00:00,-0.00040496
2026-03-29 14:00:00+00:00,-0.00046162
2026-03-29 15:00:00+00:00,-0.00030682
2026-03-29 16:00:00+00:00,-0.00043658
2026-03-29 17:00:00+00:00,-0.00043758
2026-03-29 18:00:00+00:00,-0.00044160
2026-03-29 19:00:00+00:00,-0.00048783
2026-03-29 20:00:00+00:00,-0.00050092
2026-03-29 21:00:00+00:00,-0.00051856
2026-03-29 22:00:00+00:00,-0.00065277
2026-03-29 23:00:00+00:00,-0.00050485
2026-03-30 00:00:00+00:00,-0.00060875
2026-03-30 01:00:00+00:00,-0.00059482
2026-03-30 02:00:00+00:00,-0.00041514
2026-03-30 03:00:00+00:00,-0.00060105
2026-03-30 04:00:00+00:00,-0.00051674
2026-03-30 05:00:00+00:00,-0.00057568
2026-03-30 06:00:00+00:00,-0.00052965
2026-03-30 07:00:00+00:00,-0.00039606
2026-03-30 08:00:00+00:00,-0.00044075
2026-03-30 09:00:00+00:00,-0.00048073
2026-03-30 10:00:00+00:00,-0.00046924
2026-03-30 11:00:00+00:00,-0.00032271
2026-03-30 12:00:00+00:00,-0.00058895
2026-03-30 13:00:00+00:00,-0.00051756
2026-03-30 14:00:00+00:00,-0.00031689
2026-03-30 15:00:00+00:00,-0.00036443
2026-03-30 16:00:00+00:00,-0.00033263
2026-03-30 17:00:00+00:00,-0.00031500
2026-03-30 18:00:00+00:00,-0.00028292
2026-03-30 19:00:00+00:00,-0.00051810
2026-03-30 20:00:00+00:00,-0.00059138
2026-03-30 21:00:00+00:00,-0.00051086
2026-03-30 22:00:00+00:00,-0.00059465
2026-03-30 23:00:00+00:00,-0.00024007
2026-03-31 00:00:00+00:00,-0.00047960
2026-03-31 01:00:00+00:00,-0.00073952
2026-03-31 02:00:00+00:00,-0.00075638
2026-03-31 03:00:00+00:00,-0.00054449
2026-03-31 04:00:00+00:00,-0.00052280
2026-03-31 05:00:00+00:00,-0.00050782
2026-03-31 06:00:00+00:00,-0.00047176
2026-03-31 07:00:00+00:00,-0.00041374
2026-03-31 08:00:00+00:00,-0.00032364
2026-03-31 09:00:00+00:00,-0.00039732
2026-03-31 10:00:00+00:00,-0.00047889
2026-03-31 11:00:00+00:00,-0.00052906
2026-03-31 12:00:00+00:00,-0.00051821
2026-03-31 13:00:00+00:00,-0.00026052
2026-03-31 14:00:00+00:00,-0.00072861
2026-03-31 15:00:00+00:00,-0.00073895
2026-03-31 16:00:00+00:00,-0.00025844
2026-03-31 17:00:00+00:00,-0.00045168
2026-03-31 18:00:00+00:00,-0.00028566
2026-03-31 19:00:00+00:00,-0.00020516
2026-03-31 20:00:00+00:00,-0.00060833
2026-03-31 21:00:00+00:00,-0.00052863
2026-03-31 22:00:00+00:00,-0.00052549
2026-03-31 23:00:00+00:00,-0.00062557
2026-04-01 00:00:00+00:00,-0.00051404
2026-04-01 01:00:00+00:00,-0.00054688
2026-04-01 02:00:00+00:00,-0.00051512
2026-04-01 03:00:00+00:00,-0.00068783
2026-04-01 04:00:00+00:00,-0.00038475
2026-04-01 05:00:00+00:00,-0.00057345
2026-04-01 06:00:00+00:00,-0.00058802
2026-04-01 07:00:00+00:00,-0.00015290
2026-04-01 08:00:00+00:00,-0.00042406
2026-04-01 09:00:00+00:00,-0.00052195
2026-04-01 10:00:00+00:00,-0.00036957
2026-04-01 11:00:00+00:00,-0.00053814
2026-04-01 12:00:00+00:00,-0.00037961
2026-04-01 13:00:00+00:00,-0.00052033
2026-04-01 14:00:00+00:00,-0.00060732
2026-04-01 15:00:00+00:00,-0.00043834
2026-04-01 16:00:00+00:00,-0.00056031
2026-04-01 17:00:00+00:00,-0.00038347
2026-04-01 18:00:00+00:00,-0.00023167
2026-04-01 19:00:00+00:00,-0.00051945
2026-04-01 20:00:00+00:00,-0.00042911
2026-04-01 21:00:00+00:00,-0.00055739
2026-04-01 22:00:00+00:00,-0.00052228
2026-04-01 23:00:00+00:00,-0.00028757
2026-04-02 00:00:00+00:00,-0.00035904
2026-04-02 01:00:00+00:00,-0.00055699
2026-04-02 02:00:00+00:00,-0.00070043
2026-04-02 03:00:00+00:00,-0.00051619
2026-04-02 04:00:00+00:00,-0.00046146
2026-04-02 05:00:00+00:00,-0.00060122
2026-04-02 06:00:00+00:00,-0.00044857
2026-04-02 07:00:00+00:00,-0.00061069
2026-04-02 08:00:00+00:00,-0.00056452
2026-04-02 09:00:00+00:00,-0.00055140
2026-04-02 10:00:00+00:00,-0.00052178
2026-04-02 11:00:00+00:00,-0.00063432
2026-04-02 12:00:00+00:00,-0.00053678
2026-04-02 13:00:00+00:00,-0.00055603
2026-04-02 14:00:00+00:00,-0.00075544
2026-04-02 15:00:00+00:00,-0.00082689
2026-04-02 16:00:00+00:00,-0.00075287
2026-04-02 17:00:00+00:00,-0.00058950
2026-04-02 18:00:00+00:00,-0.00045694
2026-04-02 19:00:00+00:00,-0.00029230
2026-04-02 20:00:00+00:00,-0.00052003
2026-04-02 21:00:00+00:00,-0.00036248
2026-04-02 22:00:00+00:00,-0.00048998
2026-04-02 23:00:00+00:00,-0.00044796
2026-04-03 00:00:00+00:00,-0.00028662
2026-04-03 01:00:00+00:00,-0.00044629
2026-04-03 02:00:00+00:00,-0.00040843
2026-04-03 03:00:00+00:00,-0.00063826
2026-04-03 04:00:00+00:00,-0.00079406
2026-04-03 05:00:00+00:00,-0.00029706
2026-04-03 06:00:00+00:00,-0.00049424
2026-04-03 07:00:00+00:00,-0.00055123
2026-04-03 08:00:00+00:00,-0.00048702
2026-04-03 09:00:00+00:00,-0.00049967
2026-04-03 10:00:00+00:00,-0.00057095
2026-04-03 11:00:00+00:00,-0.00046119
2026-04-03 12:00:00+00:00,-0.00048620
2026-04-03 13:00:00+00:00,-0.00042704
2026-04-03 14:00:00+00:00,-0.00052696
2026-04-03 15:00:00+00:00,-0.00092879
2026-04-03 16:00:00+00:00,-0.00049937
2026-04-03 17:00:00+00:00,-0.00044218
2026-04-03 18:00:00+00:00,-0.00048627
2026-04-03 19:00:00+00:00,-0.00039484
2026-04-03 20:00:00+00:00,-0.00051185
2026-04-03 21:00:00+00:00,-0.00046722
2026-04-03 22:00:00+00:00,-0.00043291
2026-04-03 23:00:00+00:00,-0.00045304
2026-04-04 00:00:00+00:00,-0.00045577
2026-04-04 01:00:00+00:00,-0.00047268
2026-04-04 02:00:00+00:00,-0.00040542
2026-04-04 03:00:00+00:00,-0.00049088
2026-04-04 04:00:00+00:00,-0.00057342
2026-04-04 05:00:00+00:00,-0.00048652
2026-04-04 06:00:00+00:00,-0.00046354
2026-04-04 07:00:00+00:00,-0.00049665
2026-04-04 08:00:00+00:00,-0.00046486
2026-04-04 09:00:00+00:00,-0.00044683
2026-04-04 10:00:00+00:00,-0.00035720
2026-04-04 11:00:00+00:00,-0.00035082
2026-04-04 12:00:00+00:00,-0.00051702
2026-04-04 13:00:00+00:00,-0.00044106
2026-04-04 14:00:00+00:00,-0.00042584
2026-04-04 15:00:00+00:00,-0.00041817
2026-04-04 16:00:00+00:00,-0.00064872
2026-04-04 17:00:00+00:00,-0.00046273
2026-04-04 18:00:00+00:00,-0.00044706
2026-04-04 19:00:00+00:00,-0.00035774
2026-04-04 20:00:00+00:00,-0.00039794
2026-04-04 21:00:00+00:00,-0.00049125
2026-04-04 22:00:00+00:00,-0.00044507
2026-04-04 23:00:00+00:00,-0.00046435
2026-04-05 00:00:00+00:00,-0.00044816
2026-04-05 01:00:00+00:00,-0.00060717
2026-04-05 02:00:00+00:00,-0.00039252
2026-04-05 03:00:00+00:00,-0.00041428
2026-04-05 04:00:00+00:00,-0.00046836
2026-04-05 05:00:00+00:00,-0.00034285
2026-04-05 06:00:00+00:00,-0.00124944
2026-04-05 07:00:00+00:00,-0.00047039
2026-04-05 08:00:00+00:00,-0.00058142
2026-04-05 09:00:00+00:00,-0.00054195
2026-04-05 10:00:00+00:00,-0.00056619
2026-04-05 11:00:00+00:00,-0.00042245
2026-04-05 12:00:00+00:00,-0.00054317
2026-04-05 13:00:00+00:00,-0.00047642
2026-04-05 14:00:00+00:00,-0.00044496
2026-04-05 15:00:00+00:00,-0.00044583
2026-04-05 16:00:00+00:00,-0.00047393
2026-04-05 17:00:00+00:00,-0.00043482
2026-04-05 18:00:00+00:00,-0.00037544
2026-04-05 19:00:00+00:00,-0.00030129
2026-04-05 20:00:00+00:00,-0.00024776
2026-04-05 21:00:00+00:00,-0.00041897
2026-04-05 22:00:00+00:00,-0.00026387
2026-04-05 23:00:00+00:00,-0.00044577
2026-04-06 00:00:00+00:00,-0.00048734
2026-04-06 01:00:00+00:00,-0.00048897
2026-04-06 02:00:00+00:00,-0.00096652
2026-04-06 03:00:00+00:00,-0.00029645
2026-04-06 04:00:00+00:00,-0.00049689
2026-04-06 05:00:00+00:00,-0.00042091
2026-04-06 06:00:00+00:00,-0.00033828
2026-04-06 07:00:00+00:00,-0.00030835
2026-04-06 08:00:00+00:00,-0.00049615
2026-04-06 09:00:00+00:00,-0.00046086
2026-04-06 10:00:00+00:00,-0.00042125
2026-04-06 11:00:00+00:00,-0.00045282
2026-04-06 12:00:00+00:00,-0.00044967
2026-04-06 13:00:00+00:00,-0.00026232
2026-04-06 14:00:00+00:00,-0.00035764
2026-04-06 15:00:00+00:00,-0.00037731
2026-04-06 16:00:00+00:00,-0.00086553
2026-04-06 17:00:00+00:00,-0.00041073
2026-04-06 18:00:00+00:00,-0.00049931
2026-04-06 19:00:00+00:00,-0.00072652
2026-04-06 20:00:00+00:00,-0.00073235
2026-04-06 21:00:00+00:00,-0.00046705
2026-04-06 22:00:00+00:00,-0.00073911
2026-04-06 23:00:00+00:00,-0.00045952
2026-04-07 00:00:00+00:00,-0.00116766
2026-04-07 01:00:00+00:00,-0.00064174
2026-04-07 02:00:00+00:00,-0.00035739
2026-04-07 03:00:00+00:00,-0.00042853
2026-04-07 04:00:00+00:00,-0.00057190
2026-04-07 05:00:00+00:00,-0.00047353
2026-04-07 06:00:00+00:00,-0.00034852
2026-04-07 07:00:00+00:00,-0.00038626
2026-04-07 08:00:00+00:00,-0.00048642
2026-04-07 09:00:00+00:00,-0.00044133
2026-04-07 10:00:00+00:00,-0.00039752
2026-04-07 11:00:00+00:00,-0.00045508
2026-04-07 12:00:00+00:00,-0.00035977
2026-04-07 13:00:00+00:00,-0.00051117
2026-04-07 14:00:00+00:00,-0.00063490
2026-04-07 15:00:00+00:00,-0.00044407
2026-04-07 16:00:00+00:00,-0.00034932
2026-04-07 17:00:00+00:00,-0.00049168
2026-04-07 18:00:00+00:00,-0.00048701
2026-04-07 19:00:00+00:00,-0.00030521
2026-04-07 20:00:00+00:00,-0.00046514
2026-04-07 21:00:00+00:00,-0.00056490
2026-04-07 22:00:00+00:00,-0.00032025
2026-04-07 23:00:00+00:00,-0.00043372
2026-04-08 00:00:00+00:00,-0.00025336
2026-04-08 01:00:00+00:00,-0.00053865
2026-04-08 02:00:00+00:00,-0.00024935
2026-04-08 03:00:00+00:00,-0.00043998
2026-04-08 04:00:00+00:00,-0.00052273
2026-04-08 05:00:00+00:00,-0.00042297
2026-04-08 06:00:00+00:00,-0.00044265
2026-04-08 07:00:00+00:00,-0.00032407
2026-04-08 08:00:00+00:00,-0.00016797
2026-04-08 09:00:00+00:00,-0.00037105
2026-04-08 10:00:00+00:00,-0.00047325
2026-04-08 11:00:00+00:00,-0.00042606
2026-04-08 12:00:00+00:00,-0.00061110
2026-04-08 13:00:00+00:00,-0.00039681
2026-04-08 14:00:00+00:00,-0.00029419
2026-04-08 15:00:00+00:00,-0.00043137
2026-04-08 16:00:00+00:00,-0.00055762
2026-04-08 17:00:00+00:00,-0.00052872
2026-04-08 18:00:00+00:00,-0.00049445
2026-04-08 19:00:00+00:00,-0.00032601
2026-04-08 20:00:00+00:00,-0.00050562
2026-04-08 21:00:00+00:00,-0.00053069
2026-04-08 22:00:00+00:00,-0.00056261
2026-04-08 23:00:00+00:00,-0.00054851
2026-04-09 00:00:00+00:00,-0.00064970
2026-04-09 01:00:00+00:00,-0.00044394
2026-04-09 02:00:00+00:00,-0.00064695
2026-04-09 03:00:00+00:00,-0.00050479
2026-04-09 04:00:00+00:00,-0.00031874
2026-04-09 05:00:00+00:00,-0.00032986
2026-04-09 06:00:00+00:00,-0.00040813
2026-04-09 07:00:00+00:00,-0.00043032
2026-04-09 08:00:00+00:00,-0.00063793
2026-04-09 09:00:00+00:00,-0.00054449
2026-04-09 10:00:00+00:00,-0.00070801
2026-04-09 11:00:00+00:00,-0.00064074
2026-04-09 12:00:00+00:00,-0.00043188
2026-04-09 13:00:00+00:00,-0.00045641
2026-04-09 14:00:00+00:00,-0.00049514
2026-04-09 15:00:00+00:00,-0.00045596
2026-04-09 16:00:00+00:00,-0.00042799
2026-04-09 17:00:00+00:00,-0.00041517
2026-04-09 18:00:00+00:00,-0.00054653
2026-04-09 19:00:00+00:00,-0.00060209
2026-04-09 20:00:00+00:00,-0.00050004
2026-04-09 21:00:00+00:00,-0.00051619
2026-04-09 22:00:00+00:00,-0.00050541
2026-04-09 23:00:00+00:00,-0.00052233
2026-04-10 00:00:00+00:00,-0.00019136
2026-04-10 01:00:00+00:00,-0.00053847
2026-04-10 02:00:00+00:00,-0.00036678
2026-04-10 03:00:00+00:00,-0.00045646
2026-04-10 04:00:00+00:00,-0.00034834
2026-04-10 05:00:00+00:00,-0.00035096
2026-04-10 06:00:00+00:00,-0.00047351
2026-04-10 07:00:00+00:00,-0.00036348
2026-04-10 08:00:00+00:00,-0.00049921
2026-04-10 09:00:00+00:00,-0.00054969
2026-04-10 10:00:00+00:00,-0.00047743
2026-04-10 11:00:00+00:00,-0.00050191
2026-04-10 12:00:00+00:00,-0.00041157
2026-04-10 13:00:00+00:00,-0.00063837
2026-04-10 14:00:00+00:00,-0.00050493
2026-04-10 15:00:00+00:00,-0.00039429
2026-04-10 16:00:00+00:00,-0.00068112
2026-04-10 17:00:00+00:00,-0.00046554
2026-04-10 18:00:00+00:00,-0.00063870
2026-04-10 19:00:00+00:00,-0.00040464
2026-04-10 20:00:00+00:00,-0.00062568
2026-04-10 21:00:00+00:00,-0.00052501
2026-04-10 22:00:00+00:00,-0.00062500
2026-04-10 23:00:00+00:00,-0.00049871
2026-04-11 00:00:00+00:00,-0.00049943
2026-04-11 01:00:00+00:00,-0.00052095
2026-04-11 02:00:00+00:00,-0.00058906
2026-04-11 03:00:00+00:00,-0.00048186
2026-04-11 04:00:00+00:00,-0.00049921
2026-04-11 05:00:00+00:00,-0.00064730
2026-04-11 06:00:00+00:00,-0.00060551
2026-04-11 07:00:00+00:00,-0.00047214
2026-04-11 08:00:00+00:00,-0.00072328
2026-04-11 09:00:00+00:00,-0.00047778
2026-04-11 10:00:00+00:00,-0.00054313
2026-04-11 11:00:00+00:00,-0.00052788
2026-04-11 12:00:00+00:00,-0.00050278
2026-04-11 13:00:00+00:00,-0.00060120
2026-04-11 14:00:00+00:00,-0.00060392
2026-04-11 15:00:00+00:00,-0.00060303
2026-04-11 16:00:00+00:00,-0.00069016
2026-04-11 17:00:00+00:00,-0.00045981
2026-04-11 18:00:00+00:00,-0.00036637
2026-04-11 19:00:00+00:00,-0.00059219
2026-04-11 20:00:00+00:00,-0.00075735
2026-04-11 21:00:00+00:00,-0.00063071
2026-04-11 22:00:00+00:00,-0.00052875
2026-04-11 23:00:00+00:00,-0.00048590
2026-04-12 00:00:00+00:00,-0.00042969
2026-04-12 01:00:00+00:00,-0.00054314
2026-04-12 02:00:00+00:00,-0.00051730
2026-04-12 03:00:00+00:00,-0.00056837
2026-04-12 04:00:00+00:00,-0.00057740
2026-04-12 05:00:00+00:00,-0.00064953
2026-04-12 06:00:00+00:00,-0.00043686
2026-04-12 07:00:00+00:00,-0.00073445
2026-04-12 08:00:00+00:00,-0.00048073
2026-04-12 09:00:00+00:00,-0.00049249
2026-04-12 10:00:00+00:00,-0.00036648
2026-04-12 11:00:00+00:00,-0.00047563
2026-04-12 12:00:00+00:00,-0.00070715
2026-04-12 13:00:00+00:00,-0.00045711
2026-04-12 14:00:00+00:00,-0.00075411
2026-04-12 15:00:00+00:00,-0.00050855
2026-04-12 16:00:00+00:00,-0.00056642
2026-04-12 17:00:00+00:00,-0.00077846
2026-04-12 18:00:00+00:00,-0.00053694
2026-04-12 19:00:00+00:00,-0.00043011
2026-04-12 20:00:00+00:00,-0.00050218
2026-04-12 21:00:00+00:00,-0.00015635
2026-04-12 22:00:00+00:00,-0.00051434
2026-04-12 23:00:00+00:00,-0.00033390
2026-04-13 00:00:00+00:00,-0.00059282
2026-04-13 01:00:00+00:00,-0.00064714
2026-04-13 02:00:00+00:00,-0.00028001
2026-04-13 03:00:00+00:00,-0.00061354
2026-04-13 04:00:00+00:00,-0.00065085
2026-04-13 05:00:00+00:00,-0.00036570
2026-04-13 06:00:00+00:00,-0.00050390
2026-04-13 07:00:00+00:00,-0.00053946
2026-04-13 08:00:00+00:00,-0.00054347
2026-04-13 09:00:00+00:00,-0.00052588
2026-04-13 10:00:00+00:00,-0.00061146
2026-04-13 11:00:00+00:00,-0.00065818
2026-04-13 12:00:00+00:00,-0.00056755
2026-04-13 13:00:00+00:00,-0.00025149
2026-04-13 14:00:00+00:00,-0.00056334
2026-04-13 15:00:00+00:00,-0.00058969
2026-04-13 16:00:00+00:00,-0.00071588
2026-04-13 17:00:00+00:00,-0.00069963
2026-04-13 18:00:00+00:00,-0.00067508
2026-04-13 19:00:00+00:00,-0.00045330
2026-04-13 20:00:00+00:00,-0.00065928
2026-04-13 21:00:00+00:00,-0.00063172
2026-04-13 22:00:00+00:00,-0.00033085
2026-04-13 23:00:00+00:00,-0.00094829
2026-04-14 00:00:00+00:00,-0.00035273
2026-04-14 01:00:00+00:00,-0.00049498
2026-04-14 02:00:00+00:00,-0.00056353
2026-04-14 03:00:00+00:00,-0.00056317
2026-04-14 04:00:00+00:00,-0.00041263
2026-04-14 05:00:00+00:00,-0.00031807
2026-04-14 06:00:00+00:00,-0.00054963
2026-04-14 07:00:00+00:00,-0.00031287
2026-04-14 08:00:00+00:00,-0.00045991
2026-04-14 09:00:00+00:00,-0.00035067
2026-04-14 10:00:00+00:00,-0.00065703
2026-04-14 11:00:00+00:00,-0.00050476
2026-04-14 12:00:00+00:00,-0.00041163
2026-04-14 13:00:00+00:00,-0.00053060
2026-04-14 14:00:00+00:00,-0.00107250
2026-04-14 15:00:00+00:00,-0.00066056
2026-04-14 16:00:00+00:00,-0.00036084
2026-04-14 17:00:00+00:00,-0.00062540
2026-04-14 18:00:00+00:00,-0.00053858
2026-04-14 19:00:00+00:00,-0.00070873
2026-04-14 20:00:00+00:00,-0.00047179
2026-04-14 21:00:00+00:00,-0.00053228
2026-04-14 22:00:00+00:00,-0.00066845
2026-04-14 23:00:00+00:00,-0.00058209
2026-04-15 00:00:00+00:00,-0.00075413
2026-04-15 01:00:00+00:00,-0.00064147
2026-04-15 02:00:00+00:00,-0.00064477
2026-04-15 03:00:00+00:00,-0.00066580
2026-04-15 04:00:00+00:00,-0.00068787
2026-04-15 05:00:00+00:00,-0.00058483
2026-04-15 06:00:00+00:00,-0.00049041
2026-04-15 07:00:00+00:00,-0.00042371
2026-04-15 08:00:00+00:00,-0.00066660
2026-04-15 09:00:00+00:00,-0.00066418
2026-04-15 10:00:00+00:00,-0.00067876
2026-04-15 11:00:00+00:00,-0.00051301
2026-04-15 12:00:00+00:00,-0.00067169
2026-04-15 13:00:00+00:00,-0.00067303
2026-04-15 14:00:00+00:00,-0.00068311
2026-04-15 15:00:00+00:00,-0.00054153
2026-04-15 16:00:00+00:00,-0.00050827
2026-04-15 17:00:00+00:00,-0.00043628
2026-04-15 18:00:00+00:00,-0.00065295
2026-04-15 19:00:00+00:00,-0.00080148
2026-04-15 20:00:00+00:00,-0.00061261
2026-04-15 21:00:00+00:00,-0.00061685
2026-04-15 22:00:00+00:00,-0.00052428
2026-04-15 23:00:00+00:00,-0.00036136
2026-04-16 00:00:00+00:00,-0.00049273
2026-04-16 01:00:00+00:00,-0.00009402
2026-04-16 02:00:00+00:00,-0.00085685
2026-04-16 03:00:00+00:00,-0.00044989
2026-04-16 04:00:00+00:00,-0.00062120
2026-04-16 05:00:00+00:00,-0.00045721
2026-04-16 06:00:00+00:00,-0.00053725
2026-04-16 07:00:00+00:00,-0.00057140
2026-04-16 08:00:00+00:00,-0.00051259
2026-04-16 09:00:00+00:00,-0.00049536
2026-04-16 10:00:00+00:00,-0.00057603
2026-04-16 11:00:00+00:00,-0.00054386
2026-04-16 12:00:00+00:00,-0.00053541
2026-04-16 13:00:00+00:00,-0.00004445
2026-04-16 14:00:00+00:00,-0.00017593
2026-04-16 15:00:00+00:00,-0.00063629
2026-04-16 16:00:00+00:00,-0.00062859
2026-04-16 17:00:00+00:00,-0.00036131
2026-04-16 18:00:00+00:00,-0.00053528
2026-04-16 19:00:00+00:00,-0.00071291
2026-04-16 20:00:00+00:00,-0.00048137
2026-04-16 21:00:00+00:00,-0.00042783
2026-04-16 22:00:00+00:00,-0.00050086
2026-04-16 23:00:00+00:00,-0.00064300
2026-04-17 00:00:00+00:00,-0.00065353
2026-04-17 01:00:00+00:00,-0.00072891
2026-04-17 02:00:00+00:00,-0.00036559
2026-04-17 03:00:00+00:00,-0.00052266
2026-04-17 04:00:00+00:00,-0.00050899
2026-04-17 05:00:00+00:00,-0.00047687
2026-04-17 06:00:00+00:00,-0.00053686
2026-04-17 07:00:00+00:00,-0.00035641
2026-04-17 08:00:00+00:00,-0.00038438
2026-04-17 09:00:00+00:00,-0.00038972
2026-04-17 10:00:00+00:00,-0.00071594
2026-04-17 11:00:00+00:00,-0.00059939
2026-04-17 12:00:00+00:00,-0.00031241
2026-04-17 13:00:00+00:00,-0.00054036
2026-04-17 14:00:00+00:00,-0.00094087
2026-04-17 15:00:00+00:00,-0.00058876
2026-04-17 16:00:00+00:00,-0.00058593
2026-04-17 17:00:00+00:00,-0.00055164
2026-04-17 18:00:00+00:00,-0.00053501
2026-04-17 19:00:00+00:00,-0.00058529
2026-04-17 20:00:00+00:00,-0.00064747
2026-04-17 21:00:00+00:00,-0.00060236
2026-04-17 22:00:00+00:00,-0.00049119
2026-04-17 23:00:00+00:00,-0.00118799
2026-04-18 00:00:00+00:00,-0.00058222
2026-04-18 01:00:00+00:00,-0.00038213
2026-04-18 02:00:00+00:00,-0.00052575
2026-04-18 03:00:00+00:00,-0.00051132
2026-04-18 04:00:00+00:00,-0.00064896
2026-04-18 05:00:00+00:00,-0.00063328
2026-04-18 06:00:00+00:00,-0.00045558
2026-04-18 07:00:00+00:00,-0.00055838
2026-04-18 08:00:00+00:00,-0.00058111
2026-04-18 09:00:00+00:00,-0.00057876
2026-04-18 10:00:00+00:00,-0.00038562
2026-04-18 11:00:00+00:00,-0.00056991
2026-04-18 12:00:00+00:00,-0.00049362
2026-04-18 13:00:00+00:00,-0.00052664
2026-04-18 14:00:00+00:00,-0.00051609
2026-04-18 15:00:00+00:00,-0.00054847
2026-04-18 16:00:00+00:00,-0.00055923
2026-04-18 17:00:00+00:00,-0.00069087
2026-04-18 18:00:00+00:00,-0.00050995
2026-04-18 19:00:00+00:00,-0.00055627
2026-04-18 20:00:00+00:00,-0.00061804
2026-04-18 21:00:00+00:00,-0.00065535
2026-04-18 22:00:00+00:00,-0.00061891
2026-04-18 23:00:00+00:00,-0.00062603
2026-04-19 00:00:00+00:00,-0.00070519
2026-04-19 01:00:00+00:00,-0.00058521
2026-04-19 02:00:00+00:00,-0.00074306
2026-04-19 03:00:00+00:00,-0.00051074
2026-04-19 04:00:00+00:00,-0.00055886
2026-04-19 05:00:00+00:00,-0.00060017
2026-04-19 06:00:00+00:00,-0.00039277
2026-04-19 07:00:00+00:00,-0.00073954
2026-04-19 08:00:00+00:00,-0.00010817
2026-04-19 09:00:00+00:00,-0.00055443
2026-04-19 10:00:00+00:00,-0.00061722
2026-04-19 11:00:00+00:00,-0.00066585
2026-04-19 12:00:00+00:00,-0.00057106
2026-04-19 13:00:00+00:00,-0.00036655
2026-04-19 14:00:00+00:00,-0.00071921
2026-04-19 15:00:00+00:00,-0.00046889
2026-04-19 16:00:00+00:00,-0.00051792
2026-04-19 17:00:00+00:00,-0.00073874
2026-04-19 18:00:00+00:00,-0.00048115
2026-04-19 19:00:00+00:00,-0.00068460
2026-04-19 20:00:00+00:00,-0.00060816
2026-04-19 21:00:00+00:00,-0.00074005
2026-04-19 22:00:00+00:00,-0.00082455
2026-04-19 23:00:00+00:00,-0.00072642
2026-04-20 00:00:00+00:00,-0.00076751
2026-04-20 01:00:00+00:00,-0.00065131
2026-04-20 02:00:00+00:00,-0.00064834
2026-04-20 03:00:00+00:00,-0.00061714
2026-04-20 04:00:00+00:00,-0.00062856
2026-04-20 05:00:00+00:00,-0.00061589
2026-04-20 06:00:00+00:00,-0.00053510
2026-04-20 07:00:00+00:00,-0.00042702
2026-04-20 08:00:00+00:00,-0.00055658
2026-04-20 09:00:00+00:00,-0.00040730
2026-04-20 10:00:00+00:00,-0.00041257
2026-04-20 11:00:00+00:00,-0.00045887
2026-04-20 12:00:00+00:00,-0.00051300
2026-04-20 13:00:00+00:00,-0.00044252
2026-04-20 14:00:00+00:00,-0.00041094
2026-04-20 15:00:00+00:00,-0.00065575
2026-04-20 16:00:00+00:00,-0.00039534
2026-04-20 17:00:00+00:00,-0.00057856
2026-04-20 18:00:00+00:00,-0.00051456
2026-04-20 19:00:00+00:00,-0.00049917
2026-04-20 20:00:00+00:00,-0.00057575
2026-04-20 21:00:00+00:00,-0.00062941
2026-04-20 22:00:00+00:00,-0.00062190
2026-04-20 23:00:00+00:00,-0.00071383
2026-04-21 00:00:00+00:00,-0.00054898
2026-04-21 01:00:00+00:00,-0.00049980
2026-04-21 02:00:00+00:00,-0.00064546
2026-04-21 03:00:00+00:00,-0.00054989
2026-04-21 04:00:00+00:00,-0.00058911
2026-04-21 05:00:00+00:00,-0.00062802
2026-04-21 06:00:00+00:00,-0.00062558
2026-04-21 07:00:00+00:00,-0.00055908
2026-04-21 08:00:00+00:00,-0.00066432
2026-04-21 09:00:00+00:00,-0.00062513
2026-04-21 10:00:00+00:00,-0.00066908
2026-04-21 11:00:00+00:00,-0.00064627
2026-04-21 12:00:00+00:00,-0.00046658
2026-04-21 13:00:00+00:00,-0.00054762
2026-04-21 14:00:00+00:00,-0.00064880
2026-04-21 15:00:00+00:00,-0.00032221
2026-04-21 16:00:00+00:00,-0.00070654
2026-04-21 17:00:00+00:00,-0.00051524
2026-04-21 18:00:00+00:00,-0.00033864
2026-04-21 19:00:00+00:00,-0.00048843
2026-04-21 20:00:00+00:00,-0.00052509
2026-04-21 21:00:00+00:00,-0.00054079
2026-04-21 22:00:00+00:00,-0.00052797
2026-04-21 23:00:00+00:00,-0.00051597
2026-04-22 00:00:00+00:00,-0.00049362
2026-04-22 01:00:00+00:00,-0.00053186
2026-04-22 02:00:00+00:00,-0.00020646
2026-04-22 03:00:00+00:00,-0.00058468
2026-04-22 04:00:00+00:00,-0.00050601
2026-04-22 05:00:00+00:00,-0.00052338
2026-04-22 06:00:00+00:00,-0.00036211
2026-04-22 07:00:00+00:00,-0.00052539
2026-04-22 08:00:00+00:00,-0.00082539
2026-04-22 09:00:00+00:00,-0.00053992
2026-04-22 10:00:00+00:00,-0.00039489
2026-04-22 11:00:00+00:00,-0.00042822
2026-04-22 12:00:00+00:00,-0.00052992
2026-04-22 13:00:00+00:00,-0.00052540
2026-04-22 14:00:00+00:00,-0.00072588
2026-04-22 15:00:00+00:00,-0.00063605
2026-04-22 16:00:00+00:00,-0.00053189
2026-04-22 17:00:00+00:00,-0.00057364
2026-04-22 18:00:00+00:00,-0.00048382
2026-04-22 19:00:00+00:00,-0.00096165
2026-04-22 20:00:00+00:00,-0.00053179
2026-04-22 21:00:00+00:00,-0.00069936
2026-04-22 22:00:00+00:00,-0.00071312
2026-04-22 23:00:00+00:00,-0.00051267
2026-04-23 00:00:00+00:00,-0.00036108
2026-04-23 01:00:00+00:00,-0.00058272
2026-04-23 02:00:00+00:00,-0.00066589
2026-04-23 03:00:00+00:00,-0.00061356
2026-04-23 04:00:00+00:00,-0.00058268
2026-04-23 05:00:00+00:00,-0.00057915
2026-04-23 06:00:00+00:00,-0.00061986
2026-04-23 07:00:00+00:00,-0.00034615
2026-04-23 08:00:00+00:00,-0.00048912
2026-04-23 09:00:00+00:00,-0.00054235
2026-04-23 10:00:00+00:00,-0.00054731
2026-04-23 11:00:00+00:00,-0.00098723
2026-04-23 12:00:00+00:00,-0.00041667
2026-04-23 13:00:00+00:00,-0.00059972
2026-04-23 14:00:00+00:00,-0.00053079
2026-04-23 15:00:00+00:00,-0.00063561
2026-04-23 16:00:00+00:00,-0.00053982
2026-04-23 17:00:00+00:00,-0.00062200
2026-04-23 18:00:00+00:00,-0.00054470
2026-04-23 19:00:00+00:00,-0.00068602
2026-04-23 20:00:00+00:00,-0.00069885
2026-04-23 21:00:00+00:00,-0.00087708
2026-04-23 22:00:00+00:00,-0.00039090
2026-04-23 23:00:00+00:00,-0.00042744
2026-04-24 00:00:00+00:00,-0.00034893
2026-04-24 01:00:00+00:00,-0.00065265
2026-04-24 02:00:00+00:00,-0.00060778
2026-04-24 03:00:00+00:00,-0.00061970
2026-04-24 04:00:00+00:00,-0.00057753
2026-04-24 05:00:00+00:00,-0.00067817
2026-04-24 06:00:00+00:00,-0.00065433
2026-04-24 07:00:00+00:00,-0.00035755
2026-04-24 08:00:00+00:00,-0.00050523
2026-04-24 09:00:00+00:00,-0.00045889
2026-04-24 10:00:00+00:00,-0.00055326
2026-04-24 11:00:00+00:00,-0.00052586
2026-04-24 12:00:00+00:00,-0.00033377
2026-04-24 13:00:00+00:00,-0.00050353
2026-04-24 14:00:00+00:00,-0.00054169
2026-04-24 15:00:00+00:00,-0.00060857
2026-04-24 16:00:00+00:00,-0.00052286
2026-04-24 17:00:00+00:00,-0.00059226
2026-04-24 18:00:00+00:00,-0.00055321
2026-04-24 19:00:00+00:00,-0.00033729
2026-04-24 20:00:00+00:00,-0.00040721
2026-04-24 21:00:00+00:00,-0.00064820
2026-04-24 22:00:00+00:00,-0.00050332
2026-04-24 23:00:00+00:00,-0.00048844
2026-04-25 00:00:00+00:00,-0.00050229
2026-04-25 01:00:00+00:00,-0.00066816
2026-04-25 02:00:00+00:00,-0.00052625
2026-04-25 03:00:00+00:00,-0.00055089
2026-04-25 04:00:00+00:00,-0.00056283
2026-04-25 05:00:00+00:00,-0.00051488
2026-04-25 06:00:00+00:00,-0.00065960
2026-04-25 07:00:00+00:00,-0.00061213
2026-04-25 08:00:00+00:00,-0.00049980
2026-04-25 09:00:00+00:00,-0.00055653
2026-04-25 10:00:00+00:00,-0.00054093
2026-04-25 11:00:00+00:00,-0.00051128
2026-04-25 12:00:00+00:00,-0.00051785
2026-04-25 13:00:00+00:00,-0.00052288
2026-04-25 14:00:00+00:00,-0.00052152
2026-04-25 15:00:00+00:00,-0.00057206
2026-04-25 16:00:00+00:00,-0.00048152
2026-04-25 17:00:00+00:00,-0.00046633
2026-04-25 18:00:00+00:00,-0.00097926
2026-04-25 19:00:00+00:00,-0.00055165
2026-04-25 20:00:00+00:00,-0.00048679
2026-04-25 21:00:00+00:00,-0.00024978
2026-04-25 22:00:00+00:00,-0.00047099
2026-04-25 23:00:00+00:00,-0.00043148
2026-04-26 00:00:00+00:00,-0.00065606
2026-04-26 01:00:00+00:00,-0.00054780
2026-04-26 02:00:00+00:00,-0.00018561
2026-04-26 03:00:00+00:00,-0.00059931
2026-04-26 04:00:00+00:00,-0.00060626
2026-04-26 05:00:00+00:00,-0.00046364
2026-04-26 06:00:00+00:00,-0.00042156
2026-04-26 07:00:00+00:00,-0.00046681
2026-04-26 08:00:00+00:00,-0.00053051
2026-04-26 09:00:00+00:00,-0.00036505
2026-04-26 10:00:00+00:00,-0.00049231
2026-04-26 11:00:00+00:00,-0.00059300
2026-04-26 12:00:00+00:00,-0.00048150
2026-04-26 13:00:00+00:00,-0.00031244
2026-04-26 14:00:00+00:00,-0.00050558
2026-04-26 15:00:00+00:00,-0.00046273
2026-04-26 16:00:00+00:00,-0.00044699
2026-04-26 17:00:00+00:00,-0.00050445
2026-04-26 18:00:00+00:00,-0.00047865
2026-04-26 19:00:00+00:00,-0.00048846
2026-04-26 20:00:00+00:00,-0.00048998
2026-04-26 21:00:00+00:00,-0.00059609
2026-04-26 22:00:00+00:00,-0.00059708
2026-04-26 23:00:00+00:00,-0.00045324
2026-04-27 00:00:00+00:00,-0.00052379
2026-04-27 01:00:00+00:00,0.00044393
2026-04-27 02:00:00+00:00,-0.00045337
2026-04-27 03:00:00+00:00,-0.00047595
2026-04-27 04:00:00+00:00,-0.00049488
2026-04-27 05:00:00+00:00,-0.00067385
2026-04-27 06:00:00+00:00,-0.00094358
2026-04-27 07:00:00+00:00,-0.00075801
2026-04-27 08:00:00+00:00,-0.00066217
2026-04-27 09:00:00+00:00,-0.00065595
2026-04-27 10:00:00+00:00,-0.00066085
2026-04-27 11:00:00+00:00,-0.00052569
2026-04-27 12:00:00+00:00,-0.00055024
2026-04-27 13:00:00+00:00,-0.00064926
2026-04-27 14:00:00+00:00,-0.00058806
2026-04-27 15:00:00+00:00,-0.00038083
2026-04-27 16:00:00+00:00,-0.00036254
2026-04-27 17:00:00+00:00,-0.00053745
2026-04-27 18:00:00+00:00,-0.00051094
2026-04-27 19:00:00+00:00,-0.00049285
2026-04-27 20:00:00+00:00,-0.00080643
2026-04-27 21:00:00+00:00,-0.00066081
2026-04-27 22:00:00+00:00,-0.00052890
2026-04-27 23:00:00+00:00,-0.00048838
2026-04-28 00:00:00+00:00,-0.00055584
2026-04-28 01:00:00+00:00,-0.00057463
2026-04-28 02:00:00+00:00,-0.00057085
2026-04-28 03:00:00+00:00,-0.00058786
2026-04-28 04:00:00+00:00,-0.00052679
2026-04-28 05:00:00+00:00,-0.00051772
2026-04-28 06:00:00+00:00,-0.00059749
2026-04-28 07:00:00+00:00,-0.00074968
2026-04-28 08:00:00+00:00,-0.00049090
2026-04-28 09:00:00+00:00,-0.00055715
2026-04-28 10:00:00+00:00,-0.00044800
2026-04-28 11:00:00+00:00,-0.00029350
2026-04-28 12:00:00+00:00,-0.00017927
2026-04-28 13:00:00+00:00,-0.00035353
2026-04-28 14:00:00+00:00,-0.00012514
2026-04-28 15:00:00+00:00,-0.00054751
2026-04-28 16:00:00+00:00,-0.00042299
2026-04-28 17:00:00+00:00,-0.00043719
2026-04-28 18:00:00+00:00,-0.00042867
2026-04-28 19:00:00+00:00,-0.00033339
2026-04-28 20:00:00+00:00,-0.00064351
2026-04-28 21:00:00+00:00,-0.00052646
2026-04-28 22:00:00+00:00,-0.00044343
2026-04-28 23:00:00+00:00,-0.00059280
2026-04-29 00:00:00+00:00,-0.00055985
2026-04-29 01:00:00+00:00,-0.00046662
2026-04-29 02:00:00+00:00,-0.00063584
2026-04-29 03:00:00+00:00,-0.00038772
2026-04-29 04:00:00+00:00,-0.00054895
2026-04-29 05:00:00+00:00,-0.00030394
2026-04-29 06:00:00+00:00,-0.00071322
2026-04-29 07:00:00+00:00,-0.00059611
2026-04-29 08:00:00+00:00,-0.00060604
2026-04-29 09:00:00+00:00,-0.00044219
2026-04-29 10:00:00+00:00,-0.00055899
2026-04-29 11:00:00+00:00,-0.00050451
2026-04-29 12:00:00+00:00,-0.00047222
2026-04-29 13:00:00+00:00,-0.00055668
2026-04-29 14:00:00+00:00,-0.00057274
2026-04-29 15:00:00+00:00,-0.00035572
2026-04-29 16:00:00+00:00,-0.00025943
2026-04-29 17:00:00+00:00,-0.00042265
2026-04-29 18:00:00+00:00,-0.00037225
2026-04-29 19:00:00+00:00,-0.00053947
2026-04-29 20:00:00+00:00,-0.00062302
2026-04-29 21:00:00+00:00,-0.00070269
2026-04-29 22:00:00+00:00,-0.00058169
2026-04-29 23:00:00+00:00,-0.00048788
2026-04-30 00:00:00+00:00,-0.00074673
2026-04-30 01:00:00+00:00,-0.00053873
2026-04-30 02:00:00+00:00,-0.00058942
2026-04-30 03:00:00+00:00,-0.00070232
2026-04-30 04:00:00+00:00,-0.00053123
2026-04-30 05:00:00+00:00,-0.00057632
2026-04-30 06:00:00+00:00,-0.00048956
2026-04-30 07:00:00+00:00,-0.00029205
2026-04-30 08:00:00+00:00,-0.00048561
2026-04-30 09:00:00+00:00,-0.00055809
2026-04-30 10:00:00+00:00,-0.00042419
2026-04-30 11:00:00+00:00,-0.00032982
2026-04-30 12:00:00+00:00,-0.00064911
2026-04-30 13:00:00+00:00,-0.00062369
2026-04-30 14:00:00+00:00,-0.00071162
2026-04-30 15:00:00+00:00,-0.00059256
2026-04-30 16:00:00+00:00,-0.00058075
2026-04-30 17:00:00+00:00,-0.00059337
2026-04-30 18:00:00+00:00,-0.00056504
2026-04-30 19:00:00+00:00,-0.00057119
2026-04-30 20:00:00+00:00,-0.00059506
2026-04-30 21:00:00+00:00,-0.00096058
2026-04-30 22:00:00+00:00,-0.00049017
2026-04-30 23:00:00+00:00,-0.00038648
2026-05-01 00:00:00+00:00,-0.00054762
2026-05-01 01:00:00+00:00,-0.00067418
2026-05-01 02:00:00+00:00,-0.00050099
2026-05-01 03:00:00+00:00,-0.00061238
2026-05-01 04:00:00+00:00,-0.00061815
2026-05-01 05:00:00+00:00,-0.00038379
2026-05-01 06:00:00+00:00,-0.00060220
2026-05-01 07:00:00+00:00,-0.00037811
2026-05-01 08:00:00+00:00,-0.00046395
2026-05-01 09:00:00+00:00,-0.00037315
2026-05-01 10:00:00+00:00,-0.00032763
2026-05-01 11:00:00+00:00,-0.00043443
2026-05-01 12:00:00+00:00,-0.00075773
2026-05-01 13:00:00+00:00,-0.00049563
2026-05-01 14:00:00+00:00,-0.00049218
2026-05-01 15:00:00+00:00,-0.00063469
2026-05-01 16:00:00+00:00,-0.00065678
2026-05-01 17:00:00+00:00,-0.00056125
2026-05-01 18:00:00+00:00,-0.00032614
2026-05-01 19:00:00+00:00,-0.00078308
2026-05-01 20:00:00+00:00,-0.00051293
2026-05-01 21:00:00+00:00,-0.00045406
2026-05-01 22:00:00+00:00,-0.00053631
2026-05-01 23:00:00+00:00,-0.00055478
2026-05-02 00:00:00+00:00,-0.00047456
2026-05-02 01:00:00+00:00,-0.00050980
2026-05-02 02:00:00+00:00,-0.00050068
2026-05-02 03:00:00+00:00,-0.00052046
2026-05-02 04:00:00+00:00,-0.00054817
2026-05-02 05:00:00+00:00,-0.00059472
2026-05-02 06:00:00+00:00,-0.00064709
2026-05-02 07:00:00+00:00,-0.00053620
2026-05-02 08:00:00+00:00,-0.00049156
2026-05-02 09:00:00+00:00,-0.00053049
2026-05-02 10:00:00+00:00,-0.00058047
2026-05-02 11:00:00+00:00,-0.00050037
2026-05-02 12:00:00+00:00,-0.00053839
2026-05-02 13:00:00+00:00,-0.00046534
2026-05-02 14:00:00+00:00,-0.00055180
2026-05-02 15:00:00+00:00,-0.00046035
2026-05-02 16:00:00+00:00,-0.00048223
2026-05-02 17:00:00+00:00,-0.00044510
2026-05-02 18:00:00+00:00,-0.00047806
2026-05-02 19:00:00+00:00,-0.00044849
2026-05-02 20:00:00+00:00,-0.00047035
2026-05-02 21:00:00+00:00,-0.00044646
2026-05-02 22:00:00+00:00,-0.00044328
2026-05-02 23:00:00+00:00,-0.00042500
2026-05-03 00:00:00+00:00,-0.00054085
2026-05-03 01:00:00+00:00,-0.00069763
2026-05-03 02:00:00+00:00,-0.00055829
2026-05-03 03:00:00+00:00,-0.00050567
2026-05-03 04:00:00+00:00,-0.00039243
2026-05-03 05:00:00+00:00,-0.00050227
2026-05-03 06:00:00+00:00,-0.00051296
2026-05-03 07:00:00+00:00,-0.00056610
2026-05-03 08:00:00+00:00,-0.00062600
2026-05-03 09:00:00+00:00,-0.00046359
2026-05-03 10:00:00+00:00,-0.00049353
2026-05-03 11:00:00+00:00,-0.00052906
2026-05-03 12:00:00+00:00,-0.00045292
2026-05-03 13:00:00+00:00,-0.00065171
2026-05-03 14:00:00+00:00,-0.00054556
2026-05-03 15:00:00+00:00,-0.00056239
2026-05-03 16:00:00+00:00,-0.00054252
2026-05-03 17:00:00+00:00,-0.00044769
2026-05-03 18:00:00+00:00,-0.00043150
2026-05-03 19:00:00+00:00,-0.00053710
2026-05-03 20:00:00+00:00,-0.00030340
2026-05-03 21:00:00+00:00,-0.00051998
2026-05-03 22:00:00+00:00,-0.00038682
2026-05-03 23:00:00+00:00,-0.00055230
2026-05-04 00:00:00+00:00,-0.00054680
2026-05-04 01:00:00+00:00,0.00022723
2026-05-04 02:00:00+00:00,-0.00066286
2026-05-04 03:00:00+00:00,-0.00028528
2026-05-04 04:00:00+00:00,-0.00039613
2026-05-04 05:00:00+00:00,-0.00053642
2026-05-04 06:00:00+00:00,-0.00075652
2026-05-04 07:00:00+00:00,-0.00041840
2026-05-04 08:00:00+00:00,-0.00052831
2026-05-04 09:00:00+00:00,-0.00053878
2026-05-04 10:00:00+00:00,-0.00063454
2026-05-04 11:00:00+00:00,-0.00053123
2026-05-04 12:00:00+00:00,-0.00059625
2026-05-04 13:00:00+00:00,-0.00062869
2026-05-04 14:00:00+00:00,-0.00071203
2026-05-04 15:00:00+00:00,-0.00063452
2026-05-04 16:00:00+00:00,-0.00067938
2026-05-04 17:00:00+00:00,-0.00074872
2026-05-04 18:00:00+00:00,-0.00049910
2026-05-04 19:00:00+00:00,-0.00050063
2026-05-04 20:00:00+00:00,-0.00054259
2026-05-04 21:00:00+00:00,-0.00052078
2026-05-04 22:00:00+00:00,-0.00049575
2026-05-04 23:00:00+00:00,-0.00033015
2026-05-05 00:00:00+00:00,-0.00044867
2026-05-05 01:00:00+00:00,-0.00048616
2026-05-05 02:00:00+00:00,-0.00039326
2026-05-05 03:00:00+00:00,-0.00057649
2026-05-05 04:00:00+00:00,-0.00064235
2026-05-05 05:00:00+00:00,-0.00058661
2026-05-05 06:00:00+00:00,-0.00035131
2026-05-05 07:00:00+00:00,-0.00061896
2026-05-05 08:00:00+00:00,-0.00047885
2026-05-05 09:00:00+00:00,-0.00042593
2026-05-05 10:00:00+00:00,-0.00048210
2026-05-05 11:00:00+00:00,-0.00057455
2026-05-05 12:00:00+00:00,-0.00066247
2026-05-05 13:00:00+00:00,-0.00066929
2026-05-05 14:00:00+00:00,-0.00068899
2026-05-05 15:00:00+00:00,-0.00066038
2026-05-05 16:00:00+00:00,-0.00051520
2026-05-05 17:00:00+00:00,-0.00058596
2026-05-05 18:00:00+00:00,-0.00062560
2026-05-05 19:00:00+00:00,-0.00048452
2026-05-05 20:00:00+00:00,-0.00053530
2026-05-05 21:00:00+00:00,-0.00077383
2026-05-05 22:00:00+00:00,-0.00053965
2026-05-05 23:00:00+00:00,-0.00065178
2026-05-06 00:00:00+00:00,-0.00068098
2026-05-06 01:00:00+00:00,-0.00050093
2026-05-06 02:00:00+00:00,-0.00050458
2026-05-06 03:00:00+00:00,-0.00059832
2026-05-06 04:00:00+00:00,-0.00049455
2026-05-06 05:00:00+00:00,-0.00057411
2026-05-06 06:00:00+00:00,-0.00068059
2026-05-06 07:00:00+00:00,-0.00037268
2026-05-06 08:00:00+00:00,-0.00051847
2026-05-06 09:00:00+00:00,-0.00044642
2026-05-06 10:00:00+00:00,-0.00058441
2026-05-06 11:00:00+00:00,-0.00042914
2026-05-06 12:00:00+00:00,-0.00040165
2026-05-06 13:00:00+00:00,-0.00039770
2026-05-06 14:00:00+00:00,-0.00032024
2026-05-06 15:00:00+00:00,-0.00052944
2026-05-06 16:00:00+00:00,-0.00062349
2026-05-06 17:00:00+00:00,-0.00066743
2026-05-06 18:00:00+00:00,-0.00063146
2026-05-06 19:00:00+00:00,-0.00054163
2026-05-06 20:00:00+00:00,-0.00044620
2026-05-06 21:00:00+00:00,-0.00059776
2026-05-06 22:00:00+00:00,-0.00059098
2026-05-06 23:00:00+00:00,-0.00067697
2026-05-07 00:00:00+00:00,-0.00068342
2026-05-07 01:00:00+00:00,-0.00063858
2026-05-07 02:00:00+00:00,-0.00053486
2026-05-07 03:00:00+00:00,-0.00051657
2026-05-07 04:00:00+00:00,-0.00049729
2026-05-07 05:00:00+00:00,-0.00041025
2026-05-07 06:00:00+00:00,-0.00045377
2026-05-07 07:00:00+00:00,-0.00052328
2026-05-07 08:00:00+00:00,-0.00046735
2026-05-07 09:00:00+00:00,-0.00056323
2026-05-07 10:00:00+00:00,-0.00055153
2026-05-07 11:00:00+00:00,-0.00049645
2026-05-07 12:00:00+00:00,-0.00056344
2026-05-07 13:00:00+00:00,-0.00053340
2026-05-07 14:00:00+00:00,-0.00065171
2026-05-07 15:00:00+00:00,-0.00035254
2026-05-07 16:00:00+00:00,-0.00055490
2026-05-07 17:00:00+00:00,-0.00054038
2026-05-07 18:00:00+00:00,-0.00068763
2026-05-07 19:00:00+00:00,-0.00063241
2026-05-07 20:00:00+00:00,-0.00054288
2026-05-07 21:00:00+00:00,-0.00071533
2026-05-07 22:00:00+00:00,-0.00062100
2026-05-07 23:00:00+00:00,-0.00076661
2026-05-08 00:00:00+00:00,-0.00038897
2026-05-08 01:00:00+00:00,-0.00048156
2026-05-08 02:00:00+00:00,-0.00041421
2026-05-08 03:00:00+00:00,-0.00045347
2026-05-08 04:00:00+00:00,-0.00047698
2026-05-08 05:00:00+00:00,-0.00049929
2026-05-08 06:00:00+00:00,-0.00040946
2026-05-08 07:00:00+00:00,-0.00048574
2026-05-08 08:00:00+00:00,-0.00049816
2026-05-08 09:00:00+00:00,-0.00064913
2026-05-08 10:00:00+00:00,-0.00059769
2026-05-08 11:00:00+00:00,-0.00061491
2026-05-08 12:00:00+00:00,-0.00059222
2026-05-08 13:00:00+00:00,-0.00030508
2026-05-08 14:00:00+00:00,-0.00042559
2026-05-08 15:00:00+00:00,-0.00034506
2026-05-08 16:00:00+00:00,-0.00049818
2026-05-08 17:00:00+00:00,-0.00022620
2026-05-08 18:00:00+00:00,-0.00055574
2026-05-08 19:00:00+00:00,-0.00023788
2026-05-08 20:00:00+00:00,-0.00036210
2026-05-08 21:00:00+00:00,-0.00033730
2026-05-08 22:00:00+00:00,-0.00052401
2026-05-08 23:00:00+00:00,-0.00046566
2026-05-09 00:00:00+00:00,-0.00053376
2026-05-09 01:00:00+00:00,-0.00060514
2026-05-09 02:00:00+00:00,-0.00056497
2026-05-09 03:00:00+00:00,-0.00062075
2026-05-09 04:00:00+00:00,-0.00044008
2026-05-09 05:00:00+00:00,-0.00068506
2026-05-09 06:00:00+00:00,-0.00063690
2026-05-09 07:00:00+00:00,-0.00056572
2026-05-09 08:00:00+00:00,-0.00041055
2026-05-09 09:00:00+00:00,-0.00046834
2026-05-09 10:00:00+00:00,-0.00042367
2026-05-09 11:00:00+00:00,-0.00050336
2026-05-09 12:00:00+00:00,-0.00040814
2026-05-09 13:00:00+00:00,-0.00039690
2026-05-09 14:00:00+00:00,-0.00048866
2026-05-09 15:00:00+00:00,-0.00044694
2026-05-09 16:00:00+00:00,-0.00066254
2026-05-09 17:00:00+00:00,-0.00057259
2026-05-09 18:00:00+00:00,-0.00053747
2026-05-09 19:00:00+00:00,-0.00038079
2026-05-09 20:00:00+00:00,-0.00057170
2026-05-09 21:00:00+00:00,-0.00059869
2026-05-09 22:00:00+00:00,-0.00051142
2026-05-09 23:00:00+00:00,-0.00056586
2026-05-10 00:00:00+00:00,-0.00035449
2026-05-10 01:00:00+00:00,-0.00042303
2026-05-10 02:00:00+00:00,-0.00023733
2026-05-10 03:00:00+00:00,-0.00038448
2026-05-10 04:00:00+00:00,-0.00062361
2026-05-10 05:00:00+00:00,-0.00046696
2026-05-10 06:00:00+00:00,-0.00039107
2026-05-10 07:00:00+00:00,-0.00046798
2026-05-10 08:00:00+00:00,-0.00034088
2026-05-10 09:00:00+00:00,-0.00045479
2026-05-10 10:00:00+00:00,-0.00044935
2026-05-10 11:00:00+00:00,-0.00049065
2026-05-10 12:00:00+00:00,-0.00035753
2026-05-10 13:00:00+00:00,-0.00039364
2026-05-10 14:00:00+00:00,-0.00046086
2026-05-10 15:00:00+00:00,-0.00037779
2026-05-10 16:00:00+00:00,-0.00036779
2026-05-10 17:00:00+00:00,-0.00029715
2026-05-10 18:00:00+00:00,-0.00044407
2026-05-10 19:00:00+00:00,-0.00044222
2026-05-10 20:00:00+00:00,-0.00029760
2026-05-10 21:00:00+00:00,-0.00057960
2026-05-10 22:00:00+00:00,-0.00034926
2026-05-10 23:00:00+00:00,-0.00033590
2026-05-11 00:00:00+00:00,-0.00033167
2026-05-11 01:00:00+00:00,-0.00047358
2026-05-11 02:00:00+00:00,-0.00045847
2026-05-11 03:00:00+00:00,-0.00046897
2026-05-11 04:00:00+00:00,-0.00055121
2026-05-11 05:00:00+00:00,-0.00049048
2026-05-11 06:00:00+00:00,-0.00049921
2026-05-11 07:00:00+00:00,-0.00037482
2026-05-11 08:00:00+00:00,-0.00040002
2026-05-11 09:00:00+00:00,-0.00051696
2026-05-11 10:00:00+00:00,-0.00048576
2026-05-11 11:00:00+00:00,-0.00031878
2026-05-11 12:00:00+00:00,-0.00061330
2026-05-11 13:00:00+00:00,-0.00043748
2026-05-11 14:00:00+00:00,-0.00044951
2026-05-11 15:00:00+00:00,-0.00052060
2026-05-11 16:00:00+00:00,-0.00062033
2026-05-11 17:00:00+00:00,-0.00048339
2026-05-11 18:00:00+00:00,-0.00050305
2026-05-11 19:00:00+00:00,-0.00050417
2026-05-11 20:00:00+00:00,-0.00046740
2026-05-11 21:00:00+00:00,-0.00044602
2026-05-11 22:00:00+00:00,-0.00053619
2026-05-11 23:00:00+00:00,-0.00055860
2026-05-12 00:00:00+00:00,-0.00046165
2026-05-12 01:00:00+00:00,-0.00049352
2026-05-12 02:00:00+00:00,-0.00036596
2026-05-12 03:00:00+00:00,-0.00035642
2026-05-12 04:00:00+00:00,-0.00046103
2026-05-12 05:00:00+00:00,-0.00051953
2026-05-12 06:00:00+00:00,-0.00045255
2026-05-12 07:00:00+00:00,-0.00059437
2026-05-12 08:00:00+00:00,-0.00061411
2026-05-12 09:00:00+00:00,-0.00041680
2026-05-12 10:00:00+00:00,-0.00041406
2026-05-12 11:00:00+00:00,-0.00042200
2026-05-12 12:00:00+00:00,-0.00042816
2026-05-12 13:00:00+00:00,-0.00045589
2026-05-12 14:00:00+00:00,-0.00023257
2026-05-12 15:00:00+00:00,-0.00054351
2026-05-12 16:00:00+00:00,-0.00050863
2026-05-12 17:00:00+00:00,-0.00037870
2026-05-12 18:00:00+00:00,-0.00056904
2026-05-12 19:00:00+00:00,-0.00052512
2026-05-12 20:00:00+00:00,-0.00047387
2026-05-12 21:00:00+00:00,-0.00047054
2026-05-12 22:00:00+00:00,-0.00051022
2026-05-12 23:00:00+00:00,-0.00051465
2026-05-13 00:00:00+00:00,-0.00049236
2026-05-13 01:00:00+00:00,-0.00048210
2026-05-13 02:00:00+00:00,-0.00030839
2026-05-13 03:00:00+00:00,-0.00034075
2026-05-13 04:00:00+00:00,-0.00036109
2026-05-13 05:00:00+00:00,-0.00037214
2026-05-13 06:00:00+00:00,-0.00042702
2026-05-13 07:00:00+00:00,-0.00048041
2026-05-13 08:00:00+00:00,-0.00040763
2026-05-13 09:00:00+00:00,-0.00036864
2026-05-13 10:00:00+00:00,-0.00057274
2026-05-13 11:00:00+00:00,-0.00055274
2026-05-13 12:00:00+00:00,-0.00055258
2026-05-13 13:00:00+00:00,-0.00043826
2026-05-13 14:00:00+00:00,-0.00034655
2026-05-13 15:00:00+00:00,-0.00046611
2026-05-13 16:00:00+00:00,-0.00043831
2026-05-13 17:00:00+00:00,-0.00057949
2026-05-13 18:00:00+00:00,-0.00059592
2026-05-13 19:00:00+00:00,-0.00052671
2026-05-13 20:00:00+00:00,-0.00051413
2026-05-13 21:00:00+00:00,-0.00044102
2026-05-13 22:00:00+00:00,-0.00046251
2026-05-13 23:00:00+00:00,-0.00035922
2026-05-14 00:00:00+00:00,-0.00053055
2026-05-14 01:00:00+00:00,-0.00044062
2026-05-14 02:00:00+00:00,-0.00047345
2026-05-14 03:00:00+00:00,-0.00046867
2026-05-14 04:00:00+00:00,-0.00037374
2026-05-14 05:00:00+00:00,-0.00056910
2026-05-14 06:00:00+00:00,-0.00054899
2026-05-14 07:00:00+00:00,-0.00061823
2026-05-14 08:00:00+00:00,-0.00056089
2026-05-14 09:00:00+00:00,-0.00054274
2026-05-14 10:00:00+00:00,-0.00058169
2026-05-14 11:00:00+00:00,-0.00062202
2026-05-14 12:00:00+00:00,-0.00064984
2026-05-14 13:00:00+00:00,-0.00063793
2026-05-14 14:00:00+00:00,-0.00029602
2026-05-14 15:00:00+00:00,-0.00072823
2026-05-14 16:00:00+00:00,-0.00047629
2026-05-14 17:00:00+00:00,-0.00065045
2026-05-14 18:00:00+00:00,-0.00068919
2026-05-14 19:00:00+00:00,-0.00088643
2026-05-14 20:00:00+00:00,-0.00043141
2026-05-14 21:00:00+00:00,-0.00056056
2026-05-14 22:00:00+00:00,-0.00039591
2026-05-14 23:00:00+00:00,-0.00048636
2026-05-15 00:00:00+00:00,-0.00048704
2026-05-15 01:00:00+00:00,-0.00070039
2026-05-15 02:00:00+00:00,-0.00045812
2026-05-15 03:00:00+00:00,-0.00051700
2026-05-15 04:00:00+00:00,-0.00054718
2026-05-15 05:00:00+00:00,-0.00037202
2026-05-15 06:00:00+00:00,-0.00052605
2026-05-15 07:00:00+00:00,-0.00053191
2026-05-15 08:00:00+00:00,-0.00047785
2026-05-15 09:00:00+00:00,-0.00036807
2026-05-15 10:00:00+00:00,-0.00055224
2026-05-15 11:00:00+00:00,-0.00054923
2026-05-15 12:00:00+00:00,-0.00042789
2026-05-15 13:00:00+00:00,-0.00051410
2026-05-15 14:00:00+00:00,-0.00083749
2026-05-15 15:00:00+00:00,-0.00047801
2026-05-15 16:00:00+00:00,-0.00036746
2026-05-15 17:00:00+00:00,-0.00030961
2026-05-15 18:00:00+00:00,-0.00054549
2026-05-15 19:00:00+00:00,-0.00048061
2026-05-15 20:00:00+00:00,-0.00051585
2026-05-15 21:00:00+00:00,-0.00058789
2026-05-15 22:00:00+00:00,-0.00050218
2026-05-15 23:00:00+00:00,-0.00051404
2026-05-16 00:00:00+00:00,-0.00046467
2026-05-16 01:00:00+00:00,-0.00050657
2026-05-16 02:00:00+00:00,-0.00043332
2026-05-16 03:00:00+00:00,-0.00053253
2026-05-16 04:00:00+00:00,-0.00042810
2026-05-16 05:00:00+00:00,-0.00033525
2026-05-16 06:00:00+00:00,-0.00043488
2026-05-16 07:00:00+00:00,-0.00062256
2026-05-16 08:00:00+00:00,-0.00053745
2026-05-16 09:00:00+00:00,-0.00048284
2026-05-16 10:00:00+00:00,-0.00033526
2026-05-16 11:00:00+00:00,-0.00055938
2026-05-16 12:00:00+00:00,-0.00044201
2026-05-16 13:00:00+00:00,-0.00033837
2026-05-16 14:00:00+00:00,-0.00047570
2026-05-16 15:00:00+00:00,-0.00057201
2026-05-16 16:00:00+00:00,-0.00044526
2026-05-16 17:00:00+00:00,-0.00057413
2026-05-16 18:00:00+00:00,-0.00040374
2026-05-16 19:00:00+00:00,-0.00042319
2026-05-16 20:00:00+00:00,-0.00037991
2026-05-16 21:00:00+00:00,-0.00054600
2026-05-16 22:00:00+00:00,-0.00053018
2026-05-16 23:00:00+00:00,-0.00057530
2026-05-17 00:00:00+00:00,-0.00035595
2026-05-17 01:00:00+00:00,-0.00047996
2026-05-17 02:00:00+00:00,-0.00052196
2026-05-17 03:00:00+00:00,-0.00042851
2026-05-17 04:00:00+00:00,-0.00054559
2026-05-17 05:00:00+00:00,-0.00045658
2026-05-17 06:00:00+00:00,-0.00039402
2026-05-17 07:00:00+00:00,-0.00053283
2026-05-17 08:00:00+00:00,-0.00048563
2026-05-17 09:00:00+00:00,-0.00051358
2026-05-17 10:00:00+00:00,-0.00048033
2026-05-17 11:00:00+00:00,-0.00045696
2026-05-17 12:00:00+00:00,-0.00041971
2026-05-17 13:00:00+00:00,-0.00050291
2026-05-17 14:00:00+00:00,-0.00054244
2026-05-17 15:00:00+00:00,-0.00054562
2026-05-17 16:00:00+00:00,-0.00053257
2026-05-17 17:00:00+00:00,-0.00058370
2026-05-17 18:00:00+00:00,-0.00048592
2026-05-17 19:00:00+00:00,-0.00049482
2026-05-17 20:00:00+00:00,-0.00048688
2026-05-17 21:00:00+00:00,-0.00054403
2026-05-17 22:00:00+00:00,-0.00044815
2026-05-17 23:00:00+00:00,-0.00043961
2026-05-18 00:00:00+00:00,-0.00034977
2026-05-18 01:00:00+00:00,-0.00046938
2026-05-18 02:00:00+00:00,-0.00036904
2026-05-18 03:00:00+00:00,-0.00043705
2026-05-18 04:00:00+00:00,-0.00051121
2026-05-18 05:00:00+00:00,-0.00023122
2026-05-18 06:00:00+00:00,-0.00033947
2026-05-18 07:00:00+00:00,-0.00047243
2026-05-18 08:00:00+00:00,-0.00040810
2026-05-18 09:00:00+00:00,-0.00041621
2026-05-18 10:00:00+00:00,-0.00056804
2026-05-18 11:00:00+00:00,-0.00043513
2026-05-18 12:00:00+00:00,-0.00046224
2026-05-18 13:00:00+00:00,-0.00054587
2026-05-18 14:00:00+00:00,-0.00034204
2026-05-18 15:00:00+00:00,-0.00030944
2026-05-18 16:00:00+00:00,-0.00056172
2026-05-18 17:00:00+00:00,-0.00041557
2026-05-18 18:00:00+00:00,-0.00033968
2026-05-18 19:00:00+00:00,-0.00014433
2026-05-18 20:00:00+00:00,-0.00062189
2026-05-18 21:00:00+00:00,-0.00067992
2026-05-18 22:00:00+00:00,-0.00038278
2026-05-18 23:00:00+00:00,-0.00052865
2026-05-19 00:00:00+00:00,-0.00052839
2026-05-19 01:00:00+00:00,-0.00045520
2026-05-19 02:00:00+00:00,-0.00044488
2026-05-19 03:00:00+00:00,-0.00042259
2026-05-19 04:00:00+00:00,-0.00045618
2026-05-19 05:00:00+00:00,-0.00053285
2026-05-19 06:00:00+00:00,-0.00052226
2026-05-19 07:00:00+00:00,-0.00038312
2026-05-19 08:00:00+00:00,-0.00038096
2026-05-19 09:00:00+00:00,-0.00039801
2026-05-19 10:00:00+00:00,-0.00051623
2026-05-19 11:00:00+00:00,-0.00050595
2026-05-19 12:00:00+00:00,-0.00051242
2026-05-19 13:00:00+00:00,-0.00038656
2026-05-19 14:00:00+00:00,-0.00036071
2026-05-19 15:00:00+00:00,-0.00033120
2026-05-19 16:00:00+00:00,-0.00044344
2026-05-19 17:00:00+00:00,-0.00043728
2026-05-19 18:00:00+00:00,-0.00054483
2026-05-19 19:00:00+00:00,-0.00049019
2026-05-19 20:00:00+00:00,-0.00057363
2026-05-19 21:00:00+00:00,-0.00055057
2026-05-19 22:00:00+00:00,-0.00049049
2026-05-19 23:00:00+00:00,-0.00040983
2026-05-20 00:00:00+00:00,-0.00025596
2026-05-20 01:00:00+00:00,-0.00042467
2026-05-20 02:00:00+00:00,-0.00042165
2026-05-20 03:00:00+00:00,-0.00049052
2026-05-20 04:00:00+00:00,-0.00038988
2026-05-20 05:00:00+00:00,-0.00038190
2026-05-20 06:00:00+00:00,-0.00036437
2026-05-20 07:00:00+00:00,-0.00042913
2026-05-20 08:00:00+00:00,-0.00035896
2026-05-20 09:00:00+00:00,-0.00039129
2026-05-20 10:00:00+00:00,-0.00058769
2026-05-20 11:00:00+00:00,-0.00048918
2026-05-20 12:00:00+00:00,-0.00046629
2026-05-20 13:00:00+00:00,-0.00030221
2026-05-20 14:00:00+00:00,-0.00050882
2026-05-20 15:00:00+00:00,-0.00038025
2026-05-20 16:00:00+00:00,-0.00041885
2026-05-20 17:00:00+00:00,-0.00038727
2026-05-20 18:00:00+00:00,-0.00049015
2026-05-20 19:00:00+00:00,-0.00036074
2026-05-20 20:00:00+00:00,-0.00048306
2026-05-20 21:00:00+00:00,-0.00050788
2026-05-20 22:00:00+00:00,-0.00039946
2026-05-20 23:00:00+00:00,-0.00045158
2026-05-21 00:00:00+00:00,-0.00050514
2026-05-21 01:00:00+00:00,-0.00058388
2026-05-21 02:00:00+00:00,-0.00068807
2026-05-21 03:00:00+00:00,-0.00054569
2026-05-21 04:00:00+00:00,-0.00058772
2026-05-21 05:00:00+00:00,-0.00042106
2026-05-21 06:00:00+00:00,-0.00039039
2026-05-21 07:00:00+00:00,-0.00048109
2026-05-21 08:00:00+00:00,-0.00047917
2026-05-21 09:00:00+00:00,-0.00051608
2026-05-21 10:00:00+00:00,-0.00058785
2026-05-21 11:00:00+00:00,-0.00045379
2026-05-21 12:00:00+00:00,-0.00052482
2026-05-21 13:00:00+00:00,-0.00041272
2026-05-21 14:00:00+00:00,-0.00052024
2026-05-21 15:00:00+00:00,-0.00051680
2026-05-21 16:00:00+00:00,-0.00033461
2026-05-21 17:00:00+00:00,-0.00063709
2026-05-21 18:00:00+00:00,-0.00023637
2026-05-21 19:00:00+00:00,-0.00046361
2026-05-21 20:00:00+00:00,-0.00037446
2026-05-21 21:00:00+00:00,-0.00040831
2026-05-21 22:00:00+00:00,-0.00048031
2026-05-21 23:00:00+00:00,-0.00048529
2026-05-22 00:00:00+00:00,-0.00056711
2026-05-22 01:00:00+00:00,-0.00033988
2026-05-22 02:00:00+00:00,-0.00046480
2026-05-22 03:00:00+00:00,-0.00052392
2026-05-22 04:00:00+00:00,-0.00044747
2026-05-22 05:00:00+00:00,-0.00054123
2026-05-22 06:00:00+00:00,-0.00047443
2026-05-22 07:00:00+00:00,-0.00049519
2026-05-22 08:00:00+00:00,-0.00050685
2026-05-22 09:00:00+00:00,-0.00056895
2026-05-22 10:00:00+00:00,-0.00044348
2026-05-22 11:00:00+00:00,-0.00039354
2026-05-22 12:00:00+00:00,-0.00038588
2026-05-22 13:00:00+00:00,-0.00024904
2026-05-22 14:00:00+00:00,-0.00049670
2026-05-22 15:00:00+00:00,-0.00052797
2026-05-22 16:00:00+00:00,-0.00057386
2026-05-22 17:00:00+00:00,-0.00050974
2026-05-22 18:00:00+00:00,-0.00038735
2026-05-22 19:00:00+00:00,-0.00056866
2026-05-22 20:00:00+00:00,-0.00050189
2026-05-22 21:00:00+00:00,-0.00053169
2026-05-22 22:00:00+00:00,-0.00044669
2026-05-22 23:00:00+00:00,-0.00046473
2026-05-23 00:00:00+00:00,-0.00045185
2026-05-23 01:00:00+00:00,-0.00040524
2026-05-23 02:00:00+00:00,-0.00033857
2026-05-23 03:00:00+00:00,-0.00047662
2026-05-23 04:00:00+00:00,-0.00041819
2026-05-23 05:00:00+00:00,-0.00045557
2026-05-23 06:00:00+00:00,-0.00041987
2026-05-23 07:00:00+00:00,-0.00050259
2026-05-23 08:00:00+00:00,-0.00037422
2026-05-23 09:00:00+00:00,-0.00043192
2026-05-23 10:00:00+00:00,-0.00039347
2026-05-23 11:00:00+00:00,-0.00045297
2026-05-23 12:00:00+00:00,-0.00034145
2026-05-23 13:00:00+00:00,-0.00053319
2026-05-23 14:00:00+00:00,-0.00071290
2026-05-23 15:00:00+00:00,-0.00044432
2026-05-23 16:00:00+00:00,-0.00050414
2026-05-23 17:00:00+00:00,-0.00037814
2026-05-23 18:00:00+00:00,-0.00052833
2026-05-23 19:00:00+00:00,-0.00057921
2026-05-23 20:00:00+00:00,-0.00007030
2026-05-23 21:00:00+00:00,-0.00036574
2026-05-23 22:00:00+00:00,-0.00042651
2026-05-23 23:00:00+00:00,-0.00043751
2026-05-24 00:00:00+00:00,-0.00037560
2026-05-24 01:00:00+00:00,-0.00040609
2026-05-24 02:00:00+00:00,-0.00049627
2026-05-24 03:00:00+00:00,-0.00040211
2026-05-24 04:00:00+00:00,-0.00049604
2026-05-24 05:00:00+00:00,-0.00049972
2026-05-24 06:00:00+00:00,-0.00042384
2026-05-24 07:00:00+00:00,-0.00033238
2026-05-24 08:00:00+00:00,-0.00038474
2026-05-24 09:00:00+00:00,-0.00038244
2026-05-24 10:00:00+00:00,-0.00033651
2026-05-24 11:00:00+00:00,-0.00027093
2026-05-24 12:00:00+00:00,-0.00042757
2026-05-24 13:00:00+00:00,-0.00033468
2026-05-24 14:00:00+00:00,-0.00041142
2026-05-24 15:00:00+00:00,-0.00038030
2026-05-24 16:00:00+00:00,-0.00026819
2026-05-24 17:00:00+00:00,-0.00042549
2026-05-24 18:00:00+00:00,-0.00040926
2026-05-24 19:00:00+00:00,-0.00041772
2026-05-24 20:00:00+00:00,-0.00037365
2026-05-24 21:00:00+00:00,-0.00055141
2026-05-24 22:00:00+00:00,-0.00041476
2026-05-24 23:00:00+00:00,-0.00056927
2026-05-25 00:00:00+00:00,-0.00035937
2026-05-25 01:00:00+00:00,-0.00044873
2026-05-25 02:00:00+00:00,-0.00060578
2026-05-25 03:00:00+00:00,-0.00051117
2026-05-25 04:00:00+00:00,-0.00062130
2026-05-25 05:00:00+00:00,-0.00040953
2026-05-25 06:00:00+00:00,-0.00040457
2026-05-25 07:00:00+00:00,-0.00031864
2026-05-25 08:00:00+00:00,-0.00040775
2026-05-25 09:00:00+00:00,-0.00051116
2026-05-25 10:00:00+00:00,-0.00058211
2026-05-25 11:00:00+00:00,-0.00046367
2026-05-25 12:00:00+00:00,-0.00064560
2026-05-25 13:00:00+00:00,-0.00047041
2026-05-25 14:00:00+00:00,-0.00043431
2026-05-25 15:00:00+00:00,-0.00050687
2026-05-25 16:00:00+00:00,-0.00056004
2026-05-25 17:00:00+00:00,-0.00050147
2026-05-25 18:00:00+00:00,-0.00045564
2026-05-25 19:00:00+00:00,-0.00049272
2026-05-25 20:00:00+00:00,-0.00043514
2026-05-25 21:00:00+00:00,-0.00048274
2026-05-25 22:00:00+00:00,-0.00058953
2026-05-25 23:00:00+00:00,-0.00059701
2026-05-26 00:00:00+00:00,-0.00047778
2026-05-26 01:00:00+00:00,-0.00049929
2026-05-26 02:00:00+00:00,-0.00022717
2026-05-26 03:00:00+00:00,-0.00046537
2026-05-26 04:00:00+00:00,-0.00056157
2026-05-26 05:00:00+00:00,-0.00041096
2026-05-26 06:00:00+00:00,-0.00055073
2026-05-26 07:00:00+00:00,-0.00054978
2026-05-26 08:00:00+00:00,-0.00058482
2026-05-26 09:00:00+00:00,-0.00043959
2026-05-26 10:00:00+00:00,-0.00036615
2026-05-26 11:00:00+00:00,-0.00046975
2026-05-26 12:00:00+00:00,-0.00042968
2026-05-26 13:00:00+00:00,-0.00042731
2026-05-26 14:00:00+00:00,-0.00042920
2026-05-26 15:00:00+00:00,-0.00027300
2026-05-26 16:00:00+00:00,-0.00036765
2026-05-26 17:00:00+00:00,-0.00037746
2026-05-26 18:00:00+00:00,-0.00020173
2026-05-26 19:00:00+00:00,-0.00017606
2026-05-26 20:00:00+00:00,-0.00034802
2026-05-26 21:00:00+00:00,-0.00039612
2026-05-26 22:00:00+00:00,-0.00025685
2026-05-26 23:00:00+00:00,-0.00037604
2026-05-27 00:00:00+00:00,-0.00035578
2026-05-27 01:00:00+00:00,-0.00039610
2026-05-27 02:00:00+00:00,-0.00024719
2026-05-27 03:00:00+00:00,-0.00033173
2026-05-27 04:00:00+00:00,-0.00039715
2026-05-27 05:00:00+00:00,-0.00054804
2026-05-27 06:00:00+00:00,-0.00052223
2026-05-27 07:00:00+00:00,-0.00061073
2026-05-27 08:00:00+00:00,-0.00043635
2026-05-27 09:00:00+00:00,-0.00044961
2026-05-27 10:00:00+00:00,-0.00057672
2026-05-27 11:00:00+00:00,-0.00038848
2026-05-27 12:00:00+00:00,-0.00048367
2026-05-27 13:00:00+00:00,-0.00023283
2026-05-27 14:00:00+00:00,-0.00052520
2026-05-27 15:00:00+00:00,-0.00037725
2026-05-27 16:00:00+00:00,-0.00040920
2026-05-27 17:00:00+00:00,-0.00033286
2026-05-27 18:00:00+00:00,-0.00028595
2026-05-27 19:00:00+00:00,-0.00034404
2026-05-27 20:00:00+00:00,-0.00049215
2026-05-27 21:00:00+00:00,-0.00038565
2026-05-27 22:00:00+00:00,-0.00057699
2026-05-27 23:00:00+00:00,-0.00040304
2026-05-28 00:00:00+00:00,-0.00026291
2026-05-28 01:00:00+00:00,-0.00040323
2026-05-28 02:00:00+00:00,-0.00038740
2026-05-28 03:00:00+00:00,-0.00055711
2026-05-28 04:00:00+00:00,-0.00049148
2026-05-28 05:00:00+00:00,-0.00047145
2026-05-28 06:00:00+00:00,-0.00034628
2026-05-28 07:00:00+00:00,-0.00035559
2026-05-28 08:00:00+00:00,-0.00044307
2026-05-28 09:00:00+00:00,-0.00036726
2026-05-28 10:00:00+00:00,-0.00043211
2026-05-28 11:00:00+00:00,-0.00039557
2026-05-28 12:00:00+00:00,-0.00026043
2026-05-28 13:00:00+00:00,-0.00045473
2026-05-28 14:00:00+00:00,-0.00052270
2026-05-28 15:00:00+00:00,-0.00037146
2026-05-28 16:00:00+00:00,-0.00035051
2026-05-28 17:00:00+00:00,-0.00052261
2026-05-28 18:00:00+00:00,-0.00041593
2026-05-28 19:00:00+00:00,-0.00032404
2026-05-28 20:00:00+00:00,-0.00037740
2026-05-28 21:00:00+00:00,-0.00044721
2026-05-28 22:00:00+00:00,-0.00035797
2026-05-28 23:00:00+00:00,-0.00046310
2026-05-29 00:00:00+00:00,-0.00029396
2026-05-29 01:00:00+00:00,-0.00061652
2026-05-29 02:00:00+00:00,-0.00029230
2026-05-29 03:00:00+00:00,-0.00039827
2026-05-29 04:00:00+00:00,-0.00049053
2026-05-29 05:00:00+00:00,-0.00055478
2026-05-29 06:00:00+00:00,-0.00041412
2026-05-29 07:00:00+00:00,-0.00063533
2026-05-29 08:00:00+00:00,-0.00038510
2026-05-29 09:00:00+00:00,-0.00047800
2026-05-29 10:00:00+00:00,-0.00055506
2026-05-29 11:00:00+00:00,-0.00050632
2026-05-29 12:00:00+00:00,-0.00049985
2026-05-29 13:00:00+00:00,-0.00049128
2026-05-29 14:00:00+00:00,-0.00043531
2026-05-29 15:00:00+00:00,-0.00043102
2026-05-29 16:00:00+00:00,-0.00045734
2026-05-29 17:00:00+00:00,-0.00043511
2026-05-29 18:00:00+00:00,-0.00035525
2026-05-29 19:00:00+00:00,-0.00028473
2026-05-29 20:00:00+00:00,-0.00051577
2026-05-29 21:00:00+00:00,-0.00047223
2026-05-29 22:00:00+00:00,-0.00049651
2026-05-29 23:00:00+00:00,-0.00056927
2026-05-30 00:00:00+00:00,-0.00076142
2026-05-30 01:00:00+00:00,-0.00048265
2026-05-30 02:00:00+00:00,-0.00049107
2026-05-30 03:00:00+00:00,-0.00042814
2026-05-30 04:00:00+00:00,-0.00031328
2026-05-30 05:00:00+00:00,-0.00050449
2026-05-30 06:00:00+00:00,-0.00041384
2026-05-30 07:00:00+00:00,-0.00034763
2026-05-30 08:00:00+00:00,-0.00043370
2026-05-30 09:00:00+00:00,-0.00043354
2026-05-30 10:00:00+00:00,-0.00040293
2026-05-30 11:00:00+00:00,-0.00043279
2026-05-30 12:00:00+00:00,-0.00047873
2026-05-30 13:00:00+00:00,-0.00037951
2026-05-30 14:00:00+00:00,-0.00037267
2026-05-30 15:00:00+00:00,-0.00048057
2026-05-30 16:00:00+00:00,-0.00045909
2026-05-30 17:00:00+00:00,-0.00051451
2026-05-30 18:00:00+00:00,-0.00048794
2026-05-30 19:00:00+00:00,-0.00046500
2026-05-30 20:00:00+00:00,-0.00037677
2026-05-30 21:00:00+00:00,-0.00049640
2026-05-30 22:00:00+00:00,-0.00041366
2026-05-30 23:00:00+00:00,-0.00043643
2026-05-31 00:00:00+00:00,-0.00046609
2026-05-31 01:00:00+00:00,-0.00047959
2026-05-31 02:00:00+00:00,-0.00039433
2026-05-31 03:00:00+00:00,-0.00055096
2026-05-31 04:00:00+00:00,-0.00046141
2026-05-31 05:00:00+00:00,-0.00047165
2026-05-31 06:00:00+00:00,-0.00043353
2026-05-31 07:00:00+00:00,-0.00052645
2026-05-31 08:00:00+00:00,-0.00040403
2026-05-31 09:00:00+00:00,-0.00033539
2026-05-31 10:00:00+00:00,-0.00037412
2026-05-31 11:00:00+00:00,-0.00033812
2026-05-31 12:00:00+00:00,-0.00034915
2026-05-31 13:00:00+00:00,-0.00042243
2026-05-31 14:00:00+00:00,-0.00041780
2026-05-31 15:00:00+00:00,-0.00053446
2026-05-31 16:00:00+00:00,-0.00038105
2026-05-31 17:00:00+00:00,-0.00043120
2026-05-31 18:00:00+00:00,-0.00046816
2026-05-31 19:00:00+00:00,-0.00055093
2026-05-31 20:00:00+00:00,-0.00048950
2026-05-31 21:00:00+00:00,-0.00040467
2026-05-31 22:00:00+00:00,-0.00035116
2026-05-31 23:00:00+00:00,-0.00029208
2026-06-01 00:00:00+00:00,-0.00038159
2026-06-01 01:00:00+00:00,-0.00049961
2026-06-01 02:00:00+00:00,-0.00023703
2026-06-01 03:00:00+00:00,-0.00047150
2026-06-01 04:00:00+00:00,-0.00051384
2026-06-01 05:00:00+00:00,-0.00044718
2026-06-01 06:00:00+00:00,-0.00032874
2026-06-01 07:00:00+00:00,-0.00058045
2026-06-01 08:00:00+00:00,-0.00036791
2026-06-01 09:00:00+00:00,-0.00031799
2026-06-01 10:00:00+00:00,-0.00034306
2026-06-01 11:00:00+00:00,-0.00029264
2026-06-01 12:00:00+00:00,-0.00026182
2026-06-01 13:00:00+00:00,-0.00004118
2026-06-01 14:00:00+00:00,-0.00000253
2026-06-01 15:00:00+00:00,-0.00039246
2026-06-01 16:00:00+00:00,-0.00042627
2026-06-01 17:00:00+00:00,-0.00039882
2026-06-01 18:00:00+00:00,-0.00043419
2026-06-01 19:00:00+00:00,-0.00031936
2026-06-01 20:00:00+00:00,-0.00037774
2026-06-01 21:00:00+00:00,-0.00053333
2026-06-01 22:00:00+00:00,-0.00044053
2026-06-01 23:00:00+00:00,-0.00030453
2026-06-02 00:00:00+00:00,-0.00021615
2026-06-02 01:00:00+00:00,-0.00100816
2026-06-02 02:00:00+00:00,-0.00016942
2026-06-02 03:00:00+00:00,-0.00037400
2026-06-02 04:00:00+00:00,-0.00038911
2026-06-02 05:00:00+00:00,-0.00048650
2026-06-02 06:00:00+00:00,-0.00043443
2026-06-02 07:00:00+00:00,-0.00061921
2026-06-02 08:00:00+00:00,-0.00033152
2026-06-02 09:00:00+00:00,-0.00039706
2026-06-02 10:00:00+00:00,-0.00047417
2026-06-02 11:00:00+00:00,-0.00057527
2026-06-02 12:00:00+00:00,-0.00064005
2026-06-02 13:00:00+00:00,-0.00049930
2026-06-02 14:00:00+00:00,-0.00030608
2026-06-02 15:00:00+00:00,-0.00036846
2026-06-02 16:00:00+00:00,-0.00038140
2026-06-02 17:00:00+00:00,-0.00045580
2026-06-02 18:00:00+00:00,-0.00042062
2026-06-02 19:00:00+00:00,-0.00048494
2026-06-02 20:00:00+00:00,-0.00049934
2026-06-02 21:00:00+00:00,-0.00055305
2026-06-02 22:00:00+00:00,-0.00047452
2026-06-02 23:00:00+00:00,-0.00044032
2026-06-03 00:00:00+00:00,-0.00059707
2026-06-03 01:00:00+00:00,-0.00046799
2026-06-03 02:00:00+00:00,-0.00054471
2026-06-03 03:00:00+00:00,-0.00050764
2026-06-03 04:00:00+00:00,-0.00037634
2026-06-03 05:00:00+00:00,-0.00064429
2026-06-03 06:00:00+00:00,-0.00043235
2026-06-03 07:00:00+00:00,-0.00055175
2026-06-03 08:00:00+00:00,-0.00055578
2026-06-03 09:00:00+00:00,-0.00056979
2026-06-03 10:00:00+00:00,-0.00035299
2026-06-03 11:00:00+00:00,-0.00041550
2026-06-03 12:00:00+00:00,-0.00040029
2026-06-03 13:00:00+00:00,-0.00029409
2026-06-03 14:00:00+00:00,-0.00043656
2026-06-03 15:00:00+00:00,-0.00053680
2026-06-03 16:00:00+00:00,-0.00035973
2026-06-03 17:00:00+00:00,-0.00050320
2026-06-03 18:00:00+00:00,-0.00044670
2026-06-03 19:00:00+00:00,-0.00064087
2026-06-03 20:00:00+00:00,-0.00035863
2026-06-03 21:00:00+00:00,-0.00059825
2026-06-03 22:00:00+00:00,-0.00008521
2026-06-03 23:00:00+00:00,-0.00010202
2026-06-04 00:00:00+00:00,-0.00044794
2026-06-04 01:00:00+00:00,-0.00052050
2026-06-04 02:00:00+00:00,-0.00047549
2026-06-04 03:00:00+00:00,-0.00044802
2026-06-04 04:00:00+00:00,-0.00040724
2026-06-04 05:00:00+00:00,-0.00047045
2026-06-04 06:00:00+00:00,-0.00046683
2026-06-04 07:00:00+00:00,-0.00064752
2026-06-04 08:00:00+00:00,-0.00054656
2026-06-04 09:00:00+00:00,-0.00036121
2026-06-04 10:00:00+00:00,-0.00055506
2026-06-04 11:00:00+00:00,-0.00043266
2026-06-04 12:00:00+00:00,-0.00033409
2026-06-04 13:00:00+00:00,-0.00040636
2026-06-04 14:00:00+00:00,-0.00049886
2026-06-04 15:00:00+00:00,-0.00060090
2026-06-04 16:00:00+00:00,-0.00039270
2026-06-04 17:00:00+00:00,-0.00042323
2026-06-04 18:00:00+00:00,-0.00042052
2026-06-04 19:00:00+00:00,-0.00059290
2026-06-04 20:00:00+00:00,-0.00059371
2026-06-04 21:00:00+00:00,-0.00067351
2026-06-04 22:00:00+00:00,-0.00049591
2026-06-04 23:00:00+00:00,-0.00040929
2026-06-05 00:00:00+00:00,-0.00034695
2026-06-05 01:00:00+00:00,-0.00053194
2026-06-05 02:00:00+00:00,-0.00058858
2026-06-05 03:00:00+00:00,-0.00047621
2026-06-05 04:00:00+00:00,-0.00064912
2026-06-05 05:00:00+00:00,-0.00062323
2026-06-05 06:00:00+00:00,-0.00042500
2026-06-05 07:00:00+00:00,-0.00037581
2026-06-05 08:00:00+00:00,-0.00053479
2026-06-05 09:00:00+00:00,-0.00039744
2026-06-05 10:00:00+00:00,-0.00048172
2026-06-05 11:00:00+00:00,-0.00083012
2026-06-05 12:00:00+00:00,-0.00043950
2026-06-05 13:00:00+00:00,-0.00050852
2026-06-05 14:00:00+00:00,-0.00056195
2026-06-05 15:00:00+00:00,-0.00056164
2026-06-05 16:00:00+00:00,-0.00077430
2026-06-05 17:00:00+00:00,-0.00027376
2026-06-05 18:00:00+00:00,-0.00104348
2026-06-05 19:00:00+00:00,-0.00057476
2026-06-05 20:00:00+00:00,-0.00063249
2026-06-05 21:00:00+00:00,-0.00045845
2026-06-05 22:00:00+00:00,-0.00045253
2026-06-05 23:00:00+00:00,-0.00059421
2026-06-06 00:00:00+00:00,-0.00057068
2026-06-06 01:00:00+00:00,-0.00060124
2026-06-06 02:00:00+00:00,-0.00066170
2026-06-06 03:00:00+00:00,-0.00052180
2026-06-06 04:00:00+00:00,-0.00053106
2026-06-06 05:00:00+00:00,-0.00052148
2026-06-06 06:00:00+00:00,-0.00013313
2026-06-06 07:00:00+00:00,-0.00038418
2026-06-06 08:00:00+00:00,-0.00031142
2026-06-06 09:00:00+00:00,-0.00040171
2026-06-06 10:00:00+00:00,-0.00037280
2026-06-06 11:00:00+00:00,-0.00039891
2026-06-06 12:00:00+00:00,-0.00064426
2026-06-06 13:00:00+00:00,-0.00072262
2026-06-06 14:00:00+00:00,-0.00054773
2026-06-06 15:00:00+00:00,-0.00051247
2026-06-06 16:00:00+00:00,-0.00042928
2026-06-06 17:00:00+00:00,-0.00048288
2026-06-06 18:00:00+00:00,-0.00062741
2026-06-06 19:00:00+00:00,-0.00057809
2026-06-06 20:00:00+00:00,-0.00055246
2026-06-06 21:00:00+00:00,-0.00056968
2026-06-06 22:00:00+00:00,-0.00063659
2026-06-06 23:00:00+00:00,-0.00066559
2026-06-07 00:00:00+00:00,-0.00051162
2026-06-07 01:00:00+00:00,-0.00044624
2026-06-07 02:00:00+00:00,-0.00045804
2026-06-07 03:00:00+00:00,-0.00041505
2026-06-07 04:00:00+00:00,-0.00060895
2026-06-07 05:00:00+00:00,-0.00058185
2026-06-07 06:00:00+00:00,-0.00052602
2026-06-07 07:00:00+00:00,-0.00056106
2026-06-07 08:00:00+00:00,-0.00049821
2026-06-07 09:00:00+00:00,-0.00035905
2026-06-07 10:00:00+00:00,-0.00047493
2026-06-07 11:00:00+00:00,-0.00047481
2026-06-07 12:00:00+00:00,-0.00027875
2026-06-07 13:00:00+00:00,-0.00041608
2026-06-07 14:00:00+00:00,-0.00043185
2026-06-07 15:00:00+00:00,-0.00019727
2026-06-07 16:00:00+00:00,-0.00029156
2026-06-07 17:00:00+00:00,-0.00046837
2026-06-07 18:00:00+00:00,-0.00042459
2026-06-07 19:00:00+00:00,-0.00048319
2026-06-07 20:00:00+00:00,-0.00065911
2026-06-07 21:00:00+00:00,-0.00033573
2026-06-07 22:00:00+00:00,-0.00040280
2026-06-07 23:00:00+00:00,-0.00052331
2026-06-08 00:00:00+00:00,-0.00047081
2026-06-08 01:00:00+00:00,-0.00018756
2026-06-08 02:00:00+00:00,-0.00033660
2026-06-08 03:00:00+00:00,-0.00035734
2026-06-08 04:00:00+00:00,-0.00048050
2026-06-08 05:00:00+00:00,-0.00024484
2026-06-08 06:00:00+00:00,-0.00052507
2026-06-08 07:00:00+00:00,-0.00046865
2026-06-08 08:00:00+00:00,-0.00058694
2026-06-08 09:00:00+00:00,-0.00042979
2026-06-08 10:00:00+00:00,-0.00059513
2026-06-08 11:00:00+00:00,-0.00079422
2026-06-08 12:00:00+00:00,-0.00065975
2026-06-08 13:00:00+00:00,-0.00052887
2026-06-08 14:00:00+00:00,-0.00063064
2026-06-08 15:00:00+00:00,-0.00052528
2026-06-08 16:00:00+00:00,-0.00057146
2026-06-08 17:00:00+00:00,-0.00042519
2026-06-08 18:00:00+00:00,-0.00048973
2026-06-08 19:00:00+00:00,-0.00073169
2026-06-08 20:00:00+00:00,-0.00024126
2026-06-08 21:00:00+00:00,-0.00070353
2026-06-08 22:00:00+00:00,-0.00064014
2026-06-08 23:00:00+00:00,-0.00045509
2026-06-09 00:00:00+00:00,-0.00060856
2026-06-09 01:00:00+00:00,-0.00071243
2026-06-09 02:00:00+00:00,-0.00036309
2026-06-09 03:00:00+00:00,-0.00059479
2026-06-09 04:00:00+00:00,-0.00055797
2026-06-09 05:00:00+00:00,-0.00037555
2026-06-09 06:00:00+00:00,-0.00028027
2026-06-09 07:00:00+00:00,-0.00041097
2026-06-09 08:00:00+00:00,-0.00050734
2026-06-09 09:00:00+00:00,-0.00058089
2026-06-09 10:00:00+00:00,-0.00055227
2026-06-09 11:00:00+00:00,-0.00050072
2026-06-09 12:00:00+00:00,-0.00054776
2026-06-09 13:00:00+00:00,-0.00055860
2026-06-09 14:00:00+00:00,-0.00021513
2026-06-09 15:00:00+00:00,-0.00055035
2026-06-09 16:00:00+00:00,-0.00038259
2026-06-09 17:00:00+00:00,-0.00057888
2026-06-09 18:00:00+00:00,-0.00058300
2026-06-09 19:00:00+00:00,-0.00035685
2026-06-09 20:00:00+00:00,-0.00032920
2026-06-09 21:00:00+00:00,-0.00031574
2026-06-09 22:00:00+00:00,-0.00043574
2026-06-09 23:00:00+00:00,-0.00047609
2026-06-10 00:00:00+00:00,-0.00049845
2026-06-10 01:00:00+00:00,-0.00041625
2026-06-10 02:00:00+00:00,-0.00076800
2026-06-10 03:00:00+00:00,-0.00050030
2026-06-10 04:00:00+00:00,-0.00032658
2026-06-10 05:00:00+00:00,-0.00045396
2026-06-10 06:00:00+00:00,-0.00054051
2026-06-10 07:00:00+00:00,-0.00057589
2026-06-10 08:00:00+00:00,-0.00064210
2026-06-10 09:00:00+00:00,-0.00058090
2026-06-10 10:00:00+00:00,-0.00064548
2026-06-10 11:00:00+00:00,-0.00057365
2026-06-10 12:00:00+00:00,-0.00052765
2026-06-10 13:00:00+00:00,-0.00023003
2026-06-10 14:00:00+00:00,-0.00027046
2026-06-10 15:00:00+00:00,-0.00063014
2026-06-10 16:00:00+00:00,-0.00042408
2026-06-10 17:00:00+00:00,-0.00054122
2026-06-10 18:00:00+00:00,-0.00059198
2026-06-10 19:00:00+00:00,-0.00093208
2026-06-10 20:00:00+00:00,-0.00048326
2026-06-10 21:00:00+00:00,-0.00040261
2026-06-10 22:00:00+00:00,-0.00048044
2026-06-10 23:00:00+00:00,-0.00049622
2026-06-11 00:00:00+00:00,-0.00096803
2026-06-11 01:00:00+00:00,-0.00046899
2026-06-11 02:00:00+00:00,-0.00063766
2026-06-11 03:00:00+00:00,-0.00053681
2026-06-11 04:00:00+00:00,-0.00045286
2026-06-11 05:00:00+00:00,-0.00056445
2026-06-11 06:00:00+00:00,-0.00060523
2026-06-11 07:00:00+00:00,-0.00035087
2026-06-11 08:00:00+00:00,-0.00039314
2026-06-11 09:00:00+00:00,-0.00041122
2026-06-11 10:00:00+00:00,-0.00055020
2026-06-11 11:00:00+00:00,-0.00052212
2026-06-11 12:00:00+00:00,-0.00057836
2026-06-11 13:00:00+00:00,-0.00053571
2026-06-11 14:00:00+00:00,-0.00074249
2026-06-11 15:00:00+00:00,-0.00033287
2026-06-11 16:00:00+00:00,-0.00059084
2026-06-11 17:00:00+00:00,-0.00025626
2026-06-11 18:00:00+00:00,-0.00063516
2026-06-11 19:00:00+00:00,-0.00043975
2026-06-11 20:00:00+00:00,-0.00052175
2026-06-11 21:00:00+00:00,-0.00037660
2026-06-11 22:00:00+00:00,-0.00058534
2026-06-11 23:00:00+00:00,-0.00040042
2026-06-12 00:00:00+00:00,-0.00036753
2026-06-12 01:00:00+00:00,-0.00030965
2026-06-12 02:00:00+00:00,-0.00043056
2026-06-12 03:00:00+00:00,-0.00052425
2026-06-12 04:00:00+00:00,-0.00052677
2026-06-12 05:00:00+00:00,-0.00060822
2026-06-12 06:00:00+00:00,-0.00044927
2026-06-12 07:00:00+00:00,-0.00059520
2026-06-12 08:00:00+00:00,-0.00050463
2026-06-12 09:00:00+00:00,-0.00047534
2026-06-12 10:00:00+00:00,-0.00055319
2026-06-12 11:00:00+00:00,-0.00055782
2026-06-12 12:00:00+00:00,-0.00048297
2026-06-12 13:00:00+00:00,-0.00049076
2026-06-12 14:00:00+00:00,-0.00022721
2026-06-12 15:00:00+00:00,-0.00070459
2026-06-12 16:00:00+00:00,-0.00033228
2026-06-12 17:00:00+00:00,-0.00032021
2026-06-12 18:00:00+00:00,-0.00049363
2026-06-12 19:00:00+00:00,-0.00060801
2026-06-12 20:00:00+00:00,-0.00054070
2026-06-12 21:00:00+00:00,-0.00045403
2026-06-12 22:00:00+00:00,-0.00040515
2026-06-12 23:00:00+00:00,-0.00051166
2026-06-13 00:00:00+00:00,-0.00060897
2026-06-13 01:00:00+00:00,-0.00041540
2026-06-13 02:00:00+00:00,-0.00065446
2026-06-13 03:00:00+00:00,-0.00068030
2026-06-13 04:00:00+00:00,-0.00059573
2026-06-13 05:00:00+00:00,-0.00029982
2026-06-13 06:00:00+00:00,-0.00042423
2026-06-13 07:00:00+00:00,-0.00039385
2026-06-13 08:00:00+00:00,-0.00046694
2026-06-13 09:00:00+00:00,-0.00055768
2026-06-13 10:00:00+00:00,-0.00037340
2026-06-13 11:00:00+00:00,-0.00051000
2026-06-13 12:00:00+00:00,-0.00059292
2026-06-13 13:00:00+00:00,-0.00051066
2026-06-13 14:00:00+00:00,-0.00055238
2026-06-13 15:00:00+00:00,-0.00053663
2026-06-13 16:00:00+00:00,-0.00041390
2026-06-13 17:00:00+00:00,-0.00060205
2026-06-13 18:00:00+00:00,-0.00068941
2026-06-13 19:00:00+00:00,-0.00065790
2026-06-13 20:00:00+00:00,-0.00045729
2026-06-13 21:00:00+00:00,-0.00060843
2026-06-13 22:00:00+00:00,-0.00065330
2026-06-13 23:00:00+00:00,-0.00077190
2026-06-14 00:00:00+00:00,-0.00064265
2026-06-14 01:00:00+00:00,-0.00060072
2026-06-14 02:00:00+00:00,-0.00065273
2026-06-14 03:00:00+00:00,-0.00041736
2026-06-14 04:00:00+00:00,-0.00066810
2026-06-14 05:00:00+00:00,-0.00050187
2026-06-14 06:00:00+00:00,-0.00050931
2026-06-14 07:00:00+00:00,-0.00049823
2026-06-14 08:00:00+00:00,-0.00052694
2026-06-14 09:00:00+00:00,-0.00048379
2026-06-14 10:00:00+00:00,-0.00058869
2026-06-14 11:00:00+00:00,-0.00066651
2026-06-14 12:00:00+00:00,-0.00046479
2026-06-14 13:00:00+00:00,-0.00063648
2026-06-14 14:00:00+00:00,-0.00048559
2026-06-14 15:00:00+00:00,-0.00047937
2026-06-14 16:00:00+00:00,-0.00064533
2026-06-14 17:00:00+00:00,-0.00046822
2026-06-14 18:00:00+00:00,-0.00046393
2026-06-14 19:00:00+00:00,-0.00041381
2026-06-14 20:00:00+00:00,-0.00052729
2026-06-14 21:00:00+00:00,-0.00043352
2026-06-14 22:00:00+00:00,-0.00036169
2026-06-14 23:00:00+00:00,-0.00061736
2026-06-15 00:00:00+00:00,-0.00039334
2026-06-15 01:00:00+00:00,-0.00053055
2026-06-15 02:00:00+00:00,-0.00051381
2026-06-15 03:00:00+00:00,-0.00048695
2026-06-15 04:00:00+00:00,-0.00051830
2026-06-15 05:00:00+00:00,-0.00042602
2026-06-15 06:00:00+00:00,-0.00067282
2026-06-15 07:00:00+00:00,-0.00036578
2026-06-15 08:00:00+00:00,-0.00073186
2026-06-15 09:00:00+00:00,-0.00058620
2026-06-15 10:00:00+00:00,-0.00043735
2026-06-15 11:00:00+00:00,-0.00047791
2026-06-15 12:00:00+00:00,-0.00050023
2026-06-15 13:00:00+00:00,-0.00051887
2026-06-15 14:00:00+00:00,-0.00066511
2026-06-15 15:00:00+00:00,-0.00043288
2026-06-15 16:00:00+00:00,-0.00059911
2026-06-15 17:00:00+00:00,-0.00047947
2026-06-15 18:00:00+00:00,-0.00065986
2026-06-15 19:00:00+00:00,-0.00054773
2026-06-15 20:00:00+00:00,-0.00050101
2026-06-15 21:00:00+00:00,-0.00056611
2026-06-15 22:00:00+00:00,-0.00059731
2026-06-15 23:00:00+00:00,-0.00070204
2026-06-16 00:00:00+00:00,-0.00056072
2026-06-16 01:00:00+00:00,-0.00055603
2026-06-16 02:00:00+00:00,-0.00038899
2026-06-16 03:00:00+00:00,-0.00057845
2026-06-16 04:00:00+00:00,-0.00052247
2026-06-16 05:00:00+00:00,-0.00060527
2026-06-16 06:00:00+00:00,-0.00057983
2026-06-16 07:00:00+00:00,-0.00045166
2026-06-16 08:00:00+00:00,-0.00052702
2026-06-16 09:00:00+00:00,-0.00050789
2026-06-16 10:00:00+00:00,-0.00052734
2026-06-16 11:00:00+00:00,-0.00047105
2026-06-16 12:00:00+00:00,-0.00064990
2026-06-16 13:00:00+00:00,-0.00053658
2026-06-16 14:00:00+00:00,-0.00041689
2026-06-16 15:00:00+00:00,-0.00049804
2026-06-16 16:00:00+00:00,-0.00046871
2026-06-16 17:00:00+00:00,-0.00046937
2026-06-16 18:00:00+00:00,-0.00025863
2026-06-16 19:00:00+00:00,-0.00019063
2026-06-16 20:00:00+00:00,-0.00051055
2026-06-16 21:00:00+00:00,-0.00052306
2026-06-16 22:00:00+00:00,-0.00055885
2026-06-16 23:00:00+00:00,-0.00040320
2026-06-17 00:00:00+00:00,-0.00047776
2026-06-17 01:00:00+00:00,-0.00062019
2026-06-17 02:00:00+00:00,-0.00049948
2026-06-17 03:00:00+00:00,-0.00054608
2026-06-17 04:00:00+00:00,-0.00060742
2026-06-17 05:00:00+00:00,-0.00060723
2026-06-17 06:00:00+00:00,-0.00053583
2026-06-17 07:00:00+00:00,-0.00053220
2026-06-17 08:00:00+00:00,-0.00068538
2026-06-17 09:00:00+00:00,-0.00046412
2026-06-17 10:00:00+00:00,-0.00046932
2026-06-17 11:00:00+00:00,-0.00058068
2026-06-17 12:00:00+00:00,-0.00047026
2026-06-17 13:00:00+00:00,-0.00065221
2026-06-17 14:00:00+00:00,-0.00058759
2026-06-17 15:00:00+00:00,-0.00060846
2026-06-17 16:00:00+00:00,-0.00057852
2026-06-17 17:00:00+00:00,-0.00040686
2026-06-17 18:00:00+00:00,-0.00042881
2026-06-17 19:00:00+00:00,-0.00037799
2026-06-17 20:00:00+00:00,-0.00036251
2026-06-17 21:00:00+00:00,-0.00035091
2026-06-17 22:00:00+00:00,-0.00062018
2026-06-17 23:00:00+00:00,-0.00039549
2026-06-18 00:00:00+00:00,-0.00048367
2026-06-18 01:00:00+00:00,-0.00048823
2026-06-18 02:00:00+00:00,-0.00062412
2026-06-18 03:00:00+00:00,-0.00043332
2026-06-18 04:00:00+00:00,-0.00057191
2026-06-18 05:00:00+00:00,-0.00048271
2026-06-18 06:00:00+00:00,-0.00032153
2026-06-18 07:00:00+00:00,-0.00059254
2026-06-18 08:00:00+00:00,-0.00045673
2026-06-18 09:00:00+00:00,-0.00041652
2026-06-18 10:00:00+00:00,-0.00054108
2026-06-18 11:00:00+00:00,-0.00054149
2026-06-18 12:00:00+00:00,-0.00054864
2026-06-18 13:00:00+00:00,-0.00043814
2026-06-18 14:00:00+00:00,-0.00055816
2026-06-18 15:00:00+00:00,-0.00071537
2026-06-18 16:00:00+00:00,-0.00045872
2026-06-18 17:00:00+00:00,-0.00045483
2026-06-18 18:00:00+00:00,-0.00021690
2026-06-18 19:00:00+00:00,-0.00032493
2026-06-18 20:00:00+00:00,-0.00036484
2026-06-18 21:00:00+00:00,-0.00047683
2026-06-18 22:00:00+00:00,-0.00052452
2026-06-18 23:00:00+00:00,-0.00055151
2026-06-19 00:00:00+00:00,-0.00038801
2026-06-19 01:00:00+00:00,-0.00046898
2026-06-19 02:00:00+00:00,-0.00042332
2026-06-19 03:00:00+00:00,-0.00044523
2026-06-19 04:00:00+00:00,-0.00053364
2026-06-19 05:00:00+00:00,-0.00044602
2026-06-19 06:00:00+00:00,-0.00054361
2026-06-19 07:00:00+00:00,-0.00055209
2026-06-19 08:00:00+00:00,-0.00049383
2026-06-19 09:00:00+00:00,-0.00061935
2026-06-19 10:00:00+00:00,-0.00043646
2026-06-19 11:00:00+00:00,-0.00040394
2026-06-19 12:00:00+00:00,-0.00042139
2026-06-19 13:00:00+00:00,-0.00048007
2026-06-19 14:00:00+00:00,-0.00047296
2026-06-19 15:00:00+00:00,-0.00040234
2026-06-19 16:00:00+00:00,-0.00034514
2026-06-19 17:00:00+00:00,-0.00044261
2026-06-19 18:00:00+00:00,-0.00054028
2026-06-19 19:00:00+00:00,-0.00035597
2026-06-19 20:00:00+00:00,-0.00048482
2026-06-19 21:00:00+00:00,-0.00041118
2026-06-19 22:00:00+00:00,-0.00042448
2026-06-19 23:00:00+00:00,-0.00067400
2026-06-20 00:00:00+00:00,-0.00052218
2026-06-20 01:00:00+00:00,-0.00048169
2026-06-20 02:00:00+00:00,-0.00059787
2026-06-20 03:00:00+00:00,-0.00047766
2026-06-20 04:00:00+00:00,-0.00040481
2026-06-20 05:00:00+00:00,-0.00051522
2026-06-20 06:00:00+00:00,-0.00049981
2026-06-20 07:00:00+00:00,-0.00052085
2026-06-20 08:00:00+00:00,-0.00040730
2026-06-20 09:00:00+00:00,-0.00051490
2026-06-20 10:00:00+00:00,-0.00037890
2026-06-20 11:00:00+00:00,-0.00057448
2026-06-20 12:00:00+00:00,-0.00041348
2026-06-20 13:00:00+00:00,-0.00058297
2026-06-20 14:00:00+00:00,-0.00039566
2026-06-20 15:00:00+00:00,-0.00020312
2026-06-20 16:00:00+00:00,-0.00050217
2026-06-20 17:00:00+00:00,-0.00045091
2026-06-20 18:00:00+00:00,-0.00049636
2026-06-20 19:00:00+00:00,-0.00052056
2026-06-20 20:00:00+00:00,-0.00052232
2026-06-20 21:00:00+00:00,-0.00050254
2026-06-20 22:00:00+00:00,-0.00047533
2026-06-20 23:00:00+00:00,-0.00071731
2026-06-21 00:00:00+00:00,-0.00044312
2026-06-21 01:00:00+00:00,-0.00043131
2026-06-21 02:00:00+00:00,-0.00040782
2026-06-21 03:00:00+00:00,-0.00045425
2026-06-21 04:00:00+00:00,-0.00046854
2026-06-21 05:00:00+00:00,-0.00046556
2026-06-21 06:00:00+00:00,-0.00054838
2026-06-21 07:00:00+00:00,-0.00033911
2026-06-21 08:00:00+00:00,-0.00034170
2026-06-21 09:00:00+00:00,-0.00033207
2026-06-21 10:00:00+00:00,-0.00040526
2026-06-21 11:00:00+00:00,-0.00027675
2026-06-21 12:00:00+00:00,-0.00060630
2026-06-21 13:00:00+00:00,-0.00035256
2026-06-21 14:00:00+00:00,-0.00037271
2026-06-21 15:00:00+00:00,-0.00035090
2026-06-21 16:00:00+00:00,-0.00037937
2026-06-21 17:00:00+00:00,-0.00056731
2026-06-21 18:00:00+00:00,-0.00044652
2026-06-21 19:00:00+00:00,-0.00051634
2026-06-21 20:00:00+00:00,-0.00034275
2026-06-21 21:00:00+00:00,-0.00048619
2026-06-21 22:00:00+00:00,-0.00041486
2026-06-21 23:00:00+00:00,-0.00044610
2026-06-22 00:00:00+00:00,-0.00057358
2026-06-22 01:00:00+00:00,-0.00068323
2026-06-22 02:00:00+00:00,-0.00038374
2026-06-22 03:00:00+00:00,-0.00054761
2026-06-22 04:00:00+00:00,-0.00056528
2026-06-22 05:00:00+00:00,-0.00027944
2026-06-22 06:00:00+00:00,-0.00056883
2026-06-22 07:00:00+00:00,-0.00037508
2026-06-22 08:00:00+00:00,-0.00040882
2026-06-22 09:00:00+00:00,-0.00040709
2026-06-22 10:00:00+00:00,-0.00043275
2026-06-22 11:00:00+00:00,-0.00041092
2026-06-22 12:00:00+00:00,-0.00050024
2026-06-22 13:00:00+00:00,-0.00032860
2026-06-22 14:00:00+00:00,-0.00050555
2026-06-22 15:00:00+00:00,-0.00038663
2026-06-22 16:00:00+00:00,-0.00041152
2026-06-22 17:00:00+00:00,-0.00042601
2026-06-22 18:00:00+00:00,-0.00043762
2026-06-22 19:00:00+00:00,-0.00025166
2026-06-22 20:00:00+00:00,-0.00036126
2026-06-22 21:00:00+00:00,-0.00038369
2026-06-22 22:00:00+00:00,-0.00031611
2026-06-22 23:00:00+00:00,-0.00048128
2026-06-23 00:00:00+00:00,-0.00048666
2026-06-23 01:00:00+00:00,-0.00054722
2026-06-23 02:00:00+00:00,-0.00063596
2026-06-23 03:00:00+00:00,-0.00044960
2026-06-23 04:00:00+00:00,-0.00041562
2026-06-23 05:00:00+00:00,-0.00025390
2026-06-23 06:00:00+00:00,-0.00045701
2026-06-23 07:00:00+00:00,-0.00055260
2026-06-23 08:00:00+00:00,-0.00048172
2026-06-23 09:00:00+00:00,-0.00049643
2026-06-23 10:00:00+00:00,-0.00065594
2026-06-23 11:00:00+00:00,-0.00057857
2026-06-23 12:00:00+00:00,-0.00052573
2026-06-23 13:00:00+00:00,-0.00041255
2026-06-23 14:00:00+00:00,-0.00037055
2026-06-23 15:00:00+00:00,-0.00040556
2026-06-23 16:00:00+00:00,-0.00047963
2026-06-23 17:00:00+00:00,-0.00043188
2026-06-23 18:00:00+00:00,-0.00029478
2026-06-23 19:00:00+00:00,-0.00041730
2026-06-23 20:00:00+00:00,-0.00041385
2026-06-23 21:00:00+00:00,-0.00055544
2026-06-23 22:00:00+00:00,-0.00044362
2026-06-23 23:00:00+00:00,-0.00063027
2026-06-24 00:00:00+00:00,-0.00051246
2026-06-24 01:00:00+00:00,-0.00056027
2026-06-24 02:00:00+00:00,-0.00056040
2026-06-24 03:00:00+00:00,-0.00043510
2026-06-24 04:00:00+00:00,-0.00045882
2026-06-24 05:00:00+00:00,-0.00045707
2026-06-24 06:00:00+00:00,-0.00041857
2026-06-24 07:00:00+00:00,-0.00049853
2026-06-24 08:00:00+00:00,-0.00047168
2026-06-24 09:00:00+00:00,-0.00058018
2026-06-24 10:00:00+00:00,-0.00054971
2026-06-24 11:00:00+00:00,-0.00042246
2026-06-24 12:00:00+00:00,-0.00045042
2026-06-24 13:00:00+00:00,-0.00035530
2026-06-24 14:00:00+00:00,-0.00040372
2026-06-24 15:00:00+00:00,-0.00036710
2026-06-24 16:00:00+00:00,-0.00069334
2026-06-24 17:00:00+00:00,-0.00053438
2026-06-24 18:00:00+00:00,-0.00054835
2026-06-24 19:00:00+00:00,-0.00062858
2026-06-24 20:00:00+00:00,-0.00068199
2026-06-24 21:00:00+00:00,-0.00046022
2026-06-24 22:00:00+00:00,-0.00044185
2026-06-24 23:00:00+00:00,-0.00048547
2026-06-25 00:00:00+00:00,0.00020009
2026-06-25 01:00:00+00:00,-0.00055489
2026-06-25 02:00:00+00:00,-0.00060093
2026-06-25 03:00:00+00:00,-0.00049916
2026-06-25 04:00:00+00:00,-0.00066061
2026-06-25 05:00:00+00:00,-0.00067761
2026-06-25 06:00:00+00:00,-0.00070435
2026-06-25 07:00:00+00:00,-0.00034476
2026-06-25 08:00:00+00:00,-0.00030371
2026-06-25 09:00:00+00:00,-0.00049101
2026-06-25 10:00:00+00:00,-0.00040608
2026-06-25 11:00:00+00:00,-0.00027856
2026-06-25 12:00:00+00:00,-0.00037699
2026-06-25 13:00:00+00:00,-0.00113175
2026-06-25 14:00:00+00:00,-0.00043568
2026-06-25 15:00:00+00:00,-0.00069376
2026-06-25 16:00:00+00:00,-0.00039513
2026-06-25 17:00:00+00:00,-0.00015256
2026-06-25 18:00:00+00:00,-0.00039645
2026-06-25 19:00:00+00:00,-0.00042811
2026-06-25 20:00:00+00:00,-0.00023519
2026-06-25 21:00:00+00:00,-0.00041677
2026-06-25 22:00:00+00:00,-0.00047607
2026-06-25 23:00:00+00:00,-0.00047695
2026-06-26 00:00:00+00:00,-0.00053603
2026-06-26 01:00:00+00:00,-0.00011234
2026-06-26 02:00:00+00:00,-0.00061034
2026-06-26 03:00:00+00:00,-0.00022469
2026-06-26 04:00:00+00:00,-0.00022033
2026-06-26 05:00:00+00:00,-0.00043611
2026-06-26 06:00:00+00:00,-0.00043324
2026-06-26 07:00:00+00:00,-0.00080554
2026-06-26 08:00:00+00:00,-0.00038706
2026-06-26 09:00:00+00:00,-0.00029784
2026-06-26 10:00:00+00:00,-0.00038648
2026-06-26 11:00:00+00:00,-0.00039127
2026-06-26 12:00:00+00:00,-0.00053688
2026-06-26 13:00:00+00:00,-0.00043066
2026-06-26 14:00:00+00:00,-0.00059809
2026-06-26 15:00:00+00:00,-0.00047369
2026-06-26 16:00:00+00:00,-0.00036801
2026-06-26 17:00:00+00:00,-0.00034980
2026-06-26 18:00:00+00:00,-0.00028656
2026-06-26 19:00:00+00:00,-0.00056495
2026-06-26 20:00:00+00:00,-0.00035340
2026-06-26 21:00:00+00:00,-0.00065061
2026-06-26 22:00:00+00:00,-0.00061139
2026-06-26 23:00:00+00:00,-0.00047456
2026-06-27 00:00:00+00:00,-0.00041502
2026-06-27 01:00:00+00:00,-0.00035339
2026-06-27 02:00:00+00:00,-0.00060251
2026-06-27 03:00:00+00:00,-0.00059881
2026-06-27 04:00:00+00:00,-0.00037480
2026-06-27 05:00:00+00:00,-0.00052449
2026-06-27 06:00:00+00:00,-0.00042479
2026-06-27 07:00:00+00:00,-0.00033143
2026-06-27 08:00:00+00:00,-0.00043520
2026-06-27 09:00:00+00:00,-0.00042627
2026-06-27 10:00:00+00:00,-0.00040596
2026-06-27 11:00:00+00:00,-0.00062924
2026-06-27 12:00:00+00:00,-0.00032698
2026-06-27 13:00:00+00:00,-0.00042949
2026-06-27 14:00:00+00:00,-0.00043289
2026-06-27 15:00:00+00:00,-0.00032724
2026-06-27 16:00:00+00:00,-0.00021323
2026-06-27 17:00:00+00:00,-0.00055487
2026-06-27 18:00:00+00:00,-0.00042958
2026-06-27 19:00:00+00:00,-0.00040919
2026-06-27 20:00:00+00:00,-0.00033387
2026-06-27 21:00:00+00:00,-0.00047285
2026-06-27 22:00:00+00:00,-0.00039649
2026-06-27 23:00:00+00:00,-0.00047348
2026-06-28 00:00:00+00:00,-0.00098217
2026-06-28 01:00:00+00:00,-0.00041679
2026-06-28 02:00:00+00:00,-0.00042402
2026-06-28 03:00:00+00:00,-0.00057490
2026-06-28 04:00:00+00:00,-0.00057372
2026-06-28 05:00:00+00:00,-0.00053826
2026-06-28 06:00:00+00:00,-0.00057483
2026-06-28 07:00:00+00:00,-0.00017466
2026-06-28 08:00:00+00:00,-0.00053503
2026-06-28 09:00:00+00:00,-0.00053558
2026-06-28 10:00:00+00:00,-0.00048689
2026-06-28 11:00:00+00:00,-0.00043148
2026-06-28 12:00:00+00:00,-0.00027322
2026-06-28 13:00:00+00:00,-0.00049538
2026-06-28 14:00:00+00:00,-0.00076195
2026-06-28 15:00:00+00:00,-0.00069238
2026-06-28 16:00:00+00:00,-0.00053223
2026-06-28 17:00:00+00:00,-0.00044124
2026-06-28 18:00:00+00:00,-0.00048784
2026-06-28 19:00:00+00:00,-0.00042568
2026-06-28 20:00:00+00:00,-0.00041648
2026-06-28 21:00:00+00:00,0.00000000
2026-06-28 22:00:00+00:00,-0.00053600
2026-06-28 23:00:00+00:00,-0.00052137
2026-06-29 00:00:00+00:00,-0.00041086
2026-06-29 01:00:00+00:00,-0.00046388
2026-06-29 02:00:00+00:00,-0.00046958
2026-06-29 03:00:00+00:00,-0.00043321
2026-06-29 04:00:00+00:00,-0.00036270
2026-06-29 05:00:00+00:00,-0.00006319
2026-06-29 06:00:00+00:00,-0.00040957
2026-06-29 07:00:00+00:00,-0.00056239
2026-06-29 08:00:00+00:00,-0.00059604
2026-06-29 09:00:00+00:00,-0.00037839
2026-06-29 10:00:00+00:00,-0.00044928
2026-06-29 11:00:00+00:00,0.00050226
2026-06-29 12:00:00+00:00,-0.00043715
2026-06-29 13:00:00+00:00,-0.00020270
2026-06-29 14:00:00+00:00,-0.00027479
2026-06-29 15:00:00+00:00,-0.00018433
2026-06-29 16:00:00+00:00,-0.00034697
2026-06-29 17:00:00+00:00,-0.00034791
2026-06-29 18:00:00+00:00,-0.00026411
2026-06-29 19:00:00+00:00,-0.00053013
2026-06-29 20:00:00+00:00,-0.00050265
2026-06-29 21:00:00+00:00,-0.00044789
2026-06-29 22:00:00+00:00,-0.00044602
2026-06-29 23:00:00+00:00,0.00028707
2026-06-30 00:00:00+00:00,-0.00055015
2026-06-30 01:00:00+00:00,-0.00027247
2026-06-30 02:00:00+00:00,-0.00049783
2026-06-30 03:00:00+00:00,-0.00055265
2026-06-30 04:00:00+00:00,-0.00051699
2026-06-30 05:00:00+00:00,-0.00035495
2026-06-30 06:00:00+00:00,-0.00030842
2026-06-30 07:00:00+00:00,-0.00040223
2026-06-30 08:00:00+00:00,-0.00038494
2026-06-30 09:00:00+00:00,-0.00038599
2026-06-30 10:00:00+00:00,-0.00051372
2026-06-30 11:00:00+00:00,-0.00050193
2026-06-30 12:00:00+00:00,-0.00070480
2026-06-30 13:00:00+00:00,-0.00058958
2026-06-30 14:00:00+00:00,-0.00049663
2026-06-30 15:00:00+00:00,-0.00044161
2026-06-30 16:00:00+00:00,-0.00039751
2026-06-30 17:00:00+00:00,-0.00034561
2026-06-30 18:00:00+00:00,-0.00038058
2026-06-30 19:00:00+00:00,-0.00030851
2026-06-30 20:00:00+00:00,-0.00053738
2026-06-30 21:00:00+00:00,-0.00053628
2026-06-30 22:00:00+00:00,-0.00044612
2026-06-30 23:00:00+00:00,-0.00032729
2026-07-01 00:00:00+00:00,-0.00042221
2026-07-01 01:00:00+00:00,-0.00047902
2026-07-01 02:00:00+00:00,-0.00040397
2026-07-01 03:00:00+00:00,-0.00042631
2026-07-01 04:00:00+00:00,-0.00056583
2026-07-01 05:00:00+00:00,-0.00057614
2026-07-01 06:00:00+00:00,-0.00045962
2026-07-01 07:00:00+00:00,-0.00030366
2026-07-01 08:00:00+00:00,-0.00032227
2026-07-01 09:00:00+00:00,-0.00033708
2026-07-01 10:00:00+00:00,-0.00046896
2026-07-01 11:00:00+00:00,-0.00035078
2026-07-01 12:00:00+00:00,-0.00057740
2026-07-01 13:00:00+00:00,-0.00003507
2026-07-01 14:00:00+00:00,-0.00030885
2026-07-01 15:00:00+00:00,-0.00037538
2026-07-01 16:00:00+00:00,-0.00029119
2026-07-01 17:00:00+00:00,-0.00043898
2026-07-01 18:00:00+00:00,-0.00024526
2026-07-01 19:00:00+00:00,-0.00027044
2026-07-01 20:00:00+00:00,-0.00045200
2026-07-01 21:00:00+00:00,-0.00033065
2026-07-01 22:00:00+00:00,-0.00044105
2026-07-01 23:00:00+00:00,-0.00062338
2026-07-02 00:00:00+00:00,-0.00043937
2026-07-02 01:00:00+00:00,-0.00043584
2026-07-02 02:00:00+00:00,-0.00055840
2026-07-02 03:00:00+00:00,-0.00035567
2026-07-02 04:00:00+00:00,-0.00053586
2026-07-02 05:00:00+00:00,-0.00050348
2026-07-02 06:00:00+00:00,-0.00042927
2026-07-02 07:00:00+00:00,-0.00028317
2026-07-02 08:00:00+00:00,-0.00039661
2026-07-02 09:00:00+00:00,-0.00042248
2026-07-02 10:00:00+00:00,-0.00045091
2026-07-02 11:00:00+00:00,-0.00038896
2026-07-02 12:00:00+00:00,-0.00051372
2026-07-02 13:00:00+00:00,-0.00040286
2026-07-02 14:00:00+00:00,-0.00037231
2026-07-02 15:00:00+00:00,-0.00051817
2026-07-02 16:00:00+00:00,-0.00044314
2026-07-02 17:00:00+00:00,-0.00036527
2026-07-02 18:00:00+00:00,-0.00032355
2026-07-02 19:00:00+00:00,-0.00000335
2026-07-02 20:00:00+00:00,-0.00042661
2026-07-02 21:00:00+00:00,-0.00025566
2026-07-02 22:00:00+00:00,-0.00041627
2026-07-02 23:00:00+00:00,-0.00031125
2026-07-03 00:00:00+00:00,-0.00035337
2026-07-03 01:00:00+00:00,-0.00053904
2026-07-03 02:00:00+00:00,-0.00049750
2026-07-03 03:00:00+00:00,-0.00045362
2026-07-03 04:00:00+00:00,-0.00053636
2026-07-03 05:00:00+00:00,-0.00043700
2026-07-03 06:00:00+00:00,-0.00053721
2026-07-03 07:00:00+00:00,-0.00041412
2026-07-03 08:00:00+00:00,-0.00042478
2026-07-03 09:00:00+00:00,-0.00052215
2026-07-03 10:00:00+00:00,-0.00050157
2026-07-03 11:00:00+00:00,-0.00053102
2026-07-03 12:00:00+00:00,-0.00045024
2026-07-03 13:00:00+00:00,-0.00055127
2026-07-03 14:00:00+00:00,-0.00060269
2026-07-03 15:00:00+00:00,-0.00043748
2026-07-03 16:00:00+00:00,-0.00045885
2026-07-03 17:00:00+00:00,-0.00036948
2026-07-03 18:00:00+00:00,-0.00041848
2026-07-03 19:00:00+00:00,-0.00059195
2026-07-03 20:00:00+00:00,-0.00027300
2026-07-03 21:00:00+00:00,-0.00044078
2026-07-03 22:00:00+00:00,-0.00047307
2026-07-03 23:00:00+00:00,-0.00024117
2026-07-04 00:00:00+00:00,-0.00038180
2026-07-04 01:00:00+00:00,-0.00039044
2026-07-04 02:00:00+00:00,-0.00038533
2026-07-04 03:00:00+00:00,-0.00039312
2026-07-04 04:00:00+00:00,0.00013292
2026-07-04 05:00:00+00:00,-0.00035768
2026-07-04 06:00:00+00:00,-0.00045314
2026-07-04 07:00:00+00:00,-0.00040796
2026-07-04 08:00:00+00:00,-0.00067610
2026-07-04 09:00:00+00:00,-0.00042584
2026-07-04 10:00:00+00:00,-0.00054906
2026-07-04 11:00:00+00:00,-0.00044902
2026-07-04 12:00:00+00:00,-0.00051962
2026-07-04 13:00:00+00:00,-0.00037379
2026-07-04 14:00:00+00:00,-0.00028627
2026-07-04 15:00:00+00:00,-0.00046977
2026-07-04 16:00:00+00:00,-0.00050789
2026-07-04 17:00:00+00:00,-0.00054947
2026-07-04 18:00:00+00:00,-0.00042698
2026-07-04 19:00:00+00:00,-0.00034044
2026-07-04 20:00:00+00:00,-0.00042061
2026-07-04 21:00:00+00:00,-0.00034434
2026-07-04 22:00:00+00:00,-0.00044395
2026-07-04 23:00:00+00:00,-0.00062095
2026-07-05 00:00:00+00:00,-0.00027082
2026-07-05 01:00:00+00:00,-0.00044127
2026-07-05 02:00:00+00:00,-0.00020388
2026-07-05 03:00:00+00:00,-0.00049782
2026-07-05 04:00:00+00:00,-0.00050782
2026-07-05 05:00:00+00:00,-0.00039440
2026-07-05 06:00:00+00:00,-0.00051091
2026-07-05 07:00:00+00:00,-0.00043858
2026-07-05 08:00:00+00:00,-0.00046523
2026-07-05 09:00:00+00:00,-0.00026368
2026-07-05 10:00:00+00:00,-0.00026463
2026-07-05 11:00:00+00:00,-0.00074085
2026-07-05 12:00:00+00:00,-0.00037660
2026-07-05 13:00:00+00:00,-0.00036696
2026-07-05 14:00:00+00:00,-0.00043620
2026-07-05 15:00:00+00:00,-0.00046448
2026-07-05 16:00:00+00:00,-0.00044468
2026-07-05 17:00:00+00:00,-0.00041611
2026-07-05 18:00:00+00:00,-0.00052532
2026-07-05 19:00:00+00:00,-0.00049828
2026-07-05 20:00:00+00:00,-0.00044785
2026-07-05 21:00:00+00:00,-0.00065975
2026-07-05 22:00:00+00:00,-0.00020464
2026-07-05 23:00:00+00:00,-0.00038749
2026-07-06 00:00:00+00:00,-0.00037898
2026-07-06 01:00:00+00:00,-0.00043641
2026-07-06 02:00:00+00:00,-0.00059084
2026-07-06 03:00:00+00:00,-0.00029843
2026-07-06 04:00:00+00:00,-0.00041863
2026-07-06 05:00:00+00:00,-0.00047185
2026-07-06 06:00:00+00:00,-0.00046217
2026-07-06 07:00:00+00:00,-0.00040114
2026-07-06 08:00:00+00:00,-0.00041027
2026-07-06 09:00:00+00:00,-0.00026902
2026-07-06 10:00:00+00:00,-0.00037319
2026-07-06 11:00:00+00:00,-0.00073812
2026-07-06 12:00:00+00:00,-0.00041897
2026-07-06 13:00:00+00:00,-0.00056162
2026-07-06 14:00:00+00:00,-0.00034322
2026-07-06 15:00:00+00:00,-0.00006772
2026-07-06 16:00:00+00:00,-0.00023577
2026-07-06 17:00:00+00:00,-0.00037757
2026-07-06 18:00:00+00:00,-0.00049011
2026-07-06 19:00:00+00:00,-0.00054898
2026-07-06 20:00:00+00:00,-0.00047280
2026-07-06 21:00:00+00:00,-0.00010732
2026-07-06 22:00:00+00:00,-0.00021402
2026-07-06 23:00:00+00:00,-0.00021694
2026-07-07 00:00:00+00:00,-0.00044772
2026-07-07 01:00:00+00:00,-0.00045620
2026-07-07 02:00:00+00:00,-0.00045923
2026-07-07 03:00:00+00:00,-0.00029813
2026-07-07 04:00:00+00:00,-0.00046711
2026-07-07 05:00:00+00:00,-0.00065220
2026-07-07 06:00:00+00:00,-0.00059364
2026-07-07 07:00:00+00:00,-0.00048209
2026-07-07 08:00:00+00:00,-0.00054677
2026-07-07 09:00:00+00:00,-0.00063512
2026-07-07 10:00:00+00:00,-0.00046956
2026-07-07 11:00:00+00:00,-0.00042621
2026-07-07 12:00:00+00:00,-0.00039049
2026-07-07 13:00:00+00:00,-0.00039703
2026-07-07 14:00:00+00:00,-0.00040385
2026-07-07 15:00:00+00:00,-0.00041005
2026-07-07 16:00:00+00:00,-0.00060042
2026-07-07 17:00:00+00:00,-0.00039776
2026-07-07 18:00:00+00:00,-0.00029636
2026-07-07 19:00:00+00:00,-0.00032717
2026-07-07 20:00:00+00:00,-0.00044632
2026-07-07 21:00:00+00:00,-0.00035408
2026-07-07 22:00:00+00:00,-0.00056984
2026-07-07 23:00:00+00:00,-0.00021398
2026-07-08 00:00:00+00:00,-0.00049368
2026-07-08 01:00:00+00:00,-0.00067017
2026-07-08 02:00:00+00:00,-0.00044458
2026-07-08 03:00:00+00:00,-0.00048924
2026-07-08 04:00:00+00:00,-0.00056823
2026-07-08 05:00:00+00:00,-0.00049955
2026-07-08 06:00:00+00:00,-0.00046694
2026-07-08 07:00:00+00:00,-0.00047395
2026-07-08 08:00:00+00:00,-0.00037908
2026-07-08 09:00:00+00:00,-0.00048866
2026-07-08 10:00:00+00:00,-0.00048925
2026-07-08 11:00:00+00:00,-0.00048123
2026-07-08 12:00:00+00:00,-0.00047131
2026-07-08 13:00:00+00:00,-0.00044261
2026-07-08 14:00:00+00:00,-0.00058038
2026-07-08 15:00:00+00:00,-0.00040695
2026-07-08 16:00:00+00:00,-0.00042641
2026-07-08 17:00:00+00:00,-0.00040724
2026-07-08 18:00:00+00:00,-0.00047151
2026-07-08 19:00:00+00:00,-0.00020980
2026-07-08 20:00:00+00:00,-0.00034008
2026-07-08 21:00:00+00:00,-0.00053980
2026-07-08 22:00:00+00:00,-0.00032708
2026-07-08 23:00:00+00:00,-0.00053138
2026-07-09 00:00:00+00:00,-0.00030671
2026-07-09 01:00:00+00:00,-0.00048281
2026-07-09 02:00:00+00:00,-0.00054238
2026-07-09 03:00:00+00:00,-0.00046562
2026-07-09 04:00:00+00:00,-0.00033645
2026-07-09 05:00:00+00:00,-0.00041037
2026-07-09 06:00:00+00:00,-0.00041815
2026-07-09 07:00:00+00:00,-0.00042082
2026-07-09 08:00:00+00:00,-0.00043874
2026-07-09 09:00:00+00:00,-0.00042889
2026-07-09 10:00:00+00:00,-0.00042077
2026-07-09 11:00:00+00:00,-0.00037276
2026-07-09 12:00:00+00:00,-0.00045315
2026-07-09 13:00:00+00:00,-0.00048209
2026-07-09 14:00:00+00:00,-0.00049358
2026-07-09 15:00:00+00:00,-0.00035986
2026-07-09 16:00:00+00:00,-0.00048905
2026-07-09 17:00:00+00:00,-0.00035493
2026-07-09 18:00:00+00:00,-0.00030999
2026-07-09 19:00:00+00:00,-0.00044116
2026-07-09 20:00:00+00:00,-0.00035436
2026-07-09 21:00:00+00:00,-0.00034827
2026-07-09 22:00:00+00:00,-0.00049234
2026-07-09 23:00:00+00:00,-0.00050761
2026-07-10 00:00:00+00:00,-0.00043928
2026-07-10 01:00:00+00:00,-0.00052010
2026-07-10 02:00:00+00:00,-0.00053739
2026-07-10 03:00:00+00:00,-0.00038697
2026-07-10 04:00:00+00:00,-0.00043511
2026-07-10 05:00:00+00:00,-0.00037897
2026-07-10 06:00:00+00:00,-0.00032164
2026-07-10 07:00:00+00:00,-0.00052819
2026-07-10 08:00:00+00:00,-0.00043888
2026-07-10 09:00:00+00:00,-0.00043082
2026-07-10 10:00:00+00:00,-0.00053406
2026-07-10 11:00:00+00:00,-0.00044231
2026-07-10 12:00:00+00:00,-0.00045612
2026-07-10 13:00:00+00:00,-0.00044334
2026-07-10 14:00:00+00:00,-0.00033606
2026-07-10 15:00:00+00:00,-0.00037288
2026-07-10 16:00:00+00:00,-0.00042595
2026-07-10 17:00:00+00:00,-0.00036164
2026-07-10 18:00:00+00:00,-0.00026124
2026-07-10 19:00:00+00:00,-0.00013938
2026-07-10 20:00:00+00:00,-0.00033715
2026-07-10 21:00:00+00:00,-0.00039759
2026-07-10 22:00:00+00:00,-0.00038412
2026-07-10 23:00:00+00:00,-0.00047323
2026-07-11 00:00:00+00:00,-0.00059040
2026-07-11 01:00:00+00:00,-0.00055561
2026-07-11 02:00:00+00:00,-0.00044389
2026-07-11 03:00:00+00:00,-0.00058529
2026-07-11 04:00:00+00:00,-0.00041219
2026-07-11 05:00:00+00:00,-0.00049126
2026-07-11 06:00:00+00:00,-0.00056935
2026-07-11 07:00:00+00:00,-0.00046421
2026-07-11 08:00:00+00:00,-0.00041060
2026-07-11 09:00:00+00:00,-0.00042837
2026-07-11 10:00:00+00:00,-0.00049771
2026-07-11 11:00:00+00:00,-0.00043428
2026-07-11 12:00:00+00:00,-0.00044525
2026-07-11 13:00:00+00:00,-0.00044148
2026-07-11 14:00:00+00:00,-0.00061868
2026-07-11 15:00:00+00:00,-0.00054060
2026-07-11 16:00:00+00:00,-0.00042486
2026-07-11 17:00:00+00:00,-0.00055142
2026-07-11 18:00:00+00:00,-0.00042995
2026-07-11 19:00:00+00:00,-0.00034411
2026-07-11 20:00:00+00:00,-0.00041287
2026-07-11 21:00:00+00:00,-0.00045591
2026-07-11 22:00:00+00:00,-0.00054669
2026-07-11 23:00:00+00:00,-0.00059317
2026-07-12 00:00:00+00:00,-0.00040475
2026-07-12 01:00:00+00:00,-0.00037968
2026-07-12 02:00:00+00:00,-0.00042335
2026-07-12 03:00:00+00:00,-0.00033524
2026-07-12 04:00:00+00:00,-0.00038825
2026-07-12 05:00:00+00:00,-0.00050077
2026-07-12 06:00:00+00:00,-0.00050601
2026-07-12 07:00:00+00:00,-0.00046231
2026-07-12 08:00:00+00:00,-0.00047583
2026-07-12 09:00:00+00:00,-0.00044956
2026-07-12 10:00:00+00:00,-0.00049130
2026-07-12 11:00:00+00:00,-0.00038227
2026-07-12 12:00:00+00:00,-0.00035302
2026-07-12 13:00:00+00:00,-0.00047572
2026-07-12 14:00:00+00:00,-0.00048698
2026-07-12 15:00:00+00:00,-0.00040484
2026-07-12 16:00:00+00:00,-0.00035245
2026-07-12 17:00:00+00:00,-0.00043652
2026-07-12 18:00:00+00:00,-0.00034369
2026-07-12 19:00:00+00:00,-0.00035720
2026-07-12 20:00:00+00:00,-0.00052388
2026-07-12 21:00:00+00:00,-0.00052346
2026-07-12 22:00:00+00:00,-0.00057139
2026-07-12 23:00:00+00:00,-0.00050343
2026-07-13 00:00:00+00:00,-0.00045547
2026-07-13 01:00:00+00:00,-0.00045020
2026-07-13 02:00:00+00:00,-0.00043773
2026-07-13 03:00:00+00:00,-0.00046290
2026-07-13 04:00:00+00:00,-0.00033453
2026-07-13 05:00:00+00:00,-0.00051460
2026-07-13 06:00:00+00:00,-0.00050828
2026-07-13 07:00:00+00:00,-0.00065247
2026-07-13 08:00:00+00:00,-0.00046323
2026-07-13 09:00:00+00:00,-0.00038622
2026-07-13 10:00:00+00:00,-0.00036184
2026-07-13 11:00:00+00:00,-0.00032260
2026-07-13 12:00:00+00:00,-0.00040541
2026-07-13 13:00:00+00:00,-0.00036505
2026-07-13 14:00:00+00:00,-0.00015297
2026-07-13 15:00:00+00:00,-0.00018554
2026-07-13 16:00:00+00:00,-0.00021174
2026-07-13 17:00:00+00:00,-0.00032929
2026-07-13 18:00:00+00:00,-0.00045666
2026-07-13 19:00:00+00:00,-0.00040378
2026-07-13 20:00:00+00:00,-0.00042266
2026-07-13 21:00:00+00:00,-0.00056759
2026-07-13 22:00:00+00:00,-0.00042829
2026-07-13 23:00:00+00:00,-0.00037521
2026-07-14 00:00:00+00:00,-0.00057370
2026-07-14 01:00:00+00:00,-0.00053180
2026-07-14 02:00:00+00:00,-0.00054701
2026-07-14 03:00:00+00:00,-0.00049535
2026-07-14 04:00:00+00:00,-0.00049308
2026-07-14 05:00:00+00:00,-0.00053658
2026-07-14 06:00:00+00:00,-0.00034436
2026-07-14 07:00:00+00:00,-0.00043806
2026-07-14 08:00:00+00:00,-0.00040183
2026-07-14 09:00:00+00:00,-0.00040779
2026-07-14 10:00:00+00:00,-0.00054192
2026-07-14 11:00:00+00:00,-0.00061041
2026-07-14 12:00:00+00:00,-0.00038575
2026-07-14 13:00:00+00:00,-0.00058254
2026-07-14 14:00:00+00:00,-0.00040557
2026-07-14 15:00:00+00:00,-0.00033251
2026-07-14 16:00:00+00:00,-0.00045843
2026-07-14 17:00:00+00:00,-0.00042094
2026-07-14 18:00:00+00:00,-0.00043844
2026-07-14 19:00:00+00:00,-0.00044239
2026-07-14 20:00:00+00:00,-0.00049181
2026-07-14 21:00:00+00:00,-0.00038509
2026-07-14 22:00:00+00:00,-0.00041588
2026-07-14 23:00:00+00:00,-0.00039020
2026-07-15 00:00:00+00:00,-0.00038569
2026-07-15 01:00:00+00:00,-0.00041108
2026-07-15 02:00:00+00:00,-0.00031123
2026-07-15 03:00:00+00:00,-0.00048498
2026-07-15 04:00:00+00:00,-0.00039168
2026-07-15 05:00:00+00:00,-0.00020659
2026-07-15 06:00:00+00:00,-0.00033482
2026-07-15 07:00:00+00:00,-0.00028139
2026-07-15 08:00:00+00:00,-0.00037196
2026-07-15 09:00:00+00:00,-0.00037910
2026-07-15 10:00:00+00:00,-0.00038679
2026-07-15 11:00:00+00:00,-0.00044588
2026-07-15 12:00:00+00:00,-0.00043912
2026-07-15 13:00:00+00:00,-0.00049965
2026-07-15 14:00:00+00:00,-0.00052475
2026-07-15 15:00:00+00:00,-0.00054589
2026-07-15 16:00:00+00:00,-0.00061548
2026-07-15 17:00:00+00:00,-0.00048934
2026-07-15 18:00:00+00:00,-0.00045447
2026-07-15 19:00:00+00:00,-0.00049132
2026-07-15 20:00:00+00:00,-0.00049467
2026-07-15 21:00:00+00:00,-0.00042188
2026-07-15 22:00:00+00:00,-0.00056993
2026-07-15 23:00:00+00:00,-0.00056244
2026-07-16 00:00:00+00:00,-0.00051184
2026-07-16 01:00:00+00:00,-0.00059206
2026-07-16 02:00:00+00:00,-0.00041182
2026-07-16 03:00:00+00:00,-0.00038302
2026-07-16 04:00:00+00:00,-0.00045606
2026-07-16 05:00:00+00:00,-0.00030295
2026-07-16 06:00:00+00:00,-0.00027200
2026-07-16 07:00:00+00:00,-0.00047306
2026-07-16 08:00:00+00:00,-0.00038271
2026-07-16 09:00:00+00:00,-0.00039582
2026-07-16 10:00:00+00:00,-0.00044139
2026-07-16 11:00:00+00:00,-0.00045498
2026-07-16 12:00:00+00:00,-0.00048942
2026-07-16 13:00:00+00:00,-0.00019806
2026-07-16 14:00:00+00:00,-0.00047071
2026-07-16 15:00:00+00:00,-0.00025751
2026-07-16 16:00:00+00:00,-0.00052522
2026-07-16 17:00:00+00:00,-0.00037152
2026-07-16 18:00:00+00:00,-0.00051321
2026-07-16 19:00:00+00:00,-0.00039442
2026-07-16 20:00:00+00:00,-0.00043767
2026-07-16 21:00:00+00:00,-0.00037090
2026-07-16 22:00:00+00:00,-0.00032877
2026-07-16 23:00:00+00:00,-0.00053690
2026-07-17 00:00:00+00:00,-0.00020876
2026-07-17 01:00:00+00:00,-0.00053879
2026-07-17 02:00:00+00:00,-0.00036967
2026-07-17 03:00:00+00:00,-0.00058026
2026-07-17 04:00:00+00:00,-0.00039150
2026-07-17 05:00:00+00:00,-0.00052240
2026-07-17 06:00:00+00:00,-0.00052299
2026-07-17 07:00:00+00:00,-0.00055034
2026-07-17 08:00:00+00:00,-0.00053578
2026-07-17 09:00:00+00:00,-0.00048220
2026-07-17 10:00:00+00:00,-0.00053664
2026-07-17 11:00:00+00:00,-0.00054753
2026-07-17 12:00:00+00:00,-0.00054769
2026-07-17 13:00:00+00:00,0.00019609
2026-07-17 14:00:00+00:00,-0.00062448
2026-07-17 15:00:00+00:00,-0.00020663
2026-07-17 16:00:00+00:00,-0.00054238
2026-07-17 17:00:00+00:00,-0.00057454
2026-07-17 18:00:00+00:00,-0.00055351
2026-07-17 19:00:00+00:00,-0.00057719
2026-07-17 20:00:00+00:00,-0.00056870
2026-07-17 21:00:00+00:00,-0.00022816
2026-07-17 22:00:00+00:00,-0.00035545
2026-07-17 23:00:00+00:00,-0.00044088
2026-07-18 00:00:00+00:00,-0.00025078
2026-07-18 01:00:00+00:00,-0.00042672
2026-07-18 02:00:00+00:00,-0.00047202
2026-07-18 03:00:00+00:00,-0.00037213
2026-07-18 04:00:00+00:00,-0.00036828
2026-07-18 05:00:00+00:00,-0.00036495
2026-07-18 06:00:00+00:00,-0.00040524
2026-07-18 07:00:00+00:00,-0.00029035
2026-07-18 08:00:00+00:00,-0.00037700
2026-07-18 09:00:00+00:00,-0.00040349
2026-07-18 10:00:00+00:00,-0.00048304
2026-07-18 11:00:00+00:00,-0.00049339
2026-07-18 12:00:00+00:00,-0.00053484
2026-07-18 13:00:00+00:00,-0.00029089
2026-07-18 14:00:00+00:00,-0.00046943
2026-07-18 15:00:00+00:00,-0.00048974
2026-07-18 16:00:00+00:00,-0.00048945
2026-07-18 17:00:00+00:00,-0.00053173
2026-07-18 18:00:00+00:00,-0.00055695
2026-07-18 19:00:00+00:00,-0.00050470
2026-07-18 20:00:00+00:00,-0.00048717
2026-07-18 21:00:00+00:00,-0.00063877
2026-07-18 22:00:00+00:00,-0.00058476
2026-07-18 23:00:00+00:00,-0.00038531
2026-07-19 00:00:00+00:00,-0.00049936
2026-07-19 01:00:00+00:00,-0.00035392
2026-07-19 02:00:00+00:00,-0.00052236
2026-07-19 03:00:00+00:00,-0.00035392
2026-07-19 04:00:00+00:00,-0.00052903
2026-07-19 05:00:00+00:00,-0.00047302
2026-07-19 06:00:00+00:00,-0.00046886
2026-07-19 07:00:00+00:00,-0.00032663
2026-07-19 08:00:00+00:00,-0.00047874
2026-07-19 09:00:00+00:00,-0.00032908
2026-07-19 10:00:00+00:00,-0.00049739
2026-07-19 11:00:00+00:00,-0.00034789
2026-07-19 12:00:00+00:00,-0.00039374
2026-07-19 13:00:00+00:00,-0.00051057
2026-07-19 14:00:00+00:00,-0.00050106
2026-07-19 15:00:00+00:00,-0.00047003
2026-07-19 16:00:00+00:00,-0.00045919
2026-07-19 17:00:00+00:00,-0.00044932
2026-07-19 18:00:00+00:00,-0.00025297
2026-07-19 19:00:00+00:00,-0.00034139
2026-07-19 20:00:00+00:00,-0.00017182
2026-07-19 21:00:00+00:00,-0.00036462
2026-07-19 22:00:00+00:00,-0.00052683
2026-07-19 23:00:00+00:00,-0.00049624
2026-07-20 00:00:00+00:00,-0.00045862
2026-07-20 01:00:00+00:00,-0.00054459
2026-07-20 02:00:00+00:00,-0.00040098
2026-07-20 03:00:00+00:00,0.00022907
2026-07-20 04:00:00+00:00,-0.00056182
2026-07-20 05:00:00+00:00,-0.00039091
2026-07-20 06:00:00+00:00,-0.00039140
2026-07-20 07:00:00+00:00,-0.00037550
2026-07-20 08:00:00+00:00,-0.00029452
2026-07-20 09:00:00+00:00,-0.00038829
2026-07-20 10:00:00+00:00,-0.00028769
2026-07-20 11:00:00+00:00,-0.00050476
2026-07-20 12:00:00+00:00,-0.00033576
2026-07-20 13:00:00+00:00,-0.00051724
2026-07-20 14:00:00+00:00,-0.00050520
2026-07-20 15:00:00+00:00,-0.00047531
2026-07-20 16:00:00+00:00,-0.00039736
2026-07-20 17:00:00+00:00,-0.00040174
2026-07-20 18:00:00+00:00,-0.00051841
2026-07-20 19:00:00+00:00,-0.00043784
2026-07-20 20:00:00+00:00,-0.00037856
2026-07-20 21:00:00+00:00,-0.00046676
2026-07-20 22:00:00+00:00,-0.00037357
2026-07-20 23:00:00+00:00,-0.00050754
2026-07-21 00:00:00+00:00,-0.00044242
2026-07-21 01:00:00+00:00,-0.00049342
2026-07-21 02:00:00+00:00,-0.00046269
2026-07-21 03:00:00+00:00,-0.00044379
2026-07-21 04:00:00+00:00,-0.00045520
2026-07-21 05:00:00+00:00,-0.00029897
2026-07-21 06:00:00+00:00,-0.00037847
2026-07-21 07:00:00+00:00,-0.00031648
2026-07-21 08:00:00+00:00,-0.00043095
2026-07-21 09:00:00+00:00,-0.00040274
2026-07-21 10:00:00+00:00,-0.00033480
2026-07-21 11:00:00+00:00,-0.00039373
2026-07-21 12:00:00+00:00,-0.00048134
2026-07-21 13:00:00+00:00,-0.00055010
2026-07-21 14:00:00+00:00,-0.00060181
2026-07-21 15:00:00+00:00,-0.00052169
2026-07-21 16:00:00+00:00,-0.00069797
2026-07-21 17:00:00+00:00,-0.00039266
2026-07-21 18:00:00+00:00,-0.00044330
2026-07-21 19:00:00+00:00,-0.00053758
2026-07-21 20:00:00+00:00,-0.00051788
2026-07-21 21:00:00+00:00,-0.00041859
2026-07-21 22:00:00+00:00,-0.00044635
2026-07-21 23:00:00+00:00,-0.00049190
2026-07-22 00:00:00+00:00,-0.00061703
2026-07-22 01:00:00+00:00,-0.00041034
2026-07-22 02:00:00+00:00,-0.00046326
2026-07-22 03:00:00+00:00,-0.00043632
2026-07-22 04:00:00+00:00,-0.00041524
2026-07-22 05:00:00+00:00,-0.00033226
2026-07-22 06:00:00+00:00,-0.00040810
2026-07-22 07:00:00+00:00,-0.00047290
2026-07-22 08:00:00+00:00,-0.00053639
2026-07-22 09:00:00+00:00,-0.00041814
2026-07-22 10:00:00+00:00,-0.00038623
2026-07-22 11:00:00+00:00,-0.00050417
2026-07-22 12:00:00+00:00,-0.00046320
2026-07-22 13:00:00+00:00,-0.00046613
2026-07-22 14:00:00+00:00,-0.00035730
2026-07-22 15:00:00+00:00,-0.00047464
2026-07-22 16:00:00+00:00,-0.00048459
2026-07-22 17:00:00+00:00,-0.00042355
2026-07-22 18:00:00+00:00,-0.00046351
2026-07-22 19:00:00+00:00,-0.00056183
2026-07-22 20:00:00+00:00,-0.00051824
2026-07-22 21:00:00+00:00,-0.00049871
2026-07-22 22:00:00+00:00,-0.00041551
2026-07-22 23:00:00+00:00,-0.00049699
2026-07-23 00:00:00+00:00,-0.00046842
2026-07-23 01:00:00+00:00,-0.00053694
2026-07-23 02:00:00+00:00,-0.00045364
2026-07-23 03:00:00+00:00,-0.00051365
2026-07-23 04:00:00+00:00,-0.00047792
2026-07-23 05:00:00+00:00,-0.00045114
2026-07-23 06:00:00+00:00,-0.00041147
2026-07-23 07:00:00+00:00,-0.00057791
2026-07-23 08:00:00+00:00,-0.00046433
2026-07-23 09:00:00+00:00,-0.00044604
2026-07-23 10:00:00+00:00,-0.00049579
2026-07-23 11:00:00+00:00,-0.00049773
2026-07-23 12:00:00+00:00,-0.00020902
2026-07-23 13:00:00+00:00,-0.00042472
2026-07-23 14:00:00+00:00,-0.00027709
2026-07-23 15:00:00+00:00,-0.00046441
2026-07-23 16:00:00+00:00,-0.00046242
2026-07-23 17:00:00+00:00,-0.00030358
2026-07-23 18:00:00+00:00,-0.00043303
2026-07-23 19:00:00+00:00,-0.00037040
2026-07-23 20:00:00+00:00,-0.00043135
2026-07-23 21:00:00+00:00,-0.00040266
2026-07-23 22:00:00+00:00,-0.00052274
2026-07-23 23:00:00+00:00,-0.00035814
2026-07-24 00:00:00+00:00,-0.00018291
2026-07-24 01:00:00+00:00,-0.00055885
2026-07-24 02:00:00+00:00,-0.00030850
2026-07-24 03:00:00+00:00,-0.00044479
2026-07-24 04:00:00+00:00,-0.00040372
2026-07-24 05:00:00+00:00,-0.00057474
2026-07-24 06:00:00+00:00,-0.00045543
2026-07-24 07:00:00+00:00,-0.00045766
2026-07-24 08:00:00+00:00,-0.00054986
2026-07-24 09:00:00+00:00,-0.00031616
2026-07-24 10:00:00+00:00,-0.00031818
2026-07-24 11:00:00+00:00,-0.00043930
2026-07-24 12:00:00+00:00,-0.00046282
2026-07-24 13:00:00+00:00,-0.00030422
2026-07-24 14:00:00+00:00,-0.00029336
2026-07-24 15:00:00+00:00,-0.00032033
2026-07-24 16:00:00+00:00,-0.00045712
2026-07-24 17:00:00+00:00,-0.00038064
2026-07-24 18:00:00+00:00,-0.00046646
2026-07-24 19:00:00+00:00,-0.00038191
2026-07-24 20:00:00+00:00,-0.00049477
2026-07-24 21:00:00+00:00,-0.00056102
2026-07-24 22:00:00+00:00,-0.00051978
2026-07-24 23:00:00+00:00,-0.00039190
2026-07-25 00:00:00+00:00,-0.00033643
2026-07-25 01:00:00+00:00,-0.00052891
2026-07-25 02:00:00+00:00,-0.00051144
2026-07-25 03:00:00+00:00,-0.00038390
2026-07-25 04:00:00+00:00,-0.00046709
2026-07-25 05:00:00+00:00,-0.00045450
2026-07-25 06:00:00+00:00,-0.00034271
2026-07-25 07:00:00+00:00,-0.00051073
2026-07-25 08:00:00+00:00,-0.00046642
2026-07-25 09:00:00+00:00,-0.00049274
2026-07-25 10:00:00+00:00,-0.00038313
2026-07-25 11:00:00+00:00,-0.00047395
2026-07-25 12:00:00+00:00,-0.00043658
2026-07-25 13:00:00+00:00,-0.00060258
2026-07-25 14:00:00+00:00,-0.00052761
2026-07-25 15:00:00+00:00,-0.00048453
2026-07-25 16:00:00+00:00,-0.00041311
2026-07-25 17:00:00+00:00,-0.00034731
2026-07-25 18:00:00+00:00,-0.00047117
2026-07-25 19:00:00+00:00,-0.00047109
2026-07-25 20:00:00+00:00,-0.00041655
2026-07-25 21:00:00+00:00,-0.00041896
2026-07-25 22:00:00+00:00,-0.00048717
2026-07-25 23:00:00+00:00,-0.00047380
2026-07-26 00:00:00+00:00,-0.00035191
2026-07-26 01:00:00+00:00,-0.00039149
2026-07-26 02:00:00+00:00,-0.00050862
2026-07-26 03:00:00+00:00,-0.00035368
2026-07-26 04:00:00+00:00,-0.00054406
2026-07-26 05:00:00+00:00,-0.00046891
2026-07-26 06:00:00+00:00,-0.00038669
2026-07-26 07:00:00+00:00,-0.00039191
2026-07-26 08:00:00+00:00,-0.00048967
2026-07-26 09:00:00+00:00,-0.00037630
2026-07-26 10:00:00+00:00,-0.00038187
2026-07-26 11:00:00+00:00,-0.00038318
2026-07-26 12:00:00+00:00,-0.00052974
2026-07-26 13:00:00+00:00,-0.00045320
2026-07-26 14:00:00+00:00,-0.00040404
2026-07-26 15:00:00+00:00,-0.00051888
2026-07-26 16:00:00+00:00,-0.00052066
2026-07-26 17:00:00+00:00,-0.00042074
2026-07-26 18:00:00+00:00,-0.00049866
2026-07-26 19:00:00+00:00,-0.00051473
2026-07-26 20:00:00+00:00,-0.00046197
2026-07-26 21:00:00+00:00,-0.00052641
2026-07-26 22:00:00+00:00,-0.00039574
2026-07-26 23:00:00+00:00,-0.00030892
2026-07-27 00:00:00+00:00,-0.00017125
2026-07-27 01:00:00+00:00,-0.00037315
2026-07-27 02:00:00+00:00,-0.00058164
2026-07-27 03:00:00+00:00,-0.00033935
2026-07-27 04:00:00+00:00,-0.00045568
2026-07-27 05:00:00+00:00,-0.00047328
2026-07-27 06:00:00+00:00,-0.00045375
2026-07-27 07:00:00+00:00,-0.00052709
2026-07-27 08:00:00+00:00,-0.00047388
2026-07-27 09:00:00+00:00,-0.00041611
2026-07-27 10:00:00+00:00,-0.00034320
2026-07-27 11:00:00+00:00,-0.00046601
2026-07-27 12:00:00+00:00,-0.00034172
2026-07-27 13:00:00+00:00,-0.00051574
2026-07-27 14:00:00+00:00,-0.00042024
2026-07-27 15:00:00+00:00,-0.00066609
2026-07-27 16:00:00+00:00,-0.00046654
2026-07-27 17:00:00+00:00,-0.00040450
2026-07-27 18:00:00+00:00,-0.00035879
2026-07-27 19:00:00+00:00,-0.00024806
2026-07-27 20:00:00+00:00,-0.00033866
2026-07-27 21:00:00+00:00,-0.00046618
2026-07-27 22:00:00+00:00,-0.00065005
2026-07-27 23:00:00+00:00,-0.00055678
2026-07-28 00:00:00+00:00,-0.00047334
2026-07-28 01:00:00+00:00,-0.00052251
2026-07-28 02:00:00+00:00,-0.00060469
2026-07-28 03:00:00+00:00,-0.00051881
2026-07-28 04:00:00+00:00,-0.00040089
2026-07-28 05:00:00+00:00,-0.00057442
2026-07-28 06:00:00+00:00,-0.00048289
2026-07-28 07:00:00+00:00,-0.00047761
2026-07-28 08:00:00+00:00,-0.00041264
2026-07-28 09:00:00+00:00,-0.00042997
2026-07-28 10:00:00+00:00,-0.00055222
2026-07-28 11:00:00+00:00,-0.00071103
2026-07-28 12:00:00+00:00,-0.00038279
2026-07-28 13:00:00+00:00,-0.00037492
2026-07-28 14:00:00+00:00,-0.00039220
2026-07-28 15:00:00+00:00,-0.00045977
2026-07-28 16:00:00+00:00,-0.00034190
2026-07-28 17:00:00+00:00,-0.00020333
2026-07-28 18:00:00+00:00,-0.00035085
2026-07-28 19:00:00+00:00,-0.00025794
2026-07-28 20:00:00+00:00,-0.00041306
2026-07-28 21:00:00+00:00,-0.00035058
2026-07-28 22:00:00+00:00,-0.00055665
2026-07-28 23:00:00+00:00,-0.00030271
2026-07-29 00:00:00+00:00,-0.00036673
2026-07-29 01:00:00+00:00,-0.00026419
2026-07-29 02:00:00+00:00,-0.00030651
2026-07-29 03:00:00+00:00,-0.00039143
2026-07-29 04:00:00+00:00,-0.00037158
2026-07-29 05:00:00+00:00,-0.00033313
2026-07-29 06:00:00+00:00,-0.00038823
2026-07-29 07:00:00+00:00,-0.00045826
2026-07-29 08:00:00+00:00,-0.00041434
2026-07-29 09:00:00+00:00,-0.00064150
2026-07-29 10:00:00+00:00,-0.00042474
2026-07-29 11:00:00+00:00,-0.00045549
2026-07-29 12:00:00+00:00,-0.00043743
2026-07-29 13:00:00+00:00,-0.00036174
2026-07-29 14:00:00+00:00,-0.00050106
2026-07-29 15:00:00+00:00,-0.00045744
2026-07-29 16:00:00+00:00,-0.00029849
2026-07-29 17:00:00+00:00,-0.00013168
2026-07-29 18:00:00+00:00,-0.00024175
2026-07-29 19:00:00+00:00,-0.00023411
2026-07-29 20:00:00+00:00,-0.00044051
2026-07-29 21:00:00+00:00,-0.00044320
2026-07-29 22:00:00+00:00,-0.00036832
2026-07-29 23:00:00+00:00,-0.00036392
2026-07-30 00:00:00+00:00,-0.00016738
2026-07-30 01:00:00+00:00,-0.00034552
2026-07-30 02:00:00+00:00,-0.00038989
2026-07-30 03:00:00+00:00,-0.00057462
2026-07-30 04:00:00+00:00,-0.00039546
2026-07-30 05:00:00+00:00,-0.00032455
2026-07-30 06:00:00+00:00,-0.00038994
2026-07-30 07:00:00+00:00,-0.00057738
2026-07-30 08:00:00+00:00,-0.00039190
2026-07-30 09:00:00+00:00,-0.00027314
2026-07-30 10:00:00+00:00,-0.00031720
2026-07-30 11:00:00+00:00,-0.00043834
2026-07-30 12:00:00+00:00,-0.00045805
2026-07-30 13:00:00+00:00,-0.00047988
2026-07-30 14:00:00+00:00,-0.00056581
2026-07-30 15:00:00+00:00,-0.00054493
2026-07-30 16:00:00+00:00,-0.00045867
2026-07-30 17:00:00+00:00,-0.00043797
2026-07-30 18:00:00+00:00,-0.00052999
2026-07-30 19:00:00+00:00,-0.00049972
2026-07-30 20:00:00+00:00,-0.00042232
2026-07-30 21:00:00+00:00,-0.00045815
2026-07-30 22:00:00+00:00,-0.00028259
2026-07-30 23:00:00+00:00,-0.00048191
2026-07-31 00:00:00+00:00,-0.00043532
2026-07-31 01:00:00+00:00,-0.00042510
2026-07-31 02:00:00+00:00,-0.00031384
2026-07-31 03:00:00+00:00,-0.00046489
2026-07-31 04:00:00+00:00,-0.00043096
2026-07-31 05:00:00+00:00,-0.00037583
2026-07-31 06:00:00+00:00,-0.00032073
2026-07-31 07:00:00+00:00,-0.00065154
2026-07-31 08:00:00+00:00,-0.00049482
2026-07-31 09:00:00+00:00,-0.00050232
2026-07-31 10:00:00+00:00,-0.00056311
2026-07-31 11:00:00+00:00,-0.00041773
2026-07-31 12:00:00+00:00,-0.00044579
2026-07-31 13:00:00+00:00,-0.00031995
2026-07-31 14:00:00+00:00,-0.00037976
2026-07-31 15:00:00+00:00,-0.00039186
2026-07-31 16:00:00+00:00,-0.00037136
2026-07-31 17:00:00+00:00,-0.00046223
2026-07-31 18:00:00+00:00,-0.00055903
2026-07-31 19:00:00+00:00,-0.00044669
2026-07-31 20:00:00+00:00,-0.00033041
2026-07-31 21:00:00+00:00,-0.00037045
2026-07-31 22:00:00+00:00,-0.00052211
2026-07-31 23:00:00+00:00,-0.00043078
2026-08-01 00:00:00+00:00,-0.00050228
2026-08-01 01:00:00+00:00,-0.00052469
2026-08-01 02:00:00+00:00,-0.00056322
2026-08-01 03:00:00+00:00,-0.00047895
2026-08-01 04:00:00+00:00,-0.00054326
2026-08-01 05:00:00+00:00,-0.00042953
2026-08-01 06:00:00+00:00,-0.00044348
2026-08-01 07:00:00+00:00,-0.00051000
2026-08-01 08:00:00+00:00,-0.00053957
2026-08-01 09:00:00+00:00,-0.00049033
2026-08-01 10:00:00+00:00,-0.00049064
2026-08-01 11:00:00+00:00,-0.00050893
2026-08-01 12:00:00+00:00,-0.00051573
2026-08-01 13:00:00+00:00,-0.00050934
2026-08-01 14:00:00+00:00,-0.00045044
2026-08-01 15:00:00+00:00,-0.00048826
2026-08-01 16:00:00+00:00,-0.00039390
2026-08-01 17:00:00+00:00,-0.00041319
2026-08-01 18:00:00+00:00,-0.00042956
2026-08-01 19:00:00+00:00,-0.00043289
2026-08-01 20:00:00+00:00,-0.00050526
2026-08-01 21:00:00+00:00,-0.00039278
2026-08-01 22:00:00+00:00,-0.00050615
2026-08-01 23:00:00+00:00,-0.00046270
2026-08-02 00:00:00+00:00,-0.00041006
2026-08-02 01:00:00+00:00,-0.00041274
2026-08-02 02:00:00+00:00,-0.00035606
2026-08-02 03:00:00+00:00,-0.00035106
2026-08-02 04:00:00+00:00,-0.00050767
2026-08-02 05:00:00+00:00,-0.00039301
2026-08-02 06:00:00+00:00,-0.00039415
2026-08-02 07:00:00+00:00,-0.00045837
2026-08-02 08:00:00+00:00,-0.00031365
2026-08-02 09:00:00+00:00,-0.00035416
2026-08-02 10:00:00+00:00,-0.00043412
2026-08-02 11:00:00+00:00,-0.00033039
2026-08-02 12:00:00+00:00,-0.00041968
2026-08-02 13:00:00+00:00,-0.00043548
2026-08-02 14:00:00+00:00,-0.00044317
2026-08-02 15:00:00+00:00,-0.00042202
2026-08-02 16:00:00+00:00,-0.00039074
2026-08-02 17:00:00+00:00,-0.00032182
2026-08-02 18:00:00+00:00,-0.00036104
2026-08-02 19:00:00+00:00,-0.00036490
2026-08-02 20:00:00+00:00,-0.00031145
2026-08-02 21:00:00+00:00,-0.00026720
2026-08-02 22:00:00+00:00,-0.00040327
2026-08-02 23:00:00+00:00,-0.00029052
2026-08-03 00:00:00+00:00,-0.00026661
2026-08-03 01:00:00+00:00,-0.00038998
2026-08-03 02:00:00+00:00,-0.00034579
2026-08-03 03:00:00+00:00,-0.00057690
2026-08-03 04:00:00+00:00,-0.00035220
2026-08-03 05:00:00+00:00,-0.00042272
2026-08-03 06:00:00+00:00,-0.00041932
2026-08-03 07:00:00+00:00,-0.00051603
2026-08-03 08:00:00+00:00,-0.00044860
2026-08-03 09:00:00+00:00,-0.00046830
2026-08-03 10:00:00+00:00,-0.00054598
2026-08-03 11:00:00+00:00,-0.00036278
2026-08-03 12:00:00+00:00,-0.00052206
2026-08-03 13:00:00+00:00,-0.00077192
2026-08-03 14:00:00+00:00,-0.00059801
2026-08-03 15:00:00+00:00,-0.00046757
2026-08-03 16:00:00+00:00,-0.00057473
2026-08-03 17:00:00+00:00,-0.00048062
2026-08-03 18:00:00+00:00,-0.00057476
2026-08-03 19:00:00+00:00,-0.00062682
2026-08-03 20:00:00+00:00,-0.00046676
2026-08-03 21:00:00+00:00,-0.00042585
2026-08-03 22:00:00+00:00,-0.00043679
2026-08-03 23:00:00+00:00,-0.00038503
2026-08-04 00:00:00+00:00,-0.00039416
2026-08-04 01:00:00+00:00,-0.00046790
2026-08-04 02:00:00+00:00,-0.00033304
2026-08-04 03:00:00+00:00,-0.00045866
2026-08-04 04:00:00+00:00,-0.00051330
2026-08-04 05:00:00+00:00,-0.00038470
2026-08-04 06:00:00+00:00,-0.00032357
2026-08-04 07:00:00+00:00,-0.00036295
2026-08-04 08:00:00+00:00,-0.00050926
2026-08-04 09:00:00+00:00,-0.00039089
2026-08-04 10:00:00+00:00,-0.00034648
2026-08-04 11:00:00+00:00,-0.00040791
2026-08-04 12:00:00+00:00,-0.00058993
2026-08-04 13:00:00+00:00,-0.00039876
2026-08-04 14:00:00+00:00,-0.00052141
2026-08-04 15:00:00+00:00,-0.00051899
2026-08-04 16:00:00+00:00,-0.00038849
2026-08-04 17:00:00+00:00,-0.00056683
2026-08-04 18:00:00+00:00,-0.00053629
2026-08-04 19:00:00+00:00,-0.00057117
2026-08-04 20:00:00+00:00,-0.00039592
2026-08-04 21:00:00+00:00,-0.00040235
2026-08-04 22:00:00+00:00,-0.00048567
2026-08-04 23:00:00+00:00,-0.00043227
2026-08-05 00:00:00+00:00,-0.00041993
2026-08-05 01:00:00+00:00,-0.00039349
2026-08-05 02:00:00+00:00,-0.00049414
2026-08-05 03:00:00+00:00,-0.00057358
2026-08-05 04:00:00+00:00,-0.00057436
2026-08-05 05:00:00+00:00,-0.00042529
2026-08-05 06:00:00+00:00,-0.00045002
2026-08-05 07:00:00+00:00,-0.00035046
2026-08-05 08:00:00+00:00,-0.00036993
2026-08-05 09:00:00+00:00,-0.00046884
2026-08-05 10:00:00+00:00,-0.00047551
2026-08-05 11:00:00+00:00,-0.00046433
2026-08-05 12:00:00+00:00,-0.00069300
2026-08-05 13:00:00+00:00,-0.00032647
2026-08-05 14:00:00+00:00,-0.00054479
2026-08-05 15:00:00+00:00,-0.00052015
2026-08-05 16:00:00+00:00,-0.00044906
2026-08-05 17:00:00+00:00,-0.00061407
2026-08-05 18:00:00+00:00,-0.00043226
2026-08-05 19:00:00+00:00,-0.00067787
2026-08-05 20:00:00+00:00,-0.00046992
2026-08-05 21:00:00+00:00,-0.00039310
2026-08-05 22:00:00+00:00,-0.00040292
2026-08-05 23:00:00+00:00,-0.00048791
2026-08-06 00:00:00+00:00,-0.00056172
2026-08-06 01:00:00+00:00,-0.00039294
2026-08-06 02:00:00+00:00,-0.00042493
2026-08-06 03:00:00+00:00,-0.00055929
2026-08-06 04:00:00+00:00,-0.00055152
2026-08-06 05:00:00+00:00,-0.00036949
2026-08-06 06:00:00+00:00,-0.00043951
2026-08-06 07:00:00+00:00,-0.00041143
2026-08-06 08:00:00+00:00,-0.00049743
2026-08-06 09:00:00+00:00,-0.00059769
2026-08-06 10:00:00+00:00,-0.00053011
2026-08-06 11:00:00+00:00,-0.00049794
2026-08-06 12:00:00+00:00,-0.00049011
2026-08-06 13:00:00+00:00,-0.00051697
2026-08-06 14:00:00+00:00,-0.00052090
2026-08-06 15:00:00+00:00,-0.00043646
2026-08-06 16:00:00+00:00,-0.00045955
2026-08-06 17:00:00+00:00,-0.00056443
2026-08-06 18:00:00+00:00,-0.00054922
2026-08-06 19:00:00+00:00,-0.00056042
2026-08-06 20:00:00+00:00,-0.00056428
2026-08-06 21:00:00+00:00,-0.00050468
2026-08-06 22:00:00+00:00,-0.00051508
2026-08-06 23:00:00+00:00,-0.00032474
2026-08-07 00:00:00+00:00,-0.00039597
2026-08-07 01:00:00+00:00,-0.00046639
2026-08-07 02:00:00+00:00,-0.00045635
2026-08-07 03:00:00+00:00,-0.00042939
2026-08-07 04:00:00+00:00,-0.00045884
2026-08-07 05:00:00+00:00,-0.00046815
2026-08-07 06:00:00+00:00,-0.00043523
2026-08-07 07:00:00+00:00,-0.00046838
2026-08-07 08:00:00+00:00,-0.00033274
2026-08-07 09:00:00+00:00,-0.00043034
2026-08-07 10:00:00+00:00,-0.00039577
2026-08-07 11:00:00+00:00,-0.00044425
2026-08-07 12:00:00+00:00,-0.00034477
2026-08-07 13:00:00+00:00,-0.00030687
2026-08-07 14:00:00+00:00,-0.00044194
2026-08-07 15:00:00+00:00,-0.00041337
2026-08-07 16:00:00+00:00,-0.00054012
2026-08-07 17:00:00+00:00,-0.00037663
2026-08-07 18:00:00+00:00,-0.00029355
2026-08-07 19:00:00+00:00,-0.00046693
2026-08-07 20:00:00+00:00,-0.00048742
2026-08-07 21:00:00+00:00,-0.00055305
2026-08-07 22:00:00+00:00,-0.00043850
2026-08-07 23:00:00+00:00,-0.00054210
2026-08-08 00:00:00+00:00,-0.00055316
2026-08-08 01:00:00+00:00,-0.00049513
2026-08-08 02:00:00+00:00,-0.00048262
2026-08-08 03:00:00+00:00,-0.00041494
2026-08-08 04:00:00+00:00,-0.00052379
2026-08-08 05:00:00+00:00,-0.00047976
2026-08-08 06:00:00+00:00,-0.00044671
2026-08-08 07:00:00+00:00,-0.00036766
2026-08-08 08:00:00+00:00,-0.00047129
2026-08-08 09:00:00+00:00,-0.00049184
2026-08-08 10:00:00+00:00,-0.00041730
2026-08-08 11:00:00+00:00,-0.00042174
2026-08-08 12:00:00+00:00,-0.00050929
2026-08-08 13:00:00+00:00,-0.00046953
2026-08-08 14:00:00+00:00,-0.00042511
2026-08-08 15:00:00+00:00,-0.00045423
2026-08-08 16:00:00+00:00,-0.00041821
2026-08-08 17:00:00+00:00,-0.00047084
2026-08-08 18:00:00+00:00,-0.00042369
2026-08-08 19:00:00+00:00,-0.00047572
2026-08-08 20:00:00+00:00,-0.00054621
2026-08-08 21:00:00+00:00,-0.00036651
2026-08-08 22:00:00+00:00,-0.00052618
2026-08-08 23:00:00+00:00,-0.00050760
2026-08-09 00:00:00+00:00,-0.00035115
2026-08-09 01:00:00+00:00,-0.00039062
2026-08-09 02:00:00+00:00,-0.00033770
2026-08-09 03:00:00+00:00,-0.00049427
2026-08-09 04:00:00+00:00,-0.00040939
2026-08-09 05:00:00+00:00,-0.00034226
2026-08-09 06:00:00+00:00,-0.00045490
2026-08-09 07:00:00+00:00,-0.00053687
2026-08-09 08:00:00+00:00,-0.00044438
2026-08-09 09:00:00+00:00,-0.00043278
2026-08-09 10:00:00+00:00,-0.00050898
2026-08-09 11:00:00+00:00,-0.00042176
2026-08-09 12:00:00+00:00,-0.00041278
2026-08-09 13:00:00+00:00,-0.00037671
2026-08-09 14:00:00+00:00,-0.00035473
2026-08-09 15:00:00+00:00,-0.00032953
2026-08-09 16:00:00+00:00,-0.00048696
2026-08-09 17:00:00+00:00,-0.00043035
2026-08-09 18:00:00+00:00,-0.00044689
2026-08-09 19:00:00+00:00,-0.00043989
2026-08-09 20:00:00+00:00,-0.00035619
2026-08-09 21:00:00+00:00,-0.00046376
2026-08-09 22:00:00+00:00,-0.00049504
2026-08-09 23:00:00+00:00,-0.00051103
2026-08-10 00:00:00+00:00,-0.00036661
2026-08-10 01:00:00+00:00,-0.00029806
2026-08-10 02:00:00+00:00,-0.00041890
2026-08-10 03:00:00+00:00,-0.00058057
2026-08-10 04:00:00+00:00,-0.00032917
2026-08-10 05:00:00+00:00,-0.00030786
2026-08-10 06:00:00+00:00,-0.00038266
2026-08-10 07:00:00+00:00,-0.00031137
2026-08-10 08:00:00+00:00,-0.00039421
2026-08-10 09:00:00+00:00,-0.00049585
2026-08-10 10:00:00+00:00,-0.00042579
2026-08-10 11:00:00+00:00,-0.00041317
2026-08-10 12:00:00+00:00,-0.00052724
2026-08-10 13:00:00+00:00,-0.00050889
2026-08-10 14:00:00+00:00,-0.00048780
2026-08-10 15:00:00+00:00,-0.00043109
2026-08-10 16:00:00+00:00,-0.00029378
2026-08-10 17:00:00+00:00,-0.00024450
2026-08-10 18:00:00+00:00,-0.00048070
2026-08-10 19:00:00+00:00,-0.00045511
2026-08-10 20:00:00+00:00,-0.00048654
2026-08-10 21:00:00+00:00,-0.00063252
2026-08-10 22:00:00+00:00,-0.00041946
2026-08-10 23:00:00+00:00,-0.00048789
2026-08-11 00:00:00+00:00,-0.00055851
2026-08-11 01:00:00+00:00,-0.00053559
2026-08-11 02:00:00+00:00,-0.00050766
2026-08-11 03:00:00+00:00,-0.00058731
2026-08-11 04:00:00+00:00,-0.00046472
2026-08-11 05:00:00+00:00,-0.00056918
2026-08-11 06:00:00+00:00,-0.00042982
2026-08-11 07:00:00+00:00,-0.00049695
2026-08-11 08:00:00+00:00,-0.00035981
2026-08-11 09:00:00+00:00,-0.00028423
2026-08-11 10:00:00+00:00,-0.00038729
2026-08-11 11:00:00+00:00,-0.00050729
2026-08-11 12:00:00+00:00,-0.00041602
2026-08-11 13:00:00+00:00,-0.00022897
2026-08-11 14:00:00+00:00,-0.00024490
2026-08-11 15:00:00+00:00,-0.00038068
2026-08-11 16:00:00+00:00,-0.00035572
2026-08-11 17:00:00+00:00,-0.00041544
2026-08-11 18:00:00+00:00,-0.00033839
2026-08-11 19:00:00+00:00,-0.00038680
2026-08-11 20:00:00+00:00,-0.00030879
2026-08-11 21:00:00+00:00,-0.00056183
2026-08-11 22:00:00+00:00,-0.00043639
2026-08-11 23:00:00+00:00,-0.00042009
2026-08-12 00:00:00+00:00,-0.00038860
2026-08-12 01:00:00+00:00,-0.00040312
2026-08-12 02:00:00+00:00,-0.00052218
2026-08-12 03:00:00+00:00,-0.00050013
2026-08-12 04:00:00+00:00,-0.00037376
2026-08-12 05:00:00+00:00,-0.00052921
2026-08-12 06:00:00+00:00,-0.00017615
2026-08-12 07:00:00+00:00,-0.00047193
2026-08-12 08:00:00+00:00,-0.00038069
2026-08-12 09:00:00+00:00,-0.00038772
2026-08-12 10:00:00+00:00,-0.00045672
2026-08-12 11:00:00+00:00,-0.00048884
2026-08-12 12:00:00+00:00,-0.00043515
2026-08-12 13:00:00+00:00,-0.00052256
2026-08-12 14:00:00+00:00,-0.00042480
2026-08-12 15:00:00+00:00,-0.00032058
2026-08-12 16:00:00+00:00,-0.00049944
2026-08-12 17:00:00+00:00,-0.00036853
2026-08-12 18:00:00+00:00,-0.00043812
2026-08-12 19:00:00+00:00,-0.00036298
2026-08-12 20:00:00+00:00,-0.00040675
2026-08-12 21:00:00+00:00,-0.00062820
2026-08-12 22:00:00+00:00,-0.00041622
2026-08-12 23:00:00+00:00,-0.00038288
2026-08-13 00:00:00+00:00,-0.00055916
2026-08-13 01:00:00+00:00,-0.00045777
2026-08-13 02:00:00+00:00,-0.00048659
2026-08-13 03:00:00+00:00,-0.00040670
2026-08-13 04:00:00+00:00,-0.00045886
2026-08-13 05:00:00+00:00,-0.00053291
2026-08-13 06:00:00+00:00,-0.00032446
2026-08-13 07:00:00+00:00,-0.00048393
2026-08-13 08:00:00+00:00,-0.00035533
2026-08-13 09:00:00+00:00,-0.00042933
2026-08-13 10:00:00+00:00,-0.00036977
2026-08-13 11:00:00+00:00,-0.00034434
2026-08-13 12:00:00+00:00,-0.00049099
2026-08-13 13:00:00+00:00,-0.00037813
2026-08-13 14:00:00+00:00,-0.00044801
2026-08-13 15:00:00+00:00,-0.00058763
2026-08-13 16:00:00+00:00,-0.00040043
2026-08-13 17:00:00+00:00,-0.00049639
2026-08-13 18:00:00+00:00,-0.00044457
2026-08-13 19:00:00+00:00,-0.00037736
2026-08-13 20:00:00+00:00,-0.00038587
2026-08-13 21:00:00+00:00,-0.00039115
2026-08-13 22:00:00+00:00,-0.00048855
2026-08-13 23:00:00+00:00,-0.00036081
2026-08-14 00:00:00+00:00,-0.00035728
2026-08-14 01:00:00+00:00,-0.00045073
2026-08-14 02:00:00+00:00,-0.00054352
2026-08-14 03:00:00+00:00,-0.00037838
2026-08-14 04:00:00+00:00,-0.00034877
2026-08-14 05:00:00+00:00,-0.00040214
2026-08-14 06:00:00+00:00,-0.00044412
2026-08-14 07:00:00+00:00,-0.00057033
2026-08-14 08:00:00+00:00,-0.00047885
2026-08-14 09:00:00+00:00,-0.00048613
2026-08-14 10:00:00+00:00,-0.00055514
2026-08-14 11:00:00+00:00,-0.00050738
2026-08-14 12:00:00+00:00,-0.00058253
2026-08-14 13:00:00+00:00,-0.00038236
2026-08-14 14:00:00+00:00,-0.00060050
2026-08-14 15:00:00+00:00,-0.00058201
2026-08-14 16:00:00+00:00,-0.00047108
2026-08-14 17:00:00+00:00,-0.00037994
2026-08-14 18:00:00+00:00,-0.00041839
2026-08-14 19:00:00+00:00,-0.00029151
2026-08-14 20:00:00+00:00,-0.00046469
2026-08-14 21:00:00+00:00,-0.00042097
2026-08-14 22:00:00+00:00,-0.00045349
2026-08-14 23:00:00+00:00,-0.00046700
2026-08-15 00:00:00+00:00,-0.00037973
2026-08-15 01:00:00+00:00,-0.00045717
2026-08-15 02:00:00+00:00,-0.00032634
2026-08-15 03:00:00+00:00,-0.00036310
2026-08-15 04:00:00+00:00,-0.00046936
2026-08-15 05:00:00+00:00,-0.00048017
2026-08-15 06:00:00+00:00,-0.00038108
2026-08-15 07:00:00+00:00,-0.00034231
2026-08-15 08:00:00+00:00,-0.00044474
2026-08-15 09:00:00+00:00,-0.00049321
2026-08-15 10:00:00+00:00,-0.00041071
2026-08-15 11:00:00+00:00,-0.00041853
2026-08-15 12:00:00+00:00,-0.00035214
2026-08-15 13:00:00+00:00,-0.00047877
2026-08-15 14:00:00+00:00,-0.00046055
2026-08-15 15:00:00+00:00,-0.00048296
2026-08-15 16:00:00+00:00,-0.00046508
2026-08-15 17:00:00+00:00,-0.00042030
2026-08-15 18:00:00+00:00,-0.00044839
2026-08-15 19:00:00+00:00,-0.00047781
2026-08-15 20:00:00+00:00,-0.00041693
2026-08-15 21:00:00+00:00,-0.00054170
2026-08-15 22:00:00+00:00,-0.00052136
2026-08-15 23:00:00+00:00,-0.00051742
2026-08-16 00:00:00+00:00,-0.00050743
2026-08-16 01:00:00+00:00,-0.00048963
2026-08-16 02:00:00+00:00,-0.00047696
2026-08-16 03:00:00+00:00,-0.00051348
2026-08-16 04:00:00+00:00,-0.00056665
2026-08-16 05:00:00+00:00,-0.00061255
2026-08-16 06:00:00+00:00,-0.00049942
2026-08-16 07:00:00+00:00,-0.00041764
2026-08-16 08:00:00+00:00,-0.00047806
2026-08-16 09:00:00+00:00,-0.00051785
2026-08-16 10:00:00+00:00,-0.00045871
2026-08-16 11:00:00+00:00,-0.00051625
2026-08-16 12:00:00+00:00,-0.00051308
2026-08-16 13:00:00+00:00,-0.00039876
2026-08-16 14:00:00+00:00,-0.00041917
2026-08-16 15:00:00+00:00,-0.00044644
2026-08-16 16:00:00+00:00,-0.00042519
2026-08-16 17:00:00+00:00,-0.00037483
2026-08-16 18:00:00+00:00,-0.00046502
2026-08-16 19:00:00+00:00,-0.00050464
2026-08-16 20:00:00+00:00,-0.00042825
2026-08-16 21:00:00+00:00,-0.00065659
2026-08-16 22:00:00+00:00,-0.00030214
2026-08-16 23:00:00+00:00,-0.00033775
2026-08-17 00:00:00+00:00,-0.00046071
2026-08-17 01:00:00+00:00,-0.00042418
2026-08-17 02:00:00+00:00,-0.00033644
2026-08-17 03:00:00+00:00,-0.00032367
2026-08-17 04:00:00+00:00,-0.00036434
2026-08-17 05:00:00+00:00,-0.00047619
2026-08-17 06:00:00+00:00,-0.00052107
2026-08-17 07:00:00+00:00,-0.00047735
2026-08-17 08:00:00+00:00,-0.00053775
2026-08-17 09:00:00+00:00,-0.00047749
2026-08-17 10:00:00+00:00,-0.00031721
2026-08-17 11:00:00+00:00,-0.00041885
2026-08-17 12:00:00+00:00,-0.00046298
2026-08-17 13:00:00+00:00,-0.00037344
2026-08-17 14:00:00+00:00,-0.00037693
2026-08-17 15:00:00+00:00,-0.00035244
2026-08-17 16:00:00+00:00,-0.00052940
2026-08-17 17:00:00+00:00,-0.00056054
2026-08-17 18:00:00+00:00,-0.00040306
2026-08-17 19:00:00+00:00,-0.00050267
2026-08-17 20:00:00+00:00,-0.00050752
2026-08-17 21:00:00+00:00,-0.00051070
2026-08-17 22:00:00+00:00,-0.00034261
2026-08-17 23:00:00+00:00,-0.00050200
2026-08-18 00:00:00+00:00,-0.00040646
2026-08-18 01:00:00+00:00,-0.00033706
2026-08-18 02:00:00+00:00,-0.00038441
2026-08-18 03:00:00+00:00,-0.00044835
2026-08-18 04:00:00+00:00,-0.00043848
2026-08-18 05:00:00+00:00,-0.00057863
2026-08-18 06:00:00+00:00,-0.00032745
2026-08-18 07:00:00+00:00,-0.00041688
2026-08-18 08:00:00+00:00,-0.00041833
2026-08-18 09:00:00+00:00,-0.00043808
2026-08-18 10:00:00+00:00,-0.00048034
2026-08-18 11:00:00+00:00,-0.00046773
2026-08-18 12:00:00+00:00,-0.00053440
2026-08-18 13:00:00+00:00,-0.00048542
2026-08-18 14:00:00+00:00,-0.00053237
2026-08-18 15:00:00+00:00,-0.00045291
2026-08-18 16:00:00+00:00,-0.00048544
2026-08-18 17:00:00+00:00,-0.00066138
2026-08-18 18:00:00+00:00,-0.00049023
2026-08-18 19:00:00+00:00,-0.00051399
2026-08-18 20:00:00+00:00,-0.00057988
2026-08-18 21:00:00+00:00,-0.00041982
2026-08-18 22:00:00+00:00,-0.00041537
2026-08-18 23:00:00+00:00,-0.00055394
2026-08-19 00:00:00+00:00,-0.00050338
2026-08-19 01:00:00+00:00,-0.00045913
2026-08-19 02:00:00+00:00,-0.00051441
2026-08-19 03:00:00+00:00,-0.00053697
2026-08-19 04:00:00+00:00,-0.00050033
2026-08-19 05:00:00+00:00,-0.00041483
2026-08-19 06:00:00+00:00,-0.00039744
2026-08-19 07:00:00+00:00,-0.00045609
2026-08-19 08:00:00+00:00,-0.00050232
2026-08-19 09:00:00+00:00,-0.00043490
2026-08-19 10:00:00+00:00,-0.00048376
2026-08-19 11:00:00+00:00,-0.00052215
2026-08-19 12:00:00+00:00,-0.00042598
2026-08-19 13:00:00+00:00,-0.00018579
2026-08-19 14:00:00+00:00,-0.00066006
2026-08-19 15:00:00+00:00,-0.00019183
2026-08-19 16:00:00+00:00,-0.00030380
2026-08-19 17:00:00+00:00,-0.00043786
2026-08-19 18:00:00+00:00,-0.00035540
2026-08-19 19:00:00+00:00,-0.00039758
2026-08-19 20:00:00+00:00,-0.00070291
2026-08-19 21:00:00+00:00,-0.00027481
2026-08-19 22:00:00+00:00,-0.00049491
2026-08-19 23:00:00+00:00,-0.00029772
2026-08-20 00:00:00+00:00,-0.00030359
2026-08-20 01:00:00+00:00,-0.00044228
2026-08-20 02:00:00+00:00,-0.00026738
2026-08-20 03:00:00+00:00,-0.00021971
2026-08-20 04:00:00+00:00,-0.00020808
2026-08-20 05:00:00+00:00,-0.00016738
2026-08-20 06:00:00+00:00,-0.00019725
2026-08-20 07:00:00+00:00,0.00000019
2026-08-20 08:00:00+00:00,-0.00030726
2026-08-20 09:00:00+00:00,-0.00010237
2026-08-20 10:00:00+00:00,-0.00024804
2026-08-20 11:00:00+00:00,-0.00029565
2026-08-20 12:00:00+00:00,-0.00027918
2026-08-20 13:00:00+00:00,-0.00041561
2026-08-20 14:00:00+00:00,-0.00022427
2026-08-20 15:00:00+00:00,-0.00047492
2026-08-20 16:00:00+00:00,-0.00061729
2026-08-20 17:00:00+00:00,-0.00053102
2026-08-20 18:00:00+00:00,-0.00040558
2026-08-20 19:00:00+00:00,-0.00040105
2026-08-20 20:00:00+00:00,-0.00038898
2026-08-20 21:00:00+00:00,-0.00043853
2026-08-20 22:00:00+00:00,-0.00038866
2026-08-20 23:00:00+00:00,-0.00030265
2026-08-21 00:00:00+00:00,-0.00030440
2026-08-21 01:00:00+00:00,-0.00031363
2026-08-21 02:00:00+00:00,-0.00036545
2026-08-21 03:00:00+00:00,-0.00032194
2026-08-21 04:00:00+00:00,-0.00040632
2026-08-21 05:00:00+00:00,-0.00040403
2026-08-21 06:00:00+00:00,-0.00030594
2026-08-21 07:00:00+00:00,0.00025326
2026-08-21 08:00:00+00:00,0.00031156
2026-08-21 09:00:00+00:00,0.00001896
2026-08-21 10:00:00+00:00,-0.00008188
2026-08-21 11:00:00+00:00,0.00022624
2026-08-21 12:00:00+00:00,0.00026865
2026-08-21 13:00:00+00:00,-0.00045056
2026-08-21 14:00:00+00:00,-0.00001345
2026-08-21 15:00:00+00:00,0.00013216
2026-08-21 16:00:00+00:00,-0.00021440
2026-08-21 17:00:00+00:00,-0.00019703
2026-08-21 18:00:00+00:00,-0.00021241
2026-08-21 19:00:00+00:00,-0.00053636
2026-08-21 20:00:00+00:00,-0.00041043
2026-08-21 21:00:00+00:00,-0.00010288
2026-08-21 22:00:00+00:00,-0.00037855
2026-08-21 23:00:00+00:00,-0.00028169
2026-08-22 00:00:00+00:00,-0.00030967
2026-08-22 01:00:00+00:00,0.00003315
2026-08-22 02:00:00+00:00,-0.00010693
2026-08-22 03:00:00+00:00,-0.00023707
2026-08-22 04:00:00+00:00,-0.00009156
2026-08-22 05:00:00+00:00,-0.00029102
2026-08-22 06:00:00+00:00,-0.00010117
2026-08-22 07:00:00+00:00,-0.00006320
2026-08-22 08:00:00+00:00,-0.00010051
2026-08-22 09:00:00+00:00,-0.00007824
2026-08-22 10:00:00+00:00,0.00003884
2026-08-22 11:00:00+00:00,0.00009305
2026-08-22 12:00:00+00:00,-0.00012126
2026-08-22 13:00:00+00:00,0.00003616
2026-08-22 14:00:00+00:00,0.00024515
2026-08-22 15:00:00+00:00,0.00012224
2026-08-22 16:00:00+00:00,0.00004757
2026-08-22 17:00:00+00:00,0.00013712
2026-08-22 18:00:00+00:00,0.00031831
2026-08-22 19:00:00+00:00,0.00000170
2026-08-22 20:00:00+00:00,0.00029353
2026-08-22 21:00:00+00:00,-0.00003713
2026-08-22 22:00:00+00:00,0.00001888
2026-08-22 23:00:00+00:00,0.00009997
2026-08-23 00:00:00+00:00,-0.00000057
2026-08-23 01:00:00+00:00,0.00014899
2026-08-23 02:00:00+00:00,0.00002827
2026-08-23 03:00:00+00:00,0.00009300
2026-08-23 04:00:00+00:00,0.00022149
2026-08-23 05:00:00+00:00,-0.00025493
2026-08-23 06:00:00+00:00,0.00028076
2026-08-23 07:00:00+00:00,0.00033934
2026-08-23 08:00:00+00:00,0.00009481
2026-08-23 09:00:00+00:00,-0.00014891
2026-08-23 10:00:00+00:00,-0.00004548
2026-08-23 11:00:00+00:00,-0.00018037
2026-08-23 12:00:00+00:00,-0.00005910
2026-08-23 13:00:00+00:00,0.00000898
2026-08-23 14:00:00+00:00,-0.00018430
2026-08-23 15:00:00+00:00,-0.00054268
2026-08-23 16:00:00+00:00,-0.00049912
2026-08-23 17:00:00+00:00,-0.00037195
2026-08-23 18:00:00+00:00,-0.00027017
2026-08-23 19:00:00+00:00,-0.00046246
2026-08-23 20:00:00+00:00,-0.00031218
2026-08-23 21:00:00+00:00,-0.00020910
2026-08-23 22:00:00+00:00,-0.00027069
2026-08-23 23:00:00+00:00,-0.00019568
2026-08-24 00:00:00+00:00,-0.00001888
2026-08-24 01:00:00+00:00,-0.00044474
2026-08-24 02:00:00+00:00,-0.00021252
2026-08-24 03:00:00+00:00,-0.00015180
2026-08-24 04:00:00+00:00,0.00006980
2026-08-24 05:00:00+00:00,-0.00011402
2026-08-24 06:00:00+00:00,-0.00014879
2026-08-24 07:00:00+00:00,-0.00010056
2026-08-24 08:00:00+00:00,-0.00006686
2026-08-24 09:00:00+00:00,-0.00009262
2026-08-24 10:00:00+00:00,0.00000335
2026-08-24 11:00:00+00:00,-0.00010863
2026-08-24 12:00:00+00:00,-0.00018637
2026-08-24 13:00:00+00:00,-0.00046636
2026-08-24 14:00:00+00:00,-0.00018778
2026-08-24 15:00:00+00:00,-0.00025260
2026-08-24 16:00:00+00:00,-0.00049536
2026-08-24 17:00:00+00:00,-0.00049718
2026-08-24 18:00:00+00:00,-0.00028838
2026-08-24 19:00:00+00:00,-0.00043413
2026-08-24 20:00:00+00:00,-0.00036919
2026-08-24 21:00:00+00:00,-0.00048215
2026-08-24 22:00:00+00:00,-0.00046998
2026-08-24 23:00:00+00:00,-0.00040558
2026-08-25 00:00:00+00:00,-0.00042432
2026-08-25 01:00:00+00:00,-0.00010669
2026-08-25 02:00:00+00:00,-0.00017993
2026-08-25 03:00:00+00:00,-0.00040504
2026-08-25 04:00:00+00:00,-0.00012040
2026-08-25 05:00:00+00:00,-0.00028655
2026-08-25 06:00:00+00:00,0.00002039
2026-08-25 07:00:00+00:00,-0.00055559
2026-08-25 08:00:00+00:00,-0.00027748
2026-08-25 09:00:00+00:00,-0.00035425
2026-08-25 10:00:00+00:00,-0.00048806
2026-08-25 11:00:00+00:00,-0.00013349
2026-08-25 12:00:00+00:00,-0.00042576
2026-08-25 13:00:00+00:00,-0.00015691
2026-08-25 14:00:00+00:00,-0.00045408
2026-08-25 15:00:00+00:00,-0.00048804
2026-08-25 16:00:00+00:00,-0.00047038
2026-08-25 17:00:00+00:00,-0.00037713
2026-08-25 18:00:00+00:00,-0.00041579
2026-08-25 19:00:00+00:00,-0.00049439
2026-08-25 20:00:00+00:00,-0.00047455
2026-08-25 21:00:00+00:00,-0.00048839
2026-08-25 22:00:00+00:00,-0.00052827
2026-08-25 23:00:00+00:00,-0.00051515
2026-08-26 00:00:00+00:00,-0.00037802
2026-08-26 01:00:00+00:00,-0.00040756
2026-08-26 02:00:00+00:00,-0.00050520
2026-08-26 03:00:00+00:00,-0.00045898
2026-08-26 04:00:00+00:00,-0.00042900
2026-08-26 05:00:00+00:00,-0.00034701
2026-08-26 06:00:00+00:00,-0.00041684
2026-08-26 07:00:00+00:00,-0.00056987
2026-08-26 08:00:00+00:00,-0.00034881
2026-08-26 09:00:00+00:00,-0.00029140
2026-08-26 10:00:00+00:00,-0.00045584
2026-08-26 11:00:00+00:00,-0.00057690
2026-08-26 12:00:00+00:00,-0.00067103
2026-08-26 13:00:00+00:00,-0.00052012
2026-08-26 14:00:00+00:00,-0.00037643
2026-08-26 15:00:00+00:00,-0.00031587
2026-08-26 16:00:00+00:00,-0.00048419
2026-08-26 17:00:00+00:00,-0.00046687
2026-08-26 18:00:00+00:00,-0.00044842
2026-08-26 19:00:00+00:00,-0.00042322
2026-08-26 20:00:00+00:00,-0.00043673
2026-08-26 21:00:00+00:00,-0.00055642
2026-08-26 22:00:00+00:00,-0.00068269
2026-08-26 23:00:00+00:00,-0.00045344
2026-08-27 00:00:00+00:00,-0.00063572
2026-08-27 01:00:00+00:00,-0.00047508
2026-08-27 02:00:00+00:00,-0.00040693
2026-08-27 03:00:00+00:00,-0.00037108
2026-08-27 04:00:00+00:00,-0.00044331
2026-08-27 05:00:00+00:00,-0.00040246
2026-08-27 06:00:00+00:00,-0.00032793
2026-08-27 07:00:00+00:00,-0.00045891
2026-08-27 08:00:00+00:00,-0.00035460
2026-08-27 09:00:00+00:00,-0.00032550
2026-08-27 10:00:00+00:00,-0.00036755
2026-08-27 11:00:00+00:00,-0.00044722
2026-08-27 12:00:00+00:00,-0.00038650
2026-08-27 13:00:00+00:00,-0.00049553
2026-08-27 14:00:00+00:00,-0.00054254
2026-08-27 15:00:00+00:00,-0.00043840
2026-08-27 16:00:00+00:00,-0.00043194
2026-08-27 17:00:00+00:00,-0.00032562
2026-08-27 18:00:00+00:00,-0.00040299
2026-08-27 19:00:00+00:00,-0.00047058
2026-08-27 20:00:00+00:00,-0.00018816
2026-08-27 21:00:00+00:00,-0.00024049
2026-08-27 22:00:00+00:00,-0.00039303
2026-08-27 23:00:00+00:00,-0.00048096
2026-08-28 00:00:00+00:00,-0.00032480
2026-08-28 01:00:00+00:00,-0.00028893
2026-08-28 02:00:00+00:00,-0.00050956
2026-08-28 03:00:00+00:00,-0.00039122
2026-08-28 04:00:00+00:00,-0.00035320
2026-08-28 05:00:00+00:00,-0.00031068
2026-08-28 06:00:00+00:00,-0.00057730
2026-08-28 07:00:00+00:00,-0.00022687
2026-08-28 08:00:00+00:00,-0.00038437
2026-08-28 09:00:00+00:00,-0.00035912
2026-08-28 10:00:00+00:00,-0.00053441
2026-08-28 11:00:00+00:00,-0.00049863
2026-08-28 12:00:00+00:00,-0.00049026
2026-08-28 13:00:00+00:00,-0.00082003
2026-08-28 14:00:00+00:00,-0.00046207
2026-08-28 15:00:00+00:00,-0.00027322
2026-08-28 16:00:00+00:00,-0.00043855
2026-08-28 17:00:00+00:00,-0.00035192
2026-08-28 18:00:00+00:00,-0.00039826
2026-08-28 19:00:00+00:00,-0.00026645
2026-08-28 20:00:00+00:00,-0.00039884
2026-08-28 21:00:00+00:00,-0.00018135
2026-08-28 22:00:00+00:00,-0.00039650
2026-08-28 23:00:00+00:00,-0.00047659
2026-08-29 00:00:00+00:00,-0.00042453
2026-08-29 01:00:00+00:00,-0.00041348
2026-08-29 02:00:00+00:00,-0.00042405
2026-08-29 03:00:00+00:00,-0.00039984
2026-08-29 04:00:00+00:00,-0.00034578
2026-08-29 05:00:00+00:00,-0.00030093
2026-08-29 06:00:00+00:00,-0.00035509
2026-08-29 07:00:00+00:00,-0.00042428
2026-08-29 08:00:00+00:00,-0.00020988
2026-08-29 09:00:00+00:00,-0.00043783
2026-08-29 10:00:00+00:00,-0.00054639
2026-08-29 11:00:00+00:00,-0.00036085
2026-08-29 12:00:00+00:00,-0.00031833
2026-08-29 13:00:00+00:00,-0.00041152
2026-08-29 14:00:00+00:00,-0.00043153
2026-08-29 15:00:00+00:00,-0.00041865
2026-08-29 16:00:00+00:00,-0.00049269
2026-08-29 17:00:00+00:00,-0.00031652
2026-08-29 18:00:00+00:00,-0.00044739
2026-08-29 19:00:00+00:00,-0.00030495
2026-08-29 20:00:00+00:00,-0.00040257
2026-08-29 21:00:00+00:00,-0.00038713
2026-08-29 22:00:00+00:00,-0.00039050
2026-08-29 23:00:00+00:00,-0.00043524
2026-08-30 00:00:00+00:00,-0.00056445
2026-08-30 01:00:00+00:00,-0.00031412
2026-08-30 02:00:00+00:00,-0.00051408
2026-08-30 03:00:00+00:00,-0.00052735
2026-08-30 04:00:00+00:00,-0.00028272
2026-08-30 05:00:00+00:00,-0.00022608
2026-08-30 06:00:00+00:00,-0.00033242
2026-08-30 07:00:00+00:00,-0.00049717
2026-08-30 08:00:00+00:00,-0.00036314
2026-08-30 09:00:00+00:00,-0.00050177
2026-08-30 10:00:00+00:00,-0.00034105
2026-08-30 11:00:00+00:00,-0.00032967
2026-08-30 12:00:00+00:00,-0.00056038
2026-08-30 13:00:00+00:00,-0.00059104
2026-08-30 14:00:00+00:00,-0.00048241
2026-08-30 15:00:00+00:00,-0.00044643
2026-08-30 16:00:00+00:00,-0.00049594
2026-08-30 17:00:00+00:00,-0.00035968
2026-08-30 18:00:00+00:00,-0.00037026
2026-08-30 19:00:00+00:00,-0.00029081
2026-08-30 20:00:00+00:00,-0.00061602
2026-08-30 21:00:00+00:00,-0.00035324
2026-08-30 22:00:00+00:00,-0.00051300
2026-08-30 23:00:00+00:00,-0.00062279
2026-08-31 00:00:00+00:00,-0.00041859
2026-08-31 01:00:00+00:00,-0.00035294
2026-08-31 02:00:00+00:00,-0.00036061
2026-08-31 03:00:00+00:00,-0.00032935
2026-08-31 04:00:00+00:00,-0.00042493
2026-08-31 05:00:00+00:00,-0.00057111
2026-08-31 06:00:00+00:00,-0.00064044
2026-08-31 07:00:00+00:00,-0.00041137
2026-08-31 08:00:00+00:00,-0.00040651
2026-08-31 09:00:00+00:00,-0.00045252
2026-08-31 10:00:00+00:00,-0.00032083
2026-08-31 11:00:00+00:00,-0.00031181
2026-08-31 12:00:00+00:00,-0.00030966
2026-08-31 13:00:00+00:00,-0.00044461
2026-08-31 14:00:00+00:00,-0.00051876
2026-08-31 15:00:00+00:00,-0.00044862
2026-08-31 16:00:00+00:00,-0.00069202
2026-08-31 17:00:00+00:00,-0.00040425
2026-08-31 18:00:00+00:00,-0.00049915
2026-08-31 19:00:00+00:00,-0.00048630
2026-08-31 20:00:00+00:00,-0.00041357
2026-08-31 21:00:00+00:00,-0.00049857
2026-08-31 22:00:00+00:00,-0.00051292
2026-08-31 23:00:00+00:00,-0.00035402
2026-09-01 00:00:00+00:00,-0.00020374
2026-09-01 01:00:00+00:00,-0.00040405
2026-09-01 02:00:00+00:00,-0.00033094
2026-09-01 03:00:00+00:00,-0.00034038
2026-09-01 04:00:00+00:00,-0.00036079
2026-09-01 05:00:00+00:00,-0.00030678
2026-09-01 06:00:00+00:00,-0.00048831
2026-09-01 07:00:00+00:00,-0.00034867
2026-09-01 08:00:00+00:00,-0.00046894
2026-09-01 09:00:00+00:00,-0.00055240
2026-09-01 10:00:00+00:00,-0.00051305
2026-09-01 11:00:00+00:00,-0.00048603
2026-09-01 12:00:00+00:00,-0.00058313
2026-09-01 13:00:00+00:00,-0.00036959
2026-09-01 14:00:00+00:00,-0.00051411
2026-09-01 15:00:00+00:00,-0.00054879
2026-09-01 16:00:00+00:00,-0.00045278
2026-09-01 17:00:00+00:00,-0.00040463
2026-09-01 18:00:00+00:00,-0.00038127
2026-09-01 19:00:00+00:00,-0.00033888
2026-09-01 20:00:00+00:00,-0.00029712
2026-09-01 21:00:00+00:00,-0.00040431
2026-09-01 22:00:00+00:00,-0.00048329
2026-09-01 23:00:00+00:00,-0.00049386
2026-09-02 00:00:00+00:00,-0.00049471
2026-09-02 01:00:00+00:00,-0.00041456
2026-09-02 02:00:00+00:00,-0.00022599
2026-09-02 03:00:00+00:00,-0.00028663
2026-09-02 04:00:00+00:00,-0.00046591
2026-09-02 05:00:00+00:00,-0.00039999
2026-09-02 06:00:00+00:00,-0.00039737
2026-09-02 07:00:00+00:00,-0.00041935
2026-09-02 08:00:00+00:00,-0.00039355
2026-09-02 09:00:00+00:00,-0.00048848
2026-09-02 10:00:00+00:00,-0.00052279
2026-09-02 11:00:00+00:00,-0.00055524
2026-09-02 12:00:00+00:00,-0.00045751
2026-09-02 13:00:00+00:00,-0.00020649
2026-09-02 14:00:00+00:00,-0.00050645
2026-09-02 15:00:00+00:00,-0.00044421
2026-09-02 16:00:00+00:00,-0.00056436
2026-09-02 17:00:00+00:00,-0.00042532
2026-09-02 18:00:00+00:00,-0.00032740
2026-09-02 19:00:00+00:00,-0.00009211
2026-09-02 20:00:00+00:00,-0.00055490
2026-09-02 21:00:00+00:00,-0.00041891
2026-09-02 22:00:00+00:00,-0.00046583
2026-09-02 23:00:00+00:00,-0.00036095
2026-09-03 00:00:00+00:00,-0.00069917
2026-09-03 01:00:00+00:00,-0.00053939
2026-09-03 02:00:00+00:00,-0.00044772
2026-09-03 03:00:00+00:00,-0.00052663
2026-09-03 04:00:00+00:00,-0.00034620
2026-09-03 05:00:00+00:00,-0.00034935
2026-09-03 06:00:00+00:00,-0.00034152
2026-09-03 07:00:00+00:00,-0.00038455
2026-09-03 08:00:00+00:00,-0.00047130
2026-09-03 09:00:00+00:00,-0.00058188
2026-09-03 10:00:00+00:00,-0.00045396
2026-09-03 11:00:00+00:00,-0.00050644
2026-09-03 12:00:00+00:00,-0.00055584
2026-09-03 13:00:00+00:00,-0.00048267
2026-09-03 14:00:00+00:00,-0.00024314
2026-09-03 15:00:00+00:00,-0.00043905
2026-09-03 16:00:00+00:00,-0.00039766
2026-09-03 17:00:00+00:00,-0.00037818
2026-09-03 18:00:00+00:00,-0.00022143
2026-09-03 19:00:00+00:00,-0.00051414
2026-09-03 20:00:00+00:00,-0.00046293
2026-09-03 21:00:00+00:00,-0.00056341
2026-09-03 22:00:00+00:00,-0.00043627
2026-09-03 23:00:00+00:00,-0.00042997
2026-09-04 00:00:00+00:00,-0.00052195
2026-09-04 01:00:00+00:00,-0.00041790
2026-09-04 02:00:00+00:00,-0.00047770
2026-09-04 03:00:00+00:00,-0.00058189
2026-09-04 04:00:00+00:00,-0.00041027
2026-09-04 05:00:00+00:00,-0.00045949
2026-09-04 06:00:00+00:00,-0.00043119
2026-09-04 07:00:00+00:00,-0.00032220
2026-09-04 08:00:00+00:00,-0.00049122
2026-09-04 09:00:00+00:00,-0.00066180
2026-09-04 10:00:00+00:00,-0.00041220
2026-09-04 11:00:00+00:00,-0.00043556
2026-09-04 12:00:00+00:00,-0.00048943
2026-09-04 13:00:00+00:00,-0.00032358
2026-09-04 14:00:00+00:00,-0.00034596
2026-09-04 15:00:00+00:00,-0.00050358
2026-09-04 16:00:00+00:00,-0.00061930
2026-09-04 17:00:00+00:00,-0.00050483
2026-09-04 18:00:00+00:00,-0.00060142
2026-09-04 19:00:00+00:00,-0.00030098
2026-09-04 20:00:00+00:00,-0.00048646
2026-09-04 21:00:00+00:00,-0.00037334
2026-09-04 22:00:00+00:00,-0.00044230
2026-09-04 23:00:00+00:00,-0.00051337
2026-09-05 00:00:00+00:00,-0.00044360
2026-09-05 01:00:00+00:00,-0.00060229
2026-09-05 02:00:00+00:00,-0.00045762
2026-09-05 03:00:00+00:00,-0.00049669
2026-09-05 04:00:00+00:00,-0.00058517
2026-09-05 05:00:00+00:00,-0.00048405
2026-09-05 06:00:00+00:00,-0.00053335
2026-09-05 07:00:00+00:00,-0.00045139
2026-09-05 08:00:00+00:00,-0.00037281
2026-09-05 09:00:00+00:00,-0.00050291
2026-09-05 10:00:00+00:00,-0.00047352
2026-09-05 11:00:00+00:00,-0.00053046
2026-09-05 12:00:00+00:00,-0.00056558
2026-09-05 13:00:00+00:00,-0.00054148
2026-09-05 14:00:00+00:00,-0.00085021
2026-09-05 15:00:00+00:00,-0.00052974
2026-09-05 16:00:00+00:00,-0.00057913
2026-09-05 17:00:00+00:00,-0.00025286
2026-09-05 18:00:00+00:00,-0.00044353
2026-09-05 19:00:00+00:00,-0.00039891
2026-09-05 20:00:00+00:00,-0.00049863
2026-09-05 21:00:00+00:00,-0.00042850
2026-09-05 22:00:00+00:00,-0.00037909
2026-09-05 23:00:00+00:00,-0.00034833
2026-09-06 00:00:00+00:00,-0.00046560
2026-09-06 01:00:00+00:00,-0.00040523
2026-09-06 02:00:00+00:00,-0.00044412
2026-09-06 03:00:00+00:00,-0.00049295
2026-09-06 04:00:00+00:00,-0.00055466
2026-09-06 05:00:00+00:00,-0.00034443
2026-09-06 06:00:00+00:00,-0.00047359
2026-09-06 07:00:00+00:00,-0.00058750
2026-09-06 08:00:00+00:00,-0.00045479
2026-09-06 09:00:00+00:00,-0.00041615
2026-09-06 10:00:00+00:00,-0.00045906
2026-09-06 11:00:00+00:00,-0.00054422
2026-09-06 12:00:00+00:00,-0.00052465
2026-09-06 13:00:00+00:00,-0.00034789
2026-09-06 14:00:00+00:00,-0.00068405
2026-09-06 15:00:00+00:00,-0.00047003
2026-09-06 16:00:00+00:00,-0.00038138
2026-09-06 17:00:00+00:00,-0.00036452
2026-09-06 18:00:00+00:00,-0.00036976
2026-09-06 19:00:00+00:00,-0.00027259
2026-09-06 20:00:00+00:00,-0.00051468
2026-09-06 21:00:00+00:00,-0.00037414
2026-09-06 22:00:00+00:00,-0.00059445
2026-09-06 23:00:00+00:00,-0.00064703
2026-09-07 00:00:00+00:00,-0.00033179
2026-09-07 01:00:00+00:00,-0.00056541
2026-09-07 02:00:00+00:00,-0.00048242
2026-09-07 03:00:00+00:00,-0.00054182
2026-09-07 04:00:00+00:00,-0.00037048
2026-09-07 05:00:00+00:00,-0.00063907
2026-09-07 06:00:00+00:00,-0.00055695
2026-09-07 07:00:00+00:00,-0.00050896
2026-09-07 08:00:00+00:00,-0.00055769
2026-09-07 09:00:00+00:00,-0.00039324
2026-09-07 10:00:00+00:00,-0.00047978
2026-09-07 11:00:00+00:00,-0.00052374
2026-09-07 12:00:00+00:00,-0.00045160
2026-09-07 13:00:00+00:00,-0.00048417
2026-09-07 14:00:00+00:00,-0.00051498
2026-09-07 15:00:00+00:00,-0.00054050
2026-09-07 16:00:00+00:00,-0.00042579
2026-09-07 17:00:00+00:00,-0.00043226
2026-09-07 18:00:00+00:00,-0.00050456
2026-09-07 19:00:00+00:00,-0.00023525
2026-09-07 20:00:00+00:00,-0.00037906
2026-09-07 21:00:00+00:00,-0.00042931
2026-09-07 22:00:00+00:00,-0.00038310
2026-09-07 23:00:00+00:00,-0.00048054
2026-09-08 00:00:00+00:00,-0.00030959
2026-09-08 01:00:00+00:00,-0.00034905
2026-09-08 02:00:00+00:00,-0.00049105
2026-09-08 03:00:00+00:00,-0.00046394
2026-09-08 04:00:00+00:00,-0.00050412
2026-09-08 05:00:00+00:00,-0.00035000
2026-09-08 06:00:00+00:00,-0.00039037
2026-09-08 07:00:00+00:00,-0.00037408
2026-09-08 08:00:00+00:00,-0.00038809
2026-09-08 09:00:00+00:00,-0.00039549
2026-09-08 10:00:00+00:00,-0.00060591
2026-09-08 11:00:00+00:00,-0.00042313
2026-09-08 12:00:00+00:00,-0.00014074
2026-09-08 13:00:00+00:00,-0.00021805
2026-09-08 14:00:00+00:00,-0.00053869
2026-09-08 15:00:00+00:00,-0.00039036
2026-09-08 16:00:00+00:00,-0.00038739
2026-09-08 17:00:00+00:00,-0.00053777
2026-09-08 18:00:00+00:00,-0.00052391
2026-09-08 19:00:00+00:00,-0.00039662
2026-09-08 20:00:00+00:00,-0.00042824
2026-09-08 21:00:00+00:00,-0.00034137
2026-09-08 22:00:00+00:00,-0.00038183
2026-09-08 23:00:00+00:00,-0.00037033
2026-09-09 00:00:00+00:00,-0.00039049
2026-09-09 01:00:00+00:00,-0.00029093
2026-09-09 02:00:00+00:00,-0.00054084
2026-09-09 03:00:00+00:00,-0.00053784
2026-09-09 04:00:00+00:00,-0.00045419
2026-09-09 05:00:00+00:00,-0.00033600
2026-09-09 06:00:00+00:00,-0.00045610
2026-09-09 07:00:00+00:00,-0.00031668
2026-09-09 08:00:00+00:00,-0.00042502
2026-09-09 09:00:00+00:00,-0.00054821
2026-09-09 10:00:00+00:00,-0.00045460
2026-09-09 11:00:00+00:00,-0.00063186
2026-09-09 12:00:00+00:00,-0.00051455
2026-09-09 13:00:00+00:00,-0.00052465
2026-09-09 14:00:00+00:00,-0.00026840
2026-09-09 15:00:00+00:00,-0.00056110
2026-09-09 16:00:00+00:00,-0.00038705
2026-09-09 17:00:00+00:00,-0.00055902
2026-09-09 18:00:00+00:00,-0.00043344
2026-09-09 19:00:00+00:00,-0.00041741
2026-09-09 20:00:00+00:00,-0.00047669
2026-09-09 21:00:00+00:00,-0.00045013
2026-09-09 22:00:00+00:00,-0.00058853
2026-09-09 23:00:00+00:00,-0.00049656
2026-09-10 00:00:00+00:00,-0.00056902
2026-09-10 01:00:00+00:00,-0.00050454
2026-09-10 02:00:00+00:00,-0.00033296
2026-09-10 03:00:00+00:00,-0.00027451
2026-09-10 04:00:00+00:00,-0.00030783
2026-09-10 05:00:00+00:00,-0.00031768
2026-09-10 06:00:00+00:00,-0.00046394
2026-09-10 07:00:00+00:00,-0.00054458
2026-09-10 08:00:00+00:00,-0.00057019
2026-09-10 09:00:00+00:00,-0.00031830
2026-09-10 10:00:00+00:00,-0.00066664
2026-09-10 11:00:00+00:00,-0.00054779
2026-09-10 12:00:00+00:00,-0.00043390
2026-09-10 13:00:00+00:00,-0.00057306
2026-09-10 14:00:00+00:00,-0.00034762
2026-09-10 15:00:00+00:00,-0.00036894
2026-09-10 16:00:00+00:00,-0.00034905
2026-09-10 17:00:00+00:00,-0.00042293
2026-09-10 18:00:00+00:00,-0.00038353
2026-09-10 19:00:00+00:00,-0.00030269
2026-09-10 20:00:00+00:00,-0.00051220
2026-09-10 21:00:00+00:00,-0.00047948
2026-09-10 22:00:00+00:00,-0.00053563
2026-09-10 23:00:00+00:00,-0.00039632
2026-09-11 00:00:00+00:00,-0.00038551
2026-09-11 01:00:00+00:00,-0.00028557
2026-09-11 02:00:00+00:00,-0.00036769
2026-09-11 03:00:00+00:00,-0.00030697
2026-09-11 04:00:00+00:00,-0.00051081
2026-09-11 05:00:00+00:00,-0.00042752
2026-09-11 06:00:00+00:00,-0.00043233
2026-09-11 07:00:00+00:00,-0.00053325
2026-09-11 08:00:00+00:00,-0.00043355
2026-09-11 09:00:00+00:00,-0.00046678
2026-09-11 10:00:00+00:00,-0.00048773
2026-09-11 11:00:00+00:00,-0.00025267
2026-09-11 12:00:00+00:00,-0.00035935
2026-09-11 13:00:00+00:00,-0.00046562
2026-09-11 14:00:00+00:00,-0.00051955
2026-09-11 15:00:00+00:00,-0.00050256
2026-09-11 16:00:00+00:00,-0.00058074
2026-09-11 17:00:00+00:00,-0.00054362
2026-09-11 18:00:00+00:00,-0.00038409
2026-09-11 19:00:00+00:00,-0.00063191
2026-09-11 20:00:00+00:00,-0.00036821
2026-09-11 21:00:00+00:00,-0.00032239
2026-09-11 22:00:00+00:00,-0.00046242
2026-09-11 23:00:00+00:00,-0.00041250
2026-09-12 00:00:00+00:00,-0.00055972
2026-09-12 01:00:00+00:00,-0.00046636
2026-09-12 02:00:00+00:00,-0.00040625
2026-09-12 03:00:00+00:00,-0.00041369
2026-09-12 04:00:00+00:00,-0.00056945
2026-09-12 05:00:00+00:00,-0.00050720
2026-09-12 06:00:00+00:00,-0.00042306
2026-09-12 07:00:00+00:00,-0.00047413
2026-09-12 08:00:00+00:00,-0.00041539
2026-09-12 09:00:00+00:00,-0.00040750
2026-09-12 10:00:00+00:00,-0.00044393
2026-09-12 11:00:00+00:00,-0.00041545
2026-09-12 12:00:00+00:00,-0.00056249
2026-09-12 13:00:00+00:00,-0.00045227
2026-09-12 14:00:00+00:00,-0.00044743
2026-09-12 15:00:00+00:00,-0.00054012
2026-09-12 16:00:00+00:00,-0.00045289
2026-09-12 17:00:00+00:00,-0.00046760
2026-09-12 18:00:00+00:00,-0.00044997
2026-09-12 19:00:00+00:00,-0.00049211
2026-09-12 20:00:00+00:00,-0.00052732
2026-09-12 21:00:00+00:00,-0.00051627
2026-09-12 22:00:00+00:00,-0.00047678
2026-09-12 23:00:00+00:00,-0.00045180
2026-09-13 00:00:00+00:00,-0.00045720
2026-09-13 01:00:00+00:00,-0.00038301
2026-09-13 02:00:00+00:00,-0.00032026
2026-09-13 03:00:00+00:00,-0.00042310
2026-09-13 04:00:00+00:00,-0.00038746
2026-09-13 05:00:00+00:00,-0.00047627
2026-09-13 06:00:00+00:00,-0.00048203
2026-09-13 07:00:00+00:00,-0.00041043
2026-09-13 08:00:00+00:00,-0.00049874
2026-09-13 09:00:00+00:00,-0.00053293
2026-09-13 10:00:00+00:00,-0.00032072
2026-09-13 11:00:00+00:00,-0.00043563
2026-09-13 12:00:00+00:00,-0.00044901
2026-09-13 13:00:00+00:00,-0.00050019
2026-09-13 14:00:00+00:00,-0.00050467
2026-09-13 15:00:00+00:00,-0.00052180
2026-09-13 16:00:00+00:00,-0.00030232
2026-09-13 17:00:00+00:00,-0.00042305
2026-09-13 18:00:00+00:00,-0.00034725
2026-09-13 19:00:00+00:00,-0.00031832
2026-09-13 20:00:00+00:00,-0.00044574
2026-09-13 21:00:00+00:00,-0.00052994
2026-09-13 22:00:00+00:00,-0.00033656
2026-09-13 23:00:00+00:00,-0.00049948
2026-09-14 00:00:00+00:00,-0.00041874
2026-09-14 01:00:00+00:00,-0.00026604
2026-09-14 02:00:00+00:00,-0.00018404
2026-09-14 03:00:00+00:00,-0.00031599
2026-09-14 04:00:00+00:00,-0.00040034
2026-09-14 05:00:00+00:00,-0.00016754
2026-09-14 06:00:00+00:00,-0.00056553
2026-09-14 07:00:00+00:00,-0.00041525
2026-09-14 08:00:00+00:00,-0.00032127
2026-09-14 09:00:00+00:00,-0.00040918
2026-09-14 10:00:00+00:00,-0.00053076
2026-09-14 11:00:00+00:00,-0.00050316
2026-09-14 12:00:00+00:00,-0.00032751
2026-09-14 13:00:00+00:00,-0.00056422
2026-09-14 14:00:00+00:00,-0.00068228
2026-09-14 15:00:00+00:00,-0.00046622
2026-09-14 16:00:00+00:00,-0.00054776
2026-09-14 17:00:00+00:00,-0.00046841
2026-09-14 18:00:00+00:00,-0.00048142
2026-09-14 19:00:00+00:00,-0.00074422
2026-09-14 20:00:00+00:00,-0.00049896
2026-09-14 21:00:00+00:00,-0.00039624
2026-09-14 22:00:00+00:00,-0.00046873
2026-09-14 23:00:00+00:00,-0.00030339
2026-09-15 00:00:00+00:00,-0.00039143
2026-09-15 01:00:00+00:00,-0.00039551
2026-09-15 02:00:00+00:00,-0.00037569
2026-09-15 03:00:00+00:00,-0.00045128
2026-09-15 04:00:00+00:00,-0.00044809
2026-09-15 05:00:00+00:00,-0.00052953
2026-09-15 06:00:00+00:00,-0.00027805
2026-09-15 07:00:00+00:00,-0.00043879
2026-09-15 08:00:00+00:00,-0.00033533
2026-09-15 09:00:00+00:00,-0.00039460
2026-09-15 10:00:00+00:00,-0.00032807
2026-09-15 11:00:00+00:00,-0.00043721
2026-09-15 12:00:00+00:00,-0.00029205
2026-09-15 13:00:00+00:00,-0.00021733
2026-09-15 14:00:00+00:00,-0.00051326
2026-09-15 15:00:00+00:00,-0.00053261
2026-09-15 16:00:00+00:00,-0.00038714
2026-09-15 17:00:00+00:00,-0.00045429
2026-09-15 18:00:00+00:00,-0.00049844
2026-09-15 19:00:00+00:00,-0.00035587
2026-09-15 20:00:00+00:00,-0.00050193
2026-09-15 21:00:00+00:00,-0.00038162
2026-09-15 22:00:00+00:00,-0.00058229
2026-09-15 23:00:00+00:00,-0.00056636
2026-09-16 00:00:00+00:00,-0.00058769
2026-09-16 01:00:00+00:00,-0.00037760
2026-09-16 02:00:00+00:00,-0.00036393
2026-09-16 03:00:00+00:00,-0.00048219
2026-09-16 04:00:00+00:00,-0.00049026
2026-09-16 05:00:00+00:00,-0.00045324
2026-09-16 06:00:00+00:00,-0.00039035
2026-09-16 07:00:00+00:00,-0.00053331
2026-09-16 08:00:00+00:00,-0.00046925
2026-09-16 09:00:00+00:00,-0.00033973
2026-09-16 10:00:00+00:00,-0.00032312
2026-09-16 11:00:00+00:00,-0.00046507
2026-09-16 12:00:00+00:00,-0.00038531
2026-09-16 13:00:00+00:00,-0.00045737
2026-09-16 14:00:00+00:00,-0.00016371
2026-09-16 15:00:00+00:00,-0.00045502
2026-09-16 16:00:00+00:00,-0.00043367
2026-09-16 17:00:00+00:00,-0.00023294
2026-09-16 18:00:00+00:00,-0.00051816
2026-09-16 19:00:00+00:00,-0.00042691
2026-09-16 20:00:00+00:00,-0.00042911
2026-09-16 21:00:00+00:00,-0.00049485
2026-09-16 22:00:00+00:00,-0.00035977
2026-09-16 23:00:00+00:00,-0.00044205
2026-09-17 00:00:00+00:00,-0.00061763
2026-09-17 01:00:00+00:00,-0.00061530
2026-09-17 02:00:00+00:00,-0.00045228
2026-09-17 03:00:00+00:00,-0.00052802
2026-09-17 04:00:00+00:00,-0.00048950
2026-09-17 05:00:00+00:00,-0.00052614
2026-09-17 06:00:00+00:00,-0.00037090
2026-09-17 07:00:00+00:00,-0.00050274
2026-09-17 08:00:00+00:00,-0.00037180
2026-09-17 09:00:00+00:00,-0.00056911
2026-09-17 10:00:00+00:00,-0.00030443
2026-09-17 11:00:00+00:00,-0.00012107
2026-09-17 12:00:00+00:00,-0.00054875
2026-09-17 13:00:00+00:00,-0.00036542
2026-09-17 14:00:00+00:00,-0.00045095
2026-09-17 15:00:00+00:00,-0.00035287
2026-09-17 16:00:00+00:00,-0.00005551
2026-09-17 17:00:00+00:00,-0.00027342
2026-09-17 18:00:00+00:00,-0.00061191
2026-09-17 19:00:00+00:00,-0.00026632
2026-09-17 20:00:00+00:00,-0.00030389
2026-09-17 21:00:00+00:00,-0.00052799
2026-09-17 22:00:00+00:00,-0.00039533
2026-09-17 23:00:00+00:00,-0.00045331
2026-09-18 00:00:00+00:00,-0.00044259
2026-09-18 01:00:00+00:00,-0.00059819
2026-09-18 02:00:00+00:00,-0.00052087
2026-09-18 03:00:00+00:00,-0.00048493
2026-09-18 04:00:00+00:00,0.00014984
2026-09-18 05:00:00+00:00,-0.00036350
2026-09-18 06:00:00+00:00,-0.00025081
2026-09-18 07:00:00+00:00,-0.00029438
2026-09-18 08:00:00+00:00,-0.00029164
2026-09-18 09:00:00+00:00,-0.00047421
2026-09-18 10:00:00+00:00,-0.00046159
2026-09-18 11:00:00+00:00,-0.00038217
2026-09-18 12:00:00+00:00,-0.00049462
2026-09-18 13:00:00+00:00,-0.00008766
2026-09-18 14:00:00+00:00,-0.00040647
2026-09-18 15:00:00+00:00,-0.00024695
2026-09-18 16:00:00+00:00,-0.00048566
2026-09-18 17:00:00+00:00,-0.00031023
2026-09-18 18:00:00+00:00,-0.00050825
2026-09-18 19:00:00+00:00,-0.00093153
2026-09-18 20:00:00+00:00,-0.00031933
2026-09-18 21:00:00+00:00,-0.00037839
2026-09-18 22:00:00+00:00,-0.00040603
2026-09-18 23:00:00+00:00,-0.00039435
2026-09-19 00:00:00+00:00,-0.00018148
2026-09-19 01:00:00+00:00,-0.00042269
2026-09-19 02:00:00+00:00,-0.00044592
2026-09-19 03:00:00+00:00,-0.00041862
2026-09-19 04:00:00+00:00,-0.00039660
2026-09-19 05:00:00+00:00,-0.00025254
2026-09-19 06:00:00+00:00,-0.00032685
2026-09-19 07:00:00+00:00,-0.00046548
2026-09-19 08:00:00+00:00,-0.00037763
2026-09-19 09:00:00+00:00,-0.00038521
2026-09-19 10:00:00+00:00,-0.00037549
2026-09-19 11:00:00+00:00,-0.00035106
2026-09-19 12:00:00+00:00,-0.00027827
2026-09-19 13:00:00+00:00,-0.00043941
2026-09-19 14:00:00+00:00,-0.00030685
2026-09-19 15:00:00+00:00,-0.00036023
2026-09-19 16:00:00+00:00,-0.00051642
2026-09-19 17:00:00+00:00,-0.00060659
2026-09-19 18:00:00+00:00,-0.00044752
2026-09-19 19:00:00+00:00,-0.00036605
2026-09-19 20:00:00+00:00,-0.00022167
2026-09-19 21:00:00+00:00,-0.00045013
2026-09-19 22:00:00+00:00,-0.00033491
2026-09-19 23:00:00+00:00,-0.00040676
2026-09-20 00:00:00+00:00,-0.00038710
2026-09-20 01:00:00+00:00,-0.00038399
2026-09-20 02:00:00+00:00,-0.00018942
2026-09-20 03:00:00+00:00,-0.00027250
2026-09-20 04:00:00+00:00,-0.00040522
2026-09-20 05:00:00+00:00,-0.00045704
2026-09-20 06:00:00+00:00,-0.00037945
2026-09-20 07:00:00+00:00,-0.00035525
2026-09-20 08:00:00+00:00,-0.00029145
2026-09-20 09:00:00+00:00,-0.00042484
2026-09-20 10:00:00+00:00,-0.00055233
2026-09-20 11:00:00+00:00,-0.00047473
2026-09-20 12:00:00+00:00,-0.00032577
2026-09-20 13:00:00+00:00,-0.00035078
2026-09-20 14:00:00+00:00,-0.00047686
2026-09-20 15:00:00+00:00,-0.00037718
2026-09-20 16:00:00+00:00,-0.00025513
2026-09-20 17:00:00+00:00,-0.00037193
2026-09-20 18:00:00+00:00,-0.00049913
2026-09-20 19:00:00+00:00,-0.00052017
2026-09-20 20:00:00+00:00,-0.00053505
2026-09-20 21:00:00+00:00,-0.00037480
2026-09-20 22:00:00+00:00,-0.00035275
2026-09-20 23:00:00+00:00,-0.00040909
2026-09-21 00:00:00+00:00,-0.00046979
2026-09-21 01:00:00+00:00,-0.00031151
2026-09-21 02:00:00+00:00,-0.00035601
2026-09-21 03:00:00+00:00,-0.00035301
2026-09-21 04:00:00+00:00,-0.00053372
2026-09-21 05:00:00+00:00,-0.00049417
2026-09-21 06:00:00+00:00,-0.00040797
2026-09-21 07:00:00+00:00,-0.00027088
2026-09-21 08:00:00+00:00,-0.00050201
2026-09-21 09:00:00+00:00,-0.00021266
2026-09-21 10:00:00+00:00,-0.00041184
2026-09-21 11:00:00+00:00,-0.00018392
2026-09-21 12:00:00+00:00,-0.00052761
2026-09-21 13:00:00+00:00,-0.00047037
2026-09-21 14:00:00+00:00,-0.00024287
2026-09-21 15:00:00+00:00,-0.00051988
2026-09-21 16:00:00+00:00,-0.00073487
2026-09-21 17:00:00+00:00,0.00008750
2026-09-21 18:00:00+00:00,-0.00036825
2026-09-21 19:00:00+00:00,-0.00075922
2026-09-21 20:00:00+00:00,-0.00042596
2026-09-21 21:00:00+00:00,-0.00051408
2026-09-21 22:00:00+00:00,-0.00033075
2026-09-21 23:00:00+00:00,-0.00044105
2026-09-22 00:00:00+00:00,-0.00033947
2026-09-22 01:00:00+00:00,-0.00021483
2026-09-22 02:00:00+00:00,-0.00052678
2026-09-22 03:00:00+00:00,-0.00041161
2026-09-22 04:00:00+00:00,-0.00036623
2026-09-22 05:00:00+00:00,-0.00042468
2026-09-22 06:00:00+00:00,-0.00044425
2026-09-22 07:00:00+00:00,-0.00001993
2026-09-22 08:00:00+00:00,-0.00044947
2026-09-22 09:00:00+00:00,-0.00043993
2026-09-22 10:00:00+00:00,-0.00054836
2026-09-22 11:00:00+00:00,-0.00036341
2026-09-22 12:00:00+00:00,-0.00021636
2026-09-22 13:00:00+00:00,-0.00061832
2026-09-22 14:00:00+00:00,-0.00018862
2026-09-22 15:00:00+00:00,-0.00055116
2026-09-22 16:00:00+00:00,-0.00063518
2026-09-22 17:00:00+00:00,-0.00064687
2026-09-22 18:00:00+00:00,-0.00074388
2026-09-22 19:00:00+00:00,-0.00050193
2026-09-22 20:00:00+00:00,-0.00034392
2026-09-22 21:00:00+00:00,-0.00056805
2026-09-22 22:00:00+00:00,-0.00058722
2026-09-22 23:00:00+00:00,-0.00050875
2026-09-23 00:00:00+00:00,-0.00039451
2026-09-23 01:00:00+00:00,-0.00035131
2026-09-23 02:00:00+00:00,-0.00043987
2026-09-23 03:00:00+00:00,-0.00049314
2026-09-23 04:00:00+00:00,-0.00061979
2026-09-23 05:00:00+00:00,-0.00051739
2026-09-23 06:00:00+00:00,-0.00060793
2026-09-23 07:00:00+00:00,-0.00033560
2026-09-23 08:00:00+00:00,-0.00029006
2026-09-23 09:00:00+00:00,-0.00040555
2026-09-23 10:00:00+00:00,-0.00048870
2026-09-23 11:00:00+00:00,-0.00042927
2026-09-23 12:00:00+00:00,-0.00049358
2026-09-23 13:00:00+00:00,-0.00042527
2026-09-23 14:00:00+00:00,-0.00053713
2026-09-23 15:00:00+00:00,-0.00040580
2026-09-23 16:00:00+00:00,-0.00044193
2026-09-23 17:00:00+00:00,-0.00058508
2026-09-23 18:00:00+00:00,-0.00060594
2026-09-23 19:00:00+00:00,-0.00026885
2026-09-23 20:00:00+00:00,-0.00043257
2026-09-23 21:00:00+00:00,-0.00062373
2026-09-23 22:00:00+00:00,-0.00052978
2026-09-23 23:00:00+00:00,-0.00049903
2026-09-24 00:00:00+00:00,-0.00044105
2026-09-24 01:00:00+00:00,-0.00036589
2026-09-24 02:00:00+00:00,-0.00037341
2026-09-24 03:00:00+00:00,-0.00035069
2026-09-24 04:00:00+00:00,-0.00046601
2026-09-24 05:00:00+00:00,-0.00048885
2026-09-24 06:00:00+00:00,-0.00058352
2026-09-24 07:00:00+00:00,-0.00063047
2026-09-24 08:00:00+00:00,-0.00037120
2026-09-24 09:00:00+00:00,-0.00046625
2026-09-24 10:00:00+00:00,-0.00044244
2026-09-24 11:00:00+00:00,-0.00054416
2026-09-24 12:00:00+00:00,-0.00051543
2026-09-24 13:00:00+00:00,-0.00039347
2026-09-24 14:00:00+00:00,-0.00039943
2026-09-24 15:00:00+00:00,-0.00053209
2026-09-24 16:00:00+00:00,-0.00064258
2026-09-24 17:00:00+00:00,-0.00035826
2026-09-24 18:00:00+00:00,-0.00051093
2026-09-24 19:00:00+00:00,-0.00044166
2026-09-24 20:00:00+00:00,-0.00059902
2026-09-24 21:00:00+00:00,-0.00064248
2026-09-24 22:00:00+00:00,-0.00048954
2026-09-24 23:00:00+00:00,-0.00045127
2026-09-25 00:00:00+00:00,-0.00035232
2026-09-25 01:00:00+00:00,-0.00036809
2026-09-25 02:00:00+00:00,-0.00046738
2026-09-25 03:00:00+00:00,-0.00032794
2026-09-25 04:00:00+00:00,-0.00046778
2026-09-25 05:00:00+00:00,-0.00058944
2026-09-25 06:00:00+00:00,-0.00045424
2026-09-25 07:00:00+00:00,-0.00066225
2026-09-25 08:00:00+00:00,-0.00050906
2026-09-25 09:00:00+00:00,-0.00056724
2026-09-25 10:00:00+00:00,-0.00047863
2026-09-25 11:00:00+00:00,-0.00061701
2026-09-25 12:00:00+00:00,-0.00058222
2026-09-25 13:00:00+00:00,-0.00053612
2026-09-25 14:00:00+00:00,-0.00052570
2026-09-25 15:00:00+00:00,-0.00024727
2026-09-25 16:00:00+00:00,-0.00041028
2026-09-25 17:00:00+00:00,-0.00037171
2026-09-25 18:00:00+00:00,-0.00045190
2026-09-25 19:00:00+00:00,-0.00057848
2026-09-25 20:00:00+00:00,-0.00055211
2026-09-25 21:00:00+00:00,-0.00061970
2026-09-25 22:00:00+00:00,-0.00056014
2026-09-25 23:00:00+00:00,-0.00049493
2026-09-26 00:00:00+00:00,-0.00039225
2026-09-26 01:00:00+00:00,-0.00044792
2026-09-26 02:00:00+00:00,-0.00040636
2026-09-26 03:00:00+00:00,-0.00040880
2026-09-26 04:00:00+00:00,-0.00039868
2026-09-26 05:00:00+00:00,-0.00034694
2026-09-26 06:00:00+00:00,-0.00038164
2026-09-26 07:00:00+00:00,-0.00052095
2026-09-26 08:00:00+00:00,-0.00058196
2026-09-26 09:00:00+00:00,-0.00048518
2026-09-26 10:00:00+00:00,-0.00052730
2026-09-26 11:00:00+00:00,-0.00054557
2026-09-26 12:00:00+00:00,-0.00056149
2026-09-26 13:00:00+00:00,-0.00042111
2026-09-26 14:00:00+00:00,-0.00053464
2026-09-26 15:00:00+00:00,-0.00049890
2026-09-26 16:00:00+00:00,-0.00059004
2026-09-26 17:00:00+00:00,-0.00046150
2026-09-26 18:00:00+00:00,-0.00037988
2026-09-26 19:00:00+00:00,-0.00038304
2026-09-26 20:00:00+00:00,-0.00023021
2026-09-26 21:00:00+00:00,-0.00042497
2026-09-26 22:00:00+00:00,-0.00035460
2026-09-26 23:00:00+00:00,-0.00054572
2026-09-27 00:00:00+00:00,-0.00045881
2026-09-27 01:00:00+00:00,-0.00045663
2026-09-27 02:00:00+00:00,-0.00040483
2026-09-27 03:00:00+00:00,-0.00052100
2026-09-27 04:00:00+00:00,-0.00043908
2026-09-27 05:00:00+00:00,-0.00044774
2026-09-27 06:00:00+00:00,-0.00050694
2026-09-27 07:00:00+00:00,-0.00036439
2026-09-27 08:00:00+00:00,-0.00053595
2026-09-27 09:00:00+00:00,-0.00036787
2026-09-27 10:00:00+00:00,-0.00041819
2026-09-27 11:00:00+00:00,-0.00041563
2026-09-27 12:00:00+00:00,-0.00068122
2026-09-27 13:00:00+00:00,-0.00043363
2026-09-27 14:00:00+00:00,-0.00069202
2026-09-27 15:00:00+00:00,-0.00042485
2026-09-27 16:00:00+00:00,-0.00038365
2026-09-27 17:00:00+00:00,-0.00044918
2026-09-27 18:00:00+00:00,-0.00045673
2026-09-27 19:00:00+00:00,-0.00048880
2026-09-27 20:00:00+00:00,-0.00053128
2026-09-27 21:00:00+00:00,-0.00045201
2026-09-27 22:00:00+00:00,-0.00056933
2026-09-27 23:00:00+00:00,-0.00046791
2026-09-28 00:00:00+00:00,-0.00070684
2026-09-28 01:00:00+00:00,-0.00068045
2026-09-28 02:00:00+00:00,-0.00051894
2026-09-28 03:00:00+00:00,-0.00052835
2026-09-28 04:00:00+00:00,-0.00059390
2026-09-28 05:00:00+00:00,-0.00054101
2026-09-28 06:00:00+00:00,-0.00049213
2026-09-28 07:00:00+00:00,-0.00062163
2026-09-28 08:00:00+00:00,-0.00046662
2026-09-28 09:00:00+00:00,-0.00013848
2026-09-28 10:00:00+00:00,-0.00040756
2026-09-28 11:00:00+00:00,-0.00032486
2026-09-28 12:00:00+00:00,-0.00041530
2026-09-28 13:00:00+00:00,-0.00047696
2026-09-28 14:00:00+00:00,-0.00027816
2026-09-28 15:00:00+00:00,-0.00051280
2026-09-28 16:00:00+00:00,-0.00034281
2026-09-28 17:00:00+00:00,-0.00065563
2026-09-28 18:00:00+00:00,-0.00046953
2026-09-28 19:00:00+00:00,-0.00061218
2026-09-28 20:00:00+00:00,-0.00052934
2026-09-28 21:00:00+00:00,-0.00051977
2026-09-28 22:00:00+00:00,-0.00033933
2026-09-28 23:00:00+00:00,-0.00053240
2026-09-29 00:00:00+00:00,-0.00076448
2026-09-29 01:00:00+00:00,-0.00054395
2026-09-29 02:00:00+00:00,-0.00033676
2026-09-29 03:00:00+00:00,-0.00050735
2026-09-29 04:00:00+00:00,-0.00045540
2026-09-29 05:00:00+00:00,-0.00022183
2026-09-29 06:00:00+00:00,-0.00047063
2026-09-29 07:00:00+00:00,-0.00039075
2026-09-29 08:00:00+00:00,-0.00039739
2026-09-29 09:00:00+00:00,-0.00054644
2026-09-29 10:00:00+00:00,-0.00054622
2026-09-29 11:00:00+00:00,-0.00058548
2026-09-29 12:00:00+00:00,-0.00052069
2026-09-29 13:00:00+00:00,-0.00052827
2026-09-29 14:00:00+00:00,-0.00069108
2026-09-29 15:00:00+00:00,-0.00034689
2026-09-29 16:00:00+00:00,-0.00040410
2026-09-29 17:00:00+00:00,-0.00050073
2026-09-29 18:00:00+00:00,-0.00035045
2026-09-29 19:00:00+00:00,-0.00056225
2026-09-29 20:00:00+00:00,-0.00044124
2026-09-29 21:00:00+00:00,-0.00035766
2026-09-29 22:00:00+00:00,-0.00042104
2026-09-29 23:00:00+00:00,-0.00050592
2026-09-30 00:00:00+00:00,-0.00038834
2026-09-30 01:00:00+00:00,-0.00041088
2026-09-30 02:00:00+00:00,-0.00035850
2026-09-30 03:00:00+00:00,-0.00035986
2026-09-30 04:00:00+00:00,-0.00051542
2026-09-30 05:00:00+00:00,-0.00039197
2026-09-30 06:00:00+00:00,-0.00045416
2026-09-30 07:00:00+00:00,-0.00046085
2026-09-30 08:00:00+00:00,-0.00054101
2026-09-30 09:00:00+00:00,-0.00044553
2026-09-30 10:00:00+00:00,-0.00041892
2026-09-30 11:00:00+00:00,-0.00021646
2026-09-30 12:00:00+00:00,-0.00050198
2026-09-30 13:00:00+00:00,-0.00024077
2026-09-30 14:00:00+00:00,-0.00067144
2026-09-30 15:00:00+00:00,-0.00039352
2026-09-30 16:00:00+00:00,-0.00042579
2026-09-30 17:00:00+00:00,-0.00037675
2026-09-30 18:00:00+00:00,-0.00039127
2026-09-30 19:00:00+00:00,-0.00051764
2026-09-30 20:00:00+00:00,-0.00039543
2026-09-30 21:00:00+00:00,-0.00043086
2026-09-30 22:00:00+00:00,-0.00046035
2026-09-30 23:00:00+00:00,-0.00046959
2026-10-01 00:00:00+00:00,-0.00073079
