time,close
2025-10-01 00:00:00+00:00,-0.00039647
2025-10-01 01:00:00+00:00,-0.00048675
2025-10-01 02:00:00+00:00,-0.0004461
2025-10-01 03:00:00+00:00,-0.00041963
2025-10-01 04:00:00+00:00,-0.00036898
2025-10-01 05:00:00+00:00,-0.00034867
2025-10-01 06:00:00+00:00,-0.00040121
2025-10-01 07:00:00+00:00,-0.00036182
2025-10-01 08:00:00+00:00,-0.00044915
2025-10-01 09:00:00+00:00,-0.00049459
2025-10-01 10:00:00+00:00,-0.00038446
2025-10-01 11:00:00+00:00,-0.00035814
2025-10-01 12:00:00+00:00,-0.00044873
2025-10-01 13:00:00+00:00,-0.00036637
2025-10-01 14:00:00+00:00,-0.00049195
2025-10-01 15:00:00+00:00,-0.00051407
2025-10-01 16:00:00+00:00,-0.00046493
2025-10-01 17:00:00+00:00,-0.00035161
2025-10-01 18:00:00+00:00,-0.0004701
2025-10-01 19:00:00+00:00,-0.00053565
2025-10-01 20:00:00+00:00,-0.00054655
2025-10-01 21:00:00+00:00,-0.00048822
2025-10-01 22:00:00+00:00,-0.00053081
2025-10-01 23:00:00+00:00,-0.00039591
2025-10-02 00:00:00+00:00,-0.00032757
2025-10-02 01:00:00+00:00,-0.00040133
2025-10-02 02:00:00+00:00,-0.00046196
2025-10-02 03:00:00+00:00,-0.00034275
2025-10-02 04:00:00+00:00,-0.00032908
2025-10-02 05:00:00+00:00,-0.00052374
2025-10-02 06:00:00+00:00,-0.00058364
2025-10-02 07:00:00+00:00,-0.00039159
2025-10-02 08:00:00+00:00,-0.00029716
2025-10-02 09:00:00+00:00,-0.00022448
2025-10-02 10:00:00+00:00,-0.00031295
2025-10-02 11:00:00+00:00,-0.00051042
2025-10-02 12:00:00+00:00,-0.00031833
2025-10-02 13:00:00+00:00,-0.00039945
2025-10-02 14:00:00+00:00,-0.00057685
2025-10-02 15:00:00+00:00,-0.00048505
2025-10-02 16:00:00+00:00,-0.00039185
2025-10-02 17:00:00+00:00,-0.00049594
2025-10-02 18:00:00+00:00,-0.00039728
2025-10-02 19:00:00+00:00,-0.00043304
2025-10-02 20:00:00+00:00,-0.00055334
2025-10-02 21:00:00+00:00,-0.00059535
2025-10-02 22:00:00+00:00,-0.00052199
2025-10-02 23:00:00+00:00,-0.00052521
2025-10-03 00:00:00+00:00,-0.00054735
2025-10-03 01:00:00+00:00,-0.00051693
2025-10-03 02:00:00+00:00,-0.00050783
2025-10-03 03:00:00+00:00,-0.00056137
2025-10-03 04:00:00+00:00,-0.00046424
2025-10-03 05:00:00+00:00,-0.0005406
2025-10-03 06:00:00+00:00,-0.00039735
2025-10-03 07:00:00+00:00,-0.00052344
2025-10-03 08:00:00+00:00,-0.0004122
2025-10-03 09:00:00+00:00,-0.00054014
2025-10-03 10:00:00+00:00,-0.00044083
2025-10-03 11:00:00+00:00,-0.00053526
2025-10-03 12:00:00+00:00,-0.00059976
2025-10-03 13:00:00+00:00,-0.00053421
2025-10-03 14:00:00+00:00,-0.0005089
2025-10-03 15:00:00+00:00,-0.00026731
2025-10-03 16:00:00+00:00,-0.00041563
2025-10-03 17:00:00+00:00,-0.00026084
2025-10-03 18:00:00+00:00,-0.00027868
2025-10-03 19:00:00+00:00,-0.00053878
2025-10-03 20:00:00+00:00,-0.0004946
2025-10-03 21:00:00+00:00,-0.00057303
2025-10-03 22:00:00+00:00,-0.00048245
2025-10-03 23:00:00+00:00,-0.00046683
2025-10-04 00:00:00+00:00,-0.00052696
2025-10-04 01:00:00+00:00,-0.00037562
2025-10-04 02:00:00+00:00,-0.00052604
2025-10-04 03:00:00+00:00,-0.0004898
2025-10-04 04:00:00+00:00,-0.00055048
2025-10-04 05:00:00+00:00,-0.00037159
2025-10-04 06:00:00+00:00,-0.00053243
2025-10-04 07:00:00+00:00,-0.00043732
2025-10-04 08:00:00+00:00,-0.00051693
2025-10-04 09:00:00+00:00,-0.00035126
2025-10-04 10:00:00+00:00,-0.0005644
2025-10-04 11:00:00+00:00,-0.00038514
2025-10-04 12:00:00+00:00,-0.0005328
2025-10-04 13:00:00+00:00,-0.00042136
2025-10-04 14:00:00+00:00,-0.00046182
2025-10-04 15:00:00+00:00,-0.00039619
2025-10-04 16:00:00+00:00,-0.00028336
2025-10-04 17:00:00+00:00,-0.00025137
2025-10-04 18:00:00+00:00,-0.00034916
2025-10-04 19:00:00+00:00,-0.00036482
2025-10-04 20:00:00+00:00,-0.00042896
2025-10-04 21:00:00+00:00,-0.00026212
2025-10-04 22:00:00+00:00,-0.00041001
2025-10-04 23:00:00+00:00,-0.00038126
2025-10-05 00:00:00+00:00,-0.00040184
2025-10-05 01:00:00+00:00,-0.0003638
2025-10-05 02:00:00+00:00,-0.00017763
2025-10-05 03:00:00+00:00,-0.00026268
2025-10-05 04:00:00+00:00,-0.00046408
2025-10-05 05:00:00+00:00,-0.0002501
2025-10-05 06:00:00+00:00,-0.00022659
2025-10-05 07:00:00+00:00,-0.00033383
2025-10-05 08:00:00+00:00,-0.00027232
2025-10-05 09:00:00+00:00,-0.00030273
2025-10-05 10:00:00+00:00,-0.00041281
2025-10-05 11:00:00+00:00,-0.0004176
2025-10-05 12:00:00+00:00,-0.00052681
2025-10-05 13:00:00+00:00,-0.00045286
2025-10-05 14:00:00+00:00,-0.00034927
2025-10-05 15:00:00+00:00,-0.00043457
2025-10-05 16:00:00+00:00,-0.00040876
2025-10-05 17:00:00+00:00,-0.00030892
2025-10-05 18:00:00+00:00,-0.00037066
2025-10-05 19:00:00+00:00,-0.00043505
2025-10-05 20:00:00+00:00,-0.00040642
2025-10-05 21:00:00+00:00,-0.00035926
2025-10-05 22:00:00+00:00,-0.00039662
2025-10-05 23:00:00+00:00,-0.0004199
2025-10-06 00:00:00+00:00,-0.00041809
2025-10-06 01:00:00+00:00,-0.00026368
2025-10-06 02:00:00+00:00,-0.00026528
2025-10-06 03:00:00+00:00,-0.00025873
2025-10-06 04:00:00+00:00,-0.00033352
2025-10-06 05:00:00+00:00,-0.00030278
2025-10-06 06:00:00+00:00,-0.00035755
2025-10-06 07:00:00+00:00,-0.00032997
2025-10-06 08:00:00+00:00,-0.00021913
2025-10-06 09:00:00+00:00,-0.00033436
2025-10-06 10:00:00+00:00,-0.00038937
2025-10-06 11:00:00+00:00,-0.00040256
2025-10-06 12:00:00+00:00,-0.00053301
2025-10-06 13:00:00+00:00,-0.00051104
2025-10-06 14:00:00+00:00,-0.00067921
2025-10-06 15:00:00+00:00,-0.00044573
2025-10-06 16:00:00+00:00,-0.00032468
2025-10-06 17:00:00+00:00,-0.00043878
2025-10-06 18:00:00+00:00,-0.00035282
2025-10-06 19:00:00+00:00,-0.00064391
2025-10-06 20:00:00+00:00,-0.00049173
2025-10-06 21:00:00+00:00,-0.00048448
2025-10-06 22:00:00+00:00,-0.000517
2025-10-06 23:00:00+00:00,-0.0005501
2025-10-07 00:00:00+00:00,-0.00044437
2025-10-07 01:00:00+00:00,-0.0004296
2025-10-07 02:00:00+00:00,-0.00047122
2025-10-07 03:00:00+00:00,-0.00057344
2025-10-07 04:00:00+00:00,-0.00057787
2025-10-07 05:00:00+00:00,-0.00056928
2025-10-07 06:00:00+00:00,-0.0003849
2025-10-07 07:00:00+00:00,-0.00048219
2025-10-07 08:00:00+00:00,-0.00052297
2025-10-07 09:00:00+00:00,-0.0005531
2025-10-07 10:00:00+00:00,-0.00060041
2025-10-07 11:00:00+00:00,-0.00058433
2025-10-07 12:00:00+00:00,-0.00043812
2025-10-07 13:00:00+00:00,-0.00026246
2025-10-07 14:00:00+00:00,-0.00032442
2025-10-07 15:00:00+00:00,-0.00029158
2025-10-07 16:00:00+00:00,-0.00008537
2025-10-07 17:00:00+00:00,-0.00029152
2025-10-07 18:00:00+00:00,-0.00028546
2025-10-07 19:00:00+00:00,-0.00034655
2025-10-07 20:00:00+00:00,-0.00024717
2025-10-07 21:00:00+00:00,-0.00020311
2025-10-07 22:00:00+00:00,-0.000305
2025-10-07 23:00:00+00:00,-0.00034955
2025-10-08 00:00:00+00:00,-0.00022252
2025-10-08 01:00:00+00:00,-0.00040368
2025-10-08 02:00:00+00:00,-0.00029617
2025-10-08 03:00:00+00:00,-0.00039834
2025-10-08 04:00:00+00:00,-0.00030908
2025-10-08 05:00:00+00:00,-0.00045653
2025-10-08 06:00:00+00:00,-0.00026283
2025-10-08 07:00:00+00:00,-0.00023465
2025-10-08 08:00:00+00:00,-0.0003489
2025-10-08 09:00:00+00:00,-0.0001655
2025-10-08 10:00:00+00:00,-0.00028144
2025-10-08 11:00:00+00:00,-0.00031374
2025-10-08 12:00:00+00:00,-0.00034859
2025-10-08 13:00:00+00:00,-0.00022793
2025-10-08 14:00:00+00:00,-0.00061775
2025-10-08 15:00:00+00:00,-0.00051957
2025-10-08 16:00:00+00:00,-0.00040599
2025-10-08 17:00:00+00:00,-0.0003375
2025-10-08 18:00:00+00:00,-0.00026211
2025-10-08 19:00:00+00:00,-0.00041376
2025-10-08 20:00:00+00:00,-0.00055056
2025-10-08 21:00:00+00:00,-0.00044892
2025-10-08 22:00:00+00:00,-0.00049219
2025-10-08 23:00:00+00:00,-0.00060094
2025-10-09 00:00:00+00:00,-0.0005553
2025-10-09 01:00:00+00:00,-0.00060562
2025-10-09 02:00:00+00:00,-0.00041134
2025-10-09 03:00:00+00:00,-0.00048584
2025-10-09 04:00:00+00:00,-0.00042179
2025-10-09 05:00:00+00:00,-0.00038761
2025-10-09 06:00:00+00:00,-0.00040479
2025-10-09 07:00:00+00:00,-0.00053583
2025-10-09 08:00:00+00:00,-0.00049262
2025-10-09 09:00:00+00:00,-0.00047549
2025-10-09 10:00:00+00:00,-0.00060717
2025-10-09 11:00:00+00:00,-0.00040366
2025-10-09 12:00:00+00:00,-0.00069098
2025-10-09 13:00:00+00:00,-0.00061066
2025-10-09 14:00:00+00:00,-0.00048664
2025-10-09 15:00:00+00:00,-0.00056004
2025-10-09 16:00:00+00:00,-0.00056291
2025-10-09 17:00:00+00:00,-0.00035924
2025-10-09 18:00:00+00:00,-0.00050514
2025-10-09 19:00:00+00:00,-0.00047763
2025-10-09 20:00:00+00:00,-0.00047873
2025-10-09 21:00:00+00:00,-0.00040125
2025-10-09 22:00:00+00:00,-0.00037428
2025-10-09 23:00:00+00:00,-0.00035019
2025-10-10 00:00:00+00:00,-0.00033593
2025-10-10 01:00:00+00:00,-0.00027559
2025-10-10 02:00:00+00:00,-0.00016427
2025-10-10 03:00:00+00:00,-0.00035604
2025-10-10 04:00:00+00:00,-0.00020956
2025-10-10 05:00:00+00:00,-0.00036426
2025-10-10 06:00:00+00:00,-0.0004879
2025-10-10 07:00:00+00:00,-0.00041026
2025-10-10 08:00:00+00:00,-0.00042745
2025-10-10 09:00:00+00:00,-0.00048252
2025-10-10 10:00:00+00:00,-0.00046191
2025-10-10 11:00:00+00:00,-0.00033234
2025-10-10 12:00:00+00:00,-0.00049746
2025-10-10 13:00:00+00:00,-0.00049675
2025-10-10 14:00:00+00:00,-0.00073138
2025-10-10 15:00:00+00:00,-0.00050699
2025-10-10 16:00:00+00:00,-0.00041592
2025-10-10 17:00:00+00:00,-0.00035043
2025-10-10 18:00:00+00:00,-0.00054108
2025-10-10 19:00:00+00:00,-0.00036066
2025-10-10 20:00:00+00:00,-0.00060973
2025-10-10 21:00:00+00:00,-0.00011311
2025-10-10 22:00:00+00:00,-0.00085414
2025-10-10 23:00:00+00:00,-0.00051824
2025-10-11 00:00:00+00:00,-0.00055459
2025-10-11 01:00:00+00:00,-0.00042254
2025-10-11 02:00:00+00:00,-0.00051597
2025-10-11 03:00:00+00:00,0.00026125
2025-10-11 04:00:00+00:00,-0.00018642
2025-10-11 05:00:00+00:00,-0.00028125
2025-10-11 06:00:00+00:00,-0.00043363
2025-10-11 07:00:00+00:00,-0.00037496
2025-10-11 08:00:00+00:00,-0.00039003
2025-10-11 09:00:00+00:00,-0.00023093
2025-10-11 10:00:00+00:00,-0.00042625
2025-10-11 11:00:00+00:00,-0.00039285
2025-10-11 12:00:00+00:00,-0.00030856
2025-10-11 13:00:00+00:00,-0.00022591
2025-10-11 14:00:00+00:00,-0.0003594
2025-10-11 15:00:00+00:00,-0.00048627
2025-10-11 16:00:00+00:00,-0.00045473
2025-10-11 17:00:00+00:00,-0.0005618
2025-10-11 18:00:00+00:00,-0.0004532
2025-10-11 19:00:00+00:00,-0.00050242
2025-10-11 20:00:00+00:00,-0.0004162
2025-10-11 21:00:00+00:00,-0.00046222
2025-10-11 22:00:00+00:00,-0.00046614
2025-10-11 23:00:00+00:00,-0.0004309
2025-10-12 00:00:00+00:00,-0.00060713
2025-10-12 01:00:00+00:00,-0.00045267
2025-10-12 02:00:00+00:00,-0.00046249
2025-10-12 03:00:00+00:00,-0.00033272
2025-10-12 04:00:00+00:00,-0.00050589
2025-10-12 05:00:00+00:00,-0.0004071
2025-10-12 06:00:00+00:00,-0.00050156
2025-10-12 07:00:00+00:00,-0.00047262
2025-10-12 08:00:00+00:00,-0.00045476
2025-10-12 09:00:00+00:00,-0.00053906
2025-10-12 10:00:00+00:00,-0.00049628
2025-10-12 11:00:00+00:00,-0.00053939
2025-10-12 12:00:00+00:00,-0.00044681
2025-10-12 13:00:00+00:00,-0.00055039
2025-10-12 14:00:00+00:00,0.00004965
2025-10-12 15:00:00+00:00,-0.00016239
2025-10-12 16:00:00+00:00,-0.0003092
2025-10-12 17:00:00+00:00,-0.00030547
2025-10-12 18:00:00+00:00,-0.00037754
2025-10-12 19:00:00+00:00,-0.00036319
2025-10-12 20:00:00+00:00,-0.00029381
2025-10-12 21:00:00+00:00,-0.00020833
2025-10-12 22:00:00+00:00,-0.00044108
2025-10-12 23:00:00+00:00,-0.00038338
2025-10-13 00:00:00+00:00,-0.00030438
2025-10-13 01:00:00+00:00,-0.00041043
2025-10-13 02:00:00+00:00,-0.00036883
2025-10-13 03:00:00+00:00,-0.00028467
2025-10-13 04:00:00+00:00,-0.00031408
2025-10-13 05:00:00+00:00,-0.00047575
2025-10-13 06:00:00+00:00,-0.0004466
2025-10-13 07:00:00+00:00,-0.00040449
2025-10-13 08:00:00+00:00,-0.00046617
2025-10-13 09:00:00+00:00,-0.00052005
2025-10-13 10:00:00+00:00,-0.00047538
2025-10-13 11:00:00+00:00,-0.00041948
2025-10-13 12:00:00+00:00,-0.00062523
2025-10-13 13:00:00+00:00,-0.00041137
2025-10-13 14:00:00+00:00,-0.00048863
2025-10-13 15:00:00+00:00,-0.00050679
2025-10-13 16:00:00+00:00,-0.00051143
2025-10-13 17:00:00+00:00,-0.00027668
2025-10-13 18:00:00+00:00,-0.00043919
2025-10-13 19:00:00+00:00,-0.00024668
2025-10-13 20:00:00+00:00,-0.00039019
2025-10-13 21:00:00+00:00,-0.00030431
2025-10-13 22:00:00+00:00,-0.00038717
2025-10-13 23:00:00+00:00,-0.00047251
2025-10-14 00:00:00+00:00,-0.00044453
2025-10-14 01:00:00+00:00,-0.00049981
2025-10-14 02:00:00+00:00,-0.00051895
2025-10-14 03:00:00+00:00,-0.00052569
2025-10-14 04:00:00+00:00,-0.00043062
2025-10-14 05:00:00+00:00,-0.00058251
2025-10-14 06:00:00+00:00,-0.0006657
2025-10-14 07:00:00+00:00,-0.0007995
2025-10-14 08:00:00+00:00,-0.00055165
2025-10-14 09:00:00+00:00,-0.00058466
2025-10-14 10:00:00+00:00,-0.0006633
2025-10-14 11:00:00+00:00,-0.00061064
2025-10-14 12:00:00+00:00,-0.00056039
2025-10-14 13:00:00+00:00,-0.00048713
2025-10-14 14:00:00+00:00,-0.0004124
2025-10-14 15:00:00+00:00,-0.00034411
2025-10-14 16:00:00+00:00,-0.00063869
2025-10-14 17:00:00+00:00,-0.00031781
2025-10-14 18:00:00+00:00,-0.00049696
2025-10-14 19:00:00+00:00,-0.00048352
2025-10-14 20:00:00+00:00,-0.00055855
2025-10-14 21:00:00+00:00,-0.00054866
2025-10-14 22:00:00+00:00,-0.00065036
2025-10-14 23:00:00+00:00,-0.00056415
2025-10-15 00:00:00+00:00,-0.00057174
2025-10-15 01:00:00+00:00,-0.00038243
2025-10-15 02:00:00+00:00,-0.00050456
2025-10-15 03:00:00+00:00,-0.00056243
2025-10-15 04:00:00+00:00,-0.00043355
2025-10-15 05:00:00+00:00,-0.00040586
2025-10-15 06:00:00+00:00,-0.00044157
2025-10-15 07:00:00+00:00,-0.00043906
2025-10-15 08:00:00+00:00,-0.00075732
2025-10-15 09:00:00+00:00,-0.00045329
2025-10-15 10:00:00+00:00,-0.00049131
2025-10-15 11:00:00+00:00,-0.00053147
2025-10-15 12:00:00+00:00,-0.00054915
2025-10-15 13:00:00+00:00,-0.00047528
2025-10-15 14:00:00+00:00,-0.00048447
2025-10-15 15:00:00+00:00,-0.00047549
2025-10-15 16:00:00+00:00,-0.00059267
2025-10-15 17:00:00+00:00,-0.00059617
2025-10-15 18:00:00+00:00,-0.00053248
2025-10-15 19:00:00+00:00,-0.00041373
2025-10-15 20:00:00+00:00,-0.00047153
2025-10-15 21:00:00+00:00,-0.00050071
2025-10-15 22:00:00+00:00,-0.00053009
2025-10-15 23:00:00+00:00,-0.00043009
2025-10-16 00:00:00+00:00,-0.00050609
2025-10-16 01:00:00+00:00,-0.00037798
2025-10-16 02:00:00+00:00,-0.00045876
2025-10-16 03:00:00+00:00,-0.00059341
2025-10-16 04:00:00+00:00,-0.0005407
2025-10-16 05:00:00+00:00,-0.00068791
2025-10-16 06:00:00+00:00,-0.00048184
2025-10-16 07:00:00+00:00,-0.00047362
2025-10-16 08:00:00+00:00,-0.00065793
2025-10-16 09:00:00+00:00,-0.00042011
2025-10-16 10:00:00+00:00,-0.0003579
2025-10-16 11:00:00+00:00,-0.00043101
2025-10-16 12:00:00+00:00,-0.00050495
2025-10-16 13:00:00+00:00,-0.00042292
2025-10-16 14:00:00+00:00,-0.00069741
2025-10-16 15:00:00+00:00,-0.00068709
2025-10-16 16:00:00+00:00,-0.00047525
2025-10-16 17:00:00+00:00,-0.00054705
2025-10-16 18:00:00+00:00,-0.00056862
2025-10-16 19:00:00+00:00,-0.00035907
2025-10-16 20:00:00+00:00,-0.0004197
2025-10-16 21:00:00+00:00,-0.00037686
2025-10-16 22:00:00+00:00,-0.00054038
2025-10-16 23:00:00+00:00,-0.00058811
2025-10-17 00:00:00+00:00,-0.0004105
2025-10-17 01:00:00+00:00,-0.00047088
2025-10-17 02:00:00+00:00,-0.00044846
2025-10-17 03:00:00+00:00,-0.00046556
2025-10-17 04:00:00+00:00,-0.00051657
2025-10-17 05:00:00+00:00,-0.00059327
2025-10-17 06:00:00+00:00,-0.00048453
2025-10-17 07:00:00+00:00,-0.00063675
2025-10-17 08:00:00+00:00,-0.00048719
2025-10-17 09:00:00+00:00,-0.00056991
2025-10-17 10:00:00+00:00,-0.00052911
2025-10-17 11:00:00+00:00,-0.0005092
2025-10-17 12:00:00+00:00,-0.00045727
2025-10-17 13:00:00+00:00,-0.00039641
2025-10-17 14:00:00+00:00,-0.00065612
2025-10-17 15:00:00+00:00,-0.00032573
2025-10-17 16:00:00+00:00,-0.00045783
2025-10-17 17:00:00+00:00,-0.00049729
2025-10-17 18:00:00+00:00,-0.00048092
2025-10-17 19:00:00+00:00,-0.00048496
2025-10-17 20:00:00+00:00,-0.00057406
2025-10-17 21:00:00+00:00,-0.00057146
2025-10-17 22:00:00+00:00,-0.0005159
2025-10-17 23:00:00+00:00,-0.0004727
2025-10-18 00:00:00+00:00,-0.00056645
2025-10-18 01:00:00+00:00,-0.00058777
2025-10-18 02:00:00+00:00,-0.00052276
2025-10-18 03:00:00+00:00,-0.00051031
2025-10-18 04:00:00+00:00,-0.00049134
2025-10-18 05:00:00+00:00,-0.00052382
2025-10-18 06:00:00+00:00,-0.00058682
2025-10-18 07:00:00+00:00,-0.00028
2025-10-18 08:00:00+00:00,-0.00048403
2025-10-18 09:00:00+00:00,-0.00054567
2025-10-18 10:00:00+00:00,-0.00041677
2025-10-18 11:00:00+00:00,-0.00051935
2025-10-18 12:00:00+00:00,-0.00045653
2025-10-18 13:00:00+00:00,-0.00041194
2025-10-18 14:00:00+00:00,-0.00040566
2025-10-18 15:00:00+00:00,-0.00049884
2025-10-18 16:00:00+00:00,-0.00055052
2025-10-18 17:00:00+00:00,-0.00033578
2025-10-18 18:00:00+00:00,-0.00033827
2025-10-18 19:00:00+00:00,-0.00040976
2025-10-18 20:00:00+00:00,-0.00051427
2025-10-18 21:00:00+00:00,-0.00031746
2025-10-18 22:00:00+00:00,-0.0004366
2025-10-18 23:00:00+00:00,-0.00045634
2025-10-19 00:00:00+00:00,-0.0005299
2025-10-19 01:00:00+00:00,-0.00033258
2025-10-19 02:00:00+00:00,-0.00039576
2025-10-19 03:00:00+00:00,-0.00040345
2025-10-19 04:00:00+00:00,-0.0005659
2025-10-19 05:00:00+00:00,-0.00042212
2025-10-19 06:00:00+00:00,-0.00038342
2025-10-19 07:00:00+00:00,-0.00050094
2025-10-19 08:00:00+00:00,-0.00053124
2025-10-19 09:00:00+00:00,-0.00046622
2025-10-19 10:00:00+00:00,-0.00040213
2025-10-19 11:00:00+00:00,-0.00034754
2025-10-19 12:00:00+00:00,-0.00036703
2025-10-19 13:00:00+00:00,-0.00029568
2025-10-19 14:00:00+00:00,-0.00037019
2025-10-19 15:00:00+00:00,-0.00037447
2025-10-19 16:00:00+00:00,-0.00044942
2025-10-19 17:00:00+00:00,-0.00027295
2025-10-19 18:00:00+00:00,-0.00048291
2025-10-19 19:00:00+00:00,-0.00045752
2025-10-19 20:00:00+00:00,-0.00052922
2025-10-19 21:00:00+00:00,-0.00028041
2025-10-19 22:00:00+00:00,-0.00042369
2025-10-19 23:00:00+00:00,-0.0004671
2025-10-20 00:00:00+00:00,-0.00047263
2025-10-20 01:00:00+00:00,-0.00054359
2025-10-20 02:00:00+00:00,-0.00052409
2025-10-20 03:00:00+00:00,-0.00053025
2025-10-20 04:00:00+00:00,-0.00041415
2025-10-20 05:00:00+00:00,-0.00039309
2025-10-20 06:00:00+00:00,-0.00044459
2025-10-20 07:00:00+00:00,-0.00026909
2025-10-20 08:00:00+00:00,-0.00026065
2025-10-20 09:00:00+00:00,-0.0002981
2025-10-20 10:00:00+00:00,-0.00026768
2025-10-20 11:00:00+00:00,-0.00036075
2025-10-20 12:00:00+00:00,-0.00038449
2025-10-20 13:00:00+00:00,-0.00040097
2025-10-20 14:00:00+00:00,-0.00038106
2025-10-20 15:00:00+00:00,-0.00040971
2025-10-20 16:00:00+00:00,-0.00036731
2025-10-20 17:00:00+00:00,-0.00031069
2025-10-20 18:00:00+00:00,-0.00046066
2025-10-20 19:00:00+00:00,-0.00050818
2025-10-20 20:00:00+00:00,-0.00047689
2025-10-20 21:00:00+00:00,-0.00041807
2025-10-20 22:00:00+00:00,-0.00043821
2025-10-20 23:00:00+00:00,-0.00043875
2025-10-21 00:00:00+00:00,-0.00036751
2025-10-21 01:00:00+00:00,-0.00043304
2025-10-21 02:00:00+00:00,-0.00055164
2025-10-21 03:00:00+00:00,-0.00064382
2025-10-21 04:00:00+00:00,-0.00058144
2025-10-21 05:00:00+00:00,-0.00045866
2025-10-21 06:00:00+00:00,-0.00052308
2025-10-21 07:00:00+00:00,-0.0005739
2025-10-21 08:00:00+00:00,-0.00047755
2025-10-21 09:00:00+00:00,-0.00046852
2025-10-21 10:00:00+00:00,-0.00055736
2025-10-21 11:00:00+00:00,-0.00049838
2025-10-21 12:00:00+00:00,-0.00050166
2025-10-21 13:00:00+00:00,-0.00044277
2025-10-21 14:00:00+00:00,-0.00028528
2025-10-21 15:00:00+00:00,-0.00025665
2025-10-21 16:00:00+00:00,-0.00040999
2025-10-21 17:00:00+00:00,-0.00024547
2025-10-21 18:00:00+00:00,-0.00030354
2025-10-21 19:00:00+00:00,-0.00041756
2025-10-21 20:00:00+00:00,-0.00056943
2025-10-21 21:00:00+00:00,-0.00038891
2025-10-21 22:00:00+00:00,-0.00043387
2025-10-21 23:00:00+00:00,-0.00055048
2025-10-22 00:00:00+00:00,-0.00052994
2025-10-22 01:00:00+00:00,-0.00050927
2025-10-22 02:00:00+00:00,-0.0004779
2025-10-22 03:00:00+00:00,-0.0005033
2025-10-22 04:00:00+00:00,-0.0005813
2025-10-22 05:00:00+00:00,-0.00027177
2025-10-22 06:00:00+00:00,-0.00027985
2025-10-22 07:00:00+00:00,-0.00051876
2025-10-22 08:00:00+00:00,-0.0004736
2025-10-22 09:00:00+00:00,-0.00046994
2025-10-22 10:00:00+00:00,-0.00040335
2025-10-22 11:00:00+00:00,-0.00064326
2025-10-22 12:00:00+00:00,-0.00044359
2025-10-22 13:00:00+00:00,-0.0003493
2025-10-22 14:00:00+00:00,-0.00043829
2025-10-22 15:00:00+00:00,-0.00040162
2025-10-22 16:00:00+00:00,-0.0004531
2025-10-22 17:00:00+00:00,-0.00031706
2025-10-22 18:00:00+00:00,-0.00044622
2025-10-22 19:00:00+00:00,-0.00036812
2025-10-22 20:00:00+00:00,-0.00057479
2025-10-22 21:00:00+00:00,-0.00073538
2025-10-22 22:00:00+00:00,-0.00043602
2025-10-22 23:00:00+00:00,-0.00050276
2025-10-23 00:00:00+00:00,-0.00029405
2025-10-23 01:00:00+00:00,-0.00035914
2025-10-23 02:00:00+00:00,-0.00026434
2025-10-23 03:00:00+00:00,-0.0003946
2025-10-23 04:00:00+00:00,-0.00047124
2025-10-23 05:00:00+00:00,-0.00046599
2025-10-23 06:00:00+00:00,-0.00044438
2025-10-23 07:00:00+00:00,-0.00032796
2025-10-23 08:00:00+00:00,-0.00032296
2025-10-23 09:00:00+00:00,-0.00051695
2025-10-23 10:00:00+00:00,-0.0004852
2025-10-23 11:00:00+00:00,-0.00043086
2025-10-23 12:00:00+00:00,-0.00040782
2025-10-23 13:00:00+00:00,-0.00035896
2025-10-23 14:00:00+00:00,-0.00048141
2025-10-23 15:00:00+00:00,-0.0005493
2025-10-23 16:00:00+00:00,-0.00041337
2025-10-23 17:00:00+00:00,-0.00040541
2025-10-23 18:00:00+00:00,-0.00038681
2025-10-23 19:00:00+00:00,-0.00055178
2025-10-23 20:00:00+00:00,-0.00053169
2025-10-23 21:00:00+00:00,-0.00046478
2025-10-23 22:00:00+00:00,-0.00063052
2025-10-23 23:00:00+00:00,-0.00043659
2025-10-24 00:00:00+00:00,-0.00046241
2025-10-24 01:00:00+00:00,-0.00047289
2025-10-24 02:00:00+00:00,-0.00042643
2025-10-24 03:00:00+00:00,-0.00038462
2025-10-24 04:00:00+00:00,-0.00042387
2025-10-24 05:00:00+00:00,-0.00042837
2025-10-24 06:00:00+00:00,-0.00034602
2025-10-24 07:00:00+00:00,-0.00025415
2025-10-24 08:00:00+00:00,-0.00028692
2025-10-24 09:00:00+00:00,-0.00022588
2025-10-24 10:00:00+00:00,-0.00031835
2025-10-24 11:00:00+00:00,-0.00038627
2025-10-24 12:00:00+00:00,-0.00037997
2025-10-24 13:00:00+00:00,-0.00052747
2025-10-24 14:00:00+00:00,-0.00061094
2025-10-24 15:00:00+00:00,-0.00050676
2025-10-24 16:00:00+00:00,-0.00052768
2025-10-24 17:00:00+00:00,-0.00064513
2025-10-24 18:00:00+00:00,-0.00049902
2025-10-24 19:00:00+00:00,-0.00044477
2025-10-24 20:00:00+00:00,-0.00050738
2025-10-24 21:00:00+00:00,-0.00036688
2025-10-24 22:00:00+00:00,-0.0004332
2025-10-24 23:00:00+00:00,-0.00039321
2025-10-25 00:00:00+00:00,-0.00037299
2025-10-25 01:00:00+00:00,-0.00037392
2025-10-25 02:00:00+00:00,-0.00047234
2025-10-25 03:00:00+00:00,-0.00050391
2025-10-25 04:00:00+00:00,-0.00038803
2025-10-25 05:00:00+00:00,-0.00034612
2025-10-25 06:00:00+00:00,-0.00042814
2025-10-25 07:00:00+00:00,-0.00038809
2025-10-25 08:00:00+00:00,-0.00020631
2025-10-25 09:00:00+00:00,-0.0003107
2025-10-25 10:00:00+00:00,-0.00033267
2025-10-25 11:00:00+00:00,-0.00024838
2025-10-25 12:00:00+00:00,-0.00019254
2025-10-25 13:00:00+00:00,-0.00021159
2025-10-25 14:00:00+00:00,-0.0003967
2025-10-25 15:00:00+00:00,-0.00034201
2025-10-25 16:00:00+00:00,-0.00043476
2025-10-25 17:00:00+00:00,-0.00038095
2025-10-25 18:00:00+00:00,-0.00028558
2025-10-25 19:00:00+00:00,-0.00034902
2025-10-25 20:00:00+00:00,-0.00043003
2025-10-25 21:00:00+00:00,-0.0003744
2025-10-25 22:00:00+00:00,-0.00050739
2025-10-25 23:00:00+00:00,-0.00053854
2025-10-26 00:00:00+00:00,-0.00045791
2025-10-26 01:00:00+00:00,-0.0004216
2025-10-26 02:00:00+00:00,-0.00038876
2025-10-26 03:00:00+00:00,-0.00051604
2025-10-26 04:00:00+00:00,-0.00049984
2025-10-26 05:00:00+00:00,-0.00036962
2025-10-26 06:00:00+00:00,-0.00051732
2025-10-26 07:00:00+00:00,-0.00036349
2025-10-26 08:00:00+00:00,-0.00026575
2025-10-26 09:00:00+00:00,-0.00044166
2025-10-26 10:00:00+00:00,-0.00042375
2025-10-26 11:00:00+00:00,-0.00024654
2025-10-26 12:00:00+00:00,-0.00039479
2025-10-26 13:00:00+00:00,-0.00039371
2025-10-26 14:00:00+00:00,-0.00025747
2025-10-26 15:00:00+00:00,-0.00037733
2025-10-26 16:00:00+00:00,-0.00020095
2025-10-26 17:00:00+00:00,-0.00037469
2025-10-26 18:00:00+00:00,-0.00033167
2025-10-26 19:00:00+00:00,-0.0002567
2025-10-26 20:00:00+00:00,-0.0005352
2025-10-26 21:00:00+00:00,-0.00037414
2025-10-26 22:00:00+00:00,-0.0002488
2025-10-26 23:00:00+00:00,-0.00036457
2025-10-27 00:00:00+00:00,-0.00038685
2025-10-27 01:00:00+00:00,-0.00040195
2025-10-27 02:00:00+00:00,-0.00028288
2025-10-27 03:00:00+00:00,-0.00033687
2025-10-27 04:00:00+00:00,-0.00026505
2025-10-27 05:00:00+00:00,-0.00038285
2025-10-27 06:00:00+00:00,-0.00042495
2025-10-27 07:00:00+00:00,-0.00022958
2025-10-27 08:00:00+00:00,-0.00013951
2025-10-27 09:00:00+00:00,-0.00031253
2025-10-27 10:00:00+00:00,-0.00049624
2025-10-27 11:00:00+00:00,-0.00054231
2025-10-27 12:00:00+00:00,-0.00043267
2025-10-27 13:00:00+00:00,-0.00042596
2025-10-27 14:00:00+00:00,-0.00033423
2025-10-27 15:00:00+00:00,-0.00043848
2025-10-27 16:00:00+00:00,-0.0002868
2025-10-27 17:00:00+00:00,-0.0003719
2025-10-27 18:00:00+00:00,-0.00038673
2025-10-27 19:00:00+00:00,-0.00044292
2025-10-27 20:00:00+00:00,-0.00045102
2025-10-27 21:00:00+00:00,-0.00063179
2025-10-27 22:00:00+00:00,-0.00050642
2025-10-27 23:00:00+00:00,-0.00053185
2025-10-28 00:00:00+00:00,-0.00052194
2025-10-28 01:00:00+00:00,-0.00046313
2025-10-28 02:00:00+00:00,-0.00040685
2025-10-28 03:00:00+00:00,-0.00050353
2025-10-28 04:00:00+00:00,-0.00054191
2025-10-28 05:00:00+00:00,-0.00048708
2025-10-28 06:00:00+00:00,-0.00049966
2025-10-28 07:00:00+00:00,-0.00040732
2025-10-28 08:00:00+00:00,-0.00042337
2025-10-28 09:00:00+00:00,-0.00042383
2025-10-28 10:00:00+00:00,-0.00037305
2025-10-28 11:00:00+00:00,-0.00042663
2025-10-28 12:00:00+00:00,-0.00041587
2025-10-28 13:00:00+00:00,-0.00029674
2025-10-28 14:00:00+00:00,-0.00037996
2025-10-28 15:00:00+00:00,-0.00065474
2025-10-28 16:00:00+00:00,-0.00036889
2025-10-28 17:00:00+00:00,-0.00028459
2025-10-28 18:00:00+00:00,-0.00039422
2025-10-28 19:00:00+00:00,-0.00040843
2025-10-28 20:00:00+00:00,-0.00065401
2025-10-28 21:00:00+00:00,-0.0006167
2025-10-28 22:00:00+00:00,-0.00059595
2025-10-28 23:00:00+00:00,-0.00048411
2025-10-29 00:00:00+00:00,-0.00057605
2025-10-29 01:00:00+00:00,-0.00046862
2025-10-29 02:00:00+00:00,-0.00042632
2025-10-29 03:00:00+00:00,-0.00059139
2025-10-29 04:00:00+00:00,-0.0004713
2025-10-29 05:00:00+00:00,-0.00055656
2025-10-29 06:00:00+00:00,-0.00052261
2025-10-29 07:00:00+00:00,-0.00037954
2025-10-29 08:00:00+00:00,-0.00035681
2025-10-29 09:00:00+00:00,-0.00053591
2025-10-29 10:00:00+00:00,-0.0004651
2025-10-29 11:00:00+00:00,-0.0004183
2025-10-29 12:00:00+00:00,-0.00042482
2025-10-29 13:00:00+00:00,-0.00046708
2025-10-29 14:00:00+00:00,-0.00058869
2025-10-29 15:00:00+00:00,-0.00051993
2025-10-29 16:00:00+00:00,-0.00049895
2025-10-29 17:00:00+00:00,-0.00046843
2025-10-29 18:00:00+00:00,-0.00030525
2025-10-29 19:00:00+00:00,-0.00047025
2025-10-29 20:00:00+00:00,-0.0004515
2025-10-29 21:00:00+00:00,-0.00044709
2025-10-29 22:00:00+00:00,-0.00050503
2025-10-29 23:00:00+00:00,-0.00075449
2025-10-30 00:00:00+00:00,-0.00040392
2025-10-30 01:00:00+00:00,-0.00054692
2025-10-30 02:00:00+00:00,-0.00044723
2025-10-30 03:00:00+00:00,-0.00049417
2025-10-30 04:00:00+00:00,-0.00065572
2025-10-30 05:00:00+00:00,-0.00038425
2025-10-30 06:00:00+00:00,-0.00029822
2025-10-30 07:00:00+00:00,-0.00037503
2025-10-30 08:00:00+00:00,-0.00047017
2025-10-30 09:00:00+00:00,-0.00046624
2025-10-30 10:00:00+00:00,-0.00050686
2025-10-30 11:00:00+00:00,-0.00047327
2025-10-30 12:00:00+00:00,-0.00057862
2025-10-30 13:00:00+00:00,-0.00066608
2025-10-30 14:00:00+00:00,-0.00068091
2025-10-30 15:00:00+00:00,-0.00050361
2025-10-30 16:00:00+00:00,-0.00041211
2025-10-30 17:00:00+00:00,-0.00060622
2025-10-30 18:00:00+00:00,-0.00045352
2025-10-30 19:00:00+00:00,-0.00046549
2025-10-30 20:00:00+00:00,-0.00051089
2025-10-30 21:00:00+00:00,-0.00038724
2025-10-30 22:00:00+00:00,-0.00049971
2025-10-30 23:00:00+00:00,-0.00044757
2025-10-31 00:00:00+00:00,-0.00034626
2025-10-31 01:00:00+00:00,-0.00033767
2025-10-31 02:00:00+00:00,-0.0003267
2025-10-31 03:00:00+00:00,-0.00037671
2025-10-31 04:00:00+00:00,-0.00042446
2025-10-31 05:00:00+00:00,-0.00033911
2025-10-31 06:00:00+00:00,-0.00042851
2025-10-31 07:00:00+00:00,-0.00047159
2025-10-31 08:00:00+00:00,-0.00035649
2025-10-31 09:00:00+00:00,-0.00033617
2025-10-31 10:00:00+00:00,-0.00033085
2025-10-31 11:00:00+00:00,-0.00036999
2025-10-31 12:00:00+00:00,-0.00050842
2025-10-31 13:00:00+00:00,-0.00037413
2025-10-31 14:00:00+00:00,-0.00053914
2025-10-31 15:00:00+00:00,-0.0005324
2025-10-31 16:00:00+00:00,-0.00112823
2025-10-31 17:00:00+00:00,-0.00045346
2025-10-31 18:00:00+00:00,-0.00046155
2025-10-31 19:00:00+00:00,-0.00016671
2025-10-31 20:00:00+00:00,-0.00049109
2025-10-31 21:00:00+00:00,-0.00042933
2025-10-31 22:00:00+00:00,-0.00052501
2025-10-31 23:00:00+00:00,-0.00052175
2025-11-01 00:00:00+00:00,-0.000454
2025-11-01 01:00:00+00:00,-0.00056962
2025-11-01 02:00:00+00:00,-0.00043509
2025-11-01 03:00:00+00:00,-0.00050197
2025-11-01 04:00:00+00:00,-0.00040442
2025-11-01 05:00:00+00:00,-0.00040213
2025-11-01 06:00:00+00:00,-0.00045426
2025-11-01 07:00:00+00:00,-0.00041594
2025-11-01 08:00:00+00:00,-0.00053444
2025-11-01 09:00:00+00:00,-0.00036102
2025-11-01 10:00:00+00:00,-0.00038073
2025-11-01 11:00:00+00:00,-0.00032974
2025-11-01 12:00:00+00:00,-0.00052112
2025-11-01 13:00:00+00:00,-0.00044195
2025-11-01 14:00:00+00:00,-0.00050527
2025-11-01 15:00:00+00:00,-0.00041106
2025-11-01 16:00:00+00:00,-0.00031848
2025-11-01 17:00:00+00:00,-0.00038983
2025-11-01 18:00:00+00:00,-0.00055156
2025-11-01 19:00:00+00:00,-0.00047895
2025-11-01 20:00:00+00:00,-0.000483
2025-11-01 21:00:00+00:00,-0.00048491
2025-11-01 22:00:00+00:00,-0.00050694
2025-11-01 23:00:00+00:00,-0.00055115
2025-11-02 00:00:00+00:00,-0.00054007
2025-11-02 01:00:00+00:00,-0.00057565
2025-11-02 02:00:00+00:00,-0.00037204
2025-11-02 03:00:00+00:00,-0.00049754
2025-11-02 04:00:00+00:00,-0.00042375
2025-11-02 05:00:00+00:00,-0.00045534
2025-11-02 06:00:00+00:00,-0.00051203
2025-11-02 07:00:00+00:00,-0.0004797
2025-11-02 08:00:00+00:00,-0.00044662
2025-11-02 09:00:00+00:00,-0.00051097
2025-11-02 10:00:00+00:00,-0.00042305
2025-11-02 11:00:00+00:00,-0.0004592
2025-11-02 12:00:00+00:00,-0.00039419
2025-11-02 13:00:00+00:00,-0.00052993
2025-11-02 14:00:00+00:00,-0.00048862
2025-11-02 15:00:00+00:00,-0.00050659
2025-11-02 16:00:00+00:00,-0.00047887
2025-11-02 17:00:00+00:00,-0.00049063
2025-11-02 18:00:00+00:00,-0.00052291
2025-11-02 19:00:00+00:00,-0.00042367
2025-11-02 20:00:00+00:00,-0.00045067
2025-11-02 21:00:00+00:00,-0.00057467
2025-11-02 22:00:00+00:00,-0.00034886
2025-11-02 23:00:00+00:00,-0.00047869
2025-11-03 00:00:00+00:00,-0.00044678
2025-11-03 01:00:00+00:00,-0.00043918
2025-11-03 02:00:00+00:00,-0.0005276
2025-11-03 03:00:00+00:00,-0.00053036
2025-11-03 04:00:00+00:00,-0.00062294
2025-11-03 05:00:00+00:00,-0.00058932
2025-11-03 06:00:00+00:00,-0.00051318
2025-11-03 07:00:00+00:00,-0.0004788
2025-11-03 08:00:00+00:00,-0.00037905
2025-11-03 09:00:00+00:00,-0.00033772
2025-11-03 10:00:00+00:00,-0.00027373
2025-11-03 11:00:00+00:00,-0.00040908
2025-11-03 12:00:00+00:00,-0.00047567
2025-11-03 13:00:00+00:00,-0.00048604
2025-11-03 14:00:00+00:00,-0.00041969
2025-11-03 15:00:00+00:00,-0.00051488
2025-11-03 16:00:00+00:00,-0.0004354
2025-11-03 17:00:00+00:00,-0.00043649
2025-11-03 18:00:00+00:00,-0.00051682
2025-11-03 19:00:00+00:00,-0.00044784
2025-11-03 20:00:00+00:00,-0.00045646
2025-11-03 21:00:00+00:00,-0.00044016
2025-11-03 22:00:00+00:00,-0.00041317
2025-11-03 23:00:00+00:00,-0.00041504
2025-11-04 00:00:00+00:00,-0.00046618
2025-11-04 01:00:00+00:00,-0.00036249
2025-11-04 02:00:00+00:00,-0.00061609
2025-11-04 03:00:00+00:00,-0.0005706
2025-11-04 04:00:00+00:00,-0.00041626
2025-11-04 05:00:00+00:00,-0.0006606
2025-11-04 06:00:00+00:00,-0.00054777
2025-11-04 07:00:00+00:00,-0.00047262
2025-11-04 08:00:00+00:00,-0.00049694
2025-11-04 09:00:00+00:00,-0.00040223
2025-11-04 10:00:00+00:00,-0.00042694
2025-11-04 11:00:00+00:00,-0.00049551
2025-11-04 12:00:00+00:00,-0.00052287
2025-11-04 13:00:00+00:00,-0.00057277
2025-11-04 14:00:00+00:00,-0.00040542
2025-11-04 15:00:00+00:00,-0.00060433
2025-11-04 16:00:00+00:00,-0.00009877
2025-11-04 17:00:00+00:00,-0.00050605
2025-11-04 18:00:00+00:00,-0.00044782
2025-11-04 19:00:00+00:00,-0.00052963
2025-11-04 20:00:00+00:00,-0.00048062
2025-11-04 21:00:00+00:00,-0.00041726
2025-11-04 22:00:00+00:00,-0.00033398
2025-11-04 23:00:00+00:00,-0.00052661
2025-11-05 00:00:00+00:00,-0.00033974
2025-11-05 01:00:00+00:00,-0.00051817
2025-11-05 02:00:00+00:00,-0.00053892
2025-11-05 03:00:00+00:00,-0.00050907
2025-11-05 04:00:00+00:00,-0.00047232
2025-11-05 05:00:00+00:00,-0.00038728
2025-11-05 06:00:00+00:00,-0.00047992
2025-11-05 07:00:00+00:00,-0.00054558
2025-11-05 08:00:00+00:00,-0.00028982
2025-11-05 09:00:00+00:00,-0.00035115
2025-11-05 10:00:00+00:00,-0.00043317
2025-11-05 11:00:00+00:00,-0.00038277
2025-11-05 12:00:00+00:00,-0.00056477
2025-11-05 13:00:00+00:00,-0.00045428
2025-11-05 14:00:00+00:00,-0.00058543
2025-11-05 15:00:00+00:00,-0.00038918
2025-11-05 16:00:00+00:00,-0.00050138
2025-11-05 17:00:00+00:00,-0.00041964
2025-11-05 18:00:00+00:00,-0.0005484
2025-11-05 19:00:00+00:00,-0.00053255
2025-11-05 20:00:00+00:00,-0.00036666
2025-11-05 21:00:00+00:00,-0.0005037
2025-11-05 22:00:00+00:00,-0.00046277
2025-11-05 23:00:00+00:00,-0.00060027
2025-11-06 00:00:00+00:00,-0.00056788
2025-11-06 01:00:00+00:00,-0.00050295
2025-11-06 02:00:00+00:00,-0.00045591
2025-11-06 03:00:00+00:00,-0.00049234
2025-11-06 04:00:00+00:00,-0.00039095
2025-11-06 05:00:00+00:00,-0.00053962
2025-11-06 06:00:00+00:00,-0.00042573
2025-11-06 07:00:00+00:00,-0.00039418
2025-11-06 08:00:00+00:00,-0.00040313
2025-11-06 09:00:00+00:00,-0.00055704
2025-11-06 10:00:00+00:00,-0.00039215
2025-11-06 11:00:00+00:00,-0.00030148
2025-11-06 12:00:00+00:00,-0.00039887
2025-11-06 13:00:00+00:00,-0.00037444
2025-11-06 14:00:00+00:00,-0.00050276
2025-11-06 15:00:00+00:00,-0.00042837
2025-11-06 16:00:00+00:00,-0.00062535
2025-11-06 17:00:00+00:00,-0.00062677
2025-11-06 18:00:00+00:00,-0.00052786
2025-11-06 19:00:00+00:00,-0.00058503
2025-11-06 20:00:00+00:00,-0.00060928
2025-11-06 21:00:00+00:00,-0.00029788
2025-11-06 22:00:00+00:00,-0.00054625
2025-11-06 23:00:00+00:00,-0.00053063
2025-11-07 00:00:00+00:00,-0.00051502
2025-11-07 01:00:00+00:00,-0.00047096
2025-11-07 02:00:00+00:00,-0.00048784
2025-11-07 03:00:00+00:00,-0.00062717
2025-11-07 04:00:00+00:00,-0.00057543
2025-11-07 05:00:00+00:00,-0.00044355
2025-11-07 06:00:00+00:00,-0.00040532
2025-11-07 07:00:00+00:00,-0.00042609
2025-11-07 08:00:00+00:00,-0.000483
2025-11-07 09:00:00+00:00,-0.00043383
2025-11-07 10:00:00+00:00,-0.00045003
2025-11-07 11:00:00+00:00,-0.00054684
2025-11-07 12:00:00+00:00,-0.00054985
2025-11-07 13:00:00+00:00,-0.00048295
2025-11-07 14:00:00+00:00,-0.00027466
2025-11-07 15:00:00+00:00,-0.00046327
2025-11-07 16:00:00+00:00,-0.00046886
2025-11-07 17:00:00+00:00,-0.00039384
2025-11-07 18:00:00+00:00,-0.00035233
2025-11-07 19:00:00+00:00,-0.00031318
2025-11-07 20:00:00+00:00,-0.00049157
2025-11-07 21:00:00+00:00,-0.00046828
2025-11-07 22:00:00+00:00,-0.00031775
2025-11-07 23:00:00+00:00,-0.00045324
2025-11-08 00:00:00+00:00,-0.00048866
2025-11-08 01:00:00+00:00,-0.00050493
2025-11-08 02:00:00+00:00,-0.00053422
2025-11-08 03:00:00+00:00,-0.00063376
2025-11-08 04:00:00+00:00,-0.00047543
2025-11-08 05:00:00+00:00,-0.0005434
2025-11-08 06:00:00+00:00,-0.00056087
2025-11-08 07:00:00+00:00,-0.00048917
2025-11-08 08:00:00+00:00,-0.00063231
2025-11-08 09:00:00+00:00,-0.00051969
2025-11-08 10:00:00+00:00,-0.00047521
2025-11-08 11:00:00+00:00,-0.00048029
2025-11-08 12:00:00+00:00,-0.00048601
2025-11-08 13:00:00+00:00,-0.00055251
2025-11-08 14:00:00+00:00,-0.00047557
2025-11-08 15:00:00+00:00,-0.00045579
2025-11-08 16:00:00+00:00,-0.00051938
2025-11-08 17:00:00+00:00,-0.00060231
2025-11-08 18:00:00+00:00,-0.00055066
2025-11-08 19:00:00+00:00,-0.00041057
2025-11-08 20:00:00+00:00,-0.00051186
2025-11-08 21:00:00+00:00,-0.00061658
2025-11-08 22:00:00+00:00,-0.00044087
2025-11-08 23:00:00+00:00,-0.00041087
2025-11-09 00:00:00+00:00,-0.0004921
2025-11-09 01:00:00+00:00,-0.00053191
2025-11-09 02:00:00+00:00,-0.00046545
2025-11-09 03:00:00+00:00,-0.00053422
2025-11-09 04:00:00+00:00,-0.00050715
2025-11-09 05:00:00+00:00,-0.00049699
2025-11-09 06:00:00+00:00,-0.00045349
2025-11-09 07:00:00+00:00,-0.00031415
2025-11-09 08:00:00+00:00,-0.0004013
2025-11-09 09:00:00+00:00,-0.00052093
2025-11-09 10:00:00+00:00,-0.00040794
2025-11-09 11:00:00+00:00,-0.00031161
2025-11-09 12:00:00+00:00,-0.00033888
2025-11-09 13:00:00+00:00,-0.0005487
2025-11-09 14:00:00+00:00,-0.00042104
2025-11-09 15:00:00+00:00,-0.00041326
2025-11-09 16:00:00+00:00,-0.00033822
2025-11-09 17:00:00+00:00,-0.00035203
2025-11-09 18:00:00+00:00,-0.00037796
2025-11-09 19:00:00+00:00,-0.00031161
2025-11-09 20:00:00+00:00,-0.00039967
2025-11-09 21:00:00+00:00,-0.00037583
2025-11-09 22:00:00+00:00,-0.00047295
2025-11-09 23:00:00+00:00,-0.00059829
2025-11-10 00:00:00+00:00,-0.00041176
2025-11-10 01:00:00+00:00,-0.00046465
2025-11-10 02:00:00+00:00,-0.000336
2025-11-10 03:00:00+00:00,-0.00052494
2025-11-10 04:00:00+00:00,-0.00043
2025-11-10 05:00:00+00:00,-0.00045073
2025-11-10 06:00:00+00:00,-0.00046337
2025-11-10 07:00:00+00:00,-0.00028974
2025-11-10 08:00:00+00:00,-0.00037544
2025-11-10 09:00:00+00:00,-0.00049259
2025-11-10 10:00:00+00:00,-0.00048306
2025-11-10 11:00:00+00:00,-0.00039469
2025-11-10 12:00:00+00:00,-0.00036989
2025-11-10 13:00:00+00:00,-0.00027038
2025-11-10 14:00:00+00:00,-0.00049963
2025-11-10 15:00:00+00:00,-0.00048291
2025-11-10 16:00:00+00:00,-0.0004305
2025-11-10 17:00:00+00:00,-0.00042134
2025-11-10 18:00:00+00:00,-0.00047981
2025-11-10 19:00:00+00:00,-0.00052321
2025-11-10 20:00:00+00:00,-0.00052023
2025-11-10 21:00:00+00:00,-0.00055756
2025-11-10 22:00:00+00:00,-0.00043644
2025-11-10 23:00:00+00:00,-0.00036437
2025-11-11 00:00:00+00:00,-0.0003547
2025-11-11 01:00:00+00:00,-0.00055092
2025-11-11 02:00:00+00:00,-0.00048249
2025-11-11 03:00:00+00:00,-0.00049768
2025-11-11 04:00:00+00:00,-0.00067017
2025-11-11 05:00:00+00:00,-0.00060843
2025-11-11 06:00:00+00:00,-0.00056608
2025-11-11 07:00:00+00:00,-0.00054586
2025-11-11 08:00:00+00:00,-0.00055282
2025-11-11 09:00:00+00:00,-0.00059592
2025-11-11 10:00:00+00:00,-0.00053011
2025-11-11 11:00:00+00:00,-0.00047202
2025-11-11 12:00:00+00:00,-0.00029436
2025-11-11 13:00:00+00:00,-0.00041626
2025-11-11 14:00:00+00:00,-0.00045485
2025-11-11 15:00:00+00:00,-0.00026067
2025-11-11 16:00:00+00:00,-0.00037693
2025-11-11 17:00:00+00:00,-0.00043128
2025-11-11 18:00:00+00:00,-0.00030159
2025-11-11 19:00:00+00:00,-0.00043155
2025-11-11 20:00:00+00:00,-0.00039197
2025-11-11 21:00:00+00:00,-0.00041685
2025-11-11 22:00:00+00:00,-0.00053773
2025-11-11 23:00:00+00:00,-0.00049554
2025-11-12 00:00:00+00:00,-0.00050103
2025-11-12 01:00:00+00:00,-0.00054202
2025-11-12 02:00:00+00:00,-0.00043925
2025-11-12 03:00:00+00:00,-0.00052781
2025-11-12 04:00:00+00:00,-0.00042029
2025-11-12 05:00:00+00:00,-0.00037616
2025-11-12 06:00:00+00:00,-0.00040576
2025-11-12 07:00:00+00:00,-0.00049313
2025-11-12 08:00:00+00:00,-0.00035187
2025-11-12 09:00:00+00:00,-0.00029754
2025-11-12 10:00:00+00:00,-0.00042043
2025-11-12 11:00:00+00:00,-0.00036715
2025-11-12 12:00:00+00:00,-0.00028783
2025-11-12 13:00:00+00:00,-0.00040987
2025-11-12 14:00:00+00:00,-0.00035019
2025-11-12 15:00:00+00:00,-0.00061685
2025-11-12 16:00:00+00:00,-0.00046744
2025-11-12 17:00:00+00:00,-0.0004653
2025-11-12 18:00:00+00:00,-0.00035221
2025-11-12 19:00:00+00:00,-0.00048993
2025-11-12 20:00:00+00:00,-0.00066631
2025-11-12 21:00:00+00:00,-0.00039554
2025-11-12 22:00:00+00:00,-0.00040337
2025-11-12 23:00:00+00:00,-0.00050113
2025-11-13 00:00:00+00:00,-0.00046204
2025-11-13 01:00:00+00:00,-0.00047386
2025-11-13 02:00:00+00:00,-0.00051935
2025-11-13 03:00:00+00:00,-0.00054411
2025-11-13 04:00:00+00:00,-0.00043361
2025-11-13 05:00:00+00:00,-0.00046552
2025-11-13 06:00:00+00:00,-0.0005145
2025-11-13 07:00:00+00:00,-0.00041548
2025-11-13 08:00:00+00:00,-0.00031726
2025-11-13 09:00:00+00:00,-0.00046422
2025-11-13 10:00:00+00:00,-0.00049661
2025-11-13 11:00:00+00:00,-0.00045279
2025-11-13 12:00:00+00:00,-0.00043835
2025-11-13 13:00:00+00:00,-0.00063265
2025-11-13 14:00:00+00:00,-0.00029749
2025-11-13 15:00:00+00:00,-0.00062534
2025-11-13 16:00:00+00:00,-0.00055948
2025-11-13 17:00:00+00:00,-0.00060656
2025-11-13 18:00:00+00:00,-0.00072958
2025-11-13 19:00:00+00:00,-0.0004569
2025-11-13 20:00:00+00:00,-0.00058641
2025-11-13 21:00:00+00:00,-0.00053553
2025-11-13 22:00:00+00:00,-0.00050948
2025-11-13 23:00:00+00:00,-0.0006093
2025-11-14 00:00:00+00:00,-0.00040573
2025-11-14 01:00:00+00:00,-0.00052586
2025-11-14 02:00:00+00:00,-0.00045315
2025-11-14 03:00:00+00:00,-0.00044991
2025-11-14 04:00:00+00:00,-0.00063644
2025-11-14 05:00:00+00:00,-0.00033873
2025-11-14 06:00:00+00:00,-0.00043889
2025-11-14 07:00:00+00:00,-0.00059505
2025-11-14 08:00:00+00:00,-0.00045188
2025-11-14 09:00:00+00:00,-0.00040776
2025-11-14 10:00:00+00:00,-0.00044224
2025-11-14 11:00:00+00:00,-0.00045982
2025-11-14 12:00:00+00:00,-0.00037639
2025-11-14 13:00:00+00:00,-0.00023723
2025-11-14 14:00:00+00:00,-0.00057816
2025-11-14 15:00:00+00:00,-0.00043146
2025-11-14 16:00:00+00:00,-0.00042162
2025-11-14 17:00:00+00:00,-0.00048556
2025-11-14 18:00:00+00:00,-0.00039003
2025-11-14 19:00:00+00:00,-0.00045123
2025-11-14 20:00:00+00:00,-0.00034764
2025-11-14 21:00:00+00:00,-0.00039249
2025-11-14 22:00:00+00:00,-0.00042526
2025-11-14 23:00:00+00:00,0.00007376
2025-11-15 00:00:00+00:00,-0.00044076
2025-11-15 01:00:00+00:00,-0.00035575
2025-11-15 02:00:00+00:00,-0.00044045
2025-11-15 03:00:00+00:00,-0.0004319
2025-11-15 04:00:00+00:00,-0.00047753
2025-11-15 05:00:00+00:00,-0.00043314
2025-11-15 06:00:00+00:00,-0.00033254
2025-11-15 07:00:00+00:00,-0.0004224
2025-11-15 08:00:00+00:00,-0.00031566
2025-11-15 09:00:00+00:00,-0.00033015
2025-11-15 10:00:00+00:00,-0.00042152
2025-11-15 11:00:00+00:00,-0.00044811
2025-11-15 12:00:00+00:00,-0.00049317
2025-11-15 13:00:00+00:00,-0.00049834
2025-11-15 14:00:00+00:00,-0.00045818
2025-11-15 15:00:00+00:00,-0.00048719
2025-11-15 16:00:00+00:00,-0.00039637
2025-11-15 17:00:00+00:00,-0.00045605
2025-11-15 18:00:00+00:00,-0.00036741
2025-11-15 19:00:00+00:00,-0.00048448
2025-11-15 20:00:00+00:00,-0.0005162
2025-11-15 21:00:00+00:00,-0.00050641
2025-11-15 22:00:00+00:00,0.00001045
2025-11-15 23:00:00+00:00,-0.0004928
2025-11-16 00:00:00+00:00,-0.00056757
2025-11-16 01:00:00+00:00,-0.00035645
2025-11-16 02:00:00+00:00,-0.00040374
2025-11-16 03:00:00+00:00,-0.0005359
2025-11-16 04:00:00+00:00,-0.00056503
2025-11-16 05:00:00+00:00,-0.00046727
2025-11-16 06:00:00+00:00,-0.00046752
2025-11-16 07:00:00+00:00,-0.00044434
2025-11-16 08:00:00+00:00,-0.00042721
2025-11-16 09:00:00+00:00,-0.00051003
2025-11-16 10:00:00+00:00,-0.00043306
2025-11-16 11:00:00+00:00,-0.00045451
2025-11-16 12:00:00+00:00,-0.00037195
2025-11-16 13:00:00+00:00,-0.00052195
2025-11-16 14:00:00+00:00,-0.00037358
2025-11-16 15:00:00+00:00,-0.00026128
2025-11-16 16:00:00+00:00,-0.00043714
2025-11-16 17:00:00+00:00,-0.00040849
2025-11-16 18:00:00+00:00,-0.00046102
2025-11-16 19:00:00+00:00,-0.00034629
2025-11-16 20:00:00+00:00,-0.0004906
2025-11-16 21:00:00+00:00,-0.0003959
2025-11-16 22:00:00+00:00,-0.00049727
2025-11-16 23:00:00+00:00,-0.00046744
2025-11-17 00:00:00+00:00,-0.00032147
2025-11-17 01:00:00+00:00,-0.00029543
2025-11-17 02:00:00+00:00,-0.00041859
2025-11-17 03:00:00+00:00,-0.00038665
2025-11-17 04:00:00+00:00,-0.00034539
2025-11-17 05:00:00+00:00,-0.00035236
2025-11-17 06:00:00+00:00,-0.00028062
2025-11-17 07:00:00+00:00,-0.00043445
2025-11-17 08:00:00+00:00,-0.00037961
2025-11-17 09:00:00+00:00,-0.0003817
2025-11-17 10:00:00+00:00,-0.00040422
2025-11-17 11:00:00+00:00,-0.00029986
2025-11-17 12:00:00+00:00,-0.00049821
2025-11-17 13:00:00+00:00,-0.00050923
2025-11-17 14:00:00+00:00,-0.00052612
2025-11-17 15:00:00+00:00,-0.00055183
2025-11-17 16:00:00+00:00,-0.00037211
2025-11-17 17:00:00+00:00,-0.00048124
2025-11-17 18:00:00+00:00,-0.00043705
2025-11-17 19:00:00+00:00,-0.00035863
2025-11-17 20:00:00+00:00,-0.00028001
2025-11-17 21:00:00+00:00,-0.00040692
2025-11-17 22:00:00+00:00,-0.00027331
2025-11-17 23:00:00+00:00,-0.00043553
2025-11-18 00:00:00+00:00,-0.00049527
2025-11-18 01:00:00+00:00,-0.0006591
2025-11-18 02:00:00+00:00,-0.00059076
2025-11-18 03:00:00+00:00,-0.00039274
2025-11-18 04:00:00+00:00,-0.00051656
2025-11-18 05:00:00+00:00,-0.00050442
2025-11-18 06:00:00+00:00,-0.00048742
2025-11-18 07:00:00+00:00,-0.00056971
2025-11-18 08:00:00+00:00,-0.00033529
2025-11-18 09:00:00+00:00,-0.000411
2025-11-18 10:00:00+00:00,-0.00049584
2025-11-18 11:00:00+00:00,-0.00044141
2025-11-18 12:00:00+00:00,-0.00034176
2025-11-18 13:00:00+00:00,-0.00045926
2025-11-18 14:00:00+00:00,-0.00043135
2025-11-18 15:00:00+00:00,-0.00038745
2025-11-18 16:00:00+00:00,-0.00032387
2025-11-18 17:00:00+00:00,-0.00025286
2025-11-18 18:00:00+00:00,-0.00046972
2025-11-18 19:00:00+00:00,-0.00044652
2025-11-18 20:00:00+00:00,-0.00037252
2025-11-18 21:00:00+00:00,-0.00044042
2025-11-18 22:00:00+00:00,-0.00039273
2025-11-18 23:00:00+00:00,-0.00051061
2025-11-19 00:00:00+00:00,-0.00048531
2025-11-19 01:00:00+00:00,-0.00034655
2025-11-19 02:00:00+00:00,-0.00059932
2025-11-19 03:00:00+00:00,-0.00050555
2025-11-19 04:00:00+00:00,-0.00014576
2025-11-19 05:00:00+00:00,-0.00054437
2025-11-19 06:00:00+00:00,-0.00062718
2025-11-19 07:00:00+00:00,-0.00058404
2025-11-19 08:00:00+00:00,-0.00042655
2025-11-19 09:00:00+00:00,-0.00048969
2025-11-19 10:00:00+00:00,-0.00046792
2025-11-19 11:00:00+00:00,-0.00039954
2025-11-19 12:00:00+00:00,-0.00057461
2025-11-19 13:00:00+00:00,-0.00063354
2025-11-19 14:00:00+00:00,-0.00051058
2025-11-19 15:00:00+00:00,-0.00070823
2025-11-19 16:00:00+00:00,-0.00051929
2025-11-19 17:00:00+00:00,-0.00040035
2025-11-19 18:00:00+00:00,-0.00041186
2025-11-19 19:00:00+00:00,-0.00039188
2025-11-19 20:00:00+00:00,-0.00047613
2025-11-19 21:00:00+00:00,-0.00032959
2025-11-19 22:00:00+00:00,-0.00038177
2025-11-19 23:00:00+00:00,-0.00050475
2025-11-20 00:00:00+00:00,-0.00027697
2025-11-20 01:00:00+00:00,-0.00034598
2025-11-20 02:00:00+00:00,-0.00027387
2025-11-20 03:00:00+00:00,-0.00020178
2025-11-20 04:00:00+00:00,-0.0002101
2025-11-20 05:00:00+00:00,-0.00038705
2025-11-20 06:00:00+00:00,-0.00029332
2025-11-20 07:00:00+00:00,-0.00036481
2025-11-20 08:00:00+00:00,-0.00031312
2025-11-20 09:00:00+00:00,-0.00032353
2025-11-20 10:00:00+00:00,-0.00037146
2025-11-20 11:00:00+00:00,-0.00059778
2025-11-20 12:00:00+00:00,-0.00045566
2025-11-20 13:00:00+00:00,-0.00053897
2025-11-20 14:00:00+00:00,-0.00043095
2025-11-20 15:00:00+00:00,-0.00045808
2025-11-20 16:00:00+00:00,-0.00045533
2025-11-20 17:00:00+00:00,-0.00032969
2025-11-20 18:00:00+00:00,-0.00050522
2025-11-20 19:00:00+00:00,-0.00060331
2025-11-20 20:00:00+00:00,-0.00044882
2025-11-20 21:00:00+00:00,-0.00054489
2025-11-20 22:00:00+00:00,-0.00060423
2025-11-20 23:00:00+00:00,-0.00060725
2025-11-21 00:00:00+00:00,-0.00052655
2025-11-21 01:00:00+00:00,-0.00045131
2025-11-21 02:00:00+00:00,-0.00049467
2025-11-21 03:00:00+00:00,-0.00054784
2025-11-21 04:00:00+00:00,-0.00056471
2025-11-21 05:00:00+00:00,-0.00041225
2025-11-21 06:00:00+00:00,-0.00048385
2025-11-21 07:00:00+00:00,-0.00040842
2025-11-21 08:00:00+00:00,-0.00043358
2025-11-21 09:00:00+00:00,-0.00044837
2025-11-21 10:00:00+00:00,-0.00043649
2025-11-21 11:00:00+00:00,-0.00043696
2025-11-21 12:00:00+00:00,-0.00066104
2025-11-21 13:00:00+00:00,-0.00055575
2025-11-21 14:00:00+00:00,-0.00058523
2025-11-21 15:00:00+00:00,-0.00043316
2025-11-21 16:00:00+00:00,-0.00017714
2025-11-21 17:00:00+00:00,-0.00034188
2025-11-21 18:00:00+00:00,-0.00047213
2025-11-21 19:00:00+00:00,-0.0005424
2025-11-21 20:00:00+00:00,-0.00040146
2025-11-21 21:00:00+00:00,-0.00035933
2025-11-21 22:00:00+00:00,-0.00045197
2025-11-21 23:00:00+00:00,-0.00043011
2025-11-22 00:00:00+00:00,-0.00045039
2025-11-22 01:00:00+00:00,-0.00037084
2025-11-22 02:00:00+00:00,-0.00043633
2025-11-22 03:00:00+00:00,-0.0005195
2025-11-22 04:00:00+00:00,-0.00056163
2025-11-22 05:00:00+00:00,-0.00044211
2025-11-22 06:00:00+00:00,-0.00046348
2025-11-22 07:00:00+00:00,-0.0004866
2025-11-22 08:00:00+00:00,-0.00049414
2025-11-22 09:00:00+00:00,-0.00054192
2025-11-22 10:00:00+00:00,-0.00053449
2025-11-22 11:00:00+00:00,-0.00043842
2025-11-22 12:00:00+00:00,-0.00052897
2025-11-22 13:00:00+00:00,-0.00055148
2025-11-22 14:00:00+00:00,-0.00036777
2025-11-22 15:00:00+00:00,-0.00039005
2025-11-22 16:00:00+00:00,-0.0003536
2025-11-22 17:00:00+00:00,-0.00041922
2025-11-22 18:00:00+00:00,-0.00034546
2025-11-22 19:00:00+00:00,-0.00044519
2025-11-22 20:00:00+00:00,-0.00048347
2025-11-22 21:00:00+00:00,-0.00036845
2025-11-22 22:00:00+00:00,-0.00035846
2025-11-22 23:00:00+00:00,-0.00053956
2025-11-23 00:00:00+00:00,-0.00051218
2025-11-23 01:00:00+00:00,-0.00045354
2025-11-23 02:00:00+00:00,-0.00045925
2025-11-23 03:00:00+00:00,-0.00059541
2025-11-23 04:00:00+00:00,-0.00051452
2025-11-23 05:00:00+00:00,-0.00047614
2025-11-23 06:00:00+00:00,-0.00035161
2025-11-23 07:00:00+00:00,-0.00052733
2025-11-23 08:00:00+00:00,-0.00038497
2025-11-23 09:00:00+00:00,-0.00050606
2025-11-23 10:00:00+00:00,-0.00049875
2025-11-23 11:00:00+00:00,-0.00045627
2025-11-23 12:00:00+00:00,-0.00035113
2025-11-23 13:00:00+00:00,-0.00063232
2025-11-23 14:00:00+00:00,-0.00063234
2025-11-23 15:00:00+00:00,-0.00061519
2025-11-23 16:00:00+00:00,-0.00059466
2025-11-23 17:00:00+00:00,-0.00061641
2025-11-23 18:00:00+00:00,-0.00048609
2025-11-23 19:00:00+00:00,-0.00047307
2025-11-23 20:00:00+00:00,-0.00060196
2025-11-23 21:00:00+00:00,-0.00057798
2025-11-23 22:00:00+00:00,-0.00026246
2025-11-23 23:00:00+00:00,-0.00051987
2025-11-24 00:00:00+00:00,-0.00067271
2025-11-24 01:00:00+00:00,-0.0005264
2025-11-24 02:00:00+00:00,-0.0005477
2025-11-24 03:00:00+00:00,-0.00044798
2025-11-24 04:00:00+00:00,-0.00060714
2025-11-24 05:00:00+00:00,-0.00047314
2025-11-24 06:00:00+00:00,-0.0004429
2025-11-24 07:00:00+00:00,-0.00041941
2025-11-24 08:00:00+00:00,-0.00053468
2025-11-24 09:00:00+00:00,-0.00053538
2025-11-24 10:00:00+00:00,-0.00055837
2025-11-24 11:00:00+00:00,-0.00052322
2025-11-24 12:00:00+00:00,-0.00041342
2025-11-24 13:00:00+00:00,-0.00040583
2025-11-24 14:00:00+00:00,-0.00069676
2025-11-24 15:00:00+00:00,-0.00048422
2025-11-24 16:00:00+00:00,-0.00047539
2025-11-24 17:00:00+00:00,-0.00060114
2025-11-24 18:00:00+00:00,-0.00056023
2025-11-24 19:00:00+00:00,-0.00045303
2025-11-24 20:00:00+00:00,-0.00060073
2025-11-24 21:00:00+00:00,-0.00071076
2025-11-24 22:00:00+00:00,-0.0003868
2025-11-24 23:00:00+00:00,-0.00045559
2025-11-25 00:00:00+00:00,-0.00055632
2025-11-25 01:00:00+00:00,-0.00053872
2025-11-25 02:00:00+00:00,-0.00060626
2025-11-25 03:00:00+00:00,-0.00062187
2025-11-25 04:00:00+00:00,-0.00054003
2025-11-25 05:00:00+00:00,-0.00037141
2025-11-25 06:00:00+00:00,-0.00042731
2025-11-25 07:00:00+00:00,-0.00038902
2025-11-25 08:00:00+00:00,-0.00048403
2025-11-25 09:00:00+00:00,-0.00060041
2025-11-25 10:00:00+00:00,-0.00055823
2025-11-25 11:00:00+00:00,-0.00066332
2025-11-25 12:00:00+00:00,-0.00060638
2025-11-25 13:00:00+00:00,-0.00052405
2025-11-25 14:00:00+00:00,-0.00070038
2025-11-25 15:00:00+00:00,-0.00041467
2025-11-25 16:00:00+00:00,-0.00052298
2025-11-25 17:00:00+00:00,-0.00055559
2025-11-25 18:00:00+00:00,-0.0005034
2025-11-25 19:00:00+00:00,-0.00060421
2025-11-25 20:00:00+00:00,-0.00050844
2025-11-25 21:00:00+00:00,-0.00047781
2025-11-25 22:00:00+00:00,-0.00048964
2025-11-25 23:00:00+00:00,-0.00050125
2025-11-26 00:00:00+00:00,-0.00052988
2025-11-26 01:00:00+00:00,-0.00049284
2025-11-26 02:00:00+00:00,-0.00047598
2025-11-26 03:00:00+00:00,-0.00058919
2025-11-26 04:00:00+00:00,-0.00052983
2025-11-26 05:00:00+00:00,-0.0004932
2025-11-26 06:00:00+00:00,-0.00052479
2025-11-26 07:00:00+00:00,-0.00038312
2025-11-26 08:00:00+00:00,-0.0004311
2025-11-26 09:00:00+00:00,-0.00060908
2025-11-26 10:00:00+00:00,-0.0006554
2025-11-26 11:00:00+00:00,-0.00045705
2025-11-26 12:00:00+00:00,-0.00052724
2025-11-26 13:00:00+00:00,-0.00034359
2025-11-26 14:00:00+00:00,-0.00054183
2025-11-26 15:00:00+00:00,-0.00041251
2025-11-26 16:00:00+00:00,-0.0004569
2025-11-26 17:00:00+00:00,-0.00033348
2025-11-26 18:00:00+00:00,-0.00036107
2025-11-26 19:00:00+00:00,-0.00032811
2025-11-26 20:00:00+00:00,-0.00043828
2025-11-26 21:00:00+00:00,-0.00041207
2025-11-26 22:00:00+00:00,-0.00042295
2025-11-26 23:00:00+00:00,-0.00049117
2025-11-27 00:00:00+00:00,-0.00062082
2025-11-27 01:00:00+00:00,-0.00051773
2025-11-27 02:00:00+00:00,-0.00054133
2025-11-27 03:00:00+00:00,-0.00043829
2025-11-27 04:00:00+00:00,-0.00051612
2025-11-27 05:00:00+00:00,-0.00051943
2025-11-27 06:00:00+00:00,-0.00042517
2025-11-27 07:00:00+00:00,-0.00039164
2025-11-27 08:00:00+00:00,-0.00052126
2025-11-27 09:00:00+00:00,-0.00034534
2025-11-27 10:00:00+00:00,-0.00032935
2025-11-27 11:00:00+00:00,-0.00039528
2025-11-27 12:00:00+00:00,-0.00040889
2025-11-27 13:00:00+00:00,-0.00085217
2025-11-27 14:00:00+00:00,-0.00055933
2025-11-27 15:00:00+00:00,-0.00069113
2025-11-27 16:00:00+00:00,-0.00061778
2025-11-27 17:00:00+00:00,-0.00046124
2025-11-27 18:00:00+00:00,-0.0005531
2025-11-27 19:00:00+00:00,-0.00044831
2025-11-27 20:00:00+00:00,-0.00042894
2025-11-27 21:00:00+00:00,-0.00045126
2025-11-27 22:00:00+00:00,-0.00043149
2025-11-27 23:00:00+00:00,-0.00057329
2025-11-28 00:00:00+00:00,-0.00049294
2025-11-28 01:00:00+00:00,-0.00060272
2025-11-28 02:00:00+00:00,-0.00049801
2025-11-28 03:00:00+00:00,-0.00048801
2025-11-28 04:00:00+00:00,-0.00052777
2025-11-28 05:00:00+00:00,-0.00038181
2025-11-28 06:00:00+00:00,-0.00044176
2025-11-28 07:00:00+00:00,-0.00068969
2025-11-28 08:00:00+00:00,-0.00054456
2025-11-28 09:00:00+00:00,-0.00043175
2025-11-28 10:00:00+00:00,-0.00051628
2025-11-28 11:00:00+00:00,-0.00061526
2025-11-28 12:00:00+00:00,-0.00045254
2025-11-28 13:00:00+00:00,-0.00068351
2025-11-28 14:00:00+00:00,-0.00054653
2025-11-28 15:00:00+00:00,-0.00056457
2025-11-28 16:00:00+00:00,-0.00049211
2025-11-28 17:00:00+00:00,-0.00065623
2025-11-28 18:00:00+00:00,-0.00053449
2025-11-28 19:00:00+00:00,-0.00058324
2025-11-28 20:00:00+00:00,-0.00062963
2025-11-28 21:00:00+00:00,-0.00073548
2025-11-28 22:00:00+00:00,-0.00068345
2025-11-28 23:00:00+00:00,-0.00052899
2025-11-29 00:00:00+00:00,-0.00041686
2025-11-29 01:00:00+00:00,-0.00048204
2025-11-29 02:00:00+00:00,-0.00058223
2025-11-29 03:00:00+00:00,-0.00061986
2025-11-29 04:00:00+00:00,-0.00047295
2025-11-29 05:00:00+00:00,-0.00051825
2025-11-29 06:00:00+00:00,-0.00052241
2025-11-29 07:00:00+00:00,-0.00047238
2025-11-29 08:00:00+00:00,-0.00036673
2025-11-29 09:00:00+00:00,-0.00052704
2025-11-29 10:00:00+00:00,-0.00053104
2025-11-29 11:00:00+00:00,-0.00058208
2025-11-29 12:00:00+00:00,-0.0006111
2025-11-29 13:00:00+00:00,-0.00045148
2025-11-29 14:00:00+00:00,-0.00036876
2025-11-29 15:00:00+00:00,-0.00045398
2025-11-29 16:00:00+00:00,-0.00045657
2025-11-29 17:00:00+00:00,-0.00037944
2025-11-29 18:00:00+00:00,-0.00051789
2025-11-29 19:00:00+00:00,-0.00037554
2025-11-29 20:00:00+00:00,-0.00039196
2025-11-29 21:00:00+00:00,-0.0004676
2025-11-29 22:00:00+00:00,-0.00043712
2025-11-29 23:00:00+00:00,-0.00050647
2025-11-30 00:00:00+00:00,-0.00040232
2025-11-30 01:00:00+00:00,-0.00050634
2025-11-30 02:00:00+00:00,-0.00037596
2025-11-30 03:00:00+00:00,-0.00049509
2025-11-30 04:00:00+00:00,-0.00034955
2025-11-30 05:00:00+00:00,-0.00053602
2025-11-30 06:00:00+00:00,-0.00037713
2025-11-30 07:00:00+00:00,-0.00047131
2025-11-30 08:00:00+00:00,-0.00063984
2025-11-30 09:00:00+00:00,-0.00050838
2025-11-30 10:00:00+00:00,-0.00050297
2025-11-30 11:00:00+00:00,-0.0004605
2025-11-30 12:00:00+00:00,-0.00031317
2025-11-30 13:00:00+00:00,-0.00044538
2025-11-30 14:00:00+00:00,-0.00048108
2025-11-30 15:00:00+00:00,-0.0005832
2025-11-30 16:00:00+00:00,-0.00046275
2025-11-30 17:00:00+00:00,-0.0005771
2025-11-30 18:00:00+00:00,-0.00053365
2025-11-30 19:00:00+00:00,-0.00043772
2025-11-30 20:00:00+00:00,-0.0004168
2025-11-30 21:00:00+00:00,-0.00060631
2025-11-30 22:00:00+00:00,-0.00042969
2025-11-30 23:00:00+00:00,-0.00056169
2025-12-01 00:00:00+00:00,-0.00050602
2025-12-01 01:00:00+00:00,-0.00054892
2025-12-01 02:00:00+00:00,-0.0004505
2025-12-01 03:00:00+00:00,-0.00040485
2025-12-01 04:00:00+00:00,-0.00050627
2025-12-01 05:00:00+00:00,-0.00047521
2025-12-01 06:00:00+00:00,-0.00067506
2025-12-01 07:00:00+00:00,-0.00062415
2025-12-01 08:00:00+00:00,-0.00062289
2025-12-01 09:00:00+00:00,-0.00064514
2025-12-01 10:00:00+00:00,-0.00050753
2025-12-01 11:00:00+00:00,-0.00063695
2025-12-01 12:00:00+00:00,-0.00047879
2025-12-01 13:00:00+00:00,-0.00049272
2025-12-01 14:00:00+00:00,-0.00044069
2025-12-01 15:00:00+00:00,-0.00049505
2025-12-01 16:00:00+00:00,-0.00055135
2025-12-01 17:00:00+00:00,-0.00057312
2025-12-01 18:00:00+00:00,-0.00043735
2025-12-01 19:00:00+00:00,-0.00054155
2025-12-01 20:00:00+00:00,-0.00060741
2025-12-01 21:00:00+00:00,-0.00053594
2025-12-01 22:00:00+00:00,-0.00051416
2025-12-01 23:00:00+00:00,-0.00035191
2025-12-02 00:00:00+00:00,-0.00046505
2025-12-02 01:00:00+00:00,-0.00039503
2025-12-02 02:00:00+00:00,-0.00045924
2025-12-02 03:00:00+00:00,-0.00056814
2025-12-02 04:00:00+00:00,-0.00039644
2025-12-02 05:00:00+00:00,-0.00040092
2025-12-02 06:00:00+00:00,-0.00047084
2025-12-02 07:00:00+00:00,-0.00048109
2025-12-02 08:00:00+00:00,-0.00041384
2025-12-02 09:00:00+00:00,-0.00030349
2025-12-02 10:00:00+00:00,-0.00048932
2025-12-02 11:00:00+00:00,-0.00054614
2025-12-02 12:00:00+00:00,-0.00055691
2025-12-02 13:00:00+00:00,-0.0004221
2025-12-02 14:00:00+00:00,-0.00042848
2025-12-02 15:00:00+00:00,-0.00051488
2025-12-02 16:00:00+00:00,-0.00057184
2025-12-02 17:00:00+00:00,-0.00050437
2025-12-02 18:00:00+00:00,-0.0005429
2025-12-02 19:00:00+00:00,-0.00048536
2025-12-02 20:00:00+00:00,-0.00022378
2025-12-02 21:00:00+00:00,-0.00037599
2025-12-02 22:00:00+00:00,-0.00041186
2025-12-02 23:00:00+00:00,-0.00044653
2025-12-03 00:00:00+00:00,-0.00031383
2025-12-03 01:00:00+00:00,-0.00055126
2025-12-03 02:00:00+00:00,-0.00050685
2025-12-03 03:00:00+00:00,-0.00047592
2025-12-03 04:00:00+00:00,-0.00061596
2025-12-03 05:00:00+00:00,-0.00049944
2025-12-03 06:00:00+00:00,-0.0005059
2025-12-03 07:00:00+00:00,-0.0005601
2025-12-03 08:00:00+00:00,-0.00032964
2025-12-03 09:00:00+00:00,-0.00049434
2025-12-03 10:00:00+00:00,-0.00048966
2025-12-03 11:00:00+00:00,-0.00053404
2025-12-03 12:00:00+00:00,-0.00051196
2025-12-03 13:00:00+00:00,-0.000583
2025-12-03 14:00:00+00:00,-0.00050321
2025-12-03 15:00:00+00:00,-0.00029585
2025-12-03 16:00:00+00:00,-0.00038863
2025-12-03 17:00:00+00:00,-0.00043944
2025-12-03 18:00:00+00:00,-0.00041814
2025-12-03 19:00:00+00:00,-0.00031494
2025-12-03 20:00:00+00:00,-0.00043428
2025-12-03 21:00:00+00:00,-0.00027492
2025-12-03 22:00:00+00:00,-0.00053111
2025-12-03 23:00:00+00:00,-0.00040933
2025-12-04 00:00:00+00:00,-0.00054907
2025-12-04 01:00:00+00:00,-0.00053122
2025-12-04 02:00:00+00:00,-0.00047568
2025-12-04 03:00:00+00:00,-0.00044092
2025-12-04 04:00:00+00:00,-0.0004403
2025-12-04 05:00:00+00:00,-0.00049581
2025-12-04 06:00:00+00:00,-0.00038516
2025-12-04 07:00:00+00:00,-0.00037095
2025-12-04 08:00:00+00:00,-0.00043536
2025-12-04 09:00:00+00:00,-0.00034707
2025-12-04 10:00:00+00:00,-0.00043304
2025-12-04 11:00:00+00:00,-0.00043375
2025-12-04 12:00:00+00:00,-0.00034846
2025-12-04 13:00:00+00:00,-0.00045001
2025-12-04 14:00:00+00:00,-0.00050839
2025-12-04 15:00:00+00:00,-0.00047536
2025-12-04 16:00:00+00:00,-0.00050104
2025-12-04 17:00:00+00:00,-0.000476
2025-12-04 18:00:00+00:00,-0.00046285
2025-12-04 19:00:00+00:00,-0.00032807
2025-12-04 20:00:00+00:00,-0.00048364
2025-12-04 21:00:00+00:00,-0.00043979
2025-12-04 22:00:00+00:00,-0.00052023
2025-12-04 23:00:00+00:00,-0.00039564
2025-12-05 00:00:00+00:00,-0.00034405
2025-12-05 01:00:00+00:00,-0.0004227
2025-12-05 02:00:00+00:00,-0.00055104
2025-12-05 03:00:00+00:00,-0.00053387
2025-12-05 04:00:00+00:00,-0.00046272
2025-12-05 05:00:00+00:00,-0.00039357
2025-12-05 06:00:00+00:00,-0.00044537
2025-12-05 07:00:00+00:00,-0.00049487
2025-12-05 08:00:00+00:00,-0.00039749
2025-12-05 09:00:00+00:00,-0.00056549
2025-12-05 10:00:00+00:00,-0.00061005
2025-12-05 11:00:00+00:00,-0.00063879
2025-12-05 12:00:00+00:00,-0.00033157
2025-12-05 13:00:00+00:00,-0.00043192
2025-12-05 14:00:00+00:00,-0.00055481
2025-12-05 15:00:00+00:00,-0.00065507
2025-12-05 16:00:00+00:00,-0.00051702
2025-12-05 17:00:00+00:00,-0.00042601
2025-12-05 18:00:00+00:00,-0.00043912
2025-12-05 19:00:00+00:00,-0.00043706
2025-12-05 20:00:00+00:00,-0.00045367
2025-12-05 21:00:00+00:00,-0.00048617
2025-12-05 22:00:00+00:00,-0.00056515
2025-12-05 23:00:00+00:00,-0.00051757
2025-12-06 00:00:00+00:00,-0.00050493
2025-12-06 01:00:00+00:00,-0.00043621
2025-12-06 02:00:00+00:00,-0.00055738
2025-12-06 03:00:00+00:00,-0.00055208
2025-12-06 04:00:00+00:00,-0.0006961
2025-12-06 05:00:00+00:00,-0.00058475
2025-12-06 06:00:00+00:00,-0.000434
2025-12-06 07:00:00+00:00,-0.00057625
2025-12-06 08:00:00+00:00,-0.00049379
2025-12-06 09:00:00+00:00,-0.00055549
2025-12-06 10:00:00+00:00,-0.00050361
2025-12-06 11:00:00+00:00,-0.00052282
2025-12-06 12:00:00+00:00,-0.00063949
2025-12-06 13:00:00+00:00,-0.00057979
2025-12-06 14:00:00+00:00,-0.00060659
2025-12-06 15:00:00+00:00,-0.00050469
2025-12-06 16:00:00+00:00,-0.00052103
2025-12-06 17:00:00+00:00,-0.00058018
2025-12-06 18:00:00+00:00,-0.00049717
2025-12-06 19:00:00+00:00,-0.0004504
2025-12-06 20:00:00+00:00,-0.00050664
2025-12-06 21:00:00+00:00,-0.00057259
2025-12-06 22:00:00+00:00,-0.00052544
2025-12-06 23:00:00+00:00,-0.0006021
2025-12-07 00:00:00+00:00,-0.00057488
2025-12-07 01:00:00+00:00,-0.00058124
2025-12-07 02:00:00+00:00,-0.00052394
2025-12-07 03:00:00+00:00,-0.00051115
2025-12-07 04:00:00+00:00,-0.00052795
2025-12-07 05:00:00+00:00,-0.00061216
2025-12-07 06:00:00+00:00,-0.00043541
2025-12-07 07:00:00+00:00,-0.00054013
2025-12-07 08:00:00+00:00,-0.00050479
2025-12-07 09:00:00+00:00,-0.00048666
2025-12-07 10:00:00+00:00,-0.00055506
2025-12-07 11:00:00+00:00,-0.00050621
2025-12-07 12:00:00+00:00,-0.00039774
2025-12-07 13:00:00+00:00,-0.00054701
2025-12-07 14:00:00+00:00,-0.00033365
2025-12-07 15:00:00+00:00,-0.0004784
2025-12-07 16:00:00+00:00,-0.00041143
2025-12-07 17:00:00+00:00,-0.00040639
2025-12-07 18:00:00+00:00,-0.00032851
2025-12-07 19:00:00+00:00,-0.00030712
2025-12-07 20:00:00+00:00,-0.00034565
2025-12-07 21:00:00+00:00,-0.00048727
2025-12-07 22:00:00+00:00,-0.00055429
2025-12-07 23:00:00+00:00,-0.00049031
2025-12-08 00:00:00+00:00,-0.00058363
2025-12-08 01:00:00+00:00,-0.00039669
2025-12-08 02:00:00+00:00,-0.00054825
2025-12-08 03:00:00+00:00,-0.0003746
2025-12-08 04:00:00+00:00,-0.00052018
2025-12-08 05:00:00+00:00,-0.00039338
2025-12-08 06:00:00+00:00,-0.00038482
2025-12-08 07:00:00+00:00,-0.00038634
2025-12-08 08:00:00+00:00,-0.00038014
2025-12-08 09:00:00+00:00,-0.00041946
2025-12-08 10:00:00+00:00,-0.00041665
2025-12-08 11:00:00+00:00,-0.00044024
2025-12-08 12:00:00+00:00,-0.00031141
2025-12-08 13:00:00+00:00,-0.00037852
2025-12-08 14:00:00+00:00,-0.00046124
2025-12-08 15:00:00+00:00,-0.00065037
2025-12-08 16:00:00+00:00,-0.00047829
2025-12-08 17:00:00+00:00,-0.00056253
2025-12-08 18:00:00+00:00,-0.00043113
2025-12-08 19:00:00+00:00,-0.00061092
2025-12-08 20:00:00+00:00,-0.00053746
2025-12-08 21:00:00+00:00,-0.00053834
2025-12-08 22:00:00+00:00,-0.00037953
2025-12-08 23:00:00+00:00,-0.00050023
2025-12-09 00:00:00+00:00,-0.00043122
2025-12-09 01:00:00+00:00,-0.00042175
2025-12-09 02:00:00+00:00,-0.00051579
2025-12-09 03:00:00+00:00,-0.00050439
2025-12-09 04:00:00+00:00,-0.000546
2025-12-09 05:00:00+00:00,-0.00056462
2025-12-09 06:00:00+00:00,-0.00048746
2025-12-09 07:00:00+00:00,-0.00050394
2025-12-09 08:00:00+00:00,-0.00053126
2025-12-09 09:00:00+00:00,-0.00038917
2025-12-09 10:00:00+00:00,-0.00053757
2025-12-09 11:00:00+00:00,-0.00046968
2025-12-09 12:00:00+00:00,-0.00055397
2025-12-09 13:00:00+00:00,-0.00056235
2025-12-09 14:00:00+00:00,-0.00043864
2025-12-09 15:00:00+00:00,-0.00033972
2025-12-09 16:00:00+00:00,-0.00041559
2025-12-09 17:00:00+00:00,-0.00051414
2025-12-09 18:00:00+00:00,-0.00042854
2025-12-09 19:00:00+00:00,-0.00040089
2025-12-09 20:00:00+00:00,-0.00056474
2025-12-09 21:00:00+00:00,-0.00051721
2025-12-09 22:00:00+00:00,-0.00045432
2025-12-09 23:00:00+00:00,-0.00046892
2025-12-10 00:00:00+00:00,-0.00041166
2025-12-10 01:00:00+00:00,-0.00053228
2025-12-10 02:00:00+00:00,-0.00045234
2025-12-10 03:00:00+00:00,-0.00049764
2025-12-10 04:00:00+00:00,-0.00059909
2025-12-10 05:00:00+00:00,-0.00054393
2025-12-10 06:00:00+00:00,-0.0004581
2025-12-10 07:00:00+00:00,-0.00051554
2025-12-10 08:00:00+00:00,-0.00046937
2025-12-10 09:00:00+00:00,-0.00041636
2025-12-10 10:00:00+00:00,-0.00042022
2025-12-10 11:00:00+00:00,-0.00042679
2025-12-10 12:00:00+00:00,-0.00050379
2025-12-10 13:00:00+00:00,-0.00049025
2025-12-10 14:00:00+00:00,-0.00048689
2025-12-10 15:00:00+00:00,-0.00048752
2025-12-10 16:00:00+00:00,-0.00050859
2025-12-10 17:00:00+00:00,-0.00057147
2025-12-10 18:00:00+00:00,-0.0005642
2025-12-10 19:00:00+00:00,-0.00051758
2025-12-10 20:00:00+00:00,-0.00048174
2025-12-10 21:00:00+00:00,-0.0005175
2025-12-10 22:00:00+00:00,-0.00035266
2025-12-10 23:00:00+00:00,-0.00043384
2025-12-11 00:00:00+00:00,-0.00044104
2025-12-11 01:00:00+00:00,-0.00041978
2025-12-11 02:00:00+00:00,-0.00049988
2025-12-11 03:00:00+00:00,-0.0004434
2025-12-11 04:00:00+00:00,-0.00060288
2025-12-11 05:00:00+00:00,-0.00051835
2025-12-11 06:00:00+00:00,-0.00055294
2025-12-11 07:00:00+00:00,-0.00048609
2025-12-11 08:00:00+00:00,-0.00054354
2025-12-11 09:00:00+00:00,-0.00046217
2025-12-11 10:00:00+00:00,-0.0005392
2025-12-11 11:00:00+00:00,-0.00044061
2025-12-11 12:00:00+00:00,-0.00055974
2025-12-11 13:00:00+00:00,-0.00043916
2025-12-11 14:00:00+00:00,-0.00052251
2025-12-11 15:00:00+00:00,-0.00039242
2025-12-11 16:00:00+00:00,-0.00047195
2025-12-11 17:00:00+00:00,-0.00053639
2025-12-11 18:00:00+00:00,-0.00042414
2025-12-11 19:00:00+00:00,-0.00042901
2025-12-11 20:00:00+00:00,-0.00047256
2025-12-11 21:00:00+00:00,-0.00045696
2025-12-11 22:00:00+00:00,-0.0003931
2025-12-11 23:00:00+00:00,-0.0004033
2025-12-12 00:00:00+00:00,-0.00029437
2025-12-12 01:00:00+00:00,-0.00030256
2025-12-12 02:00:00+00:00,-0.0004934
2025-12-12 03:00:00+00:00,-0.00056345
2025-12-12 04:00:00+00:00,-0.00044717
2025-12-12 05:00:00+00:00,-0.00042528
2025-12-12 06:00:00+00:00,-0.00036445
2025-12-12 07:00:00+00:00,-0.00052893
2025-12-12 08:00:00+00:00,-0.00052187
2025-12-12 09:00:00+00:00,-0.00039099
2025-12-12 10:00:00+00:00,-0.00044227
2025-12-12 11:00:00+00:00,-0.00041928
2025-12-12 12:00:00+00:00,-0.00055641
2025-12-12 13:00:00+00:00,-0.00051845
2025-12-12 14:00:00+00:00,-0.00057866
2025-12-12 15:00:00+00:00,-0.00059746
2025-12-12 16:00:00+00:00,-0.00053544
2025-12-12 17:00:00+00:00,-0.00042762
2025-12-12 18:00:00+00:00,-0.00052809
2025-12-12 19:00:00+00:00,-0.0004038
2025-12-12 20:00:00+00:00,-0.00053845
2025-12-12 21:00:00+00:00,-0.00052744
2025-12-12 22:00:00+00:00,-0.00068507
2025-12-12 23:00:00+00:00,-0.00041094
2025-12-13 00:00:00+00:00,-0.00044905
2025-12-13 01:00:00+00:00,-0.00036432
2025-12-13 02:00:00+00:00,-0.00043555
2025-12-13 03:00:00+00:00,-0.00050972
2025-12-13 04:00:00+00:00,-0.0004251
2025-12-13 05:00:00+00:00,-0.00054305
2025-12-13 06:00:00+00:00,-0.00054585
2025-12-13 07:00:00+00:00,-0.00049825
2025-12-13 08:00:00+00:00,-0.00053872
2025-12-13 09:00:00+00:00,-0.00054608
2025-12-13 10:00:00+00:00,-0.00049752
2025-12-13 11:00:00+00:00,-0.00046754
2025-12-13 12:00:00+00:00,-0.00035295
2025-12-13 13:00:00+00:00,-0.00050989
2025-12-13 14:00:00+00:00,-0.00044804
2025-12-13 15:00:00+00:00,-0.00041056
2025-12-13 16:00:00+00:00,-0.00048783
2025-12-13 17:00:00+00:00,-0.00051236
2025-12-13 18:00:00+00:00,-0.00038803
2025-12-13 19:00:00+00:00,-0.00033211
2025-12-13 20:00:00+00:00,-0.00036904
2025-12-13 21:00:00+00:00,-0.00047159
2025-12-13 22:00:00+00:00,-0.00051422
2025-12-13 23:00:00+00:00,-0.00057186
2025-12-14 00:00:00+00:00,-0.00051271
2025-12-14 01:00:00+00:00,-0.00034331
2025-12-14 02:00:00+00:00,-0.00038719
2025-12-14 03:00:00+00:00,-0.00042298
2025-12-14 04:00:00+00:00,-0.00042671
2025-12-14 05:00:00+00:00,-0.00048048
2025-12-14 06:00:00+00:00,-0.00047298
2025-12-14 07:00:00+00:00,-0.00053951
2025-12-14 08:00:00+00:00,-0.00044499
2025-12-14 09:00:00+00:00,-0.00044891
2025-12-14 10:00:00+00:00,-0.00047636
2025-12-14 11:00:00+00:00,-0.00046772
2025-12-14 12:00:00+00:00,-0.00064911
2025-12-14 13:00:00+00:00,-0.00043402
2025-12-14 14:00:00+00:00,-0.00054414
2025-12-14 15:00:00+00:00,-0.00051582
2025-12-14 16:00:00+00:00,-0.00049111
2025-12-14 17:00:00+00:00,-0.00049274
2025-12-14 18:00:00+00:00,-0.00051148
2025-12-14 19:00:00+00:00,-0.00039055
2025-12-14 20:00:00+00:00,-0.00051887
2025-12-14 21:00:00+00:00,-0.00043004
2025-12-14 22:00:00+00:00,-0.0004997
2025-12-14 23:00:00+00:00,-0.00054599
2025-12-15 00:00:00+00:00,-0.00044591
2025-12-15 01:00:00+00:00,-0.00048819
2025-12-15 02:00:00+00:00,-0.00051363
2025-12-15 03:00:00+00:00,-0.00043956
2025-12-15 04:00:00+00:00,-0.00050755
2025-12-15 05:00:00+00:00,-0.0003888
2025-12-15 06:00:00+00:00,-0.00053831
2025-12-15 07:00:00+00:00,-0.00040209
2025-12-15 08:00:00+00:00,-0.00042445
2025-12-15 09:00:00+00:00,-0.00046329
2025-12-15 10:00:00+00:00,-0.00046051
2025-12-15 11:00:00+00:00,-0.00034959
2025-12-15 12:00:00+00:00,-0.0003136
2025-12-15 13:00:00+00:00,-0.00044377
2025-12-15 14:00:00+00:00,-0.00056925
2025-12-15 15:00:00+00:00,-0.00049071
2025-12-15 16:00:00+00:00,-0.00041912
2025-12-15 17:00:00+00:00,-0.00056096
2025-12-15 18:00:00+00:00,-0.00073624
2025-12-15 19:00:00+00:00,-0.00047617
2025-12-15 20:00:00+00:00,-0.0002938
2025-12-15 21:00:00+00:00,-0.00043579
2025-12-15 22:00:00+00:00,-0.00058218
2025-12-15 23:00:00+00:00,-0.00054351
2025-12-16 00:00:00+00:00,-0.0004571
2025-12-16 01:00:00+00:00,-0.00045114
2025-12-16 02:00:00+00:00,-0.00053894
2025-12-16 03:00:00+00:00,-0.00048232
2025-12-16 04:00:00+00:00,-0.00058435
2025-12-16 05:00:00+00:00,-0.00049023
2025-12-16 06:00:00+00:00,-0.00052051
2025-12-16 07:00:00+00:00,-0.00061244
2025-12-16 08:00:00+00:00,-0.00049469
2025-12-16 09:00:00+00:00,-0.00056989
2025-12-16 10:00:00+00:00,-0.00036723
2025-12-16 11:00:00+00:00,-0.00049026
2025-12-16 12:00:00+00:00,-0.00041955
2025-12-16 13:00:00+00:00,-0.00033553
2025-12-16 14:00:00+00:00,-0.00047738
2025-12-16 15:00:00+00:00,-0.00031644
2025-12-16 16:00:00+00:00,-0.00048403
2025-12-16 17:00:00+00:00,-0.00035931
2025-12-16 18:00:00+00:00,-0.00044009
2025-12-16 19:00:00+00:00,-0.00046581
2025-12-16 20:00:00+00:00,-0.0004683
2025-12-16 21:00:00+00:00,-0.00049808
2025-12-16 22:00:00+00:00,-0.00063664
2025-12-16 23:00:00+00:00,-0.00054612
2025-12-17 00:00:00+00:00,-0.00048935
2025-12-17 01:00:00+00:00,-0.00038492
2025-12-17 02:00:00+00:00,-0.00038473
2025-12-17 03:00:00+00:00,-0.0003752
2025-12-17 04:00:00+00:00,-0.00040598
2025-12-17 05:00:00+00:00,-0.00053771
2025-12-17 06:00:00+00:00,-0.00052894
2025-12-17 07:00:00+00:00,-0.00050389
2025-12-17 08:00:00+00:00,-0.00059419
2025-12-17 09:00:00+00:00,-0.00055883
2025-12-17 10:00:00+00:00,-0.00039643
2025-12-17 11:00:00+00:00,-0.0003012
2025-12-17 12:00:00+00:00,-0.00041291
2025-12-17 13:00:00+00:00,-0.00044065
2025-12-17 14:00:00+00:00,-0.00029776
2025-12-17 15:00:00+00:00,-0.00054433
2025-12-17 16:00:00+00:00,-0.00050061
2025-12-17 17:00:00+00:00,-0.00054513
2025-12-17 18:00:00+00:00,-0.00047392
2025-12-17 19:00:00+00:00,-0.00042379
2025-12-17 20:00:00+00:00,-0.00059151
2025-12-17 21:00:00+00:00,-0.0005881
2025-12-17 22:00:00+00:00,-0.0005301
2025-12-17 23:00:00+00:00,-0.00050824
2025-12-18 00:00:00+00:00,-0.00060737
2025-12-18 01:00:00+00:00,-0.00041565
2025-12-18 02:00:00+00:00,-0.00040064
2025-12-18 03:00:00+00:00,-0.00038934
2025-12-18 04:00:00+00:00,-0.00035671
2025-12-18 05:00:00+00:00,-0.0003949
2025-12-18 06:00:00+00:00,-0.0004274
2025-12-18 07:00:00+00:00,-0.00052691
2025-12-18 08:00:00+00:00,-0.00040192
2025-12-18 09:00:00+00:00,-0.00044711
2025-12-18 10:00:00+00:00,-0.00025861
2025-12-18 11:00:00+00:00,-0.00034669
2025-12-18 12:00:00+00:00,-0.0003422
2025-12-18 13:00:00+00:00,-0.00028066
2025-12-18 14:00:00+00:00,-0.00047838
2025-12-18 15:00:00+00:00,-0.00024601
2025-12-18 16:00:00+00:00,-0.00027483
2025-12-18 17:00:00+00:00,-0.00047652
2025-12-18 18:00:00+00:00,-0.00048898
2025-12-18 19:00:00+00:00,-0.00039625
2025-12-18 20:00:00+00:00,-0.00048503
2025-12-18 21:00:00+00:00,-0.00059447
2025-12-18 22:00:00+00:00,-0.00050134
2025-12-18 23:00:00+00:00,-0.00038295
2025-12-19 00:00:00+00:00,-0.00044033
2025-12-19 01:00:00+00:00,-0.00059287
2025-12-19 02:00:00+00:00,-0.00051777
2025-12-19 03:00:00+00:00,-0.00036787
2025-12-19 04:00:00+00:00,-0.00042403
2025-12-19 05:00:00+00:00,-0.00054083
2025-12-19 06:00:00+00:00,-0.00050226
2025-12-19 07:00:00+00:00,-0.0004424
2025-12-19 08:00:00+00:00,-0.0004902
2025-12-19 09:00:00+00:00,-0.00032563
2025-12-19 10:00:00+00:00,-0.00036103
2025-12-19 11:00:00+00:00,-0.00035544
2025-12-19 12:00:00+00:00,-0.00046332
2025-12-19 13:00:00+00:00,-0.00038345
2025-12-19 14:00:00+00:00,-0.00046649
2025-12-19 15:00:00+00:00,-0.00053128
2025-12-19 16:00:00+00:00,-0.00043659
2025-12-19 17:00:00+00:00,-0.00040179
2025-12-19 18:00:00+00:00,-0.00051947
2025-12-19 19:00:00+00:00,-0.00045304
2025-12-19 20:00:00+00:00,-0.00043709
2025-12-19 21:00:00+00:00,-0.00042852
2025-12-19 22:00:00+00:00,-0.00034095
2025-12-19 23:00:00+00:00,-0.00045631
2025-12-20 00:00:00+00:00,-0.00047926
2025-12-20 01:00:00+00:00,-0.00045839
2025-12-20 02:00:00+00:00,-0.00043966
2025-12-20 03:00:00+00:00,-0.00055902
2025-12-20 04:00:00+00:00,-0.00046786
2025-12-20 05:00:00+00:00,-0.0005326
2025-12-20 06:00:00+00:00,-0.00055691
2025-12-20 07:00:00+00:00,-0.00060127
2025-12-20 08:00:00+00:00,-0.00061756
2025-12-20 09:00:00+00:00,-0.00054702
2025-12-20 10:00:00+00:00,-0.00055522
2025-12-20 11:00:00+00:00,-0.00051398
2025-12-20 12:00:00+00:00,-0.00056417
2025-12-20 13:00:00+00:00,-0.00058429
2025-12-20 14:00:00+00:00,-0.0006407
2025-12-20 15:00:00+00:00,-0.0005013
2025-12-20 16:00:00+00:00,-0.00044015
2025-12-20 17:00:00+00:00,-0.00048933
2025-12-20 18:00:00+00:00,-0.00051735
2025-12-20 19:00:00+00:00,-0.00053642
2025-12-20 20:00:00+00:00,-0.0003693
2025-12-20 21:00:00+00:00,-0.00053443
2025-12-20 22:00:00+00:00,-0.00047725
2025-12-20 23:00:00+00:00,-0.00049763
2025-12-21 00:00:00+00:00,-0.00034661
2025-12-21 01:00:00+00:00,-0.00044474
2025-12-21 02:00:00+00:00,-0.00043034
2025-12-21 03:00:00+00:00,-0.00039147
2025-12-21 04:00:00+00:00,-0.00047506
2025-12-21 05:00:00+00:00,-0.00057046
2025-12-21 06:00:00+00:00,-0.00049879
2025-12-21 07:00:00+00:00,-0.00056908
2025-12-21 08:00:00+00:00,-0.0005785
2025-12-21 09:00:00+00:00,-0.00043642
2025-12-21 10:00:00+00:00,-0.00045235
2025-12-21 11:00:00+00:00,-0.00043837
2025-12-21 12:00:00+00:00,-0.00032912
2025-12-21 13:00:00+00:00,-0.00048934
2025-12-21 14:00:00+00:00,-0.00057218
2025-12-21 15:00:00+00:00,-0.00052628
2025-12-21 16:00:00+00:00,-0.00058535
2025-12-21 17:00:00+00:00,-0.00046875
2025-12-21 18:00:00+00:00,-0.00037763
2025-12-21 19:00:00+00:00,-0.00041634
2025-12-21 20:00:00+00:00,-0.00039326
2025-12-21 21:00:00+00:00,-0.00053343
2025-12-21 22:00:00+00:00,-0.00043923
2025-12-21 23:00:00+00:00,-0.00035434
2025-12-22 00:00:00+00:00,-0.0003787
2025-12-22 01:00:00+00:00,-0.00060465
2025-12-22 02:00:00+00:00,-0.00050949
2025-12-22 03:00:00+00:00,-0.00047985
2025-12-22 04:00:00+00:00,-0.00038718
2025-12-22 05:00:00+00:00,-0.0004477
2025-12-22 06:00:00+00:00,-0.00048028
2025-12-22 07:00:00+00:00,-0.00032469
2025-12-22 08:00:00+00:00,-0.00039788
2025-12-22 09:00:00+00:00,-0.00049126
2025-12-22 10:00:00+00:00,-0.00050876
2025-12-22 11:00:00+00:00,-0.00036672
2025-12-22 12:00:00+00:00,-0.00045858
2025-12-22 13:00:00+00:00,-0.00038097
2025-12-22 14:00:00+00:00,-0.00038884
2025-12-22 15:00:00+00:00,-0.00051072
2025-12-22 16:00:00+00:00,-0.00053431
2025-12-22 17:00:00+00:00,-0.00050557
2025-12-22 18:00:00+00:00,-0.00045471
2025-12-22 19:00:00+00:00,-0.00047022
2025-12-22 20:00:00+00:00,-0.00057408
2025-12-22 21:00:00+00:00,-0.00040976
2025-12-22 22:00:00+00:00,-0.0005467
2025-12-22 23:00:00+00:00,-0.00047041
2025-12-23 00:00:00+00:00,-0.00062232
2025-12-23 01:00:00+00:00,-0.00053494
2025-12-23 02:00:00+00:00,-0.00049035
2025-12-23 03:00:00+00:00,-0.00033657
2025-12-23 04:00:00+00:00,-0.00046911
2025-12-23 05:00:00+00:00,-0.00052407
2025-12-23 06:00:00+00:00,-0.00049025
2025-12-23 07:00:00+00:00,-0.00050953
2025-12-23 08:00:00+00:00,-0.00057368
2025-12-23 09:00:00+00:00,-0.00055106
2025-12-23 10:00:00+00:00,-0.00059591
2025-12-23 11:00:00+00:00,-0.00043034
2025-12-23 12:00:00+00:00,-0.00056789
2025-12-23 13:00:00+00:00,-0.00039957
2025-12-23 14:00:00+00:00,-0.00040704
2025-12-23 15:00:00+00:00,-0.00039215
2025-12-23 16:00:00+00:00,-0.00040378
2025-12-23 17:00:00+00:00,-0.00062039
2025-12-23 18:00:00+00:00,-0.00050213
2025-12-23 19:00:00+00:00,-0.00038523
2025-12-23 20:00:00+00:00,-0.00039183
2025-12-23 21:00:00+00:00,-0.00046482
2025-12-23 22:00:00+00:00,-0.00041379
2025-12-23 23:00:00+00:00,-0.00045521
2025-12-24 00:00:00+00:00,-0.00053464
2025-12-24 01:00:00+00:00,-0.00036632
2025-12-24 02:00:00+00:00,-0.00061983
2025-12-24 03:00:00+00:00,-0.00052542
2025-12-24 04:00:00+00:00,-0.00049829
2025-12-24 05:00:00+00:00,-0.00058701
2025-12-24 06:00:00+00:00,-0.00053346
2025-12-24 07:00:00+00:00,-0.00067383
2025-12-24 08:00:00+00:00,-0.00048476
2025-12-24 09:00:00+00:00,-0.00054323
2025-12-24 10:00:00+00:00,-0.0005548
2025-12-24 11:00:00+00:00,-0.00057341
2025-12-24 12:00:00+00:00,-0.00053408
2025-12-24 13:00:00+00:00,-0.00044105
2025-12-24 14:00:00+00:00,-0.00039539
2025-12-24 15:00:00+00:00,-0.00036085
2025-12-24 16:00:00+00:00,-0.00026263
2025-12-24 17:00:00+00:00,-0.00039878
2025-12-24 18:00:00+00:00,-0.00033051
2025-12-24 19:00:00+00:00,-0.00049849
2025-12-24 20:00:00+00:00,-0.00039198
2025-12-24 21:00:00+00:00,-0.00039322
2025-12-24 22:00:00+00:00,-0.00030526
2025-12-24 23:00:00+00:00,-0.00038713
2025-12-25 00:00:00+00:00,-0.00048063
2025-12-25 01:00:00+00:00,-0.00042379
2025-12-25 02:00:00+00:00,-0.0004064
2025-12-25 03:00:00+00:00,-0.00047411
2025-12-25 04:00:00+00:00,-0.00040024
2025-12-25 05:00:00+00:00,-0.00045076
2025-12-25 06:00:00+00:00,-0.00044424
2025-12-25 07:00:00+00:00,-0.0004686
2025-12-25 08:00:00+00:00,-0.00039975
2025-12-25 09:00:00+00:00,-0.00044536
2025-12-25 10:00:00+00:00,-0.00042353
2025-12-25 11:00:00+00:00,-0.00041637
2025-12-25 12:00:00+00:00,-0.00048648
2025-12-25 13:00:00+00:00,-0.00056711
2025-12-25 14:00:00+00:00,-0.00048941
2025-12-25 15:00:00+00:00,-0.00034724
2025-12-25 16:00:00+00:00,-0.00047743
2025-12-25 17:00:00+00:00,-0.00032618
2025-12-25 18:00:00+00:00,-0.00041387
2025-12-25 19:00:00+00:00,-0.00043084
2025-12-25 20:00:00+00:00,-0.00045278
2025-12-25 21:00:00+00:00,-0.00041535
2025-12-25 22:00:00+00:00,-0.00041441
2025-12-25 23:00:00+00:00,-0.00052495
2025-12-26 00:00:00+00:00,-0.00060191
2025-12-26 01:00:00+00:00,-0.00047437
2025-12-26 02:00:00+00:00,-0.00044268
2025-12-26 03:00:00+00:00,-0.00054221
2025-12-26 04:00:00+00:00,-0.00047487
2025-12-26 05:00:00+00:00,-0.0004936
2025-12-26 06:00:00+00:00,-0.00035483
2025-12-26 07:00:00+00:00,-0.0002789
2025-12-26 08:00:00+00:00,-0.00039849
2025-12-26 09:00:00+00:00,-0.00033888
2025-12-26 10:00:00+00:00,-0.00046256
2025-12-26 11:00:00+00:00,-0.00043206
2025-12-26 12:00:00+00:00,-0.00045158
2025-12-26 13:00:00+00:00,-0.00022451
2025-12-26 14:00:00+00:00,-0.00031314
2025-12-26 15:00:00+00:00,-0.00041971
2025-12-26 16:00:00+00:00,-0.00058717
2025-12-26 17:00:00+00:00,-0.00061861
2025-12-26 18:00:00+00:00,-0.00045986
2025-12-26 19:00:00+00:00,-0.00052632
2025-12-26 20:00:00+00:00,-0.00048302
2025-12-26 21:00:00+00:00,-0.0005118
2025-12-26 22:00:00+00:00,-0.00050258
2025-12-26 23:00:00+00:00,-0.00047421
2025-12-27 00:00:00+00:00,-0.00045248
2025-12-27 01:00:00+00:00,-0.00044757
2025-12-27 02:00:00+00:00,-0.00043651
2025-12-27 03:00:00+00:00,-0.00049104
2025-12-27 04:00:00+00:00,-0.00050816
2025-12-27 05:00:00+00:00,-0.00047082
2025-12-27 06:00:00+00:00,-0.00040632
2025-12-27 07:00:00+00:00,-0.00053108
2025-12-27 08:00:00+00:00,-0.00047585
2025-12-27 09:00:00+00:00,-0.0005064
2025-12-27 10:00:00+00:00,-0.00036028
2025-12-27 11:00:00+00:00,-0.00039641
2025-12-27 12:00:00+00:00,-0.00042699
2025-12-27 13:00:00+00:00,-0.00049585
2025-12-27 14:00:00+00:00,-0.00051277
2025-12-27 15:00:00+00:00,-0.00048593
2025-12-27 16:00:00+00:00,-0.00044412
2025-12-27 17:00:00+00:00,-0.00042577
2025-12-27 18:00:00+00:00,-0.00035602
2025-12-27 19:00:00+00:00,-0.00047951
2025-12-27 20:00:00+00:00,-0.00038593
2025-12-27 21:00:00+00:00,-0.00051067
2025-12-27 22:00:00+00:00,-0.00037091
2025-12-27 23:00:00+00:00,-0.0004067
2025-12-28 00:00:00+00:00,-0.00035298
2025-12-28 01:00:00+00:00,-0.00034712
2025-12-28 02:00:00+00:00,-0.00043753
2025-12-28 03:00:00+00:00,-0.0004704
2025-12-28 04:00:00+00:00,-0.00044671
2025-12-28 05:00:00+00:00,-0.00036692
2025-12-28 06:00:00+00:00,-0.00051296
2025-12-28 07:00:00+00:00,-0.00038015
2025-12-28 08:00:00+00:00,-0.00043152
2025-12-28 09:00:00+00:00,-0.00031574
2025-12-28 10:00:00+00:00,-0.00027031
2025-12-28 11:00:00+00:00,-0.00040176
2025-12-28 12:00:00+00:00,-0.00041175
2025-12-28 13:00:00+00:00,-0.00043202
2025-12-28 14:00:00+00:00,-0.00049117
2025-12-28 15:00:00+00:00,-0.00041908
2025-12-28 16:00:00+00:00,-0.00046871
2025-12-28 17:00:00+00:00,-0.00035517
2025-12-28 18:00:00+00:00,-0.00045899
2025-12-28 19:00:00+00:00,-0.00030943
2025-12-28 20:00:00+00:00,-0.00062037
2025-12-28 21:00:00+00:00,-0.00062455
2025-12-28 22:00:00+00:00,-0.00047411
2025-12-28 23:00:00+00:00,-0.00048425
2025-12-29 00:00:00+00:00,-0.00027559
2025-12-29 01:00:00+00:00,-0.00019144
2025-12-29 02:00:00+00:00,-0.00028782
2025-12-29 03:00:00+00:00,-0.00037077
2025-12-29 04:00:00+00:00,-0.00029938
2025-12-29 05:00:00+00:00,-0.00032981
2025-12-29 06:00:00+00:00,-0.00029119
2025-12-29 07:00:00+00:00,-0.0004388
2025-12-29 08:00:00+00:00,-0.00041982
2025-12-29 09:00:00+00:00,-0.0005148
2025-12-29 10:00:00+00:00,-0.00048578
2025-12-29 11:00:00+00:00,-0.00052736
2025-12-29 12:00:00+00:00,-0.00056986
2025-12-29 13:00:00+00:00,-0.00053065
2025-12-29 14:00:00+00:00,-0.00059543
2025-12-29 15:00:00+00:00,-0.00054396
2025-12-29 16:00:00+00:00,-0.00035635
2025-12-29 17:00:00+00:00,-0.00033613
2025-12-29 18:00:00+00:00,-0.00047889
2025-12-29 19:00:00+00:00,-0.00047148
2025-12-29 20:00:00+00:00,-0.00037408
2025-12-29 21:00:00+00:00,-0.00040421
2025-12-29 22:00:00+00:00,-0.00051691
2025-12-29 23:00:00+00:00,-0.00058894
2025-12-30 00:00:00+00:00,-0.00046585
2025-12-30 01:00:00+00:00,-0.00044758
2025-12-30 02:00:00+00:00,-0.00051969
2025-12-30 03:00:00+00:00,-0.00049643
2025-12-30 04:00:00+00:00,-0.00058326
2025-12-30 05:00:00+00:00,-0.00057705
2025-12-30 06:00:00+00:00,-0.00053858
2025-12-30 07:00:00+00:00,-0.00059479
2025-12-30 08:00:00+00:00,-0.00045057
2025-12-30 09:00:00+00:00,-0.00031206
2025-12-30 10:00:00+00:00,-0.00038363
2025-12-30 11:00:00+00:00,-0.00041948
2025-12-30 12:00:00+00:00,-0.00033317
2025-12-30 13:00:00+00:00,-0.00051712
2025-12-30 14:00:00+00:00,-0.00049456
2025-12-30 15:00:00+00:00,-0.00031419
2025-12-30 16:00:00+00:00,-0.00049726
2025-12-30 17:00:00+00:00,-0.00048193
2025-12-30 18:00:00+00:00,-0.00044262
2025-12-30 19:00:00+00:00,-0.00038784
2025-12-30 20:00:00+00:00,-0.00048827
2025-12-30 21:00:00+00:00,-0.00056884
2025-12-30 22:00:00+00:00,-0.00030588
2025-12-30 23:00:00+00:00,-0.0003007
2025-12-31 00:00:00+00:00,-0.00031203
2025-12-31 01:00:00+00:00,-0.00029632
2025-12-31 02:00:00+00:00,-0.00040455
2025-12-31 03:00:00+00:00,-0.00036267
2025-12-31 04:00:00+00:00,-0.00050646
2025-12-31 05:00:00+00:00,-0.00036826
2025-12-31 06:00:00+00:00,-0.00033102
2025-12-31 07:00:00+00:00,-0.00047588
2025-12-31 08:00:00+00:00,-0.00037529
2025-12-31 09:00:00+00:00,-0.00046495
2025-12-31 10:00:00+00:00,-0.00041172
2025-12-31 11:00:00+00:00,-0.0003646
2025-12-31 12:00:00+00:00,-0.00039557
2025-12-31 13:00:00+00:00,-0.00029052
2025-12-31 14:00:00+00:00,-0.00042468
2025-12-31 15:00:00+00:00,-0.00039147
2025-12-31 16:00:00+00:00,-0.00048821
2025-12-31 17:00:00+00:00,-0.00045672
2025-12-31 18:00:00+00:00,-0.00056948
2025-12-31 19:00:00+00:00,-0.00046132
2025-12-31 20:00:00+00:00,-0.00044851
2025-12-31 21:00:00+00:00,-0.0004415
2025-12-31 22:00:00+00:00,-0.00037447
2025-12-31 23:00:00+00:00,-0.00054471
2026-01-01 00:00:00+00:00,-0.0005274
2026-01-01 01:00:00+00:00,-0.00040518
2026-01-01 02:00:00+00:00,-0.0004512
2026-01-01 03:00:00+00:00,-0.00038094
2026-01-01 04:00:00+00:00,-0.00040969
2026-01-01 05:00:00+00:00,-0.00040135
2026-01-01 06:00:00+00:00,-0.00049352
2026-01-01 07:00:00+00:00,-0.00046811
2026-01-01 08:00:00+00:00,-0.00046087
2026-01-01 09:00:00+00:00,-0.00050556
2026-01-01 10:00:00+00:00,-0.00061494
2026-01-01 11:00:00+00:00,-0.0004483
2026-01-01 12:00:00+00:00,-0.00051406
2026-01-01 13:00:00+00:00,-0.00055452
2026-01-01 14:00:00+00:00,-0.00045612
2026-01-01 15:00:00+00:00,-0.00054102
2026-01-01 16:00:00+00:00,-0.00033027
2026-01-01 17:00:00+00:00,-0.00037805
2026-01-01 18:00:00+00:00,-0.00033791
2026-01-01 19:00:00+00:00,-0.00036687
2026-01-01 20:00:00+00:00,-0.00045954
2026-01-01 21:00:00+00:00,-0.0003625
2026-01-01 22:00:00+00:00,-0.00029451
2026-01-01 23:00:00+00:00,-0.0003111
2026-01-02 00:00:00+00:00,-0.00029964
2026-01-02 01:00:00+00:00,-0.00031441
2026-01-02 02:00:00+00:00,-0.00025072
2026-01-02 03:00:00+00:00,-0.00025715
2026-01-02 04:00:00+00:00,-0.0003557
2026-01-02 05:00:00+00:00,-0.00038849
2026-01-02 06:00:00+00:00,-0.00039571
2026-01-02 07:00:00+00:00,-0.00033358
2026-01-02 08:00:00+00:00,-0.00032473
2026-01-02 09:00:00+00:00,-0.000314
2026-01-02 10:00:00+00:00,-0.00039978
2026-01-02 11:00:00+00:00,-0.00042695
2026-01-02 12:00:00+00:00,-0.00046268
2026-01-02 13:00:00+00:00,-0.00048413
2026-01-02 14:00:00+00:00,-0.00055265
2026-01-02 15:00:00+00:00,-0.00059886
2026-01-02 16:00:00+00:00,-0.00051071
2026-01-02 17:00:00+00:00,-0.00046449
2026-01-02 18:00:00+00:00,-0.00060178
2026-01-02 19:00:00+00:00,-0.00065356
2026-01-02 20:00:00+00:00,-0.00047837
2026-01-02 21:00:00+00:00,-0.00060815
2026-01-02 22:00:00+00:00,-0.00047459
2026-01-02 23:00:00+00:00,-0.0003682
2026-01-03 00:00:00+00:00,-0.00061452
2026-01-03 01:00:00+00:00,-0.0005575
2026-01-03 02:00:00+00:00,-0.00037779
2026-01-03 03:00:00+00:00,-0.00050182
2026-01-03 04:00:00+00:00,-0.00043904
2026-01-03 05:00:00+00:00,-0.00053828
2026-01-03 06:00:00+00:00,-0.00052578
2026-01-03 07:00:00+00:00,-0.00048122
2026-01-03 08:00:00+00:00,-0.00045009
2026-01-03 09:00:00+00:00,-0.00051107
2026-01-03 10:00:00+00:00,-0.00053512
2026-01-03 11:00:00+00:00,-0.00057049
2026-01-03 12:00:00+00:00,-0.00047642
2026-01-03 13:00:00+00:00,-0.0003792
2026-01-03 14:00:00+00:00,-0.00037024
2026-01-03 15:00:00+00:00,-0.00045432
2026-01-03 16:00:00+00:00,-0.00040351
2026-01-03 17:00:00+00:00,-0.00038126
2026-01-03 18:00:00+00:00,-0.00034236
2026-01-03 19:00:00+00:00,-0.00041835
2026-01-03 20:00:00+00:00,-0.0002763
2026-01-03 21:00:00+00:00,-0.00043428
2026-01-03 22:00:00+00:00,-0.00023594
2026-01-03 23:00:00+00:00,-0.00033211
2026-01-04 00:00:00+00:00,-0.00049079
2026-01-04 01:00:00+00:00,-0.00049122
2026-01-04 02:00:00+00:00,-0.00029759
2026-01-04 03:00:00+00:00,-0.00053499
2026-01-04 04:00:00+00:00,-0.00045555
2026-01-04 05:00:00+00:00,-0.00045972
2026-01-04 06:00:00+00:00,-0.00045486
2026-01-04 07:00:00+00:00,-0.00037124
2026-01-04 08:00:00+00:00,-0.00038725
2026-01-04 09:00:00+00:00,-0.0005063
2026-01-04 10:00:00+00:00,-0.00049477
2026-01-04 11:00:00+00:00,-0.00046726
2026-01-04 12:00:00+00:00,-0.00053445
2026-01-04 13:00:00+00:00,-0.00051966
2026-01-04 14:00:00+00:00,-0.00058568
2026-01-04 15:00:00+00:00,-0.00037576
2026-01-04 16:00:00+00:00,-0.00044008
2026-01-04 17:00:00+00:00,-0.00045642
2026-01-04 18:00:00+00:00,-0.00041793
2026-01-04 19:00:00+00:00,-0.0006177
2026-01-04 20:00:00+00:00,-0.00067112
2026-01-04 21:00:00+00:00,-0.00059077
2026-01-04 22:00:00+00:00,-0.00047038
2026-01-04 23:00:00+00:00,-0.00047038
2026-01-05 00:00:00+00:00,-0.00041319
2026-01-05 01:00:00+00:00,-0.00041023
2026-01-05 02:00:00+00:00,-0.00045368
2026-01-05 03:00:00+00:00,-0.00041203
2026-01-05 04:00:00+00:00,-0.00039295
2026-01-05 05:00:00+00:00,-0.00051732
2026-01-05 06:00:00+00:00,-0.00058728
2026-01-05 07:00:00+00:00,-0.00040928
2026-01-05 08:00:00+00:00,-0.00039298
2026-01-05 09:00:00+00:00,-0.00036098
2026-01-05 10:00:00+00:00,-0.00034065
2026-01-05 11:00:00+00:00,-0.00027768
2026-01-05 12:00:00+00:00,-0.00050635
2026-01-05 13:00:00+00:00,-0.00050224
2026-01-05 14:00:00+00:00,-0.00043643
2026-01-05 15:00:00+00:00,-0.00046397
2026-01-05 16:00:00+00:00,-0.00059565
2026-01-05 17:00:00+00:00,-0.0004792
2026-01-05 18:00:00+00:00,-0.00051904
2026-01-05 19:00:00+00:00,-0.00057849
2026-01-05 20:00:00+00:00,-0.00065618
2026-01-05 21:00:00+00:00,-0.00053291
2026-01-05 22:00:00+00:00,-0.00043025
2026-01-05 23:00:00+00:00,-0.00055725
2026-01-06 00:00:00+00:00,-0.00054132
2026-01-06 01:00:00+00:00,-0.00048777
2026-01-06 02:00:00+00:00,-0.00051835
2026-01-06 03:00:00+00:00,-0.00057992
2026-01-06 04:00:00+00:00,-0.00057636
2026-01-06 05:00:00+00:00,-0.00061282
2026-01-06 06:00:00+00:00,-0.0004362
2026-01-06 07:00:00+00:00,-0.00051205
2026-01-06 08:00:00+00:00,-0.00046846
2026-01-06 09:00:00+00:00,-0.00051276
2026-01-06 10:00:00+00:00,-0.00040204
2026-01-06 11:00:00+00:00,-0.00035566
2026-01-06 12:00:00+00:00,-0.0004662
2026-01-06 13:00:00+00:00,-0.00036952
2026-01-06 14:00:00+00:00,-0.00064662
2026-01-06 15:00:00+00:00,-0.00050336
2026-01-06 16:00:00+00:00,-0.00048923
2026-01-06 17:00:00+00:00,-0.00041292
2026-01-06 18:00:00+00:00,-0.0003966
2026-01-06 19:00:00+00:00,-0.00029843
2026-01-06 20:00:00+00:00,-0.00047427
2026-01-06 21:00:00+00:00,-0.0003647
2026-01-06 22:00:00+00:00,-0.00050342
2026-01-06 23:00:00+00:00,-0.00049436
2026-01-07 00:00:00+00:00,-0.00030937
2026-01-07 01:00:00+00:00,-0.00047947
2026-01-07 02:00:00+00:00,-0.00033318
2026-01-07 03:00:00+00:00,-0.0002422
2026-01-07 04:00:00+00:00,-0.00042052
2026-01-07 05:00:00+00:00,-0.00050351
2026-01-07 06:00:00+00:00,-0.00048429
2026-01-07 07:00:00+00:00,-0.00045956
2026-01-07 08:00:00+00:00,-0.00047037
2026-01-07 09:00:00+00:00,-0.00053766
2026-01-07 10:00:00+00:00,-0.00052022
2026-01-07 11:00:00+00:00,-0.00041839
2026-01-07 12:00:00+00:00,-0.0004804
2026-01-07 13:00:00+00:00,-0.00050973
2026-01-07 14:00:00+00:00,-0.00044711
2026-01-07 15:00:00+00:00,-0.00053323
2026-01-07 16:00:00+00:00,-0.00056143
2026-01-07 17:00:00+00:00,-0.00050303
2026-01-07 18:00:00+00:00,-0.00041451
2026-01-07 19:00:00+00:00,-0.00037309
2026-01-07 20:00:00+00:00,-0.00038379
2026-01-07 21:00:00+00:00,-0.00037557
2026-01-07 22:00:00+00:00,-0.00052127
2026-01-07 23:00:00+00:00,-0.00040811
2026-01-08 00:00:00+00:00,-0.00051945
2026-01-08 01:00:00+00:00,-0.00053231
2026-01-08 02:00:00+00:00,-0.00030806
2026-01-08 03:00:00+00:00,-0.00062287
2026-01-08 04:00:00+00:00,-0.00057456
2026-01-08 05:00:00+00:00,-0.00042593
2026-01-08 06:00:00+00:00,-0.0003844
2026-01-08 07:00:00+00:00,-0.00058812
2026-01-08 08:00:00+00:00,-0.00041585
2026-01-08 09:00:00+00:00,-0.00050305
2026-01-08 10:00:00+00:00,-0.00044979
2026-01-08 11:00:00+00:00,-0.00033477
2026-01-08 12:00:00+00:00,-0.00043302
2026-01-08 13:00:00+00:00,-0.00040373
2026-01-08 14:00:00+00:00,-0.00056423
2026-01-08 15:00:00+00:00,-0.00041495
2026-01-08 16:00:00+00:00,-0.00047883
2026-01-08 17:00:00+00:00,-0.0004912
2026-01-08 18:00:00+00:00,-0.0004881
2026-01-08 19:00:00+00:00,-0.00041086
2026-01-08 20:00:00+00:00,-0.00059073
2026-01-08 21:00:00+00:00,-0.00050419
2026-01-08 22:00:00+00:00,-0.00055472
2026-01-08 23:00:00+00:00,-0.00032567
2026-01-09 00:00:00+00:00,-0.0005214
2026-01-09 01:00:00+00:00,-0.00046957
2026-01-09 02:00:00+00:00,-0.00053054
2026-01-09 03:00:00+00:00,-0.00034728
2026-01-09 04:00:00+00:00,-0.00039705
2026-01-09 05:00:00+00:00,-0.00030583
2026-01-09 06:00:00+00:00,-0.00027386
2026-01-09 07:00:00+00:00,-0.00031245
2026-01-09 08:00:00+00:00,-0.00045909
2026-01-09 09:00:00+00:00,-0.00050597
2026-01-09 10:00:00+00:00,-0.00060848
2026-01-09 11:00:00+00:00,-0.0004135
2026-01-09 12:00:00+00:00,-0.00056947
2026-01-09 13:00:00+00:00,-0.00056347
2026-01-09 14:00:00+00:00,-0.00023094
2026-01-09 15:00:00+00:00,-0.00051017
2026-01-09 16:00:00+00:00,-0.00053262
2026-01-09 17:00:00+00:00,-0.00047289
2026-01-09 18:00:00+00:00,-0.00055769
2026-01-09 19:00:00+00:00,-0.00052323
2026-01-09 20:00:00+00:00,-0.00046149
2026-01-09 21:00:00+00:00,-0.00042278
2026-01-09 22:00:00+00:00,-0.00034749
2026-01-09 23:00:00+00:00,-0.00039945
2026-01-10 00:00:00+00:00,-0.00026457
2026-01-10 01:00:00+00:00,-0.00035386
2026-01-10 02:00:00+00:00,-0.00035026
2026-01-10 03:00:00+00:00,-0.00038634
2026-01-10 04:00:00+00:00,-0.00043203
2026-01-10 05:00:00+00:00,-0.00030006
2026-01-10 06:00:00+00:00,-0.00040713
2026-01-10 07:00:00+00:00,-0.00035444
2026-01-10 08:00:00+00:00,-0.00035219
2026-01-10 09:00:00+00:00,-0.00036948
2026-01-10 10:00:00+00:00,-0.0003264
2026-01-10 11:00:00+00:00,-0.0003634
2026-01-10 12:00:00+00:00,-0.00044027
2026-01-10 13:00:00+00:00,-0.00048483
2026-01-10 14:00:00+00:00,-0.00035222
2026-01-10 15:00:00+00:00,-0.00032879
2026-01-10 16:00:00+00:00,-0.00039458
2026-01-10 17:00:00+00:00,-0.00045789
2026-01-10 18:00:00+00:00,-0.00033334
2026-01-10 19:00:00+00:00,-0.00033049
2026-01-10 20:00:00+00:00,-0.00050943
2026-01-10 21:00:00+00:00,-0.00056857
2026-01-10 22:00:00+00:00,-0.00067862
2026-01-10 23:00:00+00:00,-0.00029843
2026-01-11 00:00:00+00:00,-0.00053466
2026-01-11 01:00:00+00:00,-0.00031745
2026-01-11 02:00:00+00:00,-0.0003913
2026-01-11 03:00:00+00:00,-0.00023288
2026-01-11 04:00:00+00:00,-0.00022978
2026-01-11 05:00:00+00:00,-0.00034019
2026-01-11 06:00:00+00:00,-0.00036466
2026-01-11 07:00:00+00:00,-0.00034726
2026-01-11 08:00:00+00:00,-0.00048445
2026-01-11 09:00:00+00:00,-0.00049936
2026-01-11 10:00:00+00:00,-0.00039589
2026-01-11 11:00:00+00:00,-0.00051447
2026-01-11 12:00:00+00:00,-0.00047636
2026-01-11 13:00:00+00:00,-0.00048299
2026-01-11 14:00:00+00:00,-0.00046065
2026-01-11 15:00:00+00:00,-0.00050323
2026-01-11 16:00:00+00:00,-0.00046748
2026-01-11 17:00:00+00:00,-0.00045587
2026-01-11 18:00:00+00:00,-0.00028281
2026-01-11 19:00:00+00:00,-0.00049139
2026-01-11 20:00:00+00:00,-0.00044329
2026-01-11 21:00:00+00:00,-0.00054411
2026-01-11 22:00:00+00:00,-0.00059923
2026-01-11 23:00:00+00:00,-0.00042734
2026-01-12 00:00:00+00:00,-0.00041569
2026-01-12 01:00:00+00:00,-0.0005334
2026-01-12 02:00:00+00:00,-0.00053558
2026-01-12 03:00:00+00:00,-0.00038676
2026-01-12 04:00:00+00:00,-0.00055636
2026-01-12 05:00:00+00:00,-0.0005147
2026-01-12 06:00:00+00:00,-0.00058687
2026-01-12 07:00:00+00:00,-0.00034244
2026-01-12 08:00:00+00:00,-0.000429
2026-01-12 09:00:00+00:00,-0.0006073
2026-01-12 10:00:00+00:00,-0.00056491
2026-01-12 11:00:00+00:00,-0.00049173
2026-01-12 12:00:00+00:00,-0.00046392
2026-01-12 13:00:00+00:00,-0.00059983
2026-01-12 14:00:00+00:00,-0.00044255
2026-01-12 15:00:00+00:00,-0.00036711
2026-01-12 16:00:00+00:00,-0.00034136
2026-01-12 17:00:00+00:00,-0.00036765
2026-01-12 18:00:00+00:00,-0.00047091
2026-01-12 19:00:00+00:00,-0.00047246
2026-01-12 20:00:00+00:00,-0.00040233
2026-01-12 21:00:00+00:00,-0.00055807
2026-01-12 22:00:00+00:00,-0.00049063
2026-01-12 23:00:00+00:00,-0.00054233
2026-01-13 00:00:00+00:00,-0.00041584
2026-01-13 01:00:00+00:00,-0.00033632
2026-01-13 02:00:00+00:00,-0.00036581
2026-01-13 03:00:00+00:00,-0.00033324
2026-01-13 04:00:00+00:00,-0.00039579
2026-01-13 05:00:00+00:00,-0.00042083
2026-01-13 06:00:00+00:00,-0.00037299
2026-01-13 07:00:00+00:00,-0.00010928
2026-01-13 08:00:00+00:00,-0.00036795
2026-01-13 09:00:00+00:00,-0.00040156
2026-01-13 10:00:00+00:00,-0.00020665
2026-01-13 11:00:00+00:00,-0.0004052
2026-01-13 12:00:00+00:00,-0.00048714
2026-01-13 13:00:00+00:00,-0.00033259
2026-01-13 14:00:00+00:00,-0.00047649
2026-01-13 15:00:00+00:00,-0.00050525
2026-01-13 16:00:00+00:00,-0.0006625
2026-01-13 17:00:00+00:00,-0.00034574
2026-01-13 18:00:00+00:00,-0.00050938
2026-01-13 19:00:00+00:00,-0.00040019
2026-01-13 20:00:00+00:00,-0.00059787
2026-01-13 21:00:00+00:00,-0.00044637
2026-01-13 22:00:00+00:00,-0.00029325
2026-01-13 23:00:00+00:00,-0.00043271
2026-01-14 00:00:00+00:00,-0.00040954
2026-01-14 01:00:00+00:00,-0.00039413
2026-01-14 02:00:00+00:00,-0.00033117
2026-01-14 03:00:00+00:00,-0.00033947
2026-01-14 04:00:00+00:00,-0.000451
2026-01-14 05:00:00+00:00,-0.00037012
2026-01-14 06:00:00+00:00,-0.00040061
2026-01-14 07:00:00+00:00,-0.00018076
2026-01-14 08:00:00+00:00,-0.00028386
2026-01-14 09:00:00+00:00,-0.00021042
2026-01-14 10:00:00+00:00,-0.00035319
2026-01-14 11:00:00+00:00,-0.00034382
2026-01-14 12:00:00+00:00,-0.00025252
2026-01-14 13:00:00+00:00,-0.00049419
2026-01-14 14:00:00+00:00,-0.00060571
2026-01-14 15:00:00+00:00,-0.00055891
2026-01-14 16:00:00+00:00,-0.00042039
2026-01-14 17:00:00+00:00,-0.00040075
2026-01-14 18:00:00+00:00,-0.00052727
2026-01-14 19:00:00+00:00,-0.00048625
2026-01-14 20:00:00+00:00,-0.0005712
2026-01-14 21:00:00+00:00,-0.00058437
2026-01-14 22:00:00+00:00,-0.00042879
2026-01-14 23:00:00+00:00,-0.00046876
2026-01-15 00:00:00+00:00,-0.00044548
2026-01-15 01:00:00+00:00,-0.00052793
2026-01-15 02:00:00+00:00,-0.00001692
2026-01-15 03:00:00+00:00,-0.00052632
2026-01-15 04:00:00+00:00,-0.00055624
2026-01-15 05:00:00+00:00,-0.00047283
2026-01-15 06:00:00+00:00,-0.00044009
2026-01-15 07:00:00+00:00,-0.00032491
2026-01-15 08:00:00+00:00,-0.0004928
2026-01-15 09:00:00+00:00,-0.00048738
2026-01-15 10:00:00+00:00,-0.00037232
2026-01-15 11:00:00+00:00,-0.00059828
2026-01-15 12:00:00+00:00,-0.00043664
2026-01-15 13:00:00+00:00,-0.00059764
2026-01-15 14:00:00+00:00,-0.00046076
2026-01-15 15:00:00+00:00,-0.00071651
2026-01-15 16:00:00+00:00,-0.00059375
2026-01-15 17:00:00+00:00,-0.00062455
2026-01-15 18:00:00+00:00,-0.0004145
2026-01-15 19:00:00+00:00,-0.00063594
2026-01-15 20:00:00+00:00,-0.00049232
2026-01-15 21:00:00+00:00,-0.00056579
2026-01-15 22:00:00+00:00,-0.00061407
2026-01-15 23:00:00+00:00,-0.00041021
2026-01-16 00:00:00+00:00,-0.0005426
2026-01-16 01:00:00+00:00,-0.00048146
2026-01-16 02:00:00+00:00,-0.00041745
2026-01-16 03:00:00+00:00,-0.00053667
2026-01-16 04:00:00+00:00,-0.0004525
2026-01-16 05:00:00+00:00,-0.00042259
2026-01-16 06:00:00+00:00,-0.0004298
2026-01-16 07:00:00+00:00,-0.00034145
2026-01-16 08:00:00+00:00,-0.00048005
2026-01-16 09:00:00+00:00,-0.00043943
2026-01-16 10:00:00+00:00,-0.00042375
2026-01-16 11:00:00+00:00,-0.00045545
2026-01-16 12:00:00+00:00,-0.00041774
2026-01-16 13:00:00+00:00,-0.0005223
2026-01-16 14:00:00+00:00,-0.00050409
2026-01-16 15:00:00+00:00,-0.00048291
2026-01-16 16:00:00+00:00,-0.00039879
2026-01-16 17:00:00+00:00,-0.00014214
2026-01-16 18:00:00+00:00,-0.00030775
2026-01-16 19:00:00+00:00,-0.00046022
2026-01-16 20:00:00+00:00,-0.00047779
2026-01-16 21:00:00+00:00,-0.00027132
2026-01-16 22:00:00+00:00,-0.00031776
2026-01-16 23:00:00+00:00,-0.00048979
2026-01-17 00:00:00+00:00,-0.00044702
2026-01-17 01:00:00+00:00,-0.00042199
2026-01-17 02:00:00+00:00,-0.00045411
2026-01-17 03:00:00+00:00,-0.0005195
2026-01-17 04:00:00+00:00,-0.00042348
2026-01-17 05:00:00+00:00,-0.00062804
2026-01-17 06:00:00+00:00,-0.00047333
2026-01-17 07:00:00+00:00,-0.00041983
2026-01-17 08:00:00+00:00,-0.00047582
2026-01-17 09:00:00+00:00,-0.00043332
2026-01-17 10:00:00+00:00,-0.00050042
2026-01-17 11:00:00+00:00,-0.00051909
2026-01-17 12:00:00+00:00,-0.00047391
2026-01-17 13:00:00+00:00,-0.00047058
2026-01-17 14:00:00+00:00,-0.00043943
2026-01-17 15:00:00+00:00,-0.0004034
2026-01-17 16:00:00+00:00,-0.00055489
2026-01-17 17:00:00+00:00,-0.00046371
2026-01-17 18:00:00+00:00,-0.00058032
2026-01-17 19:00:00+00:00,-0.0004823
2026-01-17 20:00:00+00:00,-0.00039674
2026-01-17 21:00:00+00:00,-0.00041001
2026-01-17 22:00:00+00:00,-0.00058803
2026-01-17 23:00:00+00:00,-0.00049349
2026-01-18 00:00:00+00:00,-0.00054323
2026-01-18 01:00:00+00:00,-0.00046654
2026-01-18 02:00:00+00:00,-0.00046485
2026-01-18 03:00:00+00:00,-0.0004121
2026-01-18 04:00:00+00:00,-0.00042766
2026-01-18 05:00:00+00:00,-0.00045224
2026-01-18 06:00:00+00:00,-0.00026635
2026-01-18 07:00:00+00:00,-0.00043745
2026-01-18 08:00:00+00:00,-0.00046342
2026-01-18 09:00:00+00:00,-0.00050179
2026-01-18 10:00:00+00:00,-0.00044275
2026-01-18 11:00:00+00:00,-0.0004354
2026-01-18 12:00:00+00:00,-0.00036827
2026-01-18 13:00:00+00:00,-0.00050319
2026-01-18 14:00:00+00:00,-0.00044682
2026-01-18 15:00:00+00:00,-0.00043967
2026-01-18 16:00:00+00:00,-0.00051369
2026-01-18 17:00:00+00:00,-0.00053142
2026-01-18 18:00:00+00:00,-0.00052844
2026-01-18 19:00:00+00:00,-0.00052957
2026-01-18 20:00:00+00:00,-0.00043408
2026-01-18 21:00:00+00:00,-0.00039194
2026-01-18 22:00:00+00:00,-0.00061071
2026-01-18 23:00:00+00:00,-0.00058519
2026-01-19 00:00:00+00:00,-0.00078853
2026-01-19 01:00:00+00:00,-0.00047935
2026-01-19 02:00:00+00:00,-0.00048928
2026-01-19 03:00:00+00:00,-0.00062558
2026-01-19 04:00:00+00:00,-0.0003862
2026-01-19 05:00:00+00:00,-0.00053738
2026-01-19 06:00:00+00:00,-0.00052838
2026-01-19 07:00:00+00:00,-0.00058218
2026-01-19 08:00:00+00:00,-0.00084805
2026-01-19 09:00:00+00:00,-0.00053039
2026-01-19 10:00:00+00:00,-0.00051118
2026-01-19 11:00:00+00:00,-0.00051377
2026-01-19 12:00:00+00:00,-0.00039033
2026-01-19 13:00:00+00:00,-0.00033772
2026-01-19 14:00:00+00:00,-0.0004557
2026-01-19 15:00:00+00:00,-0.00052181
2026-01-19 16:00:00+00:00,-0.00047459
2026-01-19 17:00:00+00:00,-0.0003975
2026-01-19 18:00:00+00:00,-0.00042295
2026-01-19 19:00:00+00:00,-0.00051685
2026-01-19 20:00:00+00:00,-0.00049689
2026-01-19 21:00:00+00:00,-0.00048524
2026-01-19 22:00:00+00:00,-0.00035089
2026-01-19 23:00:00+00:00,-0.00041676
2026-01-20 00:00:00+00:00,-0.00046753
2026-01-20 01:00:00+00:00,-0.00039037
2026-01-20 02:00:00+00:00,-0.0005585
2026-01-20 03:00:00+00:00,-0.00047199
2026-01-20 04:00:00+00:00,-0.00046233
2026-01-20 05:00:00+00:00,-0.00051617
2026-01-20 06:00:00+00:00,-0.00052632
2026-01-20 07:00:00+00:00,-0.00071713
2026-01-20 08:00:00+00:00,-0.00053052
2026-01-20 09:00:00+00:00,-0.0004811
2026-01-20 10:00:00+00:00,-0.00043218
2026-01-20 11:00:00+00:00,-0.00070841
2026-01-20 12:00:00+00:00,-0.00041904
2026-01-20 13:00:00+00:00,-0.00050282
2026-01-20 14:00:00+00:00,-0.00066291
2026-01-20 15:00:00+00:00,-0.00044434
2026-01-20 16:00:00+00:00,-0.00056564
2026-01-20 17:00:00+00:00,-0.00051264
2026-01-20 18:00:00+00:00,-0.00055519
2026-01-20 19:00:00+00:00,-0.00049609
2026-01-20 20:00:00+00:00,-0.00025461
2026-01-20 21:00:00+00:00,-0.00039511
2026-01-20 22:00:00+00:00,-0.00044746
2026-01-20 23:00:00+00:00,-0.00049573
2026-01-21 00:00:00+00:00,-0.00057417
2026-01-21 01:00:00+00:00,-0.00051098
2026-01-21 02:00:00+00:00,-0.00052226
2026-01-21 03:00:00+00:00,-0.000508
2026-01-21 04:00:00+00:00,-0.00051238
2026-01-21 05:00:00+00:00,-0.00040168
2026-01-21 06:00:00+00:00,-0.00050448
2026-01-21 07:00:00+00:00,-0.00034562
2026-01-21 08:00:00+00:00,-0.00044377
2026-01-21 09:00:00+00:00,-0.00047674
2026-01-21 10:00:00+00:00,-0.00054031
2026-01-21 11:00:00+00:00,-0.00050323
2026-01-21 12:00:00+00:00,-0.000397
2026-01-21 13:00:00+00:00,-0.00036792
2026-01-21 14:00:00+00:00,-0.00054901
2026-01-21 15:00:00+00:00,-0.00041965
2026-01-21 16:00:00+00:00,-0.00060358
2026-01-21 17:00:00+00:00,-0.00043102
2026-01-21 18:00:00+00:00,-0.00053377
2026-01-21 19:00:00+00:00,-0.00037376
2026-01-21 20:00:00+00:00,-0.00036837
2026-01-21 21:00:00+00:00,-0.00032535
2026-01-21 22:00:00+00:00,-0.00055363
2026-01-21 23:00:00+00:00,-0.00057246
2026-01-22 00:00:00+00:00,-0.0002793
2026-01-22 01:00:00+00:00,-0.00054262
2026-01-22 02:00:00+00:00,-0.00050818
2026-01-22 03:00:00+00:00,-0.00055843
2026-01-22 04:00:00+00:00,-0.00070227
2026-01-22 05:00:00+00:00,-0.00057453
2026-01-22 06:00:00+00:00,-0.00043615
2026-01-22 07:00:00+00:00,-0.00048927
2026-01-22 08:00:00+00:00,-0.00049504
2026-01-22 09:00:00+00:00,-0.00056651
2026-01-22 10:00:00+00:00,-0.00053312
2026-01-22 11:00:00+00:00,-0.00050845
2026-01-22 12:00:00+00:00,-0.00047291
2026-01-22 13:00:00+00:00,-0.00056034
2026-01-22 14:00:00+00:00,-0.00037387
2026-01-22 15:00:00+00:00,-0.00051183
2026-01-22 16:00:00+00:00,-0.00057431
2026-01-22 17:00:00+00:00,-0.00046216
2026-01-22 18:00:00+00:00,-0.00056171
2026-01-22 19:00:00+00:00,-0.00039408
2026-01-22 20:00:00+00:00,-0.00038978
2026-01-22 21:00:00+00:00,-0.00032421
2026-01-22 22:00:00+00:00,-0.00035421
2026-01-22 23:00:00+00:00,-0.00042666
2026-01-23 00:00:00+00:00,-0.00054913
2026-01-23 01:00:00+00:00,-0.00026474
2026-01-23 02:00:00+00:00,-0.00044487
2026-01-23 03:00:00+00:00,-0.00035814
2026-01-23 04:00:00+00:00,-0.00034408
2026-01-23 05:00:00+00:00,-0.00042538
2026-01-23 06:00:00+00:00,-0.00051943
2026-01-23 07:00:00+00:00,-0.00060312
2026-01-23 08:00:00+00:00,-0.00061771
2026-01-23 09:00:00+00:00,-0.00047555
2026-01-23 10:00:00+00:00,-0.0005757
2026-01-23 11:00:00+00:00,-0.00058922
2026-01-23 12:00:00+00:00,-0.00068431
2026-01-23 13:00:00+00:00,-0.00064396
2026-01-23 14:00:00+00:00,-0.00044984
2026-01-23 15:00:00+00:00,-0.00054625
2026-01-23 16:00:00+00:00,-0.00037869
2026-01-23 17:00:00+00:00,-0.00044625
2026-01-23 18:00:00+00:00,-0.00051278
2026-01-23 19:00:00+00:00,-0.00050797
2026-01-23 20:00:00+00:00,-0.00051336
2026-01-23 21:00:00+00:00,-0.00061097
2026-01-23 22:00:00+00:00,-0.00045403
2026-01-23 23:00:00+00:00,-0.00047856
2026-01-24 00:00:00+00:00,-0.00055057
2026-01-24 01:00:00+00:00,-0.00050767
2026-01-24 02:00:00+00:00,-0.00059344
2026-01-24 03:00:00+00:00,-0.00042362
2026-01-24 04:00:00+00:00,-0.00063099
2026-01-24 05:00:00+00:00,-0.00037951
2026-01-24 06:00:00+00:00,-0.00052391
2026-01-24 07:00:00+00:00,-0.00053028
2026-01-24 08:00:00+00:00,-0.00044598
2026-01-24 09:00:00+00:00,-0.00058403
2026-01-24 10:00:00+00:00,-0.00048109
2026-01-24 11:00:00+00:00,-0.00052354
2026-01-24 12:00:00+00:00,-0.0004588
2026-01-24 13:00:00+00:00,-0.00053151
2026-01-24 14:00:00+00:00,-0.00051469
2026-01-24 15:00:00+00:00,-0.00052752
2026-01-24 16:00:00+00:00,-0.00062358
2026-01-24 17:00:00+00:00,-0.00053133
2026-01-24 18:00:00+00:00,-0.00050293
2026-01-24 19:00:00+00:00,-0.00051904
2026-01-24 20:00:00+00:00,-0.00049167
2026-01-24 21:00:00+00:00,-0.00056373
2026-01-24 22:00:00+00:00,-0.00034163
2026-01-24 23:00:00+00:00,-0.00061176
2026-01-25 00:00:00+00:00,-0.00047334
2026-01-25 01:00:00+00:00,-0.00050313
2026-01-25 02:00:00+00:00,-0.0006015
2026-01-25 03:00:00+00:00,-0.00049002
2026-01-25 04:00:00+00:00,-0.00060021
2026-01-25 05:00:00+00:00,-0.0003072
2026-01-25 06:00:00+00:00,-0.00038175
2026-01-25 07:00:00+00:00,-0.00048987
2026-01-25 08:00:00+00:00,-0.00045477
2026-01-25 09:00:00+00:00,-0.00041793
2026-01-25 10:00:00+00:00,-0.00059269
2026-01-25 11:00:00+00:00,-0.00056396
2026-01-25 12:00:00+00:00,-0.00032198
2026-01-25 13:00:00+00:00,-0.00046546
2026-01-25 14:00:00+00:00,-0.00035476
2026-01-25 15:00:00+00:00,-0.00030681
2026-01-25 16:00:00+00:00,-0.0006096
2026-01-25 17:00:00+00:00,-0.00064957
2026-01-25 18:00:00+00:00,-0.00067598
2026-01-25 19:00:00+00:00,-0.00055051
2026-01-25 20:00:00+00:00,-0.00053291
2026-01-25 21:00:00+00:00,-0.00043006
2026-01-25 22:00:00+00:00,-0.00044435
2026-01-25 23:00:00+00:00,-0.0005298
2026-01-26 00:00:00+00:00,-0.00040908
2026-01-26 01:00:00+00:00,-0.00058883
2026-01-26 02:00:00+00:00,-0.00066792
2026-01-26 03:00:00+00:00,-0.00049609
2026-01-26 04:00:00+00:00,-0.00042067
2026-01-26 05:00:00+00:00,-0.0004775
2026-01-26 06:00:00+00:00,-0.00047807
2026-01-26 07:00:00+00:00,-0.00034334
2026-01-26 08:00:00+00:00,-0.00042679
2026-01-26 09:00:00+00:00,-0.00042835
2026-01-26 10:00:00+00:00,-0.00046075
2026-01-26 11:00:00+00:00,-0.00035398
2026-01-26 12:00:00+00:00,-0.00045137
2026-01-26 13:00:00+00:00,-0.00048267
2026-01-26 14:00:00+00:00,-0.00043512
2026-01-26 15:00:00+00:00,-0.00057287
2026-01-26 16:00:00+00:00,-0.00052587
2026-01-26 17:00:00+00:00,-0.00033597
2026-01-26 18:00:00+00:00,-0.00037583
2026-01-26 19:00:00+00:00,-0.00043811
2026-01-26 20:00:00+00:00,-0.00046494
2026-01-26 21:00:00+00:00,-0.00042761
2026-01-26 22:00:00+00:00,-0.00054976
2026-01-26 23:00:00+00:00,-0.00045118
2026-01-27 00:00:00+00:00,-0.00042292
2026-01-27 01:00:00+00:00,-0.00055648
2026-01-27 02:00:00+00:00,-0.00038103
2026-01-27 03:00:00+00:00,-0.00048075
2026-01-27 04:00:00+00:00,-0.00045919
2026-01-27 05:00:00+00:00,-0.00038956
2026-01-27 06:00:00+00:00,-0.00051652
2026-01-27 07:00:00+00:00,-0.00053105
2026-01-27 08:00:00+00:00,-0.00053818
2026-01-27 09:00:00+00:00,-0.00049703
2026-01-27 10:00:00+00:00,-0.00057287
2026-01-27 11:00:00+00:00,-0.00046456
2026-01-27 12:00:00+00:00,-0.00050588
2026-01-27 13:00:00+00:00,-0.00065876
2026-01-27 14:00:00+00:00,-0.00053887
2026-01-27 15:00:00+00:00,-0.00043066
2026-01-27 16:00:00+00:00,-0.00050156
2026-01-27 17:00:00+00:00,-0.00052274
2026-01-27 18:00:00+00:00,-0.00052636
2026-01-27 19:00:00+00:00,-0.00041425
2026-01-27 20:00:00+00:00,-0.00041897
2026-01-27 21:00:00+00:00,-0.00038439
2026-01-27 22:00:00+00:00,-0.0004778
2026-01-27 23:00:00+00:00,-0.00042456
2026-01-28 00:00:00+00:00,-0.00049809
2026-01-28 01:00:00+00:00,-0.00055332
2026-01-28 02:00:00+00:00,-0.00045141
2026-01-28 03:00:00+00:00,-0.00052674
2026-01-28 04:00:00+00:00,-0.00045359
2026-01-28 05:00:00+00:00,-0.00041783
2026-01-28 06:00:00+00:00,-0.00040071
2026-01-28 07:00:00+00:00,-0.00044748
2026-01-28 08:00:00+00:00,-0.00054237
2026-01-28 09:00:00+00:00,-0.0003094
2026-01-28 10:00:00+00:00,-0.00039124
2026-01-28 11:00:00+00:00,-0.00045137
2026-01-28 12:00:00+00:00,-0.00032652
2026-01-28 13:00:00+00:00,-0.00041832
2026-01-28 14:00:00+00:00,-0.00050068
2026-01-28 15:00:00+00:00,-0.00046607
2026-01-28 16:00:00+00:00,-0.00054546
2026-01-28 17:00:00+00:00,-0.00039954
2026-01-28 18:00:00+00:00,-0.00048036
2026-01-28 19:00:00+00:00,-0.00050583
2026-01-28 20:00:00+00:00,-0.00040733
2026-01-28 21:00:00+00:00,-0.00044771
2026-01-28 22:00:00+00:00,-0.0005125
2026-01-28 23:00:00+00:00,-0.00056351
2026-01-29 00:00:00+00:00,-0.00040904
2026-01-29 01:00:00+00:00,-0.00052935
2026-01-29 02:00:00+00:00,-0.00055062
2026-01-29 03:00:00+00:00,-0.00055999
2026-01-29 04:00:00+00:00,-0.00051154
2026-01-29 05:00:00+00:00,-0.00040452
2026-01-29 06:00:00+00:00,-0.00044982
2026-01-29 07:00:00+00:00,-0.00046956
2026-01-29 08:00:00+00:00,-0.00043582
2026-01-29 09:00:00+00:00,-0.00049297
2026-01-29 10:00:00+00:00,-0.00047474
2026-01-29 11:00:00+00:00,-0.00042313
2026-01-29 12:00:00+00:00,-0.00044653
2026-01-29 13:00:00+00:00,-0.00051703
2026-01-29 14:00:00+00:00,-0.00047604
2026-01-29 15:00:00+00:00,-0.00059158
2026-01-29 16:00:00+00:00,-0.00042555
2026-01-29 17:00:00+00:00,-0.00044313
2026-01-29 18:00:00+00:00,-0.0006149
2026-01-29 19:00:00+00:00,-0.00058924
2026-01-29 20:00:00+00:00,-0.0004332
2026-01-29 21:00:00+00:00,-0.00043038
2026-01-29 22:00:00+00:00,-0.00069927
2026-01-29 23:00:00+00:00,-0.00043117
2026-01-30 00:00:00+00:00,-0.00068269
2026-01-30 01:00:00+00:00,-0.00049797
2026-01-30 02:00:00+00:00,-0.00049379
2026-01-30 03:00:00+00:00,-0.00065362
2026-01-30 04:00:00+00:00,-0.00063352
2026-01-30 05:00:00+00:00,-0.00061257
2026-01-30 06:00:00+00:00,-0.00056662
2026-01-30 07:00:00+00:00,-0.00066817
2026-01-30 08:00:00+00:00,-0.00064077
2026-01-30 09:00:00+00:00,-0.00060183
2026-01-30 10:00:00+00:00,-0.00057327
2026-01-30 11:00:00+00:00,-0.00065066
2026-01-30 12:00:00+00:00,-0.00065471
2026-01-30 13:00:00+00:00,-0.00061343
2026-01-30 14:00:00+00:00,-0.00064667
2026-01-30 15:00:00+00:00,-0.0005029
2026-01-30 16:00:00+00:00,-0.00050856
2026-01-30 17:00:00+00:00,-0.00035977
2026-01-30 18:00:00+00:00,-0.00037809
2026-01-30 19:00:00+00:00,-0.00043695
2026-01-30 20:00:00+00:00,-0.00040484
2026-01-30 21:00:00+00:00,-0.00040289
2026-01-30 22:00:00+00:00,-0.00043854
2026-01-30 23:00:00+00:00,-0.00034334
2026-01-31 00:00:00+00:00,-0.00039428
2026-01-31 01:00:00+00:00,-0.00055107
2026-01-31 02:00:00+00:00,-0.00050078
2026-01-31 03:00:00+00:00,-0.00049742
2026-01-31 04:00:00+00:00,-0.00045974
2026-01-31 05:00:00+00:00,-0.00048334
2026-01-31 06:00:00+00:00,-0.00044378
2026-01-31 07:00:00+00:00,-0.00051705
2026-01-31 08:00:00+00:00,-0.00052723
2026-01-31 09:00:00+00:00,-0.00048034
2026-01-31 10:00:00+00:00,-0.00060922
2026-01-31 11:00:00+00:00,-0.00047339
2026-01-31 12:00:00+00:00,-0.00037573
2026-01-31 13:00:00+00:00,-0.00032185
2026-01-31 14:00:00+00:00,-0.00066324
2026-01-31 15:00:00+00:00,-0.00052717
2026-01-31 16:00:00+00:00,-0.00057574
2026-01-31 17:00:00+00:00,-0.00028327
2026-01-31 18:00:00+00:00,-0.00031301
2026-01-31 19:00:00+00:00,-0.00035165
2026-01-31 20:00:00+00:00,-0.00044318
2026-01-31 21:00:00+00:00,-0.000458
2026-01-31 22:00:00+00:00,-0.00048518
2026-01-31 23:00:00+00:00,-0.00048204
2026-02-01 00:00:00+00:00,-0.00057122
2026-02-01 01:00:00+00:00,-0.0004652
2026-02-01 02:00:00+00:00,-0.00053291
2026-02-01 03:00:00+00:00,-0.00052812
2026-02-01 04:00:00+00:00,-0.0005399
2026-02-01 05:00:00+00:00,-0.00064447
2026-02-01 06:00:00+00:00,-0.00041838
2026-02-01 07:00:00+00:00,-0.00049053
2026-02-01 08:00:00+00:00,-0.00047994
2026-02-01 09:00:00+00:00,-0.00050974
2026-02-01 10:00:00+00:00,-0.00053693
2026-02-01 11:00:00+00:00,-0.00042772
2026-02-01 12:00:00+00:00,-0.0005556
2026-02-01 13:00:00+00:00,-0.00042736
2026-02-01 14:00:00+00:00,-0.0005556
2026-02-01 15:00:00+00:00,-0.00040824
2026-02-01 16:00:00+00:00,-0.00040954
2026-02-01 17:00:00+00:00,-0.00037943
2026-02-01 18:00:00+00:00,-0.00047203
2026-02-01 19:00:00+00:00,-0.00052939
2026-02-01 20:00:00+00:00,-0.00044076
2026-02-01 21:00:00+00:00,-0.00058913
2026-02-01 22:00:00+00:00,-0.00060535
2026-02-01 23:00:00+00:00,-0.000528
2026-02-02 00:00:00+00:00,-0.00045515
2026-02-02 01:00:00+00:00,-0.00023382
2026-02-02 02:00:00+00:00,-0.0006165
2026-02-02 03:00:00+00:00,-0.00036173
2026-02-02 04:00:00+00:00,-0.00039965
2026-02-02 05:00:00+00:00,-0.00064971
2026-02-02 06:00:00+00:00,-0.00053358
2026-02-02 07:00:00+00:00,-0.00045676
2026-02-02 08:00:00+00:00,-0.00050666
2026-02-02 09:00:00+00:00,-0.00069578
2026-02-02 10:00:00+00:00,-0.00059422
2026-02-02 11:00:00+00:00,-0.00050672
2026-02-02 12:00:00+00:00,-0.00043317
2026-02-02 13:00:00+00:00,-0.00043924
2026-02-02 14:00:00+00:00,-0.00042675
2026-02-02 15:00:00+00:00,-0.00087529
2026-02-02 16:00:00+00:00,-0.00065036
2026-02-02 17:00:00+00:00,-0.00052356
2026-02-02 18:00:00+00:00,-0.00043293
2026-02-02 19:00:00+00:00,-0.00049463
2026-02-02 20:00:00+00:00,-0.00064349
2026-02-02 21:00:00+00:00,-0.0005197
2026-02-02 22:00:00+00:00,-0.00041706
2026-02-02 23:00:00+00:00,-0.00058658
2026-02-03 00:00:00+00:00,-0.00029658
2026-02-03 01:00:00+00:00,-0.00049681
2026-02-03 02:00:00+00:00,-0.00039054
2026-02-03 03:00:00+00:00,-0.00059812
2026-02-03 04:00:00+00:00,-0.00046165
2026-02-03 05:00:00+00:00,-0.00044369
2026-02-03 06:00:00+00:00,-0.00052612
2026-02-03 07:00:00+00:00,-0.00054623
2026-02-03 08:00:00+00:00,-0.00051506
2026-02-03 09:00:00+00:00,-0.00061906
2026-02-03 10:00:00+00:00,-0.00055004
2026-02-03 11:00:00+00:00,-0.00049917
2026-02-03 12:00:00+00:00,-0.00044143
2026-02-03 13:00:00+00:00,-0.00054776
2026-02-03 14:00:00+00:00,-0.00058801
2026-02-03 15:00:00+00:00,-0.00050167
2026-02-03 16:00:00+00:00,-0.00048849
2026-02-03 17:00:00+00:00,-0.00046779
2026-02-03 18:00:00+00:00,-0.00022365
2026-02-03 19:00:00+00:00,-0.00051308
2026-02-03 20:00:00+00:00,-0.00041126
2026-02-03 21:00:00+00:00,-0.00049299
2026-02-03 22:00:00+00:00,-0.00039687
2026-02-03 23:00:00+00:00,-0.00065039
2026-02-04 00:00:00+00:00,-0.00052241
2026-02-04 01:00:00+00:00,-0.00059912
2026-02-04 02:00:00+00:00,-0.0005762
2026-02-04 03:00:00+00:00,-0.00035413
2026-02-04 04:00:00+00:00,-0.00043016
2026-02-04 05:00:00+00:00,-0.0003486
2026-02-04 06:00:00+00:00,-0.00037493
2026-02-04 07:00:00+00:00,-0.00052153
2026-02-04 08:00:00+00:00,-0.00037266
2026-02-04 09:00:00+00:00,-0.00039791
2026-02-04 10:00:00+00:00,-0.00047884
2026-02-04 11:00:00+00:00,-0.00030125
2026-02-04 12:00:00+00:00,-0.00028424
2026-02-04 13:00:00+00:00,-0.00052834
2026-02-04 14:00:00+00:00,-0.0004656
2026-02-04 15:00:00+00:00,-0.00036473
2026-02-04 16:00:00+00:00,-0.0004641
2026-02-04 17:00:00+00:00,-0.00065547
2026-02-04 18:00:00+00:00,-0.00032011
2026-02-04 19:00:00+00:00,-0.00050777
2026-02-04 20:00:00+00:00,-0.00055331
2026-02-04 21:00:00+00:00,-0.00057467
2026-02-04 22:00:00+00:00,-0.00040565
2026-02-04 23:00:00+00:00,-0.00063257
2026-02-05 00:00:00+00:00,-0.00053808
2026-02-05 01:00:00+00:00,-0.0005301
2026-02-05 02:00:00+00:00,-0.00033084
2026-02-05 03:00:00+00:00,-0.00040067
2026-02-05 04:00:00+00:00,-0.00048781
2026-02-05 05:00:00+00:00,-0.00050442
2026-02-05 06:00:00+00:00,-0.00043896
2026-02-05 07:00:00+00:00,-0.00060737
2026-02-05 08:00:00+00:00,-0.00054204
2026-02-05 09:00:00+00:00,-0.00044333
2026-02-05 10:00:00+00:00,-0.00049545
2026-02-05 11:00:00+00:00,-0.00045656
2026-02-05 12:00:00+00:00,-0.00041012
2026-02-05 13:00:00+00:00,-0.00062817
2026-02-05 14:00:00+00:00,-0.00026558
2026-02-05 15:00:00+00:00,-0.00063829
2026-02-05 16:00:00+00:00,-0.00050095
2026-02-05 17:00:00+00:00,-0.00046409
2026-02-05 18:00:00+00:00,-0.00080246
2026-02-05 19:00:00+00:00,-0.00037293
2026-02-05 20:00:00+00:00,-0.00064033
2026-02-05 21:00:00+00:00,-0.00032443
2026-02-05 22:00:00+00:00,-0.00054263
2026-02-05 23:00:00+00:00,-0.00055864
2026-02-06 00:00:00+00:00,-0.00054302
2026-02-06 01:00:00+00:00,-0.00073346
2026-02-06 02:00:00+00:00,-0.00039629
2026-02-06 03:00:00+00:00,-0.00013325
2026-02-06 04:00:00+00:00,-0.00047428
2026-02-06 05:00:00+00:00,-0.00056029
2026-02-06 06:00:00+00:00,-0.00059849
2026-02-06 07:00:00+00:00,-0.00055529
2026-02-06 08:00:00+00:00,-0.00060989
2026-02-06 09:00:00+00:00,-0.00053743
2026-02-06 10:00:00+00:00,-0.00040834
2026-02-06 11:00:00+00:00,-0.000604
2026-02-06 12:00:00+00:00,-0.00057575
2026-02-06 13:00:00+00:00,-0.00063716
2026-02-06 14:00:00+00:00,-0.000767
2026-02-06 15:00:00+00:00,-0.00061419
2026-02-06 16:00:00+00:00,-0.00058882
2026-02-06 17:00:00+00:00,-0.00048915
2026-02-06 18:00:00+00:00,-0.00049113
2026-02-06 19:00:00+00:00,-0.0003971
2026-02-06 20:00:00+00:00,-0.00050647
2026-02-06 21:00:00+00:00,-0.00054639
2026-02-06 22:00:00+00:00,-0.00050366
2026-02-06 23:00:00+00:00,-0.00050695
2026-02-07 00:00:00+00:00,-0.00052135
2026-02-07 01:00:00+00:00,-0.00063647
2026-02-07 02:00:00+00:00,-0.0005413
2026-02-07 03:00:00+00:00,-0.00061212
2026-02-07 04:00:00+00:00,-0.00054917
2026-02-07 05:00:00+00:00,-0.00053012
2026-02-07 06:00:00+00:00,-0.00027266
2026-02-07 07:00:00+00:00,-0.00031286
2026-02-07 08:00:00+00:00,-0.00032637
2026-02-07 09:00:00+00:00,-0.00038465
2026-02-07 10:00:00+00:00,-0.00034154
2026-02-07 11:00:00+00:00,-0.00034016
2026-02-07 12:00:00+00:00,-0.00063385
2026-02-07 13:00:00+00:00,-0.00053248
2026-02-07 14:00:00+00:00,-0.00050041
2026-02-07 15:00:00+00:00,-0.00061264
2026-02-07 16:00:00+00:00,-0.00033015
2026-02-07 17:00:00+00:00,-0.00041977
2026-02-07 18:00:00+00:00,-0.00035386
2026-02-07 19:00:00+00:00,-0.00043324
2026-02-07 20:00:00+00:00,-0.00050684
2026-02-07 21:00:00+00:00,-0.00050723
2026-02-07 22:00:00+00:00,-0.000475
2026-02-07 23:00:00+00:00,-0.00048951
2026-02-08 00:00:00+00:00,-0.00047305
2026-02-08 01:00:00+00:00,-0.00054425
2026-02-08 02:00:00+00:00,-0.00048447
2026-02-08 03:00:00+00:00,-0.00037601
2026-02-08 04:00:00+00:00,-0.00060096
2026-02-08 05:00:00+00:00,-0.00057385
2026-02-08 06:00:00+00:00,-0.00061965
2026-02-08 07:00:00+00:00,-0.00058939
2026-02-08 08:00:00+00:00,-0.00053828
2026-02-08 09:00:00+00:00,-0.00038554
2026-02-08 10:00:00+00:00,-0.0004305
2026-02-08 11:00:00+00:00,-0.00048671
2026-02-08 12:00:00+00:00,-0.00026411
2026-02-08 13:00:00+00:00,-0.00045664
2026-02-08 14:00:00+00:00,-0.00061742
2026-02-08 15:00:00+00:00,-0.00029931
2026-02-08 16:00:00+00:00,-0.00039066
2026-02-08 17:00:00+00:00,-0.00054304
2026-02-08 18:00:00+00:00,-0.00050988
2026-02-08 19:00:00+00:00,-0.00054681
2026-02-08 20:00:00+00:00,-0.00029705
2026-02-08 21:00:00+00:00,-0.00041296
2026-02-08 22:00:00+00:00,-0.00049574
2026-02-08 23:00:00+00:00,-0.0005966
2026-02-09 00:00:00+00:00,-0.00038708
2026-02-09 01:00:00+00:00,-0.00056602
2026-02-09 02:00:00+00:00,-0.00049691
2026-02-09 03:00:00+00:00,-0.00061752
2026-02-09 04:00:00+00:00,-0.00065678
2026-02-09 05:00:00+00:00,-0.00041387
2026-02-09 06:00:00+00:00,-0.00063193
2026-02-09 07:00:00+00:00,-0.00042039
2026-02-09 08:00:00+00:00,-0.00053113
2026-02-09 09:00:00+00:00,-0.00044186
2026-02-09 10:00:00+00:00,-0.00065532
2026-02-09 11:00:00+00:00,-0.00057848
2026-02-09 12:00:00+00:00,-0.00044476
2026-02-09 13:00:00+00:00,-0.0005482
2026-02-09 14:00:00+00:00,-0.00054693
2026-02-09 15:00:00+00:00,-0.00060863
2026-02-09 16:00:00+00:00,-0.00055535
2026-02-09 17:00:00+00:00,-0.00052352
2026-02-09 18:00:00+00:00,-0.00058767
2026-02-09 19:00:00+00:00,-0.0002673
2026-02-09 20:00:00+00:00,-0.00050122
2026-02-09 21:00:00+00:00,-0.00053224
2026-02-09 22:00:00+00:00,-0.00044332
2026-02-09 23:00:00+00:00,-0.00044879
2026-02-10 00:00:00+00:00,-0.00051395
2026-02-10 01:00:00+00:00,-0.00057256
2026-02-10 02:00:00+00:00,-0.00056321
2026-02-10 03:00:00+00:00,-0.00052948
2026-02-10 04:00:00+00:00,-0.00060249
2026-02-10 05:00:00+00:00,-0.00058887
2026-02-10 06:00:00+00:00,-0.00064793
2026-02-10 07:00:00+00:00,-0.00053983
2026-02-10 08:00:00+00:00,-0.00069608
2026-02-10 09:00:00+00:00,-0.00060761
2026-02-10 10:00:00+00:00,-0.00056325
2026-02-10 11:00:00+00:00,-0.00058952
2026-02-10 12:00:00+00:00,-0.0006666
2026-02-10 13:00:00+00:00,-0.00058252
2026-02-10 14:00:00+00:00,-0.00058463
2026-02-10 15:00:00+00:00,-0.00051902
2026-02-10 16:00:00+00:00,-0.00056054
2026-02-10 17:00:00+00:00,-0.00038583
2026-02-10 18:00:00+00:00,-0.00050909
2026-02-10 19:00:00+00:00,-0.00051558
2026-02-10 20:00:00+00:00,-0.00057815
2026-02-10 21:00:00+00:00,-0.0005595
2026-02-10 22:00:00+00:00,-0.00056652
2026-02-10 23:00:00+00:00,-0.00042785
2026-02-11 00:00:00+00:00,-0.00063679
2026-02-11 01:00:00+00:00,-0.00045612
2026-02-11 02:00:00+00:00,-0.00048025
2026-02-11 03:00:00+00:00,-0.0004542
2026-02-11 04:00:00+00:00,-0.00068824
2026-02-11 05:00:00+00:00,-0.00059701
2026-02-11 06:00:00+00:00,-0.00064729
2026-02-11 07:00:00+00:00,-0.00057712
2026-02-11 08:00:00+00:00,-0.00033926
2026-02-11 09:00:00+00:00,-0.00045909
2026-02-11 10:00:00+00:00,-0.00060994
2026-02-11 11:00:00+00:00,-0.00050241
2026-02-11 12:00:00+00:00,-0.0004452
2026-02-11 13:00:00+00:00,0.00000888
2026-02-11 14:00:00+00:00,-0.0003034
2026-02-11 15:00:00+00:00,-0.00029029
2026-02-11 16:00:00+00:00,-0.00055782
2026-02-11 17:00:00+00:00,-0.00062074
2026-02-11 18:00:00+00:00,-0.00047051
2026-02-11 19:00:00+00:00,-0.00050964
2026-02-11 20:00:00+00:00,-0.00047922
2026-02-11 21:00:00+00:00,-0.00049448
2026-02-11 22:00:00+00:00,-0.00048945
2026-02-11 23:00:00+00:00,-0.00051373
2026-02-12 00:00:00+00:00,-0.00071867
2026-02-12 01:00:00+00:00,-0.00040361
2026-02-12 02:00:00+00:00,-0.00048797
2026-02-12 03:00:00+00:00,-0.00030086
2026-02-12 04:00:00+00:00,-0.00056103
2026-02-12 05:00:00+00:00,-0.00025999
2026-02-12 06:00:00+00:00,-0.00059097
2026-02-12 07:00:00+00:00,-0.00047855
2026-02-12 08:00:00+00:00,-0.00047383
2026-02-12 09:00:00+00:00,-0.00012571
2026-02-12 10:00:00+00:00,-0.00027999
2026-02-12 11:00:00+00:00,-0.00031195
2026-02-12 12:00:00+00:00,-0.00039395
2026-02-12 13:00:00+00:00,-0.00032317
2026-02-12 14:00:00+00:00,-0.00021658
2026-02-12 15:00:00+00:00,-0.00049941
2026-02-12 16:00:00+00:00,-0.0005981
2026-02-12 17:00:00+00:00,-0.00054619
2026-02-12 18:00:00+00:00,-0.00064584
2026-02-12 19:00:00+00:00,-0.00044124
2026-02-12 20:00:00+00:00,-0.00041711
2026-02-12 21:00:00+00:00,-0.00043082
2026-02-12 22:00:00+00:00,-0.00055177
2026-02-12 23:00:00+00:00,-0.0004088
2026-02-13 00:00:00+00:00,-0.00052287
2026-02-13 01:00:00+00:00,-0.00051047
2026-02-13 02:00:00+00:00,-0.00046053
2026-02-13 03:00:00+00:00,-0.00041702
2026-02-13 04:00:00+00:00,-0.00043556
2026-02-13 05:00:00+00:00,-0.00049001
2026-02-13 06:00:00+00:00,-0.00036929
2026-02-13 07:00:00+00:00,-0.00043177
2026-02-13 08:00:00+00:00,-0.00044546
2026-02-13 09:00:00+00:00,-0.00052887
2026-02-13 10:00:00+00:00,-0.00056853
2026-02-13 11:00:00+00:00,-0.00049167
2026-02-13 12:00:00+00:00,-0.00065102
2026-02-13 13:00:00+00:00,-0.00025336
2026-02-13 14:00:00+00:00,-0.00032621
2026-02-13 15:00:00+00:00,-0.00055293
2026-02-13 16:00:00+00:00,-0.00057883
2026-02-13 17:00:00+00:00,-0.00048338
2026-02-13 18:00:00+00:00,-0.00059971
2026-02-13 19:00:00+00:00,-0.00055363
2026-02-13 20:00:00+00:00,-0.00058258
2026-02-13 21:00:00+00:00,-0.00051981
2026-02-13 22:00:00+00:00,-0.00040796
2026-02-13 23:00:00+00:00,-0.00054277
2026-02-14 00:00:00+00:00,-0.00061586
2026-02-14 01:00:00+00:00,-0.00042974
2026-02-14 02:00:00+00:00,-0.00040487
2026-02-14 03:00:00+00:00,-0.00062601
2026-02-14 04:00:00+00:00,-0.00060579
2026-02-14 05:00:00+00:00,-0.00060024
2026-02-14 06:00:00+00:00,-0.00047856
2026-02-14 07:00:00+00:00,-0.0004338
2026-02-14 08:00:00+00:00,-0.00047443
2026-02-14 09:00:00+00:00,-0.00048215
2026-02-14 10:00:00+00:00,-0.00040054
2026-02-14 11:00:00+00:00,-0.00038251
2026-02-14 12:00:00+00:00,-0.00079584
2026-02-14 13:00:00+00:00,-0.00037864
2026-02-14 14:00:00+00:00,-0.00043919
2026-02-14 15:00:00+00:00,-0.0004953
2026-02-14 16:00:00+00:00,-0.00042979
2026-02-14 17:00:00+00:00,-0.0003821
2026-02-14 18:00:00+00:00,-0.00042833
2026-02-14 19:00:00+00:00,-0.00045389
2026-02-14 20:00:00+00:00,-0.00032803
2026-02-14 21:00:00+00:00,-0.00027592
2026-02-14 22:00:00+00:00,-0.0004646
2026-02-14 23:00:00+00:00,-0.00048135
2026-02-15 00:00:00+00:00,-0.00047856
2026-02-15 01:00:00+00:00,-0.0004438
2026-02-15 02:00:00+00:00,-0.00034552
2026-02-15 03:00:00+00:00,-0.00036151
2026-02-15 04:00:00+00:00,-0.0004075
2026-02-15 05:00:00+00:00,-0.00059623
2026-02-15 06:00:00+00:00,-0.00042767
2026-02-15 07:00:00+00:00,-0.00052193
2026-02-15 08:00:00+00:00,-0.00047031
2026-02-15 09:00:00+00:00,-0.00046659
2026-02-15 10:00:00+00:00,-0.00056525
2026-02-15 11:00:00+00:00,-0.00044258
2026-02-15 12:00:00+00:00,-0.00046903
2026-02-15 13:00:00+00:00,-0.00046279
2026-02-15 14:00:00+00:00,-0.00058851
2026-02-15 15:00:00+00:00,-0.00055949
2026-02-15 16:00:00+00:00,-0.00048397
2026-02-15 17:00:00+00:00,-0.00040673
2026-02-15 18:00:00+00:00,-0.00045363
2026-02-15 19:00:00+00:00,-0.00045518
2026-02-15 20:00:00+00:00,-0.0004061
2026-02-15 21:00:00+00:00,-0.00039203
2026-02-15 22:00:00+00:00,-0.00049229
2026-02-15 23:00:00+00:00,-0.00045171
2026-02-16 00:00:00+00:00,-0.00063375
2026-02-16 01:00:00+00:00,-0.00056108
2026-02-16 02:00:00+00:00,-0.00053555
2026-02-16 03:00:00+00:00,-0.00041582
2026-02-16 04:00:00+00:00,-0.00046885
2026-02-16 05:00:00+00:00,-0.0004599
2026-02-16 06:00:00+00:00,-0.00043413
2026-02-16 07:00:00+00:00,-0.0004867
2026-02-16 08:00:00+00:00,-0.00055064
2026-02-16 09:00:00+00:00,-0.00042916
2026-02-16 10:00:00+00:00,-0.00054191
2026-02-16 11:00:00+00:00,-0.00052362
2026-02-16 12:00:00+00:00,-0.00063089
2026-02-16 13:00:00+00:00,-0.00052557
2026-02-16 14:00:00+00:00,-0.00061296
2026-02-16 15:00:00+00:00,-0.00065625
2026-02-16 16:00:00+00:00,-0.00063348
2026-02-16 17:00:00+00:00,-0.00050619
2026-02-16 18:00:00+00:00,-0.00039325
2026-02-16 19:00:00+00:00,-0.00051107
2026-02-16 20:00:00+00:00,-0.00034405
2026-02-16 21:00:00+00:00,-0.00050683
2026-02-16 22:00:00+00:00,-0.00040832
2026-02-16 23:00:00+00:00,-0.0004421
2026-02-17 00:00:00+00:00,-0.00042044
2026-02-17 01:00:00+00:00,-0.00035046
2026-02-17 02:00:00+00:00,-0.00035776
2026-02-17 03:00:00+00:00,-0.0003543
2026-02-17 04:00:00+00:00,-0.00042435
2026-02-17 05:00:00+00:00,-0.00054466
2026-02-17 06:00:00+00:00,-0.00052514
2026-02-17 07:00:00+00:00,-0.00051149
2026-02-17 08:00:00+00:00,-0.00049116
2026-02-17 09:00:00+00:00,-0.00047523
2026-02-17 10:00:00+00:00,-0.00049497
2026-02-17 11:00:00+00:00,-0.00048283
2026-02-17 12:00:00+00:00,-0.00051926
2026-02-17 13:00:00+00:00,-0.00048175
2026-02-17 14:00:00+00:00,-0.00058412
2026-02-17 15:00:00+00:00,-0.00061371
2026-02-17 16:00:00+00:00,-0.00035276
2026-02-17 17:00:00+00:00,-0.00063924
2026-02-17 18:00:00+00:00,-0.00061802
2026-02-17 19:00:00+00:00,-0.00057105
2026-02-17 20:00:00+00:00,-0.00047084
2026-02-17 21:00:00+00:00,-0.00048509
2026-02-17 22:00:00+00:00,-0.00053816
2026-02-17 23:00:00+00:00,-0.00050532
2026-02-18 00:00:00+00:00,-0.00041885
2026-02-18 01:00:00+00:00,-0.00055333
2026-02-18 02:00:00+00:00,-0.00047177
2026-02-18 03:00:00+00:00,-0.00055278
2026-02-18 04:00:00+00:00,-0.00042903
2026-02-18 05:00:00+00:00,-0.0005175
2026-02-18 06:00:00+00:00,-0.00043389
2026-02-18 07:00:00+00:00,-0.0003903
2026-02-18 08:00:00+00:00,-0.00041826
2026-02-18 09:00:00+00:00,-0.00044743
2026-02-18 10:00:00+00:00,-0.00038843
2026-02-18 11:00:00+00:00,-0.00051194
2026-02-18 12:00:00+00:00,-0.00061908
2026-02-18 13:00:00+00:00,-0.00054367
2026-02-18 14:00:00+00:00,-0.00040155
2026-02-18 15:00:00+00:00,-0.00033594
2026-02-18 16:00:00+00:00,-0.00028226
2026-02-18 17:00:00+00:00,-0.00048536
2026-02-18 18:00:00+00:00,-0.00058089
2026-02-18 19:00:00+00:00,-0.00061677
2026-02-18 20:00:00+00:00,-0.00060261
2026-02-18 21:00:00+00:00,-0.00061113
2026-02-18 22:00:00+00:00,-0.00046309
2026-02-18 23:00:00+00:00,-0.00046462
2026-02-19 00:00:00+00:00,-0.00055181
2026-02-19 01:00:00+00:00,-0.0003947
2026-02-19 02:00:00+00:00,-0.00053279
2026-02-19 03:00:00+00:00,-0.00035999
2026-02-19 04:00:00+00:00,-0.00055193
2026-02-19 05:00:00+00:00,-0.00031607
2026-02-19 06:00:00+00:00,-0.00048802
2026-02-19 07:00:00+00:00,-0.00052626
2026-02-19 08:00:00+00:00,-0.00034041
2026-02-19 09:00:00+00:00,-0.00041485
2026-02-19 10:00:00+00:00,-0.00048015
2026-02-19 11:00:00+00:00,-0.00037332
2026-02-19 12:00:00+00:00,-0.0005532
2026-02-19 13:00:00+00:00,-0.00059271
2026-02-19 14:00:00+00:00,-0.00042147
2026-02-19 15:00:00+00:00,-0.00027911
2026-02-19 16:00:00+00:00,-0.00036006
2026-02-19 17:00:00+00:00,-0.00038616
2026-02-19 18:00:00+00:00,-0.00017184
2026-02-19 19:00:00+00:00,-0.00031327
2026-02-19 20:00:00+00:00,-0.00037521
2026-02-19 21:00:00+00:00,-0.0004358
2026-02-19 22:00:00+00:00,-0.00050897
2026-02-19 23:00:00+00:00,-0.00027002
2026-02-20 00:00:00+00:00,-0.00025663
2026-02-20 01:00:00+00:00,-0.00044398
2026-02-20 02:00:00+00:00,-0.00043351
2026-02-20 03:00:00+00:00,-0.00029693
2026-02-20 04:00:00+00:00,-0.00034489
2026-02-20 05:00:00+00:00,-0.00031602
2026-02-20 06:00:00+00:00,-0.00035505
2026-02-20 07:00:00+00:00,-0.00036018
2026-02-20 08:00:00+00:00,-0.00043756
2026-02-20 09:00:00+00:00,-0.00047706
2026-02-20 10:00:00+00:00,-0.00046351
2026-02-20 11:00:00+00:00,-0.00051191
2026-02-20 12:00:00+00:00,-0.00036625
2026-02-20 13:00:00+00:00,-0.0002621
2026-02-20 14:00:00+00:00,-0.00042802
2026-02-20 15:00:00+00:00,-0.00024148
2026-02-20 16:00:00+00:00,-0.00062461
2026-02-20 17:00:00+00:00,-0.00027945
2026-02-20 18:00:00+00:00,-0.00031184
2026-02-20 19:00:00+00:00,-0.00037722
2026-02-20 20:00:00+00:00,-0.00051816
2026-02-20 21:00:00+00:00,-0.00043508
2026-02-20 22:00:00+00:00,-0.00047267
2026-02-20 23:00:00+00:00,-0.00033617
2026-02-21 00:00:00+00:00,-0.00037379
2026-02-21 01:00:00+00:00,-0.000237
2026-02-21 02:00:00+00:00,-0.00031043
2026-02-21 03:00:00+00:00,-0.00031404
2026-02-21 04:00:00+00:00,-0.00041924
2026-02-21 05:00:00+00:00,-0.00032439
2026-02-21 06:00:00+00:00,-0.00038071
2026-02-21 07:00:00+00:00,-0.00039525
2026-02-21 08:00:00+00:00,-0.00039853
2026-02-21 09:00:00+00:00,-0.00037126
2026-02-21 10:00:00+00:00,-0.00030253
2026-02-21 11:00:00+00:00,-0.0003178
2026-02-21 12:00:00+00:00,-0.00032538
2026-02-21 13:00:00+00:00,-0.00034186
2026-02-21 14:00:00+00:00,-0.00040232
2026-02-21 15:00:00+00:00,-0.00053932
2026-02-21 16:00:00+00:00,-0.00045709
2026-02-21 17:00:00+00:00,-0.00039093
2026-02-21 18:00:00+00:00,-0.00042114
2026-02-21 19:00:00+00:00,-0.00038193
2026-02-21 20:00:00+00:00,-0.00051796
2026-02-21 21:00:00+00:00,-0.00046209
2026-02-21 22:00:00+00:00,-0.00035649
2026-02-21 23:00:00+00:00,-0.00050853
2026-02-22 00:00:00+00:00,-0.00069299
2026-02-22 01:00:00+00:00,-0.00057326
2026-02-22 02:00:00+00:00,-0.00056784
2026-02-22 03:00:00+00:00,-0.00052244
2026-02-22 04:00:00+00:00,-0.00054614
2026-02-22 05:00:00+00:00,-0.0004412
2026-02-22 06:00:00+00:00,-0.00058063
2026-02-22 07:00:00+00:00,-0.00044494
2026-02-22 08:00:00+00:00,-0.00050888
2026-02-22 09:00:00+00:00,-0.00050388
2026-02-22 10:00:00+00:00,-0.00048324
2026-02-22 11:00:00+00:00,-0.00040668
2026-02-22 12:00:00+00:00,-0.00049388
2026-02-22 13:00:00+00:00,-0.00050574
2026-02-22 14:00:00+00:00,-0.0008644
2026-02-22 15:00:00+00:00,-0.00051942
2026-02-22 16:00:00+00:00,-0.00053792
2026-02-22 17:00:00+00:00,-0.00045106
2026-02-22 18:00:00+00:00,-0.00050548
2026-02-22 19:00:00+00:00,-0.00055715
2026-02-22 20:00:00+00:00,-0.00054058
2026-02-22 21:00:00+00:00,-0.00054918
2026-02-22 22:00:00+00:00,-0.00055502
2026-02-22 23:00:00+00:00,-0.0005458
2026-02-23 00:00:00+00:00,-0.00057952
2026-02-23 01:00:00+00:00,-0.00064824
2026-02-23 02:00:00+00:00,-0.00061846
2026-02-23 03:00:00+00:00,-0.00065495
2026-02-23 04:00:00+00:00,-0.00048976
2026-02-23 05:00:00+00:00,-0.00048144
2026-02-23 06:00:00+00:00,-0.00052029
2026-02-23 07:00:00+00:00,-0.00047343
2026-02-23 08:00:00+00:00,-0.00044842
2026-02-23 09:00:00+00:00,-0.00050946
2026-02-23 10:00:00+00:00,-0.00043658
2026-02-23 11:00:00+00:00,-0.00048889
2026-02-23 12:00:00+00:00,-0.00054522
2026-02-23 13:00:00+00:00,-0.00049215
2026-02-23 14:00:00+00:00,-0.00046532
2026-02-23 15:00:00+00:00,-0.00052063
2026-02-23 16:00:00+00:00,-0.0004189
2026-02-23 17:00:00+00:00,-0.00062958
2026-02-23 18:00:00+00:00,-0.00062841
2026-02-23 19:00:00+00:00,-0.00062291
2026-02-23 20:00:00+00:00,-0.0004145
2026-02-23 21:00:00+00:00,-0.00039031
2026-02-23 22:00:00+00:00,-0.00055122
2026-02-23 23:00:00+00:00,-0.00060359
2026-02-24 00:00:00+00:00,-0.00060087
2026-02-24 01:00:00+00:00,-0.00054562
2026-02-24 02:00:00+00:00,-0.00053446
2026-02-24 03:00:00+00:00,-0.00067941
2026-02-24 04:00:00+00:00,-0.00057714
2026-02-24 05:00:00+00:00,-0.00067802
2026-02-24 06:00:00+00:00,-0.00051771
2026-02-24 07:00:00+00:00,-0.00069507
2026-02-24 08:00:00+00:00,-0.00063724
2026-02-24 09:00:00+00:00,-0.00045924
2026-02-24 10:00:00+00:00,-0.00050606
2026-02-24 11:00:00+00:00,-0.00051188
2026-02-24 12:00:00+00:00,-0.000573
2026-02-24 13:00:00+00:00,-0.00052506
2026-02-24 14:00:00+00:00,-0.00048309
2026-02-24 15:00:00+00:00,-0.00046845
2026-02-24 16:00:00+00:00,-0.00034333
2026-02-24 17:00:00+00:00,-0.00051932
2026-02-24 18:00:00+00:00,-0.00052412
2026-02-24 19:00:00+00:00,-0.00055317
2026-02-24 20:00:00+00:00,-0.0004495
2026-02-24 21:00:00+00:00,-0.0005529
2026-02-24 22:00:00+00:00,-0.00036729
2026-02-24 23:00:00+00:00,-0.00041385
2026-02-25 00:00:00+00:00,-0.00051563
2026-02-25 01:00:00+00:00,-0.00053114
2026-02-25 02:00:00+00:00,-0.00041499
2026-02-25 03:00:00+00:00,-0.00047314
2026-02-25 04:00:00+00:00,-0.00026704
2026-02-25 05:00:00+00:00,-0.00037333
2026-02-25 06:00:00+00:00,-0.00039403
2026-02-25 07:00:00+00:00,-0.00026377
2026-02-25 08:00:00+00:00,-0.00045798
2026-02-25 09:00:00+00:00,-0.00038782
2026-02-25 10:00:00+00:00,-0.00048101
2026-02-25 11:00:00+00:00,-0.00031244
2026-02-25 12:00:00+00:00,-0.0002991
2026-02-25 13:00:00+00:00,-0.0005422
2026-02-25 14:00:00+00:00,-0.00045171
2026-02-25 15:00:00+00:00,-0.0004956
2026-02-25 16:00:00+00:00,-0.00048094
2026-02-25 17:00:00+00:00,-0.00054203
2026-02-25 18:00:00+00:00,-0.00035066
2026-02-25 19:00:00+00:00,-0.00035536
2026-02-25 20:00:00+00:00,-0.0009064
2026-02-25 21:00:00+00:00,-0.00055279
2026-02-25 22:00:00+00:00,-0.00033885
2026-02-25 23:00:00+00:00,-0.00041716
2026-02-26 00:00:00+00:00,-0.00023931
2026-02-26 01:00:00+00:00,-0.0004817
2026-02-26 02:00:00+00:00,-0.00040537
2026-02-26 03:00:00+00:00,-0.00033387
2026-02-26 04:00:00+00:00,-0.00032306
2026-02-26 05:00:00+00:00,-0.00051019
2026-02-26 06:00:00+00:00,-0.00042386
2026-02-26 07:00:00+00:00,-0.00038134
2026-02-26 08:00:00+00:00,-0.000415
2026-02-26 09:00:00+00:00,-0.00048189
2026-02-26 10:00:00+00:00,-0.00043484
2026-02-26 11:00:00+00:00,-0.00047919
2026-02-26 12:00:00+00:00,-0.00050863
2026-02-26 13:00:00+00:00,-0.00035699
2026-02-26 14:00:00+00:00,-0.00035335
2026-02-26 15:00:00+00:00,-0.00024014
2026-02-26 16:00:00+00:00,-0.0005822
2026-02-26 17:00:00+00:00,-0.00047215
2026-02-26 18:00:00+00:00,-0.00054264
2026-02-26 19:00:00+00:00,-0.00050048
2026-02-26 20:00:00+00:00,-0.00034781
2026-02-26 21:00:00+00:00,-0.00034753
2026-02-26 22:00:00+00:00,-0.00041304
2026-02-26 23:00:00+00:00,-0.00046075
2026-02-27 00:00:00+00:00,-0.0004054
2026-02-27 01:00:00+00:00,-0.00052508
2026-02-27 02:00:00+00:00,-0.00052878
2026-02-27 03:00:00+00:00,-0.00046206
2026-02-27 04:00:00+00:00,-0.00064349
2026-02-27 05:00:00+00:00,-0.00037435
2026-02-27 06:00:00+00:00,-0.00049099
2026-02-27 07:00:00+00:00,-0.00054822
2026-02-27 08:00:00+00:00,-0.00043046
2026-02-27 09:00:00+00:00,-0.00041784
2026-02-27 10:00:00+00:00,-0.00060555
2026-02-27 11:00:00+00:00,-0.00051447
2026-02-27 12:00:00+00:00,-0.00049772
2026-02-27 13:00:00+00:00,-0.0005204
2026-02-27 14:00:00+00:00,-0.0005915
2026-02-27 15:00:00+00:00,-0.00052597
2026-02-27 16:00:00+00:00,-0.00046159
2026-02-27 17:00:00+00:00,-0.00034854
2026-02-27 18:00:00+00:00,-0.00042022
2026-02-27 19:00:00+00:00,-0.00048601
2026-02-27 20:00:00+00:00,-0.00042477
2026-02-27 21:00:00+00:00,-0.00057001
2026-02-27 22:00:00+00:00,-0.00039017
2026-02-27 23:00:00+00:00,-0.00065052
2026-02-28 00:00:00+00:00,-0.00057354
2026-02-28 01:00:00+00:00,-0.00050004
2026-02-28 02:00:00+00:00,-0.00039713
2026-02-28 03:00:00+00:00,-0.00044753
2026-02-28 04:00:00+00:00,-0.00057667
2026-02-28 05:00:00+00:00,-0.00049092
2026-02-28 06:00:00+00:00,-0.00015909
2026-02-28 07:00:00+00:00,-0.00073492
2026-02-28 08:00:00+00:00,-0.00051198
2026-02-28 09:00:00+00:00,-0.00053211
2026-02-28 10:00:00+00:00,-0.0005536
2026-02-28 11:00:00+00:00,-0.00054033
2026-02-28 12:00:00+00:00,-0.00044084
2026-02-28 13:00:00+00:00,-0.00042915
2026-02-28 14:00:00+00:00,-0.00057564
2026-02-28 15:00:00+00:00,-0.00043869
2026-02-28 16:00:00+00:00,-0.00068564
2026-02-28 17:00:00+00:00,-0.00043301
2026-02-28 18:00:00+00:00,-0.0005932
2026-02-28 19:00:00+00:00,-0.00048759
2026-02-28 20:00:00+00:00,-0.00041729
2026-02-28 21:00:00+00:00,-0.00047038
2026-02-28 22:00:00+00:00,-0.00043049
2026-02-28 23:00:00+00:00,-0.00048303
2026-03-01 00:00:00+00:00,-0.00043851
2026-03-01 01:00:00+00:00,-0.00040727
2026-03-01 02:00:00+00:00,-0.00040639
2026-03-01 03:00:00+00:00,-0.00043912
2026-03-01 04:00:00+00:00,-0.0004801
2026-03-01 05:00:00+00:00,-0.00042233
2026-03-01 06:00:00+00:00,-0.00039816
2026-03-01 07:00:00+00:00,-0.0003269
2026-03-01 08:00:00+00:00,-0.0003051
2026-03-01 09:00:00+00:00,-0.00044433
2026-03-01 10:00:00+00:00,-0.0004463
2026-03-01 11:00:00+00:00,-0.00043545
2026-03-01 12:00:00+00:00,-0.00035726
2026-03-01 13:00:00+00:00,-0.00056561
2026-03-01 14:00:00+00:00,-0.0003008
2026-03-01 15:00:00+00:00,-0.00057522
2026-03-01 16:00:00+00:00,-0.00038787
2026-03-01 17:00:00+00:00,-0.00041591
2026-03-01 18:00:00+00:00,-0.00045093
2026-03-01 19:00:00+00:00,-0.00033901
2026-03-01 20:00:00+00:00,-0.00044693
2026-03-01 21:00:00+00:00,-0.00058507
2026-03-01 22:00:00+00:00,-0.00064272
2026-03-01 23:00:00+00:00,-0.00044169
2026-03-02 00:00:00+00:00,-0.00033588
2026-03-02 01:00:00+00:00,-0.00044583
2026-03-02 02:00:00+00:00,-0.00044327
2026-03-02 03:00:00+00:00,-0.0004018
2026-03-02 04:00:00+00:00,-0.00036499
2026-03-02 05:00:00+00:00,-0.00056309
2026-03-02 06:00:00+00:00,-0.00056566
2026-03-02 07:00:00+00:00,-0.00048861
2026-03-02 08:00:00+00:00,-0.00048668
2026-03-02 09:00:00+00:00,-0.00054057
2026-03-02 10:00:00+00:00,-0.00034079
2026-03-02 11:00:00+00:00,-0.00041426
2026-03-02 12:00:00+00:00,-0.00046314
2026-03-02 13:00:00+00:00,-0.00056064
2026-03-02 14:00:00+00:00,-0.00045788
2026-03-02 15:00:00+00:00,-0.00049223
2026-03-02 16:00:00+00:00,-0.0005908
2026-03-02 17:00:00+00:00,-0.00043521
2026-03-02 18:00:00+00:00,-0.00029315
2026-03-02 19:00:00+00:00,-0.00072751
2026-03-02 20:00:00+00:00,-0.00069878
2026-03-02 21:00:00+00:00,-0.00053389
2026-03-02 22:00:00+00:00,-0.00064725
2026-03-02 23:00:00+00:00,-0.00045525
2026-03-03 00:00:00+00:00,-0.00054808
2026-03-03 01:00:00+00:00,-0.00055723
2026-03-03 02:00:00+00:00,-0.00043319
2026-03-03 03:00:00+00:00,-0.00043112
2026-03-03 04:00:00+00:00,-0.00044355
2026-03-03 05:00:00+00:00,-0.00053398
2026-03-03 06:00:00+00:00,-0.00046576
2026-03-03 07:00:00+00:00,-0.00040372
2026-03-03 08:00:00+00:00,-0.00055772
2026-03-03 09:00:00+00:00,-0.00055307
2026-03-03 10:00:00+00:00,-0.00049924
2026-03-03 11:00:00+00:00,-0.00045938
2026-03-03 12:00:00+00:00,-0.00033559
2026-03-03 13:00:00+00:00,-0.00052314
2026-03-03 14:00:00+00:00,-0.00053247
2026-03-03 15:00:00+00:00,-0.00034964
2026-03-03 16:00:00+00:00,-0.00022079
2026-03-03 17:00:00+00:00,-0.00051237
2026-03-03 18:00:00+00:00,-0.00051828
2026-03-03 19:00:00+00:00,-0.0004571
2026-03-03 20:00:00+00:00,-0.00061431
2026-03-03 21:00:00+00:00,-0.00054004
2026-03-03 22:00:00+00:00,-0.00014259
2026-03-03 23:00:00+00:00,-0.00048575
2026-03-04 00:00:00+00:00,-0.00041272
2026-03-04 01:00:00+00:00,-0.00039868
2026-03-04 02:00:00+00:00,-0.00036615
2026-03-04 03:00:00+00:00,-0.00048743
2026-03-04 04:00:00+00:00,-0.0004945
2026-03-04 05:00:00+00:00,-0.00048267
2026-03-04 06:00:00+00:00,-0.00059139
2026-03-04 07:00:00+00:00,-0.00049956
2026-03-04 08:00:00+00:00,-0.00041857
2026-03-04 09:00:00+00:00,-0.0003669
2026-03-04 10:00:00+00:00,-0.00042067
2026-03-04 11:00:00+00:00,-0.00032849
2026-03-04 12:00:00+00:00,-0.00060315
2026-03-04 13:00:00+00:00,-0.00043507
2026-03-04 14:00:00+00:00,-0.00057844
2026-03-04 15:00:00+00:00,-0.00056019
2026-03-04 16:00:00+00:00,-0.00054957
2026-03-04 17:00:00+00:00,-0.00046603
2026-03-04 18:00:00+00:00,-0.00055597
2026-03-04 19:00:00+00:00,-0.00053349
2026-03-04 20:00:00+00:00,-0.00063843
2026-03-04 21:00:00+00:00,-0.00051266
2026-03-04 22:00:00+00:00,-0.00042871
2026-03-04 23:00:00+00:00,-0.00052869
2026-03-05 00:00:00+00:00,-0.00047626
2026-03-05 01:00:00+00:00,-0.00043629
2026-03-05 02:00:00+00:00,-0.00050535
2026-03-05 03:00:00+00:00,-0.00057263
2026-03-05 04:00:00+00:00,-0.00051785
2026-03-05 05:00:00+00:00,-0.00059618
2026-03-05 06:00:00+00:00,-0.00056535
2026-03-05 07:00:00+00:00,-0.00043969
2026-03-05 08:00:00+00:00,-0.00041042
2026-03-05 09:00:00+00:00,-0.00056431
2026-03-05 10:00:00+00:00,-0.00055682
2026-03-05 11:00:00+00:00,-0.00046435
2026-03-05 12:00:00+00:00,-0.00048484
2026-03-05 13:00:00+00:00,-0.00067383
2026-03-05 14:00:00+00:00,-0.00060653
2026-03-05 15:00:00+00:00,-0.00050617
2026-03-05 16:00:00+00:00,-0.00040209
2026-03-05 17:00:00+00:00,-0.00037883
2026-03-05 18:00:00+00:00,-0.00051541
2026-03-05 19:00:00+00:00,-0.00048694
2026-03-05 20:00:00+00:00,-0.00040659
2026-03-05 21:00:00+00:00,-0.00048208
2026-03-05 22:00:00+00:00,-0.00051517
2026-03-05 23:00:00+00:00,-0.00058063
2026-03-06 00:00:00+00:00,-0.00053434
2026-03-06 01:00:00+00:00,-0.0006368
2026-03-06 02:00:00+00:00,-0.00055395
2026-03-06 03:00:00+00:00,-0.00052209
2026-03-06 04:00:00+00:00,-0.00053697
2026-03-06 05:00:00+00:00,-0.0003048
2026-03-06 06:00:00+00:00,-0.00045693
2026-03-06 07:00:00+00:00,-0.00032697
2026-03-06 08:00:00+00:00,-0.00032329
2026-03-06 09:00:00+00:00,-0.00045877
2026-03-06 10:00:00+00:00,-0.00036283
2026-03-06 11:00:00+00:00,-0.00042663
2026-03-06 12:00:00+00:00,-0.00043092
2026-03-06 13:00:00+00:00,-0.00061583
2026-03-06 14:00:00+00:00,-0.00052676
2026-03-06 15:00:00+00:00,-0.00047799
2026-03-06 16:00:00+00:00,-0.00044735
2026-03-06 17:00:00+00:00,-0.0003971
2026-03-06 18:00:00+00:00,-0.00049338
2026-03-06 19:00:00+00:00,-0.00050269
2026-03-06 20:00:00+00:00,-0.00057076
2026-03-06 21:00:00+00:00,-0.00059958
2026-03-06 22:00:00+00:00,-0.00061033
2026-03-06 23:00:00+00:00,-0.00061879
2026-03-07 00:00:00+00:00,-0.00059572
2026-03-07 01:00:00+00:00,-0.00060436
2026-03-07 02:00:00+00:00,-0.00052678
2026-03-07 03:00:00+00:00,-0.00057152
2026-03-07 04:00:00+00:00,-0.00051234
2026-03-07 05:00:00+00:00,-0.00055222
2026-03-07 06:00:00+00:00,-0.00040429
2026-03-07 07:00:00+00:00,-0.00056144
2026-03-07 08:00:00+00:00,-0.00057718
2026-03-07 09:00:00+00:00,-0.00049312
2026-03-07 10:00:00+00:00,-0.00046794
2026-03-07 11:00:00+00:00,-0.00047604
2026-03-07 12:00:00+00:00,-0.00054902
2026-03-07 13:00:00+00:00,-0.00043871
2026-03-07 14:00:00+00:00,-0.00054822
2026-03-07 15:00:00+00:00,-0.00049712
2026-03-07 16:00:00+00:00,-0.00057207
2026-03-07 17:00:00+00:00,-0.00046616
2026-03-07 18:00:00+00:00,-0.00045107
2026-03-07 19:00:00+00:00,-0.00046476
2026-03-07 20:00:00+00:00,-0.00059967
2026-03-07 21:00:00+00:00,-0.00057283
2026-03-07 22:00:00+00:00,-0.00047404
2026-03-07 23:00:00+00:00,-0.00050748
2026-03-08 00:00:00+00:00,-0.00057279
2026-03-08 01:00:00+00:00,-0.00059631
2026-03-08 02:00:00+00:00,-0.00072781
2026-03-08 03:00:00+00:00,-0.0004945
2026-03-08 04:00:00+00:00,-0.00054397
2026-03-08 05:00:00+00:00,-0.00063179
2026-03-08 06:00:00+00:00,-0.00043308
2026-03-08 07:00:00+00:00,-0.00060331
2026-03-08 08:00:00+00:00,-0.00052886
2026-03-08 09:00:00+00:00,-0.00064416
2026-03-08 10:00:00+00:00,-0.00055696
2026-03-08 11:00:00+00:00,-0.00063435
2026-03-08 12:00:00+00:00,-0.00050613
2026-03-08 13:00:00+00:00,-0.00050868
2026-03-08 14:00:00+00:00,-0.00045022
2026-03-08 15:00:00+00:00,-0.00050257
2026-03-08 16:00:00+00:00,-0.00058411
2026-03-08 17:00:00+00:00,-0.00051178
2026-03-08 18:00:00+00:00,-0.00061473
2026-03-08 19:00:00+00:00,-0.00065643
2026-03-08 20:00:00+00:00,-0.00063746
2026-03-08 21:00:00+00:00,-0.0006291
2026-03-08 22:00:00+00:00,-0.00051914
2026-03-08 23:00:00+00:00,-0.00045187
2026-03-09 00:00:00+00:00,-0.00043636
2026-03-09 01:00:00+00:00,-0.00060013
2026-03-09 02:00:00+00:00,-0.00045714
2026-03-09 03:00:00+00:00,-0.00041398
2026-03-09 04:00:00+00:00,-0.00040507
2026-03-09 05:00:00+00:00,-0.00057523
2026-03-09 06:00:00+00:00,-0.00059085
2026-03-09 07:00:00+00:00,-0.0005517
2026-03-09 08:00:00+00:00,-0.00052518
2026-03-09 09:00:00+00:00,-0.00041775
2026-03-09 10:00:00+00:00,-0.00050445
2026-03-09 11:00:00+00:00,-0.00061525
2026-03-09 12:00:00+00:00,-0.00043776
2026-03-09 13:00:00+00:00,-0.00053995
2026-03-09 14:00:00+00:00,-0.00070501
2026-03-09 15:00:00+00:00,-0.00067202
2026-03-09 16:00:00+00:00,-0.00067677
2026-03-09 17:00:00+00:00,-0.00054474
2026-03-09 18:00:00+00:00,-0.0006101
2026-03-09 19:00:00+00:00,-0.00066653
2026-03-09 20:00:00+00:00,-0.00063167
2026-03-09 21:00:00+00:00,-0.00048841
2026-03-09 22:00:00+00:00,-0.00046748
2026-03-09 23:00:00+00:00,-0.00045424
2026-03-10 00:00:00+00:00,-0.00048741
2026-03-10 01:00:00+00:00,-0.00058617
2026-03-10 02:00:00+00:00,-0.00036608
2026-03-10 03:00:00+00:00,-0.00049224
2026-03-10 04:00:00+00:00,-0.000511
2026-03-10 05:00:00+00:00,-0.00047716
2026-03-10 06:00:00+00:00,-0.00040112
2026-03-10 07:00:00+00:00,-0.00049695
2026-03-10 08:00:00+00:00,-0.00041559
2026-03-10 09:00:00+00:00,-0.00038259
2026-03-10 10:00:00+00:00,-0.00050025
2026-03-10 11:00:00+00:00,-0.00049679
2026-03-10 12:00:00+00:00,-0.00046887
2026-03-10 13:00:00+00:00,-0.0004992
2026-03-10 14:00:00+00:00,-0.00038828
2026-03-10 15:00:00+00:00,-0.00039495
2026-03-10 16:00:00+00:00,-0.00045543
2026-03-10 17:00:00+00:00,-0.00058094
2026-03-10 18:00:00+00:00,-0.00048997
2026-03-10 19:00:00+00:00,-0.00056062
2026-03-10 20:00:00+00:00,-0.00063815
2026-03-10 21:00:00+00:00,-0.00066658
2026-03-10 22:00:00+00:00,-0.00068898
2026-03-10 23:00:00+00:00,-0.00050375
2026-03-11 00:00:00+00:00,-0.00066144
2026-03-11 01:00:00+00:00,-0.0005581
2026-03-11 02:00:00+00:00,-0.00060451
2026-03-11 03:00:00+00:00,-0.00051352
2026-03-11 04:00:00+00:00,-0.00060804
2026-03-11 05:00:00+00:00,-0.00059961
2026-03-11 06:00:00+00:00,-0.00056302
2026-03-11 07:00:00+00:00,-0.0003974
2026-03-11 08:00:00+00:00,-0.00053911
2026-03-11 09:00:00+00:00,-0.00051604
2026-03-11 10:00:00+00:00,-0.00050246
2026-03-11 11:00:00+00:00,-0.00056138
2026-03-11 12:00:00+00:00,-0.00064013
2026-03-11 13:00:00+00:00,-0.00056938
2026-03-11 14:00:00+00:00,-0.00041812
2026-03-11 15:00:00+00:00,-0.00052378
2026-03-11 16:00:00+00:00,-0.00049142
2026-03-11 17:00:00+00:00,-0.00050792
2026-03-11 18:00:00+00:00,-0.00047886
2026-03-11 19:00:00+00:00,-0.00055647
2026-03-11 20:00:00+00:00,-0.00061596
2026-03-11 21:00:00+00:00,-0.00055878
2026-03-11 22:00:00+00:00,-0.00061904
2026-03-11 23:00:00+00:00,-0.00058842
2026-03-12 00:00:00+00:00,-0.00068
2026-03-12 01:00:00+00:00,-0.00058803
2026-03-12 02:00:00+00:00,-0.00076667
2026-03-12 03:00:00+00:00,-0.00056615
2026-03-12 04:00:00+00:00,-0.00064079
2026-03-12 05:00:00+00:00,-0.00045232
2026-03-12 06:00:00+00:00,-0.00039252
2026-03-12 07:00:00+00:00,-0.000579
2026-03-12 08:00:00+00:00,-0.00054129
2026-03-12 09:00:00+00:00,-0.00048668
2026-03-12 10:00:00+00:00,-0.00046281
2026-03-12 11:00:00+00:00,-0.00078677
2026-03-12 12:00:00+00:00,-0.00049417
2026-03-12 13:00:00+00:00,-0.00045994
2026-03-12 14:00:00+00:00,-0.00065108
2026-03-12 15:00:00+00:00,-0.00060963
2026-03-12 16:00:00+00:00,-0.00053616
2026-03-12 17:00:00+00:00,-0.00053956
2026-03-12 18:00:00+00:00,-0.00058726
2026-03-12 19:00:00+00:00,-0.00054042
2026-03-12 20:00:00+00:00,-0.00056101
2026-03-12 21:00:00+00:00,-0.00052818
2026-03-12 22:00:00+00:00,-0.00059071
2026-03-12 23:00:00+00:00,-0.00059056
2026-03-13 00:00:00+00:00,-0.00026309
2026-03-13 01:00:00+00:00,-0.00042915
2026-03-13 02:00:00+00:00,-0.00048659
2026-03-13 03:00:00+00:00,-0.00043184
2026-03-13 04:00:00+00:00,-0.00040947
2026-03-13 05:00:00+00:00,-0.00046191
2026-03-13 06:00:00+00:00,-0.00021625
2026-03-13 07:00:00+00:00,-0.00039322
2026-03-13 08:00:00+00:00,-0.00035518
2026-03-13 09:00:00+00:00,-0.00040895
2026-03-13 10:00:00+00:00,-0.00043794
2026-03-13 11:00:00+00:00,-0.00050546
2026-03-13 12:00:00+00:00,-0.00038303
2026-03-13 13:00:00+00:00,-0.00038355
2026-03-13 14:00:00+00:00,-0.0004486
2026-03-13 15:00:00+00:00,-0.00051355
2026-03-13 16:00:00+00:00,-0.00061713
2026-03-13 17:00:00+00:00,-0.00066995
2026-03-13 18:00:00+00:00,-0.00068675
2026-03-13 19:00:00+00:00,-0.00069446
2026-03-13 20:00:00+00:00,-0.00075169
2026-03-13 21:00:00+00:00,-0.00053792
2026-03-13 22:00:00+00:00,-0.00045634
2026-03-13 23:00:00+00:00,-0.00061288
2026-03-14 00:00:00+00:00,-0.00041496
2026-03-14 01:00:00+00:00,-0.00064059
2026-03-14 02:00:00+00:00,-0.00056963
2026-03-14 03:00:00+00:00,-0.00050215
2026-03-14 04:00:00+00:00,-0.00053422
2026-03-14 05:00:00+00:00,-0.00044995
2026-03-14 06:00:00+00:00,-0.00061083
2026-03-14 07:00:00+00:00,-0.00059199
2026-03-14 08:00:00+00:00,-0.00042171
2026-03-14 09:00:00+00:00,-0.00057409
2026-03-14 10:00:00+00:00,-0.0005796
2026-03-14 11:00:00+00:00,-0.00061488
2026-03-14 12:00:00+00:00,-0.0005843
2026-03-14 13:00:00+00:00,-0.00071393
2026-03-14 14:00:00+00:00,-0.0006008
2026-03-14 15:00:00+00:00,-0.00056817
2026-03-14 16:00:00+00:00,-0.00056034
2026-03-14 17:00:00+00:00,-0.00049709
2026-03-14 18:00:00+00:00,-0.00064137
2026-03-14 19:00:00+00:00,-0.00048816
2026-03-14 20:00:00+00:00,-0.00064905
2026-03-14 21:00:00+00:00,-0.00043899
2026-03-14 22:00:00+00:00,-0.00059367
2026-03-14 23:00:00+00:00,-0.00059242
2026-03-15 00:00:00+00:00,-0.00039875
2026-03-15 01:00:00+00:00,-0.00041761
2026-03-15 02:00:00+00:00,-0.00059017
2026-03-15 03:00:00+00:00,-0.00052331
2026-03-15 04:00:00+00:00,-0.00041908
2026-03-15 05:00:00+00:00,-0.00038158
2026-03-15 06:00:00+00:00,-0.00049267
2026-03-15 07:00:00+00:00,-0.00046516
2026-03-15 08:00:00+00:00,-0.00038423
2026-03-15 09:00:00+00:00,-0.0004426
2026-03-15 10:00:00+00:00,-0.00054482
2026-03-15 11:00:00+00:00,-0.00054049
2026-03-15 12:00:00+00:00,-0.00051605
2026-03-15 13:00:00+00:00,-0.00039795
2026-03-15 14:00:00+00:00,-0.00052594
2026-03-15 15:00:00+00:00,-0.00043873
2026-03-15 16:00:00+00:00,-0.00042129
2026-03-15 17:00:00+00:00,-0.00058731
2026-03-15 18:00:00+00:00,-0.00064583
2026-03-15 19:00:00+00:00,-0.00058458
2026-03-15 20:00:00+00:00,-0.00058449
2026-03-15 21:00:00+00:00,-0.00055554
2026-03-15 22:00:00+00:00,-0.00035772
2026-03-15 23:00:00+00:00,-0.00040332
2026-03-16 00:00:00+00:00,-0.00045314
2026-03-16 01:00:00+00:00,-0.00053255
2026-03-16 02:00:00+00:00,-0.00049893
2026-03-16 03:00:00+00:00,-0.00042238
2026-03-16 04:00:00+00:00,-0.00041845
2026-03-16 05:00:00+00:00,-0.00047851
2026-03-16 06:00:00+00:00,-0.00047676
2026-03-16 07:00:00+00:00,-0.0004328
2026-03-16 08:00:00+00:00,-0.00048287
2026-03-16 09:00:00+00:00,-0.00052733
2026-03-16 10:00:00+00:00,-0.00041786
2026-03-16 11:00:00+00:00,-0.0004818
2026-03-16 12:00:00+00:00,-0.00049564
2026-03-16 13:00:00+00:00,-0.00053303
2026-03-16 14:00:00+00:00,-0.00051526
2026-03-16 15:00:00+00:00,-0.0005233
2026-03-16 16:00:00+00:00,-0.00052229
2026-03-16 17:00:00+00:00,-0.00045261
2026-03-16 18:00:00+00:00,-0.00036451
2026-03-16 19:00:00+00:00,-0.00046303
2026-03-16 20:00:00+00:00,-0.00046403
2026-03-16 21:00:00+00:00,-0.00036738
2026-03-16 22:00:00+00:00,-0.00040911
2026-03-16 23:00:00+00:00,-0.00042303
2026-03-17 00:00:00+00:00,-0.00036111
2026-03-17 01:00:00+00:00,-0.00042616
2026-03-17 02:00:00+00:00,-0.00033995
2026-03-17 03:00:00+00:00,-0.00046328
2026-03-17 04:00:00+00:00,-0.00033947
2026-03-17 05:00:00+00:00,-0.00050626
2026-03-17 06:00:00+00:00,-0.00054261
2026-03-17 07:00:00+00:00,-0.00036587
2026-03-17 08:00:00+00:00,-0.00055427
2026-03-17 09:00:00+00:00,-0.00047899
2026-03-17 10:00:00+00:00,-0.00045857
2026-03-17 11:00:00+00:00,-0.00049208
2026-03-17 12:00:00+00:00,-0.0005186
2026-03-17 13:00:00+00:00,-0.00050161
2026-03-17 14:00:00+00:00,-0.00069401
2026-03-17 15:00:00+00:00,-0.00057503
2026-03-17 16:00:00+00:00,-0.00051669
2026-03-17 17:00:00+00:00,-0.00063435
2026-03-17 18:00:00+00:00,-0.00046987
2026-03-17 19:00:00+00:00,-0.00049929
2026-03-17 20:00:00+00:00,-0.00045254
2026-03-17 21:00:00+00:00,-0.00053613
2026-03-17 22:00:00+00:00,-0.000426
2026-03-17 23:00:00+00:00,-0.00061269
2026-03-18 00:00:00+00:00,-0.00041021
2026-03-18 01:00:00+00:00,-0.00053926
2026-03-18 02:00:00+00:00,-0.00045904
2026-03-18 03:00:00+00:00,-0.00051682
2026-03-18 04:00:00+00:00,-0.00034921
2026-03-18 05:00:00+00:00,-0.00040221
2026-03-18 06:00:00+00:00,-0.00053596
2026-03-18 07:00:00+00:00,-0.00061353
2026-03-18 08:00:00+00:00,-0.0005574
2026-03-18 09:00:00+00:00,-0.00052505
2026-03-18 10:00:00+00:00,-0.00056086
2026-03-18 11:00:00+00:00,-0.00043573
2026-03-18 12:00:00+00:00,-0.00063597
2026-03-18 13:00:00+00:00,-0.00056738
2026-03-18 14:00:00+00:00,-0.00074674
2026-03-18 15:00:00+00:00,-0.00050697
2026-03-18 16:00:00+00:00,-0.00054651
2026-03-18 17:00:00+00:00,-0.00040873
2026-03-18 18:00:00+00:00,-0.0006293
2026-03-18 19:00:00+00:00,-0.00061451
2026-03-18 20:00:00+00:00,-0.00065304
2026-03-18 21:00:00+00:00,-0.00049859
2026-03-18 22:00:00+00:00,-0.00051801
2026-03-18 23:00:00+00:00,-0.00048169
2026-03-19 00:00:00+00:00,-0.00046252
2026-03-19 01:00:00+00:00,-0.00058896
2026-03-19 02:00:00+00:00,-0.00045251
2026-03-19 03:00:00+00:00,-0.00054395
2026-03-19 04:00:00+00:00,-0.00053895
2026-03-19 05:00:00+00:00,-0.00050215
2026-03-19 06:00:00+00:00,-0.00046348
2026-03-19 07:00:00+00:00,-0.00065375
2026-03-19 08:00:00+00:00,-0.00044265
2026-03-19 09:00:00+00:00,-0.00075949
2026-03-19 10:00:00+00:00,-0.00057098
2026-03-19 11:00:00+00:00,-0.00051797
2026-03-19 12:00:00+00:00,-0.00048692
2026-03-19 13:00:00+00:00,-0.00054039
2026-03-19 14:00:00+00:00,-0.00049226
2026-03-19 15:00:00+00:00,-0.00053145
2026-03-19 16:00:00+00:00,-0.00038984
2026-03-19 17:00:00+00:00,-0.00055235
2026-03-19 18:00:00+00:00,-0.00044605
2026-03-19 19:00:00+00:00,-0.00053065
2026-03-19 20:00:00+00:00,-0.00035246
2026-03-19 21:00:00+00:00,-0.00052882
2026-03-19 22:00:00+00:00,-0.00036639
2026-03-19 23:00:00+00:00,-0.00060336
2026-03-20 00:00:00+00:00,-0.00048403
2026-03-20 01:00:00+00:00,-0.0005054
2026-03-20 02:00:00+00:00,-0.00057762
2026-03-20 03:00:00+00:00,-0.00045826
2026-03-20 04:00:00+00:00,-0.0004819
2026-03-20 05:00:00+00:00,-0.00044976
2026-03-20 06:00:00+00:00,-0.00041694
2026-03-20 07:00:00+00:00,-0.00050302
2026-03-20 08:00:00+00:00,-0.00060401
2026-03-20 09:00:00+00:00,-0.00055579
2026-03-20 10:00:00+00:00,-0.00058775
2026-03-20 11:00:00+00:00,-0.00054961
2026-03-20 12:00:00+00:00,-0.0004837
2026-03-20 13:00:00+00:00,-0.00058196
2026-03-20 14:00:00+00:00,-0.00049932
2026-03-20 15:00:00+00:00,-0.00041625
2026-03-20 16:00:00+00:00,-0.00048511
2026-03-20 17:00:00+00:00,-0.00044639
2026-03-20 18:00:00+00:00,-0.00043885
2026-03-20 19:00:00+00:00,-0.00046374
2026-03-20 20:00:00+00:00,-0.00034834
2026-03-20 21:00:00+00:00,-0.00036707
2026-03-20 22:00:00+00:00,-0.00045358
2026-03-20 23:00:00+00:00,-0.00040909
2026-03-21 00:00:00+00:00,-0.00035621
2026-03-21 01:00:00+00:00,-0.00040663
2026-03-21 02:00:00+00:00,-0.00036676
2026-03-21 03:00:00+00:00,-0.00038138
2026-03-21 04:00:00+00:00,-0.00051678
2026-03-21 05:00:00+00:00,-0.00044671
2026-03-21 06:00:00+00:00,-0.00039832
2026-03-21 07:00:00+00:00,-0.00054306
2026-03-21 08:00:00+00:00,-0.00048161
2026-03-21 09:00:00+00:00,-0.00042627
2026-03-21 10:00:00+00:00,-0.00059519
2026-03-21 11:00:00+00:00,-0.00052627
2026-03-21 12:00:00+00:00,-0.00067719
2026-03-21 13:00:00+00:00,-0.00051853
2026-03-21 14:00:00+00:00,-0.00047634
2026-03-21 15:00:00+00:00,-0.00054073
2026-03-21 16:00:00+00:00,-0.00068822
2026-03-21 17:00:00+00:00,-0.00054446
2026-03-21 18:00:00+00:00,-0.00063491
2026-03-21 19:00:00+00:00,-0.00051168
2026-03-21 20:00:00+00:00,-0.0004936
2026-03-21 21:00:00+00:00,-0.00058738
2026-03-21 22:00:00+00:00,-0.00057446
2026-03-21 23:00:00+00:00,-0.00073076
2026-03-22 00:00:00+00:00,-0.00058864
2026-03-22 01:00:00+00:00,-0.00075551
2026-03-22 02:00:00+00:00,-0.00063892
2026-03-22 03:00:00+00:00,-0.00059227
2026-03-22 04:00:00+00:00,-0.00043865
2026-03-22 05:00:00+00:00,-0.00061674
2026-03-22 06:00:00+00:00,-0.00047743
2026-03-22 07:00:00+00:00,-0.00055442
2026-03-22 08:00:00+00:00,-0.00056856
2026-03-22 09:00:00+00:00,-0.0005811
2026-03-22 10:00:00+00:00,-0.00060803
2026-03-22 11:00:00+00:00,-0.00057749
2026-03-22 12:00:00+00:00,-0.00046471
2026-03-22 13:00:00+00:00,-0.00037311
2026-03-22 14:00:00+00:00,-0.00049558
2026-03-22 15:00:00+00:00,-0.00040304
2026-03-22 16:00:00+00:00,-0.0005003
2026-03-22 17:00:00+00:00,-0.00048064
2026-03-22 18:00:00+00:00,-0.0004505
2026-03-22 19:00:00+00:00,-0.00067029
2026-03-22 20:00:00+00:00,-0.00064015
2026-03-22 21:00:00+00:00,-0.00066294
2026-03-22 22:00:00+00:00,-0.00060071
2026-03-22 23:00:00+00:00,-0.00044066
2026-03-23 00:00:00+00:00,-0.0004431
2026-03-23 01:00:00+00:00,-0.0005061
2026-03-23 02:00:00+00:00,-0.00051486
2026-03-23 03:00:00+00:00,-0.00050144
2026-03-23 04:00:00+00:00,-0.00031576
2026-03-23 05:00:00+00:00,-0.00053399
2026-03-23 06:00:00+00:00,-0.00037932
2026-03-23 07:00:00+00:00,-0.00049502
2026-03-23 08:00:00+00:00,-0.00049557
2026-03-23 09:00:00+00:00,-0.00054283
2026-03-23 10:00:00+00:00,-0.00052824
2026-03-23 11:00:00+00:00,-0.00044575
2026-03-23 12:00:00+00:00,-0.00051106
2026-03-23 13:00:00+00:00,-0.00034579
2026-03-23 14:00:00+00:00,-0.00030013
2026-03-23 15:00:00+00:00,-0.00058933
2026-03-23 16:00:00+00:00,-0.00027743
2026-03-23 17:00:00+00:00,-0.00039002
2026-03-23 18:00:00+00:00,-0.00048956
2026-03-23 19:00:00+00:00,-0.00049424
2026-03-23 20:00:00+00:00,-0.00040452
2026-03-23 21:00:00+00:00,-0.00051391
2026-03-23 22:00:00+00:00,-0.00032788
2026-03-23 23:00:00+00:00,-0.00049364
2026-03-24 00:00:00+00:00,-0.00045963
2026-03-24 01:00:00+00:00,-0.00049339
2026-03-24 02:00:00+00:00,-0.00044089
2026-03-24 03:00:00+00:00,-0.00053321
2026-03-24 04:00:00+00:00,-0.00051158
2026-03-24 05:00:00+00:00,-0.00051505
2026-03-24 06:00:00+00:00,-0.00039753
2026-03-24 07:00:00+00:00,-0.00033731
2026-03-24 08:00:00+00:00,-0.00030854
2026-03-24 09:00:00+00:00,-0.00016391
2026-03-24 10:00:00+00:00,-0.00038891
2026-03-24 11:00:00+00:00,-0.0004029
2026-03-24 12:00:00+00:00,-0.00042043
2026-03-24 13:00:00+00:00,-0.00043051
2026-03-24 14:00:00+00:00,-0.00050483
2026-03-24 15:00:00+00:00,-0.00045409
2026-03-24 16:00:00+00:00,-0.00051608
2026-03-24 17:00:00+00:00,-0.00051854
2026-03-24 18:00:00+00:00,-0.00053677
2026-03-24 19:00:00+00:00,-0.00050205
2026-03-24 20:00:00+00:00,-0.00042392
2026-03-24 21:00:00+00:00,-0.00042101
2026-03-24 22:00:00+00:00,-0.00047098
2026-03-24 23:00:00+00:00,-0.00053126
2026-03-25 00:00:00+00:00,-0.00047555
2026-03-25 01:00:00+00:00,-0.00050992
2026-03-25 02:00:00+00:00,-0.00053708
2026-03-25 03:00:00+00:00,-0.0004972
2026-03-25 04:00:00+00:00,-0.0003727
2026-03-25 05:00:00+00:00,-0.00040216
2026-03-25 06:00:00+00:00,-0.00045632
2026-03-25 07:00:00+00:00,-0.00041734
2026-03-25 08:00:00+00:00,-0.00034111
2026-03-25 09:00:00+00:00,-0.00035416
2026-03-25 10:00:00+00:00,-0.00044
2026-03-25 11:00:00+00:00,-0.00051464
2026-03-25 12:00:00+00:00,-0.00054143
2026-03-25 13:00:00+00:00,-0.00049488
2026-03-25 14:00:00+00:00,-0.00055587
2026-03-25 15:00:00+00:00,-0.00064749
2026-03-25 16:00:00+00:00,-0.00043661
2026-03-25 17:00:00+00:00,-0.00054128
2026-03-25 18:00:00+00:00,-0.0005336
2026-03-25 19:00:00+00:00,-0.00034599
2026-03-25 20:00:00+00:00,-0.00056184
2026-03-25 21:00:00+00:00,-0.0005594
2026-03-25 22:00:00+00:00,-0.00051855
2026-03-25 23:00:00+00:00,-0.00044734
2026-03-26 00:00:00+00:00,-0.00048353
2026-03-26 01:00:00+00:00,-0.00052252
2026-03-26 02:00:00+00:00,-0.00054026
2026-03-26 03:00:00+00:00,-0.00049083
2026-03-26 04:00:00+00:00,-0.00047455
2026-03-26 05:00:00+00:00,-0.0004628
2026-03-26 06:00:00+00:00,-0.00054849
2026-03-26 07:00:00+00:00,-0.00059091
2026-03-26 08:00:00+00:00,-0.00045021
2026-03-26 09:00:00+00:00,-0.00050688
2026-03-26 10:00:00+00:00,-0.00045373
2026-03-26 11:00:00+00:00,-0.00056157
2026-03-26 12:00:00+00:00,-0.00049417
2026-03-26 13:00:00+00:00,-0.00051413
2026-03-26 14:00:00+00:00,-0.00060379
2026-03-26 15:00:00+00:00,-0.00031882
2026-03-26 16:00:00+00:00,-0.00042426
2026-03-26 17:00:00+00:00,-0.00040877
2026-03-26 18:00:00+00:00,-0.00037841
2026-03-26 19:00:00+00:00,-0.00032886
2026-03-26 20:00:00+00:00,-0.00027634
2026-03-26 21:00:00+00:00,-0.00037576
2026-03-26 22:00:00+00:00,-0.00045906
2026-03-26 23:00:00+00:00,-0.00038652
2026-03-27 00:00:00+00:00,-0.0004246
2026-03-27 01:00:00+00:00,-0.0004466
2026-03-27 02:00:00+00:00,-0.00051549
2026-03-27 03:00:00+00:00,-0.00050671
2026-03-27 04:00:00+00:00,-0.00042009
2026-03-27 05:00:00+00:00,-0.00050381
2026-03-27 06:00:00+00:00,-0.00049676
2026-03-27 07:00:00+00:00,-0.00061834
2026-03-27 08:00:00+00:00,-0.00049116
2026-03-27 09:00:00+00:00,-0.00049559
2026-03-27 10:00:00+00:00,-0.00048304
2026-03-27 11:00:00+00:00,-0.00048845
2026-03-27 12:00:00+00:00,-0.00063439
2026-03-27 13:00:00+00:00,-0.00034932
2026-03-27 14:00:00+00:00,-0.00062488
2026-03-27 15:00:00+00:00,-0.00059341
2026-03-27 16:00:00+00:00,-0.00046662
2026-03-27 17:00:00+00:00,-0.00055703
2026-03-27 18:00:00+00:00,-0.00049046
2026-03-27 19:00:00+00:00,-0.00043598
2026-03-27 20:00:00+00:00,-0.00033209
2026-03-27 21:00:00+00:00,-0.00027854
2026-03-27 22:00:00+00:00,-0.00052614
2026-03-27 23:00:00+00:00,-0.00048467
2026-03-28 00:00:00+00:00,-0.00052314
2026-03-28 01:00:00+00:00,-0.00046224
2026-03-28 02:00:00+00:00,-0.00056641
2026-03-28 03:00:00+00:00,-0.0005787
2026-03-28 04:00:00+00:00,-0.0004105
2026-03-28 05:00:00+00:00,-0.00055759
2026-03-28 06:00:00+00:00,-0.00052021
2026-03-28 07:00:00+00:00,-0.00056157
2026-03-28 08:00:00+00:00,-0.00047079
2026-03-28 09:00:00+00:00,-0.00056478
2026-03-28 10:00:00+00:00,-0.00052524
2026-03-28 11:00:00+00:00,-0.00057213
2026-03-28 12:00:00+00:00,-0.00055402
2026-03-28 13:00:00+00:00,-0.00056591
2026-03-28 14:00:00+00:00,-0.0005541
2026-03-28 15:00:00+00:00,-0.00051822
2026-03-28 16:00:00+00:00,-0.00051145
2026-03-28 17:00:00+00:00,-0.00055288
2026-03-28 18:00:00+00:00,-0.00059852
2026-03-28 19:00:00+00:00,-0.00050108
2026-03-28 20:00:00+00:00,-0.00060975
2026-03-28 21:00:00+00:00,-0.00046478
2026-03-28 22:00:00+00:00,-0.00042022
2026-03-28 23:00:00+00:00,-0.00030931
2026-03-29 00:00:00+00:00,-0.00032748
2026-03-29 01:00:00+00:00,-0.00049718
2026-03-29 02:00:00+00:00,-0.00045247
2026-03-29 03:00:00+00:00,-0.00048511
2026-03-29 04:00:00+00:00,-0.00047096
2026-03-29 05:00:00+00:00,-0.00050213
2026-03-29 06:00:00+00:00,-0.00052232
2026-03-29 07:00:00+00:00,-0.00067362
2026-03-29 08:00:00+00:00,-0.00056814
2026-03-29 09:00:00+00:00,-0.00055378
2026-03-29 10:00:00+00:00,-0.00064071
2026-03-29 11:00:00+00:00,-0.00065681
2026-03-29 12:00:00+00:00,-0.00041859
2026-03-29 13:00:00+00:00,-0.00038147
2026-03-29 14:00:00+00:00,-0.00045708
2026-03-29 15:00:00+00:00,-0.00039356
2026-03-29 16:00:00+00:00,-0.00051462
2026-03-29 17:00:00+00:00,-0.00046907
2026-03-29 18:00:00+00:00,-0.00050881
2026-03-29 19:00:00+00:00,-0.0004746
2026-03-29 20:00:00+00:00,-0.00056668
2026-03-29 21:00:00+00:00,-0.00032201
2026-03-29 22:00:00+00:00,-0.0003776
2026-03-29 23:00:00+00:00,-0.00052297
2026-03-30 00:00:00+00:00,-0.00055392
2026-03-30 01:00:00+00:00,-0.00075099
2026-03-30 02:00:00+00:00,-0.00044802
2026-03-30 03:00:00+00:00,-0.00047129
2026-03-30 04:00:00+00:00,-0.00041324
2026-03-30 05:00:00+00:00,-0.00058061
2026-03-30 06:00:00+00:00,-0.00052153
2026-03-30 07:00:00+00:00,-0.00052314
2026-03-30 08:00:00+00:00,-0.00051076
2026-03-30 09:00:00+00:00,-0.00054808
2026-03-30 10:00:00+00:00,-0.00058161
2026-03-30 11:00:00+00:00,-0.00055891
2026-03-30 12:00:00+00:00,-0.00051963
2026-03-30 13:00:00+00:00,-0.00059195
2026-03-30 14:00:00+00:00,-0.00050124
2026-03-30 15:00:00+00:00,-0.0004443
2026-03-30 16:00:00+00:00,-0.00050632
2026-03-30 17:00:00+00:00,-0.00045129
2026-03-30 18:00:00+00:00,-0.00040077
2026-03-30 19:00:00+00:00,-0.00036005
2026-03-30 20:00:00+00:00,-0.00059942
2026-03-30 21:00:00+00:00,-0.00061484
2026-03-30 22:00:00+00:00,-0.00047474
2026-03-30 23:00:00+00:00,-0.00056851
2026-03-31 00:00:00+00:00,-0.00056793
2026-03-31 01:00:00+00:00,-0.00043203
2026-03-31 02:00:00+00:00,-0.00045849
2026-03-31 03:00:00+00:00,-0.00040794
2026-03-31 04:00:00+00:00,-0.00049863
2026-03-31 05:00:00+00:00,-0.00048807
2026-03-31 06:00:00+00:00,-0.00046304
2026-03-31 07:00:00+00:00,-0.00045425
2026-03-31 08:00:00+00:00,-0.00043902
2026-03-31 09:00:00+00:00,-0.00038259
2026-03-31 10:00:00+00:00,-0.00057371
2026-03-31 11:00:00+00:00,-0.00060418
2026-03-31 12:00:00+00:00,-0.00058396
2026-03-31 13:00:00+00:00,-0.00040728
2026-03-31 14:00:00+00:00,-0.00027123
2026-03-31 15:00:00+00:00,-0.00055532
2026-03-31 16:00:00+00:00,-0.0005636
2026-03-31 17:00:00+00:00,-0.00048885
2026-03-31 18:00:00+00:00,-0.00047483
2026-03-31 19:00:00+00:00,-0.00055913
2026-03-31 20:00:00+00:00,-0.00050883
2026-03-31 21:00:00+00:00,-0.00055574
2026-03-31 22:00:00+00:00,-0.00042568
2026-03-31 23:00:00+00:00,-0.00055012
2026-04-01 00:00:00+00:00,-0.00049741
2026-04-01 01:00:00+00:00,-0.0004077
2026-04-01 02:00:00+00:00,-0.00047425
2026-04-01 03:00:00+00:00,-0.00054898
2026-04-01 04:00:00+00:00,-0.00031164
2026-04-01 05:00:00+00:00,-0.00049548
2026-04-01 06:00:00+00:00,-0.00043869
2026-04-01 07:00:00+00:00,-0.00033852
2026-04-01 08:00:00+00:00,-0.00050546
2026-04-01 09:00:00+00:00,-0.00039886
2026-04-01 10:00:00+00:00,-0.00041051
2026-04-01 11:00:00+00:00,-0.00044984
2026-04-01 12:00:00+00:00,-0.00039012
2026-04-01 13:00:00+00:00,-0.00048506
2026-04-01 14:00:00+00:00,-0.00042176
2026-04-01 15:00:00+00:00,-0.00053189
2026-04-01 16:00:00+00:00,-0.00061601
2026-04-01 17:00:00+00:00,-0.00050653
2026-04-01 18:00:00+00:00,-0.00047222
2026-04-01 19:00:00+00:00,-0.00051792
2026-04-01 20:00:00+00:00,-0.00042639
2026-04-01 21:00:00+00:00,-0.00065928
2026-04-01 22:00:00+00:00,-0.00047401
2026-04-01 23:00:00+00:00,-0.00043743
2026-04-02 00:00:00+00:00,-0.00061219
2026-04-02 01:00:00+00:00,-0.0005195
2026-04-02 02:00:00+00:00,-0.00063629
2026-04-02 03:00:00+00:00,-0.00056615
2026-04-02 04:00:00+00:00,-0.00064575
2026-04-02 05:00:00+00:00,-0.00060273
2026-04-02 06:00:00+00:00,-0.00044457
2026-04-02 07:00:00+00:00,-0.00056338
2026-04-02 08:00:00+00:00,-0.00047742
2026-04-02 09:00:00+00:00,-0.00054857
2026-04-02 10:00:00+00:00,-0.00064002
2026-04-02 11:00:00+00:00,-0.00046238
2026-04-02 12:00:00+00:00,-0.00067227
2026-04-02 13:00:00+00:00,-0.00054138
2026-04-02 14:00:00+00:00,-0.00047944
2026-04-02 15:00:00+00:00,-0.00047269
2026-04-02 16:00:00+00:00,-0.00068218
2026-04-02 17:00:00+00:00,-0.00048305
2026-04-02 18:00:00+00:00,-0.00052079
2026-04-02 19:00:00+00:00,-0.00042611
2026-04-02 20:00:00+00:00,-0.00049373
2026-04-02 21:00:00+00:00,-0.00040893
2026-04-02 22:00:00+00:00,-0.00048634
2026-04-02 23:00:00+00:00,-0.00047462
2026-04-03 00:00:00+00:00,-0.00046636
2026-04-03 01:00:00+00:00,-0.00053085
2026-04-03 02:00:00+00:00,-0.00047114
2026-04-03 03:00:00+00:00,-0.00044056
2026-04-03 04:00:00+00:00,-0.00054513
2026-04-03 05:00:00+00:00,-0.00041075
2026-04-03 06:00:00+00:00,-0.00046301
2026-04-03 07:00:00+00:00,-0.00043747
2026-04-03 08:00:00+00:00,-0.00052051
2026-04-03 09:00:00+00:00,-0.00038153
2026-04-03 10:00:00+00:00,-0.0005265
2026-04-03 11:00:00+00:00,-0.00052717
2026-04-03 12:00:00+00:00,-0.00044468
2026-04-03 13:00:00+00:00,-0.00045251
2026-04-03 14:00:00+00:00,-0.00039439
2026-04-03 15:00:00+00:00,-0.00040657
2026-04-03 16:00:00+00:00,-0.00043694
2026-04-03 17:00:00+00:00,-0.00062817
2026-04-03 18:00:00+00:00,-0.00055777
2026-04-03 19:00:00+00:00,-0.00044594
2026-04-03 20:00:00+00:00,-0.00058541
2026-04-03 21:00:00+00:00,-0.00037375
2026-04-03 22:00:00+00:00,-0.00055619
2026-04-03 23:00:00+00:00,-0.00046153
2026-04-04 00:00:00+00:00,-0.00039528
2026-04-04 01:00:00+00:00,-0.00037875
2026-04-04 02:00:00+00:00,-0.00045005
2026-04-04 03:00:00+00:00,-0.00040996
2026-04-04 04:00:00+00:00,-0.0005293
2026-04-04 05:00:00+00:00,-0.00045821
2026-04-04 06:00:00+00:00,-0.00055447
2026-04-04 07:00:00+00:00,-0.00051232
2026-04-04 08:00:00+00:00,-0.00044904
2026-04-04 09:00:00+00:00,-0.00055034
2026-04-04 10:00:00+00:00,-0.00037804
2026-04-04 11:00:00+00:00,-0.0002489
2026-04-04 12:00:00+00:00,-0.00053831
2026-04-04 13:00:00+00:00,-0.00047865
2026-04-04 14:00:00+00:00,-0.00048078
2026-04-04 15:00:00+00:00,-0.00045205
2026-04-04 16:00:00+00:00,-0.00038766
2026-04-04 17:00:00+00:00,-0.00044099
2026-04-04 18:00:00+00:00,-0.00051621
2026-04-04 19:00:00+00:00,-0.00049999
2026-04-04 20:00:00+00:00,-0.00041374
2026-04-04 21:00:00+00:00,-0.0006019
2026-04-04 22:00:00+00:00,-0.00048608
2026-04-04 23:00:00+00:00,-0.00051795
2026-04-05 00:00:00+00:00,-0.00049335
2026-04-05 01:00:00+00:00,-0.00049518
2026-04-05 02:00:00+00:00,-0.00048577
2026-04-05 03:00:00+00:00,-0.00043902
2026-04-05 04:00:00+00:00,-0.00059077
2026-04-05 05:00:00+00:00,-0.00046164
2026-04-05 06:00:00+00:00,-0.0005397
2026-04-05 07:00:00+00:00,-0.0006446
2026-04-05 08:00:00+00:00,-0.00063257
2026-04-05 09:00:00+00:00,-0.00054451
2026-04-05 10:00:00+00:00,-0.00058056
2026-04-05 11:00:00+00:00,-0.00043148
2026-04-05 12:00:00+00:00,-0.00052705
2026-04-05 13:00:00+00:00,-0.00052292
2026-04-05 14:00:00+00:00,-0.00035831
2026-04-05 15:00:00+00:00,-0.00050839
2026-04-05 16:00:00+00:00,-0.00042171
2026-04-05 17:00:00+00:00,-0.00038765
2026-04-05 18:00:00+00:00,-0.00055767
2026-04-05 19:00:00+00:00,-0.00041943
2026-04-05 20:00:00+00:00,-0.00055404
2026-04-05 21:00:00+00:00,-0.00047375
2026-04-05 22:00:00+00:00,-0.0003874
2026-04-05 23:00:00+00:00,-0.00038349
2026-04-06 00:00:00+00:00,-0.00044866
2026-04-06 01:00:00+00:00,-0.00047552
2026-04-06 02:00:00+00:00,-0.00041976
2026-04-06 03:00:00+00:00,-0.00038642
2026-04-06 04:00:00+00:00,-0.00043972
2026-04-06 05:00:00+00:00,-0.00044787
2026-04-06 06:00:00+00:00,-0.00051672
2026-04-06 07:00:00+00:00,-0.00040886
2026-04-06 08:00:00+00:00,-0.00051321
2026-04-06 09:00:00+00:00,-0.00055667
2026-04-06 10:00:00+00:00,-0.00052786
2026-04-06 11:00:00+00:00,-0.00052842
2026-04-06 12:00:00+00:00,-0.00044648
2026-04-06 13:00:00+00:00,-0.00056405
2026-04-06 14:00:00+00:00,-0.00053441
2026-04-06 15:00:00+00:00,-0.00056575
2026-04-06 16:00:00+00:00,-0.00054156
2026-04-06 17:00:00+00:00,-0.00049332
2026-04-06 18:00:00+00:00,-0.00054679
2026-04-06 19:00:00+00:00,-0.00054849
2026-04-06 20:00:00+00:00,-0.00072056
2026-04-06 21:00:00+00:00,-0.00060385
2026-04-06 22:00:00+00:00,-0.00061091
2026-04-06 23:00:00+00:00,-0.00054743
2026-04-07 00:00:00+00:00,-0.0006357
2026-04-07 01:00:00+00:00,-0.00050312
2026-04-07 02:00:00+00:00,-0.00053378
2026-04-07 03:00:00+00:00,-0.00065297
2026-04-07 04:00:00+00:00,-0.00066809
2026-04-07 05:00:00+00:00,-0.00053755
2026-04-07 06:00:00+00:00,-0.00050879
2026-04-07 07:00:00+00:00,-0.00054231
2026-04-07 08:00:00+00:00,-0.00043716
2026-04-07 09:00:00+00:00,-0.00048799
2026-04-07 10:00:00+00:00,-0.00059515
2026-04-07 11:00:00+00:00,-0.00046807
2026-04-07 12:00:00+00:00,-0.00046768
2026-04-07 13:00:00+00:00,-0.00050675
2026-04-07 14:00:00+00:00,-0.00052725
2026-04-07 15:00:00+00:00,-0.0004908
2026-04-07 16:00:00+00:00,-0.00039621
2026-04-07 17:00:00+00:00,-0.00049261
2026-04-07 18:00:00+00:00,-0.00055508
2026-04-07 19:00:00+00:00,-0.00050783
2026-04-07 20:00:00+00:00,-0.00041324
2026-04-07 21:00:00+00:00,-0.00034429
2026-04-07 22:00:00+00:00,-0.0001043
2026-04-07 23:00:00+00:00,-0.0006436
2026-04-08 00:00:00+00:00,-0.00047837
2026-04-08 01:00:00+00:00,-0.0006011
2026-04-08 02:00:00+00:00,-0.00050252
2026-04-08 03:00:00+00:00,-0.00047759
2026-04-08 04:00:00+00:00,-0.00042851
2026-04-08 05:00:00+00:00,-0.00023519
2026-04-08 06:00:00+00:00,-0.00046103
2026-04-08 07:00:00+00:00,-0.0004104
2026-04-08 08:00:00+00:00,-0.0004085
2026-04-08 09:00:00+00:00,-0.00032654
2026-04-08 10:00:00+00:00,-0.00052319
2026-04-08 11:00:00+00:00,-0.00047144
2026-04-08 12:00:00+00:00,-0.00053083
2026-04-08 13:00:00+00:00,-0.0004861
2026-04-08 14:00:00+00:00,-0.00042097
2026-04-08 15:00:00+00:00,-0.00048349
2026-04-08 16:00:00+00:00,-0.00067332
2026-04-08 17:00:00+00:00,-0.00051641
2026-04-08 18:00:00+00:00,-0.00044394
2026-04-08 19:00:00+00:00,-0.0004625
2026-04-08 20:00:00+00:00,-0.00047809
2026-04-08 21:00:00+00:00,-0.00041247
2026-04-08 22:00:00+00:00,-0.00057325
2026-04-08 23:00:00+00:00,-0.00063395
2026-04-09 00:00:00+00:00,-0.0005007
2026-04-09 01:00:00+00:00,-0.00061431
2026-04-09 02:00:00+00:00,-0.00053631
2026-04-09 03:00:00+00:00,-0.00052115
2026-04-09 04:00:00+00:00,-0.00052736
2026-04-09 05:00:00+00:00,-0.00042101
2026-04-09 06:00:00+00:00,-0.00059619
2026-04-09 07:00:00+00:00,-0.00038208
2026-04-09 08:00:00+00:00,-0.00030456
2026-04-09 09:00:00+00:00,-0.00036849
2026-04-09 10:00:00+00:00,-0.00041518
2026-04-09 11:00:00+00:00,-0.00038351
2026-04-09 12:00:00+00:00,-0.00037706
2026-04-09 13:00:00+00:00,-0.00042947
2026-04-09 14:00:00+00:00,-0.00041648
2026-04-09 15:00:00+00:00,-0.00031888
2026-04-09 16:00:00+00:00,-0.00035807
2026-04-09 17:00:00+00:00,-0.0003733
2026-04-09 18:00:00+00:00,-0.00040334
2026-04-09 19:00:00+00:00,-0.00047712
2026-04-09 20:00:00+00:00,-0.00045909
2026-04-09 21:00:00+00:00,-0.00038727
2026-04-09 22:00:00+00:00,-0.00046717
2026-04-09 23:00:00+00:00,-0.00044582
2026-04-10 00:00:00+00:00,-0.00041745
2026-04-10 01:00:00+00:00,-0.00029649
2026-04-10 02:00:00+00:00,-0.0004968
2026-04-10 03:00:00+00:00,-0.00034107
2026-04-10 04:00:00+00:00,-0.00043689
2026-04-10 05:00:00+00:00,-0.0003551
2026-04-10 06:00:00+00:00,-0.00040728
2026-04-10 07:00:00+00:00,-0.00039374
2026-04-10 08:00:00+00:00,-0.00048926
2026-04-10 09:00:00+00:00,-0.00057237
2026-04-10 10:00:00+00:00,-0.00050675
2026-04-10 11:00:00+00:00,-0.00045353
2026-04-10 12:00:00+00:00,-0.00037202
2026-04-10 13:00:00+00:00,-0.00028803
2026-04-10 14:00:00+00:00,-0.00044712
2026-04-10 15:00:00+00:00,-0.00043949
2026-04-10 16:00:00+00:00,-0.0003029
2026-04-10 17:00:00+00:00,-0.00038052
2026-04-10 18:00:00+00:00,-0.00054807
2026-04-10 19:00:00+00:00,-0.00046492
2026-04-10 20:00:00+00:00,-0.00048282
2026-04-10 21:00:00+00:00,-0.00043152
2026-04-10 22:00:00+00:00,-0.00059662
2026-04-10 23:00:00+00:00,-0.00062112
2026-04-11 00:00:00+00:00,-0.00051868
2026-04-11 01:00:00+00:00,-0.0005073
2026-04-11 02:00:00+00:00,-0.00052625
2026-04-11 03:00:00+00:00,-0.00050895
2026-04-11 04:00:00+00:00,-0.00059808
2026-04-11 05:00:00+00:00,-0.00050851
2026-04-11 06:00:00+00:00,-0.00052983
2026-04-11 07:00:00+00:00,-0.00042798
2026-04-11 08:00:00+00:00,-0.00047971
2026-04-11 09:00:00+00:00,-0.0005086
2026-04-11 10:00:00+00:00,-0.00056956
2026-04-11 11:00:00+00:00,-0.00054764
2026-04-11 12:00:00+00:00,-0.00047302
2026-04-11 13:00:00+00:00,-0.00041539
2026-04-11 14:00:00+00:00,-0.0004949
2026-04-11 15:00:00+00:00,-0.00050233
2026-04-11 16:00:00+00:00,-0.00047978
2026-04-11 17:00:00+00:00,-0.00040504
2026-04-11 18:00:00+00:00,-0.0003774
2026-04-11 19:00:00+00:00,-0.00031044
2026-04-11 20:00:00+00:00,-0.00048502
2026-04-11 21:00:00+00:00,-0.00044944
2026-04-11 22:00:00+00:00,-0.00042949
2026-04-11 23:00:00+00:00,-0.00044987
2026-04-12 00:00:00+00:00,-0.00049891
2026-04-12 01:00:00+00:00,-0.00065929
2026-04-12 02:00:00+00:00,-0.00060792
2026-04-12 03:00:00+00:00,-0.00038806
2026-04-12 04:00:00+00:00,-0.00048236
2026-04-12 05:00:00+00:00,-0.00053051
2026-04-12 06:00:00+00:00,-0.00050235
2026-04-12 07:00:00+00:00,-0.0004889
2026-04-12 08:00:00+00:00,-0.00049203
2026-04-12 09:00:00+00:00,-0.00054952
2026-04-12 10:00:00+00:00,-0.00052843
2026-04-12 11:00:00+00:00,-0.00053614
2026-04-12 12:00:00+00:00,-0.00058156
2026-04-12 13:00:00+00:00,-0.00044104
2026-04-12 14:00:00+00:00,-0.00056559
2026-04-12 15:00:00+00:00,-0.00059915
2026-04-12 16:00:00+00:00,-0.00058845
2026-04-12 17:00:00+00:00,-0.00060201
2026-04-12 18:00:00+00:00,-0.00056314
2026-04-12 19:00:00+00:00,-0.00053047
2026-04-12 20:00:00+00:00,-0.00059096
2026-04-12 21:00:00+00:00,-0.00066399
2026-04-12 22:00:00+00:00,-0.00043119
2026-04-12 23:00:00+00:00,-0.00035567
2026-04-13 00:00:00+00:00,-0.00050458
2026-04-13 01:00:00+00:00,-0.00052233
2026-04-13 02:00:00+00:00,-0.00045788
2026-04-13 03:00:00+00:00,-0.00037295
2026-04-13 04:00:00+00:00,-0.00046032
2026-04-13 05:00:00+00:00,-0.0004992
2026-04-13 06:00:00+00:00,-0.00036015
2026-04-13 07:00:00+00:00,-0.00056153
2026-04-13 08:00:00+00:00,-0.00057127
2026-04-13 09:00:00+00:00,-0.00043043
2026-04-13 10:00:00+00:00,-0.00058356
2026-04-13 11:00:00+00:00,-0.00064077
2026-04-13 12:00:00+00:00,-0.00061513
2026-04-13 13:00:00+00:00,-0.00074227
2026-04-13 14:00:00+00:00,-0.00056771
2026-04-13 15:00:00+00:00,-0.00049988
2026-04-13 16:00:00+00:00,-0.00060802
2026-04-13 17:00:00+00:00,-0.00057353
2026-04-13 18:00:00+00:00,-0.00053717
2026-04-13 19:00:00+00:00,-0.00058919
2026-04-13 20:00:00+00:00,-0.00057578
2026-04-13 21:00:00+00:00,-0.00060445
2026-04-13 22:00:00+00:00,-0.0005002
2026-04-13 23:00:00+00:00,-0.00040448
2026-04-14 00:00:00+00:00,-0.00046343
2026-04-14 01:00:00+00:00,-0.00046802
2026-04-14 02:00:00+00:00,-0.00038836
2026-04-14 03:00:00+00:00,-0.00043821
2026-04-14 04:00:00+00:00,-0.00041842
2026-04-14 05:00:00+00:00,-0.00031126
2026-04-14 06:00:00+00:00,-0.00044058
2026-04-14 07:00:00+00:00,-0.00030476
2026-04-14 08:00:00+00:00,-0.00043285
2026-04-14 09:00:00+00:00,-0.00040088
2026-04-14 10:00:00+00:00,-0.00041079
2026-04-14 11:00:00+00:00,-0.0004784
2026-04-14 12:00:00+00:00,-0.00035985
2026-04-14 13:00:00+00:00,-0.00048403
2026-04-14 14:00:00+00:00,-0.000584
2026-04-14 15:00:00+00:00,-0.00050851
2026-04-14 16:00:00+00:00,-0.00046116
2026-04-14 17:00:00+00:00,-0.00059323
2026-04-14 18:00:00+00:00,-0.00068837
2026-04-14 19:00:00+00:00,-0.0008584
2026-04-14 20:00:00+00:00,-0.00085748
2026-04-14 21:00:00+00:00,-0.00067303
2026-04-14 22:00:00+00:00,-0.00061744
2026-04-14 23:00:00+00:00,-0.00069292
2026-04-15 00:00:00+00:00,-0.0007043
2026-04-15 01:00:00+00:00,-0.00059433
2026-04-15 02:00:00+00:00,-0.00062775
2026-04-15 03:00:00+00:00,-0.0005483
2026-04-15 04:00:00+00:00,-0.00047192
2026-04-15 05:00:00+00:00,-0.00060365
2026-04-15 06:00:00+00:00,-0.00052705
2026-04-15 07:00:00+00:00,-0.00061727
2026-04-15 08:00:00+00:00,-0.00060629
2026-04-15 09:00:00+00:00,-0.00057443
2026-04-15 10:00:00+00:00,-0.0006837
2026-04-15 11:00:00+00:00,-0.00059792
2026-04-15 12:00:00+00:00,-0.0006143
2026-04-15 13:00:00+00:00,-0.00062923
2026-04-15 14:00:00+00:00,-0.00057544
2026-04-15 15:00:00+00:00,-0.00058841
2026-04-15 16:00:00+00:00,-0.00056081
2026-04-15 17:00:00+00:00,-0.00044218
2026-04-15 18:00:00+00:00,-0.00059277
2026-04-15 19:00:00+00:00,-0.00066755
2026-04-15 20:00:00+00:00,-0.00052422
2026-04-15 21:00:00+00:00,-0.00045027
2026-04-15 22:00:00+00:00,-0.0004357
2026-04-15 23:00:00+00:00,-0.00053206
2026-04-16 00:00:00+00:00,-0.00046635
2026-04-16 01:00:00+00:00,-0.00065505
2026-04-16 02:00:00+00:00,-0.00053607
2026-04-16 03:00:00+00:00,-0.00057763
2026-04-16 04:00:00+00:00,-0.00054153
2026-04-16 05:00:00+00:00,-0.00050822
2026-04-16 06:00:00+00:00,-0.0004519
2026-04-16 07:00:00+00:00,-0.0004478
2026-04-16 08:00:00+00:00,-0.00051833
2026-04-16 09:00:00+00:00,-0.00058023
2026-04-16 10:00:00+00:00,-0.0005905
2026-04-16 11:00:00+00:00,-0.0006431
2026-04-16 12:00:00+00:00,-0.00067383
2026-04-16 13:00:00+00:00,-0.0006452
2026-04-16 14:00:00+00:00,-0.00043189
2026-04-16 15:00:00+00:00,-0.00062006
2026-04-16 16:00:00+00:00,-0.00046914
2026-04-16 17:00:00+00:00,-0.00052268
2026-04-16 18:00:00+00:00,-0.00034126
2026-04-16 19:00:00+00:00,-0.00045668
2026-04-16 20:00:00+00:00,-0.00051064
2026-04-16 21:00:00+00:00,-0.00058702
2026-04-16 22:00:00+00:00,-0.0004811
2026-04-16 23:00:00+00:00,-0.00045251
2026-04-17 00:00:00+00:00,-0.0004544
2026-04-17 01:00:00+00:00,-0.0005449
2026-04-17 02:00:00+00:00,-0.00049479
2026-04-17 03:00:00+00:00,-0.00063496
2026-04-17 04:00:00+00:00,-0.00056672
2026-04-17 05:00:00+00:00,-0.00063234
2026-04-17 06:00:00+00:00,-0.00044446
2026-04-17 07:00:00+00:00,-0.0003788
2026-04-17 08:00:00+00:00,-0.00055236
2026-04-17 09:00:00+00:00,-0.00050292
2026-04-17 10:00:00+00:00,-0.00043364
2026-04-17 11:00:00+00:00,-0.00051764
2026-04-17 12:00:00+00:00,-0.00017952
2026-04-17 13:00:00+00:00,-0.00046615
2026-04-17 14:00:00+00:00,-0.00049542
2026-04-17 15:00:00+00:00,-0.00060617
2026-04-17 16:00:00+00:00,-0.00072816
2026-04-17 17:00:00+00:00,-0.00052927
2026-04-17 18:00:00+00:00,-0.00062307
2026-04-17 19:00:00+00:00,-0.0005684
2026-04-17 20:00:00+00:00,-0.00084084
2026-04-17 21:00:00+00:00,-0.00058432
2026-04-17 22:00:00+00:00,-0.00059537
2026-04-17 23:00:00+00:00,-0.00056894
2026-04-18 00:00:00+00:00,-0.00057702
2026-04-18 01:00:00+00:00,-0.00062928
2026-04-18 02:00:00+00:00,-0.0005916
2026-04-18 03:00:00+00:00,-0.00060839
2026-04-18 04:00:00+00:00,-0.00061319
2026-04-18 05:00:00+00:00,-0.00052738
2026-04-18 06:00:00+00:00,-0.00057996
2026-04-18 07:00:00+00:00,-0.00048035
2026-04-18 08:00:00+00:00,-0.00062505
2026-04-18 09:00:00+00:00,-0.00054943
2026-04-18 10:00:00+00:00,-0.00064084
2026-04-18 11:00:00+00:00,-0.00062811
2026-04-18 12:00:00+00:00,-0.00063019
2026-04-18 13:00:00+00:00,-0.00044083
2026-04-18 14:00:00+00:00,-0.00043082
2026-04-18 15:00:00+00:00,-0.00059313
2026-04-18 16:00:00+00:00,-0.00053818
2026-04-18 17:00:00+00:00,-0.00060787
2026-04-18 18:00:00+00:00,-0.00046357
2026-04-18 19:00:00+00:00,-0.00053867
2026-04-18 20:00:00+00:00,-0.00047587
2026-04-18 21:00:00+00:00,-0.00053754
2026-04-18 22:00:00+00:00,-0.00061166
2026-04-18 23:00:00+00:00,-0.00062245
2026-04-19 00:00:00+00:00,-0.00038737
2026-04-19 01:00:00+00:00,-0.00052966
2026-04-19 02:00:00+00:00,-0.00047948
2026-04-19 03:00:00+00:00,-0.00049927
2026-04-19 04:00:00+00:00,-0.00052058
2026-04-19 05:00:00+00:00,-0.00051646
2026-04-19 06:00:00+00:00,-0.00050658
2026-04-19 07:00:00+00:00,-0.00052656
2026-04-19 08:00:00+00:00,-0.0005027
2026-04-19 09:00:00+00:00,-0.00063387
2026-04-19 10:00:00+00:00,-0.00040819
2026-04-19 11:00:00+00:00,-0.00046934
2026-04-19 12:00:00+00:00,-0.00042302
2026-04-19 13:00:00+00:00,-0.00036705
2026-04-19 14:00:00+00:00,-0.00054031
2026-04-19 15:00:00+00:00,-0.00049444
2026-04-19 16:00:00+00:00,-0.0004558
2026-04-19 17:00:00+00:00,-0.00058026
2026-04-19 18:00:00+00:00,-0.00058042
2026-04-19 19:00:00+00:00,-0.0005357
2026-04-19 20:00:00+00:00,-0.0005007
2026-04-19 21:00:00+00:00,-0.00064783
2026-04-19 22:00:00+00:00,-0.00051052
2026-04-19 23:00:00+00:00,-0.0005408
2026-04-20 00:00:00+00:00,-0.00046788
2026-04-20 01:00:00+00:00,-0.00050501
2026-04-20 02:00:00+00:00,-0.00056602
2026-04-20 03:00:00+00:00,-0.00060074
2026-04-20 04:00:00+00:00,-0.00046658
2026-04-20 05:00:00+00:00,-0.00040622
2026-04-20 06:00:00+00:00,-0.00059355
2026-04-20 07:00:00+00:00,-0.00051956
2026-04-20 08:00:00+00:00,-0.0004766
2026-04-20 09:00:00+00:00,-0.00053001
2026-04-20 10:00:00+00:00,-0.00052604
2026-04-20 11:00:00+00:00,-0.00042709
2026-04-20 12:00:00+00:00,-0.00037288
2026-04-20 13:00:00+00:00,-0.00041332
2026-04-20 14:00:00+00:00,-0.00043373
2026-04-20 15:00:00+00:00,-0.00058596
2026-04-20 16:00:00+00:00,-0.00054339
2026-04-20 17:00:00+00:00,-0.000673
2026-04-20 18:00:00+00:00,-0.00044962
2026-04-20 19:00:00+00:00,-0.0006792
2026-04-20 20:00:00+00:00,-0.0007046
2026-04-20 21:00:00+00:00,-0.00065535
2026-04-20 22:00:00+00:00,-0.00065122
2026-04-20 23:00:00+00:00,-0.00055882
2026-04-21 00:00:00+00:00,-0.00044972
2026-04-21 01:00:00+00:00,-0.00060702
2026-04-21 02:00:00+00:00,-0.00060191
2026-04-21 03:00:00+00:00,-0.0005426
2026-04-21 04:00:00+00:00,-0.00064785
2026-04-21 05:00:00+00:00,-0.00064648
2026-04-21 06:00:00+00:00,-0.00055911
2026-04-21 07:00:00+00:00,-0.00038028
2026-04-21 08:00:00+00:00,-0.0004967
2026-04-21 09:00:00+00:00,-0.00052492
2026-04-21 10:00:00+00:00,-0.00053478
2026-04-21 11:00:00+00:00,-0.0005579
2026-04-21 12:00:00+00:00,-0.00043287
2026-04-21 13:00:00+00:00,-0.00053239
2026-04-21 14:00:00+00:00,-0.00056452
2026-04-21 15:00:00+00:00,-0.00061021
2026-04-21 16:00:00+00:00,-0.00055294
2026-04-21 17:00:00+00:00,-0.00048732
2026-04-21 18:00:00+00:00,-0.00057471
2026-04-21 19:00:00+00:00,-0.00042593
2026-04-21 20:00:00+00:00,-0.00056619
2026-04-21 21:00:00+00:00,-0.00056391
2026-04-21 22:00:00+00:00,-0.00039246
2026-04-21 23:00:00+00:00,-0.00043458
2026-04-22 00:00:00+00:00,-0.0004854
2026-04-22 01:00:00+00:00,-0.00042183
2026-04-22 02:00:00+00:00,-0.00049984
2026-04-22 03:00:00+00:00,-0.00040826
2026-04-22 04:00:00+00:00,-0.00047956
2026-04-22 05:00:00+00:00,-0.00054929
2026-04-22 06:00:00+00:00,-0.00049325
2026-04-22 07:00:00+00:00,-0.0004828
2026-04-22 08:00:00+00:00,-0.000432
2026-04-22 09:00:00+00:00,-0.0005513
2026-04-22 10:00:00+00:00,-0.00049954
2026-04-22 11:00:00+00:00,-0.00044789
2026-04-22 12:00:00+00:00,-0.00052625
2026-04-22 13:00:00+00:00,-0.00060572
2026-04-22 14:00:00+00:00,-0.00057592
2026-04-22 15:00:00+00:00,-0.00058936
2026-04-22 16:00:00+00:00,-0.00054502
2026-04-22 17:00:00+00:00,-0.00063245
2026-04-22 18:00:00+00:00,-0.00066565
2026-04-22 19:00:00+00:00,-0.00065758
2026-04-22 20:00:00+00:00,-0.00062653
2026-04-22 21:00:00+00:00,-0.0005286
2026-04-22 22:00:00+00:00,-0.00054977
2026-04-22 23:00:00+00:00,-0.00050317
2026-04-23 00:00:00+00:00,-0.00058057
2026-04-23 01:00:00+00:00,-0.00047623
2026-04-23 02:00:00+00:00,-0.00061918
2026-04-23 03:00:00+00:00,-0.00055848
2026-04-23 04:00:00+00:00,-0.00058241
2026-04-23 05:00:00+00:00,-0.00061942
2026-04-23 06:00:00+00:00,-0.00045926
2026-04-23 07:00:00+00:00,-0.00051807
2026-04-23 08:00:00+00:00,-0.00045374
2026-04-23 09:00:00+00:00,-0.00053098
2026-04-23 10:00:00+00:00,-0.00047867
2026-04-23 11:00:00+00:00,-0.00060635
2026-04-23 12:00:00+00:00,-0.00045194
2026-04-23 13:00:00+00:00,-0.00048133
2026-04-23 14:00:00+00:00,-0.00029605
2026-04-23 15:00:00+00:00,-0.0005267
2026-04-23 16:00:00+00:00,-0.00071015
2026-04-23 17:00:00+00:00,-0.00065855
2026-04-23 18:00:00+00:00,-0.00053171
2026-04-23 19:00:00+00:00,-0.00056773
2026-04-23 20:00:00+00:00,-0.00048692
2026-04-23 21:00:00+00:00,-0.00049984
2026-04-23 22:00:00+00:00,-0.00047115
2026-04-23 23:00:00+00:00,-0.00055596
2026-04-24 00:00:00+00:00,-0.00044322
2026-04-24 01:00:00+00:00,-0.00049354
2026-04-24 02:00:00+00:00,-0.00050543
2026-04-24 03:00:00+00:00,-0.0005422
2026-04-24 04:00:00+00:00,-0.00048508
2026-04-24 05:00:00+00:00,-0.00057984
2026-04-24 06:00:00+00:00,-0.00044045
2026-04-24 07:00:00+00:00,-0.0003302
2026-04-24 08:00:00+00:00,-0.00043917
2026-04-24 09:00:00+00:00,-0.00044448
2026-04-24 10:00:00+00:00,-0.00042937
2026-04-24 11:00:00+00:00,-0.00047799
2026-04-24 12:00:00+00:00,-0.00051015
2026-04-24 13:00:00+00:00,-0.00052913
2026-04-24 14:00:00+00:00,-0.0005635
2026-04-24 15:00:00+00:00,-0.00049143
2026-04-24 16:00:00+00:00,-0.00054354
2026-04-24 17:00:00+00:00,-0.00053747
2026-04-24 18:00:00+00:00,-0.00050778
2026-04-24 19:00:00+00:00,-0.000478
2026-04-24 20:00:00+00:00,-0.00048699
2026-04-24 21:00:00+00:00,-0.00055642
2026-04-24 22:00:00+00:00,-0.00036704
2026-04-24 23:00:00+00:00,-0.00041094
2026-04-25 00:00:00+00:00,-0.00046986
2026-04-25 01:00:00+00:00,-0.00062077
2026-04-25 02:00:00+00:00,-0.00057891
2026-04-25 03:00:00+00:00,-0.00048709
2026-04-25 04:00:00+00:00,-0.00042314
2026-04-25 05:00:00+00:00,-0.0004625
2026-04-25 06:00:00+00:00,-0.00051241
2026-04-25 07:00:00+00:00,-0.00057929
2026-04-25 08:00:00+00:00,-0.0004822
2026-04-25 09:00:00+00:00,-0.00061145
2026-04-25 10:00:00+00:00,-0.00061813
2026-04-25 11:00:00+00:00,-0.00050506
2026-04-25 12:00:00+00:00,-0.00057745
2026-04-25 13:00:00+00:00,-0.00048939
2026-04-25 14:00:00+00:00,-0.00049873
2026-04-25 15:00:00+00:00,-0.00054752
2026-04-25 16:00:00+00:00,-0.00060957
2026-04-25 17:00:00+00:00,-0.00057522
2026-04-25 18:00:00+00:00,-0.00053135
2026-04-25 19:00:00+00:00,-0.00048925
2026-04-25 20:00:00+00:00,-0.00050403
2026-04-25 21:00:00+00:00,-0.00039636
2026-04-25 22:00:00+00:00,-0.0004189
2026-04-25 23:00:00+00:00,-0.00037615
2026-04-26 00:00:00+00:00,-0.00034276
2026-04-26 01:00:00+00:00,-0.00039906
2026-04-26 02:00:00+00:00,-0.00046001
2026-04-26 03:00:00+00:00,-0.00041178
2026-04-26 04:00:00+00:00,-0.00040914
2026-04-26 05:00:00+00:00,-0.00042585
2026-04-26 06:00:00+00:00,-0.00045056
2026-04-26 07:00:00+00:00,-0.00047341
2026-04-26 08:00:00+00:00,-0.00044536
2026-04-26 09:00:00+00:00,-0.00044631
2026-04-26 10:00:00+00:00,-0.00047384
2026-04-26 11:00:00+00:00,-0.00046605
2026-04-26 12:00:00+00:00,-0.00049838
2026-04-26 13:00:00+00:00,-0.00050173
2026-04-26 14:00:00+00:00,-0.00052638
2026-04-26 15:00:00+00:00,-0.00053052
2026-04-26 16:00:00+00:00,-0.00047413
2026-04-26 17:00:00+00:00,-0.00051983
2026-04-26 18:00:00+00:00,-0.00049628
2026-04-26 19:00:00+00:00,-0.00056258
2026-04-26 20:00:00+00:00,-0.000589
2026-04-26 21:00:00+00:00,-0.00054794
2026-04-26 22:00:00+00:00,-0.00035807
2026-04-26 23:00:00+00:00,-0.00044365
2026-04-27 00:00:00+00:00,-0.00042897
2026-04-27 01:00:00+00:00,-0.00042226
2026-04-27 02:00:00+00:00,-0.00046546
2026-04-27 03:00:00+00:00,-0.00051353
2026-04-27 04:00:00+00:00,-0.00039808
2026-04-27 05:00:00+00:00,-0.00054022
2026-04-27 06:00:00+00:00,-0.00042337
2026-04-27 07:00:00+00:00,-0.00060564
2026-04-27 08:00:00+00:00,-0.00047529
2026-04-27 09:00:00+00:00,-0.00054016
2026-04-27 10:00:00+00:00,-0.00053119
2026-04-27 11:00:00+00:00,-0.0005267
2026-04-27 12:00:00+00:00,-0.00051016
2026-04-27 13:00:00+00:00,-0.00052117
2026-04-27 14:00:00+00:00,-0.00051655
2026-04-27 15:00:00+00:00,-0.0004708
2026-04-27 16:00:00+00:00,-0.00047665
2026-04-27 17:00:00+00:00,-0.00049215
2026-04-27 18:00:00+00:00,-0.00037684
2026-04-27 19:00:00+00:00,-0.0005291
2026-04-27 20:00:00+00:00,-0.00046571
2026-04-27 21:00:00+00:00,-0.00047089
2026-04-27 22:00:00+00:00,-0.00052793
2026-04-27 23:00:00+00:00,-0.00052413
2026-04-28 00:00:00+00:00,-0.00040757
2026-04-28 01:00:00+00:00,-0.00039831
2026-04-28 02:00:00+00:00,-0.00051049
2026-04-28 03:00:00+00:00,-0.00058013
2026-04-28 04:00:00+00:00,-0.00044563
2026-04-28 05:00:00+00:00,-0.00059357
2026-04-28 06:00:00+00:00,-0.00060534
2026-04-28 07:00:00+00:00,-0.00074352
2026-04-28 08:00:00+00:00,-0.00063269
2026-04-28 09:00:00+00:00,-0.00059118
2026-04-28 10:00:00+00:00,-0.00060181
2026-04-28 11:00:00+00:00,-0.00051328
2026-04-28 12:00:00+00:00,-0.00054695
2026-04-28 13:00:00+00:00,-0.00032736
2026-04-28 14:00:00+00:00,-0.0004445
2026-04-28 15:00:00+00:00,-0.00065969
2026-04-28 16:00:00+00:00,-0.00057975
2026-04-28 17:00:00+00:00,-0.00052167
2026-04-28 18:00:00+00:00,-0.00061395
2026-04-28 19:00:00+00:00,-0.00053119
2026-04-28 20:00:00+00:00,-0.00047312
2026-04-28 21:00:00+00:00,-0.00061464
2026-04-28 22:00:00+00:00,-0.00043072
2026-04-28 23:00:00+00:00,-0.00044668
2026-04-29 00:00:00+00:00,-0.00046002
2026-04-29 01:00:00+00:00,-0.00053403
2026-04-29 02:00:00+00:00,-0.00044328
2026-04-29 03:00:00+00:00,-0.00043387
2026-04-29 04:00:00+00:00,-0.00059187
2026-04-29 05:00:00+00:00,-0.00064425
2026-04-29 06:00:00+00:00,-0.00052328
2026-04-29 07:00:00+00:00,-0.00060882
2026-04-29 08:00:00+00:00,-0.00059991
2026-04-29 09:00:00+00:00,-0.00050405
2026-04-29 10:00:00+00:00,-0.0006011
2026-04-29 11:00:00+00:00,-0.00055799
2026-04-29 12:00:00+00:00,-0.00055494
2026-04-29 13:00:00+00:00,-0.00056515
2026-04-29 14:00:00+00:00,-0.00056951
2026-04-29 15:00:00+00:00,-0.00034378
2026-04-29 16:00:00+00:00,-0.00043783
2026-04-29 17:00:00+00:00,-0.00029558
2026-04-29 18:00:00+00:00,-0.00059568
2026-04-29 19:00:00+00:00,-0.00050216
2026-04-29 20:00:00+00:00,-0.00054112
2026-04-29 21:00:00+00:00,-0.00051121
2026-04-29 22:00:00+00:00,-0.00046564
2026-04-29 23:00:00+00:00,-0.00048028
2026-04-30 00:00:00+00:00,-0.00044538
2026-04-30 01:00:00+00:00,-0.0005518
2026-04-30 02:00:00+00:00,-0.0004916
2026-04-30 03:00:00+00:00,-0.00056407
2026-04-30 04:00:00+00:00,-0.00058083
2026-04-30 05:00:00+00:00,-0.00048528
2026-04-30 06:00:00+00:00,-0.00053281
2026-04-30 07:00:00+00:00,-0.00050516
2026-04-30 08:00:00+00:00,-0.00056754
2026-04-30 09:00:00+00:00,-0.00044427
2026-04-30 10:00:00+00:00,-0.00053602
2026-04-30 11:00:00+00:00,-0.00044138
2026-04-30 12:00:00+00:00,-0.00048208
2026-04-30 13:00:00+00:00,-0.00054332
2026-04-30 14:00:00+00:00,-0.00058524
2026-04-30 15:00:00+00:00,-0.00063054
2026-04-30 16:00:00+00:00,-0.00064488
2026-04-30 17:00:00+00:00,-0.00052499
2026-04-30 18:00:00+00:00,-0.00060602
2026-04-30 19:00:00+00:00,-0.00049717
2026-04-30 20:00:00+00:00,-0.00063855
2026-04-30 21:00:00+00:00,-0.00056462
2026-04-30 22:00:00+00:00,-0.00063327
2026-04-30 23:00:00+00:00,-0.00060612
2026-05-01 00:00:00+00:00,-0.00063639
2026-05-01 01:00:00+00:00,-0.00110348
2026-05-01 02:00:00+00:00,-0.00067217
2026-05-01 03:00:00+00:00,-0.00055068
2026-05-01 04:00:00+00:00,-0.00049507
2026-05-01 05:00:00+00:00,-0.00054484
2026-05-01 06:00:00+00:00,-0.0005165
2026-05-01 07:00:00+00:00,-0.00035179
2026-05-01 08:00:00+00:00,-0.0004623
2026-05-01 09:00:00+00:00,-0.00041836
2026-05-01 10:00:00+00:00,-0.00049891
2026-05-01 11:00:00+00:00,-0.00050589
2026-05-01 12:00:00+00:00,-0.00048733
2026-05-01 13:00:00+00:00,-0.00046915
2026-05-01 14:00:00+00:00,-0.00061024
2026-05-01 15:00:00+00:00,-0.00053923
2026-05-01 16:00:00+00:00,-0.0004796
2026-05-01 17:00:00+00:00,-0.00055223
2026-05-01 18:00:00+00:00,-0.00053289
2026-05-01 19:00:00+00:00,-0.00063736
2026-05-01 20:00:00+00:00,-0.00055625
2026-05-01 21:00:00+00:00,-0.00060734
2026-05-01 22:00:00+00:00,-0.00065539
2026-05-01 23:00:00+00:00,-0.00052065
2026-05-02 00:00:00+00:00,-0.00061933
2026-05-02 01:00:00+00:00,-0.00057827
2026-05-02 02:00:00+00:00,-0.00059411
2026-05-02 03:00:00+00:00,-0.00062269
2026-05-02 04:00:00+00:00,-0.00048703
2026-05-02 05:00:00+00:00,-0.00048357
2026-05-02 06:00:00+00:00,-0.00051028
2026-05-02 07:00:00+00:00,-0.00043791
2026-05-02 08:00:00+00:00,-0.00042948
2026-05-02 09:00:00+00:00,-0.0005783
2026-05-02 10:00:00+00:00,-0.00055702
2026-05-02 11:00:00+00:00,-0.00051608
2026-05-02 12:00:00+00:00,-0.00052971
2026-05-02 13:00:00+00:00,-0.00063959
2026-05-02 14:00:00+00:00,-0.00055209
2026-05-02 15:00:00+00:00,-0.00054724
2026-05-02 16:00:00+00:00,-0.00058185
2026-05-02 17:00:00+00:00,-0.00052425
2026-05-02 18:00:00+00:00,-0.00054926
2026-05-02 19:00:00+00:00,-0.00056627
2026-05-02 20:00:00+00:00,-0.00052312
2026-05-02 21:00:00+00:00,-0.00044393
2026-05-02 22:00:00+00:00,-0.00045309
2026-05-02 23:00:00+00:00,-0.00039883
2026-05-03 00:00:00+00:00,-0.00043529
2026-05-03 01:00:00+00:00,-0.00055216
2026-05-03 02:00:00+00:00,-0.00053856
2026-05-03 03:00:00+00:00,-0.00052812
2026-05-03 04:00:00+00:00,-0.00077353
2026-05-03 05:00:00+00:00,-0.00052448
2026-05-03 06:00:00+00:00,-0.0005783
2026-05-03 07:00:00+00:00,-0.00052665
2026-05-03 08:00:00+00:00,-0.00055639
2026-05-03 09:00:00+00:00,-0.00044835
2026-05-03 10:00:00+00:00,-0.00046742
2026-05-03 11:00:00+00:00,-0.00045686
2026-05-03 12:00:00+00:00,-0.00028636
2026-05-03 13:00:00+00:00,-0.00039507
2026-05-03 14:00:00+00:00,-0.00052268
2026-05-03 15:00:00+00:00,-0.00047783
2026-05-03 16:00:00+00:00,-0.00043505
2026-05-03 17:00:00+00:00,-0.00049867
2026-05-03 18:00:00+00:00,-0.0003496
2026-05-03 19:00:00+00:00,-0.00038914
2026-05-03 20:00:00+00:00,-0.00033269
2026-05-03 21:00:00+00:00,-0.00047991
2026-05-03 22:00:00+00:00,-0.00044919
2026-05-03 23:00:00+00:00,-0.000388
2026-05-04 00:00:00+00:00,-0.0005299
2026-05-04 01:00:00+00:00,-0.00039723
2026-05-04 02:00:00+00:00,-0.00041329
2026-05-04 03:00:00+00:00,-0.00046844
2026-05-04 04:00:00+00:00,-0.00042623
2026-05-04 05:00:00+00:00,-0.00044296
2026-05-04 06:00:00+00:00,-0.00064161
2026-05-04 07:00:00+00:00,-0.000462
2026-05-04 08:00:00+00:00,-0.00048235
2026-05-04 09:00:00+00:00,-0.00065468
2026-05-04 10:00:00+00:00,-0.00040763
2026-05-04 11:00:00+00:00,-0.00051998
2026-05-04 12:00:00+00:00,-0.00054367
2026-05-04 13:00:00+00:00,-0.00060979
2026-05-04 14:00:00+00:00,-0.00061891
2026-05-04 15:00:00+00:00,-0.00036281
2026-05-04 16:00:00+00:00,-0.00058465
2026-05-04 17:00:00+00:00,-0.00061928
2026-05-04 18:00:00+00:00,-0.00063792
2026-05-04 19:00:00+00:00,-0.00057846
2026-05-04 20:00:00+00:00,-0.00067456
2026-05-04 21:00:00+00:00,-0.00065121
2026-05-04 22:00:00+00:00,-0.00054584
2026-05-04 23:00:00+00:00,-0.00048208
2026-05-05 00:00:00+00:00,-0.00045586
2026-05-05 01:00:00+00:00,-0.00051903
2026-05-05 02:00:00+00:00,-0.00044731
2026-05-05 03:00:00+00:00,-0.00048434
2026-05-05 04:00:00+00:00,-0.00049542
2026-05-05 05:00:00+00:00,-0.0005676
2026-05-05 06:00:00+00:00,-0.00053194
2026-05-05 07:00:00+00:00,-0.00037128
2026-05-05 08:00:00+00:00,-0.00050363
2026-05-05 09:00:00+00:00,-0.0005111
2026-05-05 10:00:00+00:00,-0.00047755
2026-05-05 11:00:00+00:00,-0.00057239
2026-05-05 12:00:00+00:00,-0.00060783
2026-05-05 13:00:00+00:00,-0.00059332
2026-05-05 14:00:00+00:00,-0.00057318
2026-05-05 15:00:00+00:00,-0.00049031
2026-05-05 16:00:00+00:00,-0.00054244
2026-05-05 17:00:00+00:00,-0.0005528
2026-05-05 18:00:00+00:00,-0.00045131
2026-05-05 19:00:00+00:00,-0.00058168
2026-05-05 20:00:00+00:00,-0.00059724
2026-05-05 21:00:00+00:00,-0.00065832
2026-05-05 22:00:00+00:00,-0.0006456
2026-05-05 23:00:00+00:00,-0.00078855
2026-05-06 00:00:00+00:00,-0.0007827
2026-05-06 01:00:00+00:00,-0.00066415
2026-05-06 02:00:00+00:00,-0.00049059
2026-05-06 03:00:00+00:00,-0.00055307
2026-05-06 04:00:00+00:00,-0.00048642
2026-05-06 05:00:00+00:00,-0.00053862
2026-05-06 06:00:00+00:00,-0.00051798
2026-05-06 07:00:00+00:00,-0.00043994
2026-05-06 08:00:00+00:00,-0.00046166
2026-05-06 09:00:00+00:00,-0.00044169
2026-05-06 10:00:00+00:00,-0.00058806
2026-05-06 11:00:00+00:00,-0.00054703
2026-05-06 12:00:00+00:00,-0.00036966
2026-05-06 13:00:00+00:00,-0.0004963
2026-05-06 14:00:00+00:00,-0.00055751
2026-05-06 15:00:00+00:00,-0.00032094
2026-05-06 16:00:00+00:00,-0.00036222
2026-05-06 17:00:00+00:00,-0.00052282
2026-05-06 18:00:00+00:00,-0.00056988
2026-05-06 19:00:00+00:00,-0.00059071
2026-05-06 20:00:00+00:00,-0.0006222
2026-05-06 21:00:00+00:00,-0.00061149
2026-05-06 22:00:00+00:00,-0.00054712
2026-05-06 23:00:00+00:00,-0.00057271
2026-05-07 00:00:00+00:00,-0.00046441
2026-05-07 01:00:00+00:00,-0.00045484
2026-05-07 02:00:00+00:00,-0.0005487
2026-05-07 03:00:00+00:00,-0.00047899
2026-05-07 04:00:00+00:00,-0.00038198
2026-05-07 05:00:00+00:00,-0.00050434
2026-05-07 06:00:00+00:00,-0.00052703
2026-05-07 07:00:00+00:00,-0.00056482
2026-05-07 08:00:00+00:00,-0.00048753
2026-05-07 09:00:00+00:00,-0.00053227
2026-05-07 10:00:00+00:00,-0.0004186
2026-05-07 11:00:00+00:00,-0.00044176
2026-05-07 12:00:00+00:00,-0.00049934
2026-05-07 13:00:00+00:00,-0.00036365
2026-05-07 14:00:00+00:00,-0.00046249
2026-05-07 15:00:00+00:00,-0.00048246
2026-05-07 16:00:00+00:00,-0.00054701
2026-05-07 17:00:00+00:00,-0.00041506
2026-05-07 18:00:00+00:00,-0.0004875
2026-05-07 19:00:00+00:00,-0.00030271
2026-05-07 20:00:00+00:00,-0.00047933
2026-05-07 21:00:00+00:00,-0.00027528
2026-05-07 22:00:00+00:00,-0.00042896
2026-05-07 23:00:00+00:00,-0.00071102
2026-05-08 00:00:00+00:00,-0.00046318
2026-05-08 01:00:00+00:00,-0.00048671
2026-05-08 02:00:00+00:00,-0.0004049
2026-05-08 03:00:00+00:00,-0.00054904
2026-05-08 04:00:00+00:00,-0.00044327
2026-05-08 05:00:00+00:00,-0.0004721
2026-05-08 06:00:00+00:00,-0.00049207
2026-05-08 07:00:00+00:00,-0.00043741
2026-05-08 08:00:00+00:00,-0.00041345
2026-05-08 09:00:00+00:00,-0.00045102
2026-05-08 10:00:00+00:00,-0.00052181
2026-05-08 11:00:00+00:00,-0.00051798
2026-05-08 12:00:00+00:00,-0.00050836
2026-05-08 13:00:00+00:00,-0.00045866
2026-05-08 14:00:00+00:00,-0.00048806
2026-05-08 15:00:00+00:00,-0.00039382
2026-05-08 16:00:00+00:00,-0.00056903
2026-05-08 17:00:00+00:00,-0.0004934
2026-05-08 18:00:00+00:00,-0.00058736
2026-05-08 19:00:00+00:00,-0.00055371
2026-05-08 20:00:00+00:00,-0.00035667
2026-05-08 21:00:00+00:00,-0.00053351
2026-05-08 22:00:00+00:00,-0.00046548
2026-05-08 23:00:00+00:00,-0.00058354
2026-05-09 00:00:00+00:00,-0.00054175
2026-05-09 01:00:00+00:00,-0.00055333
2026-05-09 02:00:00+00:00,-0.00056026
2026-05-09 03:00:00+00:00,-0.00054365
2026-05-09 04:00:00+00:00,-0.00036565
2026-05-09 05:00:00+00:00,-0.00052564
2026-05-09 06:00:00+00:00,-0.00057483
2026-05-09 07:00:00+00:00,-0.00047751
2026-05-09 08:00:00+00:00,-0.00052371
2026-05-09 09:00:00+00:00,-0.00050263
2026-05-09 10:00:00+00:00,-0.00046361
2026-05-09 11:00:00+00:00,-0.00037429
2026-05-09 12:00:00+00:00,-0.00038208
2026-05-09 13:00:00+00:00,-0.00046849
2026-05-09 14:00:00+00:00,-0.00053827
2026-05-09 15:00:00+00:00,-0.00034949
2026-05-09 16:00:00+00:00,-0.00055303
2026-05-09 17:00:00+00:00,-0.00047302
2026-05-09 18:00:00+00:00,-0.0005574
2026-05-09 19:00:00+00:00,-0.00059112
2026-05-09 20:00:00+00:00,-0.00052027
2026-05-09 21:00:00+00:00,-0.00054342
2026-05-09 22:00:00+00:00,-0.0005124
2026-05-09 23:00:00+00:00,-0.00058222
2026-05-10 00:00:00+00:00,-0.00056047
2026-05-10 01:00:00+00:00,-0.00053903
2026-05-10 02:00:00+00:00,-0.00039111
2026-05-10 03:00:00+00:00,-0.000526
2026-05-10 04:00:00+00:00,-0.00062173
2026-05-10 05:00:00+00:00,-0.00047236
2026-05-10 06:00:00+00:00,-0.00046938
2026-05-10 07:00:00+00:00,-0.00046413
2026-05-10 08:00:00+00:00,-0.00055728
2026-05-10 09:00:00+00:00,-0.00041136
2026-05-10 10:00:00+00:00,-0.00038908
2026-05-10 11:00:00+00:00,-0.00048369
2026-05-10 12:00:00+00:00,-0.00039813
2026-05-10 13:00:00+00:00,-0.0003994
2026-05-10 14:00:00+00:00,-0.00057002
2026-05-10 15:00:00+00:00,-0.00045233
2026-05-10 16:00:00+00:00,-0.000408
2026-05-10 17:00:00+00:00,-0.00037872
2026-05-10 18:00:00+00:00,-0.00039971
2026-05-10 19:00:00+00:00,-0.00051076
2026-05-10 20:00:00+00:00,-0.00045795
2026-05-10 21:00:00+00:00,-0.0005968
2026-05-10 22:00:00+00:00,-0.00031405
2026-05-10 23:00:00+00:00,-0.00038568
2026-05-11 00:00:00+00:00,-0.00038149
2026-05-11 01:00:00+00:00,-0.00045525
2026-05-11 02:00:00+00:00,-0.00047937
2026-05-11 03:00:00+00:00,-0.0004827
2026-05-11 04:00:00+00:00,-0.0005326
2026-05-11 05:00:00+00:00,-0.00040451
2026-05-11 06:00:00+00:00,-0.00038781
2026-05-11 07:00:00+00:00,-0.0004193
2026-05-11 08:00:00+00:00,-0.00052586
2026-05-11 09:00:00+00:00,-0.00049881
2026-05-11 10:00:00+00:00,-0.00040823
2026-05-11 11:00:00+00:00,-0.0004127
2026-05-11 12:00:00+00:00,-0.00046106
2026-05-11 13:00:00+00:00,-0.00041947
2026-05-11 14:00:00+00:00,-0.00048804
2026-05-11 15:00:00+00:00,-0.00042228
2026-05-11 16:00:00+00:00,-0.0005178
2026-05-11 17:00:00+00:00,-0.00048045
2026-05-11 18:00:00+00:00,-0.00054622
2026-05-11 19:00:00+00:00,-0.00043716
2026-05-11 20:00:00+00:00,-0.00054383
2026-05-11 21:00:00+00:00,-0.00053186
2026-05-11 22:00:00+00:00,-0.00046606
2026-05-11 23:00:00+00:00,-0.0004689
2026-05-12 00:00:00+00:00,-0.00052924
2026-05-12 01:00:00+00:00,-0.0005641
2026-05-12 02:00:00+00:00,-0.00055907
2026-05-12 03:00:00+00:00,-0.00052613
2026-05-12 04:00:00+00:00,-0.00048887
2026-05-12 05:00:00+00:00,-0.00052153
2026-05-12 06:00:00+00:00,-0.00055873
2026-05-12 07:00:00+00:00,-0.00057731
2026-05-12 08:00:00+00:00,-0.00051795
2026-05-12 09:00:00+00:00,-0.00045752
2026-05-12 10:00:00+00:00,-0.00035865
2026-05-12 11:00:00+00:00,-0.00051675
2026-05-12 12:00:00+00:00,-0.00053223
2026-05-12 13:00:00+00:00,-0.00031281
2026-05-12 14:00:00+00:00,-0.00051984
2026-05-12 15:00:00+00:00,-0.00056683
2026-05-12 16:00:00+00:00,-0.00046594
2026-05-12 17:00:00+00:00,-0.00061587
2026-05-12 18:00:00+00:00,-0.00050751
2026-05-12 19:00:00+00:00,-0.00059632
2026-05-12 20:00:00+00:00,-0.00057748
2026-05-12 21:00:00+00:00,-0.00045407
2026-05-12 22:00:00+00:00,-0.00052044
2026-05-12 23:00:00+00:00,-0.00048795
2026-05-13 00:00:00+00:00,-0.00046092
2026-05-13 01:00:00+00:00,-0.00047344
2026-05-13 02:00:00+00:00,-0.00046815
2026-05-13 03:00:00+00:00,-0.00056418
2026-05-13 04:00:00+00:00,-0.00047103
2026-05-13 05:00:00+00:00,-0.0002885
2026-05-13 06:00:00+00:00,-0.00040799
2026-05-13 07:00:00+00:00,-0.00043883
2026-05-13 08:00:00+00:00,-0.00044098
2026-05-13 09:00:00+00:00,-0.00032007
2026-05-13 10:00:00+00:00,-0.00043425
2026-05-13 11:00:00+00:00,-0.00045071
2026-05-13 12:00:00+00:00,-0.00051015
2026-05-13 13:00:00+00:00,-0.00055907
2026-05-13 14:00:00+00:00,-0.00042029
2026-05-13 15:00:00+00:00,-0.00041268
2026-05-13 16:00:00+00:00,-0.0004434
2026-05-13 17:00:00+00:00,-0.00057636
2026-05-13 18:00:00+00:00,-0.00054888
2026-05-13 19:00:00+00:00,-0.0004013
2026-05-13 20:00:00+00:00,-0.00035396
2026-05-13 21:00:00+00:00,-0.0003531
2026-05-13 22:00:00+00:00,-0.00043477
2026-05-13 23:00:00+00:00,-0.00042161
2026-05-14 00:00:00+00:00,-0.00041107
2026-05-14 01:00:00+00:00,-0.00047913
2026-05-14 02:00:00+00:00,-0.00039071
2026-05-14 03:00:00+00:00,-0.00042216
2026-05-14 04:00:00+00:00,-0.00057589
2026-05-14 05:00:00+00:00,-0.00049203
2026-05-14 06:00:00+00:00,-0.00042916
2026-05-14 07:00:00+00:00,-0.00050585
2026-05-14 08:00:00+00:00,-0.00055247
2026-05-14 09:00:00+00:00,-0.00047011
2026-05-14 10:00:00+00:00,-0.00056509
2026-05-14 11:00:00+00:00,-0.00049142
2026-05-14 12:00:00+00:00,-0.00050013
2026-05-14 13:00:00+00:00,-0.00060931
2026-05-14 14:00:00+00:00,-0.00047005
2026-05-14 15:00:00+00:00,-0.00057117
2026-05-14 16:00:00+00:00,-0.00072974
2026-05-14 17:00:00+00:00,-0.00044541
2026-05-14 18:00:00+00:00,-0.00061988
2026-05-14 19:00:00+00:00,-0.00066011
2026-05-14 20:00:00+00:00,-0.00049259
2026-05-14 21:00:00+00:00,-0.00049412
2026-05-14 22:00:00+00:00,-0.00055625
2026-05-14 23:00:00+00:00,-0.00047293
2026-05-15 00:00:00+00:00,-0.00049326
2026-05-15 01:00:00+00:00,-0.00066797
2026-05-15 02:00:00+00:00,-0.00061491
2026-05-15 03:00:00+00:00,-0.000472
2026-05-15 04:00:00+00:00,-0.00056329
2026-05-15 05:00:00+00:00,-0.0005857
2026-05-15 06:00:00+00:00,-0.00051317
2026-05-15 07:00:00+00:00,-0.00041957
2026-05-15 08:00:00+00:00,-0.00055418
2026-05-15 09:00:00+00:00,-0.00041773
2026-05-15 10:00:00+00:00,-0.00055683
2026-05-15 11:00:00+00:00,-0.0005219
2026-05-15 12:00:00+00:00,-0.0004459
2026-05-15 13:00:00+00:00,-0.00043419
2026-05-15 14:00:00+00:00,-0.00052136
2026-05-15 15:00:00+00:00,-0.0004265
2026-05-15 16:00:00+00:00,-0.00054334
2026-05-15 17:00:00+00:00,-0.0004579
2026-05-15 18:00:00+00:00,-0.00048264
2026-05-15 19:00:00+00:00,-0.00056171
2026-05-15 20:00:00+00:00,-0.00051728
2026-05-15 21:00:00+00:00,-0.00065051
2026-05-15 22:00:00+00:00,-0.00055692
2026-05-15 23:00:00+00:00,-0.00060368
2026-05-16 00:00:00+00:00,-0.00048811
2026-05-16 01:00:00+00:00,-0.00041676
2026-05-16 02:00:00+00:00,-0.00033475
2026-05-16 03:00:00+00:00,-0.00064933
2026-05-16 04:00:00+00:00,-0.00042614
2026-05-16 05:00:00+00:00,-0.00064998
2026-05-16 06:00:00+00:00,-0.00043289
2026-05-16 07:00:00+00:00,-0.00054583
2026-05-16 08:00:00+00:00,-0.00048785
2026-05-16 09:00:00+00:00,-0.00053999
2026-05-16 10:00:00+00:00,-0.00045972
2026-05-16 11:00:00+00:00,-0.00042612
2026-05-16 12:00:00+00:00,-0.00046131
2026-05-16 13:00:00+00:00,-0.00040934
2026-05-16 14:00:00+00:00,-0.00049095
2026-05-16 15:00:00+00:00,-0.00060505
2026-05-16 16:00:00+00:00,-0.00051259
2026-05-16 17:00:00+00:00,-0.00042421
2026-05-16 18:00:00+00:00,-0.00040942
2026-05-16 19:00:00+00:00,-0.00057955
2026-05-16 20:00:00+00:00,-0.00050192
2026-05-16 21:00:00+00:00,-0.00042314
2026-05-16 22:00:00+00:00,-0.00052298
2026-05-16 23:00:00+00:00,-0.00046347
2026-05-17 00:00:00+00:00,-0.00048941
2026-05-17 01:00:00+00:00,-0.00053275
2026-05-17 02:00:00+00:00,-0.00054066
2026-05-17 03:00:00+00:00,-0.0005144
2026-05-17 04:00:00+00:00,-0.000485
2026-05-17 05:00:00+00:00,-0.00038323
2026-05-17 06:00:00+00:00,-0.00043378
2026-05-17 07:00:00+00:00,-0.0004421
2026-05-17 08:00:00+00:00,-0.00042195
2026-05-17 09:00:00+00:00,-0.00055357
2026-05-17 10:00:00+00:00,-0.00052974
2026-05-17 11:00:00+00:00,-0.00033518
2026-05-17 12:00:00+00:00,-0.00046948
2026-05-17 13:00:00+00:00,-0.00052414
2026-05-17 14:00:00+00:00,-0.00044854
2026-05-17 15:00:00+00:00,-0.00052275
2026-05-17 16:00:00+00:00,-0.00055685
2026-05-17 17:00:00+00:00,-0.00051503
2026-05-17 18:00:00+00:00,-0.00051866
2026-05-17 19:00:00+00:00,-0.00057843
2026-05-17 20:00:00+00:00,-0.00048289
2026-05-17 21:00:00+00:00,-0.00037826
2026-05-17 22:00:00+00:00,-0.00053342
2026-05-17 23:00:00+00:00,-0.00056308
2026-05-18 00:00:00+00:00,-0.00047254
2026-05-18 01:00:00+00:00,-0.00048555
2026-05-18 02:00:00+00:00,-0.00043479
2026-05-18 03:00:00+00:00,-0.00040486
2026-05-18 04:00:00+00:00,-0.0004747
2026-05-18 05:00:00+00:00,-0.00048999
2026-05-18 06:00:00+00:00,-0.00047152
2026-05-18 07:00:00+00:00,-0.00042954
2026-05-18 08:00:00+00:00,-0.00036518
2026-05-18 09:00:00+00:00,-0.00040735
2026-05-18 10:00:00+00:00,-0.00048352
2026-05-18 11:00:00+00:00,-0.00048448
2026-05-18 12:00:00+00:00,-0.00034937
2026-05-18 13:00:00+00:00,-0.00046135
2026-05-18 14:00:00+00:00,-0.00043564
2026-05-18 15:00:00+00:00,-0.00047261
2026-05-18 16:00:00+00:00,-0.00042728
2026-05-18 17:00:00+00:00,-0.00044843
2026-05-18 18:00:00+00:00,-0.00052625
2026-05-18 19:00:00+00:00,-0.00044111
2026-05-18 20:00:00+00:00,-0.00049882
2026-05-18 21:00:00+00:00,-0.00044381
2026-05-18 22:00:00+00:00,-0.00039881
2026-05-18 23:00:00+00:00,-0.00049812
2026-05-19 00:00:00+00:00,-0.00056662
2026-05-19 01:00:00+00:00,-0.00050164
2026-05-19 02:00:00+00:00,-0.0003812
2026-05-19 03:00:00+00:00,-0.00054209
2026-05-19 04:00:00+00:00,-0.00046286
2026-05-19 05:00:00+00:00,-0.00046208
2026-05-19 06:00:00+00:00,-0.00030688
2026-05-19 07:00:00+00:00,-0.00046194
2026-05-19 08:00:00+00:00,-0.00052151
2026-05-19 09:00:00+00:00,-0.00032977
2026-05-19 10:00:00+00:00,-0.00041856
2026-05-19 11:00:00+00:00,-0.00053914
2026-05-19 12:00:00+00:00,-0.00047939
2026-05-19 13:00:00+00:00,-0.00032895
2026-05-19 14:00:00+00:00,-0.00033021
2026-05-19 15:00:00+00:00,-0.00043204
2026-05-19 16:00:00+00:00,-0.00032771
2026-05-19 17:00:00+00:00,-0.00027644
2026-05-19 18:00:00+00:00,-0.00043288
2026-05-19 19:00:00+00:00,-0.00046848
2026-05-19 20:00:00+00:00,-0.00047266
2026-05-19 21:00:00+00:00,-0.0003742
2026-05-19 22:00:00+00:00,-0.00048008
2026-05-19 23:00:00+00:00,-0.00042812
2026-05-20 00:00:00+00:00,-0.00041045
2026-05-20 01:00:00+00:00,-0.0003502
2026-05-20 02:00:00+00:00,-0.00044679
2026-05-20 03:00:00+00:00,-0.00038775
2026-05-20 04:00:00+00:00,-0.00037532
2026-05-20 05:00:00+00:00,-0.00046486
2026-05-20 06:00:00+00:00,-0.00043697
2026-05-20 07:00:00+00:00,-0.0004507
2026-05-20 08:00:00+00:00,-0.00044178
2026-05-20 09:00:00+00:00,-0.0004087
2026-05-20 10:00:00+00:00,-0.00043252
2026-05-20 11:00:00+00:00,-0.00036473
2026-05-20 12:00:00+00:00,-0.00049843
2026-05-20 13:00:00+00:00,-0.00045986
2026-05-20 14:00:00+00:00,-0.00033713
2026-05-20 15:00:00+00:00,-0.00037523
2026-05-20 16:00:00+00:00,-0.00046112
2026-05-20 17:00:00+00:00,-0.00043239
2026-05-20 18:00:00+00:00,-0.00049286
2026-05-20 19:00:00+00:00,-0.00039638
2026-05-20 20:00:00+00:00,-0.00038028
2026-05-20 21:00:00+00:00,-0.000576
2026-05-20 22:00:00+00:00,-0.00048725
2026-05-20 23:00:00+00:00,-0.00044057
2026-05-21 00:00:00+00:00,-0.00044738
2026-05-21 01:00:00+00:00,-0.00044585
2026-05-21 02:00:00+00:00,-0.00048011
2026-05-21 03:00:00+00:00,-0.00036428
2026-05-21 04:00:00+00:00,-0.00038649
2026-05-21 05:00:00+00:00,-0.00037324
2026-05-21 06:00:00+00:00,-0.00037477
2026-05-21 07:00:00+00:00,-0.0005799
2026-05-21 08:00:00+00:00,-0.00042382
2026-05-21 09:00:00+00:00,-0.00041015
2026-05-21 10:00:00+00:00,-0.00040801
2026-05-21 11:00:00+00:00,-0.00047857
2026-05-21 12:00:00+00:00,-0.0004646
2026-05-21 13:00:00+00:00,-0.00053607
2026-05-21 14:00:00+00:00,-0.00041439
2026-05-21 15:00:00+00:00,-0.00049242
2026-05-21 16:00:00+00:00,-0.00050541
2026-05-21 17:00:00+00:00,-0.00038336
2026-05-21 18:00:00+00:00,-0.00043467
2026-05-21 19:00:00+00:00,-0.00046999
2026-05-21 20:00:00+00:00,-0.00043292
2026-05-21 21:00:00+00:00,-0.00043763
2026-05-21 22:00:00+00:00,-0.00049894
2026-05-21 23:00:00+00:00,-0.00043668
2026-05-22 00:00:00+00:00,-0.00042346
2026-05-22 01:00:00+00:00,-0.00039449
2026-05-22 02:00:00+00:00,-0.00040961
2026-05-22 03:00:00+00:00,-0.00051435
2026-05-22 04:00:00+00:00,-0.00045729
2026-05-22 05:00:00+00:00,-0.00050598
2026-05-22 06:00:00+00:00,-0.00041266
2026-05-22 07:00:00+00:00,-0.00050617
2026-05-22 08:00:00+00:00,-0.00044507
2026-05-22 09:00:00+00:00,-0.00037689
2026-05-22 10:00:00+00:00,-0.00044724
2026-05-22 11:00:00+00:00,-0.00038699
2026-05-22 12:00:00+00:00,-0.00042653
2026-05-22 13:00:00+00:00,-0.00046748
2026-05-22 14:00:00+00:00,-0.00048047
2026-05-22 15:00:00+00:00,-0.00042919
2026-05-22 16:00:00+00:00,-0.00038613
2026-05-22 17:00:00+00:00,-0.0004635
2026-05-22 18:00:00+00:00,-0.00055681
2026-05-22 19:00:00+00:00,-0.0004193
2026-05-22 20:00:00+00:00,-0.00044342
2026-05-22 21:00:00+00:00,-0.00061464
2026-05-22 22:00:00+00:00,-0.00039461
2026-05-22 23:00:00+00:00,-0.00052807
2026-05-23 00:00:00+00:00,-0.00047243
2026-05-23 01:00:00+00:00,-0.00042102
2026-05-23 02:00:00+00:00,-0.00052852
2026-05-23 03:00:00+00:00,-0.00055505
2026-05-23 04:00:00+00:00,-0.00040042
2026-05-23 05:00:00+00:00,-0.00043523
2026-05-23 06:00:00+00:00,-0.00046965
2026-05-23 07:00:00+00:00,-0.0006229
2026-05-23 08:00:00+00:00,-0.00058756
2026-05-23 09:00:00+00:00,-0.0006303
2026-05-23 10:00:00+00:00,-0.00048446
2026-05-23 11:00:00+00:00,-0.00046905
2026-05-23 12:00:00+00:00,-0.00057024
2026-05-23 13:00:00+00:00,-0.0006232
2026-05-23 14:00:00+00:00,-0.00053832
2026-05-23 15:00:00+00:00,-0.00040378
2026-05-23 16:00:00+00:00,-0.0003647
2026-05-23 17:00:00+00:00,-0.00048178
2026-05-23 18:00:00+00:00,-0.00046593
2026-05-23 19:00:00+00:00,-0.00034245
2026-05-23 20:00:00+00:00,-0.00051847
2026-05-23 21:00:00+00:00,-0.00041464
2026-05-23 22:00:00+00:00,-0.00052744
2026-05-23 23:00:00+00:00,-0.00040795
2026-05-24 00:00:00+00:00,-0.00044055
2026-05-24 01:00:00+00:00,-0.00042824
2026-05-24 02:00:00+00:00,-0.00047668
2026-05-24 03:00:00+00:00,-0.00042881
2026-05-24 04:00:00+00:00,-0.00041045
2026-05-24 05:00:00+00:00,-0.00033441
2026-05-24 06:00:00+00:00,-0.0004386
2026-05-24 07:00:00+00:00,-0.00030891
2026-05-24 08:00:00+00:00,-0.00035326
2026-05-24 09:00:00+00:00,-0.00042796
2026-05-24 10:00:00+00:00,-0.00043502
2026-05-24 11:00:00+00:00,-0.00054669
2026-05-24 12:00:00+00:00,-0.00051009
2026-05-24 13:00:00+00:00,-0.0004685
2026-05-24 14:00:00+00:00,-0.00057926
2026-05-24 15:00:00+00:00,-0.000493
2026-05-24 16:00:00+00:00,-0.00037758
2026-05-24 17:00:00+00:00,-0.00054248
2026-05-24 18:00:00+00:00,-0.00047786
2026-05-24 19:00:00+00:00,-0.00054727
2026-05-24 20:00:00+00:00,-0.0005229
2026-05-24 21:00:00+00:00,-0.00051329
2026-05-24 22:00:00+00:00,-0.00054507
2026-05-24 23:00:00+00:00,-0.00040789
2026-05-25 00:00:00+00:00,-0.0004853
2026-05-25 01:00:00+00:00,-0.00046687
2026-05-25 02:00:00+00:00,-0.00047055
2026-05-25 03:00:00+00:00,-0.00044362
2026-05-25 04:00:00+00:00,-0.00041854
2026-05-25 05:00:00+00:00,-0.00040322
2026-05-25 06:00:00+00:00,-0.00032685
2026-05-25 07:00:00+00:00,-0.00038947
2026-05-25 08:00:00+00:00,-0.00033133
2026-05-25 09:00:00+00:00,-0.00033476
2026-05-25 10:00:00+00:00,-0.00043247
2026-05-25 11:00:00+00:00,-0.00045566
2026-05-25 12:00:00+00:00,-0.00049193
2026-05-25 13:00:00+00:00,-0.00046343
2026-05-25 14:00:00+00:00,-0.00048123
2026-05-25 15:00:00+00:00,-0.00036428
2026-05-25 16:00:00+00:00,-0.00045755
2026-05-25 17:00:00+00:00,-0.00033348
2026-05-25 18:00:00+00:00,-0.00039238
2026-05-25 19:00:00+00:00,-0.00048182
2026-05-25 20:00:00+00:00,-0.00046721
2026-05-25 21:00:00+00:00,-0.00036662
2026-05-25 22:00:00+00:00,-0.00057122
2026-05-25 23:00:00+00:00,-0.00062609
2026-05-26 00:00:00+00:00,-0.0005124
2026-05-26 01:00:00+00:00,-0.0004311
2026-05-26 02:00:00+00:00,-0.00049162
2026-05-26 03:00:00+00:00,-0.00045481
2026-05-26 04:00:00+00:00,-0.00055094
2026-05-26 05:00:00+00:00,-0.00047192
2026-05-26 06:00:00+00:00,-0.00061045
2026-05-26 07:00:00+00:00,-0.00051861
2026-05-26 08:00:00+00:00,-0.00052415
2026-05-26 09:00:00+00:00,-0.00050862
2026-05-26 10:00:00+00:00,-0.00048919
2026-05-26 11:00:00+00:00,-0.00049644
2026-05-26 12:00:00+00:00,-0.00056138
2026-05-26 13:00:00+00:00,-0.00050652
2026-05-26 14:00:00+00:00,-0.00044571
2026-05-26 15:00:00+00:00,-0.00049747
2026-05-26 16:00:00+00:00,-0.00049206
2026-05-26 17:00:00+00:00,-0.00059021
2026-05-26 18:00:00+00:00,-0.00051271
2026-05-26 19:00:00+00:00,-0.00053220
2026-05-26 20:00:00+00:00,-0.00055443
2026-05-26 21:00:00+00:00,-0.00052376
2026-05-26 22:00:00+00:00,-0.00054092
2026-05-26 23:00:00+00:00,-0.00050270
2026-05-27 00:00:00+00:00,-0.00049785
2026-05-27 01:00:00+00:00,-0.00059413
2026-05-27 02:00:00+00:00,-0.00064464
2026-05-27 03:00:00+00:00,-0.00047273
2026-05-27 04:00:00+00:00,-0.00054745
2026-05-27 05:00:00+00:00,-0.00058971
2026-05-27 06:00:00+00:00,-0.00058948
2026-05-27 07:00:00+00:00,-0.00063392
2026-05-27 08:00:00+00:00,-0.00053375
2026-05-27 09:00:00+00:00,-0.00058622
2026-05-27 10:00:00+00:00,-0.00055768
2026-05-27 11:00:00+00:00,-0.00053238
2026-05-27 12:00:00+00:00,-0.00042175
2026-05-27 13:00:00+00:00,-0.00050509
2026-05-27 14:00:00+00:00,-0.00043790
2026-05-27 15:00:00+00:00,-0.00043242
2026-05-27 16:00:00+00:00,-0.00044932
2026-05-27 17:00:00+00:00,-0.00041180
2026-05-27 18:00:00+00:00,-0.00046185
2026-05-27 19:00:00+00:00,-0.00038476
2026-05-27 20:00:00+00:00,-0.00048993
2026-05-27 21:00:00+00:00,-0.00045748
2026-05-27 22:00:00+00:00,-0.00052727
2026-05-27 23:00:00+00:00,-0.00056181
2026-05-28 00:00:00+00:00,-0.00040696
2026-05-28 01:00:00+00:00,-0.00051345
2026-05-28 02:00:00+00:00,-0.00054424
2026-05-28 03:00:00+00:00,-0.00034164
2026-05-28 04:00:00+00:00,-0.00061277
2026-05-28 05:00:00+00:00,-0.00054984
2026-05-28 06:00:00+00:00,-0.00048229
2026-05-28 07:00:00+00:00,-0.00050425
2026-05-28 08:00:00+00:00,-0.00061367
2026-05-28 09:00:00+00:00,-0.00051739
2026-05-28 10:00:00+00:00,-0.00048191
2026-05-28 11:00:00+00:00,-0.00042677
2026-05-28 12:00:00+00:00,-0.00046587
2026-05-28 13:00:00+00:00,-0.00038973
2026-05-28 14:00:00+00:00,-0.00036702
2026-05-28 15:00:00+00:00,-0.00031991
2026-05-28 16:00:00+00:00,-0.00030585
2026-05-28 17:00:00+00:00,-0.00044873
2026-05-28 18:00:00+00:00,-0.00034643
2026-05-28 19:00:00+00:00,-0.00034392
2026-05-28 20:00:00+00:00,-0.00048693
2026-05-28 21:00:00+00:00,-0.00048905
2026-05-28 22:00:00+00:00,-0.00050866
2026-05-28 23:00:00+00:00,-0.00023449
2026-05-29 00:00:00+00:00,-0.00020562
2026-05-29 01:00:00+00:00,-0.00036501
2026-05-29 02:00:00+00:00,-0.00051697
2026-05-29 03:00:00+00:00,-0.00049453
2026-05-29 04:00:00+00:00,-0.00042716
2026-05-29 05:00:00+00:00,-0.00052110
2026-05-29 06:00:00+00:00,-0.00047528
2026-05-29 07:00:00+00:00,-0.00055126
2026-05-29 08:00:00+00:00,-0.00041982
2026-05-29 09:00:00+00:00,-0.00044478
2026-05-29 10:00:00+00:00,-0.00061695
2026-05-29 11:00:00+00:00,-0.00047491
2026-05-29 12:00:00+00:00,-0.00059266
2026-05-29 13:00:00+00:00,-0.00042927
2026-05-29 14:00:00+00:00,-0.00044775
2026-05-29 15:00:00+00:00,-0.00041296
2026-05-29 16:00:00+00:00,-0.00036235
2026-05-29 17:00:00+00:00,-0.00045400
2026-05-29 18:00:00+00:00,-0.00051461
2026-05-29 19:00:00+00:00,-0.00045557
2026-05-29 20:00:00+00:00,-0.00044854
2026-05-29 21:00:00+00:00,-0.00037811
2026-05-29 22:00:00+00:00,-0.00038757
2026-05-29 23:00:00+00:00,-0.00043392
2026-05-30 00:00:00+00:00,-0.00058781
2026-05-30 01:00:00+00:00,-0.00037949
2026-05-30 02:00:00+00:00,-0.00061517
2026-05-30 03:00:00+00:00,-0.00040422
2026-05-30 04:00:00+00:00,-0.00048279
2026-05-30 05:00:00+00:00,-0.00058530
2026-05-30 06:00:00+00:00,-0.00056574
2026-05-30 07:00:00+00:00,-0.00039108
2026-05-30 08:00:00+00:00,-0.00050132
2026-05-30 09:00:00+00:00,-0.00048286
2026-05-30 10:00:00+00:00,-0.00042354
2026-05-30 11:00:00+00:00,-0.00043152
2026-05-30 12:00:00+00:00,-0.00051820
2026-05-30 13:00:00+00:00,-0.00041012
2026-05-30 14:00:00+00:00,-0.00045665
2026-05-30 15:00:00+00:00,-0.00045238
2026-05-30 16:00:00+00:00,-0.00041631
2026-05-30 17:00:00+00:00,-0.00043597
2026-05-30 18:00:00+00:00,-0.00038179
2026-05-30 19:00:00+00:00,-0.00047282
2026-05-30 20:00:00+00:00,-0.00043535
2026-05-30 21:00:00+00:00,-0.00042316
2026-05-30 22:00:00+00:00,-0.00036080
2026-05-30 23:00:00+00:00,-0.00046504
2026-05-31 00:00:00+00:00,-0.00043691
2026-05-31 01:00:00+00:00,-0.00042085
2026-05-31 02:00:00+00:00,-0.00053393
2026-05-31 03:00:00+00:00,-0.00050323
2026-05-31 04:00:00+00:00,-0.00053702
2026-05-31 05:00:00+00:00,-0.00044319
2026-05-31 06:00:00+00:00,-0.00051580
2026-05-31 07:00:00+00:00,-0.00032664
2026-05-31 08:00:00+00:00,-0.00038172
2026-05-31 09:00:00+00:00,-0.00045957
2026-05-31 10:00:00+00:00,-0.00037578
2026-05-31 11:00:00+00:00,-0.00043380
2026-05-31 12:00:00+00:00,-0.00034780
2026-05-31 13:00:00+00:00,-0.00040380
2026-05-31 14:00:00+00:00,-0.00055437
2026-05-31 15:00:00+00:00,-0.00043062
2026-05-31 16:00:00+00:00,-0.00038651
2026-05-31 17:00:00+00:00,-0.00044274
2026-05-31 18:00:00+00:00,-0.00034477
2026-05-31 19:00:00+00:00,-0.00050034
2026-05-31 20:00:00+00:00,-0.00053155
2026-05-31 21:00:00+00:00,-0.00053443
2026-05-31 22:00:00+00:00,-0.00039838
2026-05-31 23:00:00+00:00,-0.00054646
2026-06-01 00:00:00+00:00,-0.00052590
2026-06-01 01:00:00+00:00,-0.00060234
2026-06-01 02:00:00+00:00,-0.00042078
2026-06-01 03:00:00+00:00,-0.00045542
2026-06-01 04:00:00+00:00,-0.00059060
2026-06-01 05:00:00+00:00,-0.00064420
2026-06-01 06:00:00+00:00,-0.00052207
2026-06-01 07:00:00+00:00,-0.00052762
2026-06-01 08:00:00+00:00,-0.00050662
2026-06-01 09:00:00+00:00,-0.00035416
2026-06-01 10:00:00+00:00,-0.00052553
2026-06-01 11:00:00+00:00,-0.00059909
2026-06-01 12:00:00+00:00,-0.00047731
2026-06-01 13:00:00+00:00,-0.00043470
2026-06-01 14:00:00+00:00,-0.00028562
2026-06-01 15:00:00+00:00,-0.00032656
2026-06-01 16:00:00+00:00,-0.00030121
2026-06-01 17:00:00+00:00,-0.00032153
2026-06-01 18:00:00+00:00,-0.00032707
2026-06-01 19:00:00+00:00,-0.00023665
2026-06-01 20:00:00+00:00,-0.00026345
2026-06-01 21:00:00+00:00,-0.00022431
2026-06-01 22:00:00+00:00,-0.00032360
2026-06-01 23:00:00+00:00,-0.00028250
2026-06-02 00:00:00+00:00,-0.00036117
2026-06-02 01:00:00+00:00,-0.00031120
2026-06-02 02:00:00+00:00,-0.00034938
2026-06-02 03:00:00+00:00,-0.00018969
2026-06-02 04:00:00+00:00,-0.00028545
2026-06-02 05:00:00+00:00,-0.00031761
2026-06-02 06:00:00+00:00,-0.00048643
2026-06-02 07:00:00+00:00,-0.00047505
2026-06-02 08:00:00+00:00,-0.00030473
2026-06-02 09:00:00+00:00,-0.00034524
2026-06-02 10:00:00+00:00,-0.00031787
2026-06-02 11:00:00+00:00,-0.00043232
2026-06-02 12:00:00+00:00,-0.00035502
2026-06-02 13:00:00+00:00,-0.00038795
2026-06-02 14:00:00+00:00,-0.00043239
2026-06-02 15:00:00+00:00,-0.00044796
2026-06-02 16:00:00+00:00,-0.00048772
2026-06-02 17:00:00+00:00,-0.00060801
2026-06-02 18:00:00+00:00,-0.00040689
2026-06-02 19:00:00+00:00,-0.00056000
2026-06-02 20:00:00+00:00,-0.00058817
2026-06-02 21:00:00+00:00,-0.00050294
2026-06-02 22:00:00+00:00,-0.00051764
2026-06-02 23:00:00+00:00,-0.00056649
2026-06-03 00:00:00+00:00,-0.00062717
2026-06-03 01:00:00+00:00,-0.00049521
2026-06-03 02:00:00+00:00,-0.00052961
2026-06-03 03:00:00+00:00,-0.00043495
2026-06-03 04:00:00+00:00,-0.00043019
2026-06-03 05:00:00+00:00,-0.00029649
2026-06-03 06:00:00+00:00,-0.00049480
2026-06-03 07:00:00+00:00,-0.00050374
2026-06-03 08:00:00+00:00,-0.00044403
2026-06-03 09:00:00+00:00,-0.00042039
2026-06-03 10:00:00+00:00,-0.00040053
2026-06-03 11:00:00+00:00,-0.00042078
2026-06-03 12:00:00+00:00,-0.00038380
2026-06-03 13:00:00+00:00,-0.00043158
2026-06-03 14:00:00+00:00,-0.00046462
2026-06-03 15:00:00+00:00,-0.00042510
2026-06-03 16:00:00+00:00,-0.00053234
2026-06-03 17:00:00+00:00,-0.00041914
2026-06-03 18:00:00+00:00,-0.00048783
2026-06-03 19:00:00+00:00,-0.00038814
2026-06-03 20:00:00+00:00,-0.00049737
2026-06-03 21:00:00+00:00,-0.00044052
2026-06-03 22:00:00+00:00,-0.00049164
2026-06-03 23:00:00+00:00,-0.00047266
2026-06-04 00:00:00+00:00,-0.00047924
2026-06-04 01:00:00+00:00,-0.00058908
2026-06-04 02:00:00+00:00,-0.00040300
2026-06-04 03:00:00+00:00,-0.00041307
2026-06-04 04:00:00+00:00,-0.00048369
2026-06-04 05:00:00+00:00,-0.00050017
2026-06-04 06:00:00+00:00,-0.00045175
2026-06-04 07:00:00+00:00,-0.00057290
2026-06-04 08:00:00+00:00,-0.00051735
2026-06-04 09:00:00+00:00,-0.00059256
2026-06-04 10:00:00+00:00,-0.00071868
2026-06-04 11:00:00+00:00,-0.00055862
2026-06-04 12:00:00+00:00,-0.00050963
2026-06-04 13:00:00+00:00,-0.00044331
2026-06-04 14:00:00+00:00,-0.00032523
2026-06-04 15:00:00+00:00,-0.00036114
2026-06-04 16:00:00+00:00,-0.00052515
2026-06-04 17:00:00+00:00,-0.00042344
2026-06-04 18:00:00+00:00,-0.00054578
2026-06-04 19:00:00+00:00,-0.00055617
2026-06-04 20:00:00+00:00,-0.00063119
2026-06-04 21:00:00+00:00,-0.00049722
2026-06-04 22:00:00+00:00,-0.00062943
2026-06-04 23:00:00+00:00,-0.00046052
2026-06-05 00:00:00+00:00,-0.00052558
2026-06-05 01:00:00+00:00,-0.00049971
2026-06-05 02:00:00+00:00,-0.00052295
2026-06-05 03:00:00+00:00,-0.00061780
2026-06-05 04:00:00+00:00,-0.00007332
2026-06-05 05:00:00+00:00,-0.00059098
2026-06-05 06:00:00+00:00,-0.00043288
2026-06-05 07:00:00+00:00,-0.00054496
2026-06-05 08:00:00+00:00,-0.00048842
2026-06-05 09:00:00+00:00,-0.00046298
2026-06-05 10:00:00+00:00,-0.00038216
2026-06-05 11:00:00+00:00,-0.00053501
2026-06-05 12:00:00+00:00,-0.00059063
2026-06-05 13:00:00+00:00,-0.00071236
2026-06-05 14:00:00+00:00,-0.00063592
2026-06-05 15:00:00+00:00,-0.00055771
2026-06-05 16:00:00+00:00,-0.00046723
2026-06-05 17:00:00+00:00,-0.00047405
2026-06-05 18:00:00+00:00,-0.00045169
2026-06-05 19:00:00+00:00,-0.00052668
2026-06-05 20:00:00+00:00,-0.00056044
2026-06-05 21:00:00+00:00,-0.00052955
2026-06-05 22:00:00+00:00,-0.00042805
2026-06-05 23:00:00+00:00,-0.00053033
2026-06-06 00:00:00+00:00,-0.00045209
2026-06-06 01:00:00+00:00,-0.00044052
2026-06-06 02:00:00+00:00,-0.00047020
2026-06-06 03:00:00+00:00,-0.00039998
2026-06-06 04:00:00+00:00,-0.00065999
2026-06-06 05:00:00+00:00,-0.00051513
2026-06-06 06:00:00+00:00,-0.00034186
2026-06-06 07:00:00+00:00,-0.00050230
2026-06-06 08:00:00+00:00,-0.00043104
2026-06-06 09:00:00+00:00,-0.00059729
2026-06-06 10:00:00+00:00,-0.00067264
2026-06-06 11:00:00+00:00,-0.00050452
2026-06-06 12:00:00+00:00,-0.00050130
2026-06-06 13:00:00+00:00,-0.00046566
2026-06-06 14:00:00+00:00,-0.00057940
2026-06-06 15:00:00+00:00,-0.00039606
2026-06-06 16:00:00+00:00,-0.00044731
2026-06-06 17:00:00+00:00,-0.00051436
2026-06-06 18:00:00+00:00,-0.00048419
2026-06-06 19:00:00+00:00,-0.00056051
2026-06-06 20:00:00+00:00,-0.00056494
2026-06-06 21:00:00+00:00,-0.00053891
2026-06-06 22:00:00+00:00,-0.00049506
2026-06-06 23:00:00+00:00,-0.00043685
2026-06-07 00:00:00+00:00,-0.00040380
2026-06-07 01:00:00+00:00,-0.00044524
2026-06-07 02:00:00+00:00,-0.00050401
2026-06-07 03:00:00+00:00,-0.00050168
2026-06-07 04:00:00+00:00,-0.00057439
2026-06-07 05:00:00+00:00,-0.00061117
2026-06-07 06:00:00+00:00,-0.00047618
2026-06-07 07:00:00+00:00,-0.00051020
2026-06-07 08:00:00+00:00,-0.00054660
2026-06-07 09:00:00+00:00,-0.00043204
2026-06-07 10:00:00+00:00,-0.00055628
2026-06-07 11:00:00+00:00,-0.00050373
2026-06-07 12:00:00+00:00,-0.00044991
2026-06-07 13:00:00+00:00,-0.00047902
2026-06-07 14:00:00+00:00,-0.00055078
2026-06-07 15:00:00+00:00,-0.00047094
2026-06-07 16:00:00+00:00,-0.00054219
2026-06-07 17:00:00+00:00,-0.00049644
2026-06-07 18:00:00+00:00,-0.00050731
2026-06-07 19:00:00+00:00,-0.00044876
2026-06-07 20:00:00+00:00,-0.00046187
2026-06-07 21:00:00+00:00,-0.00055798
2026-06-07 22:00:00+00:00,-0.00045734
2026-06-07 23:00:00+00:00,-0.00040903
2026-06-08 00:00:00+00:00,-0.00055761
2026-06-08 01:00:00+00:00,-0.00059688
2026-06-08 02:00:00+00:00,-0.00046076
2026-06-08 03:00:00+00:00,-0.00048551
2026-06-08 04:00:00+00:00,-0.00043096
2026-06-08 05:00:00+00:00,-0.00043400
2026-06-08 06:00:00+00:00,-0.00051515
2026-06-08 07:00:00+00:00,-0.00044052
2026-06-08 08:00:00+00:00,-0.00053347
2026-06-08 09:00:00+00:00,-0.00041652
2026-06-08 10:00:00+00:00,-0.00038720
2026-06-08 11:00:00+00:00,-0.00049977
2026-06-08 12:00:00+00:00,-0.00044706
2026-06-08 13:00:00+00:00,-0.00047808
2026-06-08 14:00:00+00:00,-0.00044465
2026-06-08 15:00:00+00:00,-0.00047366
2026-06-08 16:00:00+00:00,-0.00047339
2026-06-08 17:00:00+00:00,-0.00045899
2026-06-08 18:00:00+00:00,-0.00043052
2026-06-08 19:00:00+00:00,-0.00048799
2026-06-08 20:00:00+00:00,-0.00052207
2026-06-08 21:00:00+00:00,-0.00038637
2026-06-08 22:00:00+00:00,-0.00047507
2026-06-08 23:00:00+00:00,-0.00050360
2026-06-09 00:00:00+00:00,-0.00046728
2026-06-09 01:00:00+00:00,-0.00051482
2026-06-09 02:00:00+00:00,-0.00051158
2026-06-09 03:00:00+00:00,-0.00051278
2026-06-09 04:00:00+00:00,-0.00060008
2026-06-09 05:00:00+00:00,-0.00032486
2026-06-09 06:00:00+00:00,-0.00040184
2026-06-09 07:00:00+00:00,-0.00042422
2026-06-09 08:00:00+00:00,-0.00057761
2026-06-09 09:00:00+00:00,-0.00053517
2026-06-09 10:00:00+00:00,-0.00056182
2026-06-09 11:00:00+00:00,-0.00058195
2026-06-09 12:00:00+00:00,-0.00049417
2026-06-09 13:00:00+00:00,-0.00041659
2026-06-09 14:00:00+00:00,-0.00050518
2026-06-09 15:00:00+00:00,-0.00033326
2026-06-09 16:00:00+00:00,-0.00042199
2026-06-09 17:00:00+00:00,-0.00040542
2026-06-09 18:00:00+00:00,-0.00036971
2026-06-09 19:00:00+00:00,-0.00047776
2026-06-09 20:00:00+00:00,-0.00040199
2026-06-09 21:00:00+00:00,-0.00035681
2026-06-09 22:00:00+00:00,-0.00049511
2026-06-09 23:00:00+00:00,-0.00043657
2026-06-10 00:00:00+00:00,-0.00042245
2026-06-10 01:00:00+00:00,-0.00040961
2026-06-10 02:00:00+00:00,-0.00036555
2026-06-10 03:00:00+00:00,-0.00057567
2026-06-10 04:00:00+00:00,-0.00049012
2026-06-10 05:00:00+00:00,-0.00064553
2026-06-10 06:00:00+00:00,-0.00058253
2026-06-10 07:00:00+00:00,-0.00051480
2026-06-10 08:00:00+00:00,-0.00049725
2026-06-10 09:00:00+00:00,-0.00057309
2026-06-10 10:00:00+00:00,-0.00047079
2026-06-10 11:00:00+00:00,-0.00052568
2026-06-10 12:00:00+00:00,-0.00052920
2026-06-10 13:00:00+00:00,-0.00035859
2026-06-10 14:00:00+00:00,-0.00035609
2026-06-10 15:00:00+00:00,-0.00043946
2026-06-10 16:00:00+00:00,-0.00048734
2026-06-10 17:00:00+00:00,-0.00052456
2026-06-10 18:00:00+00:00,-0.00053170
2026-06-10 19:00:00+00:00,-0.00043748
2026-06-10 20:00:00+00:00,-0.00050968
2026-06-10 21:00:00+00:00,-0.00043123
2026-06-10 22:00:00+00:00,-0.00050768
2026-06-10 23:00:00+00:00,-0.00047636
2026-06-11 00:00:00+00:00,-0.00050862
2026-06-11 01:00:00+00:00,-0.00056226
2026-06-11 02:00:00+00:00,-0.00047611
2026-06-11 03:00:00+00:00,-0.00029493
2026-06-11 04:00:00+00:00,-0.00030990
2026-06-11 05:00:00+00:00,-0.00043924
2026-06-11 06:00:00+00:00,-0.00048817
2026-06-11 07:00:00+00:00,-0.00040275
2026-06-11 08:00:00+00:00,-0.00040978
2026-06-11 09:00:00+00:00,-0.00035485
2026-06-11 10:00:00+00:00,-0.00038583
2026-06-11 11:00:00+00:00,-0.00044395
2026-06-11 12:00:00+00:00,-0.00047514
2026-06-11 13:00:00+00:00,-0.00047607
2026-06-11 14:00:00+00:00,-0.00042014
2026-06-11 15:00:00+00:00,-0.00043779
2026-06-11 16:00:00+00:00,-0.00054257
2026-06-11 17:00:00+00:00,-0.00038698
2026-06-11 18:00:00+00:00,-0.00043131
2026-06-11 19:00:00+00:00,-0.00049825
2026-06-11 20:00:00+00:00,-0.00030493
2026-06-11 21:00:00+00:00,-0.00037021
2026-06-11 22:00:00+00:00,-0.00042026
2026-06-11 23:00:00+00:00,-0.00045994
2026-06-12 00:00:00+00:00,-0.00052138
2026-06-12 01:00:00+00:00,-0.00040147
2026-06-12 02:00:00+00:00,-0.00042829
2026-06-12 03:00:00+00:00,-0.00046715
2026-06-12 04:00:00+00:00,-0.00054220
2026-06-12 05:00:00+00:00,-0.00042848
2026-06-12 06:00:00+00:00,-0.00044794
2026-06-12 07:00:00+00:00,-0.00047880
2026-06-12 08:00:00+00:00,-0.00051977
2026-06-12 09:00:00+00:00,-0.00048341
2026-06-12 10:00:00+00:00,-0.00052153
2026-06-12 11:00:00+00:00,-0.00048874
2026-06-12 12:00:00+00:00,-0.00035479
2026-06-12 13:00:00+00:00,-0.00041419
2026-06-12 14:00:00+00:00,-0.00034390
2026-06-12 15:00:00+00:00,-0.00049545
2026-06-12 16:00:00+00:00,-0.00049143
2026-06-12 17:00:00+00:00,-0.00046752
2026-06-12 18:00:00+00:00,-0.00044714
2026-06-12 19:00:00+00:00,-0.00053837
2026-06-12 20:00:00+00:00,-0.00036571
2026-06-12 21:00:00+00:00,-0.00050993
2026-06-12 22:00:00+00:00,-0.00047873
2026-06-12 23:00:00+00:00,-0.00051313
2026-06-13 00:00:00+00:00,-0.00050555
2026-06-13 01:00:00+00:00,-0.00051182
2026-06-13 02:00:00+00:00,-0.00048502
2026-06-13 03:00:00+00:00,-0.00059372
2026-06-13 04:00:00+00:00,-0.00046006
2026-06-13 05:00:00+00:00,-0.00047267
2026-06-13 06:00:00+00:00,-0.00045874
2026-06-13 07:00:00+00:00,-0.00046542
2026-06-13 08:00:00+00:00,-0.00042746
2026-06-13 09:00:00+00:00,-0.00055061
2026-06-13 10:00:00+00:00,-0.00038363
2026-06-13 11:00:00+00:00,-0.00049075
2026-06-13 12:00:00+00:00,-0.00047053
2026-06-13 13:00:00+00:00,-0.00040932
2026-06-13 14:00:00+00:00,-0.00050296
2026-06-13 15:00:00+00:00,-0.00050476
2026-06-13 16:00:00+00:00,-0.00043111
2026-06-13 17:00:00+00:00,-0.00047718
2026-06-13 18:00:00+00:00,-0.00039611
2026-06-13 19:00:00+00:00,-0.00053984
2026-06-13 20:00:00+00:00,-0.00043154
2026-06-13 21:00:00+00:00,-0.00044591
2026-06-13 22:00:00+00:00,-0.00052510
2026-06-13 23:00:00+00:00,-0.00062620
2026-06-14 00:00:00+00:00,-0.00048238
2026-06-14 01:00:00+00:00,-0.00050795
2026-06-14 02:00:00+00:00,-0.00049739
2026-06-14 03:00:00+00:00,-0.00057015
2026-06-14 04:00:00+00:00,-0.00042607
2026-06-14 05:00:00+00:00,-0.00049272
2026-06-14 06:00:00+00:00,-0.00049730
2026-06-14 07:00:00+00:00,-0.00044684
2026-06-14 08:00:00+00:00,-0.00052362
2026-06-14 09:00:00+00:00,-0.00051979
2026-06-14 10:00:00+00:00,-0.00056903
2026-06-14 11:00:00+00:00,-0.00053562
2026-06-14 12:00:00+00:00,-0.00040961
2026-06-14 13:00:00+00:00,-0.00058599
2026-06-14 14:00:00+00:00,-0.00037833
2026-06-14 15:00:00+00:00,-0.00041088
2026-06-14 16:00:00+00:00,-0.00042065
2026-06-14 17:00:00+00:00,-0.00038248
2026-06-14 18:00:00+00:00,-0.00049032
2026-06-14 19:00:00+00:00,-0.00051494
2026-06-14 20:00:00+00:00,-0.00055573
2026-06-14 21:00:00+00:00,-0.00050111
2026-06-14 22:00:00+00:00,-0.00043013
2026-06-14 23:00:00+00:00,-0.00050202
2026-06-15 00:00:00+00:00,-0.00039699
2026-06-15 01:00:00+00:00,-0.00045426
2026-06-15 02:00:00+00:00,-0.00046675
2026-06-15 03:00:00+00:00,-0.00051607
2026-06-15 04:00:00+00:00,-0.00044205
2026-06-15 05:00:00+00:00,-0.00044975
2026-06-15 06:00:00+00:00,-0.00057776
2026-06-15 07:00:00+00:00,-0.00053460
2026-06-15 08:00:00+00:00,-0.00054817
2026-06-15 09:00:00+00:00,-0.00044777
2026-06-15 10:00:00+00:00,-0.00053345
2026-06-15 11:00:00+00:00,-0.00043570
2026-06-15 12:00:00+00:00,-0.00056307
2026-06-15 13:00:00+00:00,-0.00051526
2026-06-15 14:00:00+00:00,-0.00065254
2026-06-15 15:00:00+00:00,-0.00048711
2026-06-15 16:00:00+00:00,-0.00034751
2026-06-15 17:00:00+00:00,-0.00037618
2026-06-15 18:00:00+00:00,-0.00054086
2026-06-15 19:00:00+00:00,-0.00051374
2026-06-15 20:00:00+00:00,-0.00050925
2026-06-15 21:00:00+00:00,-0.00041281
2026-06-15 22:00:00+00:00,-0.00050382
2026-06-15 23:00:00+00:00,-0.00055541
2026-06-16 00:00:00+00:00,-0.00054887
2026-06-16 01:00:00+00:00,-0.00046610
2026-06-16 02:00:00+00:00,-0.00063006
2026-06-16 03:00:00+00:00,-0.00064865
2026-06-16 04:00:00+00:00,-0.00051144
2026-06-16 05:00:00+00:00,-0.00055668
2026-06-16 06:00:00+00:00,-0.00056228
2026-06-16 07:00:00+00:00,-0.00052223
2026-06-16 08:00:00+00:00,-0.00057645
2026-06-16 09:00:00+00:00,-0.00059005
2026-06-16 10:00:00+00:00,-0.00047978
2026-06-16 11:00:00+00:00,-0.00041428
2026-06-16 12:00:00+00:00,-0.00046424
2026-06-16 13:00:00+00:00,-0.00039255
2026-06-16 14:00:00+00:00,-0.00046316
2026-06-16 15:00:00+00:00,-0.00051903
2026-06-16 16:00:00+00:00,-0.00040725
2026-06-16 17:00:00+00:00,-0.00047138
2026-06-16 18:00:00+00:00,-0.00054387
2026-06-16 19:00:00+00:00,-0.00042496
2026-06-16 20:00:00+00:00,-0.00043499
2026-06-16 21:00:00+00:00,-0.00039731
2026-06-16 22:00:00+00:00,-0.00043489
2026-06-16 23:00:00+00:00,-0.00048107
2026-06-17 00:00:00+00:00,-0.00050704
2026-06-17 01:00:00+00:00,-0.00054432
2026-06-17 02:00:00+00:00,-0.00053953
2026-06-17 03:00:00+00:00,-0.00034480
2026-06-17 04:00:00+00:00,-0.00046848
2026-06-17 05:00:00+00:00,-0.00038927
2026-06-17 06:00:00+00:00,-0.00042252
2026-06-17 07:00:00+00:00,-0.00060866
2026-06-17 08:00:00+00:00,-0.00052887
2026-06-17 09:00:00+00:00,-0.00032564
2026-06-17 10:00:00+00:00,-0.00050919
2026-06-17 11:00:00+00:00,-0.00053697
2026-06-17 12:00:00+00:00,-0.00040935
2026-06-17 13:00:00+00:00,-0.00052298
2026-06-17 14:00:00+00:00,-0.00058557
2026-06-17 15:00:00+00:00,-0.00068516
2026-06-17 16:00:00+00:00,-0.00049836
2026-06-17 17:00:00+00:00,-0.00038858
2026-06-17 18:00:00+00:00,-0.00054605
2026-06-17 19:00:00+00:00,-0.00056806
2026-06-17 20:00:00+00:00,-0.00056443
2026-06-17 21:00:00+00:00,-0.00056271
2026-06-17 22:00:00+00:00,-0.00047719
2026-06-17 23:00:00+00:00,-0.00046587
2026-06-18 00:00:00+00:00,-0.00042625
2026-06-18 01:00:00+00:00,-0.00045210
2026-06-18 02:00:00+00:00,-0.00049789
2026-06-18 03:00:00+00:00,-0.00045406
2026-06-18 04:00:00+00:00,-0.00047055
2026-06-18 05:00:00+00:00,-0.00061900
2026-06-18 06:00:00+00:00,-0.00049370
2026-06-18 07:00:00+00:00,-0.00054835
2026-06-18 08:00:00+00:00,-0.00041714
2026-06-18 09:00:00+00:00,-0.00039193
2026-06-18 10:00:00+00:00,-0.00056461
2026-06-18 11:00:00+00:00,-0.00051503
2026-06-18 12:00:00+00:00,-0.00060714
2026-06-18 13:00:00+00:00,-0.00058370
2026-06-18 14:00:00+00:00,-0.00047047
2026-06-18 15:00:00+00:00,-0.00074567
2026-06-18 16:00:00+00:00,-0.00057261
2026-06-18 17:00:00+00:00,-0.00059832
2026-06-18 18:00:00+00:00,-0.00057556
2026-06-18 19:00:00+00:00,-0.00061690
2026-06-18 20:00:00+00:00,-0.00054484
2026-06-18 21:00:00+00:00,-0.00039275
2026-06-18 22:00:00+00:00,-0.00046528
2026-06-18 23:00:00+00:00,-0.00055237
2026-06-19 00:00:00+00:00,-0.00066516
2026-06-19 01:00:00+00:00,-0.00059498
2026-06-19 02:00:00+00:00,-0.00051328
2026-06-19 03:00:00+00:00,-0.00052557
2026-06-19 04:00:00+00:00,-0.00049910
2026-06-19 05:00:00+00:00,-0.00059877
2026-06-19 06:00:00+00:00,-0.00043093
2026-06-19 07:00:00+00:00,-0.00063703
2026-06-19 08:00:00+00:00,-0.00058442
2026-06-19 09:00:00+00:00,-0.00041546
2026-06-19 10:00:00+00:00,-0.00059615
2026-06-19 11:00:00+00:00,-0.00058188
2026-06-19 12:00:00+00:00,-0.00061035
2026-06-19 13:00:00+00:00,-0.00064717
2026-06-19 14:00:00+00:00,-0.00058823
2026-06-19 15:00:00+00:00,-0.00052198
2026-06-19 16:00:00+00:00,-0.00051885
2026-06-19 17:00:00+00:00,-0.00041131
2026-06-19 18:00:00+00:00,-0.00056396
2026-06-19 19:00:00+00:00,-0.00051027
2026-06-19 20:00:00+00:00,-0.00047510
2026-06-19 21:00:00+00:00,-0.00041312
2026-06-19 22:00:00+00:00,-0.00055360
2026-06-19 23:00:00+00:00,-0.00056217
2026-06-20 00:00:00+00:00,-0.00052725
2026-06-20 01:00:00+00:00,-0.00062186
2026-06-20 02:00:00+00:00,-0.00048751
2026-06-20 03:00:00+00:00,-0.00047758
2026-06-20 04:00:00+00:00,-0.00048533
2026-06-20 05:00:00+00:00,-0.00045665
2026-06-20 06:00:00+00:00,-0.00051611
2026-06-20 07:00:00+00:00,-0.00052031
2026-06-20 08:00:00+00:00,-0.00044678
2026-06-20 09:00:00+00:00,-0.00051145
2026-06-20 10:00:00+00:00,-0.00046571
2026-06-20 11:00:00+00:00,-0.00050167
2026-06-20 12:00:00+00:00,-0.00050620
2026-06-20 13:00:00+00:00,-0.00043733
2026-06-20 14:00:00+00:00,-0.00041516
2026-06-20 15:00:00+00:00,-0.00042133
2026-06-20 16:00:00+00:00,-0.00046507
2026-06-20 17:00:00+00:00,-0.00050176
2026-06-20 18:00:00+00:00,-0.00055338
2026-06-20 19:00:00+00:00,-0.00056004
2026-06-20 20:00:00+00:00,-0.00044382
2026-06-20 21:00:00+00:00,-0.00040468
2026-06-20 22:00:00+00:00,-0.00047405
2026-06-20 23:00:00+00:00,-0.00050982
2026-06-21 00:00:00+00:00,-0.00036427
2026-06-21 01:00:00+00:00,-0.00044179
2026-06-21 02:00:00+00:00,-0.00047960
2026-06-21 03:00:00+00:00,-0.00053959
2026-06-21 04:00:00+00:00,-0.00047778
2026-06-21 05:00:00+00:00,-0.00051270
2026-06-21 06:00:00+00:00,-0.00048722
2026-06-21 07:00:00+00:00,-0.00042866
2026-06-21 08:00:00+00:00,-0.00035415
2026-06-21 09:00:00+00:00,-0.00050356
2026-06-21 10:00:00+00:00,-0.00057372
2026-06-21 11:00:00+00:00,-0.00051099
2026-06-21 12:00:00+00:00,-0.00054518
2026-06-21 13:00:00+00:00,-0.00050840
2026-06-21 14:00:00+00:00,-0.00057854
2026-06-21 15:00:00+00:00,-0.00043089
2026-06-21 16:00:00+00:00,-0.00061735
2026-06-21 17:00:00+00:00,-0.00056578
2026-06-21 18:00:00+00:00,-0.00051610
2026-06-21 19:00:00+00:00,-0.00047325
2026-06-21 20:00:00+00:00,-0.00047702
2026-06-21 21:00:00+00:00,-0.00051926
2026-06-21 22:00:00+00:00,-0.00058180
2026-06-21 23:00:00+00:00,-0.00044283
2026-06-22 00:00:00+00:00,-0.00046556
2026-06-22 01:00:00+00:00,-0.00049944
2026-06-22 02:00:00+00:00,-0.00041860
2026-06-22 03:00:00+00:00,-0.00058087
2026-06-22 04:00:00+00:00,-0.00047982
2026-06-22 05:00:00+00:00,-0.00043279
2026-06-22 06:00:00+00:00,-0.00042141
2026-06-22 07:00:00+00:00,-0.00044710
2026-06-22 08:00:00+00:00,-0.00036212
2026-06-22 09:00:00+00:00,-0.00044349
2026-06-22 10:00:00+00:00,-0.00041599
2026-06-22 11:00:00+00:00,-0.00035828
2026-06-22 12:00:00+00:00,-0.00031689
2026-06-22 13:00:00+00:00,-0.00042076
2026-06-22 14:00:00+00:00,-0.00056483
2026-06-22 15:00:00+00:00,-0.00037487
2026-06-22 16:00:00+00:00,-0.00054902
2026-06-22 17:00:00+00:00,-0.00048015
2026-06-22 18:00:00+00:00,-0.00041723
2026-06-22 19:00:00+00:00,-0.00049105
2026-06-22 20:00:00+00:00,-0.00046272
2026-06-22 21:00:00+00:00,-0.00041053
2026-06-22 22:00:00+00:00,-0.00048369
2026-06-22 23:00:00+00:00,-0.00061573
2026-06-23 00:00:00+00:00,-0.00054543
2026-06-23 01:00:00+00:00,-0.00055895
2026-06-23 02:00:00+00:00,-0.00055790
2026-06-23 03:00:00+00:00,-0.00046920
2026-06-23 04:00:00+00:00,-0.00038753
2026-06-23 05:00:00+00:00,-0.00038201
2026-06-23 06:00:00+00:00,-0.00048074
2026-06-23 07:00:00+00:00,-0.00052290
2026-06-23 08:00:00+00:00,-0.00078405
2026-06-23 09:00:00+00:00,-0.00060348
2026-06-23 10:00:00+00:00,-0.00055704
2026-06-23 11:00:00+00:00,-0.00055272
2026-06-23 12:00:00+00:00,-0.00047729
2026-06-23 13:00:00+00:00,-0.00047271
2026-06-23 14:00:00+00:00,-0.00039239
2026-06-23 15:00:00+00:00,-0.00048245
2026-06-23 16:00:00+00:00,-0.00045522
2026-06-23 17:00:00+00:00,-0.00052943
2026-06-23 18:00:00+00:00,-0.00048918
2026-06-23 19:00:00+00:00,-0.00061313
2026-06-23 20:00:00+00:00,-0.00055703
2026-06-23 21:00:00+00:00,-0.00053677
2026-06-23 22:00:00+00:00,-0.00052531
2026-06-23 23:00:00+00:00,-0.00058446
2026-06-24 00:00:00+00:00,-0.00058058
2026-06-24 01:00:00+00:00,-0.00046618
2026-06-24 02:00:00+00:00,-0.00036394
2026-06-24 03:00:00+00:00,-0.00038913
2026-06-24 04:00:00+00:00,-0.00050062
2026-06-24 05:00:00+00:00,-0.00043778
2026-06-24 06:00:00+00:00,-0.00048772
2026-06-24 07:00:00+00:00,-0.00040174
2026-06-24 08:00:00+00:00,-0.00054123
2026-06-24 09:00:00+00:00,-0.00048000
2026-06-24 10:00:00+00:00,-0.00055831
2026-06-24 11:00:00+00:00,-0.00057259
2026-06-24 12:00:00+00:00,-0.00041995
2026-06-24 13:00:00+00:00,-0.00049805
2026-06-24 14:00:00+00:00,-0.00066243
2026-06-24 15:00:00+00:00,-0.00063688
2026-06-24 16:00:00+00:00,-0.00065647
2026-06-24 17:00:00+00:00,-0.00059056
2026-06-24 18:00:00+00:00,-0.00062970
2026-06-24 19:00:00+00:00,-0.00061278
2026-06-24 20:00:00+00:00,-0.00060189
2026-06-24 21:00:00+00:00,-0.00047071
2026-06-24 22:00:00+00:00,-0.00038764
2026-06-24 23:00:00+00:00,-0.00051360
2026-06-25 00:00:00+00:00,-0.00050932
2026-06-25 01:00:00+00:00,-0.00053618
2026-06-25 02:00:00+00:00,-0.00045049
2026-06-25 03:00:00+00:00,-0.00053548
2026-06-25 04:00:00+00:00,-0.00053597
2026-06-25 05:00:00+00:00,-0.00060929
2026-06-25 06:00:00+00:00,-0.00061771
2026-06-25 07:00:00+00:00,-0.00043235
2026-06-25 08:00:00+00:00,-0.00049882
2026-06-25 09:00:00+00:00,-0.00044467
2026-06-25 10:00:00+00:00,-0.00046861
2026-06-25 11:00:00+00:00,-0.00049276
2026-06-25 12:00:00+00:00,-0.00061570
2026-06-25 13:00:00+00:00,-0.00077034
2026-06-25 14:00:00+00:00,-0.00067536
2026-06-25 15:00:00+00:00,-0.00046869
2026-06-25 16:00:00+00:00,-0.00041994
2026-06-25 17:00:00+00:00,-0.00048585
2026-06-25 18:00:00+00:00,-0.00061022
2026-06-25 19:00:00+00:00,-0.00059543
2026-06-25 20:00:00+00:00,-0.00057590
2026-06-25 21:00:00+00:00,-0.00049247
2026-06-25 22:00:00+00:00,-0.00050927
2026-06-25 23:00:00+00:00,-0.00054087
2026-06-26 00:00:00+00:00,-0.00054775
2026-06-26 01:00:00+00:00,-0.00051073
2026-06-26 02:00:00+00:00,-0.00048928
2026-06-26 03:00:00+00:00,-0.00050387
2026-06-26 04:00:00+00:00,-0.00042870
2026-06-26 05:00:00+00:00,-0.00052401
2026-06-26 06:00:00+00:00,-0.00043272
2026-06-26 07:00:00+00:00,-0.00060676
2026-06-26 08:00:00+00:00,-0.00060585
2026-06-26 09:00:00+00:00,-0.00048458
2026-06-26 10:00:00+00:00,-0.00044464
2026-06-26 11:00:00+00:00,-0.00053010
2026-06-26 12:00:00+00:00,-0.00053553
2026-06-26 13:00:00+00:00,-0.00042459
2026-06-26 14:00:00+00:00,-0.00040350
2026-06-26 15:00:00+00:00,-0.00059625
2026-06-26 16:00:00+00:00,-0.00032098
2026-06-26 17:00:00+00:00,-0.00040634
2026-06-26 18:00:00+00:00,-0.00045925
2026-06-26 19:00:00+00:00,-0.00037559
2026-06-26 20:00:00+00:00,-0.00043020
2026-06-26 21:00:00+00:00,-0.00048318
2026-06-26 22:00:00+00:00,-0.00039104
2026-06-26 23:00:00+00:00,-0.00046295
2026-06-27 00:00:00+00:00,-0.00042950
2026-06-27 01:00:00+00:00,-0.00038487
2026-06-27 02:00:00+00:00,-0.00047940
2026-06-27 03:00:00+00:00,-0.00054278
2026-06-27 04:00:00+00:00,-0.00053004
2026-06-27 05:00:00+00:00,-0.00051112
2026-06-27 06:00:00+00:00,-0.00056839
2026-06-27 07:00:00+00:00,-0.00040266
2026-06-27 08:00:00+00:00,-0.00057820
2026-06-27 09:00:00+00:00,-0.00044037
2026-06-27 10:00:00+00:00,-0.00039674
2026-06-27 11:00:00+00:00,-0.00049746
2026-06-27 12:00:00+00:00,-0.00045344
2026-06-27 13:00:00+00:00,-0.00049535
2026-06-27 14:00:00+00:00,-0.00059346
2026-06-27 15:00:00+00:00,-0.00053582
2026-06-27 16:00:00+00:00,-0.00049642
2026-06-27 17:00:00+00:00,-0.00044588
2026-06-27 18:00:00+00:00,-0.00050259
2026-06-27 19:00:00+00:00,-0.00058353
2026-06-27 20:00:00+00:00,-0.00054515
2026-06-27 21:00:00+00:00,-0.00046661
2026-06-27 22:00:00+00:00,-0.00052367
2026-06-27 23:00:00+00:00,-0.00047410
2026-06-28 00:00:00+00:00,-0.00038368
2026-06-28 01:00:00+00:00,-0.00050811
2026-06-28 02:00:00+00:00,-0.00055478
2026-06-28 03:00:00+00:00,-0.00054771
2026-06-28 04:00:00+00:00,-0.00052240
2026-06-28 05:00:00+00:00,-0.00060823
2026-06-28 06:00:00+00:00,-0.00055647
2026-06-28 07:00:00+00:00,-0.00045828
2026-06-28 08:00:00+00:00,-0.00050653
2026-06-28 09:00:00+00:00,-0.00037844
2026-06-28 10:00:00+00:00,-0.00059500
2026-06-28 11:00:00+00:00,-0.00047152
2026-06-28 12:00:00+00:00,-0.00043479
2026-06-28 13:00:00+00:00,-0.00054939
2026-06-28 14:00:00+00:00,-0.00045938
2026-06-28 15:00:00+00:00,-0.00042782
2026-06-28 16:00:00+00:00,-0.00046039
2026-06-28 17:00:00+00:00,-0.00060276
2026-06-28 18:00:00+00:00,-0.00050427
2026-06-28 19:00:00+00:00,-0.00049013
2026-06-28 20:00:00+00:00,-0.00058651
2026-06-28 21:00:00+00:00,-0.00041634
2026-06-28 22:00:00+00:00,-0.00047255
2026-06-28 23:00:00+00:00,-0.00033728
2026-06-29 00:00:00+00:00,-0.00035456
2026-06-29 01:00:00+00:00,-0.00047714
2026-06-29 02:00:00+00:00,-0.00053132
2026-06-29 03:00:00+00:00,-0.00053552
2026-06-29 04:00:00+00:00,-0.00061474
2026-06-29 05:00:00+00:00,-0.00049017
2026-06-29 06:00:00+00:00,-0.00051883
2026-06-29 07:00:00+00:00,-0.00041901
2026-06-29 08:00:00+00:00,-0.00055129
2026-06-29 09:00:00+00:00,-0.00033158
2026-06-29 10:00:00+00:00,-0.00036611
2026-06-29 11:00:00+00:00,-0.00037398
2026-06-29 12:00:00+00:00,-0.00045473
2026-06-29 13:00:00+00:00,-0.00050422
2026-06-29 14:00:00+00:00,-0.00057147
2026-06-29 15:00:00+00:00,-0.00052529
2026-06-29 16:00:00+00:00,-0.00035983
2026-06-29 17:00:00+00:00,-0.00040709
2026-06-29 18:00:00+00:00,-0.00030495
2026-06-29 19:00:00+00:00,-0.00049119
2026-06-29 20:00:00+00:00,-0.00035290
2026-06-29 21:00:00+00:00,-0.00025709
2026-06-29 22:00:00+00:00,-0.00032935
2026-06-29 23:00:00+00:00,-0.00058297
2026-06-30 00:00:00+00:00,-0.00050690
2026-06-30 01:00:00+00:00,-0.00056840
2026-06-30 02:00:00+00:00,-0.00065885
2026-06-30 03:00:00+00:00,-0.00047735
2026-06-30 04:00:00+00:00,-0.00046387
2026-06-30 05:00:00+00:00,-0.00047684
2026-06-30 06:00:00+00:00,-0.00054516
2026-06-30 07:00:00+00:00,-0.00048625
2026-06-30 08:00:00+00:00,-0.00052055
2026-06-30 09:00:00+00:00,-0.00041108
2026-06-30 10:00:00+00:00,-0.00058238
2026-06-30 11:00:00+00:00,-0.00045354
2026-06-30 12:00:00+00:00,-0.00053759
2026-06-30 13:00:00+00:00,-0.00054655
2026-06-30 14:00:00+00:00,-0.00032360
2026-06-30 15:00:00+00:00,-0.00044702
2026-06-30 16:00:00+00:00,-0.00045928
2026-06-30 17:00:00+00:00,-0.00032813
2026-06-30 18:00:00+00:00,-0.00032882
2026-06-30 19:00:00+00:00,-0.00040910
2026-06-30 20:00:00+00:00,-0.00048911
2026-06-30 21:00:00+00:00,-0.00047036
2026-06-30 22:00:00+00:00,-0.00051993
2026-06-30 23:00:00+00:00,-0.00042467
2026-07-01 00:00:00+00:00,-0.00052851
2026-07-01 01:00:00+00:00,-0.00042895
2026-07-01 02:00:00+00:00,-0.00039889
2026-07-01 03:00:00+00:00,-0.00028980
2026-07-01 04:00:00+00:00,-0.00044900
2026-07-01 05:00:00+00:00,-0.00039105
2026-07-01 06:00:00+00:00,-0.00046974
2026-07-01 07:00:00+00:00,-0.00047273
2026-07-01 08:00:00+00:00,-0.00034262
2026-07-01 09:00:00+00:00,-0.00032167
2026-07-01 10:00:00+00:00,-0.00037256
2026-07-01 11:00:00+00:00,-0.00045461
2026-07-01 12:00:00+00:00,-0.00046078
2026-07-01 13:00:00+00:00,-0.00041418
2026-07-01 14:00:00+00:00,-0.00037248
2026-07-01 15:00:00+00:00,-0.00029231
2026-07-01 16:00:00+00:00,-0.00046098
2026-07-01 17:00:00+00:00,-0.00049154
2026-07-01 18:00:00+00:00,-0.00045432
2026-07-01 19:00:00+00:00,-0.00040647
2026-07-01 20:00:00+00:00,-0.00043777
2026-07-01 21:00:00+00:00,-0.00041204
2026-07-01 22:00:00+00:00,-0.00029855
2026-07-01 23:00:00+00:00,-0.00039137
2026-07-02 00:00:00+00:00,-0.00032521
2026-07-02 01:00:00+00:00,-0.00039461
2026-07-02 02:00:00+00:00,-0.00043581
2026-07-02 03:00:00+00:00,-0.00031420
2026-07-02 04:00:00+00:00,-0.00034589
2026-07-02 05:00:00+00:00,-0.00046470
2026-07-02 06:00:00+00:00,-0.00043830
2026-07-02 07:00:00+00:00,-0.00027140
2026-07-02 08:00:00+00:00,-0.00036192
2026-07-02 09:00:00+00:00,-0.00047221
2026-07-02 10:00:00+00:00,-0.00052831
2026-07-02 11:00:00+00:00,-0.00036502
2026-07-02 12:00:00+00:00,-0.00052092
2026-07-02 13:00:00+00:00,-0.00038643
2026-07-02 14:00:00+00:00,-0.00038406
2026-07-02 15:00:00+00:00,-0.00040369
2026-07-02 16:00:00+00:00,-0.00043494
2026-07-02 17:00:00+00:00,-0.00040286
2026-07-02 18:00:00+00:00,-0.00038629
2026-07-02 19:00:00+00:00,-0.00056778
2026-07-02 20:00:00+00:00,-0.00039241
2026-07-02 21:00:00+00:00,-0.00044404
2026-07-02 22:00:00+00:00,-0.00051178
2026-07-02 23:00:00+00:00,-0.00036751
2026-07-03 00:00:00+00:00,-0.00045705
2026-07-03 01:00:00+00:00,-0.00046116
2026-07-03 02:00:00+00:00,-0.00048365
2026-07-03 03:00:00+00:00,-0.00046831
2026-07-03 04:00:00+00:00,-0.00049018
2026-07-03 05:00:00+00:00,-0.00046240
2026-07-03 06:00:00+00:00,-0.00044367
2026-07-03 07:00:00+00:00,-0.00021096
2026-07-03 08:00:00+00:00,-0.00044087
2026-07-03 09:00:00+00:00,-0.00043310
2026-07-03 10:00:00+00:00,-0.00040039
2026-07-03 11:00:00+00:00,-0.00050629
2026-07-03 12:00:00+00:00,-0.00050416
2026-07-03 13:00:00+00:00,-0.00048405
2026-07-03 14:00:00+00:00,-0.00053294
2026-07-03 15:00:00+00:00,-0.00043729
2026-07-03 16:00:00+00:00,-0.00041128
2026-07-03 17:00:00+00:00,-0.00053694
2026-07-03 18:00:00+00:00,-0.00043104
2026-07-03 19:00:00+00:00,-0.00059923
2026-07-03 20:00:00+00:00,-0.00050020
2026-07-03 21:00:00+00:00,-0.00049820
2026-07-03 22:00:00+00:00,-0.00050296
2026-07-03 23:00:00+00:00,-0.00033619
2026-07-04 00:00:00+00:00,-0.00035883
2026-07-04 01:00:00+00:00,-0.00043062
2026-07-04 02:00:00+00:00,-0.00044385
2026-07-04 03:00:00+00:00,-0.00041153
2026-07-04 04:00:00+00:00,-0.00037430
2026-07-04 05:00:00+00:00,-0.00034660
2026-07-04 06:00:00+00:00,-0.00046029
2026-07-04 07:00:00+00:00,-0.00046051
2026-07-04 08:00:00+00:00,-0.00044224
2026-07-04 09:00:00+00:00,-0.00047470
2026-07-04 10:00:00+00:00,-0.00040294
2026-07-04 11:00:00+00:00,-0.00044317
2026-07-04 12:00:00+00:00,-0.00048853
2026-07-04 13:00:00+00:00,-0.00043938
2026-07-04 14:00:00+00:00,-0.00049866
2026-07-04 15:00:00+00:00,-0.00042881
2026-07-04 16:00:00+00:00,-0.00046354
2026-07-04 17:00:00+00:00,-0.00054703
2026-07-04 18:00:00+00:00,-0.00058396
2026-07-04 19:00:00+00:00,-0.00050784
2026-07-04 20:00:00+00:00,-0.00044794
2026-07-04 21:00:00+00:00,-0.00054736
2026-07-04 22:00:00+00:00,-0.00039591
2026-07-04 23:00:00+00:00,-0.00045008
2026-07-05 00:00:00+00:00,-0.00037280
2026-07-05 01:00:00+00:00,-0.00042082
2026-07-05 02:00:00+00:00,-0.00035540
2026-07-05 03:00:00+00:00,-0.00045708
2026-07-05 04:00:00+00:00,-0.00047249
2026-07-05 05:00:00+00:00,-0.00046287
2026-07-05 06:00:00+00:00,-0.00045194
2026-07-05 07:00:00+00:00,-0.00044387
2026-07-05 08:00:00+00:00,-0.00047218
2026-07-05 09:00:00+00:00,-0.00039922
2026-07-05 10:00:00+00:00,-0.00050005
2026-07-05 11:00:00+00:00,-0.00051060
2026-07-05 12:00:00+00:00,-0.00049640
2026-07-05 13:00:00+00:00,-0.00045069
2026-07-05 14:00:00+00:00,-0.00049009
2026-07-05 15:00:00+00:00,-0.00055017
2026-07-05 16:00:00+00:00,-0.00034446
2026-07-05 17:00:00+00:00,-0.00044784
2026-07-05 18:00:00+00:00,-0.00049920
2026-07-05 19:00:00+00:00,-0.00041129
2026-07-05 20:00:00+00:00,-0.00041802
2026-07-05 21:00:00+00:00,-0.00042596
2026-07-05 22:00:00+00:00,-0.00045356
2026-07-05 23:00:00+00:00,-0.00049377
2026-07-06 00:00:00+00:00,-0.00034823
2026-07-06 01:00:00+00:00,-0.00054271
2026-07-06 02:00:00+00:00,-0.00042310
2026-07-06 03:00:00+00:00,-0.00040622
2026-07-06 04:00:00+00:00,-0.00056159
2026-07-06 05:00:00+00:00,-0.00055485
2026-07-06 06:00:00+00:00,-0.00046574
2026-07-06 07:00:00+00:00,-0.00047268
2026-07-06 08:00:00+00:00,-0.00045962
2026-07-06 09:00:00+00:00,-0.00046381
2026-07-06 10:00:00+00:00,-0.00041308
2026-07-06 11:00:00+00:00,-0.00054941
2026-07-06 12:00:00+00:00,-0.00035818
2026-07-06 13:00:00+00:00,-0.00038023
2026-07-06 14:00:00+00:00,-0.00051595
2026-07-06 15:00:00+00:00,-0.00036987
2026-07-06 16:00:00+00:00,-0.00026676
2026-07-06 17:00:00+00:00,-0.00023404
2026-07-06 18:00:00+00:00,-0.00023574
2026-07-06 19:00:00+00:00,-0.00035893
2026-07-06 20:00:00+00:00,-0.00023870
2026-07-06 21:00:00+00:00,-0.00038426
2026-07-06 22:00:00+00:00,-0.00033101
2026-07-06 23:00:00+00:00,-0.00038587
2026-07-07 00:00:00+00:00,-0.00036621
2026-07-07 01:00:00+00:00,-0.00044788
2026-07-07 02:00:00+00:00,-0.00042213
2026-07-07 03:00:00+00:00,-0.00041655
2026-07-07 04:00:00+00:00,-0.00052936
2026-07-07 05:00:00+00:00,-0.00051553
2026-07-07 06:00:00+00:00,-0.00048550
2026-07-07 07:00:00+00:00,-0.00036721
2026-07-07 08:00:00+00:00,-0.00038631
2026-07-07 09:00:00+00:00,-0.00037873
2026-07-07 10:00:00+00:00,-0.00034936
2026-07-07 11:00:00+00:00,-0.00041928
2026-07-07 12:00:00+00:00,-0.00040815
2026-07-07 13:00:00+00:00,-0.00041270
2026-07-07 14:00:00+00:00,-0.00036528
2026-07-07 15:00:00+00:00,-0.00036673
2026-07-07 16:00:00+00:00,-0.00039411
2026-07-07 17:00:00+00:00,-0.00029321
2026-07-07 18:00:00+00:00,-0.00045517
2026-07-07 19:00:00+00:00,-0.00053598
2026-07-07 20:00:00+00:00,-0.00039013
2026-07-07 21:00:00+00:00,-0.00045182
2026-07-07 22:00:00+00:00,-0.00052303
2026-07-07 23:00:00+00:00,-0.00054418
2026-07-08 00:00:00+00:00,-0.00052205
2026-07-08 01:00:00+00:00,-0.00052943
2026-07-08 02:00:00+00:00,-0.00043904
2026-07-08 03:00:00+00:00,-0.00058072
2026-07-08 04:00:00+00:00,-0.00037506
2026-07-08 05:00:00+00:00,-0.00054948
2026-07-08 06:00:00+00:00,-0.00052561
2026-07-08 07:00:00+00:00,-0.00043400
2026-07-08 08:00:00+00:00,-0.00052482
2026-07-08 09:00:00+00:00,-0.00058388
2026-07-08 10:00:00+00:00,-0.00053702
2026-07-08 11:00:00+00:00,-0.00038089
2026-07-08 12:00:00+00:00,-0.00040484
2026-07-08 13:00:00+00:00,-0.00039136
2026-07-08 14:00:00+00:00,-0.00035275
2026-07-08 15:00:00+00:00,-0.00041236
2026-07-08 16:00:00+00:00,-0.00043541
2026-07-08 17:00:00+00:00,-0.00048108
2026-07-08 18:00:00+00:00,-0.00042300
2026-07-08 19:00:00+00:00,-0.00041148
2026-07-08 20:00:00+00:00,-0.00032042
2026-07-08 21:00:00+00:00,-0.00031005
2026-07-08 22:00:00+00:00,-0.00047943
2026-07-08 23:00:00+00:00,-0.00047803
2026-07-09 00:00:00+00:00,-0.00039311
2026-07-09 01:00:00+00:00,-0.00055525
2026-07-09 02:00:00+00:00,-0.00045583
2026-07-09 03:00:00+00:00,-0.00045722
2026-07-09 04:00:00+00:00,-0.00038644
2026-07-09 05:00:00+00:00,-0.00041264
2026-07-09 06:00:00+00:00,-0.00043223
2026-07-09 07:00:00+00:00,-0.00041590
2026-07-09 08:00:00+00:00,-0.00030556
2026-07-09 09:00:00+00:00,-0.00040813
2026-07-09 10:00:00+00:00,-0.00033671
2026-07-09 11:00:00+00:00,-0.00042350
2026-07-09 12:00:00+00:00,-0.00049391
2026-07-09 13:00:00+00:00,-0.00056767
2026-07-09 14:00:00+00:00,-0.00051064
2026-07-09 15:00:00+00:00,-0.00046820
2026-07-09 16:00:00+00:00,-0.00039465
2026-07-09 17:00:00+00:00,-0.00040704
2026-07-09 18:00:00+00:00,-0.00041267
2026-07-09 19:00:00+00:00,-0.00044728
2026-07-09 20:00:00+00:00,-0.00039484
2026-07-09 21:00:00+00:00,-0.00037207
2026-07-09 22:00:00+00:00,-0.00038289
2026-07-09 23:00:00+00:00,-0.00051659
2026-07-10 00:00:00+00:00,-0.00038193
2026-07-10 01:00:00+00:00,-0.00033038
2026-07-10 02:00:00+00:00,-0.00044409
2026-07-10 03:00:00+00:00,-0.00037579
2026-07-10 04:00:00+00:00,-0.00044966
2026-07-10 05:00:00+00:00,-0.00041490
2026-07-10 06:00:00+00:00,-0.00015080
2026-07-10 07:00:00+00:00,-0.00012469
2026-07-10 08:00:00+00:00,-0.00021631
2026-07-10 09:00:00+00:00,-0.00024398
2026-07-10 10:00:00+00:00,-0.00037209
2026-07-10 11:00:00+00:00,-0.00022340
2026-07-10 12:00:00+00:00,-0.00031778
2026-07-10 13:00:00+00:00,-0.00032520
2026-07-10 14:00:00+00:00,-0.00033179
2026-07-10 15:00:00+00:00,-0.00029355
2026-07-10 16:00:00+00:00,-0.00028012
2026-07-10 17:00:00+00:00,-0.00040822
2026-07-10 18:00:00+00:00,-0.00030559
2026-07-10 19:00:00+00:00,-0.00022429
2026-07-10 20:00:00+00:00,-0.00046866
2026-07-10 21:00:00+00:00,-0.00023729
2026-07-10 22:00:00+00:00,-0.00033645
2026-07-10 23:00:00+00:00,-0.00037215
2026-07-11 00:00:00+00:00,-0.00030620
2026-07-11 01:00:00+00:00,-0.00048468
2026-07-11 02:00:00+00:00,-0.00039011
2026-07-11 03:00:00+00:00,-0.00038574
2026-07-11 04:00:00+00:00,-0.00043299
2026-07-11 05:00:00+00:00,-0.00046340
2026-07-11 06:00:00+00:00,-0.00046992
2026-07-11 07:00:00+00:00,-0.00031376
2026-07-11 08:00:00+00:00,-0.00043680
2026-07-11 09:00:00+00:00,-0.00036792
2026-07-11 10:00:00+00:00,-0.00038638
2026-07-11 11:00:00+00:00,-0.00030698
2026-07-11 12:00:00+00:00,-0.00046029
2026-07-11 13:00:00+00:00,-0.00041777
2026-07-11 14:00:00+00:00,-0.00048318
2026-07-11 15:00:00+00:00,-0.00042593
2026-07-11 16:00:00+00:00,-0.00039887
2026-07-11 17:00:00+00:00,-0.00031023
2026-07-11 18:00:00+00:00,-0.00038318
2026-07-11 19:00:00+00:00,-0.00034967
2026-07-11 20:00:00+00:00,-0.00037291
2026-07-11 21:00:00+00:00,-0.00042781
2026-07-11 22:00:00+00:00,-0.00043518
2026-07-11 23:00:00+00:00,-0.00058973
2026-07-12 00:00:00+00:00,-0.00047010
2026-07-12 01:00:00+00:00,-0.00058816
2026-07-12 02:00:00+00:00,-0.00054904
2026-07-12 03:00:00+00:00,-0.00050627
2026-07-12 04:00:00+00:00,-0.00053754
2026-07-12 05:00:00+00:00,-0.00045907
2026-07-12 06:00:00+00:00,-0.00050497
2026-07-12 07:00:00+00:00,-0.00043957
2026-07-12 08:00:00+00:00,-0.00046837
2026-07-12 09:00:00+00:00,-0.00055217
2026-07-12 10:00:00+00:00,-0.00036103
2026-07-12 11:00:00+00:00,-0.00047172
2026-07-12 12:00:00+00:00,-0.00044932
2026-07-12 13:00:00+00:00,-0.00041108
2026-07-12 14:00:00+00:00,-0.00045366
2026-07-12 15:00:00+00:00,-0.00043945
2026-07-12 16:00:00+00:00,-0.00040808
2026-07-12 17:00:00+00:00,-0.00044538
2026-07-12 18:00:00+00:00,-0.00038473
2026-07-12 19:00:00+00:00,-0.00051400
2026-07-12 20:00:00+00:00,-0.00031804
2026-07-12 21:00:00+00:00,-0.00038133
2026-07-12 22:00:00+00:00,-0.00061680
2026-07-12 23:00:00+00:00,-0.00058106
2026-07-13 00:00:00+00:00,-0.00042265
2026-07-13 01:00:00+00:00,-0.00050645
2026-07-13 02:00:00+00:00,-0.00044057
2026-07-13 03:00:00+00:00,-0.00039884
2026-07-13 04:00:00+00:00,-0.00059248
2026-07-13 05:00:00+00:00,-0.00058640
2026-07-13 06:00:00+00:00,-0.00059050
2026-07-13 07:00:00+00:00,-0.00061270
2026-07-13 08:00:00+00:00,-0.00051868
2026-07-13 09:00:00+00:00,-0.00058431
2026-07-13 10:00:00+00:00,-0.00052019
2026-07-13 11:00:00+00:00,-0.00040505
2026-07-13 12:00:00+00:00,-0.00038679
2026-07-13 13:00:00+00:00,-0.00046805
2026-07-13 14:00:00+00:00,-0.00039602
2026-07-13 15:00:00+00:00,-0.00036097
2026-07-13 16:00:00+00:00,-0.00040693
2026-07-13 17:00:00+00:00,-0.00049527
2026-07-13 18:00:00+00:00,-0.00049683
2026-07-13 19:00:00+00:00,-0.00048930
2026-07-13 20:00:00+00:00,-0.00041402
2026-07-13 21:00:00+00:00,-0.00051018
2026-07-13 22:00:00+00:00,-0.00042804
2026-07-13 23:00:00+00:00,-0.00046950
2026-07-14 00:00:00+00:00,-0.00033273
2026-07-14 01:00:00+00:00,-0.00034890
2026-07-14 02:00:00+00:00,-0.00039354
2026-07-14 03:00:00+00:00,-0.00044522
2026-07-14 04:00:00+00:00,-0.00047831
2026-07-14 05:00:00+00:00,-0.00048110
2026-07-14 06:00:00+00:00,-0.00053974
2026-07-14 07:00:00+00:00,-0.00056392
2026-07-14 08:00:00+00:00,-0.00042279
2026-07-14 09:00:00+00:00,-0.00042152
2026-07-14 10:00:00+00:00,-0.00044247
2026-07-14 11:00:00+00:00,-0.00048604
2026-07-14 12:00:00+00:00,-0.00053280
2026-07-14 13:00:00+00:00,-0.00032150
2026-07-14 14:00:00+00:00,-0.00032064
2026-07-14 15:00:00+00:00,-0.00015782
2026-07-14 16:00:00+00:00,-0.00034012
2026-07-14 17:00:00+00:00,-0.00044034
2026-07-14 18:00:00+00:00,-0.00032190
2026-07-14 19:00:00+00:00,-0.00047908
2026-07-14 20:00:00+00:00,-0.00043858
2026-07-14 21:00:00+00:00,-0.00030183
2026-07-14 22:00:00+00:00,-0.00033484
2026-07-14 23:00:00+00:00,-0.00029486
2026-07-15 00:00:00+00:00,-0.00027865
2026-07-15 01:00:00+00:00,-0.00032654
2026-07-15 02:00:00+00:00,-0.00026384
2026-07-15 03:00:00+00:00,-0.00027466
2026-07-15 04:00:00+00:00,-0.00031289
2026-07-15 05:00:00+00:00,-0.00032837
2026-07-15 06:00:00+00:00,-0.00038390
2026-07-15 07:00:00+00:00,-0.00029434
2026-07-15 08:00:00+00:00,-0.00038456
2026-07-15 09:00:00+00:00,-0.00041838
2026-07-15 10:00:00+00:00,-0.00037709
2026-07-15 11:00:00+00:00,-0.00048709
2026-07-15 12:00:00+00:00,-0.00050499
2026-07-15 13:00:00+00:00,-0.00051852
2026-07-15 14:00:00+00:00,-0.00055779
2026-07-15 15:00:00+00:00,-0.00048895
2026-07-15 16:00:00+00:00,-0.00042842
2026-07-15 17:00:00+00:00,-0.00043368
2026-07-15 18:00:00+00:00,-0.00042836
2026-07-15 19:00:00+00:00,-0.00045562
2026-07-15 20:00:00+00:00,-0.00049090
2026-07-15 21:00:00+00:00,-0.00037747
2026-07-15 22:00:00+00:00,-0.00053782
2026-07-15 23:00:00+00:00,-0.00051345
2026-07-16 00:00:00+00:00,-0.00039482
2026-07-16 01:00:00+00:00,-0.00052409
2026-07-16 02:00:00+00:00,-0.00039676
2026-07-16 03:00:00+00:00,-0.00057174
2026-07-16 04:00:00+00:00,-0.00047901
2026-07-16 05:00:00+00:00,-0.00047411
2026-07-16 06:00:00+00:00,-0.00046229
2026-07-16 07:00:00+00:00,-0.00035616
2026-07-16 08:00:00+00:00,-0.00047755
2026-07-16 09:00:00+00:00,-0.00050297
2026-07-16 10:00:00+00:00,-0.00038960
2026-07-16 11:00:00+00:00,-0.00058386
2026-07-16 12:00:00+00:00,-0.00038094
2026-07-16 13:00:00+00:00,-0.00044235
2026-07-16 14:00:00+00:00,-0.00055619
2026-07-16 15:00:00+00:00,-0.00050320
2026-07-16 16:00:00+00:00,-0.00051743
2026-07-16 17:00:00+00:00,-0.00040981
2026-07-16 18:00:00+00:00,-0.00048203
2026-07-16 19:00:00+00:00,-0.00059479
2026-07-16 20:00:00+00:00,-0.00047569
2026-07-16 21:00:00+00:00,-0.00051913
2026-07-16 22:00:00+00:00,-0.00058592
2026-07-16 23:00:00+00:00,-0.00051127
2026-07-17 00:00:00+00:00,-0.00045882
2026-07-17 01:00:00+00:00,-0.00054126
2026-07-17 02:00:00+00:00,-0.00054512
2026-07-17 03:00:00+00:00,-0.00053181
2026-07-17 04:00:00+00:00,-0.00046401
2026-07-17 05:00:00+00:00,-0.00051358
2026-07-17 06:00:00+00:00,-0.00056279
2026-07-17 07:00:00+00:00,-0.00061655
2026-07-17 08:00:00+00:00,-0.00054647
2026-07-17 09:00:00+00:00,-0.00061847
2026-07-17 10:00:00+00:00,-0.00055779
2026-07-17 11:00:00+00:00,-0.00046897
2026-07-17 12:00:00+00:00,-0.00041848
2026-07-17 13:00:00+00:00,-0.00053851
2026-07-17 14:00:00+00:00,-0.00042923
2026-07-17 15:00:00+00:00,-0.00046782
2026-07-17 16:00:00+00:00,-0.00036278
2026-07-17 17:00:00+00:00,-0.00048512
2026-07-17 18:00:00+00:00,-0.00041677
2026-07-17 19:00:00+00:00,-0.00048599
2026-07-17 20:00:00+00:00,-0.00043647
2026-07-17 21:00:00+00:00,-0.00037904
2026-07-17 22:00:00+00:00,-0.00044659
2026-07-17 23:00:00+00:00,-0.00042092
2026-07-18 00:00:00+00:00,-0.00035806
2026-07-18 01:00:00+00:00,-0.00043985
2026-07-18 02:00:00+00:00,-0.00050594
2026-07-18 03:00:00+00:00,-0.00038437
2026-07-18 04:00:00+00:00,-0.00044555
2026-07-18 05:00:00+00:00,-0.00037460
2026-07-18 06:00:00+00:00,-0.00042605
2026-07-18 07:00:00+00:00,-0.00044132
2026-07-18 08:00:00+00:00,-0.00043945
2026-07-18 09:00:00+00:00,-0.00046571
2026-07-18 10:00:00+00:00,-0.00051693
2026-07-18 11:00:00+00:00,-0.00054120
2026-07-18 12:00:00+00:00,-0.00060626
2026-07-18 13:00:00+00:00,-0.00043183
2026-07-18 14:00:00+00:00,-0.00049187
2026-07-18 15:00:00+00:00,-0.00047207
2026-07-18 16:00:00+00:00,-0.00045471
2026-07-18 17:00:00+00:00,-0.00051607
2026-07-18 18:00:00+00:00,-0.00044815
2026-07-18 19:00:00+00:00,-0.00055522
2026-07-18 20:00:00+00:00,-0.00046816
2026-07-18 21:00:00+00:00,-0.00055361
2026-07-18 22:00:00+00:00,-0.00044171
2026-07-18 23:00:00+00:00,-0.00049612
2026-07-19 00:00:00+00:00,-0.00055233
2026-07-19 01:00:00+00:00,-0.00048353
2026-07-19 02:00:00+00:00,-0.00042636
2026-07-19 03:00:00+00:00,-0.00041342
2026-07-19 04:00:00+00:00,-0.00035474
2026-07-19 05:00:00+00:00,-0.00045385
2026-07-19 06:00:00+00:00,-0.00031922
2026-07-19 07:00:00+00:00,-0.00040540
2026-07-19 08:00:00+00:00,-0.00032699
2026-07-19 09:00:00+00:00,-0.00031135
2026-07-19 10:00:00+00:00,-0.00051223
2026-07-19 11:00:00+00:00,-0.00031036
2026-07-19 12:00:00+00:00,-0.00045952
2026-07-19 13:00:00+00:00,-0.00045605
2026-07-19 14:00:00+00:00,-0.00049948
2026-07-19 15:00:00+00:00,-0.00038020
2026-07-19 16:00:00+00:00,-0.00030851
2026-07-19 17:00:00+00:00,-0.00038729
2026-07-19 18:00:00+00:00,-0.00033679
2026-07-19 19:00:00+00:00,-0.00036044
2026-07-19 20:00:00+00:00,-0.00031606
2026-07-19 21:00:00+00:00,-0.00053039
2026-07-19 22:00:00+00:00,-0.00049222
2026-07-19 23:00:00+00:00,-0.00050469
2026-07-20 00:00:00+00:00,-0.00043726
2026-07-20 01:00:00+00:00,-0.00059261
2026-07-20 02:00:00+00:00,-0.00044269
2026-07-20 03:00:00+00:00,-0.00037199
2026-07-20 04:00:00+00:00,-0.00052951
2026-07-20 05:00:00+00:00,-0.00051562
2026-07-20 06:00:00+00:00,-0.00054394
2026-07-20 07:00:00+00:00,-0.00044915
2026-07-20 08:00:00+00:00,-0.00044121
2026-07-20 09:00:00+00:00,-0.00045205
2026-07-20 10:00:00+00:00,-0.00053085
2026-07-20 11:00:00+00:00,-0.00046607
2026-07-20 12:00:00+00:00,-0.00051971
2026-07-20 13:00:00+00:00,-0.00056887
2026-07-20 14:00:00+00:00,-0.00056054
2026-07-20 15:00:00+00:00,-0.00050780
2026-07-20 16:00:00+00:00,-0.00030466
2026-07-20 17:00:00+00:00,-0.00033571
2026-07-20 18:00:00+00:00,-0.00051016
2026-07-20 19:00:00+00:00,-0.00049153
2026-07-20 20:00:00+00:00,-0.00043572
2026-07-20 21:00:00+00:00,-0.00040749
2026-07-20 22:00:00+00:00,-0.00044042
2026-07-20 23:00:00+00:00,-0.00054101
2026-07-21 00:00:00+00:00,-0.00046481
2026-07-21 01:00:00+00:00,-0.00056836
2026-07-21 02:00:00+00:00,-0.00045654
2026-07-21 03:00:00+00:00,-0.00042985
2026-07-21 04:00:00+00:00,-0.00036944
2026-07-21 05:00:00+00:00,-0.00038051
2026-07-21 06:00:00+00:00,-0.00047993
2026-07-21 07:00:00+00:00,-0.00032989
2026-07-21 08:00:00+00:00,-0.00035444
2026-07-21 09:00:00+00:00,-0.00049919
2026-07-21 10:00:00+00:00,-0.00029049
2026-07-21 11:00:00+00:00,-0.00044911
2026-07-21 12:00:00+00:00,-0.00048743
2026-07-21 13:00:00+00:00,-0.00033647
2026-07-21 14:00:00+00:00,-0.00060464
2026-07-21 15:00:00+00:00,-0.00059483
2026-07-21 16:00:00+00:00,-0.00049072
2026-07-21 17:00:00+00:00,-0.00031397
2026-07-21 18:00:00+00:00,-0.00039999
2026-07-21 19:00:00+00:00,-0.00049277
2026-07-21 20:00:00+00:00,-0.00054442
2026-07-21 21:00:00+00:00,-0.00043318
2026-07-21 22:00:00+00:00,-0.00039085
2026-07-21 23:00:00+00:00,-0.00051703
2026-07-22 00:00:00+00:00,-0.00047062
2026-07-22 01:00:00+00:00,-0.00055340
2026-07-22 02:00:00+00:00,-0.00052187
2026-07-22 03:00:00+00:00,-0.00049136
2026-07-22 04:00:00+00:00,-0.00045015
2026-07-22 05:00:00+00:00,-0.00048420
2026-07-22 06:00:00+00:00,-0.00041930
2026-07-22 07:00:00+00:00,-0.00042491
2026-07-22 08:00:00+00:00,-0.00042430
2026-07-22 09:00:00+00:00,-0.00051027
2026-07-22 10:00:00+00:00,-0.00054675
2026-07-22 11:00:00+00:00,-0.00055814
2026-07-22 12:00:00+00:00,-0.00058131
2026-07-22 13:00:00+00:00,-0.00051701
2026-07-22 14:00:00+00:00,-0.00040705
2026-07-22 15:00:00+00:00,-0.00059345
2026-07-22 16:00:00+00:00,-0.00049392
2026-07-22 17:00:00+00:00,-0.00059339
2026-07-22 18:00:00+00:00,-0.00056133
2026-07-22 19:00:00+00:00,-0.00052601
2026-07-22 20:00:00+00:00,-0.00061805
2026-07-22 21:00:00+00:00,-0.00048615
2026-07-22 22:00:00+00:00,-0.00045361
2026-07-22 23:00:00+00:00,-0.00063798
2026-07-23 00:00:00+00:00,-0.00054888
2026-07-23 01:00:00+00:00,-0.00053133
2026-07-23 02:00:00+00:00,-0.00054493
2026-07-23 03:00:00+00:00,-0.00045014
2026-07-23 04:00:00+00:00,-0.00060924
2026-07-23 05:00:00+00:00,-0.00056864
2026-07-23 06:00:00+00:00,-0.00056625
2026-07-23 07:00:00+00:00,-0.00055448
2026-07-23 08:00:00+00:00,-0.00044394
2026-07-23 09:00:00+00:00,-0.00040411
2026-07-23 10:00:00+00:00,-0.00049484
2026-07-23 11:00:00+00:00,-0.00044389
2026-07-23 12:00:00+00:00,-0.00054835
2026-07-23 13:00:00+00:00,-0.00048293
2026-07-23 14:00:00+00:00,-0.00053885
2026-07-23 15:00:00+00:00,-0.00052030
2026-07-23 16:00:00+00:00,-0.00048809
2026-07-23 17:00:00+00:00,-0.00048268
2026-07-23 18:00:00+00:00,-0.00051900
2026-07-23 19:00:00+00:00,-0.00038392
2026-07-23 20:00:00+00:00,-0.00051500
2026-07-23 21:00:00+00:00,-0.00050168
2026-07-23 22:00:00+00:00,-0.00047275
2026-07-23 23:00:00+00:00,-0.00051753
2026-07-24 00:00:00+00:00,-0.00041932
2026-07-24 01:00:00+00:00,-0.00042227
2026-07-24 02:00:00+00:00,-0.00043124
2026-07-24 03:00:00+00:00,-0.00051667
2026-07-24 04:00:00+00:00,-0.00041411
2026-07-24 05:00:00+00:00,-0.00047899
2026-07-24 06:00:00+00:00,-0.00040388
2026-07-24 07:00:00+00:00,-0.00046749
2026-07-24 08:00:00+00:00,-0.00046630
2026-07-24 09:00:00+00:00,-0.00040946
2026-07-24 10:00:00+00:00,-0.00040893
2026-07-24 11:00:00+00:00,-0.00043954
2026-07-24 12:00:00+00:00,-0.00045796
2026-07-24 13:00:00+00:00,-0.00048608
2026-07-24 14:00:00+00:00,-0.00049403
2026-07-24 15:00:00+00:00,-0.00044756
2026-07-24 16:00:00+00:00,-0.00054619
2026-07-24 17:00:00+00:00,-0.00046617
2026-07-24 18:00:00+00:00,-0.00059239
2026-07-24 19:00:00+00:00,-0.00053072
2026-07-24 20:00:00+00:00,-0.00064716
2026-07-24 21:00:00+00:00,-0.00057855
2026-07-24 22:00:00+00:00,-0.00054121
2026-07-24 23:00:00+00:00,-0.00045330
2026-07-25 00:00:00+00:00,-0.00049335
2026-07-25 01:00:00+00:00,-0.00057500
2026-07-25 02:00:00+00:00,-0.00047561
2026-07-25 03:00:00+00:00,-0.00052647
2026-07-25 04:00:00+00:00,-0.00047012
2026-07-25 05:00:00+00:00,-0.00046324
2026-07-25 06:00:00+00:00,-0.00045935
2026-07-25 07:00:00+00:00,-0.00063438
2026-07-25 08:00:00+00:00,-0.00055492
2026-07-25 09:00:00+00:00,-0.00062725
2026-07-25 10:00:00+00:00,-0.00055976
2026-07-25 11:00:00+00:00,-0.00062158
2026-07-25 12:00:00+00:00,-0.00051800
2026-07-25 13:00:00+00:00,-0.00045161
2026-07-25 14:00:00+00:00,-0.00051966
2026-07-25 15:00:00+00:00,-0.00057071
2026-07-25 16:00:00+00:00,-0.00043094
2026-07-25 17:00:00+00:00,-0.00055638
2026-07-25 18:00:00+00:00,-0.00043984
2026-07-25 19:00:00+00:00,-0.00056388
2026-07-25 20:00:00+00:00,-0.00054669
2026-07-25 21:00:00+00:00,-0.00052713
2026-07-25 22:00:00+00:00,-0.00056527
2026-07-25 23:00:00+00:00,-0.00044056
2026-07-26 00:00:00+00:00,-0.00055800
2026-07-26 01:00:00+00:00,-0.00063547
2026-07-26 02:00:00+00:00,-0.00060658
2026-07-26 03:00:00+00:00,-0.00056836
2026-07-26 04:00:00+00:00,-0.00057941
2026-07-26 05:00:00+00:00,-0.00043523
2026-07-26 06:00:00+00:00,-0.00051926
2026-07-26 07:00:00+00:00,-0.00032053
2026-07-26 08:00:00+00:00,-0.00050286
2026-07-26 09:00:00+00:00,-0.00062306
2026-07-26 10:00:00+00:00,-0.00046252
2026-07-26 11:00:00+00:00,-0.00046924
2026-07-26 12:00:00+00:00,-0.00062539
2026-07-26 13:00:00+00:00,-0.00049369
2026-07-26 14:00:00+00:00,-0.00041677
2026-07-26 15:00:00+00:00,-0.00045711
2026-07-26 16:00:00+00:00,-0.00047912
2026-07-26 17:00:00+00:00,-0.00037648
2026-07-26 18:00:00+00:00,-0.00042788
2026-07-26 19:00:00+00:00,-0.00039227
2026-07-26 20:00:00+00:00,-0.00047392
2026-07-26 21:00:00+00:00,-0.00043505
2026-07-26 22:00:00+00:00,-0.00042021
2026-07-26 23:00:00+00:00,-0.00052938
2026-07-27 00:00:00+00:00,-0.00050077
2026-07-27 01:00:00+00:00,-0.00034170
2026-07-27 02:00:00+00:00,-0.00040698
2026-07-27 03:00:00+00:00,-0.00029083
2026-07-27 04:00:00+00:00,-0.00050398
2026-07-27 05:00:00+00:00,-0.00046400
2026-07-27 06:00:00+00:00,-0.00047509
2026-07-27 07:00:00+00:00,-0.00040885
2026-07-27 08:00:00+00:00,-0.00044018
2026-07-27 09:00:00+00:00,-0.00041688
2026-07-27 10:00:00+00:00,-0.00039335
2026-07-27 11:00:00+00:00,-0.00049765
2026-07-27 12:00:00+00:00,-0.00039677
2026-07-27 13:00:00+00:00,-0.00054182
2026-07-27 14:00:00+00:00,-0.00040988
2026-07-27 15:00:00+00:00,-0.00045724
2026-07-27 16:00:00+00:00,-0.00043453
2026-07-27 17:00:00+00:00,-0.00050651
2026-07-27 18:00:00+00:00,-0.00045801
2026-07-27 19:00:00+00:00,-0.00053102
2026-07-27 20:00:00+00:00,-0.00038069
2026-07-27 21:00:00+00:00,-0.00057337
2026-07-27 22:00:00+00:00,-0.00046815
2026-07-27 23:00:00+00:00,-0.00059464
2026-07-28 00:00:00+00:00,-0.00063237
2026-07-28 01:00:00+00:00,-0.00055704
2026-07-28 02:00:00+00:00,-0.00048193
2026-07-28 03:00:00+00:00,-0.00047077
2026-07-28 04:00:00+00:00,-0.00047326
2026-07-28 05:00:00+00:00,-0.00060781
2026-07-28 06:00:00+00:00,-0.00055506
2026-07-28 07:00:00+00:00,-0.00070074
2026-07-28 08:00:00+00:00,-0.00054548
2026-07-28 09:00:00+00:00,-0.00056678
2026-07-28 10:00:00+00:00,-0.00061259
2026-07-28 11:00:00+00:00,-0.00042455
2026-07-28 12:00:00+00:00,-0.00041986
2026-07-28 13:00:00+00:00,-0.00037614
2026-07-28 14:00:00+00:00,-0.00040624
2026-07-28 15:00:00+00:00,-0.00033217
2026-07-28 16:00:00+00:00,-0.00043682
2026-07-28 17:00:00+00:00,-0.00036843
2026-07-28 18:00:00+00:00,-0.00037499
2026-07-28 19:00:00+00:00,-0.00041918
2026-07-28 20:00:00+00:00,-0.00038533
2026-07-28 21:00:00+00:00,-0.00045158
2026-07-28 22:00:00+00:00,-0.00057522
2026-07-28 23:00:00+00:00,-0.00051381
2026-07-29 00:00:00+00:00,-0.00041483
2026-07-29 01:00:00+00:00,-0.00039237
2026-07-29 02:00:00+00:00,-0.00038564
2026-07-29 03:00:00+00:00,-0.00041784
2026-07-29 04:00:00+00:00,-0.00040096
2026-07-29 05:00:00+00:00,-0.00049300
2026-07-29 06:00:00+00:00,-0.00052518
2026-07-29 07:00:00+00:00,-0.00031665
2026-07-29 08:00:00+00:00,-0.00036496
2026-07-29 09:00:00+00:00,-0.00037995
2026-07-29 10:00:00+00:00,-0.00037585
2026-07-29 11:00:00+00:00,-0.00034115
2026-07-29 12:00:00+00:00,-0.00035365
2026-07-29 13:00:00+00:00,-0.00038851
2026-07-29 14:00:00+00:00,-0.00038971
2026-07-29 15:00:00+00:00,-0.00031967
2026-07-29 16:00:00+00:00,-0.00040551
2026-07-29 17:00:00+00:00,-0.00041816
2026-07-29 18:00:00+00:00,-0.00036825
2026-07-29 19:00:00+00:00,-0.00041635
2026-07-29 20:00:00+00:00,-0.00046655
2026-07-29 21:00:00+00:00,-0.00045062
2026-07-29 22:00:00+00:00,-0.00040474
2026-07-29 23:00:00+00:00,-0.00042089
2026-07-30 00:00:00+00:00,-0.00034582
2026-07-30 01:00:00+00:00,-0.00046744
2026-07-30 02:00:00+00:00,-0.00031537
2026-07-30 03:00:00+00:00,-0.00051443
2026-07-30 04:00:00+00:00,-0.00040381
2026-07-30 05:00:00+00:00,-0.00045589
2026-07-30 06:00:00+00:00,-0.00039176
2026-07-30 07:00:00+00:00,-0.00043286
2026-07-30 08:00:00+00:00,-0.00044890
2026-07-30 09:00:00+00:00,-0.00040910
2026-07-30 10:00:00+00:00,-0.00033833
2026-07-30 11:00:00+00:00,-0.00055941
2026-07-30 12:00:00+00:00,-0.00051981
2026-07-30 13:00:00+00:00,-0.00033042
2026-07-30 14:00:00+00:00,-0.00048705
2026-07-30 15:00:00+00:00,-0.00036877
2026-07-30 16:00:00+00:00,-0.00032351
2026-07-30 17:00:00+00:00,-0.00040709
2026-07-30 18:00:00+00:00,-0.00039333
2026-07-30 19:00:00+00:00,-0.00039769
2026-07-30 20:00:00+00:00,-0.00039501
2026-07-30 21:00:00+00:00,-0.00043918
2026-07-30 22:00:00+00:00,-0.00035995
2026-07-30 23:00:00+00:00,-0.00050602
2026-07-31 00:00:00+00:00,-0.00033942
2026-07-31 01:00:00+00:00,-0.00048910
2026-07-31 02:00:00+00:00,-0.00055122
2026-07-31 03:00:00+00:00,-0.00050539
2026-07-31 04:00:00+00:00,-0.00040552
2026-07-31 05:00:00+00:00,-0.00067507
2026-07-31 06:00:00+00:00,-0.00056795
2026-07-31 07:00:00+00:00,-0.00069545
2026-07-31 08:00:00+00:00,-0.00046783
2026-07-31 09:00:00+00:00,-0.00054712
2026-07-31 10:00:00+00:00,-0.00055858
2026-07-31 11:00:00+00:00,-0.00046791
2026-07-31 12:00:00+00:00,-0.00041710
2026-07-31 13:00:00+00:00,-0.00049221
2026-07-31 14:00:00+00:00,-0.00045651
2026-07-31 15:00:00+00:00,-0.00045098
2026-07-31 16:00:00+00:00,-0.00044669
2026-07-31 17:00:00+00:00,-0.00073029
2026-07-31 18:00:00+00:00,-0.00047818
2026-07-31 19:00:00+00:00,-0.00057479
2026-07-31 20:00:00+00:00,-0.00041556
2026-07-31 21:00:00+00:00,-0.00046204
2026-07-31 22:00:00+00:00,-0.00049480
2026-07-31 23:00:00+00:00,-0.00044102
2026-08-01 00:00:00+00:00,-0.00054894
2026-08-01 01:00:00+00:00,-0.00040358
2026-08-01 02:00:00+00:00,-0.00043540
2026-08-01 03:00:00+00:00,-0.00048333
2026-08-01 04:00:00+00:00,-0.00056644
2026-08-01 05:00:00+00:00,-0.00047574
2026-08-01 06:00:00+00:00,-0.00053916
2026-08-01 07:00:00+00:00,-0.00063472
2026-08-01 08:00:00+00:00,-0.00053239
2026-08-01 09:00:00+00:00,-0.00054949
2026-08-01 10:00:00+00:00,-0.00048103
2026-08-01 11:00:00+00:00,-0.00044168
2026-08-01 12:00:00+00:00,-0.00050235
2026-08-01 13:00:00+00:00,-0.00048471
2026-08-01 14:00:00+00:00,-0.00050104
2026-08-01 15:00:00+00:00,-0.00049680
2026-08-01 16:00:00+00:00,-0.00030422
2026-08-01 17:00:00+00:00,-0.00050327
2026-08-01 18:00:00+00:00,-0.00045454
2026-08-01 19:00:00+00:00,-0.00053142
2026-08-01 20:00:00+00:00,-0.00058392
2026-08-01 21:00:00+00:00,-0.00029549
2026-08-01 22:00:00+00:00,-0.00044720
2026-08-01 23:00:00+00:00,-0.00051398
2026-08-02 00:00:00+00:00,-0.00046666
2026-08-02 01:00:00+00:00,-0.00046470
2026-08-02 02:00:00+00:00,-0.00046046
2026-08-02 03:00:00+00:00,-0.00030591
2026-08-02 04:00:00+00:00,-0.00040035
2026-08-02 05:00:00+00:00,-0.00031896
2026-08-02 06:00:00+00:00,-0.00049831
2026-08-02 07:00:00+00:00,-0.00039990
2026-08-02 08:00:00+00:00,-0.00038824
2026-08-02 09:00:00+00:00,-0.00050574
2026-08-02 10:00:00+00:00,-0.00046709
2026-08-02 11:00:00+00:00,-0.00048880
2026-08-02 12:00:00+00:00,-0.00048925
2026-08-02 13:00:00+00:00,-0.00046975
2026-08-02 14:00:00+00:00,-0.00056763
2026-08-02 15:00:00+00:00,-0.00050326
2026-08-02 16:00:00+00:00,-0.00051305
2026-08-02 17:00:00+00:00,-0.00039200
2026-08-02 18:00:00+00:00,-0.00038495
2026-08-02 19:00:00+00:00,-0.00036780
2026-08-02 20:00:00+00:00,-0.00048175
2026-08-02 21:00:00+00:00,-0.00041388
2026-08-02 22:00:00+00:00,-0.00056171
2026-08-02 23:00:00+00:00,-0.00041643
2026-08-03 00:00:00+00:00,-0.00047334
2026-08-03 01:00:00+00:00,-0.00051738
2026-08-03 02:00:00+00:00,-0.00040960
2026-08-03 03:00:00+00:00,-0.00057629
2026-08-03 04:00:00+00:00,-0.00049565
2026-08-03 05:00:00+00:00,-0.00051024
2026-08-03 06:00:00+00:00,-0.00049597
2026-08-03 07:00:00+00:00,-0.00046510
2026-08-03 08:00:00+00:00,-0.00054801
2026-08-03 09:00:00+00:00,-0.00054553
2026-08-03 10:00:00+00:00,-0.00050605
2026-08-03 11:00:00+00:00,-0.00042338
2026-08-03 12:00:00+00:00,-0.00043545
2026-08-03 13:00:00+00:00,-0.00049098
2026-08-03 14:00:00+00:00,-0.00039764
2026-08-03 15:00:00+00:00,-0.00048008
2026-08-03 16:00:00+00:00,-0.00050353
2026-08-03 17:00:00+00:00,-0.00051915
2026-08-03 18:00:00+00:00,-0.00055495
2026-08-03 19:00:00+00:00,-0.00047427
2026-08-03 20:00:00+00:00,-0.00048450
2026-08-03 21:00:00+00:00,-0.00042623
2026-08-03 22:00:00+00:00,-0.00047973
2026-08-03 23:00:00+00:00,-0.00033562
2026-08-04 00:00:00+00:00,-0.00041592
2026-08-04 01:00:00+00:00,-0.00046125
2026-08-04 02:00:00+00:00,-0.00044296
2026-08-04 03:00:00+00:00,-0.00030560
2026-08-04 04:00:00+00:00,-0.00036822
2026-08-04 05:00:00+00:00,-0.00027550
2026-08-04 06:00:00+00:00,-0.00039299
2026-08-04 07:00:00+00:00,-0.00034826
2026-08-04 08:00:00+00:00,-0.00040114
2026-08-04 09:00:00+00:00,-0.00028654
2026-08-04 10:00:00+00:00,-0.00050997
2026-08-04 11:00:00+00:00,-0.00044566
2026-08-04 12:00:00+00:00,-0.00039044
2026-08-04 13:00:00+00:00,-0.00040173
2026-08-04 14:00:00+00:00,-0.00029251
2026-08-04 15:00:00+00:00,-0.00040025
2026-08-04 16:00:00+00:00,-0.00043503
2026-08-04 17:00:00+00:00,-0.00044685
2026-08-04 18:00:00+00:00,-0.00050306
2026-08-04 19:00:00+00:00,-0.00043863
2026-08-04 20:00:00+00:00,-0.00035934
2026-08-04 21:00:00+00:00,-0.00038740
2026-08-04 22:00:00+00:00,-0.00051859
2026-08-04 23:00:00+00:00,-0.00046235
2026-08-05 00:00:00+00:00,-0.00054436
2026-08-05 01:00:00+00:00,-0.00046826
2026-08-05 02:00:00+00:00,-0.00050400
2026-08-05 03:00:00+00:00,-0.00041306
2026-08-05 04:00:00+00:00,-0.00035275
2026-08-05 05:00:00+00:00,-0.00044610
2026-08-05 06:00:00+00:00,-0.00037490
2026-08-05 07:00:00+00:00,-0.00045005
2026-08-05 08:00:00+00:00,-0.00040380
2026-08-05 09:00:00+00:00,-0.00052421
2026-08-05 10:00:00+00:00,-0.00055944
2026-08-05 11:00:00+00:00,-0.00047272
2026-08-05 12:00:00+00:00,-0.00043274
2026-08-05 13:00:00+00:00,-0.00046536
2026-08-05 14:00:00+00:00,-0.00050124
2026-08-05 15:00:00+00:00,-0.00053706
2026-08-05 16:00:00+00:00,-0.00053877
2026-08-05 17:00:00+00:00,-0.00053469
2026-08-05 18:00:00+00:00,-0.00044235
2026-08-05 19:00:00+00:00,-0.00057579
2026-08-05 20:00:00+00:00,-0.00051424
2026-08-05 21:00:00+00:00,-0.00048359
2026-08-05 22:00:00+00:00,-0.00054129
2026-08-05 23:00:00+00:00,-0.00061522
2026-08-06 00:00:00+00:00,-0.00057731
2026-08-06 01:00:00+00:00,-0.00053586
2026-08-06 02:00:00+00:00,-0.00043666
2026-08-06 03:00:00+00:00,-0.00050822
2026-08-06 04:00:00+00:00,-0.00053593
2026-08-06 05:00:00+00:00,-0.00041837
2026-08-06 06:00:00+00:00,-0.00040202
2026-08-06 07:00:00+00:00,-0.00033894
2026-08-06 08:00:00+00:00,-0.00049056
2026-08-06 09:00:00+00:00,-0.00047474
2026-08-06 10:00:00+00:00,-0.00052545
2026-08-06 11:00:00+00:00,-0.00051510
2026-08-06 12:00:00+00:00,-0.00049103
2026-08-06 13:00:00+00:00,-0.00039079
2026-08-06 14:00:00+00:00,-0.00050306
2026-08-06 15:00:00+00:00,-0.00039438
2026-08-06 16:00:00+00:00,-0.00043231
2026-08-06 17:00:00+00:00,-0.00054924
2026-08-06 18:00:00+00:00,-0.00060785
2026-08-06 19:00:00+00:00,-0.00064795
2026-08-06 20:00:00+00:00,-0.00052248
2026-08-06 21:00:00+00:00,-0.00055528
2026-08-06 22:00:00+00:00,-0.00055895
2026-08-06 23:00:00+00:00,-0.00058387
2026-08-07 00:00:00+00:00,-0.00059902
2026-08-07 01:00:00+00:00,-0.00049990
2026-08-07 02:00:00+00:00,-0.00051352
2026-08-07 03:00:00+00:00,-0.00052244
2026-08-07 04:00:00+00:00,-0.00041472
2026-08-07 05:00:00+00:00,-0.00051763
2026-08-07 06:00:00+00:00,-0.00048091
2026-08-07 07:00:00+00:00,-0.00054737
2026-08-07 08:00:00+00:00,-0.00046029
2026-08-07 09:00:00+00:00,-0.00035983
2026-08-07 10:00:00+00:00,-0.00046263
2026-08-07 11:00:00+00:00,-0.00031850
2026-08-07 12:00:00+00:00,-0.00034890
2026-08-07 13:00:00+00:00,-0.00034188
2026-08-07 14:00:00+00:00,-0.00044592
2026-08-07 15:00:00+00:00,-0.00052282
2026-08-07 16:00:00+00:00,-0.00046542
2026-08-07 17:00:00+00:00,-0.00033959
2026-08-07 18:00:00+00:00,-0.00043655
2026-08-07 19:00:00+00:00,-0.00050803
2026-08-07 20:00:00+00:00,-0.00052991
2026-08-07 21:00:00+00:00,-0.00058533
2026-08-07 22:00:00+00:00,-0.00059017
2026-08-07 23:00:00+00:00,-0.00052235
2026-08-08 00:00:00+00:00,-0.00048941
2026-08-08 01:00:00+00:00,-0.00053420
2026-08-08 02:00:00+00:00,-0.00053603
2026-08-08 03:00:00+00:00,-0.00041367
2026-08-08 04:00:00+00:00,-0.00049277
2026-08-08 05:00:00+00:00,-0.00043683
2026-08-08 06:00:00+00:00,-0.00047918
2026-08-08 07:00:00+00:00,-0.00039578
2026-08-08 08:00:00+00:00,-0.00047729
2026-08-08 09:00:00+00:00,-0.00053299
2026-08-08 10:00:00+00:00,-0.00044607
2026-08-08 11:00:00+00:00,-0.00038881
2026-08-08 12:00:00+00:00,-0.00055596
2026-08-08 13:00:00+00:00,-0.00037684
2026-08-08 14:00:00+00:00,-0.00056903
2026-08-08 15:00:00+00:00,-0.00044536
2026-08-08 16:00:00+00:00,-0.00049013
2026-08-08 17:00:00+00:00,-0.00052352
2026-08-08 18:00:00+00:00,-0.00058942
2026-08-08 19:00:00+00:00,-0.00061983
2026-08-08 20:00:00+00:00,-0.00058434
2026-08-08 21:00:00+00:00,-0.00048914
2026-08-08 22:00:00+00:00,-0.00056565
2026-08-08 23:00:00+00:00,-0.00042720
2026-08-09 00:00:00+00:00,-0.00049448
2026-08-09 01:00:00+00:00,-0.00038153
2026-08-09 02:00:00+00:00,-0.00042702
2026-08-09 03:00:00+00:00,-0.00042785
2026-08-09 04:00:00+00:00,-0.00044639
2026-08-09 05:00:00+00:00,-0.00043786
2026-08-09 06:00:00+00:00,-0.00057588
2026-08-09 07:00:00+00:00,-0.00053419
2026-08-09 08:00:00+00:00,-0.00037780
2026-08-09 09:00:00+00:00,-0.00041665
2026-08-09 10:00:00+00:00,-0.00046669
2026-08-09 11:00:00+00:00,-0.00045441
2026-08-09 12:00:00+00:00,-0.00048370
2026-08-09 13:00:00+00:00,-0.00032904
2026-08-09 14:00:00+00:00,-0.00040311
2026-08-09 15:00:00+00:00,-0.00042123
2026-08-09 16:00:00+00:00,-0.00044224
2026-08-09 17:00:00+00:00,-0.00037715
2026-08-09 18:00:00+00:00,-0.00040967
2026-08-09 19:00:00+00:00,-0.00031063
2026-08-09 20:00:00+00:00,-0.00032638
2026-08-09 21:00:00+00:00,-0.00035352
2026-08-09 22:00:00+00:00,-0.00051838
2026-08-09 23:00:00+00:00,-0.00041803
2026-08-10 00:00:00+00:00,-0.00057366
2026-08-10 01:00:00+00:00,-0.00043026
2026-08-10 02:00:00+00:00,-0.00042411
2026-08-10 03:00:00+00:00,-0.00053686
2026-08-10 04:00:00+00:00,-0.00040759
2026-08-10 05:00:00+00:00,-0.00049529
2026-08-10 06:00:00+00:00,-0.00055377
2026-08-10 07:00:00+00:00,-0.00040598
2026-08-10 08:00:00+00:00,-0.00046756
2026-08-10 09:00:00+00:00,-0.00046359
2026-08-10 10:00:00+00:00,-0.00044513
2026-08-10 11:00:00+00:00,-0.00039768
2026-08-10 12:00:00+00:00,-0.00042919
2026-08-10 13:00:00+00:00,-0.00050282
2026-08-10 14:00:00+00:00,-0.00051302
2026-08-10 15:00:00+00:00,-0.00054712
2026-08-10 16:00:00+00:00,-0.00055547
2026-08-10 17:00:00+00:00,-0.00042507
2026-08-10 18:00:00+00:00,-0.00053088
2026-08-10 19:00:00+00:00,-0.00042655
2026-08-10 20:00:00+00:00,-0.00043173
2026-08-10 21:00:00+00:00,-0.00046075
2026-08-10 22:00:00+00:00,-0.00043402
2026-08-10 23:00:00+00:00,-0.00038751
2026-08-11 00:00:00+00:00,-0.00050723
2026-08-11 01:00:00+00:00,-0.00045775
2026-08-11 02:00:00+00:00,-0.00049619
2026-08-11 03:00:00+00:00,-0.00052879
2026-08-11 04:00:00+00:00,-0.00043427
2026-08-11 05:00:00+00:00,-0.00052040
2026-08-11 06:00:00+00:00,-0.00046187
2026-08-11 07:00:00+00:00,-0.00051565
2026-08-11 08:00:00+00:00,-0.00053261
2026-08-11 09:00:00+00:00,-0.00034779
2026-08-11 10:00:00+00:00,-0.00047049
2026-08-11 11:00:00+00:00,-0.00054411
2026-08-11 12:00:00+00:00,-0.00047878
2026-08-11 13:00:00+00:00,-0.00032866
2026-08-11 14:00:00+00:00,-0.00043772
2026-08-11 15:00:00+00:00,-0.00050724
2026-08-11 16:00:00+00:00,-0.00049076
2026-08-11 17:00:00+00:00,-0.00043246
2026-08-11 18:00:00+00:00,-0.00049658
2026-08-11 19:00:00+00:00,-0.00040359
2026-08-11 20:00:00+00:00,-0.00046506
2026-08-11 21:00:00+00:00,-0.00051414
2026-08-11 22:00:00+00:00,-0.00055680
2026-08-11 23:00:00+00:00,-0.00049149
2026-08-12 00:00:00+00:00,-0.00032945
2026-08-12 01:00:00+00:00,-0.00030359
2026-08-12 02:00:00+00:00,-0.00042800
2026-08-12 03:00:00+00:00,-0.00044271
2026-08-12 04:00:00+00:00,-0.00033980
2026-08-12 05:00:00+00:00,-0.00047447
2026-08-12 06:00:00+00:00,-0.00038168
2026-08-12 07:00:00+00:00,-0.00049185
2026-08-12 08:00:00+00:00,-0.00046760
2026-08-12 09:00:00+00:00,-0.00045007
2026-08-12 10:00:00+00:00,-0.00043668
2026-08-12 11:00:00+00:00,-0.00047265
2026-08-12 12:00:00+00:00,-0.00035986
2026-08-12 13:00:00+00:00,-0.00048421
2026-08-12 14:00:00+00:00,-0.00054258
2026-08-12 15:00:00+00:00,-0.00046925
2026-08-12 16:00:00+00:00,-0.00058069
2026-08-12 17:00:00+00:00,-0.00046547
2026-08-12 18:00:00+00:00,-0.00041270
2026-08-12 19:00:00+00:00,-0.00044432
2026-08-12 20:00:00+00:00,-0.00050596
2026-08-12 21:00:00+00:00,-0.00058710
2026-08-12 22:00:00+00:00,-0.00043005
2026-08-12 23:00:00+00:00,-0.00045932
2026-08-13 00:00:00+00:00,-0.00046997
2026-08-13 01:00:00+00:00,-0.00046116
2026-08-13 02:00:00+00:00,-0.00045507
2026-08-13 03:00:00+00:00,-0.00039715
2026-08-13 04:00:00+00:00,-0.00052571
2026-08-13 05:00:00+00:00,-0.00035935
2026-08-13 06:00:00+00:00,-0.00028724
2026-08-13 07:00:00+00:00,-0.00048075
2026-08-13 08:00:00+00:00,-0.00040839
2026-08-13 09:00:00+00:00,-0.00038503
2026-08-13 10:00:00+00:00,-0.00036526
2026-08-13 11:00:00+00:00,-0.00040083
2026-08-13 12:00:00+00:00,-0.00047095
2026-08-13 13:00:00+00:00,-0.00057651
2026-08-13 14:00:00+00:00,-0.00047150
2026-08-13 15:00:00+00:00,-0.00058183
2026-08-13 16:00:00+00:00,-0.00041972
2026-08-13 17:00:00+00:00,-0.00049361
2026-08-13 18:00:00+00:00,-0.00044644
2026-08-13 19:00:00+00:00,-0.00034180
2026-08-13 20:00:00+00:00,-0.00050084
2026-08-13 21:00:00+00:00,-0.00047598
2026-08-13 22:00:00+00:00,-0.00045647
2026-08-13 23:00:00+00:00,-0.00049284
2026-08-14 00:00:00+00:00,-0.00045554
2026-08-14 01:00:00+00:00,-0.00046171
2026-08-14 02:00:00+00:00,-0.00048595
2026-08-14 03:00:00+00:00,-0.00052722
2026-08-14 04:00:00+00:00,-0.00048650
2026-08-14 05:00:00+00:00,-0.00053931
2026-08-14 06:00:00+00:00,-0.00049136
2026-08-14 07:00:00+00:00,-0.00072520
2026-08-14 08:00:00+00:00,-0.00057891
2026-08-14 09:00:00+00:00,-0.00059253
2026-08-14 10:00:00+00:00,-0.00061291
2026-08-14 11:00:00+00:00,-0.00059693
2026-08-14 12:00:00+00:00,-0.00054006
2026-08-14 13:00:00+00:00,-0.00046316
2026-08-14 14:00:00+00:00,-0.00038476
2026-08-14 15:00:00+00:00,-0.00045975
2026-08-14 16:00:00+00:00,-0.00046878
2026-08-14 17:00:00+00:00,-0.00049115
2026-08-14 18:00:00+00:00,-0.00045705
2026-08-14 19:00:00+00:00,-0.00040273
2026-08-14 20:00:00+00:00,-0.00042283
2026-08-14 21:00:00+00:00,-0.00034931
2026-08-14 22:00:00+00:00,-0.00037923
2026-08-14 23:00:00+00:00,-0.00053120
2026-08-15 00:00:00+00:00,-0.00046913
2026-08-15 01:00:00+00:00,-0.00038579
2026-08-15 02:00:00+00:00,-0.00041133
2026-08-15 03:00:00+00:00,-0.00041032
2026-08-15 04:00:00+00:00,-0.00050585
2026-08-15 05:00:00+00:00,-0.00053940
2026-08-15 06:00:00+00:00,-0.00043636
2026-08-15 07:00:00+00:00,-0.00053380
2026-08-15 08:00:00+00:00,-0.00051671
2026-08-15 09:00:00+00:00,-0.00053206
2026-08-15 10:00:00+00:00,-0.00039299
2026-08-15 11:00:00+00:00,-0.00043505
2026-08-15 12:00:00+00:00,-0.00042990
2026-08-15 13:00:00+00:00,-0.00049431
2026-08-15 14:00:00+00:00,-0.00038985
2026-08-15 15:00:00+00:00,-0.00051158
2026-08-15 16:00:00+00:00,-0.00048957
2026-08-15 17:00:00+00:00,-0.00039432
2026-08-15 18:00:00+00:00,-0.00042518
2026-08-15 19:00:00+00:00,-0.00042362
2026-08-15 20:00:00+00:00,-0.00037763
2026-08-15 21:00:00+00:00,-0.00053800
2026-08-15 22:00:00+00:00,-0.00058622
2026-08-15 23:00:00+00:00,-0.00041324
2026-08-16 00:00:00+00:00,-0.00044829
2026-08-16 01:00:00+00:00,-0.00055033
2026-08-16 02:00:00+00:00,-0.00044168
2026-08-16 03:00:00+00:00,-0.00046196
2026-08-16 04:00:00+00:00,-0.00054304
2026-08-16 05:00:00+00:00,-0.00054236
2026-08-16 06:00:00+00:00,-0.00057620
2026-08-16 07:00:00+00:00,-0.00052505
2026-08-16 08:00:00+00:00,-0.00056699
2026-08-16 09:00:00+00:00,-0.00048277
2026-08-16 10:00:00+00:00,-0.00042471
2026-08-16 11:00:00+00:00,-0.00044182
2026-08-16 12:00:00+00:00,-0.00049858
2026-08-16 13:00:00+00:00,-0.00050190
2026-08-16 14:00:00+00:00,-0.00047052
2026-08-16 15:00:00+00:00,-0.00045803
2026-08-16 16:00:00+00:00,-0.00041333
2026-08-16 17:00:00+00:00,-0.00052235
2026-08-16 18:00:00+00:00,-0.00047419
2026-08-16 19:00:00+00:00,-0.00046608
2026-08-16 20:00:00+00:00,-0.00047346
2026-08-16 21:00:00+00:00,-0.00050735
2026-08-16 22:00:00+00:00,-0.00048350
2026-08-16 23:00:00+00:00,-0.00048372
2026-08-17 00:00:00+00:00,-0.00059595
2026-08-17 01:00:00+00:00,-0.00048734
2026-08-17 02:00:00+00:00,-0.00059212
2026-08-17 03:00:00+00:00,-0.00052641
2026-08-17 04:00:00+00:00,-0.00034216
2026-08-17 05:00:00+00:00,-0.00056943
2026-08-17 06:00:00+00:00,-0.00041214
2026-08-17 07:00:00+00:00,-0.00030979
2026-08-17 08:00:00+00:00,-0.00046852
2026-08-17 09:00:00+00:00,-0.00047046
2026-08-17 10:00:00+00:00,-0.00043686
2026-08-17 11:00:00+00:00,-0.00049319
2026-08-17 12:00:00+00:00,-0.00041543
2026-08-17 13:00:00+00:00,-0.00051868
2026-08-17 14:00:00+00:00,-0.00044094
2026-08-17 15:00:00+00:00,-0.00044626
2026-08-17 16:00:00+00:00,-0.00036951
2026-08-17 17:00:00+00:00,-0.00049363
2026-08-17 18:00:00+00:00,-0.00051979
2026-08-17 19:00:00+00:00,-0.00043955
2026-08-17 20:00:00+00:00,-0.00039443
2026-08-17 21:00:00+00:00,-0.00050837
2026-08-17 22:00:00+00:00,-0.00056183
2026-08-17 23:00:00+00:00,-0.00046514
2026-08-18 00:00:00+00:00,-0.00044367
2026-08-18 01:00:00+00:00,-0.00043581
2026-08-18 02:00:00+00:00,-0.00049011
2026-08-18 03:00:00+00:00,-0.00045324
2026-08-18 04:00:00+00:00,-0.00038828
2026-08-18 05:00:00+00:00,-0.00051669
2026-08-18 06:00:00+00:00,-0.00040771
2026-08-18 07:00:00+00:00,-0.00042238
2026-08-18 08:00:00+00:00,-0.00048341
2026-08-18 09:00:00+00:00,-0.00049117
2026-08-18 10:00:00+00:00,-0.00047053
2026-08-18 11:00:00+00:00,-0.00041396
2026-08-18 12:00:00+00:00,-0.00052541
2026-08-18 13:00:00+00:00,-0.00038735
2026-08-18 14:00:00+00:00,-0.00039800
2026-08-18 15:00:00+00:00,-0.00043675
2026-08-18 16:00:00+00:00,-0.00054818
2026-08-18 17:00:00+00:00,-0.00045779
2026-08-18 18:00:00+00:00,-0.00037035
2026-08-18 19:00:00+00:00,-0.00047226
2026-08-18 20:00:00+00:00,-0.00060466
2026-08-18 21:00:00+00:00,-0.00040227
2026-08-18 22:00:00+00:00,-0.00047965
2026-08-18 23:00:00+00:00,-0.00056236
2026-08-19 00:00:00+00:00,-0.00058745
2026-08-19 01:00:00+00:00,-0.00055904
2026-08-19 02:00:00+00:00,-0.00055471
2026-08-19 03:00:00+00:00,-0.00052258
2026-08-19 04:00:00+00:00,-0.00049769
2026-08-19 05:00:00+00:00,-0.00046982
2026-08-19 06:00:00+00:00,-0.00032921
2026-08-19 07:00:00+00:00,-0.00042502
2026-08-19 08:00:00+00:00,-0.00050308
2026-08-19 09:00:00+00:00,-0.00050584
2026-08-19 10:00:00+00:00,-0.00042041
2026-08-19 11:00:00+00:00,-0.00055601
2026-08-19 12:00:00+00:00,-0.00038927
2026-08-19 13:00:00+00:00,-0.00042531
2026-08-19 14:00:00+00:00,-0.00035628
2026-08-19 15:00:00+00:00,-0.00035867
2026-08-19 16:00:00+00:00,-0.00023770
2026-08-19 17:00:00+00:00,-0.00056608
2026-08-19 18:00:00+00:00,-0.00054942
2026-08-19 19:00:00+00:00,-0.00054903
2026-08-19 20:00:00+00:00,-0.00035856
2026-08-19 21:00:00+00:00,-0.00039483
2026-08-19 22:00:00+00:00,-0.00035777
2026-08-19 23:00:00+00:00,-0.00039270
2026-08-20 00:00:00+00:00,-0.00044502
2026-08-20 01:00:00+00:00,-0.00042385
2026-08-20 02:00:00+00:00,-0.00038080
2026-08-20 03:00:00+00:00,-0.00027816
2026-08-20 04:00:00+00:00,-0.00024305
2026-08-20 05:00:00+00:00,-0.00029406
2026-08-20 06:00:00+00:00,-0.00042148
2026-08-20 07:00:00+00:00,-0.00007608
2026-08-20 08:00:00+00:00,-0.00050333
2026-08-20 09:00:00+00:00,-0.00039469
2026-08-20 10:00:00+00:00,-0.00054434
2026-08-20 11:00:00+00:00,-0.00056811
2026-08-20 12:00:00+00:00,-0.00054214
2026-08-20 13:00:00+00:00,-0.00058166
2026-08-20 14:00:00+00:00,-0.00053261
2026-08-20 15:00:00+00:00,-0.00043612
2026-08-20 16:00:00+00:00,-0.00044879
2026-08-20 17:00:00+00:00,-0.00046778
2026-08-20 18:00:00+00:00,-0.00046153
2026-08-20 19:00:00+00:00,-0.00057696
2026-08-20 20:00:00+00:00,-0.00046302
2026-08-20 21:00:00+00:00,-0.00056790
2026-08-20 22:00:00+00:00,-0.00041879
2026-08-20 23:00:00+00:00,-0.00054209
2026-08-21 00:00:00+00:00,-0.00049441
2026-08-21 01:00:00+00:00,-0.00045513
2026-08-21 02:00:00+00:00,-0.00043672
2026-08-21 03:00:00+00:00,-0.00043460
2026-08-21 04:00:00+00:00,-0.00044598
2026-08-21 05:00:00+00:00,-0.00037589
2026-08-21 06:00:00+00:00,-0.00028777
2026-08-21 07:00:00+00:00,0.00001731
2026-08-21 08:00:00+00:00,0.00019228
2026-08-21 09:00:00+00:00,-0.00027771
2026-08-21 10:00:00+00:00,-0.00020069
2026-08-21 11:00:00+00:00,0.00014411
2026-08-21 12:00:00+00:00,0.00001580
2026-08-21 13:00:00+00:00,-0.00023909
2026-08-21 14:00:00+00:00,0.00003800
2026-08-21 15:00:00+00:00,-0.00006872
2026-08-21 16:00:00+00:00,-0.00008759
2026-08-21 17:00:00+00:00,-0.00017043
2026-08-21 18:00:00+00:00,-0.00027323
2026-08-21 19:00:00+00:00,-0.00051115
2026-08-21 20:00:00+00:00,-0.00042339
2026-08-21 21:00:00+00:00,-0.00032835
2026-08-21 22:00:00+00:00,-0.00033885
2026-08-21 23:00:00+00:00,-0.00028971
2026-08-22 00:00:00+00:00,-0.00035846
2026-08-22 01:00:00+00:00,-0.00041114
2026-08-22 02:00:00+00:00,-0.00024604
2026-08-22 03:00:00+00:00,-0.00017321
2026-08-22 04:00:00+00:00,-0.00013937
2026-08-22 05:00:00+00:00,-0.00031677
2026-08-22 06:00:00+00:00,-0.00019207
2026-08-22 07:00:00+00:00,-0.00019522
2026-08-22 08:00:00+00:00,-0.00022251
2026-08-22 09:00:00+00:00,-0.00017512
2026-08-22 10:00:00+00:00,-0.00000363
2026-08-22 11:00:00+00:00,0.00000000
2026-08-22 12:00:00+00:00,-0.00022195
2026-08-22 13:00:00+00:00,-0.00002859
2026-08-22 14:00:00+00:00,-0.00009417
2026-08-22 15:00:00+00:00,0.00001038
2026-08-22 16:00:00+00:00,-0.00015435
2026-08-22 17:00:00+00:00,0.00002445
2026-08-22 18:00:00+00:00,0.00007611
2026-08-22 19:00:00+00:00,-0.00000994
2026-08-22 20:00:00+00:00,0.00018072
2026-08-22 21:00:00+00:00,0.00005136
2026-08-22 22:00:00+00:00,0.00002260
2026-08-22 23:00:00+00:00,0.00001919
2026-08-23 00:00:00+00:00,-0.00004189
2026-08-23 01:00:00+00:00,0.00002227
2026-08-23 02:00:00+00:00,-0.00008277
2026-08-23 03:00:00+00:00,0.00005264
2026-08-23 04:00:00+00:00,-0.00023293
2026-08-23 05:00:00+00:00,0.00014428
2026-08-23 06:00:00+00:00,0.00009481
2026-08-23 07:00:00+00:00,0.00005742
2026-08-23 08:00:00+00:00,0.00013117
2026-08-23 09:00:00+00:00,0.00000000
2026-08-23 10:00:00+00:00,-0.00010549
2026-08-23 11:00:00+00:00,-0.00014022
2026-08-23 12:00:00+00:00,-0.00011746
2026-08-23 13:00:00+00:00,-0.00024202
2026-08-23 14:00:00+00:00,-0.00028078
2026-08-23 15:00:00+00:00,-0.00049325
2026-08-23 16:00:00+00:00,-0.00030580
2026-08-23 17:00:00+00:00,-0.00016266
2026-08-23 18:00:00+00:00,-0.00027133
2026-08-23 19:00:00+00:00,-0.00035047
2026-08-23 20:00:00+00:00,-0.00038037
2026-08-23 21:00:00+00:00,-0.00017295
2026-08-23 22:00:00+00:00,-0.00031690
2026-08-23 23:00:00+00:00,-0.00041780
2026-08-24 00:00:00+00:00,-0.00019664
2026-08-24 01:00:00+00:00,-0.00039780
2026-08-24 02:00:00+00:00,-0.00030426
2026-08-24 03:00:00+00:00,-0.00024279
2026-08-24 04:00:00+00:00,-0.00006842
2026-08-24 05:00:00+00:00,-0.00011946
2026-08-24 06:00:00+00:00,-0.00018495
2026-08-24 07:00:00+00:00,-0.00015123
2026-08-24 08:00:00+00:00,-0.00018902
2026-08-24 09:00:00+00:00,-0.00018771
2026-08-24 10:00:00+00:00,-0.00011081
2026-08-24 11:00:00+00:00,-0.00013537
2026-08-24 12:00:00+00:00,-0.00020344
2026-08-24 13:00:00+00:00,-0.00037316
2026-08-24 14:00:00+00:00,-0.00030796
2026-08-24 15:00:00+00:00,-0.00046807
2026-08-24 16:00:00+00:00,-0.00046461
2026-08-24 17:00:00+00:00,-0.00042800
2026-08-24 18:00:00+00:00,-0.00043549
2026-08-24 19:00:00+00:00,-0.00061425
2026-08-24 20:00:00+00:00,-0.00046336
2026-08-24 21:00:00+00:00,-0.00036423
2026-08-24 22:00:00+00:00,-0.00045550
2026-08-24 23:00:00+00:00,-0.00032711
2026-08-25 00:00:00+00:00,-0.00023342
2026-08-25 01:00:00+00:00,-0.00035588
2026-08-25 02:00:00+00:00,-0.00031426
2026-08-25 03:00:00+00:00,-0.00026057
2026-08-25 04:00:00+00:00,-0.00022243
2026-08-25 05:00:00+00:00,-0.00031123
2026-08-25 06:00:00+00:00,-0.00026889
2026-08-25 07:00:00+00:00,-0.00041902
2026-08-25 08:00:00+00:00,-0.00042012
2026-08-25 09:00:00+00:00,-0.00035200
2026-08-25 10:00:00+00:00,-0.00050987
2026-08-25 11:00:00+00:00,-0.00044595
2026-08-25 12:00:00+00:00,-0.00062497
2026-08-25 13:00:00+00:00,-0.00044224
2026-08-25 14:00:00+00:00,-0.00050481
2026-08-25 15:00:00+00:00,-0.00046829
2026-08-25 16:00:00+00:00,-0.00041479
2026-08-25 17:00:00+00:00,-0.00040771
2026-08-25 18:00:00+00:00,-0.00044229
2026-08-25 19:00:00+00:00,-0.00045258
2026-08-25 20:00:00+00:00,-0.00054212
2026-08-25 21:00:00+00:00,-0.00054571
2026-08-25 22:00:00+00:00,-0.00057813
2026-08-25 23:00:00+00:00,-0.00052370
2026-08-26 00:00:00+00:00,-0.00046562
2026-08-26 01:00:00+00:00,-0.00036652
2026-08-26 02:00:00+00:00,-0.00035792
2026-08-26 03:00:00+00:00,-0.00041993
2026-08-26 04:00:00+00:00,-0.00052145
2026-08-26 05:00:00+00:00,-0.00045068
2026-08-26 06:00:00+00:00,-0.00042058
2026-08-26 07:00:00+00:00,-0.00059311
2026-08-26 08:00:00+00:00,-0.00047863
2026-08-26 09:00:00+00:00,-0.00042387
2026-08-26 10:00:00+00:00,-0.00050204
2026-08-26 11:00:00+00:00,-0.00053951
2026-08-26 12:00:00+00:00,-0.00039070
2026-08-26 13:00:00+00:00,-0.00042243
2026-08-26 14:00:00+00:00,-0.00048242
2026-08-26 15:00:00+00:00,-0.00046958
2026-08-26 16:00:00+00:00,-0.00053710
2026-08-26 17:00:00+00:00,-0.00051403
2026-08-26 18:00:00+00:00,-0.00046919
2026-08-26 19:00:00+00:00,-0.00054260
2026-08-26 20:00:00+00:00,-0.00049173
2026-08-26 21:00:00+00:00,-0.00035128
2026-08-26 22:00:00+00:00,-0.00041145
2026-08-26 23:00:00+00:00,-0.00046072
2026-08-27 00:00:00+00:00,-0.00044214
2026-08-27 01:00:00+00:00,-0.00053320
2026-08-27 02:00:00+00:00,-0.00044321
2026-08-27 03:00:00+00:00,-0.00053625
2026-08-27 04:00:00+00:00,-0.00041774
2026-08-27 05:00:00+00:00,-0.00042970
2026-08-27 06:00:00+00:00,-0.00039089
2026-08-27 07:00:00+00:00,-0.00039392
2026-08-27 08:00:00+00:00,-0.00041096
2026-08-27 09:00:00+00:00,-0.00033067
2026-08-27 10:00:00+00:00,-0.00041803
2026-08-27 11:00:00+00:00,-0.00049229
2026-08-27 12:00:00+00:00,-0.00055442
2026-08-27 13:00:00+00:00,-0.00043208
2026-08-27 14:00:00+00:00,-0.00051094
2026-08-27 15:00:00+00:00,-0.00053339
2026-08-27 16:00:00+00:00,-0.00050120
2026-08-27 17:00:00+00:00,-0.00040436
2026-08-27 18:00:00+00:00,-0.00043922
2026-08-27 19:00:00+00:00,-0.00061037
2026-08-27 20:00:00+00:00,-0.00037518
2026-08-27 21:00:00+00:00,-0.00045125
2026-08-27 22:00:00+00:00,-0.00051444
2026-08-27 23:00:00+00:00,-0.00044980
2026-08-28 00:00:00+00:00,-0.00048021
2026-08-28 01:00:00+00:00,-0.00042772
2026-08-28 02:00:00+00:00,-0.00039140
2026-08-28 03:00:00+00:00,-0.00040716
2026-08-28 04:00:00+00:00,-0.00039521
2026-08-28 05:00:00+00:00,-0.00044970
2026-08-28 06:00:00+00:00,-0.00051368
2026-08-28 07:00:00+00:00,-0.00028581
2026-08-28 08:00:00+00:00,-0.00042246
2026-08-28 09:00:00+00:00,-0.00043929
2026-08-28 10:00:00+00:00,-0.00046195
2026-08-28 11:00:00+00:00,-0.00043592
2026-08-28 12:00:00+00:00,-0.00030437
2026-08-28 13:00:00+00:00,-0.00055217
2026-08-28 14:00:00+00:00,-0.00031087
2026-08-28 15:00:00+00:00,-0.00043814
2026-08-28 16:00:00+00:00,-0.00040953
2026-08-28 17:00:00+00:00,-0.00036011
2026-08-28 18:00:00+00:00,-0.00035133
2026-08-28 19:00:00+00:00,-0.00029147
2026-08-28 20:00:00+00:00,-0.00031228
2026-08-28 21:00:00+00:00,-0.00047194
2026-08-28 22:00:00+00:00,-0.00042455
2026-08-28 23:00:00+00:00,-0.00047034
2026-08-29 00:00:00+00:00,-0.00035428
2026-08-29 01:00:00+00:00,-0.00041333
2026-08-29 02:00:00+00:00,-0.00054137
2026-08-29 03:00:00+00:00,-0.00051359
2026-08-29 04:00:00+00:00,-0.00039378
2026-08-29 05:00:00+00:00,-0.00043217
2026-08-29 06:00:00+00:00,-0.00038858
2026-08-29 07:00:00+00:00,-0.00062718
2026-08-29 08:00:00+00:00,-0.00035561
2026-08-29 09:00:00+00:00,-0.00041405
2026-08-29 10:00:00+00:00,-0.00050561
2026-08-29 11:00:00+00:00,-0.00035112
2026-08-29 12:00:00+00:00,-0.00034584
2026-08-29 13:00:00+00:00,-0.00048098
2026-08-29 14:00:00+00:00,-0.00055652
2026-08-29 15:00:00+00:00,-0.00052144
2026-08-29 16:00:00+00:00,-0.00048675
2026-08-29 17:00:00+00:00,-0.00038136
2026-08-29 18:00:00+00:00,-0.00043477
2026-08-29 19:00:00+00:00,-0.00044787
2026-08-29 20:00:00+00:00,-0.00050826
2026-08-29 21:00:00+00:00,-0.00048832
2026-08-29 22:00:00+00:00,-0.00048774
2026-08-29 23:00:00+00:00,-0.00045845
2026-08-30 00:00:00+00:00,-0.00053256
2026-08-30 01:00:00+00:00,-0.00037832
2026-08-30 02:00:00+00:00,-0.00046677
2026-08-30 03:00:00+00:00,-0.00056495
2026-08-30 04:00:00+00:00,-0.00034032
2026-08-30 05:00:00+00:00,-0.00037540
2026-08-30 06:00:00+00:00,-0.00044381
2026-08-30 07:00:00+00:00,-0.00048110
2026-08-30 08:00:00+00:00,-0.00045174
2026-08-30 09:00:00+00:00,-0.00041988
2026-08-30 10:00:00+00:00,-0.00051622
2026-08-30 11:00:00+00:00,-0.00038583
2026-08-30 12:00:00+00:00,-0.00038371
2026-08-30 13:00:00+00:00,-0.00053452
2026-08-30 14:00:00+00:00,-0.00043955
2026-08-30 15:00:00+00:00,-0.00045562
2026-08-30 16:00:00+00:00,-0.00055116
2026-08-30 17:00:00+00:00,-0.00037919
2026-08-30 18:00:00+00:00,-0.00042489
2026-08-30 19:00:00+00:00,-0.00049645
2026-08-30 20:00:00+00:00,-0.00040869
2026-08-30 21:00:00+00:00,-0.00037756
2026-08-30 22:00:00+00:00,-0.00046702
2026-08-30 23:00:00+00:00,-0.00047431
2026-08-31 00:00:00+00:00,-0.00057971
2026-08-31 01:00:00+00:00,-0.00058886
2026-08-31 02:00:00+00:00,-0.00055330
2026-08-31 03:00:00+00:00,-0.00054722
2026-08-31 04:00:00+00:00,-0.00038724
2026-08-31 05:00:00+00:00,-0.00022977
2026-08-31 06:00:00+00:00,-0.00037709
2026-08-31 07:00:00+00:00,-0.00044951
2026-08-31 08:00:00+00:00,-0.00041215
2026-08-31 09:00:00+00:00,-0.00033902
2026-08-31 10:00:00+00:00,-0.00040167
2026-08-31 11:00:00+00:00,-0.00030453
2026-08-31 12:00:00+00:00,-0.00035447
2026-08-31 13:00:00+00:00,-0.00048308
2026-08-31 14:00:00+00:00,-0.00037897
2026-08-31 15:00:00+00:00,-0.00047093
2026-08-31 16:00:00+00:00,-0.00043872
2026-08-31 17:00:00+00:00,-0.00034395
2026-08-31 18:00:00+00:00,-0.00030942
2026-08-31 19:00:00+00:00,-0.00032845
2026-08-31 20:00:00+00:00,-0.00045672
2026-08-31 21:00:00+00:00,-0.00053534
2026-08-31 22:00:00+00:00,-0.00049905
2026-08-31 23:00:00+00:00,-0.00048347
2026-09-01 00:00:00+00:00,-0.00054005
2026-09-01 01:00:00+00:00,-0.00052799
2026-09-01 02:00:00+00:00,-0.00039482
2026-09-01 03:00:00+00:00,-0.00029854
2026-09-01 04:00:00+00:00,-0.00036974
2026-09-01 05:00:00+00:00,-0.00035956
2026-09-01 06:00:00+00:00,-0.00039245
2026-09-01 07:00:00+00:00,-0.00033565
2026-09-01 08:00:00+00:00,-0.00047439
2026-09-01 09:00:00+00:00,-0.00053317
2026-09-01 10:00:00+00:00,-0.00041723
2026-09-01 11:00:00+00:00,-0.00035659
2026-09-01 12:00:00+00:00,-0.00043689
2026-09-01 13:00:00+00:00,-0.00046258
2026-09-01 14:00:00+00:00,-0.00051649
2026-09-01 15:00:00+00:00,-0.00052505
2026-09-01 16:00:00+00:00,-0.00044045
2026-09-01 17:00:00+00:00,-0.00047207
2026-09-01 18:00:00+00:00,-0.00056844
2026-09-01 19:00:00+00:00,-0.00037195
2026-09-01 20:00:00+00:00,-0.00045959
2026-09-01 21:00:00+00:00,-0.00053823
2026-09-01 22:00:00+00:00,-0.00060089
2026-09-01 23:00:00+00:00,-0.00056981
2026-09-02 00:00:00+00:00,-0.00049430
2026-09-02 01:00:00+00:00,-0.00038744
2026-09-02 02:00:00+00:00,-0.00023299
2026-09-02 03:00:00+00:00,-0.00038328
2026-09-02 04:00:00+00:00,-0.00030067
2026-09-02 05:00:00+00:00,-0.00039572
2026-09-02 06:00:00+00:00,-0.00027259
2026-09-02 07:00:00+00:00,-0.00051573
2026-09-02 08:00:00+00:00,-0.00032533
2026-09-02 09:00:00+00:00,-0.00051028
2026-09-02 10:00:00+00:00,-0.00042366
2026-09-02 11:00:00+00:00,-0.00047719
2026-09-02 12:00:00+00:00,-0.00056299
2026-09-02 13:00:00+00:00,-0.00050616
2026-09-02 14:00:00+00:00,-0.00044121
2026-09-02 15:00:00+00:00,-0.00040580
2026-09-02 16:00:00+00:00,-0.00051478
2026-09-02 17:00:00+00:00,-0.00035072
2026-09-02 18:00:00+00:00,-0.00042613
2026-09-02 19:00:00+00:00,-0.00053577
2026-09-02 20:00:00+00:00,-0.00041900
2026-09-02 21:00:00+00:00,-0.00051737
2026-09-02 22:00:00+00:00,-0.00048271
2026-09-02 23:00:00+00:00,-0.00039499
2026-09-03 00:00:00+00:00,-0.00043794
2026-09-03 01:00:00+00:00,-0.00048781
2026-09-03 02:00:00+00:00,-0.00049302
2026-09-03 03:00:00+00:00,-0.00042634
2026-09-03 04:00:00+00:00,-0.00039973
2026-09-03 05:00:00+00:00,-0.00035729
2026-09-03 06:00:00+00:00,-0.00040277
2026-09-03 07:00:00+00:00,-0.00038068
2026-09-03 08:00:00+00:00,-0.00036503
2026-09-03 09:00:00+00:00,-0.00050383
2026-09-03 10:00:00+00:00,-0.00057280
2026-09-03 11:00:00+00:00,-0.00043615
2026-09-03 12:00:00+00:00,-0.00040772
2026-09-03 13:00:00+00:00,-0.00055069
2026-09-03 14:00:00+00:00,-0.00028750
2026-09-03 15:00:00+00:00,-0.00028903
2026-09-03 16:00:00+00:00,-0.00033799
2026-09-03 17:00:00+00:00,-0.00049982
2026-09-03 18:00:00+00:00,-0.00029754
2026-09-03 19:00:00+00:00,-0.00046581
2026-09-03 20:00:00+00:00,-0.00043323
2026-09-03 21:00:00+00:00,-0.00038682
2026-09-03 22:00:00+00:00,-0.00050192
2026-09-03 23:00:00+00:00,-0.00047126
2026-09-04 00:00:00+00:00,-0.00047408
2026-09-04 01:00:00+00:00,-0.00041336
2026-09-04 02:00:00+00:00,-0.00033502
2026-09-04 03:00:00+00:00,-0.00048472
2026-09-04 04:00:00+00:00,-0.00048524
2026-09-04 05:00:00+00:00,-0.00043732
2026-09-04 06:00:00+00:00,-0.00031924
2026-09-04 07:00:00+00:00,-0.00044503
2026-09-04 08:00:00+00:00,-0.00037370
2026-09-04 09:00:00+00:00,-0.00052836
2026-09-04 10:00:00+00:00,-0.00044933
2026-09-04 11:00:00+00:00,-0.00033273
2026-09-04 12:00:00+00:00,-0.00044326
2026-09-04 13:00:00+00:00,-0.00036865
2026-09-04 14:00:00+00:00,-0.00032399
2026-09-04 15:00:00+00:00,-0.00052315
2026-09-04 16:00:00+00:00,-0.00043811
2026-09-04 17:00:00+00:00,-0.00047361
2026-09-04 18:00:00+00:00,-0.00054856
2026-09-04 19:00:00+00:00,-0.00054942
2026-09-04 20:00:00+00:00,-0.00050238
2026-09-04 21:00:00+00:00,-0.00047476
2026-09-04 22:00:00+00:00,-0.00047410
2026-09-04 23:00:00+00:00,-0.00051858
2026-09-05 00:00:00+00:00,-0.00062599
2026-09-05 01:00:00+00:00,-0.00048210
2026-09-05 02:00:00+00:00,-0.00049076
2026-09-05 03:00:00+00:00,-0.00035596
2026-09-05 04:00:00+00:00,-0.00043651
2026-09-05 05:00:00+00:00,-0.00046683
2026-09-05 06:00:00+00:00,-0.00051886
2026-09-05 07:00:00+00:00,-0.00055087
2026-09-05 08:00:00+00:00,-0.00052992
2026-09-05 09:00:00+00:00,-0.00047766
2026-09-05 10:00:00+00:00,-0.00044695
2026-09-05 11:00:00+00:00,-0.00048688
2026-09-05 12:00:00+00:00,-0.00061750
2026-09-05 13:00:00+00:00,-0.00057319
2026-09-05 14:00:00+00:00,-0.00052676
2026-09-05 15:00:00+00:00,-0.00059333
2026-09-05 16:00:00+00:00,-0.00046862
2026-09-05 17:00:00+00:00,-0.00039745
2026-09-05 18:00:00+00:00,-0.00046042
2026-09-05 19:00:00+00:00,-0.00051213
2026-09-05 20:00:00+00:00,-0.00049846
2026-09-05 21:00:00+00:00,-0.00047972
2026-09-05 22:00:00+00:00,-0.00035695
2026-09-05 23:00:00+00:00,-0.00044630
2026-09-06 00:00:00+00:00,-0.00048167
2026-09-06 01:00:00+00:00,-0.00053062
2026-09-06 02:00:00+00:00,-0.00051237
2026-09-06 03:00:00+00:00,-0.00052891
2026-09-06 04:00:00+00:00,-0.00051983
2026-09-06 05:00:00+00:00,-0.00046678
2026-09-06 06:00:00+00:00,-0.00051213
2026-09-06 07:00:00+00:00,-0.00045883
2026-09-06 08:00:00+00:00,-0.00043476
2026-09-06 09:00:00+00:00,-0.00044502
2026-09-06 10:00:00+00:00,-0.00053278
2026-09-06 11:00:00+00:00,-0.00049665
2026-09-06 12:00:00+00:00,-0.00047372
2026-09-06 13:00:00+00:00,-0.00047117
2026-09-06 14:00:00+00:00,-0.00053301
2026-09-06 15:00:00+00:00,-0.00046735
2026-09-06 16:00:00+00:00,-0.00050984
2026-09-06 17:00:00+00:00,-0.00052510
2026-09-06 18:00:00+00:00,-0.00048263
2026-09-06 19:00:00+00:00,-0.00052767
2026-09-06 20:00:00+00:00,-0.00049562
2026-09-06 21:00:00+00:00,-0.00048367
2026-09-06 22:00:00+00:00,-0.00045075
2026-09-06 23:00:00+00:00,-0.00046348
2026-09-07 00:00:00+00:00,-0.00052474
2026-09-07 01:00:00+00:00,-0.00046312
2026-09-07 02:00:00+00:00,-0.00059011
2026-09-07 03:00:00+00:00,-0.00052757
2026-09-07 04:00:00+00:00,-0.00045430
2026-09-07 05:00:00+00:00,-0.00053418
2026-09-07 06:00:00+00:00,-0.00041919
2026-09-07 07:00:00+00:00,-0.00064529
2026-09-07 08:00:00+00:00,-0.00042005
2026-09-07 09:00:00+00:00,-0.00059640
2026-09-07 10:00:00+00:00,-0.00049773
2026-09-07 11:00:00+00:00,-0.00040301
2026-09-07 12:00:00+00:00,-0.00046998
2026-09-07 13:00:00+00:00,-0.00047744
2026-09-07 14:00:00+00:00,-0.00042470
2026-09-07 15:00:00+00:00,-0.00048633
2026-09-07 16:00:00+00:00,-0.00040829
2026-09-07 17:00:00+00:00,-0.00032557
2026-09-07 18:00:00+00:00,-0.00045279
2026-09-07 19:00:00+00:00,-0.00054907
2026-09-07 20:00:00+00:00,-0.00048553
2026-09-07 21:00:00+00:00,-0.00042518
2026-09-07 22:00:00+00:00,-0.00043966
2026-09-07 23:00:00+00:00,-0.00043458
2026-09-08 00:00:00+00:00,-0.00050743
2026-09-08 01:00:00+00:00,-0.00037430
2026-09-08 02:00:00+00:00,-0.00049315
2026-09-08 03:00:00+00:00,-0.00048180
2026-09-08 04:00:00+00:00,-0.00051144
2026-09-08 05:00:00+00:00,-0.00052792
2026-09-08 06:00:00+00:00,-0.00058509
2026-09-08 07:00:00+00:00,-0.00052515
2026-09-08 08:00:00+00:00,-0.00036462
2026-09-08 09:00:00+00:00,-0.00048119
2026-09-08 10:00:00+00:00,-0.00044737
2026-09-08 11:00:00+00:00,-0.00057158
2026-09-08 12:00:00+00:00,-0.00043270
2026-09-08 13:00:00+00:00,-0.00048119
2026-09-08 14:00:00+00:00,-0.00048638
2026-09-08 15:00:00+00:00,-0.00040194
2026-09-08 16:00:00+00:00,-0.00033211
2026-09-08 17:00:00+00:00,-0.00047221
2026-09-08 18:00:00+00:00,-0.00042414
2026-09-08 19:00:00+00:00,-0.00047288
2026-09-08 20:00:00+00:00,-0.00042112
2026-09-08 21:00:00+00:00,-0.00033580
2026-09-08 22:00:00+00:00,-0.00043350
2026-09-08 23:00:00+00:00,-0.00046537
2026-09-09 00:00:00+00:00,-0.00031233
2026-09-09 01:00:00+00:00,-0.00052627
2026-09-09 02:00:00+00:00,-0.00033968
2026-09-09 03:00:00+00:00,-0.00050595
2026-09-09 04:00:00+00:00,-0.00047424
2026-09-09 05:00:00+00:00,-0.00042619
2026-09-09 06:00:00+00:00,-0.00046428
2026-09-09 07:00:00+00:00,-0.00027980
2026-09-09 08:00:00+00:00,-0.00040250
2026-09-09 09:00:00+00:00,-0.00035896
2026-09-09 10:00:00+00:00,-0.00049949
2026-09-09 11:00:00+00:00,-0.00042257
2026-09-09 12:00:00+00:00,-0.00046604
2026-09-09 13:00:00+00:00,-0.00042432
2026-09-09 14:00:00+00:00,-0.00035940
2026-09-09 15:00:00+00:00,-0.00038209
2026-09-09 16:00:00+00:00,-0.00042473
2026-09-09 17:00:00+00:00,-0.00051489
2026-09-09 18:00:00+00:00,-0.00051004
2026-09-09 19:00:00+00:00,-0.00039255
2026-09-09 20:00:00+00:00,-0.00041315
2026-09-09 21:00:00+00:00,-0.00040724
2026-09-09 22:00:00+00:00,-0.00059114
2026-09-09 23:00:00+00:00,-0.00048096
2026-09-10 00:00:00+00:00,-0.00058627
2026-09-10 01:00:00+00:00,-0.00049381
2026-09-10 02:00:00+00:00,-0.00038033
2026-09-10 03:00:00+00:00,-0.00049488
2026-09-10 04:00:00+00:00,-0.00035168
2026-09-10 05:00:00+00:00,-0.00055216
2026-09-10 06:00:00+00:00,-0.00044089
2026-09-10 07:00:00+00:00,-0.00055764
2026-09-10 08:00:00+00:00,-0.00043424
2026-09-10 09:00:00+00:00,-0.00034439
2026-09-10 10:00:00+00:00,-0.00050619
2026-09-10 11:00:00+00:00,-0.00043188
2026-09-10 12:00:00+00:00,-0.00050750
2026-09-10 13:00:00+00:00,-0.00036938
2026-09-10 14:00:00+00:00,-0.00041742
2026-09-10 15:00:00+00:00,-0.00031025
2026-09-10 16:00:00+00:00,-0.00041017
2026-09-10 17:00:00+00:00,-0.00035941
2026-09-10 18:00:00+00:00,-0.00038229
2026-09-10 19:00:00+00:00,-0.00041444
2026-09-10 20:00:00+00:00,-0.00040493
2026-09-10 21:00:00+00:00,-0.00044689
2026-09-10 22:00:00+00:00,-0.00047710
2026-09-10 23:00:00+00:00,-0.00057414
2026-09-11 00:00:00+00:00,-0.00049177
2026-09-11 01:00:00+00:00,-0.00042487
2026-09-11 02:00:00+00:00,-0.00044556
2026-09-11 03:00:00+00:00,-0.00048661
2026-09-11 04:00:00+00:00,-0.00045171
2026-09-11 05:00:00+00:00,-0.00036532
2026-09-11 06:00:00+00:00,-0.00044442
2026-09-11 07:00:00+00:00,-0.00062128
2026-09-11 08:00:00+00:00,-0.00043380
2026-09-11 09:00:00+00:00,-0.00046154
2026-09-11 10:00:00+00:00,-0.00055704
2026-09-11 11:00:00+00:00,-0.00034253
2026-09-11 12:00:00+00:00,-0.00044350
2026-09-11 13:00:00+00:00,-0.00035720
2026-09-11 14:00:00+00:00,-0.00048482
2026-09-11 15:00:00+00:00,-0.00070130
2026-09-11 16:00:00+00:00,-0.00037721
2026-09-11 17:00:00+00:00,-0.00051313
2026-09-11 18:00:00+00:00,-0.00041400
2026-09-11 19:00:00+00:00,-0.00053800
2026-09-11 20:00:00+00:00,-0.00041884
2026-09-11 21:00:00+00:00,-0.00059051
2026-09-11 22:00:00+00:00,-0.00051183
2026-09-11 23:00:00+00:00,-0.00049432
2026-09-12 00:00:00+00:00,-0.00055122
2026-09-12 01:00:00+00:00,-0.00051907
2026-09-12 02:00:00+00:00,-0.00050391
2026-09-12 03:00:00+00:00,-0.00045761
2026-09-12 04:00:00+00:00,-0.00048842
2026-09-12 05:00:00+00:00,-0.00058313
2026-09-12 06:00:00+00:00,-0.00040844
2026-09-12 07:00:00+00:00,-0.00050419
2026-09-12 08:00:00+00:00,-0.00051486
2026-09-12 09:00:00+00:00,-0.00050941
2026-09-12 10:00:00+00:00,-0.00052462
2026-09-12 11:00:00+00:00,-0.00050267
2026-09-12 12:00:00+00:00,-0.00045461
2026-09-12 13:00:00+00:00,-0.00042985
2026-09-12 14:00:00+00:00,-0.00049289
2026-09-12 15:00:00+00:00,-0.00038534
2026-09-12 16:00:00+00:00,-0.00049358
2026-09-12 17:00:00+00:00,-0.00037921
2026-09-12 18:00:00+00:00,-0.00051374
2026-09-12 19:00:00+00:00,-0.00033723
2026-09-12 20:00:00+00:00,-0.00044334
2026-09-12 21:00:00+00:00,-0.00054283
2026-09-12 22:00:00+00:00,-0.00042274
2026-09-12 23:00:00+00:00,-0.00038324
2026-09-13 00:00:00+00:00,-0.00038809
2026-09-13 01:00:00+00:00,-0.00041050
2026-09-13 02:00:00+00:00,-0.00039655
2026-09-13 03:00:00+00:00,-0.00042661
2026-09-13 04:00:00+00:00,-0.00033953
2026-09-13 05:00:00+00:00,-0.00043869
2026-09-13 06:00:00+00:00,-0.00051175
2026-09-13 07:00:00+00:00,-0.00057728
2026-09-13 08:00:00+00:00,-0.00054542
2026-09-13 09:00:00+00:00,-0.00044055
2026-09-13 10:00:00+00:00,-0.00049229
2026-09-13 11:00:00+00:00,-0.00045515
2026-09-13 12:00:00+00:00,-0.00040461
2026-09-13 13:00:00+00:00,-0.00064506
2026-09-13 14:00:00+00:00,-0.00046620
2026-09-13 15:00:00+00:00,-0.00036802
2026-09-13 16:00:00+00:00,-0.00040860
2026-09-13 17:00:00+00:00,-0.00041972
2026-09-13 18:00:00+00:00,-0.00033746
2026-09-13 19:00:00+00:00,-0.00034110
2026-09-13 20:00:00+00:00,-0.00039759
2026-09-13 21:00:00+00:00,-0.00037013
2026-09-13 22:00:00+00:00,-0.00057990
2026-09-13 23:00:00+00:00,-0.00059256
2026-09-14 00:00:00+00:00,-0.00050089
2026-09-14 01:00:00+00:00,-0.00028483
2026-09-14 02:00:00+00:00,-0.00027359
2026-09-14 03:00:00+00:00,-0.00036265
2026-09-14 04:00:00+00:00,-0.00039854
2026-09-14 05:00:00+00:00,-0.00033472
2026-09-14 06:00:00+00:00,-0.00048405
2026-09-14 07:00:00+00:00,-0.00047570
2026-09-14 08:00:00+00:00,-0.00032423
2026-09-14 09:00:00+00:00,-0.00047514
2026-09-14 10:00:00+00:00,-0.00052630
2026-09-14 11:00:00+00:00,-0.00056762
2026-09-14 12:00:00+00:00,-0.00054914
2026-09-14 13:00:00+00:00,-0.00033807
2026-09-14 14:00:00+00:00,-0.00040339
2026-09-14 15:00:00+00:00,-0.00037601
2026-09-14 16:00:00+00:00,-0.00046517
2026-09-14 17:00:00+00:00,-0.00032506
2026-09-14 18:00:00+00:00,-0.00039697
2026-09-14 19:00:00+00:00,-0.00039769
2026-09-14 20:00:00+00:00,-0.00046888
2026-09-14 21:00:00+00:00,-0.00060112
2026-09-14 22:00:00+00:00,-0.00052955
2026-09-14 23:00:00+00:00,-0.00054587
2026-09-15 00:00:00+00:00,-0.00040328
2026-09-15 01:00:00+00:00,-0.00052298
2026-09-15 02:00:00+00:00,-0.00054788
2026-09-15 03:00:00+00:00,-0.00052543
2026-09-15 04:00:00+00:00,-0.00036943
2026-09-15 05:00:00+00:00,-0.00052944
2026-09-15 06:00:00+00:00,-0.00040821
2026-09-15 07:00:00+00:00,-0.00052699
2026-09-15 08:00:00+00:00,-0.00054533
2026-09-15 09:00:00+00:00,-0.00050761
2026-09-15 10:00:00+00:00,-0.00065605
2026-09-15 11:00:00+00:00,-0.00054222
2026-09-15 12:00:00+00:00,-0.00062702
2026-09-15 13:00:00+00:00,-0.00035239
2026-09-15 14:00:00+00:00,-0.00031723
2026-09-15 15:00:00+00:00,-0.00047396
2026-09-15 16:00:00+00:00,-0.00041279
2026-09-15 17:00:00+00:00,-0.00040421
2026-09-15 18:00:00+00:00,-0.00025641
2026-09-15 19:00:00+00:00,-0.00045998
2026-09-15 20:00:00+00:00,-0.00040862
2026-09-15 21:00:00+00:00,-0.00055935
2026-09-15 22:00:00+00:00,-0.00049547
2026-09-15 23:00:00+00:00,-0.00050409
2026-09-16 00:00:00+00:00,-0.00055506
2026-09-16 01:00:00+00:00,-0.00038147
2026-09-16 02:00:00+00:00,-0.00034828
2026-09-16 03:00:00+00:00,-0.00033706
2026-09-16 04:00:00+00:00,-0.00027386
2026-09-16 05:00:00+00:00,-0.00036035
2026-09-16 06:00:00+00:00,-0.00045470
2026-09-16 07:00:00+00:00,-0.00062656
2026-09-16 08:00:00+00:00,-0.00046624
2026-09-16 09:00:00+00:00,-0.00039057
2026-09-16 10:00:00+00:00,-0.00042727
2026-09-16 11:00:00+00:00,-0.00042779
2026-09-16 12:00:00+00:00,-0.00049201
2026-09-16 13:00:00+00:00,-0.00046102
2026-09-16 14:00:00+00:00,-0.00038010
2026-09-16 15:00:00+00:00,-0.00058968
2026-09-16 16:00:00+00:00,-0.00038485
2026-09-16 17:00:00+00:00,-0.00049390
2026-09-16 18:00:00+00:00,-0.00028690
2026-09-16 19:00:00+00:00,-0.00051213
2026-09-16 20:00:00+00:00,-0.00036107
2026-09-16 21:00:00+00:00,-0.00042028
2026-09-16 22:00:00+00:00,-0.00039549
2026-09-16 23:00:00+00:00,-0.00043129
2026-09-17 00:00:00+00:00,-0.00049685
2026-09-17 01:00:00+00:00,-0.00042477
2026-09-17 02:00:00+00:00,-0.00044406
2026-09-17 03:00:00+00:00,-0.00040918
2026-09-17 04:00:00+00:00,-0.00041534
2026-09-17 05:00:00+00:00,-0.00055078
2026-09-17 06:00:00+00:00,-0.00048380
2026-09-17 07:00:00+00:00,-0.00038963
2026-09-17 08:00:00+00:00,-0.00037963
2026-09-17 09:00:00+00:00,-0.00046882
2026-09-17 10:00:00+00:00,-0.00052770
2026-09-17 11:00:00+00:00,-0.00042220
2026-09-17 12:00:00+00:00,-0.00049623
2026-09-17 13:00:00+00:00,-0.00034393
2026-09-17 14:00:00+00:00,-0.00045520
2026-09-17 15:00:00+00:00,-0.00040627
2026-09-17 16:00:00+00:00,-0.00034315
2026-09-17 17:00:00+00:00,-0.00046068
2026-09-17 18:00:00+00:00,-0.00049677
2026-09-17 19:00:00+00:00,-0.00057343
2026-09-17 20:00:00+00:00,-0.00039412
2026-09-17 21:00:00+00:00,-0.00048446
2026-09-17 22:00:00+00:00,-0.00048393
2026-09-17 23:00:00+00:00,-0.00054581
2026-09-18 00:00:00+00:00,-0.00041579
2026-09-18 01:00:00+00:00,-0.00040619
2026-09-18 02:00:00+00:00,-0.00045066
2026-09-18 03:00:00+00:00,-0.00032685
2026-09-18 04:00:00+00:00,-0.00025715
2026-09-18 05:00:00+00:00,-0.00042362
2026-09-18 06:00:00+00:00,-0.00033126
2026-09-18 07:00:00+00:00,-0.00027797
2026-09-18 08:00:00+00:00,-0.00038508
2026-09-18 09:00:00+00:00,-0.00040272
2026-09-18 10:00:00+00:00,-0.00048489
2026-09-18 11:00:00+00:00,-0.00038848
2026-09-18 12:00:00+00:00,-0.00047027
2026-09-18 13:00:00+00:00,-0.00025572
2026-09-18 14:00:00+00:00,-0.00027169
2026-09-18 15:00:00+00:00,-0.00022628
2026-09-18 16:00:00+00:00,-0.00045422
2026-09-18 17:00:00+00:00,-0.00028346
2026-09-18 18:00:00+00:00,-0.00035226
2026-09-18 19:00:00+00:00,-0.00039623
2026-09-18 20:00:00+00:00,-0.00052248
2026-09-18 21:00:00+00:00,-0.00039658
2026-09-18 22:00:00+00:00,-0.00033839
2026-09-18 23:00:00+00:00,-0.00027202
2026-09-19 00:00:00+00:00,-0.00026621
2026-09-19 01:00:00+00:00,-0.00030364
2026-09-19 02:00:00+00:00,-0.00034732
2026-09-19 03:00:00+00:00,-0.00045438
2026-09-19 04:00:00+00:00,-0.00041344
2026-09-19 05:00:00+00:00,-0.00056716
2026-09-19 06:00:00+00:00,-0.00042097
2026-09-19 07:00:00+00:00,-0.00034353
2026-09-19 08:00:00+00:00,-0.00038012
2026-09-19 09:00:00+00:00,-0.00022178
2026-09-19 10:00:00+00:00,-0.00042089
2026-09-19 11:00:00+00:00,-0.00031596
2026-09-19 12:00:00+00:00,-0.00040563
2026-09-19 13:00:00+00:00,-0.00041015
2026-09-19 14:00:00+00:00,-0.00044888
2026-09-19 15:00:00+00:00,-0.00041283
2026-09-19 16:00:00+00:00,-0.00045757
2026-09-19 17:00:00+00:00,-0.00051913
2026-09-19 18:00:00+00:00,-0.00056412
2026-09-19 19:00:00+00:00,-0.00052408
2026-09-19 20:00:00+00:00,-0.00037172
2026-09-19 21:00:00+00:00,-0.00043658
2026-09-19 22:00:00+00:00,-0.00042267
2026-09-19 23:00:00+00:00,-0.00030261
2026-09-20 00:00:00+00:00,-0.00048045
2026-09-20 01:00:00+00:00,-0.00044011
2026-09-20 02:00:00+00:00,-0.00056043
2026-09-20 03:00:00+00:00,-0.00041539
2026-09-20 04:00:00+00:00,-0.00044235
2026-09-20 05:00:00+00:00,-0.00042437
2026-09-20 06:00:00+00:00,-0.00033932
2026-09-20 07:00:00+00:00,-0.00051472
2026-09-20 08:00:00+00:00,-0.00044880
2026-09-20 09:00:00+00:00,-0.00044345
2026-09-20 10:00:00+00:00,-0.00041851
2026-09-20 11:00:00+00:00,-0.00038088
2026-09-20 12:00:00+00:00,-0.00056309
2026-09-20 13:00:00+00:00,-0.00048154
2026-09-20 14:00:00+00:00,-0.00057440
2026-09-20 15:00:00+00:00,-0.00035558
2026-09-20 16:00:00+00:00,-0.00036008
2026-09-20 17:00:00+00:00,-0.00046524
2026-09-20 18:00:00+00:00,-0.00038549
2026-09-20 19:00:00+00:00,-0.00040066
2026-09-20 20:00:00+00:00,-0.00051559
2026-09-20 21:00:00+00:00,-0.00035081
2026-09-20 22:00:00+00:00,-0.00044756
2026-09-20 23:00:00+00:00,-0.00054705
2026-09-21 00:00:00+00:00,-0.00040514
2026-09-21 01:00:00+00:00,-0.00035249
2026-09-21 02:00:00+00:00,-0.00040558
2026-09-21 03:00:00+00:00,-0.00040060
2026-09-21 04:00:00+00:00,-0.00039944
2026-09-21 05:00:00+00:00,-0.00051107
2026-09-21 06:00:00+00:00,-0.00039641
2026-09-21 07:00:00+00:00,-0.00017718
2026-09-21 08:00:00+00:00,-0.00029795
2026-09-21 09:00:00+00:00,-0.00028297
2026-09-21 10:00:00+00:00,-0.00039181
2026-09-21 11:00:00+00:00,-0.00036256
2026-09-21 12:00:00+00:00,-0.00033893
2026-09-21 13:00:00+00:00,-0.00051912
2026-09-21 14:00:00+00:00,-0.00038471
2026-09-21 15:00:00+00:00,-0.00050882
2026-09-21 16:00:00+00:00,-0.00044007
2026-09-21 17:00:00+00:00,-0.00039381
2026-09-21 18:00:00+00:00,-0.00023427
2026-09-21 19:00:00+00:00,-0.00055669
2026-09-21 20:00:00+00:00,-0.00042204
2026-09-21 21:00:00+00:00,-0.00038835
2026-09-21 22:00:00+00:00,-0.00027320
2026-09-21 23:00:00+00:00,-0.00035081
2026-09-22 00:00:00+00:00,-0.00030493
2026-09-22 01:00:00+00:00,-0.00036042
2026-09-22 02:00:00+00:00,-0.00035401
2026-09-22 03:00:00+00:00,-0.00038316
2026-09-22 04:00:00+00:00,-0.00057707
2026-09-22 05:00:00+00:00,-0.00029430
2026-09-22 06:00:00+00:00,-0.00055846
2026-09-22 07:00:00+00:00,-0.00016131
2026-09-22 08:00:00+00:00,-0.00059794
2026-09-22 09:00:00+00:00,-0.00048686
2026-09-22 10:00:00+00:00,-0.00044815
2026-09-22 11:00:00+00:00,-0.00047952
2026-09-22 12:00:00+00:00,-0.00045404
2026-09-22 13:00:00+00:00,-0.00047549
2026-09-22 14:00:00+00:00,-0.00044517
2026-09-22 15:00:00+00:00,-0.00060700
2026-09-22 16:00:00+00:00,-0.00037090
2026-09-22 17:00:00+00:00,-0.00048492
2026-09-22 18:00:00+00:00,-0.00045004
2026-09-22 19:00:00+00:00,-0.00046601
2026-09-22 20:00:00+00:00,-0.00042043
2026-09-22 21:00:00+00:00,-0.00056024
2026-09-22 22:00:00+00:00,-0.00046474
2026-09-22 23:00:00+00:00,-0.00050771
2026-09-23 00:00:00+00:00,-0.00035066
2026-09-23 01:00:00+00:00,-0.00053256
2026-09-23 02:00:00+00:00,-0.00044696
2026-09-23 03:00:00+00:00,-0.00047494
2026-09-23 04:00:00+00:00,-0.00032829
2026-09-23 05:00:00+00:00,-0.00026424
2026-09-23 06:00:00+00:00,-0.00032044
2026-09-23 07:00:00+00:00,-0.00043357
2026-09-23 08:00:00+00:00,-0.00035221
2026-09-23 09:00:00+00:00,-0.00044566
2026-09-23 10:00:00+00:00,-0.00016543
2026-09-23 11:00:00+00:00,-0.00051962
2026-09-23 12:00:00+00:00,-0.00040229
2026-09-23 13:00:00+00:00,-0.00041593
2026-09-23 14:00:00+00:00,-0.00040882
2026-09-23 15:00:00+00:00,-0.00058899
2026-09-23 16:00:00+00:00,-0.00048671
2026-09-23 17:00:00+00:00,-0.00039139
2026-09-23 18:00:00+00:00,-0.00048355
2026-09-23 19:00:00+00:00,-0.00053351
2026-09-23 20:00:00+00:00,-0.00054638
2026-09-23 21:00:00+00:00,-0.00048578
2026-09-23 22:00:00+00:00,-0.00051699
2026-09-23 23:00:00+00:00,-0.00052193
2026-09-24 00:00:00+00:00,-0.00051686
2026-09-24 01:00:00+00:00,-0.00032207
2026-09-24 02:00:00+00:00,-0.00044058
2026-09-24 03:00:00+00:00,-0.00047327
2026-09-24 04:00:00+00:00,-0.00054132
2026-09-24 05:00:00+00:00,-0.00053858
2026-09-24 06:00:00+00:00,-0.00055718
2026-09-24 07:00:00+00:00,-0.00069839
2026-09-24 08:00:00+00:00,-0.00051504
2026-09-24 09:00:00+00:00,-0.00049348
2026-09-24 10:00:00+00:00,-0.00055413
2026-09-24 11:00:00+00:00,-0.00050300
2026-09-24 12:00:00+00:00,-0.00046590
2026-09-24 13:00:00+00:00,-0.00037148
2026-09-24 14:00:00+00:00,-0.00040636
2026-09-24 15:00:00+00:00,-0.00043401
2026-09-24 16:00:00+00:00,-0.00049484
2026-09-24 17:00:00+00:00,-0.00042356
2026-09-24 18:00:00+00:00,-0.00048616
2026-09-24 19:00:00+00:00,-0.00042599
2026-09-24 20:00:00+00:00,-0.00051355
2026-09-24 21:00:00+00:00,-0.00051795
2026-09-24 22:00:00+00:00,-0.00055650
2026-09-24 23:00:00+00:00,-0.00038243
2026-09-25 00:00:00+00:00,-0.00046629
2026-09-25 01:00:00+00:00,-0.00038603
2026-09-25 02:00:00+00:00,-0.00043571
2026-09-25 03:00:00+00:00,-0.00045788
2026-09-25 04:00:00+00:00,-0.00055762
2026-09-25 05:00:00+00:00,-0.00051731
2026-09-25 06:00:00+00:00,-0.00047585
2026-09-25 07:00:00+00:00,-0.00042815
2026-09-25 08:00:00+00:00,-0.00053410
2026-09-25 09:00:00+00:00,-0.00043558
2026-09-25 10:00:00+00:00,-0.00049212
2026-09-25 11:00:00+00:00,-0.00047695
2026-09-25 12:00:00+00:00,-0.00044768
2026-09-25 13:00:00+00:00,-0.00052248
2026-09-25 14:00:00+00:00,-0.00047642
2026-09-25 15:00:00+00:00,-0.00054129
2026-09-25 16:00:00+00:00,-0.00049377
2026-09-25 17:00:00+00:00,-0.00041433
2026-09-25 18:00:00+00:00,-0.00057367
2026-09-25 19:00:00+00:00,-0.00047259
2026-09-25 20:00:00+00:00,-0.00047424
2026-09-25 21:00:00+00:00,-0.00057791
2026-09-25 22:00:00+00:00,-0.00049837
2026-09-25 23:00:00+00:00,-0.00051965
2026-09-26 00:00:00+00:00,-0.00056506
2026-09-26 01:00:00+00:00,-0.00041344
2026-09-26 02:00:00+00:00,-0.00043162
2026-09-26 03:00:00+00:00,-0.00037502
2026-09-26 04:00:00+00:00,-0.00043084
2026-09-26 05:00:00+00:00,-0.00052619
2026-09-26 06:00:00+00:00,-0.00044888
2026-09-26 07:00:00+00:00,-0.00041718
2026-09-26 08:00:00+00:00,-0.00062730
2026-09-26 09:00:00+00:00,-0.00050835
2026-09-26 10:00:00+00:00,-0.00053599
2026-09-26 11:00:00+00:00,-0.00056677
2026-09-26 12:00:00+00:00,-0.00066542
2026-09-26 13:00:00+00:00,-0.00062626
2026-09-26 14:00:00+00:00,-0.00059093
2026-09-26 15:00:00+00:00,-0.00045774
2026-09-26 16:00:00+00:00,-0.00052543
2026-09-26 17:00:00+00:00,-0.00051584
2026-09-26 18:00:00+00:00,-0.00032820
2026-09-26 19:00:00+00:00,-0.00047180
2026-09-26 20:00:00+00:00,-0.00040638
2026-09-26 21:00:00+00:00,-0.00044654
2026-09-26 22:00:00+00:00,-0.00049992
2026-09-26 23:00:00+00:00,-0.00048758
2026-09-27 00:00:00+00:00,-0.00040448
2026-09-27 01:00:00+00:00,-0.00057184
2026-09-27 02:00:00+00:00,-0.00044105
2026-09-27 03:00:00+00:00,-0.00044911
2026-09-27 04:00:00+00:00,-0.00041098
2026-09-27 05:00:00+00:00,-0.00047659
2026-09-27 06:00:00+00:00,-0.00049157
2026-09-27 07:00:00+00:00,-0.00038643
2026-09-27 08:00:00+00:00,-0.00046885
2026-09-27 09:00:00+00:00,-0.00036184
2026-09-27 10:00:00+00:00,-0.00032642
2026-09-27 11:00:00+00:00,-0.00041524
2026-09-27 12:00:00+00:00,-0.00044427
2026-09-27 13:00:00+00:00,-0.00038258
2026-09-27 14:00:00+00:00,-0.00043319
2026-09-27 15:00:00+00:00,-0.00042474
2026-09-27 16:00:00+00:00,-0.00051436
2026-09-27 17:00:00+00:00,-0.00051411
2026-09-27 18:00:00+00:00,-0.00054133
2026-09-27 19:00:00+00:00,-0.00037515
2026-09-27 20:00:00+00:00,-0.00055717
2026-09-27 21:00:00+00:00,-0.00055971
2026-09-27 22:00:00+00:00,-0.00055054
2026-09-27 23:00:00+00:00,-0.00047095
2026-09-28 00:00:00+00:00,-0.00062358
2026-09-28 01:00:00+00:00,-0.00046797
2026-09-28 02:00:00+00:00,-0.00061545
2026-09-28 03:00:00+00:00,-0.00039227
2026-09-28 04:00:00+00:00,-0.00052572
2026-09-28 05:00:00+00:00,-0.00054777
2026-09-28 06:00:00+00:00,-0.00042731
2026-09-28 07:00:00+00:00,-0.00059802
2026-09-28 08:00:00+00:00,-0.00036836
2026-09-28 09:00:00+00:00,-0.00054418
2026-09-28 10:00:00+00:00,-0.00035687
2026-09-28 11:00:00+00:00,-0.00042439
2026-09-28 12:00:00+00:00,-0.00044296
2026-09-28 13:00:00+00:00,-0.00042410
2026-09-28 14:00:00+00:00,-0.00045380
2026-09-28 15:00:00+00:00,-0.00050709
2026-09-28 16:00:00+00:00,-0.00044585
2026-09-28 17:00:00+00:00,-0.00049294
2026-09-28 18:00:00+00:00,-0.00032805
2026-09-28 19:00:00+00:00,-0.00052672
2026-09-28 20:00:00+00:00,-0.00049823
2026-09-28 21:00:00+00:00,-0.00050585
2026-09-28 22:00:00+00:00,-0.00042616
2026-09-28 23:00:00+00:00,-0.00055029
2026-09-29 00:00:00+00:00,-0.00065317
2026-09-29 01:00:00+00:00,-0.00060813
2026-09-29 02:00:00+00:00,-0.00051740
2026-09-29 03:00:00+00:00,-0.00039119
2026-09-29 04:00:00+00:00,-0.00050465
2026-09-29 05:00:00+00:00,-0.00049939
2026-09-29 06:00:00+00:00,-0.00040000
2026-09-29 07:00:00+00:00,-0.00039811
2026-09-29 08:00:00+00:00,-0.00045842
2026-09-29 09:00:00+00:00,-0.00047117
2026-09-29 10:00:00+00:00,-0.00047683
2026-09-29 11:00:00+00:00,-0.00058539
2026-09-29 12:00:00+00:00,-0.00051053
2026-09-29 13:00:00+00:00,-0.00059548
2026-09-29 14:00:00+00:00,-0.00054172
2026-09-29 15:00:00+00:00,-0.00052813
2026-09-29 16:00:00+00:00,-0.00050082
2026-09-29 17:00:00+00:00,-0.00047970
2026-09-29 18:00:00+00:00,-0.00045751
2026-09-29 19:00:00+00:00,-0.00046170
2026-09-29 20:00:00+00:00,-0.00036630
2026-09-29 21:00:00+00:00,-0.00038170
2026-09-29 22:00:00+00:00,-0.00044753
2026-09-29 23:00:00+00:00,-0.00049498
2026-09-30 00:00:00+00:00,-0.00036727
2026-09-30 01:00:00+00:00,-0.00045382
2026-09-30 02:00:00+00:00,-0.00060647
2026-09-30 03:00:00+00:00,-0.00040673
2026-09-30 04:00:00+00:00,-0.00042018
2026-09-30 05:00:00+00:00,-0.00045433
2026-09-30 06:00:00+00:00,-0.00064261
2026-09-30 07:00:00+00:00,-0.00066816
2026-09-30 08:00:00+00:00,-0.00041639
2026-09-30 09:00:00+00:00,-0.00048184
2026-09-30 10:00:00+00:00,-0.00049906
2026-09-30 11:00:00+00:00,-0.00034642
2026-09-30 12:00:00+00:00,-0.00034930
2026-09-30 13:00:00+00:00,-0.00035593
2026-09-30 14:00:00+00:00,-0.00043381
2026-09-30 15:00:00+00:00,-0.00045374
2026-09-30 16:00:00+00:00,-0.00043216
2026-09-30 17:00:00+00:00,-0.00039817
2026-09-30 18:00:00+00:00,-0.00045473
2026-09-30 19:00:00+00:00,-0.00044195
2026-09-30 20:00:00+00:00,-0.00029239
2026-09-30 21:00:00+00:00,-0.00034457
2026-09-30 22:00:00+00:00,-0.00051430
2026-09-30 23:00:00+00:00,-0.00041745
2026-10-01 00:00:00+00:00,-0.00042629
