time,fundingRate,premium
2025-10-02 00:00:00+00:00,1.25e-05,-0.0002119458
2025-10-02 01:00:00+00:00,1.25e-05,-0.0003266543
2025-10-02 02:00:00+00:00,1.25e-05,-0.0002784901
2025-10-02 03:00:00+00:00,1.25e-05,-0.0003454198
2025-10-02 04:00:00+00:00,1.25e-05,-0.0003280765
2025-10-02 05:00:00+00:00,6.3069e-06,-0.0004495447
2025-10-02 06:00:00+00:00,1.1815e-06,-0.0004905483
2025-10-02 07:00:00+00:00,5.7097e-06,-0.0004543221
2025-10-02 08:00:00+00:00,7.6898e-06,-0.0004384816
2025-10-02 09:00:00+00:00,1.16363e-05,-0.0004069098
2025-10-02 10:00:00+00:00,1.25e-05,-0.0003720859
2025-10-02 11:00:00+00:00,1.00791e-05,-0.0004193671
2025-10-02 12:00:00+00:00,1.13225e-05,-0.00040942
2025-10-02 13:00:00+00:00,1.25e-05,-0.0003338695
2025-10-02 14:00:00+00:00,1.25e-05,-0.0003975046
2025-10-02 15:00:00+00:00,8.1499e-06,-0.0004348009
2025-10-02 16:00:00+00:00,1.25e-05,-0.0003939913
2025-10-02 17:00:00+00:00,1.25e-05,-0.0002587957
2025-10-02 18:00:00+00:00,1.25e-05,-0.0002239822
2025-10-02 19:00:00+00:00,1.25e-05,-0.0001995962
2025-10-02 20:00:00+00:00,1.25e-05,-8.85576e-05
2025-10-02 21:00:00+00:00,1.25e-05,-0.0001082873
2025-10-02 22:00:00+00:00,1.25e-05,-9.63839e-05
2025-10-02 23:00:00+00:00,1.25e-05,-9.70128e-05
2025-10-03 00:00:00+00:00,1.25e-05,-4.3866e-05
2025-10-03 01:00:00+00:00,1.25e-05,-6.64386e-05
2025-10-03 02:00:00+00:00,1.25e-05,-5.35798e-05
2025-10-03 03:00:00+00:00,1.25e-05,-3.8882e-06
2025-10-03 04:00:00+00:00,1.25e-05,8.97319e-05
2025-10-03 05:00:00+00:00,1.25e-05,0.0001076303
2025-10-03 06:00:00+00:00,1.25e-05,0.0001260622
2025-10-03 07:00:00+00:00,1.25e-05,9.93868e-05
2025-10-03 08:00:00+00:00,1.25e-05,5.15565e-05
2025-10-03 09:00:00+00:00,1.25e-05,-3.00428e-05
2025-10-03 10:00:00+00:00,1.25e-05,5.78864e-05
2025-10-03 11:00:00+00:00,1.25e-05,8.86173e-05
2025-10-03 12:00:00+00:00,1.25e-05,0.000133554
2025-10-03 13:00:00+00:00,1.25e-05,7.65708e-05
2025-10-03 14:00:00+00:00,1.25e-05,0.0001206593
2025-10-03 15:00:00+00:00,1.25e-05,0.0001633111
2025-10-03 16:00:00+00:00,1.25e-05,0.000289614
2025-10-03 17:00:00+00:00,1.25e-05,0.0004313951
2025-10-03 18:00:00+00:00,1.25e-05,0.0003995374
2025-10-03 19:00:00+00:00,1.25e-05,0.000433689
2025-10-03 20:00:00+00:00,1.25e-05,0.0003925729
2025-10-03 21:00:00+00:00,1.25e-05,0.0003793428
2025-10-03 22:00:00+00:00,1.25e-05,0.0004052488
2025-10-03 23:00:00+00:00,1.25e-05,0.0004046367
2025-10-04 00:00:00+00:00,1.25e-05,0.0003955501
2025-10-04 01:00:00+00:00,1.25e-05,0.0003990546
2025-10-04 02:00:00+00:00,1.25e-05,0.0004188414
2025-10-04 03:00:00+00:00,1.25e-05,0.0003344409
2025-10-04 04:00:00+00:00,1.25e-05,0.0003015514
2025-10-04 05:00:00+00:00,1.25e-05,0.0003819276
2025-10-04 06:00:00+00:00,1.25e-05,0.00033928
2025-10-04 07:00:00+00:00,1.25e-05,0.0002835173
2025-10-04 08:00:00+00:00,1.25e-05,0.0002983126
2025-10-04 09:00:00+00:00,1.25e-05,0.0002430082
2025-10-04 10:00:00+00:00,1.25e-05,0.0002809328
2025-10-04 11:00:00+00:00,1.25e-05,0.0003148585
2025-10-04 12:00:00+00:00,1.25e-05,0.0002956483
2025-10-04 13:00:00+00:00,1.25e-05,0.000307158
2025-10-04 14:00:00+00:00,1.25e-05,0.0003725005
2025-10-04 15:00:00+00:00,1.25e-05,0.0003260491
2025-10-04 16:00:00+00:00,1.25e-05,0.0003860876
2025-10-04 17:00:00+00:00,1.25e-05,0.00045659
2025-10-04 18:00:00+00:00,1.25e-05,0.000496112
2025-10-04 19:00:00+00:00,1.25e-05,0.000514225
2025-10-04 20:00:00+00:00,1.25e-05,0.0005646233
2025-10-04 21:00:00+00:00,1.25e-05,0.0005552782
2025-10-04 22:00:00+00:00,1.25e-05,0.0005419936
2025-10-04 23:00:00+00:00,1.25e-05,0.0005343449
2025-10-05 00:00:00+00:00,1.25e-05,0.0005491176
2025-10-05 01:00:00+00:00,1.25e-05,0.0005462499
2025-10-05 02:00:00+00:00,1.25e-05,0.0005909201
2025-10-05 03:00:00+00:00,2.37769e-05,0.0006902152
2025-10-05 04:00:00+00:00,1.54878e-05,0.0006239028
2025-10-05 05:00:00+00:00,2.72838e-05,0.0007182705
2025-10-05 06:00:00+00:00,3.65082e-05,0.0007920654
2025-10-05 07:00:00+00:00,4.22963e-05,0.0008383707
2025-10-05 08:00:00+00:00,4.53103e-05,0.0008624826
2025-10-05 09:00:00+00:00,2.34475e-05,0.0006875802
2025-10-05 10:00:00+00:00,1.25e-05,0.0005073414
2025-10-05 11:00:00+00:00,1.25e-05,0.0005868061
2025-10-05 12:00:00+00:00,2.12063e-05,0.0006696507
2025-10-05 13:00:00+00:00,2.32018e-05,0.0006856141
2025-10-05 14:00:00+00:00,2.34503e-05,0.0006876021
2025-10-05 15:00:00+00:00,2.18359e-05,0.000674687
2025-10-05 16:00:00+00:00,1.84427e-05,0.0006475419
2025-10-05 17:00:00+00:00,2.45131e-05,0.0006961045
2025-10-05 18:00:00+00:00,1.83807e-05,0.0006470455
2025-10-05 19:00:00+00:00,1.3994e-05,0.0006119519
2025-10-05 20:00:00+00:00,1.41783e-05,0.0006134267
2025-10-05 21:00:00+00:00,1.58129e-05,0.0006265031
2025-10-05 22:00:00+00:00,1.48405e-05,0.0006187239
2025-10-05 23:00:00+00:00,1.97322e-05,0.0006578574
2025-10-06 00:00:00+00:00,2.84847e-05,0.0007278778
2025-10-06 01:00:00+00:00,3.59113e-05,0.0007872901
2025-10-06 02:00:00+00:00,4.00288e-05,0.0008202301
2025-10-06 03:00:00+00:00,3.57237e-05,0.0007857894
2025-10-06 04:00:00+00:00,2.94183e-05,0.0007353463
2025-10-06 05:00:00+00:00,2.37811e-05,0.0006902487
2025-10-06 06:00:00+00:00,2.75511e-05,0.0007204092
2025-10-06 07:00:00+00:00,3.29582e-05,0.0007636655
2025-10-06 08:00:00+00:00,2.74833e-05,0.0007198666
2025-10-06 09:00:00+00:00,2.90518e-05,0.0007324146
2025-10-06 10:00:00+00:00,2.37423e-05,0.0006899384
2025-10-06 11:00:00+00:00,2.89178e-05,0.0007313426
2025-10-06 12:00:00+00:00,2.22016e-05,0.000677613
2025-10-06 13:00:00+00:00,2.75547e-05,0.0007204376
2025-10-06 14:00:00+00:00,2.19129e-05,0.0006753029
2025-10-06 15:00:00+00:00,1.25e-05,0.0005886898
2025-10-06 16:00:00+00:00,1.49247e-05,0.0006193977
2025-10-06 17:00:00+00:00,2.26349e-05,0.0006810791
2025-10-06 18:00:00+00:00,3.95953e-05,0.0008167624
2025-10-06 19:00:00+00:00,3.57439e-05,0.000785951
2025-10-06 20:00:00+00:00,2.78628e-05,0.0007229028
2025-10-06 21:00:00+00:00,3.00335e-05,0.0007402681
2025-10-06 22:00:00+00:00,1.3557e-05,0.0006084558
2025-10-06 23:00:00+00:00,1.25e-05,0.000517679
2025-10-07 00:00:00+00:00,1.25e-05,0.0004694301
2025-10-07 01:00:00+00:00,1.25e-05,0.0004645493
2025-10-07 02:00:00+00:00,1.25e-05,0.0005064871
2025-10-07 03:00:00+00:00,1.25e-05,0.0004488182
2025-10-07 04:00:00+00:00,1.25e-05,0.0003825284
2025-10-07 05:00:00+00:00,1.25e-05,0.0002991712
2025-10-07 06:00:00+00:00,1.25e-05,0.0004158115
2025-10-07 07:00:00+00:00,1.25e-05,0.0004370715
2025-10-07 08:00:00+00:00,1.25e-05,0.0004721146
2025-10-07 09:00:00+00:00,1.25e-05,0.0004427285
2025-10-07 10:00:00+00:00,1.25e-05,0.0004222591
2025-10-07 11:00:00+00:00,1.25e-05,0.0004389849
2025-10-07 12:00:00+00:00,1.25e-05,0.0005165438
2025-10-07 13:00:00+00:00,1.25e-05,0.0005862732
2025-10-07 14:00:00+00:00,2.59729e-05,0.0007077836
2025-10-07 15:00:00+00:00,2.50139e-05,0.0007001113
2025-10-07 16:00:00+00:00,2.89564e-05,0.0007316511
2025-10-07 17:00:00+00:00,4.71257e-05,0.0008770057
2025-10-07 18:00:00+00:00,1.84272e-05,0.000647418
2025-10-07 19:00:00+00:00,1.25e-05,0.0003355822
2025-10-07 20:00:00+00:00,1.25e-05,0.0003197925
2025-10-07 21:00:00+00:00,1.25e-05,0.0005683355
2025-10-07 22:00:00+00:00,1.25e-05,0.0005967012
2025-10-07 23:00:00+00:00,1.25e-05,0.0005922621
2025-10-08 00:00:00+00:00,1.25e-05,0.0005159706
2025-10-08 01:00:00+00:00,1.25e-05,0.0004696309
2025-10-08 02:00:00+00:00,1.25e-05,0.0004055495
2025-10-08 03:00:00+00:00,1.25e-05,0.0004157492
2025-10-08 04:00:00+00:00,1.25e-05,0.0003664244
2025-10-08 05:00:00+00:00,1.25e-05,0.0004055748
2025-10-08 06:00:00+00:00,1.25e-05,0.0003632421
2025-10-08 07:00:00+00:00,1.25e-05,0.0003964195
2025-10-08 08:00:00+00:00,1.25e-05,0.0004756558
2025-10-08 09:00:00+00:00,1.25e-05,0.0005551017
2025-10-08 10:00:00+00:00,2.61221e-05,0.0007089768
2025-10-08 11:00:00+00:00,2.23187e-05,0.0006785494
2025-10-08 12:00:00+00:00,1.37175e-05,0.0006097399
2025-10-08 13:00:00+00:00,1.25e-05,0.0005673904
2025-10-08 14:00:00+00:00,1.25e-05,0.0005129051
2025-10-08 15:00:00+00:00,1.25e-05,0.0004242397
2025-10-08 16:00:00+00:00,1.25e-05,0.0004272675
2025-10-08 17:00:00+00:00,1.25e-05,0.0004656931
2025-10-08 18:00:00+00:00,1.25e-05,0.0005983321
2025-10-08 19:00:00+00:00,1.53615e-05,0.0006228917
2025-10-08 20:00:00+00:00,1.25e-05,0.000555603
2025-10-08 21:00:00+00:00,1.25e-05,0.0005724234
2025-10-08 22:00:00+00:00,1.36158e-05,0.0006089267
2025-10-08 23:00:00+00:00,1.28886e-05,0.0006031087
2025-10-09 00:00:00+00:00,1.34293e-05,0.0006074346
2025-10-09 01:00:00+00:00,1.77486e-05,0.0006419888
2025-10-09 02:00:00+00:00,1.25e-05,0.0004392956
2025-10-09 03:00:00+00:00,1.25e-05,0.0002907045
2025-10-09 04:00:00+00:00,1.25e-05,0.0003275972
2025-10-09 05:00:00+00:00,1.25e-05,0.0002900788
2025-10-09 06:00:00+00:00,1.25e-05,0.0001522009
2025-10-09 07:00:00+00:00,1.25e-05,9.69649e-05
2025-10-09 08:00:00+00:00,1.25e-05,0.0001311419
2025-10-09 09:00:00+00:00,1.25e-05,7.07364e-05
2025-10-09 10:00:00+00:00,1.25e-05,0.0001547802
2025-10-09 11:00:00+00:00,1.25e-05,0.0001815932
2025-10-09 12:00:00+00:00,1.25e-05,0.0001848116
2025-10-09 13:00:00+00:00,1.25e-05,0.0001503048
2025-10-09 14:00:00+00:00,1.25e-05,5.66706e-05
2025-10-09 15:00:00+00:00,1.25e-05,-2.17825e-05
2025-10-09 16:00:00+00:00,1.25e-05,0.0001121155
2025-10-09 17:00:00+00:00,1.25e-05,-6.98611e-05
2025-10-09 18:00:00+00:00,2.8133e-06,-0.0004774937
2025-10-09 19:00:00+00:00,-3.134e-07,-0.0005025069
2025-10-09 20:00:00+00:00,6.038e-06,-0.0004516959
2025-10-09 21:00:00+00:00,9.864e-06,-0.0004210877
2025-10-09 22:00:00+00:00,1.25e-05,-0.0003786825
2025-10-09 23:00:00+00:00,1.25e-05,-0.0002534503
2025-10-10 00:00:00+00:00,1.25e-05,-0.0002677575
2025-10-10 01:00:00+00:00,1.25e-05,-0.000255772
2025-10-10 02:00:00+00:00,1.25e-05,-0.0002297107
2025-10-10 03:00:00+00:00,9.9103e-06,-0.0004207176
2025-10-10 04:00:00+00:00,-1.47029e-05,-0.0006176228
2025-10-10 05:00:00+00:00,-1.436e-05,-0.0006148796
2025-10-10 06:00:00+00:00,-9.1048e-06,-0.0005728386
2025-10-10 07:00:00+00:00,-2.2685e-06,-0.0005181484
2025-10-10 08:00:00+00:00,-2.2369e-06,-0.0005178954
2025-10-10 09:00:00+00:00,1.25e-05,-0.0003234954
2025-10-10 10:00:00+00:00,8.9718e-06,-0.0004282256
2025-10-10 11:00:00+00:00,-1.55185e-05,-0.0006241479
2025-10-10 12:00:00+00:00,6.802e-07,-0.0004945586
2025-10-10 13:00:00+00:00,1.03702e-05,-0.0004170383
2025-10-10 14:00:00+00:00,9.7508e-06,-0.0004219937
2025-10-10 15:00:00+00:00,1.01879e-05,-0.0004184969
2025-10-10 16:00:00+00:00,9.09e-06,-0.00042728
2025-10-10 17:00:00+00:00,1.25e-05,-0.0002991903
2025-10-10 18:00:00+00:00,1.25e-05,-0.0003009641
2025-10-10 19:00:00+00:00,1.25e-05,-0.000295029
2025-10-10 20:00:00+00:00,8.5432e-06,-0.0004316543
2025-10-10 21:00:00+00:00,-7.1285e-06,-0.0005570279
2025-10-10 22:00:00+00:00,0.0002326647,0.0023613179
2025-10-10 23:00:00+00:00,1.25e-05,-0.0003132777
2025-10-11 00:00:00+00:00,1.25e-05,-0.0002409214
2025-10-11 01:00:00+00:00,1.25e-05,-0.0001005789
2025-10-11 02:00:00+00:00,1.25e-05,-0.0002287007
2025-10-11 03:00:00+00:00,1.25e-05,-7.8929e-06
2025-10-11 04:00:00+00:00,1.25e-05,-5.88387e-05
2025-10-11 05:00:00+00:00,1.25e-05,-5.06895e-05
2025-10-11 06:00:00+00:00,1.25e-05,-7.71439e-05
2025-10-11 07:00:00+00:00,1.25e-05,-0.000110451
2025-10-11 08:00:00+00:00,1.25e-05,-0.0003533181
2025-10-11 09:00:00+00:00,1.25e-05,-0.000348493
2025-10-11 10:00:00+00:00,6.7178e-06,-0.0004462578
2025-10-11 11:00:00+00:00,1.18197e-05,-0.0004054423
2025-10-11 12:00:00+00:00,8.5888e-06,-0.0004312899
2025-10-11 13:00:00+00:00,1.25e-05,-0.0003726201
2025-10-11 14:00:00+00:00,1.25e-05,-0.000348091
2025-10-11 15:00:00+00:00,5.1145e-06,-0.0004590843
2025-10-11 16:00:00+00:00,9.615e-06,-0.0004230798
2025-10-11 17:00:00+00:00,6.0803e-06,-0.0004513572
2025-10-11 18:00:00+00:00,1.02794e-05,-0.0004177651
2025-10-11 19:00:00+00:00,1.25e-05,-0.0003929913
2025-10-11 20:00:00+00:00,8.8851e-06,-0.0004289191
2025-10-11 21:00:00+00:00,4.191e-06,-0.0004664719
2025-10-11 22:00:00+00:00,1.25e-05,-0.0003784342
2025-10-11 23:00:00+00:00,1.25e-05,-0.0003835774
2025-10-12 00:00:00+00:00,1.25e-05,-0.0003851069
2025-10-12 01:00:00+00:00,9.5755e-06,-0.0004233956
2025-10-12 02:00:00+00:00,1.25e-05,-0.000290686
2025-10-12 03:00:00+00:00,1.18288e-05,-0.0004053697
2025-10-12 04:00:00+00:00,3.573e-07,-0.0004971418
2025-10-12 05:00:00+00:00,1.06215e-05,-0.0004150278
2025-10-12 06:00:00+00:00,1.25e-05,-0.0003965715
2025-10-12 07:00:00+00:00,7.6876e-06,-0.0004384989
2025-10-12 08:00:00+00:00,5.8632e-06,-0.0004530946
2025-10-12 09:00:00+00:00,2.8413e-06,-0.0004772693
2025-10-12 10:00:00+00:00,-1.65912e-05,-0.0006327298
2025-10-12 11:00:00+00:00,-1.25441e-05,-0.0006003526
2025-10-12 12:00:00+00:00,2.1607e-06,-0.0004827143
2025-10-12 13:00:00+00:00,6.601e-06,-0.0004471919
2025-10-12 14:00:00+00:00,1.12682e-05,-0.0004098545
2025-10-12 15:00:00+00:00,1.25e-05,-0.0003946893
2025-10-12 16:00:00+00:00,1.25e-05,-0.0002636731
2025-10-12 17:00:00+00:00,1.25e-05,-0.0001154781
2025-10-12 18:00:00+00:00,1.25e-05,-6.8921e-05
2025-10-12 19:00:00+00:00,1.25e-05,-0.0001632051
2025-10-12 20:00:00+00:00,1.25e-05,-0.000154573
2025-10-12 21:00:00+00:00,1.25e-05,1.55337e-05
2025-10-12 22:00:00+00:00,1.25e-05,-0.0001078895
2025-10-12 23:00:00+00:00,1.25e-05,-3.54861e-05
2025-10-13 00:00:00+00:00,1.25e-05,-4.02798e-05
2025-10-13 01:00:00+00:00,1.25e-05,-8.13727e-05
2025-10-13 02:00:00+00:00,1.25e-05,-1.29333e-05
2025-10-13 03:00:00+00:00,1.25e-05,-3.52328e-05
2025-10-13 04:00:00+00:00,1.25e-05,-8.82996e-05
2025-10-13 05:00:00+00:00,1.25e-05,-0.0001879024
2025-10-13 06:00:00+00:00,1.25e-05,-7.21386e-05
2025-10-13 07:00:00+00:00,1.25e-05,-2.28566e-05
2025-10-13 08:00:00+00:00,1.25e-05,6.86991e-05
2025-10-13 09:00:00+00:00,1.25e-05,5.02085e-05
2025-10-13 10:00:00+00:00,1.25e-05,1.22626e-05
2025-10-13 11:00:00+00:00,1.25e-05,-5.41419e-05
2025-10-13 12:00:00+00:00,1.25e-05,-0.0002248583
2025-10-13 13:00:00+00:00,1.25e-05,-0.0001668296
2025-10-13 14:00:00+00:00,1.25e-05,-0.0003198361
2025-10-13 15:00:00+00:00,8.1047e-06,-0.0004351628
2025-10-13 16:00:00+00:00,9.6976e-06,-0.0004224189
2025-10-13 17:00:00+00:00,7.6918e-06,-0.0004384658
2025-10-13 18:00:00+00:00,6.4421e-06,-0.0004484634
2025-10-13 19:00:00+00:00,9.0115e-06,-0.0004279077
2025-10-13 20:00:00+00:00,1.25e-05,-0.0003983275
2025-10-13 21:00:00+00:00,5.6168e-06,-0.0004550659
2025-10-13 22:00:00+00:00,8.6033e-06,-0.0004311733
2025-10-13 23:00:00+00:00,6.0574e-06,-0.0004515411
2025-10-14 00:00:00+00:00,2.0889e-06,-0.0004832891
2025-10-14 01:00:00+00:00,1.25e-05,-0.0003540361
2025-10-14 02:00:00+00:00,1.25e-05,-0.0003881208
2025-10-14 03:00:00+00:00,-1.08401e-05,-0.0005867211
2025-10-14 04:00:00+00:00,-3.59039e-05,-0.000787231
2025-10-14 05:00:00+00:00,-2.6805e-05,-0.0007144401
2025-10-14 06:00:00+00:00,-2.03988e-05,-0.0006631906
2025-10-14 07:00:00+00:00,-7.0239e-06,-0.0005561916
2025-10-14 08:00:00+00:00,1.8948e-06,-0.0004848414
2025-10-14 09:00:00+00:00,1.25e-05,-0.0003846862
2025-10-14 10:00:00+00:00,6.4695e-06,-0.000448244
2025-10-14 11:00:00+00:00,-3.833e-07,-0.0005030664
2025-10-14 12:00:00+00:00,1.22151e-05,-0.0004022792
2025-10-14 13:00:00+00:00,3.4446e-06,-0.000472443
2025-10-14 14:00:00+00:00,-1.05351e-05,-0.0005842807
2025-10-14 15:00:00+00:00,1.06942e-05,-0.0004144462
2025-10-14 16:00:00+00:00,1.16624e-05,-0.0004067011
2025-10-14 17:00:00+00:00,1.25e-05,-0.0001156244
2025-10-14 18:00:00+00:00,1.25e-05,0.000444068
2025-10-14 19:00:00+00:00,1.25e-05,0.0004772313
2025-10-14 20:00:00+00:00,1.25e-05,0.0001376948
2025-10-14 21:00:00+00:00,1.25e-05,-0.0001572009
2025-10-14 22:00:00+00:00,1.25e-05,-0.0001561806
2025-10-14 23:00:00+00:00,1.25e-05,-0.0001244092
2025-10-15 00:00:00+00:00,1.25e-05,-8.1897e-05
2025-10-15 01:00:00+00:00,1.25e-05,-0.00017997
2025-10-15 02:00:00+00:00,1.25e-05,-0.0003008516
2025-10-15 03:00:00+00:00,1.25e-05,-0.000303052
2025-10-15 04:00:00+00:00,1.25e-05,-0.000315442
2025-10-15 05:00:00+00:00,1.25e-05,-0.0002523908
2025-10-15 06:00:00+00:00,1.25e-05,-0.0002044823
2025-10-15 07:00:00+00:00,1.25e-05,-0.0002950666
2025-10-15 08:00:00+00:00,1.25e-05,-0.0001335095
2025-10-15 09:00:00+00:00,1.25e-05,-4.64151e-05
2025-10-15 10:00:00+00:00,1.25e-05,-3.74418e-05
2025-10-15 11:00:00+00:00,1.25e-05,-0.000158893
2025-10-15 12:00:00+00:00,1.25e-05,-0.000166572
2025-10-15 13:00:00+00:00,1.25e-05,-0.0003133023
2025-10-15 14:00:00+00:00,1.25e-05,-0.0003696739
2025-10-15 15:00:00+00:00,1.25e-05,-0.0002338798
2025-10-15 16:00:00+00:00,1.25e-05,-0.0002119937
2025-10-15 17:00:00+00:00,1.25e-05,-0.0001119368
2025-10-15 18:00:00+00:00,1.25e-05,2.61366e-05
2025-10-15 19:00:00+00:00,1.25e-05,3.37087e-05
2025-10-15 20:00:00+00:00,1.25e-05,2.11943e-05
2025-10-15 21:00:00+00:00,1.25e-05,-0.0001090298
2025-10-15 22:00:00+00:00,1.25e-05,-0.0003388519
2025-10-15 23:00:00+00:00,1.25e-05,-0.0002192811
2025-10-16 00:00:00+00:00,1.25e-05,-0.000272266
2025-10-16 01:00:00+00:00,1.25e-05,-0.0002783386
2025-10-16 02:00:00+00:00,1.25e-05,-0.0002457381
2025-10-16 03:00:00+00:00,1.25e-05,-0.0001460299
2025-10-16 04:00:00+00:00,1.25e-05,-0.0001892881
2025-10-16 05:00:00+00:00,1.25e-05,-0.000252153
2025-10-16 06:00:00+00:00,1.25e-05,-0.0003763902
2025-10-16 07:00:00+00:00,9.4323e-06,-0.0004245418
2025-10-16 08:00:00+00:00,9.5972e-06,-0.0004232222
2025-10-16 09:00:00+00:00,1.25e-05,-0.0003864748
2025-10-16 10:00:00+00:00,1.25e-05,-0.0003415255
2025-10-16 11:00:00+00:00,1.25e-05,-0.0001588445
2025-10-16 12:00:00+00:00,1.25e-05,-0.000134265
2025-10-16 13:00:00+00:00,1.25e-05,-2.44556e-05
2025-10-16 14:00:00+00:00,1.25e-05,-5.64123e-05
2025-10-16 15:00:00+00:00,1.25e-05,-4.06808e-05
2025-10-16 16:00:00+00:00,1.25e-05,-0.0001202722
2025-10-16 17:00:00+00:00,1.25e-05,-0.0002459783
2025-10-16 18:00:00+00:00,1.25e-05,-0.0001276917
2025-10-16 19:00:00+00:00,1.25e-05,-1.2465e-05
2025-10-16 20:00:00+00:00,1.25e-05,0.0001556789
2025-10-16 21:00:00+00:00,1.25e-05,0.0001055364
2025-10-16 22:00:00+00:00,1.25e-05,0.0001171939
2025-10-16 23:00:00+00:00,1.25e-05,-1.98903e-05
2025-10-17 00:00:00+00:00,1.25e-05,5.89571e-05
2025-10-17 01:00:00+00:00,1.25e-05,0.0001707798
2025-10-17 02:00:00+00:00,1.25e-05,0.0001021886
2025-10-17 03:00:00+00:00,1.25e-05,0.0001253991
2025-10-17 04:00:00+00:00,1.25e-05,9.62514e-05
2025-10-17 05:00:00+00:00,1.25e-05,4.54571e-05
2025-10-17 06:00:00+00:00,1.25e-05,-0.0001311975
2025-10-17 07:00:00+00:00,1.25e-05,-0.0003009536
2025-10-17 08:00:00+00:00,1.25e-05,-0.0003419008
2025-10-17 09:00:00+00:00,1.25e-05,-0.0001001374
2025-10-17 10:00:00+00:00,1.25e-05,4.1463e-06
2025-10-17 11:00:00+00:00,1.25e-05,-0.0001387471
2025-10-17 12:00:00+00:00,1.25e-05,-6.06549e-05
2025-10-17 13:00:00+00:00,1.25e-05,-0.0001802939
2025-10-17 14:00:00+00:00,1.25e-05,-0.000169649
2025-10-17 15:00:00+00:00,1.25e-05,-0.0001690322
2025-10-17 16:00:00+00:00,1.25e-05,-5.75743e-05
2025-10-17 17:00:00+00:00,1.25e-05,9.7138e-06
2025-10-17 18:00:00+00:00,1.25e-05,-8.04715e-05
2025-10-17 19:00:00+00:00,1.25e-05,-4.98549e-05
2025-10-17 20:00:00+00:00,1.25e-05,-0.0001216428
2025-10-17 21:00:00+00:00,1.25e-05,-0.0001557761
2025-10-17 22:00:00+00:00,1.25e-05,-0.0001885597
2025-10-17 23:00:00+00:00,1.25e-05,-0.0002283614
2025-10-18 00:00:00+00:00,1.25e-05,-0.0003173972
2025-10-18 01:00:00+00:00,1.25e-05,-0.0002398528
2025-10-18 02:00:00+00:00,1.25e-05,-0.0001412902
2025-10-18 03:00:00+00:00,1.25e-05,-0.0002114667
2025-10-18 04:00:00+00:00,1.25e-05,-0.0002979525
2025-10-18 05:00:00+00:00,1.25e-05,-0.0003476791
2025-10-18 06:00:00+00:00,1.25e-05,-0.0003370004
2025-10-18 07:00:00+00:00,1.25e-05,-0.000361192
2025-10-18 08:00:00+00:00,1.25e-05,-0.000304099
2025-10-18 09:00:00+00:00,1.25e-05,-0.0002517437
2025-10-18 10:00:00+00:00,1.25e-05,-0.0002656939
2025-10-18 11:00:00+00:00,1.25e-05,-0.0002890201
2025-10-18 12:00:00+00:00,1.25e-05,-0.0002982359
2025-10-18 13:00:00+00:00,1.25e-05,-0.0003428147
2025-10-18 14:00:00+00:00,1.25e-05,-0.0003867911
2025-10-18 15:00:00+00:00,1.25e-05,-0.0002679405
2025-10-18 16:00:00+00:00,1.25e-05,-0.0002183335
2025-10-18 17:00:00+00:00,1.25e-05,-0.0002299245
2025-10-18 18:00:00+00:00,1.25e-05,-0.0002755222
2025-10-18 19:00:00+00:00,1.25e-05,-0.0002719488
2025-10-18 20:00:00+00:00,1.25e-05,-0.0002572926
2025-10-18 21:00:00+00:00,1.25e-05,-0.0002510271
2025-10-18 22:00:00+00:00,1.25e-05,-0.0003100171
2025-10-18 23:00:00+00:00,1.25e-05,-0.0003156033
2025-10-19 00:00:00+00:00,1.25e-05,-0.0003383595
2025-10-19 01:00:00+00:00,1.25e-05,-0.000330381
2025-10-19 02:00:00+00:00,1.25e-05,-0.0003573897
2025-10-19 03:00:00+00:00,1.25e-05,-0.0003327926
2025-10-19 04:00:00+00:00,1.25e-05,-0.0003725069
2025-10-19 05:00:00+00:00,5.5629e-06,-0.0004554972
2025-10-19 06:00:00+00:00,7.7215e-06,-0.0004382281
2025-10-19 07:00:00+00:00,9.3198e-06,-0.0004254416
2025-10-19 08:00:00+00:00,2.84e-06,-0.0004772797
2025-10-19 09:00:00+00:00,5.0943e-06,-0.0004592453
2025-10-19 10:00:00+00:00,3.9982e-06,-0.0004680146
2025-10-19 11:00:00+00:00,5.1619e-06,-0.0004587052
2025-10-19 12:00:00+00:00,7.8468e-06,-0.0004372257
2025-10-19 13:00:00+00:00,1.25e-05,-0.0003719785
2025-10-19 14:00:00+00:00,1.1563e-05,-0.0004074961
2025-10-19 15:00:00+00:00,1.25e-05,-0.0003697871
2025-10-19 16:00:00+00:00,9.2951e-06,-0.0004256395
2025-10-19 17:00:00+00:00,1.03298e-05,-0.0004173614
2025-10-19 18:00:00+00:00,1.17184e-05,-0.0004062528
2025-10-19 19:00:00+00:00,9.7219e-06,-0.000422225
2025-10-19 20:00:00+00:00,-9.5412e-06,-0.0005763292
2025-10-19 21:00:00+00:00,-8.6303e-06,-0.0005690423
2025-10-19 22:00:00+00:00,-1.29005e-05,-0.0006032036
2025-10-19 23:00:00+00:00,-8.3362e-06,-0.0005666897
2025-10-20 00:00:00+00:00,-5.2459e-06,-0.0005419672
2025-10-20 01:00:00+00:00,-5.7828e-06,-0.0005462623
2025-10-20 02:00:00+00:00,-2.593e-07,-0.0005020743
2025-10-20 03:00:00+00:00,4.3413e-06,-0.0004652699
2025-10-20 04:00:00+00:00,1.0074e-05,-0.0004194084
2025-10-20 05:00:00+00:00,1.25e-05,-0.0003030481
2025-10-20 06:00:00+00:00,1.25e-05,-0.000119109
2025-10-20 07:00:00+00:00,1.25e-05,-0.0002314582
2025-10-20 08:00:00+00:00,1.25e-05,-0.000217824
2025-10-20 09:00:00+00:00,1.25e-05,-0.0001982252
2025-10-20 10:00:00+00:00,1.25e-05,-0.0001352645
2025-10-20 11:00:00+00:00,1.25e-05,-0.0001272886
2025-10-20 12:00:00+00:00,1.25e-05,-0.0001165919
2025-10-20 13:00:00+00:00,1.25e-05,-0.000136049
2025-10-20 14:00:00+00:00,1.25e-05,-0.0002338981
2025-10-20 15:00:00+00:00,1.25e-05,-0.0003899218
2025-10-20 16:00:00+00:00,1.25e-05,-0.0003885256
2025-10-20 17:00:00+00:00,1.6059e-06,-0.0004871525
2025-10-20 18:00:00+00:00,8.419e-07,-0.0004932651
2025-10-20 19:00:00+00:00,1.10306e-05,-0.0004117548
2025-10-20 20:00:00+00:00,6.9584e-06,-0.0004443329
2025-10-20 21:00:00+00:00,5.1083e-06,-0.0004591332
2025-10-20 22:00:00+00:00,2.3643e-06,-0.0004810854
2025-10-20 23:00:00+00:00,6.2676e-06,-0.0004498594
2025-10-21 00:00:00+00:00,2.4307e-06,-0.0004805546
2025-10-21 01:00:00+00:00,4.1224e-06,-0.0004670205
2025-10-21 02:00:00+00:00,2.2574e-06,-0.0004819408
2025-10-21 03:00:00+00:00,1.3109e-06,-0.0004895131
2025-10-21 04:00:00+00:00,2.0437e-06,-0.0004836506
2025-10-21 05:00:00+00:00,-1.3815e-06,-0.000511052
2025-10-21 06:00:00+00:00,-7.0809e-06,-0.0005566472
2025-10-21 07:00:00+00:00,3.2246e-06,-0.0004742033
2025-10-21 08:00:00+00:00,2.6276e-06,-0.0004789796
2025-10-21 09:00:00+00:00,-2.9544e-06,-0.0005236355
2025-10-21 10:00:00+00:00,1.04736e-05,-0.000416211
2025-10-21 11:00:00+00:00,1.25e-05,-0.0003548212
2025-10-21 12:00:00+00:00,1.25e-05,-0.0001751239
2025-10-21 13:00:00+00:00,1.25e-05,-0.0001683407
2025-10-21 14:00:00+00:00,1.25e-05,-0.0003711413
2025-10-21 15:00:00+00:00,1.25e-05,-0.0002222974
2025-10-21 16:00:00+00:00,1.25e-05,-0.000122508
2025-10-21 17:00:00+00:00,1.25e-05,-0.0002984871
2025-10-21 18:00:00+00:00,-2.6826e-06,-0.0005214606
2025-10-21 19:00:00+00:00,-7.251e-07,-0.0005058006
2025-10-21 20:00:00+00:00,-3.3525e-06,-0.0005268203
2025-10-21 21:00:00+00:00,-1.74662e-05,-0.0006397296
2025-10-21 22:00:00+00:00,-7.6151e-06,-0.0005609207
2025-10-21 23:00:00+00:00,-1.34023e-05,-0.0006072185
2025-10-22 00:00:00+00:00,8.439e-07,-0.0004932485
2025-10-22 01:00:00+00:00,7.544e-06,-0.0004396483
2025-10-22 02:00:00+00:00,1.25e-05,-0.0002975444
2025-10-22 03:00:00+00:00,1.25e-05,-0.0003179832
2025-10-22 04:00:00+00:00,1.25e-05,-0.0003568722
2025-10-22 05:00:00+00:00,1.25e-05,-0.0003954795
2025-10-22 06:00:00+00:00,1.25e-05,-0.0003318022
2025-10-22 07:00:00+00:00,1.25e-05,-0.0002520846
2025-10-22 08:00:00+00:00,1.25e-05,-0.0003883788
2025-10-22 09:00:00+00:00,1.1671e-05,-0.000406632
2025-10-22 10:00:00+00:00,7.3978e-06,-0.0004408173
2025-10-22 11:00:00+00:00,5.2163e-06,-0.0004582696
2025-10-22 12:00:00+00:00,3.3829e-06,-0.0004729366
2025-10-22 13:00:00+00:00,7.3123e-06,-0.0004415018
2025-10-22 14:00:00+00:00,1.07638e-05,-0.0004138899
2025-10-22 15:00:00+00:00,1.25e-05,-0.0001179009
2025-10-22 16:00:00+00:00,1.25e-05,-0.0002026969
2025-10-22 17:00:00+00:00,1.25e-05,-0.000288323
2025-10-22 18:00:00+00:00,1.25e-05,-0.000220857
2025-10-22 19:00:00+00:00,1.25e-05,-8.37721e-05
2025-10-22 20:00:00+00:00,7.5109e-06,-0.0004399124
2025-10-22 21:00:00+00:00,1.25e-05,-0.0003984073
2025-10-22 22:00:00+00:00,1.25e-05,-0.0003158637
2025-10-22 23:00:00+00:00,1.25e-05,-0.0003799932
2025-10-23 00:00:00+00:00,1.25e-05,-0.000393111
2025-10-23 01:00:00+00:00,1.25e-05,-0.0003335732
2025-10-23 02:00:00+00:00,1.25e-05,-1.27278e-05
2025-10-23 03:00:00+00:00,1.25e-05,6.11793e-05
2025-10-23 04:00:00+00:00,1.25e-05,2.81721e-05
2025-10-23 05:00:00+00:00,1.25e-05,6.07776e-05
2025-10-23 06:00:00+00:00,1.25e-05,0.0001393975
2025-10-23 07:00:00+00:00,1.25e-05,0.0002208432
2025-10-23 08:00:00+00:00,1.25e-05,0.0001904973
2025-10-23 09:00:00+00:00,1.25e-05,0.0001506049
2025-10-23 10:00:00+00:00,1.25e-05,0.0001219538
2025-10-23 11:00:00+00:00,1.25e-05,0.0001931805
2025-10-23 12:00:00+00:00,1.25e-05,0.0001015844
2025-10-23 13:00:00+00:00,1.25e-05,-1.61843e-05
2025-10-23 14:00:00+00:00,1.25e-05,0.0001085288
2025-10-23 15:00:00+00:00,1.25e-05,0.0002192891
2025-10-23 16:00:00+00:00,1.25e-05,8.38156e-05
2025-10-23 17:00:00+00:00,1.25e-05,3.29185e-05
2025-10-23 18:00:00+00:00,1.25e-05,0.0001430906
2025-10-23 19:00:00+00:00,1.25e-05,0.0002213978
2025-10-23 20:00:00+00:00,1.25e-05,0.0001776608
2025-10-23 21:00:00+00:00,1.25e-05,0.0001673456
2025-10-23 22:00:00+00:00,1.25e-05,-5.97556e-05
2025-10-23 23:00:00+00:00,1.25e-05,-0.000146871
2025-10-24 00:00:00+00:00,1.25e-05,-9.64892e-05
2025-10-24 01:00:00+00:00,1.25e-05,-0.0001058102
2025-10-24 02:00:00+00:00,1.25e-05,-7.32839e-05
2025-10-24 03:00:00+00:00,1.25e-05,-0.0001243328
2025-10-24 04:00:00+00:00,1.25e-05,-0.000172338
2025-10-24 05:00:00+00:00,1.25e-05,-7.52913e-05
2025-10-24 06:00:00+00:00,1.25e-05,-8.89222e-05
2025-10-24 07:00:00+00:00,1.25e-05,-4.07236e-05
2025-10-24 08:00:00+00:00,1.25e-05,3.1435e-05
2025-10-24 09:00:00+00:00,1.25e-05,0.0001203023
2025-10-24 10:00:00+00:00,1.25e-05,0.0001343542
2025-10-24 11:00:00+00:00,1.25e-05,9.60592e-05
2025-10-24 12:00:00+00:00,1.25e-05,0.0001479164
2025-10-24 13:00:00+00:00,1.25e-05,0.0003044698
2025-10-24 14:00:00+00:00,1.25e-05,0.0004006079
2025-10-24 15:00:00+00:00,1.25e-05,0.0005794671
2025-10-24 16:00:00+00:00,1.25e-05,0.0005716088
2025-10-24 17:00:00+00:00,1.25e-05,0.000513325
2025-10-24 18:00:00+00:00,1.25e-05,0.0005445322
2025-10-24 19:00:00+00:00,1.25e-05,0.0004764841
2025-10-24 20:00:00+00:00,1.25e-05,0.0004228874
2025-10-24 21:00:00+00:00,1.25e-05,0.0004113976
2025-10-24 22:00:00+00:00,1.25e-05,0.0004538869
2025-10-24 23:00:00+00:00,1.25e-05,0.0004716946
2025-10-25 00:00:00+00:00,1.25e-05,0.0004243927
2025-10-25 01:00:00+00:00,1.25e-05,0.0003267751
2025-10-25 02:00:00+00:00,1.25e-05,0.0003430884
2025-10-25 03:00:00+00:00,1.25e-05,0.0003492443
2025-10-25 04:00:00+00:00,1.25e-05,0.0003368894
2025-10-25 05:00:00+00:00,1.25e-05,0.0003204868
2025-10-25 06:00:00+00:00,1.25e-05,0.0003473872
2025-10-25 07:00:00+00:00,1.25e-05,0.0004158499
2025-10-25 08:00:00+00:00,1.25e-05,0.0004908448
2025-10-25 09:00:00+00:00,1.25e-05,0.000484888
2025-10-25 10:00:00+00:00,1.25e-05,0.0004952546
2025-10-25 11:00:00+00:00,1.25e-05,0.0004783556
2025-10-25 12:00:00+00:00,1.25e-05,0.0005190806
2025-10-25 13:00:00+00:00,1.25e-05,0.0005508971
2025-10-25 14:00:00+00:00,1.25e-05,0.0004645111
2025-10-25 15:00:00+00:00,1.25e-05,0.0002742317
2025-10-25 16:00:00+00:00,1.25e-05,0.0001583254
2025-10-25 17:00:00+00:00,1.25e-05,7.34766e-05
2025-10-25 18:00:00+00:00,1.25e-05,0.0001723186
2025-10-25 19:00:00+00:00,1.25e-05,0.0002461631
2025-10-25 20:00:00+00:00,1.25e-05,0.0003475385
2025-10-25 21:00:00+00:00,1.25e-05,0.0003257242
2025-10-25 22:00:00+00:00,1.25e-05,0.0003117672
2025-10-25 23:00:00+00:00,1.25e-05,0.0003188996
2025-10-26 00:00:00+00:00,1.25e-05,0.0003026988
2025-10-26 01:00:00+00:00,1.25e-05,0.0003465539
2025-10-26 02:00:00+00:00,1.25e-05,0.0003386333
2025-10-26 03:00:00+00:00,1.25e-05,0.0002688927
2025-10-26 04:00:00+00:00,1.25e-05,0.0001830748
2025-10-26 05:00:00+00:00,1.25e-05,5.56778e-05
2025-10-26 06:00:00+00:00,1.25e-05,7.13956e-05
2025-10-26 07:00:00+00:00,1.25e-05,7.25262e-05
2025-10-26 08:00:00+00:00,1.25e-05,0.0001433561
2025-10-26 09:00:00+00:00,1.25e-05,0.0002166459
2025-10-26 10:00:00+00:00,1.25e-05,0.000278095
2025-10-26 11:00:00+00:00,1.25e-05,0.0003047142
2025-10-26 12:00:00+00:00,1.25e-05,0.0003250711
2025-10-26 13:00:00+00:00,1.25e-05,0.000340227
2025-10-26 14:00:00+00:00,1.25e-05,0.0003502875
2025-10-26 15:00:00+00:00,1.25e-05,0.0003389626
2025-10-26 16:00:00+00:00,1.25e-05,0.000311226
2025-10-26 17:00:00+00:00,1.25e-05,0.0003087198
2025-10-26 18:00:00+00:00,1.25e-05,0.0002717117
2025-10-26 19:00:00+00:00,1.25e-05,0.000347195
2025-10-26 20:00:00+00:00,1.25e-05,0.0004400754
2025-10-26 21:00:00+00:00,1.25e-05,0.0003669282
2025-10-26 22:00:00+00:00,1.25e-05,0.00030163
2025-10-26 23:00:00+00:00,1.25e-05,0.0005099901
2025-10-27 00:00:00+00:00,1.25e-05,0.0003886856
2025-10-27 01:00:00+00:00,1.25e-05,0.0005006626
2025-10-27 02:00:00+00:00,1.77275e-05,0.00064182
2025-10-27 03:00:00+00:00,2.01933e-05,0.0006615468
2025-10-27 04:00:00+00:00,2.46072e-05,0.0006968576
2025-10-27 05:00:00+00:00,3.06179e-05,0.0007449431
2025-10-27 06:00:00+00:00,3.21483e-05,0.0007571862
2025-10-27 07:00:00+00:00,2.57439e-05,0.0007059508
2025-10-27 08:00:00+00:00,1.25e-05,0.0004680155
2025-10-27 09:00:00+00:00,1.25e-05,0.0001815506
2025-10-27 10:00:00+00:00,1.25e-05,0.000258357
2025-10-27 11:00:00+00:00,1.25e-05,0.000346592
2025-10-27 12:00:00+00:00,1.25e-05,0.0003050256
2025-10-27 13:00:00+00:00,1.25e-05,0.0002047011
2025-10-27 14:00:00+00:00,1.25e-05,0.0002410224
2025-10-27 15:00:00+00:00,1.25e-05,0.0002323946
2025-10-27 16:00:00+00:00,1.25e-05,0.0002401327
2025-10-27 17:00:00+00:00,1.25e-05,0.0003103855
2025-10-27 18:00:00+00:00,1.25e-05,0.0003458418
2025-10-27 19:00:00+00:00,1.25e-05,0.0002853191
2025-10-27 20:00:00+00:00,1.25e-05,0.0002031939
2025-10-27 21:00:00+00:00,1.25e-05,0.000287043
2025-10-27 22:00:00+00:00,1.25e-05,0.000150128
2025-10-27 23:00:00+00:00,1.25e-05,8.84433e-05
2025-10-28 00:00:00+00:00,1.25e-05,-2.697e-07
2025-10-28 01:00:00+00:00,1.25e-05,-2.17836e-05
2025-10-28 02:00:00+00:00,1.25e-05,6.44263e-05
2025-10-28 03:00:00+00:00,1.25e-05,-3.3144e-06
2025-10-28 04:00:00+00:00,1.25e-05,-5.70059e-05
2025-10-28 05:00:00+00:00,1.25e-05,-4.96402e-05
2025-10-28 06:00:00+00:00,1.25e-05,-6.2204e-05
2025-10-28 07:00:00+00:00,1.25e-05,-2.0254e-05
2025-10-28 08:00:00+00:00,1.25e-05,-6.74379e-05
2025-10-28 09:00:00+00:00,1.25e-05,-0.0001007417
2025-10-28 10:00:00+00:00,1.25e-05,-0.0001141225
2025-10-28 11:00:00+00:00,1.25e-05,-8.17706e-05
2025-10-28 12:00:00+00:00,1.25e-05,-5.96121e-05
2025-10-28 13:00:00+00:00,1.25e-05,1.58724e-05
2025-10-28 14:00:00+00:00,1.25e-05,5.40403e-05
2025-10-28 15:00:00+00:00,1.25e-05,0.0001223231
2025-10-28 16:00:00+00:00,1.25e-05,-8.6081e-06
2025-10-28 17:00:00+00:00,1.25e-05,-1.39442e-05
2025-10-28 18:00:00+00:00,1.25e-05,6.74791e-05
2025-10-28 19:00:00+00:00,1.25e-05,3.28583e-05
2025-10-28 20:00:00+00:00,1.25e-05,5.6659e-05
2025-10-28 21:00:00+00:00,1.25e-05,-0.000221801
2025-10-28 22:00:00+00:00,1.25e-05,-0.0002434116
2025-10-28 23:00:00+00:00,1.25e-05,-0.000250779
2025-10-29 00:00:00+00:00,1.25e-05,-0.0002611137
2025-10-29 01:00:00+00:00,1.25e-05,-0.0002632197
2025-10-29 02:00:00+00:00,1.25e-05,-0.0002304357
2025-10-29 03:00:00+00:00,1.25e-05,-0.0002080238
2025-10-29 04:00:00+00:00,1.25e-05,-0.0002375445
2025-10-29 05:00:00+00:00,1.25e-05,-0.0002216944
2025-10-29 06:00:00+00:00,1.25e-05,-0.0001066263
2025-10-29 07:00:00+00:00,1.25e-05,-0.0001335725
2025-10-29 08:00:00+00:00,1.25e-05,-3.31165e-05
2025-10-29 09:00:00+00:00,1.25e-05,-6.5064e-06
2025-10-29 10:00:00+00:00,1.25e-05,-2.77824e-05
2025-10-29 11:00:00+00:00,1.25e-05,-2.989e-07
2025-10-29 12:00:00+00:00,1.25e-05,-2.46191e-05
2025-10-29 13:00:00+00:00,1.25e-05,-5.97828e-05
2025-10-29 14:00:00+00:00,1.25e-05,-0.0001200814
2025-10-29 15:00:00+00:00,1.25e-05,-0.000264079
2025-10-29 16:00:00+00:00,1.25e-05,-0.000251946
2025-10-29 17:00:00+00:00,1.25e-05,-6.10535e-05
2025-10-29 18:00:00+00:00,1.25e-05,5.46444e-05
2025-10-29 19:00:00+00:00,1.25e-05,0.0001824431
2025-10-29 20:00:00+00:00,1.25e-05,0.0004640343
2025-10-29 21:00:00+00:00,1.25e-05,0.0005892295
2025-10-29 22:00:00+00:00,1.74792e-05,0.0006398335
2025-10-29 23:00:00+00:00,1.25e-05,0.0005035507
2025-10-30 00:00:00+00:00,1.25e-05,0.0005493361
2025-10-30 01:00:00+00:00,1.25e-05,0.0005967992
2025-10-30 02:00:00+00:00,1.25e-05,0.0005995991
2025-10-30 03:00:00+00:00,2.77928e-05,0.0007223428
2025-10-30 04:00:00+00:00,2.15309e-05,0.0006722473
2025-10-30 05:00:00+00:00,1.25e-05,0.0004471343
2025-10-30 06:00:00+00:00,1.25e-05,0.0004425787
2025-10-30 07:00:00+00:00,1.25e-05,0.0004540965
2025-10-30 08:00:00+00:00,1.25e-05,0.0005601024
2025-10-30 09:00:00+00:00,1.25e-05,0.0004570803
2025-10-30 10:00:00+00:00,1.25e-05,0.0005234061
2025-10-30 11:00:00+00:00,1.25e-05,0.0005474431
2025-10-30 12:00:00+00:00,1.25e-05,0.000569542
2025-10-30 13:00:00+00:00,1.25e-05,0.0002424519
2025-10-30 14:00:00+00:00,1.25e-05,0.0002524248
2025-10-30 15:00:00+00:00,1.25e-05,0.0003516147
2025-10-30 16:00:00+00:00,1.25e-05,0.0003901308
2025-10-30 17:00:00+00:00,1.25e-05,0.0005057492
2025-10-30 18:00:00+00:00,1.25e-05,0.0001539126
2025-10-30 19:00:00+00:00,1.25e-05,4.55606e-05
2025-10-30 20:00:00+00:00,1.25e-05,-8.13914e-05
2025-10-30 21:00:00+00:00,1.25e-05,2.58931e-05
2025-10-30 22:00:00+00:00,1.25e-05,8.81992e-05
2025-10-30 23:00:00+00:00,1.25e-05,0.0001655573
2025-10-31 00:00:00+00:00,1.25e-05,0.0002638343
2025-10-31 01:00:00+00:00,1.25e-05,0.0004843393
2025-10-31 02:00:00+00:00,1.25e-05,0.0003475225
2025-10-31 03:00:00+00:00,1.25e-05,0.0001160719
2025-10-31 04:00:00+00:00,1.25e-05,7.85835e-05
2025-10-31 05:00:00+00:00,1.25e-05,0.0002043369
2025-10-31 06:00:00+00:00,1.25e-05,9.49424e-05
2025-10-31 07:00:00+00:00,1.25e-05,9.9804e-06
2025-10-31 08:00:00+00:00,1.25e-05,-2.7245e-06
2025-10-31 09:00:00+00:00,1.25e-05,0.0001375141
2025-10-31 10:00:00+00:00,1.25e-05,0.0002771164
2025-10-31 11:00:00+00:00,1.25e-05,0.000198207
2025-10-31 12:00:00+00:00,1.25e-05,0.000152855
2025-10-31 13:00:00+00:00,1.25e-05,0.0001383272
2025-10-31 14:00:00+00:00,1.25e-05,0.0001100713
2025-10-31 15:00:00+00:00,1.25e-05,4.0622e-05
2025-10-31 16:00:00+00:00,1.25e-05,-7.63022e-05
2025-10-31 17:00:00+00:00,1.25e-05,-0.0001041098
2025-10-31 18:00:00+00:00,1.25e-05,-8.90412e-05
2025-10-31 19:00:00+00:00,1.25e-05,-2.16479e-05
2025-10-31 20:00:00+00:00,1.25e-05,-2.17412e-05
2025-10-31 21:00:00+00:00,1.25e-05,-8.42949e-05
2025-10-31 22:00:00+00:00,1.25e-05,-2.50051e-05
2025-10-31 23:00:00+00:00,1.25e-05,-4.66022e-05
2025-11-01 00:00:00+00:00,1.25e-05,-8.93694e-05
2025-11-01 01:00:00+00:00,1.25e-05,-0.0001001274
2025-11-01 02:00:00+00:00,1.25e-05,-1.55277e-05
2025-11-01 03:00:00+00:00,1.25e-05,-0.0001200593
2025-11-01 04:00:00+00:00,1.25e-05,-5.5103e-05
2025-11-01 05:00:00+00:00,1.25e-05,5.35618e-05
2025-11-01 06:00:00+00:00,1.25e-05,1.47685e-05
2025-11-01 07:00:00+00:00,1.25e-05,1.85873e-05
2025-11-01 08:00:00+00:00,1.25e-05,6.66064e-05
2025-11-01 09:00:00+00:00,1.25e-05,3.30985e-05
2025-11-01 10:00:00+00:00,1.25e-05,3.57544e-05
2025-11-01 11:00:00+00:00,1.25e-05,3.27505e-05
2025-11-01 12:00:00+00:00,1.25e-05,8.11454e-05
2025-11-01 13:00:00+00:00,1.25e-05,0.0001065681
2025-11-01 14:00:00+00:00,1.25e-05,5.62574e-05
2025-11-01 15:00:00+00:00,1.25e-05,6.90394e-05
2025-11-01 16:00:00+00:00,1.25e-05,0.00011
2025-11-01 17:00:00+00:00,1.25e-05,9.30771e-05
2025-11-01 18:00:00+00:00,1.25e-05,0.0001233996
2025-11-01 19:00:00+00:00,1.25e-05,0.0001653233
2025-11-01 20:00:00+00:00,1.25e-05,0.0001822303
2025-11-01 21:00:00+00:00,1.25e-05,0.0002200166
2025-11-01 22:00:00+00:00,1.25e-05,0.0001335308
2025-11-01 23:00:00+00:00,1.25e-05,0.0001149816
2025-11-02 00:00:00+00:00,1.25e-05,0.0001556391
2025-11-02 01:00:00+00:00,1.25e-05,7.52885e-05
2025-11-02 02:00:00+00:00,1.25e-05,9.46069e-05
2025-11-02 03:00:00+00:00,1.25e-05,0.0001377675
2025-11-02 04:00:00+00:00,1.25e-05,0.0001190743
2025-11-02 05:00:00+00:00,1.25e-05,0.0001186009
2025-11-02 06:00:00+00:00,1.25e-05,4.53902e-05
2025-11-02 07:00:00+00:00,1.25e-05,4.62721e-05
2025-11-02 08:00:00+00:00,1.25e-05,5.84566e-05
2025-11-02 09:00:00+00:00,1.25e-05,4.71002e-05
2025-11-02 10:00:00+00:00,1.25e-05,7.24178e-05
2025-11-02 11:00:00+00:00,1.25e-05,-5.56611e-05
2025-11-02 12:00:00+00:00,1.25e-05,-7.29254e-05
2025-11-02 13:00:00+00:00,1.25e-05,-3.40581e-05
2025-11-02 14:00:00+00:00,1.25e-05,-0.000139998
2025-11-02 15:00:00+00:00,1.25e-05,-0.0001786041
2025-11-02 16:00:00+00:00,1.25e-05,-0.0001976366
2025-11-02 17:00:00+00:00,1.25e-05,-0.0003287782
2025-11-02 18:00:00+00:00,1.25e-05,-0.0002786877
2025-11-02 19:00:00+00:00,1.25e-05,-0.0002222143
2025-11-02 20:00:00+00:00,1.25e-05,-0.0002597292
2025-11-02 21:00:00+00:00,1.25e-05,-0.0002945203
2025-11-02 22:00:00+00:00,1.25e-05,-0.0002734694
2025-11-02 23:00:00+00:00,1.25e-05,-0.0003189501
2025-11-03 00:00:00+00:00,1.25e-05,-0.0002474719
2025-11-03 01:00:00+00:00,1.25e-05,-0.0001992642
2025-11-03 02:00:00+00:00,1.25e-05,-0.0002477683
2025-11-03 03:00:00+00:00,1.25e-05,-0.0002331201
2025-11-03 04:00:00+00:00,1.25e-05,-0.000300631
2025-11-03 05:00:00+00:00,1.06615e-05,-0.0004147082
2025-11-03 06:00:00+00:00,1.25e-05,-0.0003809571
2025-11-03 07:00:00+00:00,1.25e-05,-0.0003843444
2025-11-03 08:00:00+00:00,1.25e-05,-0.0003383729
2025-11-03 09:00:00+00:00,1.25e-05,-0.0002288049
2025-11-03 10:00:00+00:00,1.25e-05,-0.0002163684
2025-11-03 11:00:00+00:00,1.25e-05,-0.0001932965
2025-11-03 12:00:00+00:00,1.25e-05,-0.0001221747
2025-11-03 13:00:00+00:00,1.25e-05,-0.0001108337
2025-11-03 14:00:00+00:00,1.25e-05,-0.0001315587
2025-11-03 15:00:00+00:00,1.25e-05,-8.34529e-05
2025-11-03 16:00:00+00:00,4.1415e-06,-0.0004668677
2025-11-03 17:00:00+00:00,1.25e-05,-0.0003400144
2025-11-03 18:00:00+00:00,1.25e-05,-0.000269983
2025-11-03 19:00:00+00:00,1.25e-05,-0.0003351985
2025-11-03 20:00:00+00:00,1.25e-05,-0.0003579941
2025-11-03 21:00:00+00:00,1.25e-05,-0.0003737556
2025-11-03 22:00:00+00:00,1.25e-05,-0.0003889873
2025-11-03 23:00:00+00:00,8.7211e-06,-0.0004302314
2025-11-04 00:00:00+00:00,7.3833e-06,-0.0004409336
2025-11-04 01:00:00+00:00,7.8968e-06,-0.0004368254
2025-11-04 02:00:00+00:00,9.5488e-06,-0.00042361
2025-11-04 03:00:00+00:00,7.4094e-06,-0.0004407248
2025-11-04 04:00:00+00:00,7.9401e-06,-0.0004364795
2025-11-04 05:00:00+00:00,7.9537e-06,-0.0004363702
2025-11-04 06:00:00+00:00,-3.4842e-06,-0.0005278737
2025-11-04 07:00:00+00:00,9.1974e-06,-0.0004264212
2025-11-04 08:00:00+00:00,9.474e-06,-0.0004242082
2025-11-04 09:00:00+00:00,6.8248e-06,-0.0004454014
2025-11-04 10:00:00+00:00,4.6854e-06,-0.0004625168
2025-11-04 11:00:00+00:00,8.3362e-06,-0.0004333105
2025-11-04 12:00:00+00:00,1.25e-05,-0.0003652237
2025-11-04 13:00:00+00:00,1.25e-05,-0.0002813028
2025-11-04 14:00:00+00:00,1.25e-05,-0.0001651728
2025-11-04 15:00:00+00:00,1.25e-05,-0.0001507512
2025-11-04 16:00:00+00:00,1.25e-05,-0.0001862799
2025-11-04 17:00:00+00:00,1.25e-05,-0.0002465033
2025-11-04 18:00:00+00:00,1.25e-05,-0.0003101993
2025-11-04 19:00:00+00:00,1.25e-05,-0.0003409233
2025-11-04 20:00:00+00:00,1.25e-05,-0.0002377945
2025-11-04 21:00:00+00:00,1.25e-05,-0.0003687714
2025-11-04 22:00:00+00:00,1.25e-05,-0.000379683
2025-11-04 23:00:00+00:00,1.25e-05,-0.0003504893
2025-11-05 00:00:00+00:00,1.25e-05,-0.0002735389
2025-11-05 01:00:00+00:00,1.25e-05,-0.0002525485
2025-11-05 02:00:00+00:00,1.25e-05,-0.0002284936
2025-11-05 03:00:00+00:00,1.25e-05,-1.73334e-05
2025-11-05 04:00:00+00:00,1.25e-05,-4.15276e-05
2025-11-05 05:00:00+00:00,1.25e-05,1.4691e-06
2025-11-05 06:00:00+00:00,1.25e-05,-4.63289e-05
2025-11-05 07:00:00+00:00,1.25e-05,-3.41146e-05
2025-11-05 08:00:00+00:00,1.25e-05,-6.09724e-05
2025-11-05 09:00:00+00:00,1.25e-05,-5.12972e-05
2025-11-05 10:00:00+00:00,1.25e-05,-9.07999e-05
2025-11-05 11:00:00+00:00,1.25e-05,-7.86581e-05
2025-11-05 12:00:00+00:00,1.25e-05,-2.08677e-05
2025-11-05 13:00:00+00:00,1.25e-05,-8.2255e-06
2025-11-05 14:00:00+00:00,1.25e-05,5.11476e-05
2025-11-05 15:00:00+00:00,1.25e-05,0.0002035255
2025-11-05 16:00:00+00:00,1.25e-05,0.0002755998
2025-11-05 17:00:00+00:00,1.25e-05,0.0001964235
2025-11-05 18:00:00+00:00,1.25e-05,0.0002841538
2025-11-05 19:00:00+00:00,1.25e-05,0.0003535281
2025-11-05 20:00:00+00:00,1.25e-05,0.0003445425
2025-11-05 21:00:00+00:00,1.25e-05,0.0002765175
2025-11-05 22:00:00+00:00,1.25e-05,0.0002396105
2025-11-05 23:00:00+00:00,1.25e-05,0.0001687142
2025-11-06 00:00:00+00:00,1.25e-05,0.0002794091
2025-11-06 01:00:00+00:00,1.25e-05,0.0001413933
2025-11-06 02:00:00+00:00,1.25e-05,0.0002418168
2025-11-06 03:00:00+00:00,1.25e-05,0.0003283746
2025-11-06 04:00:00+00:00,1.25e-05,0.000340165
2025-11-06 05:00:00+00:00,1.25e-05,0.0002518004
2025-11-06 06:00:00+00:00,1.25e-05,0.0001203019
2025-11-06 07:00:00+00:00,1.25e-05,7.64804e-05
2025-11-06 08:00:00+00:00,1.25e-05,2.34798e-05
2025-11-06 09:00:00+00:00,1.25e-05,-1.20902e-05
2025-11-06 10:00:00+00:00,1.25e-05,-0.0001914668
2025-11-06 11:00:00+00:00,1.25e-05,-0.0001972557
2025-11-06 12:00:00+00:00,1.25e-05,-0.0002489883
2025-11-06 13:00:00+00:00,1.25e-05,-0.0003015689
2025-11-06 14:00:00+00:00,1.25e-05,-0.0001417042
2025-11-06 15:00:00+00:00,1.25e-05,-6.39824e-05
2025-11-06 16:00:00+00:00,1.25e-05,-8.91897e-05
2025-11-06 17:00:00+00:00,-4.8599e-06,-0.0005388792
2025-11-06 18:00:00+00:00,9.425e-06,-0.0004246
2025-11-06 19:00:00+00:00,1.18463e-05,-0.0004052295
2025-11-06 20:00:00+00:00,1.25e-05,-0.0003598725
2025-11-06 21:00:00+00:00,1.06465e-05,-0.0004148281
2025-11-06 22:00:00+00:00,7.9796e-06,-0.0004361629
2025-11-06 23:00:00+00:00,1.25e-05,-0.0003820219
2025-11-07 00:00:00+00:00,9.7434e-06,-0.0004220529
2025-11-07 01:00:00+00:00,1.25e-05,-0.0003762112
2025-11-07 02:00:00+00:00,1.25e-05,-0.0003853163
2025-11-07 03:00:00+00:00,1.14475e-05,-0.0004084204
2025-11-07 04:00:00+00:00,1.25e-05,-0.0003207583
2025-11-07 05:00:00+00:00,1.25e-05,-0.000339792
2025-11-07 06:00:00+00:00,1.25e-05,-0.0003778974
2025-11-07 07:00:00+00:00,1.25e-05,-0.0002744795
2025-11-07 08:00:00+00:00,1.25e-05,-0.000259792
2025-11-07 09:00:00+00:00,1.25e-05,-0.0003093376
2025-11-07 10:00:00+00:00,1.25e-05,-0.0003360776
2025-11-07 11:00:00+00:00,1.0698e-05,-0.0004144157
2025-11-07 12:00:00+00:00,2.8044e-06,-0.0004775649
2025-11-07 13:00:00+00:00,1.25e-05,-0.0002994646
2025-11-07 14:00:00+00:00,8.265e-07,-0.0004933878
2025-11-07 15:00:00+00:00,2.478e-06,-0.000480176
2025-11-07 16:00:00+00:00,1.25e-05,-0.0003204796
2025-11-07 17:00:00+00:00,1.25e-05,-0.0002797955
2025-11-07 18:00:00+00:00,1.25e-05,-0.0001480463
2025-11-07 19:00:00+00:00,1.25e-05,-0.0001432386
2025-11-07 20:00:00+00:00,1.25e-05,-0.0001592072
2025-11-07 21:00:00+00:00,1.25e-05,-0.0002084324
2025-11-07 22:00:00+00:00,1.25e-05,-0.0001515166
2025-11-07 23:00:00+00:00,1.25e-05,-7.70881e-05
2025-11-08 00:00:00+00:00,1.25e-05,-0.0002479697
2025-11-08 01:00:00+00:00,1.25e-05,-0.000375058
2025-11-08 02:00:00+00:00,1.25e-05,-0.0003636266
2025-11-08 03:00:00+00:00,1.25e-05,-0.000306981
2025-11-08 04:00:00+00:00,7.9051e-06,-0.0004367592
2025-11-08 05:00:00+00:00,1.192e-06,-0.0004904641
2025-11-08 06:00:00+00:00,6.978e-07,-0.0004944173
2025-11-08 07:00:00+00:00,7.838e-06,-0.000437296
2025-11-08 08:00:00+00:00,7.7436e-06,-0.0004380512
2025-11-08 09:00:00+00:00,8.2906e-06,-0.0004336755
2025-11-08 10:00:00+00:00,2.6625e-06,-0.0004787004
2025-11-08 11:00:00+00:00,2.8958e-06,-0.0004768333
2025-11-08 12:00:00+00:00,2.569e-06,-0.0004794479
2025-11-08 13:00:00+00:00,5.9715e-06,-0.0004522279
2025-11-08 14:00:00+00:00,4.4593e-06,-0.0004643259
2025-11-08 15:00:00+00:00,1.25e-05,-0.0003632319
2025-11-08 16:00:00+00:00,1.25e-05,-0.000369516
2025-11-08 17:00:00+00:00,1.25e-05,-0.0003980577
2025-11-08 18:00:00+00:00,1.25e-05,-0.00034254
2025-11-08 19:00:00+00:00,1.25e-05,-0.0003245668
2025-11-08 20:00:00+00:00,9.0029e-06,-0.0004279765
2025-11-08 21:00:00+00:00,7.782e-06,-0.000437744
2025-11-08 22:00:00+00:00,6.9551e-06,-0.0004443595
2025-11-08 23:00:00+00:00,8.0452e-06,-0.0004356388
2025-11-09 00:00:00+00:00,7.8325e-06,-0.0004373399
2025-11-09 01:00:00+00:00,-6.5858e-06,-0.0005526868
2025-11-09 02:00:00+00:00,-1.2335e-06,-0.0005098681
2025-11-09 03:00:00+00:00,2.5033e-06,-0.0004799732
2025-11-09 04:00:00+00:00,1.8358e-06,-0.0004853133
2025-11-09 05:00:00+00:00,6.4847e-06,-0.0004481223
2025-11-09 06:00:00+00:00,2.4124e-06,-0.0004807011
2025-11-09 07:00:00+00:00,5.9069e-06,-0.0004527451
2025-11-09 08:00:00+00:00,2.8823e-06,-0.000476942
2025-11-09 09:00:00+00:00,4.3546e-06,-0.0004651632
2025-11-09 10:00:00+00:00,1.9631e-06,-0.0004842949
2025-11-09 11:00:00+00:00,8.7034e-06,-0.0004303727
2025-11-09 12:00:00+00:00,9.8985e-06,-0.0004208116
2025-11-09 13:00:00+00:00,8.896e-06,-0.000428832
2025-11-09 14:00:00+00:00,1.25e-05,-0.0003683033
2025-11-09 15:00:00+00:00,1.25e-05,-0.0003322976
2025-11-09 16:00:00+00:00,1.25e-05,-0.0001137919
2025-11-09 17:00:00+00:00,1.25e-05,-0.0001268514
2025-11-09 18:00:00+00:00,1.25e-05,-5.88346e-05
2025-11-09 19:00:00+00:00,1.25e-05,-2.79918e-05
2025-11-09 20:00:00+00:00,1.25e-05,2.40457e-05
2025-11-09 21:00:00+00:00,1.25e-05,1.0931e-05
2025-11-09 22:00:00+00:00,1.25e-05,2.52141e-05
2025-11-09 23:00:00+00:00,1.25e-05,7.12946e-05
2025-11-10 00:00:00+00:00,1.25e-05,0.0002223852
2025-11-10 01:00:00+00:00,1.25e-05,0.0002520048
2025-11-10 02:00:00+00:00,1.25e-05,0.0002331222
2025-11-10 03:00:00+00:00,1.25e-05,0.0002316705
2025-11-10 04:00:00+00:00,1.25e-05,0.0003142081
2025-11-10 05:00:00+00:00,1.25e-05,0.0003385201
2025-11-10 06:00:00+00:00,1.25e-05,0.0002996837
2025-11-10 07:00:00+00:00,1.25e-05,0.000242069
2025-11-10 08:00:00+00:00,1.25e-05,0.0002880261
2025-11-10 09:00:00+00:00,1.25e-05,0.0002429476
2025-11-10 10:00:00+00:00,1.25e-05,0.0002726837
2025-11-10 11:00:00+00:00,1.25e-05,0.0002445161
2025-11-10 12:00:00+00:00,1.25e-05,0.000280519
2025-11-10 13:00:00+00:00,1.25e-05,0.0002291636
2025-11-10 14:00:00+00:00,1.25e-05,0.0002570521
2025-11-10 15:00:00+00:00,1.25e-05,0.0002286969
2025-11-10 16:00:00+00:00,1.25e-05,0.000109735
2025-11-10 17:00:00+00:00,1.25e-05,7.03397e-05
2025-11-10 18:00:00+00:00,1.25e-05,0.0001540082
2025-11-10 19:00:00+00:00,1.25e-05,0.0003076602
2025-11-10 20:00:00+00:00,1.25e-05,0.000184771
2025-11-10 21:00:00+00:00,1.25e-05,0.0002309012
2025-11-10 22:00:00+00:00,1.25e-05,-5.20777e-05
2025-11-10 23:00:00+00:00,1.25e-05,9.61152e-05
2025-11-11 00:00:00+00:00,1.25e-05,0.0001430179
2025-11-11 01:00:00+00:00,1.25e-05,2.3324e-05
2025-11-11 02:00:00+00:00,1.25e-05,8.31565e-05
2025-11-11 03:00:00+00:00,1.25e-05,0.0001005826
2025-11-11 04:00:00+00:00,1.25e-05,2.79551e-05
2025-11-11 05:00:00+00:00,1.25e-05,-0.0001430018
2025-11-11 06:00:00+00:00,1.25e-05,-0.0003059704
2025-11-11 07:00:00+00:00,1.25e-05,-0.0003373806
2025-11-11 08:00:00+00:00,1.25e-05,-0.0003000322
2025-11-11 09:00:00+00:00,1.25e-05,-0.0002905037
2025-11-11 10:00:00+00:00,1.25e-05,-0.0002817889
2025-11-11 11:00:00+00:00,1.25e-05,-0.0002936333
2025-11-11 12:00:00+00:00,1.25e-05,-0.0002879241
2025-11-11 13:00:00+00:00,1.25e-05,-0.0003242369
2025-11-11 14:00:00+00:00,1.25e-05,-0.0003119193
2025-11-11 15:00:00+00:00,1.25e-05,-0.0002279775
2025-11-11 16:00:00+00:00,1.25e-05,-0.0001821652
2025-11-11 17:00:00+00:00,1.25e-05,-8.32404e-05
2025-11-11 18:00:00+00:00,1.25e-05,-0.0001772522
2025-11-11 19:00:00+00:00,1.25e-05,-0.0002765116
2025-11-11 20:00:00+00:00,1.25e-05,-0.0002572698
2025-11-11 21:00:00+00:00,1.25e-05,-0.0003430613
2025-11-11 22:00:00+00:00,1.25e-05,-0.0003048421
2025-11-11 23:00:00+00:00,1.25e-05,-0.0002442974
2025-11-12 00:00:00+00:00,1.25e-05,-0.00022583
2025-11-12 01:00:00+00:00,1.25e-05,-0.0002643704
2025-11-12 02:00:00+00:00,1.25e-05,-0.0001920443
2025-11-12 03:00:00+00:00,1.25e-05,-0.0001856396
2025-11-12 04:00:00+00:00,1.25e-05,-0.0001745593
2025-11-12 05:00:00+00:00,1.25e-05,-0.0002284179
2025-11-12 06:00:00+00:00,1.25e-05,-0.0001073273
2025-11-12 07:00:00+00:00,1.25e-05,-6.56519e-05
2025-11-12 08:00:00+00:00,1.25e-05,-0.0001203974
2025-11-12 09:00:00+00:00,1.25e-05,-0.0001085983
2025-11-12 10:00:00+00:00,1.25e-05,-0.0001433667
2025-11-12 11:00:00+00:00,1.25e-05,-5.14162e-05
2025-11-12 12:00:00+00:00,1.25e-05,-0.0002082162
2025-11-12 13:00:00+00:00,1.25e-05,-0.0002691442
2025-11-12 14:00:00+00:00,1.25e-05,-0.0003090418
2025-11-12 15:00:00+00:00,1.25e-05,-0.00026736
2025-11-12 16:00:00+00:00,1.25e-05,-0.0002733892
2025-11-12 17:00:00+00:00,1.25e-05,-0.0003228831
2025-11-12 18:00:00+00:00,1.25e-05,-0.0002645865
2025-11-12 19:00:00+00:00,1.25e-05,-0.0003321886
2025-11-12 20:00:00+00:00,1.25e-05,-0.0003980138
2025-11-12 21:00:00+00:00,1.25e-05,-0.0002691099
2025-11-12 22:00:00+00:00,1.25e-05,-0.0003055994
2025-11-12 23:00:00+00:00,1.25e-05,-0.0003241569
2025-11-13 00:00:00+00:00,1.25e-05,-0.000331924
2025-11-13 01:00:00+00:00,1.25e-05,-0.0002455861
2025-11-13 02:00:00+00:00,1.25e-05,-0.0001211661
2025-11-13 03:00:00+00:00,1.25e-05,-0.000102417
2025-11-13 04:00:00+00:00,1.25e-05,-0.0002399402
2025-11-13 05:00:00+00:00,1.25e-05,-0.0003708161
2025-11-13 06:00:00+00:00,1.25e-05,-0.0003024077
2025-11-13 07:00:00+00:00,1.25e-05,-6.59156e-05
2025-11-13 08:00:00+00:00,1.25e-05,-6.00883e-05
2025-11-13 09:00:00+00:00,1.25e-05,-0.0002379051
2025-11-13 10:00:00+00:00,1.25e-05,-0.0001535285
2025-11-13 11:00:00+00:00,1.25e-05,-0.0001531719
2025-11-13 12:00:00+00:00,1.25e-05,-0.0001902112
2025-11-13 13:00:00+00:00,1.25e-05,-0.0002927413
2025-11-13 14:00:00+00:00,1.25e-05,-0.000384451
2025-11-13 15:00:00+00:00,1.25e-05,-0.0003345084
2025-11-13 16:00:00+00:00,1.25e-05,-0.0003594593
2025-11-13 17:00:00+00:00,1.25e-05,-0.0003845795
2025-11-13 18:00:00+00:00,2.6114e-06,-0.0004791087
2025-11-13 19:00:00+00:00,1.25e-05,-0.0003234116
2025-11-13 20:00:00+00:00,1.25e-05,8.99765e-05
2025-11-13 21:00:00+00:00,1.25e-05,0.0001982501
2025-11-13 22:00:00+00:00,1.25e-05,0.0002540135
2025-11-13 23:00:00+00:00,1.25e-05,0.0004037253
2025-11-14 00:00:00+00:00,1.25e-05,0.0004494201
2025-11-14 01:00:00+00:00,1.25e-05,0.0001632077
2025-11-14 02:00:00+00:00,1.25e-05,0.0002025817
2025-11-14 03:00:00+00:00,1.25e-05,0.0002478685
2025-11-14 04:00:00+00:00,1.25e-05,-3.9683e-05
2025-11-14 05:00:00+00:00,1.25e-05,-0.0001982846
2025-11-14 06:00:00+00:00,1.25e-05,-0.0002346461
2025-11-14 07:00:00+00:00,1.25e-05,-0.0001500738
2025-11-14 08:00:00+00:00,1.25e-05,-2.36922e-05
2025-11-14 09:00:00+00:00,1.25e-05,-9.01563e-05
2025-11-14 10:00:00+00:00,1.25e-05,-0.0001209973
2025-11-14 11:00:00+00:00,1.25e-05,-0.0001273895
2025-11-14 12:00:00+00:00,1.25e-05,-0.0002653291
2025-11-14 13:00:00+00:00,1.25e-05,-0.0002574458
2025-11-14 14:00:00+00:00,1.25e-05,-0.0002106033
2025-11-14 15:00:00+00:00,1.25e-05,-4.91241e-05
2025-11-14 16:00:00+00:00,1.25e-05,-0.0002659898
2025-11-14 17:00:00+00:00,1.25e-05,-0.0003350732
2025-11-14 18:00:00+00:00,1.25e-05,-0.0003738839
2025-11-14 19:00:00+00:00,1.25e-05,-4.0555e-05
2025-11-14 20:00:00+00:00,1.25e-05,6.55798e-05
2025-11-14 21:00:00+00:00,1.25e-05,3.54571e-05
2025-11-14 22:00:00+00:00,1.25e-05,0.0002708791
2025-11-14 23:00:00+00:00,1.25e-05,0.0005420618
2025-11-15 00:00:00+00:00,1.49306e-05,0.0006194449
2025-11-15 01:00:00+00:00,1.25e-05,0.0004959176
2025-11-15 02:00:00+00:00,1.25e-05,0.0005222021
2025-11-15 03:00:00+00:00,1.25e-05,0.0005315125
2025-11-15 04:00:00+00:00,1.25e-05,0.0004328606
2025-11-15 05:00:00+00:00,1.25e-05,9.74535e-05
2025-11-15 06:00:00+00:00,1.25e-05,0.0001249629
2025-11-15 07:00:00+00:00,1.25e-05,0.0002804109
2025-11-15 08:00:00+00:00,1.25e-05,0.0003012444
2025-11-15 09:00:00+00:00,1.25e-05,0.000218381
2025-11-15 10:00:00+00:00,1.25e-05,0.0001362146
2025-11-15 11:00:00+00:00,1.25e-05,0.0001500768
2025-11-15 12:00:00+00:00,1.25e-05,9.51339e-05
2025-11-15 13:00:00+00:00,1.25e-05,0.0001340364
2025-11-15 14:00:00+00:00,1.25e-05,0.0002592911
2025-11-15 15:00:00+00:00,1.25e-05,0.0003056586
2025-11-15 16:00:00+00:00,1.25e-05,0.0003376871
2025-11-15 17:00:00+00:00,1.25e-05,-0.000112258
2025-11-15 18:00:00+00:00,1.25e-05,-2.70455e-05
2025-11-15 19:00:00+00:00,1.25e-05,-2.81592e-05
2025-11-15 20:00:00+00:00,1.25e-05,-3.94358e-05
2025-11-15 21:00:00+00:00,1.25e-05,-0.0001794766
2025-11-15 22:00:00+00:00,1.25e-05,-8.43082e-05
2025-11-15 23:00:00+00:00,1.25e-05,-1.94822e-05
2025-11-16 00:00:00+00:00,1.25e-05,-3.58576e-05
2025-11-16 01:00:00+00:00,1.25e-05,2.36874e-05
2025-11-16 02:00:00+00:00,1.25e-05,7.13313e-05
2025-11-16 03:00:00+00:00,1.25e-05,3.94993e-05
2025-11-16 04:00:00+00:00,1.25e-05,-1.30324e-05
2025-11-16 05:00:00+00:00,1.25e-05,4.426e-07
2025-11-16 06:00:00+00:00,1.25e-05,-1.74232e-05
2025-11-16 07:00:00+00:00,1.25e-05,-2.35651e-05
2025-11-16 08:00:00+00:00,1.25e-05,-2.47116e-05
2025-11-16 09:00:00+00:00,1.25e-05,-1.24984e-05
2025-11-16 10:00:00+00:00,1.25e-05,6.9422e-05
2025-11-16 11:00:00+00:00,1.25e-05,0.0002680824
2025-11-16 12:00:00+00:00,1.25e-05,0.0002088678
2025-11-16 13:00:00+00:00,1.25e-05,0.0003420497
2025-11-16 14:00:00+00:00,1.25e-05,0.0001862381
2025-11-16 15:00:00+00:00,1.25e-05,0.0002041675
2025-11-16 16:00:00+00:00,1.25e-05,0.0001837469
2025-11-16 17:00:00+00:00,1.25e-05,0.0001007011
2025-11-16 18:00:00+00:00,1.25e-05,7.61534e-05
2025-11-16 19:00:00+00:00,1.25e-05,3.20628e-05
2025-11-16 20:00:00+00:00,1.25e-05,9.57642e-05
2025-11-16 21:00:00+00:00,1.25e-05,0.0001331904
2025-11-16 22:00:00+00:00,1.25e-05,0.0001692982
2025-11-16 23:00:00+00:00,1.25e-05,0.0001621495
2025-11-17 00:00:00+00:00,1.25e-05,0.000300643
2025-11-17 01:00:00+00:00,1.25e-05,0.0002570844
2025-11-17 02:00:00+00:00,1.25e-05,0.0002458499
2025-11-17 03:00:00+00:00,1.25e-05,0.0002140902
2025-11-17 04:00:00+00:00,1.25e-05,0.0001813829
2025-11-17 05:00:00+00:00,1.25e-05,0.0002885909
2025-11-17 06:00:00+00:00,1.25e-05,0.00030633
2025-11-17 07:00:00+00:00,1.25e-05,0.0002589383
2025-11-17 08:00:00+00:00,1.25e-05,0.0003253738
2025-11-17 09:00:00+00:00,1.25e-05,0.0002769884
2025-11-17 10:00:00+00:00,1.25e-05,0.0002603202
2025-11-17 11:00:00+00:00,1.25e-05,0.0002056507
2025-11-17 12:00:00+00:00,1.25e-05,0.0002441848
2025-11-17 13:00:00+00:00,1.25e-05,0.000295986
2025-11-17 14:00:00+00:00,1.25e-05,8.41048e-05
2025-11-17 15:00:00+00:00,1.25e-05,0.0003236007
2025-11-17 16:00:00+00:00,1.25e-05,0.000459017
2025-11-17 17:00:00+00:00,1.25e-05,0.0005224311
2025-11-17 18:00:00+00:00,1.25e-05,0.0003443289
2025-11-17 19:00:00+00:00,1.25e-05,0.0002273932
2025-11-17 20:00:00+00:00,1.25e-05,0.0003976057
2025-11-17 21:00:00+00:00,1.25e-05,0.0005135875
2025-11-17 22:00:00+00:00,1.42306e-05,0.0006138446
2025-11-17 23:00:00+00:00,2.46949e-05,0.0006975595
2025-11-18 00:00:00+00:00,2.33636e-05,0.0006869084
2025-11-18 01:00:00+00:00,1.25e-05,0.0005281223
2025-11-18 02:00:00+00:00,1.25e-05,0.0004048425
2025-11-18 03:00:00+00:00,1.25e-05,0.0003531309
2025-11-18 04:00:00+00:00,1.25e-05,0.0002160369
2025-11-18 05:00:00+00:00,1.25e-05,0.0001094356
2025-11-18 06:00:00+00:00,1.25e-05,0.0001871962
2025-11-18 07:00:00+00:00,1.25e-05,0.0002111024
2025-11-18 08:00:00+00:00,1.25e-05,0.0001412608
2025-11-18 09:00:00+00:00,1.25e-05,0.000201885
2025-11-18 10:00:00+00:00,1.25e-05,0.0003148678
2025-11-18 11:00:00+00:00,1.25e-05,0.0002615982
2025-11-18 12:00:00+00:00,1.25e-05,0.0001683453
2025-11-18 13:00:00+00:00,1.25e-05,0.0001502543
2025-11-18 14:00:00+00:00,1.25e-05,0.0001603495
2025-11-18 15:00:00+00:00,1.25e-05,0.0002139309
2025-11-18 16:00:00+00:00,1.25e-05,0.0002577116
2025-11-18 17:00:00+00:00,1.25e-05,0.0002290323
2025-11-18 18:00:00+00:00,1.25e-05,7.1611e-05
2025-11-18 19:00:00+00:00,1.25e-05,2.1031e-05
2025-11-18 20:00:00+00:00,1.25e-05,2.34591e-05
2025-11-18 21:00:00+00:00,1.25e-05,-3.383e-07
2025-11-18 22:00:00+00:00,1.25e-05,-2.62412e-05
2025-11-18 23:00:00+00:00,1.25e-05,2.19332e-05
2025-11-19 00:00:00+00:00,1.25e-05,6.46674e-05
2025-11-19 01:00:00+00:00,1.25e-05,1.56341e-05
2025-11-19 02:00:00+00:00,1.25e-05,-6.7503e-06
2025-11-19 03:00:00+00:00,1.25e-05,5.64392e-05
2025-11-19 04:00:00+00:00,1.25e-05,8.08814e-05
2025-11-19 05:00:00+00:00,1.25e-05,-1.00752e-05
2025-11-19 06:00:00+00:00,1.25e-05,-3.66312e-05
2025-11-19 07:00:00+00:00,1.25e-05,-6.83206e-05
2025-11-19 08:00:00+00:00,1.25e-05,3.8498e-06
2025-11-19 09:00:00+00:00,1.25e-05,-2.26953e-05
2025-11-19 10:00:00+00:00,1.25e-05,-4.81196e-05
2025-11-19 11:00:00+00:00,1.25e-05,-8.24089e-05
2025-11-19 12:00:00+00:00,1.25e-05,-6.81753e-05
2025-11-19 13:00:00+00:00,1.25e-05,-9.68209e-05
2025-11-19 14:00:00+00:00,1.25e-05,-5.3336e-06
2025-11-19 15:00:00+00:00,1.25e-05,-9.14966e-05
2025-11-19 16:00:00+00:00,1.25e-05,-1.43878e-05
2025-11-19 17:00:00+00:00,1.25e-05,-4.84919e-05
2025-11-19 18:00:00+00:00,1.25e-05,3.3405e-06
2025-11-19 19:00:00+00:00,1.25e-05,0.0001814232
2025-11-19 20:00:00+00:00,1.25e-05,0.0002252131
2025-11-19 21:00:00+00:00,1.25e-05,5.38742e-05
2025-11-19 22:00:00+00:00,1.25e-05,7.3908e-06
2025-11-19 23:00:00+00:00,1.25e-05,-3.13505e-05
2025-11-20 00:00:00+00:00,1.25e-05,1.22091e-05
2025-11-20 01:00:00+00:00,1.25e-05,1.78791e-05
2025-11-20 02:00:00+00:00,1.25e-05,7.99848e-05
2025-11-20 03:00:00+00:00,1.25e-05,5.53685e-05
2025-11-20 04:00:00+00:00,1.25e-05,2.90801e-05
2025-11-20 05:00:00+00:00,1.25e-05,-2.16772e-05
2025-11-20 06:00:00+00:00,1.25e-05,-2.15009e-05
2025-11-20 07:00:00+00:00,1.25e-05,-3.3856e-05
2025-11-20 08:00:00+00:00,1.25e-05,4.75e-08
2025-11-20 09:00:00+00:00,1.25e-05,3.25853e-05
2025-11-20 10:00:00+00:00,1.25e-05,-7.33623e-05
2025-11-20 11:00:00+00:00,1.25e-05,-1.61703e-05
2025-11-20 12:00:00+00:00,1.25e-05,3.5371e-06
2025-11-20 13:00:00+00:00,1.25e-05,2.93258e-05
2025-11-20 14:00:00+00:00,1.25e-05,1.26577e-05
2025-11-20 15:00:00+00:00,1.25e-05,-8.4377e-06
2025-11-20 16:00:00+00:00,1.25e-05,6.86268e-05
2025-11-20 17:00:00+00:00,1.25e-05,3.17479e-05
2025-11-20 18:00:00+00:00,1.25e-05,0.0001160777
2025-11-20 19:00:00+00:00,1.25e-05,0.0001539537
2025-11-20 20:00:00+00:00,1.25e-05,0.0001915606
2025-11-20 21:00:00+00:00,1.25e-05,0.0002168833
2025-11-20 22:00:00+00:00,1.25e-05,0.0003658251
2025-11-20 23:00:00+00:00,1.25e-05,0.000349882
2025-11-21 00:00:00+00:00,1.25e-05,0.0001572908
2025-11-21 01:00:00+00:00,1.25e-05,0.0001418374
2025-11-21 02:00:00+00:00,1.25e-05,0.0001156943
2025-11-21 03:00:00+00:00,1.25e-05,2.34235e-05
2025-11-21 04:00:00+00:00,1.25e-05,-6.74199e-05
2025-11-21 05:00:00+00:00,1.25e-05,-9.13897e-05
2025-11-21 06:00:00+00:00,1.25e-05,-7.72165e-05
2025-11-21 07:00:00+00:00,1.25e-05,-8.4047e-05
2025-11-21 08:00:00+00:00,1.25e-05,-0.0002911007
2025-11-21 09:00:00+00:00,1.25e-05,-0.0002219092
2025-11-21 10:00:00+00:00,1.25e-05,-0.0001396444
2025-11-21 11:00:00+00:00,1.25e-05,-0.0001420563
2025-11-21 12:00:00+00:00,1.25e-05,-8.97794e-05
2025-11-21 13:00:00+00:00,1.25e-05,-0.0001719619
2025-11-21 14:00:00+00:00,1.25e-05,-0.0001847923
2025-11-21 15:00:00+00:00,1.25e-05,-0.0002044903
2025-11-21 16:00:00+00:00,1.25e-05,-0.0003946264
2025-11-21 17:00:00+00:00,1.25e-05,-0.0002937785
2025-11-21 18:00:00+00:00,1.25e-05,-0.0002432436
2025-11-21 19:00:00+00:00,1.25e-05,-0.0002652081
2025-11-21 20:00:00+00:00,1.25e-05,-0.0001923163
2025-11-21 21:00:00+00:00,1.25e-05,-0.0001908076
2025-11-21 22:00:00+00:00,1.25e-05,-0.0001296664
2025-11-21 23:00:00+00:00,1.25e-05,-0.0002404974
2025-11-22 00:00:00+00:00,1.25e-05,-0.0001165789
2025-11-22 01:00:00+00:00,1.25e-05,-0.0002617095
2025-11-22 02:00:00+00:00,1.22812e-05,-0.0004017506
2025-11-22 03:00:00+00:00,7.5308e-06,-0.0004397533
2025-11-22 04:00:00+00:00,4.5466e-06,-0.000463627
2025-11-22 05:00:00+00:00,6.1805e-06,-0.0004505563
2025-11-22 06:00:00+00:00,9.5433e-06,-0.0004236538
2025-11-22 07:00:00+00:00,1.25e-05,-0.0003870221
2025-11-22 08:00:00+00:00,1.10852e-05,-0.0004113184
2025-11-22 09:00:00+00:00,8.4021e-06,-0.0004327834
2025-11-22 10:00:00+00:00,1.12494e-05,-0.000410005
2025-11-22 11:00:00+00:00,9.527e-06,-0.0004237839
2025-11-22 12:00:00+00:00,7.8848e-06,-0.000436922
2025-11-22 13:00:00+00:00,5.7029e-06,-0.0004543768
2025-11-22 14:00:00+00:00,1.20285e-05,-0.0004037717
2025-11-22 15:00:00+00:00,1.25e-05,-0.0003939038
2025-11-22 16:00:00+00:00,1.25e-05,-0.0003725991
2025-11-22 17:00:00+00:00,1.25e-05,-0.0003149119
2025-11-22 18:00:00+00:00,1.25e-05,-0.000336294
2025-11-22 19:00:00+00:00,1.25e-05,-0.000331264
2025-11-22 20:00:00+00:00,1.25e-05,-0.0003395672
2025-11-22 21:00:00+00:00,1.25e-05,-0.0003123201
2025-11-22 22:00:00+00:00,1.25e-05,-0.0003330111
2025-11-22 23:00:00+00:00,1.25e-05,-0.0003377353
2025-11-23 00:00:00+00:00,1.25e-05,-0.0003075289
2025-11-23 01:00:00+00:00,1.25e-05,-0.0003418446
2025-11-23 02:00:00+00:00,1.25e-05,-0.0003100271
2025-11-23 03:00:00+00:00,1.25e-05,-0.0003128954
2025-11-23 04:00:00+00:00,1.25e-05,-0.0002772926
2025-11-23 05:00:00+00:00,1.25e-05,-0.0002171514
2025-11-23 06:00:00+00:00,1.16402e-05,-0.0004068788
2025-11-23 07:00:00+00:00,1.25e-05,-0.0003958293
2025-11-23 08:00:00+00:00,1.25e-05,-0.0003918172
2025-11-23 09:00:00+00:00,1.25e-05,-0.0003488038
2025-11-23 10:00:00+00:00,1.25e-05,-0.0003198882
2025-11-23 11:00:00+00:00,1.25e-05,-0.0003722607
2025-11-23 12:00:00+00:00,1.25e-05,-0.000383217
2025-11-23 13:00:00+00:00,1.25e-05,-0.0003682358
2025-11-23 14:00:00+00:00,1.25e-05,-0.0002968971
2025-11-23 15:00:00+00:00,1.25e-05,-0.0002088082
2025-11-23 16:00:00+00:00,1.25e-05,-0.0002282511
2025-11-23 17:00:00+00:00,8.0694e-06,-0.0004354451
2025-11-23 18:00:00+00:00,8.7514e-06,-0.0004299889
2025-11-23 19:00:00+00:00,2.4753e-06,-0.0004801974
2025-11-23 20:00:00+00:00,4.726e-06,-0.0004621917
2025-11-23 21:00:00+00:00,1.162e-06,-0.0004907042
2025-11-23 22:00:00+00:00,8.738e-06,-0.0004300962
2025-11-23 23:00:00+00:00,1.25e-05,-0.0003826601
2025-11-24 00:00:00+00:00,1.25e-05,-0.0003654775
2025-11-24 01:00:00+00:00,1.25e-05,-0.0003964182
2025-11-24 02:00:00+00:00,1.25e-05,-0.0003489981
2025-11-24 03:00:00+00:00,8.976e-07,-0.000492819
2025-11-24 04:00:00+00:00,-1.26562e-05,-0.00060125
2025-11-24 05:00:00+00:00,-1.66619e-05,-0.0006332956
2025-11-24 06:00:00+00:00,-4.7244e-06,-0.0005377956
2025-11-24 07:00:00+00:00,-4.9192e-06,-0.0005393536
2025-11-24 08:00:00+00:00,-2.8249e-06,-0.000522599
2025-11-24 09:00:00+00:00,-2.6129e-06,-0.0005209031
2025-11-24 10:00:00+00:00,-2.9858e-06,-0.0005238863
2025-11-24 11:00:00+00:00,1.25e-05,-0.0003641245
2025-11-24 12:00:00+00:00,1.25e-05,-0.0001440088
2025-11-24 13:00:00+00:00,1.25e-05,-0.0001755846
2025-11-24 14:00:00+00:00,1.25e-05,-0.0002749442
2025-11-24 15:00:00+00:00,1.25e-05,-0.0003220968
2025-11-24 16:00:00+00:00,1.25e-05,-0.0003225503
2025-11-24 17:00:00+00:00,1.25e-05,-0.0002519181
2025-11-24 18:00:00+00:00,3.5457e-06,-0.0004716343
2025-11-24 19:00:00+00:00,-3.4246e-06,-0.0005273965
2025-11-24 20:00:00+00:00,-1.0585e-06,-0.0005084684
2025-11-24 21:00:00+00:00,-8.0353e-06,-0.0005642825
2025-11-24 22:00:00+00:00,-2.4263e-05,-0.0006941039
2025-11-24 23:00:00+00:00,-1.18884e-05,-0.0005951074
2025-11-25 00:00:00+00:00,-2.14094e-05,-0.0006712748
2025-11-25 01:00:00+00:00,-6.074e-06,-0.0005485922
2025-11-25 02:00:00+00:00,-4.8514e-06,-0.0005388113
2025-11-25 03:00:00+00:00,-8.945e-07,-0.0005071561
2025-11-25 04:00:00+00:00,2.2405e-06,-0.000482076
2025-11-25 05:00:00+00:00,6.4928e-06,-0.0004480576
2025-11-25 06:00:00+00:00,-1.82167e-05,-0.0006457333
2025-11-25 07:00:00+00:00,-3.15119e-05,-0.0007520956
2025-11-25 08:00:00+00:00,-1.22056e-05,-0.0005976444
2025-11-25 09:00:00+00:00,-9.968e-06,-0.0005797444
2025-11-25 10:00:00+00:00,5.9896e-06,-0.0004520829
2025-11-25 11:00:00+00:00,9.8413e-06,-0.0004212697
2025-11-25 12:00:00+00:00,7.1414e-06,-0.0004428689
2025-11-25 13:00:00+00:00,6.5858e-06,-0.0004473136
2025-11-25 14:00:00+00:00,1.048e-07,-0.0004991618
2025-11-25 15:00:00+00:00,6.0474e-06,-0.0004516205
2025-11-25 16:00:00+00:00,8.5569e-06,-0.0004315452
2025-11-25 17:00:00+00:00,1.19637e-05,-0.0004042903
2025-11-25 18:00:00+00:00,1.25e-05,-0.0002997343
2025-11-25 19:00:00+00:00,1.25e-05,-0.000363721
2025-11-25 20:00:00+00:00,1.13544e-05,-0.0004091647
2025-11-25 21:00:00+00:00,1.25e-05,-0.0003781127
2025-11-25 22:00:00+00:00,3.1421e-06,-0.0004748629
2025-11-25 23:00:00+00:00,2.3559e-06,-0.0004811528
2025-11-26 00:00:00+00:00,3.7423e-06,-0.0004700618
2025-11-26 01:00:00+00:00,1.25e-05,-0.0003093863
2025-11-26 02:00:00+00:00,1.25e-05,-0.0002871878
2025-11-26 03:00:00+00:00,1.25e-05,-0.0003556888
2025-11-26 04:00:00+00:00,6.1354e-06,-0.0004509169
2025-11-26 05:00:00+00:00,8.9241e-06,-0.0004286072
2025-11-26 06:00:00+00:00,8.524e-06,-0.0004318077
2025-11-26 07:00:00+00:00,1.25e-05,-0.0003871811
2025-11-26 08:00:00+00:00,1.25e-05,-0.0002785536
2025-11-26 09:00:00+00:00,1.25e-05,-0.0003620932
2025-11-26 10:00:00+00:00,6.5478e-06,-0.0004476177
2025-11-26 11:00:00+00:00,1.2022e-05,-0.0004038237
2025-11-26 12:00:00+00:00,1.25e-05,-0.0003615312
2025-11-26 13:00:00+00:00,1.25e-05,-0.0003970953
2025-11-26 14:00:00+00:00,1.25e-05,-0.0003490036
2025-11-26 15:00:00+00:00,1.25e-05,-0.0003418296
2025-11-26 16:00:00+00:00,1.25e-05,-0.0003576154
2025-11-26 17:00:00+00:00,1.00552e-05,-0.0004195588
2025-11-26 18:00:00+00:00,1.10458e-05,-0.0004116336
2025-11-26 19:00:00+00:00,-7.5664e-06,-0.0005605309
2025-11-26 20:00:00+00:00,1.475e-06,-0.0004881997
2025-11-26 21:00:00+00:00,-4.3335e-06,-0.0005346677
2025-11-26 22:00:00+00:00,-1.06171e-05,-0.0005849369
2025-11-26 23:00:00+00:00,-7.9892e-06,-0.0005639134
2025-11-27 00:00:00+00:00,-1.12507e-05,-0.0005900057
2025-11-27 01:00:00+00:00,-1.2783e-05,-0.0006022643
2025-11-27 02:00:00+00:00,-9.5328e-06,-0.0005762625
2025-11-27 03:00:00+00:00,-5.7336e-06,-0.000545869
2025-11-27 04:00:00+00:00,5.988e-06,-0.0004520958
2025-11-27 05:00:00+00:00,8.9297e-06,-0.0004285627
2025-11-27 06:00:00+00:00,1.07609e-05,-0.0004139128
2025-11-27 07:00:00+00:00,1.101e-05,-0.0004119197
2025-11-27 08:00:00+00:00,1.25e-05,-0.0003986397
2025-11-27 09:00:00+00:00,1.22002e-05,-0.0004023987
2025-11-27 10:00:00+00:00,1.25e-05,-0.0003562666
2025-11-27 11:00:00+00:00,4.3864e-06,-0.0004649088
2025-11-27 12:00:00+00:00,-3.14e-07,-0.0005025122
2025-11-27 13:00:00+00:00,-1.7584e-06,-0.0005140668
2025-11-27 14:00:00+00:00,5.524e-07,-0.0004955805
2025-11-27 15:00:00+00:00,-1.22e-08,-0.0005000976
2025-11-27 16:00:00+00:00,1.7907e-06,-0.0004856742
2025-11-27 17:00:00+00:00,7.6491e-06,-0.0004388075
2025-11-27 18:00:00+00:00,1.25e-05,-0.0002832902
2025-11-27 19:00:00+00:00,1.25e-05,-0.0002509234
2025-11-27 20:00:00+00:00,8.8401e-06,-0.0004292791
2025-11-27 21:00:00+00:00,6.0283e-06,-0.0004517739
2025-11-27 22:00:00+00:00,1.03885e-05,-0.0004168922
2025-11-27 23:00:00+00:00,1.11315e-05,-0.0004109479
2025-11-28 00:00:00+00:00,1.25e-05,-0.0003113029
2025-11-28 01:00:00+00:00,1.25e-05,-0.0003855389
2025-11-28 02:00:00+00:00,1.09207e-05,-0.0004126345
2025-11-28 03:00:00+00:00,7.9694e-06,-0.0004362446
2025-11-28 04:00:00+00:00,9.286e-06,-0.0004257118
2025-11-28 05:00:00+00:00,1.25e-05,-0.0003698302
2025-11-28 06:00:00+00:00,1.25e-05,-0.0001733383
2025-11-28 07:00:00+00:00,1.25e-05,-1.2931e-05
2025-11-28 08:00:00+00:00,1.25e-05,-0.0001275978
2025-11-28 09:00:00+00:00,1.25e-05,-0.0002063861
2025-11-28 10:00:00+00:00,1.25e-05,-0.0001572181
2025-11-28 11:00:00+00:00,1.25e-05,-0.0002050176
2025-11-28 12:00:00+00:00,1.25e-05,-0.000140834
2025-11-28 13:00:00+00:00,1.25e-05,-0.0001823642
2025-11-28 14:00:00+00:00,1.25e-05,-0.0001663966
2025-11-28 15:00:00+00:00,1.25e-05,-0.0001193659
2025-11-28 16:00:00+00:00,1.25e-05,-0.0002886082
2025-11-28 17:00:00+00:00,8.4391e-06,-0.0004324874
2025-11-28 18:00:00+00:00,-6.398e-06,-0.0005511837
2025-11-28 19:00:00+00:00,3.6463e-06,-0.0004708298
2025-11-28 20:00:00+00:00,6.095e-06,-0.0004512397
2025-11-28 21:00:00+00:00,-4.093e-06,-0.0005327438
2025-11-28 22:00:00+00:00,-4.1531e-06,-0.0005332251
2025-11-28 23:00:00+00:00,-4.8231e-06,-0.0005385851
2025-11-29 00:00:00+00:00,-2.2781e-06,-0.0005182251
2025-11-29 01:00:00+00:00,-3.8143e-06,-0.0005305143
2025-11-29 02:00:00+00:00,-1.306e-07,-0.0005010444
2025-11-29 03:00:00+00:00,-1.63e-06,-0.0005130399
2025-11-29 04:00:00+00:00,5.35e-07,-0.0004957198
2025-11-29 05:00:00+00:00,1.4345e-06,-0.0004885244
2025-11-29 06:00:00+00:00,5.3555e-06,-0.0004571558
2025-11-29 07:00:00+00:00,3.8546e-06,-0.0004691631
2025-11-29 08:00:00+00:00,-9.567e-07,-0.0005076537
2025-11-29 09:00:00+00:00,-1.5824e-06,-0.0005126589
2025-11-29 10:00:00+00:00,1.8488e-06,-0.0004852095
2025-11-29 11:00:00+00:00,3.3001e-06,-0.0004735991
2025-11-29 12:00:00+00:00,3.3596e-06,-0.0004731231
2025-11-29 13:00:00+00:00,7.773e-06,-0.0004378156
2025-11-29 14:00:00+00:00,8.5989e-06,-0.0004312092
2025-11-29 15:00:00+00:00,3.7875e-06,-0.0004696997
2025-11-29 16:00:00+00:00,8.8223e-06,-0.0004294214
2025-11-29 17:00:00+00:00,9.7222e-06,-0.0004222228
2025-11-29 18:00:00+00:00,5.2202e-06,-0.0004582382
2025-11-29 19:00:00+00:00,9.2174e-06,-0.000426261
2025-11-29 20:00:00+00:00,1.04648e-05,-0.0004162813
2025-11-29 21:00:00+00:00,1.25e-05,-0.0003972803
2025-11-29 22:00:00+00:00,1.25e-05,-0.0003890977
2025-11-29 23:00:00+00:00,1.25e-05,-0.0003760696
2025-11-30 00:00:00+00:00,9.4588e-06,-0.0004243299
2025-11-30 01:00:00+00:00,1.25e-05,-0.0003984335
2025-11-30 02:00:00+00:00,1.25e-05,-0.0003901863
2025-11-30 03:00:00+00:00,1.25e-05,-0.0003866609
2025-11-30 04:00:00+00:00,1.25e-05,-0.0003937598
2025-11-30 05:00:00+00:00,1.25e-05,-0.0003268115
2025-11-30 06:00:00+00:00,1.25e-05,-0.0003732882
2025-11-30 07:00:00+00:00,1.25e-05,-0.0003767234
2025-11-30 08:00:00+00:00,1.25e-05,-0.0003589784
2025-11-30 09:00:00+00:00,1.12892e-05,-0.0004096868
2025-11-30 10:00:00+00:00,1.00754e-05,-0.0004193971
2025-11-30 11:00:00+00:00,9.0623e-06,-0.0004275017
2025-11-30 12:00:00+00:00,7.603e-06,-0.0004391764
2025-11-30 13:00:00+00:00,8.8323e-06,-0.000429342
2025-11-30 14:00:00+00:00,1.03821e-05,-0.0004169429
2025-11-30 15:00:00+00:00,9.4251e-06,-0.0004245989
2025-11-30 16:00:00+00:00,1.25e-05,-0.0003422431
2025-11-30 17:00:00+00:00,1.25e-05,-0.0003550229
2025-11-30 18:00:00+00:00,1.25e-05,-0.0003745267
2025-11-30 19:00:00+00:00,1.25e-05,-0.0003920544
2025-11-30 20:00:00+00:00,1.19559e-05,-0.0004043529
2025-11-30 21:00:00+00:00,1.06458e-05,-0.0004148336
2025-11-30 22:00:00+00:00,2.9362e-06,-0.0004765107
2025-11-30 23:00:00+00:00,7.7055e-06,-0.0004383562
2025-12-01 00:00:00+00:00,7.7341e-06,-0.0004381273
2025-12-01 01:00:00+00:00,-5.2325e-06,-0.0005418596
2025-12-01 02:00:00+00:00,6.9183e-06,-0.0004446535
2025-12-01 03:00:00+00:00,2.5937e-06,-0.0004792508
2025-12-01 04:00:00+00:00,1.5821e-06,-0.0004873436
2025-12-01 05:00:00+00:00,2.844e-06,-0.0004772483
2025-12-01 06:00:00+00:00,9.6077e-06,-0.0004231386
2025-12-01 07:00:00+00:00,1.25e-05,-0.0003364681
2025-12-01 08:00:00+00:00,1.25e-05,-0.0003814284
2025-12-01 09:00:00+00:00,8.83e-06,-0.0004293603
2025-12-01 10:00:00+00:00,6.4556e-06,-0.0004483552
2025-12-01 11:00:00+00:00,8.099e-06,-0.0004352079
2025-12-01 12:00:00+00:00,8.7804e-06,-0.0004297569
2025-12-01 13:00:00+00:00,1.727e-06,-0.0004861843
2025-12-01 14:00:00+00:00,1.6874e-06,-0.000486501
2025-12-01 15:00:00+00:00,1.0931e-06,-0.0004912552
2025-12-01 16:00:00+00:00,4.8568e-06,-0.0004611459
2025-12-01 17:00:00+00:00,2.0053e-06,-0.0004839577
2025-12-01 18:00:00+00:00,-1.1052e-06,-0.0005088417
2025-12-01 19:00:00+00:00,5.1607e-06,-0.0004587147
2025-12-01 20:00:00+00:00,6.9032e-06,-0.0004447741
2025-12-01 21:00:00+00:00,5.2745e-06,-0.0004578043
2025-12-01 22:00:00+00:00,4.9283e-06,-0.0004605736
2025-12-01 23:00:00+00:00,-1.01606e-05,-0.000581285
2025-12-02 00:00:00+00:00,-1.56551e-05,-0.000625241
2025-12-02 01:00:00+00:00,-9.7619e-06,-0.0005780955
2025-12-02 02:00:00+00:00,-9.2898e-06,-0.0005743183
2025-12-02 03:00:00+00:00,-1.02185e-05,-0.0005817476
2025-12-02 04:00:00+00:00,-1.227e-05,-0.0005981599
2025-12-02 05:00:00+00:00,-5.8877e-06,-0.0005471014
2025-12-02 06:00:00+00:00,-3.2071e-06,-0.000525657
2025-12-02 07:00:00+00:00,-2.5383e-06,-0.0005203061
2025-12-02 08:00:00+00:00,-5.5477e-06,-0.0005443815
2025-12-02 09:00:00+00:00,-1.38144e-05,-0.0006105154
2025-12-02 10:00:00+00:00,-4.6637e-06,-0.0005373097
2025-12-02 11:00:00+00:00,-1.4975e-06,-0.0005119797
2025-12-02 12:00:00+00:00,-4.674e-06,-0.0005373922
2025-12-02 13:00:00+00:00,-7.3004e-06,-0.000558403
2025-12-02 14:00:00+00:00,-1.1028e-06,-0.0005088223
2025-12-02 15:00:00+00:00,-1.5127e-06,-0.0005121015
2025-12-02 16:00:00+00:00,-1.27284e-05,-0.000601827
2025-12-02 17:00:00+00:00,-2.687e-06,-0.0005214957
2025-12-02 18:00:00+00:00,-6.4318e-06,-0.0005514543
2025-12-02 19:00:00+00:00,-3.2944e-06,-0.0005263548
2025-12-02 20:00:00+00:00,-2.99513e-05,-0.0007396103
2025-12-02 21:00:00+00:00,-1.89205e-05,-0.0006513637
2025-12-02 22:00:00+00:00,-1.23403e-05,-0.0005987221
2025-12-02 23:00:00+00:00,-1.04144e-05,-0.0005833155
2025-12-03 00:00:00+00:00,2.9533e-06,-0.0004763739
2025-12-03 01:00:00+00:00,2.3033e-06,-0.0004815737
2025-12-03 02:00:00+00:00,-1.1329e-06,-0.0005090632
2025-12-03 03:00:00+00:00,1.25e-05,-0.000338923
2025-12-03 04:00:00+00:00,1.25e-05,-0.0003359853
2025-12-03 05:00:00+00:00,1.25e-05,-0.0003117644
2025-12-03 06:00:00+00:00,1.25e-05,-0.0002721599
2025-12-03 07:00:00+00:00,1.25e-05,-0.0002539531
2025-12-03 08:00:00+00:00,1.25e-05,-0.0003187943
2025-12-03 09:00:00+00:00,1.25e-05,-0.0003594288
2025-12-03 10:00:00+00:00,8.1785e-06,-0.0004345716
2025-12-03 11:00:00+00:00,6.8379e-06,-0.0004452969
2025-12-03 12:00:00+00:00,-3.2515e-06,-0.0005260124
2025-12-03 13:00:00+00:00,-2.895e-07,-0.0005023156
2025-12-03 14:00:00+00:00,3.1558e-06,-0.0004747535
2025-12-03 15:00:00+00:00,2.9226e-06,-0.0004766193
2025-12-03 16:00:00+00:00,1.20028e-05,-0.0004039777
2025-12-03 17:00:00+00:00,1.25e-05,-0.0002664855
2025-12-03 18:00:00+00:00,1.25e-05,-0.0002630638
2025-12-03 19:00:00+00:00,1.25e-05,-0.0002983771
2025-12-03 20:00:00+00:00,1.25e-05,-0.0002892107
2025-12-03 21:00:00+00:00,1.25e-05,-0.0002877116
2025-12-03 22:00:00+00:00,1.25e-05,-0.0003566448
2025-12-03 23:00:00+00:00,1.25e-05,-0.0003243122
2025-12-04 00:00:00+00:00,1.25e-05,-0.0003301567
2025-12-04 01:00:00+00:00,4.6096e-06,-0.0004631232
2025-12-04 02:00:00+00:00,8.1776e-06,-0.0004345793
2025-12-04 03:00:00+00:00,4.6778e-06,-0.0004625774
2025-12-04 04:00:00+00:00,1.7987e-06,-0.0004856102
2025-12-04 05:00:00+00:00,1.6075e-06,-0.00048714
2025-12-04 06:00:00+00:00,-3.7103e-06,-0.0005296821
2025-12-04 07:00:00+00:00,3.896e-07,-0.0004968828
2025-12-04 08:00:00+00:00,4.7694e-06,-0.000461845
2025-12-04 09:00:00+00:00,4.9384e-06,-0.0004604924
2025-12-04 10:00:00+00:00,3.2715e-06,-0.0004738276
2025-12-04 11:00:00+00:00,2.3771e-06,-0.0004809832
2025-12-04 12:00:00+00:00,4.2056e-06,-0.0004663548
2025-12-04 13:00:00+00:00,4.3666e-06,-0.0004650673
2025-12-04 14:00:00+00:00,5.3511e-06,-0.0004571909
2025-12-04 15:00:00+00:00,7.7289e-06,-0.0004381688
2025-12-04 16:00:00+00:00,1.25e-05,-0.0003245293
2025-12-04 17:00:00+00:00,1.25e-05,-0.0003985176
2025-12-04 18:00:00+00:00,1.0494e-05,-0.0004160477
2025-12-04 19:00:00+00:00,1.04994e-05,-0.0004160049
2025-12-04 20:00:00+00:00,6.737e-06,-0.0004461043
2025-12-04 21:00:00+00:00,9.152e-06,-0.000426784
2025-12-04 22:00:00+00:00,6.5134e-06,-0.0004478926
2025-12-04 23:00:00+00:00,8.577e-06,-0.000431384
2025-12-05 00:00:00+00:00,5.0222e-06,-0.0004598224
2025-12-05 01:00:00+00:00,-4.765e-07,-0.0005038117
2025-12-05 02:00:00+00:00,5.704e-07,-0.0004954369
2025-12-05 03:00:00+00:00,9.6382e-06,-0.0004228946
2025-12-05 04:00:00+00:00,1.25e-05,-0.0001861498
2025-12-05 05:00:00+00:00,1.25e-05,-0.0002875148
2025-12-05 06:00:00+00:00,1.25e-05,-0.0003736056
2025-12-05 07:00:00+00:00,1.25e-05,-0.0003793587
2025-12-05 08:00:00+00:00,1.25e-05,-0.0003704638
2025-12-05 09:00:00+00:00,1.25e-05,-0.000377702
2025-12-05 10:00:00+00:00,9.1823e-06,-0.0004265417
2025-12-05 11:00:00+00:00,1.25e-05,-0.0003727138
2025-12-05 12:00:00+00:00,1.08271e-05,-0.0004133835
2025-12-05 13:00:00+00:00,5.8265e-06,-0.0004533883
2025-12-05 14:00:00+00:00,8.6619e-06,-0.000430705
2025-12-05 15:00:00+00:00,8.6967e-06,-0.0004304261
2025-12-05 16:00:00+00:00,-3.7007e-06,-0.0005296056
2025-12-05 17:00:00+00:00,1.1741e-06,-0.000490607
2025-12-05 18:00:00+00:00,9.718e-06,-0.0004222556
2025-12-05 19:00:00+00:00,2.1319e-06,-0.0004829452
2025-12-05 20:00:00+00:00,4.0346e-06,-0.0004677231
2025-12-05 21:00:00+00:00,2.7057e-06,-0.0004783548
2025-12-05 22:00:00+00:00,-2.849e-07,-0.0005022795
2025-12-05 23:00:00+00:00,1.0629e-06,-0.0004914967
2025-12-06 00:00:00+00:00,4.528e-06,-0.0004637762
2025-12-06 01:00:00+00:00,6.8036e-06,-0.0004455713
2025-12-06 02:00:00+00:00,1.10854e-05,-0.0004113168
2025-12-06 03:00:00+00:00,8.2861e-06,-0.0004337115
2025-12-06 04:00:00+00:00,9.9468e-06,-0.0004204257
2025-12-06 05:00:00+00:00,8.0155e-06,-0.0004358762
2025-12-06 06:00:00+00:00,7.4123e-06,-0.0004407019
2025-12-06 07:00:00+00:00,8.0775e-06,-0.00043538
2025-12-06 08:00:00+00:00,7.2325e-06,-0.0004421403
2025-12-06 09:00:00+00:00,5.8012e-06,-0.0004535904
2025-12-06 10:00:00+00:00,1.00746e-05,-0.0004194031
2025-12-06 11:00:00+00:00,7.154e-06,-0.000442768
2025-12-06 12:00:00+00:00,6.4125e-06,-0.0004486997
2025-12-06 13:00:00+00:00,3.8988e-06,-0.0004688094
2025-12-06 14:00:00+00:00,4.868e-07,-0.000496106
2025-12-06 15:00:00+00:00,-1.6024e-06,-0.0005128196
2025-12-06 16:00:00+00:00,-1.8218e-06,-0.0005145742
2025-12-06 17:00:00+00:00,-7.292e-07,-0.0005058339
2025-12-06 18:00:00+00:00,-1.235e-06,-0.0005098803
2025-12-06 19:00:00+00:00,-1.8064e-06,-0.0005144509
2025-12-06 20:00:00+00:00,-2.4558e-06,-0.0005196462
2025-12-06 21:00:00+00:00,2.9053e-06,-0.0004767573
2025-12-06 22:00:00+00:00,-4.5724e-06,-0.0005365789
2025-12-06 23:00:00+00:00,-1.01574e-05,-0.0005812593
2025-12-07 00:00:00+00:00,-8.1786e-06,-0.0005654288
2025-12-07 01:00:00+00:00,-5.8314e-06,-0.0005466514
2025-12-07 02:00:00+00:00,-6.306e-06,-0.0005504476
2025-12-07 03:00:00+00:00,-2.1084e-06,-0.0005168673
2025-12-07 04:00:00+00:00,9.1e-08,-0.0004992719
2025-12-07 05:00:00+00:00,-3.3813e-06,-0.0005270505
2025-12-07 06:00:00+00:00,-1.605e-06,-0.0005128398
2025-12-07 07:00:00+00:00,1.2178e-06,-0.0004902577
2025-12-07 08:00:00+00:00,1.0707e-06,-0.0004914343
2025-12-07 09:00:00+00:00,2.6248e-06,-0.000479002
2025-12-07 10:00:00+00:00,-3.3042e-06,-0.0005264334
2025-12-07 11:00:00+00:00,-1.4461e-06,-0.0005115689
2025-12-07 12:00:00+00:00,-1.2345e-05,-0.0005987601
2025-12-07 13:00:00+00:00,-1.17766e-05,-0.000594213
2025-12-07 14:00:00+00:00,-8.4468e-06,-0.0005675741
2025-12-07 15:00:00+00:00,-4.4116e-06,-0.0005352924
2025-12-07 16:00:00+00:00,-2.6342e-06,-0.0005210733
2025-12-07 17:00:00+00:00,-9.3514e-06,-0.0005748111
2025-12-07 18:00:00+00:00,-3.6106e-06,-0.0005288846
2025-12-07 19:00:00+00:00,-6.4286e-06,-0.0005514292
2025-12-07 20:00:00+00:00,-5.4387e-06,-0.0005435098
2025-12-07 21:00:00+00:00,-4.0363e-06,-0.0005322902
2025-12-07 22:00:00+00:00,-7.9747e-06,-0.0005637979
2025-12-07 23:00:00+00:00,2.981e-07,-0.0004976152
2025-12-08 00:00:00+00:00,1.6e-06,-0.0004871998
2025-12-08 01:00:00+00:00,1.2342e-06,-0.0004901261
2025-12-08 02:00:00+00:00,2.903e-07,-0.000497678
2025-12-08 03:00:00+00:00,2.4247e-06,-0.0004806024
2025-12-08 04:00:00+00:00,-8.317e-07,-0.0005066535
2025-12-08 05:00:00+00:00,-8.919e-07,-0.0005071351
2025-12-08 06:00:00+00:00,-1.3905e-06,-0.0005111239
2025-12-08 07:00:00+00:00,3.521e-07,-0.0004971832
2025-12-08 08:00:00+00:00,3.4545e-06,-0.000472364
2025-12-08 09:00:00+00:00,1.624e-07,-0.0004987005
2025-12-08 10:00:00+00:00,7.4749e-06,-0.0004402006
2025-12-08 11:00:00+00:00,5.0249e-06,-0.0004598009
2025-12-08 12:00:00+00:00,4.0274e-06,-0.0004677812
2025-12-08 13:00:00+00:00,4.135e-07,-0.0004966921
2025-12-08 14:00:00+00:00,3.657e-07,-0.0004970747
2025-12-08 15:00:00+00:00,2.6591e-06,-0.0004787275
2025-12-08 16:00:00+00:00,7.7537e-06,-0.0004379703
2025-12-08 17:00:00+00:00,6.9781e-06,-0.0004441749
2025-12-08 18:00:00+00:00,3.9041e-06,-0.0004687669
2025-12-08 19:00:00+00:00,3.2203e-06,-0.0004742379
2025-12-08 20:00:00+00:00,2.8599e-06,-0.0004771209
2025-12-08 21:00:00+00:00,4.2544e-06,-0.0004659646
2025-12-08 22:00:00+00:00,5.0289e-06,-0.0004597686
2025-12-08 23:00:00+00:00,1.7401e-06,-0.0004860789
2025-12-09 00:00:00+00:00,1.2142e-06,-0.0004902866
2025-12-09 01:00:00+00:00,1.1498e-06,-0.0004908012
2025-12-09 02:00:00+00:00,1.7238e-06,-0.0004862098
2025-12-09 03:00:00+00:00,1.0631e-06,-0.0004914953
2025-12-09 04:00:00+00:00,-9.127e-07,-0.0005073016
2025-12-09 05:00:00+00:00,-1.106e-07,-0.0005008844
2025-12-09 06:00:00+00:00,2.4665e-06,-0.0004802682
2025-12-09 07:00:00+00:00,2.3582e-06,-0.0004811347
2025-12-09 08:00:00+00:00,3.1232e-06,-0.0004750141
2025-12-09 09:00:00+00:00,-1.2225e-06,-0.0005097802
2025-12-09 10:00:00+00:00,-1.3125e-06,-0.0005104999
2025-12-09 11:00:00+00:00,7.013e-07,-0.00049439
2025-12-09 12:00:00+00:00,5.2972e-06,-0.0004576225
2025-12-09 13:00:00+00:00,1.25e-05,-0.0003869172
2025-12-09 14:00:00+00:00,1.25e-05,-0.0003723592
2025-12-09 15:00:00+00:00,1.25e-05,-0.0003414147
2025-12-09 16:00:00+00:00,1.25e-05,-0.0002578075
2025-12-09 17:00:00+00:00,1.25e-05,-0.0003213121
2025-12-09 18:00:00+00:00,5.4253e-06,-0.0004565977
2025-12-09 19:00:00+00:00,4.5963e-06,-0.0004632294
2025-12-09 20:00:00+00:00,8.1124e-06,-0.0004351012
2025-12-09 21:00:00+00:00,3.0189e-06,-0.0004758487
2025-12-09 22:00:00+00:00,2.2516e-06,-0.000481987
2025-12-09 23:00:00+00:00,3.8708e-06,-0.0004690339
2025-12-10 00:00:00+00:00,1.04131e-05,-0.0004166949
2025-12-10 01:00:00+00:00,8.1203e-06,-0.0004350375
2025-12-10 02:00:00+00:00,1.0604e-05,-0.0004151679
2025-12-10 03:00:00+00:00,1.25e-05,-0.0003867291
2025-12-10 04:00:00+00:00,1.25e-05,-0.0003944584
2025-12-10 05:00:00+00:00,1.25e-05,-0.0003805695
2025-12-10 06:00:00+00:00,1.25e-05,-0.0002301251
2025-12-10 07:00:00+00:00,1.25e-05,-0.0002785947
2025-12-10 08:00:00+00:00,1.25e-05,-0.0003157431
2025-12-10 09:00:00+00:00,1.25e-05,-0.0003206475
2025-12-10 10:00:00+00:00,1.25e-05,-0.0003411359
2025-12-10 11:00:00+00:00,1.1916e-05,-0.0004046717
2025-12-10 12:00:00+00:00,6.7572e-06,-0.0004459421
2025-12-10 13:00:00+00:00,4.9674e-06,-0.000460261
2025-12-10 14:00:00+00:00,1.22667e-05,-0.0004018666
2025-12-10 15:00:00+00:00,1.25e-05,-0.0003834679
2025-12-10 16:00:00+00:00,1.25e-05,-0.0003117118
2025-12-10 17:00:00+00:00,1.25e-05,-0.0003144324
2025-12-10 18:00:00+00:00,1.25e-05,-0.0002585604
2025-12-10 19:00:00+00:00,1.25e-05,-0.0002754327
2025-12-10 20:00:00+00:00,1.25e-05,-0.0003581806
2025-12-10 21:00:00+00:00,6.4329e-06,-0.0004485366
2025-12-10 22:00:00+00:00,1.23158e-05,-0.0004014734
2025-12-10 23:00:00+00:00,4.3317e-06,-0.0004653468
2025-12-11 00:00:00+00:00,3.3058e-06,-0.0004735538
2025-12-11 01:00:00+00:00,5.041e-07,-0.0004959671
2025-12-11 02:00:00+00:00,5.9717e-06,-0.0004522267
2025-12-11 03:00:00+00:00,1.25e-05,-0.0003921374
2025-12-11 04:00:00+00:00,1.25e-05,-0.0003339673
2025-12-11 05:00:00+00:00,1.25e-05,-0.0003136822
2025-12-11 06:00:00+00:00,1.25e-05,-0.0003843211
2025-12-11 07:00:00+00:00,1.25e-05,-0.0003968525
2025-12-11 08:00:00+00:00,1.17478e-05,-0.000406018
2025-12-11 09:00:00+00:00,1.25e-05,-0.000350366
2025-12-11 10:00:00+00:00,1.25e-05,-0.0003422432
2025-12-11 11:00:00+00:00,1.25e-05,-0.0003690353
2025-12-11 12:00:00+00:00,1.25e-05,-0.0003417201
2025-12-11 13:00:00+00:00,1.25e-05,-0.0003294225
2025-12-11 14:00:00+00:00,1.25e-05,-0.0003446325
2025-12-11 15:00:00+00:00,1.25e-05,-0.0002907178
2025-12-11 16:00:00+00:00,1.25e-05,-0.0002845151
2025-12-11 17:00:00+00:00,1.25e-05,-0.0003746082
2025-12-11 18:00:00+00:00,1.25e-05,-0.0003527657
2025-12-11 19:00:00+00:00,1.25e-05,-0.0003765782
2025-12-11 20:00:00+00:00,4.5767e-06,-0.0004633865
2025-12-11 21:00:00+00:00,-2.0704e-06,-0.000516563
2025-12-11 22:00:00+00:00,1.25e-05,-0.0003407571
2025-12-11 23:00:00+00:00,1.25e-05,-0.0003557144
2025-12-12 00:00:00+00:00,1.25e-05,-0.0003196435
2025-12-12 01:00:00+00:00,1.25e-05,-0.0003358289
2025-12-12 02:00:00+00:00,1.25e-05,-0.0003116731
2025-12-12 03:00:00+00:00,1.25e-05,-0.0002543834
2025-12-12 04:00:00+00:00,1.25e-05,-0.000259716
2025-12-12 05:00:00+00:00,1.25e-05,-0.0002816211
2025-12-12 06:00:00+00:00,1.25e-05,-0.0002714267
2025-12-12 07:00:00+00:00,1.25e-05,-0.0001680854
2025-12-12 08:00:00+00:00,1.25e-05,-0.0002134232
2025-12-12 09:00:00+00:00,1.25e-05,-0.0002585394
2025-12-12 10:00:00+00:00,1.25e-05,-0.0003073661
2025-12-12 11:00:00+00:00,1.25e-05,-0.0001539959
2025-12-12 12:00:00+00:00,1.25e-05,-0.0001658421
2025-12-12 13:00:00+00:00,1.25e-05,-0.0001513076
2025-12-12 14:00:00+00:00,1.25e-05,-0.0001836306
2025-12-12 15:00:00+00:00,1.25e-05,-0.0002009928
2025-12-12 16:00:00+00:00,1.25e-05,-0.0002789328
2025-12-12 17:00:00+00:00,1.25e-05,-0.0002371661
2025-12-12 18:00:00+00:00,1.25e-05,-0.0003335427
2025-12-12 19:00:00+00:00,1.25e-05,-0.0003504765
2025-12-12 20:00:00+00:00,1.25e-05,-0.0003933911
2025-12-12 21:00:00+00:00,8.0833e-06,-0.000435334
2025-12-12 22:00:00+00:00,1.12089e-05,-0.0004103284
2025-12-12 23:00:00+00:00,1.25e-05,-0.000363931
2025-12-13 00:00:00+00:00,1.25e-05,-0.0003988315
2025-12-13 01:00:00+00:00,1.25e-05,-0.0003499791
2025-12-13 02:00:00+00:00,1.25e-05,-0.000392027
2025-12-13 03:00:00+00:00,1.25e-05,-0.0003971567
2025-12-13 04:00:00+00:00,1.25e-05,-0.000386854
2025-12-13 05:00:00+00:00,1.20162e-05,-0.0004038707
2025-12-13 06:00:00+00:00,1.25e-05,-0.0003970041
2025-12-13 07:00:00+00:00,8.2193e-06,-0.0004342459
2025-12-13 08:00:00+00:00,1.15238e-05,-0.0004078092
2025-12-13 09:00:00+00:00,1.25e-05,-0.0003672428
2025-12-13 10:00:00+00:00,1.25e-05,-0.0003368963
2025-12-13 11:00:00+00:00,1.25e-05,-0.0003609003
2025-12-13 12:00:00+00:00,1.25e-05,-0.0003305132
2025-12-13 13:00:00+00:00,1.25e-05,-0.0003038244
2025-12-13 14:00:00+00:00,1.25e-05,-0.0003183382
2025-12-13 15:00:00+00:00,1.25e-05,-0.000286643
2025-12-13 16:00:00+00:00,1.25e-05,-0.0003018823
2025-12-13 17:00:00+00:00,1.25e-05,-0.0003035674
2025-12-13 18:00:00+00:00,1.25e-05,-0.0003235865
2025-12-13 19:00:00+00:00,1.25e-05,-0.0002964856
2025-12-13 20:00:00+00:00,1.25e-05,-0.0002676208
2025-12-13 21:00:00+00:00,1.25e-05,-0.0002827141
2025-12-13 22:00:00+00:00,1.25e-05,-0.0003251343
2025-12-13 23:00:00+00:00,1.25e-05,-0.0002451171
2025-12-14 00:00:00+00:00,1.25e-05,-0.0002683539
2025-12-14 01:00:00+00:00,1.25e-05,-0.0003033175
2025-12-14 02:00:00+00:00,1.25e-05,-0.0002536803
2025-12-14 03:00:00+00:00,1.25e-05,-0.000284378
2025-12-14 04:00:00+00:00,1.25e-05,-0.000308917
2025-12-14 05:00:00+00:00,1.25e-05,-0.0002942484
2025-12-14 06:00:00+00:00,1.25e-05,-0.000376814
2025-12-14 07:00:00+00:00,1.25e-05,-0.0003950462
2025-12-14 08:00:00+00:00,1.18711e-05,-0.0004050308
2025-12-14 09:00:00+00:00,1.25e-05,-0.0003881048
2025-12-14 10:00:00+00:00,1.05468e-05,-0.0004156255
2025-12-14 11:00:00+00:00,1.0703e-06,-0.0004914372
2025-12-14 12:00:00+00:00,-1.6686e-06,-0.0005133492
2025-12-14 13:00:00+00:00,4.8361e-06,-0.0004613114
2025-12-14 14:00:00+00:00,3.3066e-06,-0.0004735475
2025-12-14 15:00:00+00:00,6.557e-06,-0.0004475439
2025-12-14 16:00:00+00:00,2.131e-06,-0.0004829519
2025-12-14 17:00:00+00:00,1.9863e-06,-0.0004841098
2025-12-14 18:00:00+00:00,6.2461e-06,-0.0004500311
2025-12-14 19:00:00+00:00,9.6375e-06,-0.0004228997
2025-12-14 20:00:00+00:00,8.1333e-06,-0.0004349339
2025-12-14 21:00:00+00:00,6.1986e-06,-0.000450411
2025-12-14 22:00:00+00:00,7.6293e-06,-0.0004389652
2025-12-14 23:00:00+00:00,8.2866e-06,-0.0004337072
2025-12-15 00:00:00+00:00,8.8308e-06,-0.0004293534
2025-12-15 01:00:00+00:00,1.25e-05,-0.0003625677
2025-12-15 02:00:00+00:00,1.25e-05,-0.0003178624
2025-12-15 03:00:00+00:00,1.25e-05,-0.0002731223
2025-12-15 04:00:00+00:00,1.25e-05,-0.0003823279
2025-12-15 05:00:00+00:00,1.25e-05,-0.0002201543
2025-12-15 06:00:00+00:00,4.6403e-06,-0.0004628774
2025-12-15 07:00:00+00:00,-4.7247e-06,-0.0005377976
2025-12-15 08:00:00+00:00,-5.2313e-06,-0.0005418502
2025-12-15 09:00:00+00:00,-1.5001e-06,-0.0005120006
2025-12-15 10:00:00+00:00,9.15e-07,-0.0004926799
2025-12-15 11:00:00+00:00,-3.4668e-06,-0.0005277343
2025-12-15 12:00:00+00:00,-4.8881e-06,-0.0005391047
2025-12-15 13:00:00+00:00,-1.04049e-05,-0.0005832393
2025-12-15 14:00:00+00:00,-7.3302e-06,-0.000558642
2025-12-15 15:00:00+00:00,-8.9505e-06,-0.0005716038
2025-12-15 16:00:00+00:00,1.25e-05,-0.0003676709
2025-12-15 17:00:00+00:00,1.25e-05,-0.0003429631
2025-12-15 18:00:00+00:00,1.25e-05,-0.0002266576
2025-12-15 19:00:00+00:00,1.25e-05,-0.0001867664
2025-12-15 20:00:00+00:00,1.25e-05,-9.80885e-05
2025-12-15 21:00:00+00:00,1.25e-05,-4.3552e-05
2025-12-15 22:00:00+00:00,1.25e-05,9.4446e-06
2025-12-15 23:00:00+00:00,1.25e-05,-1.48659e-05
2025-12-16 00:00:00+00:00,1.25e-05,-9.36673e-05
2025-12-16 01:00:00+00:00,1.25e-05,-0.0001710866
2025-12-16 02:00:00+00:00,1.25e-05,-0.0001830517
2025-12-16 03:00:00+00:00,1.25e-05,-0.0001675779
2025-12-16 04:00:00+00:00,1.25e-05,-0.0002388785
2025-12-16 05:00:00+00:00,1.25e-05,-0.0002496549
2025-12-16 06:00:00+00:00,1.25e-05,-0.0002152816
2025-12-16 07:00:00+00:00,1.25e-05,-0.0002499131
2025-12-16 08:00:00+00:00,1.25e-05,-0.000353392
2025-12-16 09:00:00+00:00,1.25e-05,-0.0003975336
2025-12-16 10:00:00+00:00,8.4387e-06,-0.0004324902
2025-12-16 11:00:00+00:00,1.25e-05,-0.0003702883
2025-12-16 12:00:00+00:00,1.25e-05,-0.0002973431
2025-12-16 13:00:00+00:00,1.25e-05,-0.0003289994
2025-12-16 14:00:00+00:00,7.882e-06,-0.000436944
2025-12-16 15:00:00+00:00,2.595e-07,-0.000497924
2025-12-16 16:00:00+00:00,-4.4996e-06,-0.0005359968
2025-12-16 17:00:00+00:00,-4.1559e-06,-0.0005332473
2025-12-16 18:00:00+00:00,-7.9638e-06,-0.0005637102
2025-12-16 19:00:00+00:00,-1.09347e-05,-0.0005874775
2025-12-16 20:00:00+00:00,-1.15013e-05,-0.0005920101
2025-12-16 21:00:00+00:00,-6.943e-06,-0.000555544
2025-12-16 22:00:00+00:00,-3.603e-06,-0.0005288242
2025-12-16 23:00:00+00:00,1.0551e-06,-0.0004915589
2025-12-17 00:00:00+00:00,-6.8433e-06,-0.0005547467
2025-12-17 01:00:00+00:00,-8.5656e-06,-0.0005685245
2025-12-17 02:00:00+00:00,-7.1466e-06,-0.0005571727
2025-12-17 03:00:00+00:00,-7.0765e-06,-0.0005566119
2025-12-17 04:00:00+00:00,-6.6497e-06,-0.0005531974
2025-12-17 05:00:00+00:00,-1.30682e-05,-0.0006045457
2025-12-17 06:00:00+00:00,-8.9579e-06,-0.0005716632
2025-12-17 07:00:00+00:00,-6.1917e-06,-0.0005495335
2025-12-17 08:00:00+00:00,-3.6501e-06,-0.0005292005
2025-12-17 09:00:00+00:00,7.345e-07,-0.0004941238
2025-12-17 10:00:00+00:00,2.6898e-06,-0.0004784815
2025-12-17 11:00:00+00:00,8.6368e-06,-0.0004309055
2025-12-17 12:00:00+00:00,7.206e-06,-0.0004423524
2025-12-17 13:00:00+00:00,2.5538e-06,-0.0004795699
2025-12-17 14:00:00+00:00,5.8884e-06,-0.0004528931
2025-12-17 15:00:00+00:00,7.8316e-06,-0.0004373471
2025-12-17 16:00:00+00:00,1.25e-05,-0.0003504092
2025-12-17 17:00:00+00:00,1.02279e-05,-0.0004181766
2025-12-17 18:00:00+00:00,3.5633e-06,-0.0004714932
2025-12-17 19:00:00+00:00,1.1345e-05,-0.0004092397
2025-12-17 20:00:00+00:00,1.25e-05,-0.0003685499
2025-12-17 21:00:00+00:00,1.25e-05,-0.0003680794
2025-12-17 22:00:00+00:00,1.11411e-05,-0.0004108708
2025-12-17 23:00:00+00:00,1.25e-05,-0.0003780371
2025-12-18 00:00:00+00:00,1.25e-05,-0.0003281545
2025-12-18 01:00:00+00:00,1.25e-05,-0.0002796042
2025-12-18 02:00:00+00:00,1.25e-05,-0.000328451
2025-12-18 03:00:00+00:00,1.25e-05,-0.0003016789
2025-12-18 04:00:00+00:00,1.25e-05,-0.0003707768
2025-12-18 05:00:00+00:00,1.25e-05,-0.0003507581
2025-12-18 06:00:00+00:00,1.25e-05,-0.0003752193
2025-12-18 07:00:00+00:00,1.21449e-05,-0.0004028405
2025-12-18 08:00:00+00:00,1.25e-05,-0.0003449841
2025-12-18 09:00:00+00:00,1.25e-05,-0.0003473329
2025-12-18 10:00:00+00:00,1.25e-05,-0.0003653136
2025-12-18 11:00:00+00:00,1.25e-05,-0.0003564323
2025-12-18 12:00:00+00:00,1.19147e-05,-0.0004046827
2025-12-18 13:00:00+00:00,1.25e-05,-0.0003992343
2025-12-18 14:00:00+00:00,1.25e-05,-0.0003908768
2025-12-18 15:00:00+00:00,8.3868e-06,-0.0004329056
2025-12-18 16:00:00+00:00,1.21597e-05,-0.0004027226
2025-12-18 17:00:00+00:00,1.25e-05,-0.0003884554
2025-12-18 18:00:00+00:00,8.3306e-06,-0.0004333551
2025-12-18 19:00:00+00:00,8.5137e-06,-0.0004318907
2025-12-18 20:00:00+00:00,2.188e-06,-0.000482496
2025-12-18 21:00:00+00:00,-6.9929e-06,-0.0005559431
2025-12-18 22:00:00+00:00,-3.459e-07,-0.0005027674
2025-12-18 23:00:00+00:00,9.1495e-06,-0.0004268037
2025-12-19 00:00:00+00:00,1.07241e-05,-0.0004142074
2025-12-19 01:00:00+00:00,1.05005e-05,-0.0004159956
2025-12-19 02:00:00+00:00,1.25e-05,-0.0003852434
2025-12-19 03:00:00+00:00,1.25e-05,-0.0003721899
2025-12-19 04:00:00+00:00,1.25e-05,-0.0002443292
2025-12-19 05:00:00+00:00,1.25e-05,-0.0003355239
2025-12-19 06:00:00+00:00,9.3423e-06,-0.0004252617
2025-12-19 07:00:00+00:00,6.67e-06,-0.0004466404
2025-12-19 08:00:00+00:00,1.25e-05,-0.0003734702
2025-12-19 09:00:00+00:00,8.6209e-06,-0.0004310329
2025-12-19 10:00:00+00:00,8.9616e-06,-0.0004283069
2025-12-19 11:00:00+00:00,1.15865e-05,-0.0004073082
2025-12-19 12:00:00+00:00,1.25e-05,-0.0003700867
2025-12-19 13:00:00+00:00,4.6948e-06,-0.0004624417
2025-12-19 14:00:00+00:00,8.2957e-06,-0.0004336347
2025-12-19 15:00:00+00:00,5.0453e-06,-0.0004596373
2025-12-19 16:00:00+00:00,5.2025e-06,-0.0004583798
2025-12-19 17:00:00+00:00,6.7152e-06,-0.000446278
2025-12-19 18:00:00+00:00,-1.52379e-05,-0.0006219031
2025-12-19 19:00:00+00:00,-1.75496e-05,-0.0006403966
2025-12-19 20:00:00+00:00,-1.26302e-05,-0.0006010415
2025-12-19 21:00:00+00:00,-5.0261e-06,-0.000540209
2025-12-19 22:00:00+00:00,4.0235e-06,-0.0004678122
2025-12-19 23:00:00+00:00,4.1155e-06,-0.0004670758
2025-12-20 00:00:00+00:00,1.4887e-06,-0.0004880902
2025-12-20 01:00:00+00:00,-6.0575e-06,-0.0005484602
2025-12-20 02:00:00+00:00,-2.854e-07,-0.0005022829
2025-12-20 03:00:00+00:00,-9.6376e-06,-0.0005771008
2025-12-20 04:00:00+00:00,-1.02924e-05,-0.0005823391
2025-12-20 05:00:00+00:00,-1.40902e-05,-0.000612722
2025-12-20 06:00:00+00:00,-3.4191e-06,-0.0005273524
2025-12-20 07:00:00+00:00,-3.9477e-06,-0.0005315817
2025-12-20 08:00:00+00:00,-9.521e-06,-0.0005761679
2025-12-20 09:00:00+00:00,-8.355e-07,-0.0005066837
2025-12-20 10:00:00+00:00,-4.2991e-06,-0.0005343927
2025-12-20 11:00:00+00:00,-1.03978e-05,-0.0005831824
2025-12-20 12:00:00+00:00,-6.6828e-06,-0.0005534625
2025-12-20 13:00:00+00:00,-7.6435e-06,-0.0005611482
2025-12-20 14:00:00+00:00,-8.7836e-06,-0.0005702692
2025-12-20 15:00:00+00:00,-1.32085e-05,-0.0006056681
2025-12-20 16:00:00+00:00,-7.8636e-06,-0.0005629089
2025-12-20 17:00:00+00:00,-7.8637e-06,-0.00056291
2025-12-20 18:00:00+00:00,-4.7745e-06,-0.0005381961
2025-12-20 19:00:00+00:00,1.3032e-06,-0.0004895747
2025-12-20 20:00:00+00:00,3.4556e-06,-0.0004723555
2025-12-20 21:00:00+00:00,4.586e-06,-0.0004633117
2025-12-20 22:00:00+00:00,1.08956e-05,-0.0004128352
2025-12-20 23:00:00+00:00,7.5638e-06,-0.0004394899
2025-12-21 00:00:00+00:00,7.6255e-06,-0.0004389959
2025-12-21 01:00:00+00:00,9.1153e-06,-0.0004270778
2025-12-21 02:00:00+00:00,6.4979e-06,-0.0004480165
2025-12-21 03:00:00+00:00,1.9012e-06,-0.0004847902
2025-12-21 04:00:00+00:00,1.0297e-05,-0.000417624
2025-12-21 05:00:00+00:00,5.8553e-06,-0.0004531579
2025-12-21 06:00:00+00:00,8.779e-06,-0.0004297682
2025-12-21 07:00:00+00:00,7.4338e-06,-0.0004405298
2025-12-21 08:00:00+00:00,5.1756e-06,-0.0004585953
2025-12-21 09:00:00+00:00,4.7044e-06,-0.0004623645
2025-12-21 10:00:00+00:00,7.574e-06,-0.0004394084
2025-12-21 11:00:00+00:00,8.0292e-06,-0.0004357666
2025-12-21 12:00:00+00:00,1.0825e-05,-0.0004134
2025-12-21 13:00:00+00:00,9.7774e-06,-0.0004217804
2025-12-21 14:00:00+00:00,4.6548e-06,-0.0004627618
2025-12-21 15:00:00+00:00,1.16999e-05,-0.0004064009
2025-12-21 16:00:00+00:00,1.25e-05,-0.0003921215
2025-12-21 17:00:00+00:00,9.5304e-06,-0.0004237565
2025-12-21 18:00:00+00:00,7.6689e-06,-0.0004386489
2025-12-21 19:00:00+00:00,7.8764e-06,-0.0004369886
2025-12-21 20:00:00+00:00,1.25e-05,-0.0003887368
2025-12-21 21:00:00+00:00,1.25e-05,-0.000382172
2025-12-21 22:00:00+00:00,1.25e-05,-0.0003822145
2025-12-21 23:00:00+00:00,1.01163e-05,-0.0004190693
2025-12-22 00:00:00+00:00,1.05287e-05,-0.00041577
2025-12-22 01:00:00+00:00,1.25e-05,-0.0003760543
2025-12-22 02:00:00+00:00,1.07008e-05,-0.0004143935
2025-12-22 03:00:00+00:00,9.2505e-06,-0.0004259957
2025-12-22 04:00:00+00:00,1.25e-05,-0.0003949544
2025-12-22 05:00:00+00:00,1.25e-05,-0.0003747433
2025-12-22 06:00:00+00:00,1.25e-05,-0.0003532542
2025-12-22 07:00:00+00:00,1.25e-05,-0.0003640827
2025-12-22 08:00:00+00:00,1.25e-05,-0.0003018116
2025-12-22 09:00:00+00:00,1.25e-05,-0.0002780949
2025-12-22 10:00:00+00:00,1.25e-05,-0.0003184501
2025-12-22 11:00:00+00:00,1.25e-05,-0.0003308437
2025-12-22 12:00:00+00:00,1.25e-05,-0.0003813491
2025-12-22 13:00:00+00:00,9.4677e-06,-0.0004242585
2025-12-22 14:00:00+00:00,4.6993e-06,-0.0004624055
2025-12-22 15:00:00+00:00,2.907e-06,-0.0004767437
2025-12-22 16:00:00+00:00,1.9175e-06,-0.0004846602
2025-12-22 17:00:00+00:00,3.2477e-06,-0.0004740181
2025-12-22 18:00:00+00:00,1.2632e-06,-0.0004898942
2025-12-22 19:00:00+00:00,-1.632e-07,-0.0005013054
2025-12-22 20:00:00+00:00,-6.69e-06,-0.0005535204
2025-12-22 21:00:00+00:00,3.265e-07,-0.0004973879
2025-12-22 22:00:00+00:00,-1.6141e-06,-0.0005129131
2025-12-22 23:00:00+00:00,-8.76e-06,-0.0005700802
2025-12-23 00:00:00+00:00,-1.33338e-05,-0.0006066703
2025-12-23 01:00:00+00:00,-9.6357e-06,-0.0005770858
2025-12-23 02:00:00+00:00,-1.20261e-05,-0.000596209
2025-12-23 03:00:00+00:00,-6.3835e-06,-0.0005510677
2025-12-23 04:00:00+00:00,1.2858e-06,-0.0004897132
2025-12-23 05:00:00+00:00,2.6991e-06,-0.0004784073
2025-12-23 06:00:00+00:00,3.5174e-06,-0.0004718607
2025-12-23 07:00:00+00:00,7.982e-06,-0.0004361439
2025-12-23 08:00:00+00:00,8.4996e-06,-0.0004320035
2025-12-23 09:00:00+00:00,1.05426e-05,-0.0004156594
2025-12-23 10:00:00+00:00,1.17634e-05,-0.0004058927
2025-12-23 11:00:00+00:00,1.25e-05,-0.0003847873
2025-12-23 12:00:00+00:00,1.25e-05,-0.0003059671
2025-12-23 13:00:00+00:00,1.25e-05,-0.0003001153
2025-12-23 14:00:00+00:00,1.25e-05,-0.0003003638
2025-12-23 15:00:00+00:00,1.25e-05,-0.0002776475
2025-12-23 16:00:00+00:00,1.25e-05,-0.0002533525
2025-12-23 17:00:00+00:00,1.25e-05,-0.0002248406
2025-12-23 18:00:00+00:00,1.25e-05,-0.0002048031
2025-12-23 19:00:00+00:00,1.25e-05,-0.0001984448
2025-12-23 20:00:00+00:00,1.25e-05,-0.0001910725
2025-12-23 21:00:00+00:00,1.25e-05,-0.0001612428
2025-12-23 22:00:00+00:00,1.25e-05,-0.0001287764
2025-12-23 23:00:00+00:00,1.25e-05,-0.0002109747
2025-12-24 00:00:00+00:00,1.25e-05,-0.0003259545
2025-12-24 01:00:00+00:00,1.25e-05,-0.0003411309
2025-12-24 02:00:00+00:00,1.25e-05,-0.0003671496
2025-12-24 03:00:00+00:00,1.25e-05,-0.0003844289
2025-12-24 04:00:00+00:00,1.25e-05,-0.0003765872
2025-12-24 05:00:00+00:00,9.1053e-06,-0.0004271575
2025-12-24 06:00:00+00:00,9.0267e-06,-0.000427786
2025-12-24 07:00:00+00:00,1.25e-05,-0.0003975231
2025-12-24 08:00:00+00:00,1.17565e-05,-0.0004059478
2025-12-24 09:00:00+00:00,1.06264e-05,-0.0004149887
2025-12-24 10:00:00+00:00,1.25e-05,-0.000350685
2025-12-24 11:00:00+00:00,1.25e-05,-0.0001345863
2025-12-24 12:00:00+00:00,1.25e-05,-0.0001271592
2025-12-24 13:00:00+00:00,1.25e-05,-0.0001013215
2025-12-24 14:00:00+00:00,1.25e-05,-0.0001499664
2025-12-24 15:00:00+00:00,1.25e-05,-0.0001561714
2025-12-24 16:00:00+00:00,1.25e-05,-0.0001564981
2025-12-24 17:00:00+00:00,1.25e-05,-0.0001056146
2025-12-24 18:00:00+00:00,1.25e-05,-0.000149429
2025-12-24 19:00:00+00:00,1.25e-05,-0.0001283417
2025-12-24 20:00:00+00:00,1.25e-05,-0.0001603901
2025-12-24 21:00:00+00:00,1.25e-05,-0.0001157831
2025-12-24 22:00:00+00:00,1.25e-05,-8.3251e-05
2025-12-24 23:00:00+00:00,1.25e-05,-2.68009e-05
2025-12-25 00:00:00+00:00,1.25e-05,-0.0001273169
2025-12-25 01:00:00+00:00,1.25e-05,-0.0002180286
2025-12-25 02:00:00+00:00,1.25e-05,-0.0002104914
2025-12-25 03:00:00+00:00,1.25e-05,-0.000208048
2025-12-25 04:00:00+00:00,1.25e-05,-0.0002617352
2025-12-25 05:00:00+00:00,1.25e-05,-0.0002466997
2025-12-25 06:00:00+00:00,1.25e-05,-0.0002725776
2025-12-25 07:00:00+00:00,1.25e-05,-0.0002747484
2025-12-25 08:00:00+00:00,1.25e-05,-0.0002624693
2025-12-25 09:00:00+00:00,1.25e-05,-0.000329383
2025-12-25 10:00:00+00:00,1.25e-05,-0.0003716309
2025-12-25 11:00:00+00:00,1.25e-05,-0.0003435109
2025-12-25 12:00:00+00:00,1.25e-05,-0.0002658568
2025-12-25 13:00:00+00:00,1.25e-05,-0.0002616047
2025-12-25 14:00:00+00:00,1.25e-05,-0.0003275374
2025-12-25 15:00:00+00:00,1.25e-05,-0.0002861492
2025-12-25 16:00:00+00:00,1.25e-05,-0.0002605337
2025-12-25 17:00:00+00:00,1.25e-05,-0.0003079368
2025-12-25 18:00:00+00:00,1.25e-05,-0.0003052922
2025-12-25 19:00:00+00:00,1.25e-05,-0.0002894606
2025-12-25 20:00:00+00:00,1.25e-05,-0.0003169603
2025-12-25 21:00:00+00:00,1.25e-05,-0.0003491999
2025-12-25 22:00:00+00:00,1.25e-05,-0.000379831
2025-12-25 23:00:00+00:00,1.25e-05,-0.0003884585
2025-12-26 00:00:00+00:00,1.25e-05,-0.0003222849
2025-12-26 01:00:00+00:00,1.25e-05,-0.0003465444
2025-12-26 02:00:00+00:00,1.25e-05,-0.0003182355
2025-12-26 03:00:00+00:00,1.25e-05,-0.0002643962
2025-12-26 04:00:00+00:00,1.04164e-05,-0.0004166691
2025-12-26 05:00:00+00:00,1.10051e-05,-0.0004119595
2025-12-26 06:00:00+00:00,5.7438e-06,-0.0004540497
2025-12-26 07:00:00+00:00,1.25e-05,-0.0003958064
2025-12-26 08:00:00+00:00,1.25e-05,-0.0003883551
2025-12-26 09:00:00+00:00,8.5789e-06,-0.0004313685
2025-12-26 10:00:00+00:00,1.15076e-05,-0.0004079395
2025-12-26 11:00:00+00:00,1.1254e-05,-0.0004099682
2025-12-26 12:00:00+00:00,8.4175e-06,-0.0004326602
2025-12-26 13:00:00+00:00,1.03987e-05,-0.0004168105
2025-12-26 14:00:00+00:00,1.02206e-05,-0.0004182349
2025-12-26 15:00:00+00:00,1.23077e-05,-0.0004015383
2025-12-26 16:00:00+00:00,1.25e-05,-0.0001329785
2025-12-26 17:00:00+00:00,1.25e-05,-0.00014605
2025-12-26 18:00:00+00:00,1.25e-05,-0.0002651884
2025-12-26 19:00:00+00:00,1.25e-05,-0.0002252436
2025-12-26 20:00:00+00:00,1.25e-05,-0.0002343123
2025-12-26 21:00:00+00:00,1.25e-05,-0.0002037752
2025-12-26 22:00:00+00:00,1.25e-05,-0.0002180721
2025-12-26 23:00:00+00:00,1.25e-05,-0.0003079335
2025-12-27 00:00:00+00:00,1.25e-05,-0.0003650491
2025-12-27 01:00:00+00:00,1.25e-05,-0.0003575725
2025-12-27 02:00:00+00:00,1.25e-05,-0.0003170496
2025-12-27 03:00:00+00:00,1.25e-05,-0.0002956617
2025-12-27 04:00:00+00:00,1.25e-05,-0.0003218783
2025-12-27 05:00:00+00:00,1.25e-05,-0.0003006834
2025-12-27 06:00:00+00:00,1.25e-05,-0.0002944141
2025-12-27 07:00:00+00:00,1.25e-05,-0.000320139
2025-12-27 08:00:00+00:00,1.25e-05,-0.0002862339
2025-12-27 09:00:00+00:00,1.25e-05,-0.000291028
2025-12-27 10:00:00+00:00,1.25e-05,-0.0002369732
2025-12-27 11:00:00+00:00,1.25e-05,-0.0003325812
2025-12-27 12:00:00+00:00,1.25e-05,-0.0003292849
2025-12-27 13:00:00+00:00,1.25e-05,-0.0003328903
2025-12-27 14:00:00+00:00,1.25e-05,-0.0003380145
2025-12-27 15:00:00+00:00,1.25e-05,-0.0002706127
2025-12-27 16:00:00+00:00,1.25e-05,-0.0002595963
2025-12-27 17:00:00+00:00,1.25e-05,-0.0003630497
2025-12-27 18:00:00+00:00,1.25e-05,-0.0003681358
2025-12-27 19:00:00+00:00,1.25e-05,-0.0003153126
2025-12-27 20:00:00+00:00,1.25e-05,-0.0003801101
2025-12-27 21:00:00+00:00,1.25e-05,-0.0003452398
2025-12-27 22:00:00+00:00,1.25e-05,-0.0003369219
2025-12-27 23:00:00+00:00,1.25e-05,-0.0003406553
2025-12-28 00:00:00+00:00,1.25e-05,-0.0003595431
2025-12-28 01:00:00+00:00,1.25e-05,-0.0003080682
2025-12-28 02:00:00+00:00,1.25e-05,-0.0003280741
2025-12-28 03:00:00+00:00,1.25e-05,-0.0003121479
2025-12-28 04:00:00+00:00,1.25e-05,-0.0003341443
2025-12-28 05:00:00+00:00,1.25e-05,-0.0003217476
2025-12-28 06:00:00+00:00,1.25e-05,-0.0003532386
2025-12-28 07:00:00+00:00,1.25e-05,-0.0002895324
2025-12-28 08:00:00+00:00,1.25e-05,-0.0002909262
2025-12-28 09:00:00+00:00,1.25e-05,-0.0002815422
2025-12-28 10:00:00+00:00,1.25e-05,-0.0003514453
2025-12-28 11:00:00+00:00,1.12763e-05,-0.0004097897
2025-12-28 12:00:00+00:00,9.5366e-06,-0.0004237072
2025-12-28 13:00:00+00:00,9.9639e-06,-0.0004202892
2025-12-28 14:00:00+00:00,1.00635e-05,-0.0004194919
2025-12-28 15:00:00+00:00,8.2579e-06,-0.0004339371
2025-12-28 16:00:00+00:00,7.7423e-06,-0.0004380616
2025-12-28 17:00:00+00:00,8.7033e-06,-0.0004303738
2025-12-28 18:00:00+00:00,1.25e-05,-0.0003848643
2025-12-28 19:00:00+00:00,1.25e-05,-0.0003607457
2025-12-28 20:00:00+00:00,1.25e-05,-0.0002309703
2025-12-28 21:00:00+00:00,1.25e-05,-0.0001584692
2025-12-28 22:00:00+00:00,1.25e-05,-0.0002491638
2025-12-28 23:00:00+00:00,1.25e-05,-0.0001967698
2025-12-29 00:00:00+00:00,1.25e-05,-0.0001674409
2025-12-29 01:00:00+00:00,1.25e-05,-0.0001480693
2025-12-29 02:00:00+00:00,1.25e-05,-7.88939e-05
2025-12-29 03:00:00+00:00,1.25e-05,-9.06486e-05
2025-12-29 04:00:00+00:00,1.25e-05,-0.0001431809
2025-12-29 05:00:00+00:00,1.25e-05,-0.0002660021
2025-12-29 06:00:00+00:00,1.25e-05,-0.0002822517
2025-12-29 07:00:00+00:00,1.25e-05,-0.0002872602
2025-12-29 08:00:00+00:00,1.25e-05,-0.0003148303
2025-12-29 09:00:00+00:00,1.25e-05,-0.0003570669
2025-12-29 10:00:00+00:00,1.25e-05,-0.0003901199
2025-12-29 11:00:00+00:00,1.25e-05,-0.0003882319
2025-12-29 12:00:00+00:00,4.0066e-06,-0.0004679468
2025-12-29 13:00:00+00:00,3.4954e-06,-0.000472037
2025-12-29 14:00:00+00:00,6.161e-06,-0.0004507122
2025-12-29 15:00:00+00:00,1.25e-05,-0.0003726547
2025-12-29 16:00:00+00:00,1.25e-05,-0.0002216581
2025-12-29 17:00:00+00:00,1.25e-05,-0.0001737477
2025-12-29 18:00:00+00:00,1.25e-05,-0.0001597685
2025-12-29 19:00:00+00:00,1.25e-05,-0.0002072942
2025-12-29 20:00:00+00:00,1.25e-05,-0.0001820886
2025-12-29 21:00:00+00:00,1.25e-05,-0.0001182134
2025-12-29 22:00:00+00:00,1.25e-05,2.85184e-05
2025-12-29 23:00:00+00:00,1.25e-05,-4.52343e-05
2025-12-30 00:00:00+00:00,1.25e-05,-7.47909e-05
2025-12-30 01:00:00+00:00,1.25e-05,-0.0001170266
2025-12-30 02:00:00+00:00,1.25e-05,-0.0001110217
2025-12-30 03:00:00+00:00,1.25e-05,-0.0001411688
2025-12-30 04:00:00+00:00,1.25e-05,-0.0001817858
2025-12-30 05:00:00+00:00,1.25e-05,-0.0001896746
2025-12-30 06:00:00+00:00,1.25e-05,-0.0002059062
2025-12-30 07:00:00+00:00,1.25e-05,-7.43136e-05
2025-12-30 08:00:00+00:00,1.25e-05,-0.0001205343
2025-12-30 09:00:00+00:00,1.25e-05,-0.000118507
2025-12-30 10:00:00+00:00,1.25e-05,-0.0001688627
2025-12-30 11:00:00+00:00,1.25e-05,-0.0001369383
2025-12-30 12:00:00+00:00,1.25e-05,-0.0001729128
2025-12-30 13:00:00+00:00,1.25e-05,-0.0001709086
2025-12-30 14:00:00+00:00,1.25e-05,-0.0002056733
2025-12-30 15:00:00+00:00,1.25e-05,-0.0001633225
2025-12-30 16:00:00+00:00,1.25e-05,-0.0003081004
2025-12-30 17:00:00+00:00,9.776e-06,-0.0004217917
2025-12-30 18:00:00+00:00,8.5988e-06,-0.0004312098
2025-12-30 19:00:00+00:00,1.21099e-05,-0.0004031205
2025-12-30 20:00:00+00:00,1.25e-05,-0.000380578
2025-12-30 21:00:00+00:00,1.25e-05,-0.0003833312
2025-12-30 22:00:00+00:00,1.25e-05,-0.0002264919
2025-12-30 23:00:00+00:00,1.25e-05,-0.0002071966
2025-12-31 00:00:00+00:00,1.25e-05,-0.0002798075
2025-12-31 01:00:00+00:00,1.25e-05,-0.0003126034
2025-12-31 02:00:00+00:00,1.25e-05,-0.000223885
2025-12-31 03:00:00+00:00,1.25e-05,-0.000285045
2025-12-31 04:00:00+00:00,1.25e-05,-0.000296919
2025-12-31 05:00:00+00:00,1.25e-05,-0.0003325775
2025-12-31 06:00:00+00:00,1.25e-05,-0.0002950624
2025-12-31 07:00:00+00:00,1.25e-05,-0.0003014565
2025-12-31 08:00:00+00:00,1.25e-05,-0.0003108538
2025-12-31 09:00:00+00:00,1.25e-05,-0.0003559922
2025-12-31 10:00:00+00:00,1.25e-05,-0.0003348927
2025-12-31 11:00:00+00:00,1.25e-05,-0.0003575292
2025-12-31 12:00:00+00:00,1.25e-05,-0.0003515684
2025-12-31 13:00:00+00:00,1.25e-05,-0.0003535976
2025-12-31 14:00:00+00:00,1.25e-05,-0.0003367215
2025-12-31 15:00:00+00:00,1.25e-05,-0.0003258355
2025-12-31 16:00:00+00:00,1.25e-05,-0.0002619178
2025-12-31 17:00:00+00:00,1.25e-05,-0.0002126847
2025-12-31 18:00:00+00:00,1.25e-05,-0.0001888987
2025-12-31 19:00:00+00:00,1.25e-05,-0.0001627358
2025-12-31 20:00:00+00:00,1.25e-05,-0.0001186508
2025-12-31 21:00:00+00:00,1.25e-05,-8.62442e-05
2025-12-31 22:00:00+00:00,1.25e-05,1.3992e-06
2025-12-31 23:00:00+00:00,1.25e-05,-5.205e-06
2026-01-01 00:00:00+00:00,1.25e-05,-0.0001308388
2026-01-01 01:00:00+00:00,1.25e-05,-0.0001004107
2026-01-01 02:00:00+00:00,1.25e-05,-6.9418e-05
2026-01-01 03:00:00+00:00,1.25e-05,-5.22769e-05
2026-01-01 04:00:00+00:00,1.25e-05,-4.511e-05
2026-01-01 05:00:00+00:00,1.25e-05,-2.85096e-05
2026-01-01 06:00:00+00:00,1.25e-05,0.000104394
2026-01-01 07:00:00+00:00,1.25e-05,0.0001068424
2026-01-01 08:00:00+00:00,1.25e-05,0.0001057491
2026-01-01 09:00:00+00:00,1.25e-05,3.35794e-05
2026-01-01 10:00:00+00:00,1.25e-05,4.31579e-05
2026-01-01 11:00:00+00:00,1.25e-05,-2.25135e-05
2026-01-01 12:00:00+00:00,1.25e-05,-6.75699e-05
2026-01-01 13:00:00+00:00,1.25e-05,-7.3506e-06
2026-01-01 14:00:00+00:00,1.25e-05,-4.89818e-05
2026-01-01 15:00:00+00:00,1.25e-05,-0.0002702526
2026-01-01 16:00:00+00:00,1.25e-05,-0.0002661446
2026-01-01 17:00:00+00:00,1.25e-05,-0.0002199406
2026-01-01 18:00:00+00:00,1.25e-05,-0.0002370172
2026-01-01 19:00:00+00:00,1.25e-05,-0.0003181031
2026-01-01 20:00:00+00:00,1.25e-05,-0.0002389337
2026-01-01 21:00:00+00:00,1.25e-05,-0.0002589066
2026-01-01 22:00:00+00:00,1.25e-05,-0.0002417222
2026-01-01 23:00:00+00:00,1.25e-05,-0.000178698
2026-01-02 00:00:00+00:00,1.25e-05,-0.000197902
2026-01-02 01:00:00+00:00,1.25e-05,-0.0002601383
2026-01-02 02:00:00+00:00,1.25e-05,-0.0002853694
2026-01-02 03:00:00+00:00,1.25e-05,-0.0003344195
2026-01-02 04:00:00+00:00,1.25e-05,-0.0003079598
2026-01-02 05:00:00+00:00,1.21813e-05,-0.00040255
2026-01-02 06:00:00+00:00,1.25e-05,-0.0003596968
2026-01-02 07:00:00+00:00,1.25e-05,-0.0003650999
2026-01-02 08:00:00+00:00,1.25e-05,-0.0003886447
2026-01-02 09:00:00+00:00,1.05918e-05,-0.0004152658
2026-01-02 10:00:00+00:00,1.25e-05,-0.0002743661
2026-01-02 11:00:00+00:00,5.7789e-06,-0.0004537687
2026-01-02 12:00:00+00:00,5.329e-07,-0.0004957365
2026-01-02 13:00:00+00:00,5.1975e-06,-0.0004584198
2026-01-02 14:00:00+00:00,8.4142e-06,-0.0004326862
2026-01-02 15:00:00+00:00,4.6961e-06,-0.0004624315
2026-01-02 16:00:00+00:00,4.4126e-06,-0.0004646995
2026-01-02 17:00:00+00:00,8.3593e-06,-0.0004331259
2026-01-02 18:00:00+00:00,-1.5941e-06,-0.0005127525
2026-01-02 19:00:00+00:00,4.711e-07,-0.0004962315
2026-01-02 20:00:00+00:00,6.0741e-06,-0.0004514074
2026-01-02 21:00:00+00:00,-4.5595e-06,-0.0005364762
2026-01-02 22:00:00+00:00,-1.0285e-06,-0.0005082282
2026-01-02 23:00:00+00:00,1.3348e-06,-0.0004893217
2026-01-03 00:00:00+00:00,-2.8235e-06,-0.0005225879
2026-01-03 01:00:00+00:00,4.0019e-06,-0.0004679851
2026-01-03 02:00:00+00:00,3.5501e-06,-0.0004715995
2026-01-03 03:00:00+00:00,3.7402e-06,-0.0004700785
2026-01-03 04:00:00+00:00,4.915e-07,-0.0004960682
2026-01-03 05:00:00+00:00,2.2977e-06,-0.0004816181
2026-01-03 06:00:00+00:00,7.2188e-06,-0.0004422494
2026-01-03 07:00:00+00:00,6.0963e-06,-0.0004512293
2026-01-03 08:00:00+00:00,8.1292e-06,-0.0004349662
2026-01-03 09:00:00+00:00,1.25e-05,-0.0003963714
2026-01-03 10:00:00+00:00,1.25e-05,-0.0003732933
2026-01-03 11:00:00+00:00,1.25e-05,-0.0003624609
2026-01-03 12:00:00+00:00,1.25e-05,-0.0003431501
2026-01-03 13:00:00+00:00,1.25e-05,-0.00030207
2026-01-03 14:00:00+00:00,1.25e-05,-0.0002984378
2026-01-03 15:00:00+00:00,1.25e-05,-0.0003144804
2026-01-03 16:00:00+00:00,1.00383e-05,-0.0004196937
2026-01-03 17:00:00+00:00,1.25e-05,-0.0003495472
2026-01-03 18:00:00+00:00,1.25e-05,-0.0003941719
2026-01-03 19:00:00+00:00,1.25e-05,-0.0003809913
2026-01-03 20:00:00+00:00,8.3607e-06,-0.0004331143
2026-01-03 21:00:00+00:00,1.25e-05,-0.0003648461
2026-01-03 22:00:00+00:00,1.25e-05,-0.0002843308
2026-01-03 23:00:00+00:00,1.25e-05,-0.0003672053
2026-01-04 00:00:00+00:00,1.25e-05,-0.0003837395
2026-01-04 01:00:00+00:00,1.25e-05,-0.0003958261
2026-01-04 02:00:00+00:00,8.1158e-06,-0.0004350737
2026-01-04 03:00:00+00:00,6.9842e-06,-0.0004441263
2026-01-04 04:00:00+00:00,8.2581e-06,-0.0004339355
2026-01-04 05:00:00+00:00,9.9762e-06,-0.0004201902
2026-01-04 06:00:00+00:00,1.22433e-05,-0.0004020538
2026-01-04 07:00:00+00:00,1.25e-05,-0.0003962275
2026-01-04 08:00:00+00:00,1.15467e-05,-0.000407626
2026-01-04 09:00:00+00:00,1.25e-05,-0.0003981979
2026-01-04 10:00:00+00:00,4.9497e-06,-0.0004604021
2026-01-04 11:00:00+00:00,2.5689e-06,-0.0004794489
2026-01-04 12:00:00+00:00,3.4233e-06,-0.0004726135
2026-01-04 13:00:00+00:00,3.7309e-06,-0.000470153
2026-01-04 14:00:00+00:00,2.501e-06,-0.0004799917
2026-01-04 15:00:00+00:00,5.2562e-06,-0.0004579506
2026-01-04 16:00:00+00:00,3.712e-06,-0.0004703042
2026-01-04 17:00:00+00:00,6.8565e-06,-0.0004451483
2026-01-04 18:00:00+00:00,8.6608e-06,-0.0004307134
2026-01-04 19:00:00+00:00,9.9687e-06,-0.0004202503
2026-01-04 20:00:00+00:00,8.8914e-06,-0.0004288688
2026-01-04 21:00:00+00:00,1.04483e-05,-0.0004164139
2026-01-04 22:00:00+00:00,8.0895e-06,-0.0004352836
2026-01-04 23:00:00+00:00,1.25e-05,-0.0003950193
2026-01-05 00:00:00+00:00,1.25e-05,-0.0003507736
2026-01-05 01:00:00+00:00,1.25e-05,-0.0003016878
2026-01-05 02:00:00+00:00,1.25e-05,-0.0003236699
2026-01-05 03:00:00+00:00,1.25e-05,-0.0003966065
2026-01-05 04:00:00+00:00,1.25e-05,-0.000392063
2026-01-05 05:00:00+00:00,1.24628e-05,-0.0004002975
2026-01-05 06:00:00+00:00,1.25e-05,-0.0003515008
2026-01-05 07:00:00+00:00,1.25e-05,-0.0003999236
2026-01-05 08:00:00+00:00,1.25e-05,-0.0003591598
2026-01-05 09:00:00+00:00,1.1345e-05,-0.0004092403
2026-01-05 10:00:00+00:00,1.25e-05,-0.0003486294
2026-01-05 11:00:00+00:00,1.25e-05,-0.0002383433
2026-01-05 12:00:00+00:00,1.25e-05,-0.0002461549
2026-01-05 13:00:00+00:00,1.25e-05,-0.0002522474
2026-01-05 14:00:00+00:00,1.25e-05,-0.0002543906
2026-01-05 15:00:00+00:00,1.25e-05,-0.0002273935
2026-01-05 16:00:00+00:00,1.25e-05,-0.000297714
2026-01-05 17:00:00+00:00,4.954e-06,-0.0004603683
2026-01-05 18:00:00+00:00,2.6185e-06,-0.0004790523
2026-01-05 19:00:00+00:00,-1.971e-07,-0.0005015764
2026-01-05 20:00:00+00:00,-4.0825e-06,-0.0005326602
2026-01-05 21:00:00+00:00,-3.5464e-06,-0.0005283711
2026-01-05 22:00:00+00:00,1.8134e-06,-0.0004854928
2026-01-05 23:00:00+00:00,4.7033e-06,-0.0004623738
2026-01-06 00:00:00+00:00,7.2612e-06,-0.0004419104
2026-01-06 01:00:00+00:00,8.0533e-06,-0.0004355733
2026-01-06 02:00:00+00:00,1.14052e-05,-0.0004087586
2026-01-06 03:00:00+00:00,1.16812e-05,-0.00040655
2026-01-06 04:00:00+00:00,1.25e-05,-0.000368146
2026-01-06 05:00:00+00:00,1.25e-05,-0.0003910744
2026-01-06 06:00:00+00:00,1.25e-05,-0.0003838089
2026-01-06 07:00:00+00:00,8.5744e-06,-0.0004314046
2026-01-06 08:00:00+00:00,1.25e-05,-0.0003240202
2026-01-06 09:00:00+00:00,1.25e-05,-0.0002046406
2026-01-06 10:00:00+00:00,1.25e-05,-0.0001850537
2026-01-06 11:00:00+00:00,1.25e-05,-0.0001574265
2026-01-06 12:00:00+00:00,1.25e-05,-8.56094e-05
2026-01-06 13:00:00+00:00,1.25e-05,-0.0001178021
2026-01-06 14:00:00+00:00,1.25e-05,-0.0001121818
2026-01-06 15:00:00+00:00,1.25e-05,-0.0001178603
2026-01-06 16:00:00+00:00,1.25e-05,-0.0001297409
2026-01-06 17:00:00+00:00,1.25e-05,-0.000152935
2026-01-06 18:00:00+00:00,1.25e-05,6.43875e-05
2026-01-06 19:00:00+00:00,1.25e-05,0.000564245
2026-01-06 20:00:00+00:00,1.25e-05,0.000453931
2026-01-06 21:00:00+00:00,1.25e-05,0.0004449229
2026-01-06 22:00:00+00:00,1.25e-05,0.0002999463
2026-01-06 23:00:00+00:00,1.25e-05,0.0002871067
2026-01-07 00:00:00+00:00,1.25e-05,0.0003844509
2026-01-07 01:00:00+00:00,1.25e-05,0.0003776184
2026-01-07 02:00:00+00:00,1.25e-05,0.0004968549
2026-01-07 03:00:00+00:00,1.25e-05,0.000572825
2026-01-07 04:00:00+00:00,1.91482e-05,0.0006531853
2026-01-07 05:00:00+00:00,2.4145e-05,0.0006931603
2026-01-07 06:00:00+00:00,1.25e-05,0.0005963248
2026-01-07 07:00:00+00:00,1.25e-05,0.000529167
2026-01-07 08:00:00+00:00,1.25e-05,0.000547233
2026-01-07 09:00:00+00:00,1.25e-05,0.0005264325
2026-01-07 10:00:00+00:00,1.25e-05,0.0004506525
2026-01-07 11:00:00+00:00,1.65057e-05,0.0006320455
2026-01-07 12:00:00+00:00,5.64481e-05,0.0009515846
2026-01-07 13:00:00+00:00,2.88674e-05,0.0007309388
2026-01-07 14:00:00+00:00,2.69142e-05,0.0007153137
2026-01-07 15:00:00+00:00,3.97461e-05,0.0008179686
2026-01-07 16:00:00+00:00,4.79239e-05,0.0008833912
2026-01-07 17:00:00+00:00,2.38663e-05,0.00069093
2026-01-07 18:00:00+00:00,1.25e-05,0.000574714
2026-01-07 19:00:00+00:00,1.25e-05,0.00056579
2026-01-07 20:00:00+00:00,1.25e-05,0.0002351806
2026-01-07 21:00:00+00:00,1.25e-05,0.0003155006
2026-01-07 22:00:00+00:00,1.25e-05,0.0003085364
2026-01-07 23:00:00+00:00,1.25e-05,0.0002117561
2026-01-08 00:00:00+00:00,1.25e-05,0.0001384139
2026-01-08 01:00:00+00:00,1.25e-05,-8.5354e-06
2026-01-08 02:00:00+00:00,1.25e-05,2.47002e-05
2026-01-08 03:00:00+00:00,1.25e-05,7.10011e-05
2026-01-08 04:00:00+00:00,1.25e-05,6.11246e-05
2026-01-08 05:00:00+00:00,1.25e-05,5.24394e-05
2026-01-08 06:00:00+00:00,1.25e-05,4.63625e-05
2026-01-08 07:00:00+00:00,1.25e-05,-6.67722e-05
2026-01-08 08:00:00+00:00,1.25e-05,-0.000224611
2026-01-08 09:00:00+00:00,1.25e-05,-0.0002621123
2026-01-08 10:00:00+00:00,1.25e-05,-0.0002856393
2026-01-08 11:00:00+00:00,1.25e-05,-0.0002408339
2026-01-08 12:00:00+00:00,1.25e-05,-0.000252908
2026-01-08 13:00:00+00:00,1.25e-05,-0.0002184584
2026-01-08 14:00:00+00:00,1.25e-05,-0.0001631688
2026-01-08 15:00:00+00:00,1.25e-05,-0.0001385912
2026-01-08 16:00:00+00:00,1.25e-05,0.0001232785
2026-01-08 17:00:00+00:00,1.25e-05,0.000190631
2026-01-08 18:00:00+00:00,1.25e-05,0.0002005667
2026-01-08 19:00:00+00:00,1.25e-05,8.54029e-05
2026-01-08 20:00:00+00:00,1.25e-05,-2.75655e-05
2026-01-08 21:00:00+00:00,1.25e-05,-9.10559e-05
2026-01-08 22:00:00+00:00,1.25e-05,-0.0001480075
2026-01-08 23:00:00+00:00,1.25e-05,-0.0001848354
2026-01-09 00:00:00+00:00,1.25e-05,-0.0002126933
2026-01-09 01:00:00+00:00,1.25e-05,-0.0001989282
2026-01-09 02:00:00+00:00,1.25e-05,-0.0002626206
2026-01-09 03:00:00+00:00,1.25e-05,-0.0002533021
2026-01-09 04:00:00+00:00,1.25e-05,-0.0001952457
2026-01-09 05:00:00+00:00,1.25e-05,-0.0001769601
2026-01-09 06:00:00+00:00,1.25e-05,-7.2992e-05
2026-01-09 07:00:00+00:00,1.25e-05,-5.2276e-05
2026-01-09 08:00:00+00:00,1.25e-05,-2.79883e-05
2026-01-09 09:00:00+00:00,1.25e-05,-0.0001237599
2026-01-09 10:00:00+00:00,1.25e-05,-0.000207294
2026-01-09 11:00:00+00:00,1.25e-05,-0.0001380577
2026-01-09 12:00:00+00:00,1.25e-05,-0.0001642473
2026-01-09 13:00:00+00:00,1.25e-05,-0.0002096643
2026-01-09 14:00:00+00:00,1.25e-05,-0.0001617058
2026-01-09 15:00:00+00:00,1.25e-05,-0.000156466
2026-01-09 16:00:00+00:00,1.25e-05,-4.89461e-05
2026-01-09 17:00:00+00:00,1.25e-05,7.9215e-06
2026-01-09 18:00:00+00:00,1.25e-05,-2.5143e-05
2026-01-09 19:00:00+00:00,1.25e-05,-5.97267e-05
2026-01-09 20:00:00+00:00,1.25e-05,-8.17794e-05
2026-01-09 21:00:00+00:00,1.25e-05,-0.0001095911
2026-01-09 22:00:00+00:00,1.25e-05,-4.50044e-05
2026-01-09 23:00:00+00:00,1.25e-05,-1.55902e-05
2026-01-10 00:00:00+00:00,1.25e-05,1.48058e-05
2026-01-10 01:00:00+00:00,1.25e-05,-2.1927e-05
2026-01-10 02:00:00+00:00,1.25e-05,-4.04296e-05
2026-01-10 03:00:00+00:00,1.25e-05,-9.9435e-06
2026-01-10 04:00:00+00:00,1.25e-05,-7.74904e-05
2026-01-10 05:00:00+00:00,1.25e-05,-7.10791e-05
2026-01-10 06:00:00+00:00,1.25e-05,-0.0001030456
2026-01-10 07:00:00+00:00,1.25e-05,-7.93976e-05
2026-01-10 08:00:00+00:00,1.25e-05,-0.0001608633
2026-01-10 09:00:00+00:00,1.25e-05,-0.0001515486
2026-01-10 10:00:00+00:00,1.25e-05,-0.0001744798
2026-01-10 11:00:00+00:00,1.25e-05,-0.0001575872
2026-01-10 12:00:00+00:00,1.25e-05,-0.0001632611
2026-01-10 13:00:00+00:00,1.25e-05,-8.87963e-05
2026-01-10 14:00:00+00:00,1.25e-05,-8.98168e-05
2026-01-10 15:00:00+00:00,1.25e-05,-0.0001717185
2026-01-10 16:00:00+00:00,1.25e-05,-0.0001673231
2026-01-10 17:00:00+00:00,1.25e-05,-0.0002201997
2026-01-10 18:00:00+00:00,1.25e-05,-0.0002298026
2026-01-10 19:00:00+00:00,1.25e-05,-0.0002606175
2026-01-10 20:00:00+00:00,1.25e-05,-0.0002324575
2026-01-10 21:00:00+00:00,1.25e-05,-0.000267452
2026-01-10 22:00:00+00:00,1.25e-05,-0.000279559
2026-01-10 23:00:00+00:00,1.25e-05,-0.0003290444
2026-01-11 00:00:00+00:00,1.25e-05,-0.0003053464
2026-01-11 01:00:00+00:00,1.25e-05,-0.0002545257
2026-01-11 02:00:00+00:00,1.25e-05,-0.0001919928
2026-01-11 03:00:00+00:00,1.25e-05,-0.0001731609
2026-01-11 04:00:00+00:00,1.25e-05,-0.0001677297
2026-01-11 05:00:00+00:00,1.25e-05,-0.0001332203
2026-01-11 06:00:00+00:00,1.25e-05,-0.0001198402
2026-01-11 07:00:00+00:00,1.25e-05,-0.0002982745
2026-01-11 08:00:00+00:00,1.25e-05,-0.0003286437
2026-01-11 09:00:00+00:00,1.25e-05,-0.0003804179
2026-01-11 10:00:00+00:00,1.25e-05,-0.0003611578
2026-01-11 11:00:00+00:00,1.25e-05,-0.000344705
2026-01-11 12:00:00+00:00,1.25e-05,-0.0003196724
2026-01-11 13:00:00+00:00,1.25e-05,-0.0003036656
2026-01-11 14:00:00+00:00,1.25e-05,-0.0002762105
2026-01-11 15:00:00+00:00,1.25e-05,-0.0002705457
2026-01-11 16:00:00+00:00,4.5364e-06,-0.000463709
2026-01-11 17:00:00+00:00,9.759e-06,-0.000421928
2026-01-11 18:00:00+00:00,1.25e-05,-0.0003771338
2026-01-11 19:00:00+00:00,9.8033e-06,-0.0004215736
2026-01-11 20:00:00+00:00,1.02575e-05,-0.0004179397
2026-01-11 21:00:00+00:00,1.25e-05,-0.0003694907
2026-01-11 22:00:00+00:00,1.25e-05,-0.0002414416
2026-01-11 23:00:00+00:00,1.25e-05,-0.0001931027
2026-01-12 00:00:00+00:00,1.25e-05,-0.000138998
2026-01-12 01:00:00+00:00,1.25e-05,-0.0001396587
2026-01-12 02:00:00+00:00,1.25e-05,-0.0001250159
2026-01-12 03:00:00+00:00,1.25e-05,-9.2326e-05
2026-01-12 04:00:00+00:00,1.25e-05,-0.0001493672
2026-01-12 05:00:00+00:00,1.25e-05,-0.0001323972
2026-01-12 06:00:00+00:00,1.25e-05,-0.0001520627
2026-01-12 07:00:00+00:00,1.25e-05,-0.000196443
2026-01-12 08:00:00+00:00,1.25e-05,-0.0002265545
2026-01-12 09:00:00+00:00,1.25e-05,-0.0003143122
2026-01-12 10:00:00+00:00,1.25e-05,-0.0003436204
2026-01-12 11:00:00+00:00,1.25e-05,-0.0003657106
2026-01-12 12:00:00+00:00,1.25e-05,-0.0002969736
2026-01-12 13:00:00+00:00,1.25e-05,-0.0002885662
2026-01-12 14:00:00+00:00,1.25e-05,-0.0003700817
2026-01-12 15:00:00+00:00,1.25e-05,-0.0003265012
2026-01-12 16:00:00+00:00,1.25e-05,-0.0002326765
2026-01-12 17:00:00+00:00,1.25e-05,-0.0002911902
2026-01-12 18:00:00+00:00,5.2117e-06,-0.0004583066
2026-01-12 19:00:00+00:00,-2.1591e-06,-0.0005172725
2026-01-12 20:00:00+00:00,-1.8426e-06,-0.0005147408
2026-01-12 21:00:00+00:00,-2.0593e-06,-0.0005164744
2026-01-12 22:00:00+00:00,-6.7e-06,-0.0005536004
2026-01-12 23:00:00+00:00,-9.3532e-06,-0.0005748258
2026-01-13 00:00:00+00:00,-7.2182e-06,-0.0005577454
2026-01-13 01:00:00+00:00,-6.014e-07,-0.0005048111
2026-01-13 02:00:00+00:00,4.796e-07,-0.0004961629
2026-01-13 03:00:00+00:00,9.312e-07,-0.0004925505
2026-01-13 04:00:00+00:00,1.3279e-06,-0.0004893769
2026-01-13 05:00:00+00:00,8.8481e-06,-0.0004292148
2026-01-13 06:00:00+00:00,1.25e-05,-0.0002166283
2026-01-13 07:00:00+00:00,1.25e-05,-8.32548e-05
2026-01-13 08:00:00+00:00,1.25e-05,-9.12911e-05
2026-01-13 09:00:00+00:00,1.25e-05,-2.85802e-05
2026-01-13 10:00:00+00:00,1.25e-05,2.00812e-05
2026-01-13 11:00:00+00:00,1.25e-05,-6.01344e-05
2026-01-13 12:00:00+00:00,1.25e-05,-5.19662e-05
2026-01-13 13:00:00+00:00,1.25e-05,-2.61775e-05
2026-01-13 14:00:00+00:00,1.25e-05,-1.75989e-05
2026-01-13 15:00:00+00:00,1.25e-05,-7.00908e-05
2026-01-13 16:00:00+00:00,1.25e-05,-9.31613e-05
2026-01-13 17:00:00+00:00,1.25e-05,-0.0002859419
2026-01-13 18:00:00+00:00,1.25e-05,-0.0003349804
2026-01-13 19:00:00+00:00,1.25e-05,-0.0003976814
2026-01-13 20:00:00+00:00,1.10475e-05,-0.0004116203
2026-01-13 21:00:00+00:00,6.783e-06,-0.0004457362
2026-01-13 22:00:00+00:00,-1.611e-07,-0.0005012892
2026-01-13 23:00:00+00:00,1.25e-05,-0.0003046659
2026-01-14 00:00:00+00:00,4.8368e-06,-0.0004613055
2026-01-14 01:00:00+00:00,4.1113e-06,-0.0004671096
2026-01-14 02:00:00+00:00,3.9134e-06,-0.000468693
2026-01-14 03:00:00+00:00,7.1098e-06,-0.0004431212
2026-01-14 04:00:00+00:00,3.9885e-06,-0.0004680923
2026-01-14 05:00:00+00:00,1.7512e-06,-0.0004859901
2026-01-14 06:00:00+00:00,-4.3451e-06,-0.0005347605
2026-01-14 07:00:00+00:00,9.3327e-06,-0.0004253381
2026-01-14 08:00:00+00:00,1.25e-05,-0.0003694123
2026-01-14 09:00:00+00:00,1.25e-05,-0.0003296666
2026-01-14 10:00:00+00:00,1.25e-05,-0.000286626
2026-01-14 11:00:00+00:00,1.25e-05,-0.0002770101
2026-01-14 12:00:00+00:00,1.25e-05,-0.0001882615
2026-01-14 13:00:00+00:00,1.25e-05,-0.0002091999
2026-01-14 14:00:00+00:00,1.25e-05,-0.00022568
2026-01-14 15:00:00+00:00,1.25e-05,-0.0001195579
2026-01-14 16:00:00+00:00,1.25e-05,-0.0001810591
2026-01-14 17:00:00+00:00,1.25e-05,-0.0001548209
2026-01-14 18:00:00+00:00,1.25e-05,-0.0002156069
2026-01-14 19:00:00+00:00,1.25e-05,-0.0001486319
2026-01-14 20:00:00+00:00,1.25e-05,-0.0001580118
2026-01-14 21:00:00+00:00,1.25e-05,-0.0001638188
2026-01-14 22:00:00+00:00,1.25e-05,-0.0002099842
2026-01-14 23:00:00+00:00,1.25e-05,-0.0002128364
2026-01-15 00:00:00+00:00,1.25e-05,-0.0001581708
2026-01-15 01:00:00+00:00,1.25e-05,-0.0002676478
2026-01-15 02:00:00+00:00,1.25e-05,-0.0001992406
2026-01-15 03:00:00+00:00,1.25e-05,-0.0001892695
2026-01-15 04:00:00+00:00,1.25e-05,-0.0001929797
2026-01-15 05:00:00+00:00,1.25e-05,-0.0001516553
2026-01-15 06:00:00+00:00,1.25e-05,-8.62322e-05
2026-01-15 07:00:00+00:00,1.25e-05,-0.000136011
2026-01-15 08:00:00+00:00,1.25e-05,-7.39536e-05
2026-01-15 09:00:00+00:00,1.25e-05,-0.000142573
2026-01-15 10:00:00+00:00,1.25e-05,-0.0001272779
2026-01-15 11:00:00+00:00,1.25e-05,-0.0001040037
2026-01-15 12:00:00+00:00,1.25e-05,-9.83359e-05
2026-01-15 13:00:00+00:00,1.25e-05,-1.10933e-05
2026-01-15 14:00:00+00:00,1.25e-05,7.581e-05
2026-01-15 15:00:00+00:00,1.25e-05,8.96509e-05
2026-01-15 16:00:00+00:00,1.25e-05,4.65316e-05
2026-01-15 17:00:00+00:00,1.25e-05,1.4053e-05
2026-01-15 18:00:00+00:00,1.25e-05,1.36238e-05
2026-01-15 19:00:00+00:00,1.25e-05,-9.37322e-05
2026-01-15 20:00:00+00:00,1.25e-05,-0.0003278369
2026-01-15 21:00:00+00:00,1.25e-05,-0.0002850706
2026-01-15 22:00:00+00:00,1.25e-05,-0.0002098911
2026-01-15 23:00:00+00:00,1.25e-05,-0.000219394
2026-01-16 00:00:00+00:00,1.25e-05,-0.0002027668
2026-01-16 01:00:00+00:00,1.25e-05,-0.000113707
2026-01-16 02:00:00+00:00,1.25e-05,-8.5144e-05
2026-01-16 03:00:00+00:00,1.25e-05,-1.22384e-05
2026-01-16 04:00:00+00:00,1.25e-05,-4.48011e-05
2026-01-16 05:00:00+00:00,1.25e-05,-0.0001469089
2026-01-16 06:00:00+00:00,1.25e-05,-4.66671e-05
2026-01-16 07:00:00+00:00,1.25e-05,-1.08196e-05
2026-01-16 08:00:00+00:00,1.25e-05,-1.44723e-05
2026-01-16 09:00:00+00:00,1.25e-05,-6.935e-05
2026-01-16 10:00:00+00:00,1.25e-05,-0.0001110387
2026-01-16 11:00:00+00:00,1.25e-05,9.1846e-06
2026-01-16 12:00:00+00:00,1.25e-05,4.70285e-05
2026-01-16 13:00:00+00:00,1.25e-05,5.04465e-05
2026-01-16 14:00:00+00:00,1.25e-05,-1.17031e-05
2026-01-16 15:00:00+00:00,1.25e-05,2.87781e-05
2026-01-16 16:00:00+00:00,1.25e-05,0.0002132995
2026-01-16 17:00:00+00:00,1.25e-05,0.000302446
2026-01-16 18:00:00+00:00,1.25e-05,0.0003489609
2026-01-16 19:00:00+00:00,1.25e-05,0.0003569166
2026-01-16 20:00:00+00:00,1.25e-05,0.0002976432
2026-01-16 21:00:00+00:00,1.25e-05,0.00034229
2026-01-16 22:00:00+00:00,1.25e-05,0.0003190356
2026-01-16 23:00:00+00:00,1.25e-05,0.0002310642
2026-01-17 00:00:00+00:00,1.25e-05,0.0002387259
2026-01-17 01:00:00+00:00,1.25e-05,0.0002305604
2026-01-17 02:00:00+00:00,1.25e-05,0.0001838471
2026-01-17 03:00:00+00:00,1.25e-05,0.0001849497
2026-01-17 04:00:00+00:00,1.25e-05,0.000165066
2026-01-17 05:00:00+00:00,1.25e-05,0.0002196628
2026-01-17 06:00:00+00:00,1.25e-05,0.0002082226
2026-01-17 07:00:00+00:00,1.25e-05,0.0002184307
2026-01-17 08:00:00+00:00,1.25e-05,8.28315e-05
2026-01-17 09:00:00+00:00,1.25e-05,0.0001529526
2026-01-17 10:00:00+00:00,1.25e-05,0.0002255095
2026-01-17 11:00:00+00:00,1.25e-05,0.0002329085
2026-01-17 12:00:00+00:00,1.25e-05,9.55991e-05
2026-01-17 13:00:00+00:00,1.25e-05,0.0001285987
2026-01-17 14:00:00+00:00,1.25e-05,0.0001152054
2026-01-17 15:00:00+00:00,1.25e-05,0.0001530131
2026-01-17 16:00:00+00:00,1.25e-05,0.000127034
2026-01-17 17:00:00+00:00,1.25e-05,5.03733e-05
2026-01-17 18:00:00+00:00,1.25e-05,9.72813e-05
2026-01-17 19:00:00+00:00,1.25e-05,0.0001214831
2026-01-17 20:00:00+00:00,1.25e-05,2.92014e-05
2026-01-17 21:00:00+00:00,1.25e-05,5.22208e-05
2026-01-17 22:00:00+00:00,1.25e-05,6.01903e-05
2026-01-17 23:00:00+00:00,1.25e-05,-6.85045e-05
2026-01-18 00:00:00+00:00,1.25e-05,-1.68865e-05
2026-01-18 01:00:00+00:00,1.25e-05,2.09616e-05
2026-01-18 02:00:00+00:00,1.25e-05,-0.0001018869
2026-01-18 03:00:00+00:00,1.25e-05,-7.8124e-05
2026-01-18 04:00:00+00:00,1.25e-05,-1.367e-07
2026-01-18 05:00:00+00:00,1.25e-05,-9.49027e-05
2026-01-18 06:00:00+00:00,1.25e-05,-9.02492e-05
2026-01-18 07:00:00+00:00,1.25e-05,-7.7379e-05
2026-01-18 08:00:00+00:00,1.25e-05,-7.45922e-05
2026-01-18 09:00:00+00:00,1.25e-05,-0.0001620132
2026-01-18 10:00:00+00:00,1.25e-05,-0.0001715295
2026-01-18 11:00:00+00:00,1.25e-05,-9.16008e-05
2026-01-18 12:00:00+00:00,1.25e-05,-0.0001624818
2026-01-18 13:00:00+00:00,1.25e-05,-0.0001155493
2026-01-18 14:00:00+00:00,1.25e-05,-9.44208e-05
2026-01-18 15:00:00+00:00,1.25e-05,-1.7461e-05
2026-01-18 16:00:00+00:00,1.25e-05,-6.35e-06
2026-01-18 17:00:00+00:00,1.25e-05,-1.28517e-05
2026-01-18 18:00:00+00:00,1.25e-05,-3.17998e-05
2026-01-18 19:00:00+00:00,1.25e-05,-3.879e-06
2026-01-18 20:00:00+00:00,1.25e-05,7.09704e-05
2026-01-18 21:00:00+00:00,1.25e-05,1.4828e-06
2026-01-18 22:00:00+00:00,1.25e-05,5.57006e-05
2026-01-18 23:00:00+00:00,1.25e-05,-5.727e-06
2026-01-19 00:00:00+00:00,1.25e-05,-0.0001815026
2026-01-19 01:00:00+00:00,1.25e-05,-0.0003882405
2026-01-19 02:00:00+00:00,1.25e-05,-0.000252432
2026-01-19 03:00:00+00:00,1.25e-05,-0.0002451082
2026-01-19 04:00:00+00:00,1.25e-05,-0.0002242892
2026-01-19 05:00:00+00:00,1.25e-05,-0.0003249072
2026-01-19 06:00:00+00:00,1.25e-05,-0.0003685035
2026-01-19 07:00:00+00:00,3.7811e-06,-0.0004697515
2026-01-19 08:00:00+00:00,-3.1354e-06,-0.0005250833
2026-01-19 09:00:00+00:00,1.01489e-05,-0.0004188091
2026-01-19 10:00:00+00:00,1.25e-05,-0.0003862552
2026-01-19 11:00:00+00:00,1.17311e-05,-0.0004061511
2026-01-19 12:00:00+00:00,1.2368e-05,-0.0004010559
2026-01-19 13:00:00+00:00,1.25e-05,-0.0003435266
2026-01-19 14:00:00+00:00,1.25e-05,-0.0003558134
2026-01-19 15:00:00+00:00,9.6471e-06,-0.0004228232
2026-01-19 16:00:00+00:00,1.00925e-05,-0.0004192598
2026-01-19 17:00:00+00:00,7.6751e-06,-0.0004385991
2026-01-19 18:00:00+00:00,8.953e-06,-0.0004283758
2026-01-19 19:00:00+00:00,5.9483e-06,-0.0004524134
2026-01-19 20:00:00+00:00,7.105e-06,-0.0004431598
2026-01-19 21:00:00+00:00,1.25e-05,-0.0003671466
2026-01-19 22:00:00+00:00,4.6543e-06,-0.0004627653
2026-01-19 23:00:00+00:00,-4.5685e-06,-0.0005365482
2026-01-20 00:00:00+00:00,-9.0253e-06,-0.0005722024
2026-01-20 01:00:00+00:00,-8.992e-07,-0.0005071935
2026-01-20 02:00:00+00:00,-4.2163e-06,-0.0005337305
2026-01-20 03:00:00+00:00,-1.11645e-05,-0.0005893157
2026-01-20 04:00:00+00:00,-1.18502e-05,-0.0005948019
2026-01-20 05:00:00+00:00,-1.09062e-05,-0.0005872498
2026-01-20 06:00:00+00:00,-1.79404e-05,-0.0006435229
2026-01-20 07:00:00+00:00,-4.4066e-05,-0.000852528
2026-01-20 08:00:00+00:00,-2.20249e-05,-0.0006761995
2026-01-20 09:00:00+00:00,-2.66791e-05,-0.0007134332
2026-01-20 10:00:00+00:00,-2.28699e-05,-0.0006829588
2026-01-20 11:00:00+00:00,-1.69612e-05,-0.0006356899
2026-01-20 12:00:00+00:00,-2.08182e-05,-0.000666546
2026-01-20 13:00:00+00:00,-1.81004e-05,-0.0006448033
2026-01-20 14:00:00+00:00,-2.22034e-05,-0.000677627
2026-01-20 15:00:00+00:00,-1.47775e-05,-0.0006182198
2026-01-20 16:00:00+00:00,-1.03666e-05,-0.0005829329
2026-01-20 17:00:00+00:00,-6.5326e-06,-0.0005522609
2026-01-20 18:00:00+00:00,1.25e-05,-0.0003806595
2026-01-20 19:00:00+00:00,1.25e-05,-0.0002894265
2026-01-20 20:00:00+00:00,1.25e-05,-0.0003306689
2026-01-20 21:00:00+00:00,1.25e-05,-0.0001602007
2026-01-20 22:00:00+00:00,1.25e-05,-0.000154274
2026-01-20 23:00:00+00:00,1.25e-05,-0.0001927422
2026-01-21 00:00:00+00:00,1.25e-05,-0.000233937
2026-01-21 01:00:00+00:00,1.25e-05,-0.0002633153
2026-01-21 02:00:00+00:00,1.25e-05,-0.0002989608
2026-01-21 03:00:00+00:00,1.25e-05,-0.0003593092
2026-01-21 04:00:00+00:00,1.25e-05,-0.0003668281
2026-01-21 05:00:00+00:00,1.25e-05,-0.0003771336
2026-01-21 06:00:00+00:00,1.25e-05,-0.0003259917
2026-01-21 07:00:00+00:00,1.13914e-05,-0.0004088687
2026-01-21 08:00:00+00:00,4.6296e-06,-0.0004629631
2026-01-21 09:00:00+00:00,2.7104e-06,-0.0004783168
2026-01-21 10:00:00+00:00,8.9516e-06,-0.0004283876
2026-01-21 11:00:00+00:00,9.093e-06,-0.0004272563
2026-01-21 12:00:00+00:00,4.0105e-06,-0.0004679159
2026-01-21 13:00:00+00:00,-2.09604e-05,-0.0006676833
2026-01-21 14:00:00+00:00,-1.19173e-05,-0.0005953387
2026-01-21 15:00:00+00:00,-2.5157e-06,-0.0005201258
2026-01-21 16:00:00+00:00,-1.0386e-05,-0.0005830879
2026-01-21 17:00:00+00:00,-2.53967e-05,-0.0007031738
2026-01-21 18:00:00+00:00,-1.20153e-05,-0.0005961228
2026-01-21 19:00:00+00:00,-2.5832e-06,-0.0005206656
2026-01-21 20:00:00+00:00,-1.0094e-06,-0.0005080755
2026-01-21 21:00:00+00:00,1.17391e-05,-0.0004060869
2026-01-21 22:00:00+00:00,-1.1509e-06,-0.0005092073
2026-01-21 23:00:00+00:00,-6.1651e-06,-0.0005493212
2026-01-22 00:00:00+00:00,-7.1632e-06,-0.0005573057
2026-01-22 01:00:00+00:00,8.266e-07,-0.0004933872
2026-01-22 02:00:00+00:00,-6.3379e-06,-0.0005507032
2026-01-22 03:00:00+00:00,-1.1543e-06,-0.0005092341
2026-01-22 04:00:00+00:00,-6.6586e-06,-0.0005532688
2026-01-22 05:00:00+00:00,-3.5447e-06,-0.0005283576
2026-01-22 06:00:00+00:00,-1.8197e-06,-0.0005145578
2026-01-22 07:00:00+00:00,3.1321e-06,-0.0004749433
2026-01-22 08:00:00+00:00,-1.065e-06,-0.0005085196
2026-01-22 09:00:00+00:00,-2.7399e-06,-0.000521919
2026-01-22 10:00:00+00:00,4.5173e-06,-0.0004638612
2026-01-22 11:00:00+00:00,6.2815e-06,-0.0004497477
2026-01-22 12:00:00+00:00,4.0653e-06,-0.0004674779
2026-01-22 13:00:00+00:00,2.5527e-06,-0.0004795785
2026-01-22 14:00:00+00:00,1.2142e-06,-0.0004902862
2026-01-22 15:00:00+00:00,-1.0713e-06,-0.0005085701
2026-01-22 16:00:00+00:00,1.4261e-06,-0.0004885916
2026-01-22 17:00:00+00:00,6.0027e-06,-0.0004519787
2026-01-22 18:00:00+00:00,1.25e-05,-0.0003580393
2026-01-22 19:00:00+00:00,1.25e-05,-0.0002823521
2026-01-22 20:00:00+00:00,1.25e-05,-0.000308624
2026-01-22 21:00:00+00:00,2.9029e-06,-0.0004767771
2026-01-22 22:00:00+00:00,-1.1276e-06,-0.0005090205
2026-01-22 23:00:00+00:00,-2.98691e-05,-0.0007389531
2026-01-23 00:00:00+00:00,-2.05783e-05,-0.0006646264
2026-01-23 01:00:00+00:00,-1.77206e-05,-0.0006417646
2026-01-23 02:00:00+00:00,-1.35495e-05,-0.0006083959
2026-01-23 03:00:00+00:00,-1.11454e-05,-0.0005891634
2026-01-23 04:00:00+00:00,-9.4639e-06,-0.0005757116
2026-01-23 05:00:00+00:00,-1.20059e-05,-0.0005960475
2026-01-23 06:00:00+00:00,-1.30646e-05,-0.0006045166
2026-01-23 07:00:00+00:00,-6.0494e-06,-0.0005483955
2026-01-23 08:00:00+00:00,-1.54881e-05,-0.0006239049
2026-01-23 09:00:00+00:00,-1.10074e-05,-0.000588059
2026-01-23 10:00:00+00:00,-1.34951e-05,-0.0006079607
2026-01-23 11:00:00+00:00,-9.1655e-06,-0.000573324
2026-01-23 12:00:00+00:00,1.9514e-06,-0.0004843886
2026-01-23 13:00:00+00:00,-1.744e-07,-0.0005013949
2026-01-23 14:00:00+00:00,-1.8252e-06,-0.0005146016
2026-01-23 15:00:00+00:00,-1.28511e-05,-0.0006028084
2026-01-23 16:00:00+00:00,-7.3694e-06,-0.0005589551
2026-01-23 17:00:00+00:00,-9.8383e-06,-0.0005787063
2026-01-23 18:00:00+00:00,-2.276e-06,-0.0005182079
2026-01-23 19:00:00+00:00,1.7668e-06,-0.0004858656
2026-01-23 20:00:00+00:00,2.7068e-06,-0.0004783458
2026-01-23 21:00:00+00:00,-1.2559e-06,-0.000510047
2026-01-23 22:00:00+00:00,-7.8186e-06,-0.0005625487
2026-01-23 23:00:00+00:00,-2.0339e-06,-0.0005162711
2026-01-24 00:00:00+00:00,-8.2983e-06,-0.0005663867
2026-01-24 01:00:00+00:00,-7.616e-07,-0.0005060931
2026-01-24 02:00:00+00:00,8.935e-07,-0.0004928517
2026-01-24 03:00:00+00:00,4.9582e-06,-0.0004603346
2026-01-24 04:00:00+00:00,3.08e-08,-0.0004997538
2026-01-24 05:00:00+00:00,-2.0843e-06,-0.0005166744
2026-01-24 06:00:00+00:00,1.9596e-06,-0.0004843235
2026-01-24 07:00:00+00:00,-2.0512e-06,-0.0005164094
2026-01-24 08:00:00+00:00,1.802e-07,-0.0004985582
2026-01-24 09:00:00+00:00,4.6393e-06,-0.0004628855
2026-01-24 10:00:00+00:00,6.406e-07,-0.0004948753
2026-01-24 11:00:00+00:00,6.7377e-06,-0.0004460986
2026-01-24 12:00:00+00:00,9.8175e-06,-0.0004214598
2026-01-24 13:00:00+00:00,1.03309e-05,-0.0004173527
2026-01-24 14:00:00+00:00,2.7698e-06,-0.0004778413
2026-01-24 15:00:00+00:00,-7.786e-07,-0.0005062289
2026-01-24 16:00:00+00:00,-3.3649e-06,-0.0005269191
2026-01-24 17:00:00+00:00,-1.28115e-05,-0.0006024919
2026-01-24 18:00:00+00:00,-7.3085e-06,-0.0005584681
2026-01-24 19:00:00+00:00,-5.639e-06,-0.0005451117
2026-01-24 20:00:00+00:00,-1.73413e-05,-0.0006387302
2026-01-24 21:00:00+00:00,-7.9062e-06,-0.0005632494
2026-01-24 22:00:00+00:00,-1.12714e-05,-0.0005901709
2026-01-24 23:00:00+00:00,-5.3917e-06,-0.000543134
2026-01-25 00:00:00+00:00,-8.0597e-06,-0.0005644779
2026-01-25 01:00:00+00:00,-3.4454e-06,-0.0005275633
2026-01-25 02:00:00+00:00,-2.5412e-06,-0.0005203296
2026-01-25 03:00:00+00:00,1.7392e-06,-0.0004860864
2026-01-25 04:00:00+00:00,-5.6269e-06,-0.0005450151
2026-01-25 05:00:00+00:00,3.194e-06,-0.0004744483
2026-01-25 06:00:00+00:00,1.5685e-06,-0.0004874519
2026-01-25 07:00:00+00:00,-6.5226e-06,-0.000552181
2026-01-25 08:00:00+00:00,7.34e-08,-0.0004994131
2026-01-25 09:00:00+00:00,2.592e-06,-0.0004792642
2026-01-25 10:00:00+00:00,8.5815e-06,-0.0004313478
2026-01-25 11:00:00+00:00,9.8049e-06,-0.0004215607
2026-01-25 12:00:00+00:00,5.4194e-06,-0.0004566449
2026-01-25 13:00:00+00:00,1.25e-05,-0.0003844579
2026-01-25 14:00:00+00:00,1.25e-05,-0.0003329044
2026-01-25 15:00:00+00:00,1.25e-05,-0.0003892919
2026-01-25 16:00:00+00:00,8.1445e-06,-0.0004348442
2026-01-25 17:00:00+00:00,6.6521e-06,-0.0004467831
2026-01-25 18:00:00+00:00,4.8001e-06,-0.0004615996
2026-01-25 19:00:00+00:00,8.8253e-06,-0.0004293979
2026-01-25 20:00:00+00:00,1.25e-05,-0.0003994714
2026-01-25 21:00:00+00:00,1.25e-05,-0.0003947301
2026-01-25 22:00:00+00:00,1.25e-05,-0.0003487383
2026-01-25 23:00:00+00:00,1.25e-05,-0.0003258201
2026-01-26 00:00:00+00:00,1.25e-05,-0.000232593
2026-01-26 01:00:00+00:00,1.25e-05,-0.0003169011
2026-01-26 02:00:00+00:00,1.25e-05,-0.000369312
2026-01-26 03:00:00+00:00,5.5348e-06,-0.0004557212
2026-01-26 04:00:00+00:00,1.3933e-06,-0.0004888536
2026-01-26 05:00:00+00:00,6.4133e-06,-0.0004486934
2026-01-26 06:00:00+00:00,4.957e-06,-0.0004603441
2026-01-26 07:00:00+00:00,7.831e-07,-0.0004937353
2026-01-26 08:00:00+00:00,7.5441e-06,-0.0004396475
2026-01-26 09:00:00+00:00,1.25e-05,-0.0003665464
2026-01-26 10:00:00+00:00,1.20464e-05,-0.0004036288
2026-01-26 11:00:00+00:00,1.12161e-05,-0.0004102708
2026-01-26 12:00:00+00:00,1.18915e-05,-0.0004048682
2026-01-26 13:00:00+00:00,7.473e-06,-0.0004402158
2026-01-26 14:00:00+00:00,5.9619e-06,-0.0004523047
2026-01-26 15:00:00+00:00,1.25e-05,-0.0003926012
2026-01-26 16:00:00+00:00,1.25e-05,-0.0003233432
2026-01-26 17:00:00+00:00,1.1485e-06,-0.0004908119
2026-01-26 18:00:00+00:00,-3.8121e-06,-0.0005304969
2026-01-26 19:00:00+00:00,5.915e-07,-0.0004952683
2026-01-26 20:00:00+00:00,-2.275e-06,-0.0005181999
2026-01-26 21:00:00+00:00,2.5877e-06,-0.0004792986
2026-01-26 22:00:00+00:00,4.7135e-06,-0.0004622918
2026-01-26 23:00:00+00:00,-9.065e-07,-0.000507252
2026-01-27 00:00:00+00:00,1.25e-05,-0.000384375
2026-01-27 01:00:00+00:00,3.2064e-06,-0.0004743488
2026-01-27 02:00:00+00:00,9.3591e-06,-0.0004251271
2026-01-27 03:00:00+00:00,1.25e-05,-0.000371628
2026-01-27 04:00:00+00:00,1.0995e-05,-0.0004120397
2026-01-27 05:00:00+00:00,1.02996e-05,-0.0004176033
2026-01-27 06:00:00+00:00,1.25e-05,-0.0003922134
2026-01-27 07:00:00+00:00,1.14988e-05,-0.0004080096
2026-01-27 08:00:00+00:00,1.25e-05,-0.0003451278
2026-01-27 09:00:00+00:00,1.02269e-05,-0.0004181851
2026-01-27 10:00:00+00:00,8.3385e-06,-0.0004332917
2026-01-27 11:00:00+00:00,1.05006e-05,-0.0004159953
2026-01-27 12:00:00+00:00,1.25e-05,-0.0003788279
2026-01-27 13:00:00+00:00,9.5871e-06,-0.0004233032
2026-01-27 14:00:00+00:00,8.003e-06,-0.0004359757
2026-01-27 15:00:00+00:00,1.25e-05,-0.0003989287
2026-01-27 16:00:00+00:00,1.10974e-05,-0.0004112211
2026-01-27 17:00:00+00:00,1.25e-05,-0.0003960212
2026-01-27 18:00:00+00:00,6.2818e-06,-0.0004497457
2026-01-27 19:00:00+00:00,1.25e-05,-0.0003867956
2026-01-27 20:00:00+00:00,1.17642e-05,-0.0004058867
2026-01-27 21:00:00+00:00,1.25e-05,-0.0003776989
2026-01-27 22:00:00+00:00,1.25e-05,-0.0003729553
2026-01-27 23:00:00+00:00,1.25e-05,-0.000363419
2026-01-28 00:00:00+00:00,1.25e-05,-0.0003113705
2026-01-28 01:00:00+00:00,1.25e-05,-0.0003795222
2026-01-28 02:00:00+00:00,1.25e-05,-0.0003580412
2026-01-28 03:00:00+00:00,1.25e-05,-0.0003663665
2026-01-28 04:00:00+00:00,1.23754e-05,-0.0004009967
2026-01-28 05:00:00+00:00,1.25e-05,-0.0003893956
2026-01-28 06:00:00+00:00,1.18999e-05,-0.0004048006
2026-01-28 07:00:00+00:00,1.25e-05,-0.0002678411
2026-01-28 08:00:00+00:00,1.25e-05,-0.0002391563
2026-01-28 09:00:00+00:00,1.25e-05,-0.0002952944
2026-01-28 10:00:00+00:00,1.25e-05,-0.0002110546
2026-01-28 11:00:00+00:00,1.25e-05,-9.99641e-05
2026-01-28 12:00:00+00:00,1.25e-05,-0.0001266102
2026-01-28 13:00:00+00:00,1.25e-05,-0.0001267136
2026-01-28 14:00:00+00:00,1.25e-05,-0.0001462571
2026-01-28 15:00:00+00:00,1.25e-05,-0.0003101666
2026-01-28 16:00:00+00:00,1.25e-05,-0.0003832269
2026-01-28 17:00:00+00:00,9.4909e-06,-0.000424073
2026-01-28 18:00:00+00:00,1.25e-05,-0.0003760928
2026-01-28 19:00:00+00:00,1.25e-05,-0.000299122
2026-01-28 20:00:00+00:00,1.09308e-05,-0.0004125538
2026-01-28 21:00:00+00:00,8.6779e-06,-0.0004305767
2026-01-28 22:00:00+00:00,1.25e-05,-0.0003904013
2026-01-28 23:00:00+00:00,1.25e-05,-0.0003584211
2026-01-29 00:00:00+00:00,1.25e-05,-0.0003151632
2026-01-29 01:00:00+00:00,4.221e-06,-0.0004662317
2026-01-29 02:00:00+00:00,3.5539e-06,-0.0004715689
2026-01-29 03:00:00+00:00,5.6788e-06,-0.0004545693
2026-01-29 04:00:00+00:00,1.25e-05,-0.0003826219
2026-01-29 05:00:00+00:00,1.25e-05,-0.0003810113
2026-01-29 06:00:00+00:00,1.25e-05,-0.0003311663
2026-01-29 07:00:00+00:00,1.25e-05,-0.0003017766
2026-01-29 08:00:00+00:00,1.25e-05,-0.0002134685
2026-01-29 09:00:00+00:00,1.25e-05,-0.0003345804
2026-01-29 10:00:00+00:00,7.4044e-06,-0.0004407648
2026-01-29 11:00:00+00:00,1.25e-05,-0.0003652336
2026-01-29 12:00:00+00:00,8.4364e-06,-0.0004325085
2026-01-29 13:00:00+00:00,1.25e-05,-0.0002688382
2026-01-29 14:00:00+00:00,1.25e-05,-0.0002346588
2026-01-29 15:00:00+00:00,1.25e-05,-0.0002560535
2026-01-29 16:00:00+00:00,1.25e-05,-0.0002600289
2026-01-29 17:00:00+00:00,1.25e-05,-0.0002738081
2026-01-29 18:00:00+00:00,1.25e-05,-0.0001241955
2026-01-29 19:00:00+00:00,1.25e-05,-0.0001409524
2026-01-29 20:00:00+00:00,1.25e-05,-0.0001349712
2026-01-29 21:00:00+00:00,1.25e-05,-3.98341e-05
2026-01-29 22:00:00+00:00,1.25e-05,-5.22631e-05
2026-01-29 23:00:00+00:00,1.25e-05,-0.0002507379
2026-01-30 00:00:00+00:00,1.25e-05,-0.0002602356
2026-01-30 01:00:00+00:00,1.25e-05,-0.0003797403
2026-01-30 02:00:00+00:00,4.5095e-06,-0.0004639239
2026-01-30 03:00:00+00:00,-8.304e-07,-0.0005066435
2026-01-30 04:00:00+00:00,7.86e-08,-0.0004993714
2026-01-30 05:00:00+00:00,-2.5716e-06,-0.0005205724
2026-01-30 06:00:00+00:00,2.4498e-06,-0.0004804014
2026-01-30 07:00:00+00:00,-5.9905e-06,-0.0005479239
2026-01-30 08:00:00+00:00,-7.8993e-06,-0.0005631944
2026-01-30 09:00:00+00:00,-8.71e-07,-0.0005069681
2026-01-30 10:00:00+00:00,-4.298e-06,-0.0005343842
2026-01-30 11:00:00+00:00,-1.3601e-06,-0.0005108806
2026-01-30 12:00:00+00:00,-1.3901e-06,-0.0005111212
2026-01-30 13:00:00+00:00,8.0416e-06,-0.0004356669
2026-01-30 14:00:00+00:00,1.25e-05,-0.0003801626
2026-01-30 15:00:00+00:00,1.25e-05,-0.0003722954
2026-01-30 16:00:00+00:00,5.5748e-06,-0.0004554017
2026-01-30 17:00:00+00:00,4.4694e-06,-0.0004642444
2026-01-30 18:00:00+00:00,1.25e-05,-0.0003706147
2026-01-30 19:00:00+00:00,1.25e-05,-0.00035755
2026-01-30 20:00:00+00:00,1.25e-05,-0.0001674299
2026-01-30 21:00:00+00:00,1.25e-05,-0.000211751
2026-01-30 22:00:00+00:00,1.25e-05,-0.0001581698
2026-01-30 23:00:00+00:00,1.25e-05,-0.0002372936
2026-01-31 00:00:00+00:00,1.25e-05,-0.0001920129
2026-01-31 01:00:00+00:00,1.25e-05,-0.0002507612
2026-01-31 02:00:00+00:00,1.25e-05,-0.0003608769
2026-01-31 03:00:00+00:00,1.25e-05,-0.0003686937
2026-01-31 04:00:00+00:00,1.25e-05,-0.0003767444
2026-01-31 05:00:00+00:00,1.25e-05,-0.0003542451
2026-01-31 06:00:00+00:00,9.6781e-06,-0.0004225749
2026-01-31 07:00:00+00:00,1.01474e-05,-0.0004188206
2026-01-31 08:00:00+00:00,6.7195e-06,-0.0004462437
2026-01-31 09:00:00+00:00,1.25e-05,-0.0003720527
2026-01-31 10:00:00+00:00,1.25e-05,-0.0002855024
2026-01-31 11:00:00+00:00,1.25e-05,-0.0003727515
2026-01-31 12:00:00+00:00,1.08167e-05,-0.0004134664
2026-01-31 13:00:00+00:00,1.25e-05,-0.0003794272
2026-01-31 14:00:00+00:00,1.25e-05,-0.0003523293
2026-01-31 15:00:00+00:00,6.4638e-06,-0.0004482898
2026-01-31 16:00:00+00:00,1.25e-05,-0.0003485965
2026-01-31 17:00:00+00:00,1.21998e-05,-0.0004024016
2026-01-31 18:00:00+00:00,-3.8611e-06,-0.0005308885
2026-01-31 19:00:00+00:00,1.09358e-05,-0.0004125133
2026-01-31 20:00:00+00:00,1.25e-05,-0.0002994271
2026-01-31 21:00:00+00:00,1.25e-05,-0.0002386246
2026-01-31 22:00:00+00:00,1.25e-05,-0.0001754114
2026-01-31 23:00:00+00:00,1.25e-05,-0.0001724701
2026-02-01 00:00:00+00:00,1.25e-05,-0.0001651195
2026-02-01 01:00:00+00:00,1.25e-05,-0.0001248603
2026-02-01 02:00:00+00:00,1.25e-05,-0.0002045581
2026-02-01 03:00:00+00:00,1.25e-05,-0.0002292931
2026-02-01 04:00:00+00:00,1.25e-05,-0.0002309245
2026-02-01 05:00:00+00:00,1.25e-05,-0.0002556101
2026-02-01 06:00:00+00:00,1.25e-05,-0.0003249399
2026-02-01 07:00:00+00:00,1.25e-05,-0.0003348217
2026-02-01 08:00:00+00:00,1.25e-05,-0.0003752063
2026-02-01 09:00:00+00:00,1.25e-05,-0.0003808579
2026-02-01 10:00:00+00:00,1.25e-05,-0.0003971574
2026-02-01 11:00:00+00:00,1.25e-05,-0.0003801519
2026-02-01 12:00:00+00:00,1.15331e-05,-0.0004077353
2026-02-01 13:00:00+00:00,6.364e-06,-0.0004490876
2026-02-01 14:00:00+00:00,7.215e-06,-0.0004422802
2026-02-01 15:00:00+00:00,1.7702e-06,-0.0004858385
2026-02-01 16:00:00+00:00,4.4877e-06,-0.0004640983
2026-02-01 17:00:00+00:00,5.3523e-06,-0.0004571817
2026-02-01 18:00:00+00:00,1.1733e-05,-0.0004061358
2026-02-01 19:00:00+00:00,1.03155e-05,-0.0004174759
2026-02-01 20:00:00+00:00,3.7766e-06,-0.0004697876
2026-02-01 21:00:00+00:00,3.2314e-06,-0.0004741486
2026-02-01 22:00:00+00:00,4.227e-06,-0.0004661843
2026-02-01 23:00:00+00:00,4.1339e-06,-0.0004669285
2026-02-02 00:00:00+00:00,-5.1235e-06,-0.0005409882
2026-02-02 01:00:00+00:00,2.5014e-06,-0.0004799891
2026-02-02 02:00:00+00:00,2.2263e-06,-0.0004821897
2026-02-02 03:00:00+00:00,-4.4058e-06,-0.0005352463
2026-02-02 04:00:00+00:00,-1.37156e-05,-0.000609725
2026-02-02 05:00:00+00:00,-4.0263e-06,-0.0005322103
2026-02-02 06:00:00+00:00,-8.7695e-06,-0.000570156
2026-02-02 07:00:00+00:00,-8.1149e-06,-0.000564919
2026-02-02 08:00:00+00:00,-9.5544e-06,-0.0005764354
2026-02-02 09:00:00+00:00,-5.869e-06,-0.0005469517
2026-02-02 10:00:00+00:00,-5.1016e-06,-0.0005408128
2026-02-02 11:00:00+00:00,-1.07794e-05,-0.0005862351
2026-02-02 12:00:00+00:00,-6.193e-06,-0.0005495439
2026-02-02 13:00:00+00:00,-3.9687e-06,-0.0005317494
2026-02-02 14:00:00+00:00,-5.4321e-06,-0.0005434569
2026-02-02 15:00:00+00:00,-1.27316e-05,-0.0006018527
2026-02-02 16:00:00+00:00,-2.06174e-05,-0.0006649394
2026-02-02 17:00:00+00:00,-2.47413e-05,-0.00069793
2026-02-02 18:00:00+00:00,-2.56344e-05,-0.0007050748
2026-02-02 19:00:00+00:00,-1.78286e-05,-0.0006426291
2026-02-02 20:00:00+00:00,-2.13987e-05,-0.0006711895
2026-02-02 21:00:00+00:00,-2.19947e-05,-0.0006759575
2026-02-02 22:00:00+00:00,-1.04821e-05,-0.0005838571
2026-02-02 23:00:00+00:00,-9.7486e-06,-0.0005779891
2026-02-03 00:00:00+00:00,-8.0147e-06,-0.0005641175
2026-02-03 01:00:00+00:00,-1.7428e-06,-0.0005139425
2026-02-03 02:00:00+00:00,-1.3655e-06,-0.0005109241
2026-02-03 03:00:00+00:00,-5.1564e-06,-0.0005412512
2026-02-03 04:00:00+00:00,-1.3276e-05,-0.0006062082
2026-02-03 05:00:00+00:00,-1.8237e-05,-0.0006458956
2026-02-03 06:00:00+00:00,-1.56483e-05,-0.0006251864
2026-02-03 07:00:00+00:00,-5.7991e-06,-0.0005463925
2026-02-03 08:00:00+00:00,7.745e-07,-0.000493804
2026-02-03 09:00:00+00:00,1.5339e-06,-0.0004877286
2026-02-03 10:00:00+00:00,3.84e-08,-0.0004996929
2026-02-03 11:00:00+00:00,-7.114e-07,-0.0005056913
2026-02-03 12:00:00+00:00,-1.5443e-06,-0.0005123547
2026-02-03 13:00:00+00:00,-1.0129e-06,-0.0005081035
2026-02-03 14:00:00+00:00,-7.613e-07,-0.0005060904
2026-02-03 15:00:00+00:00,-1.5966e-06,-0.000512773
2026-02-03 16:00:00+00:00,-5.07e-07,-0.0005040561
2026-02-03 17:00:00+00:00,6.2457e-06,-0.0004500341
2026-02-03 18:00:00+00:00,1.25e-05,-0.000349792
2026-02-03 19:00:00+00:00,1.25e-05,-0.0003337702
2026-02-03 20:00:00+00:00,1.25e-05,-0.0002585131
2026-02-03 21:00:00+00:00,1.25e-05,-0.0003754819
2026-02-03 22:00:00+00:00,1.25e-05,-0.0003395837
2026-02-03 23:00:00+00:00,1.07012e-05,-0.0004143902
2026-02-04 00:00:00+00:00,1.23536e-05,-0.000401171
2026-02-04 01:00:00+00:00,8.5792e-06,-0.0004313665
2026-02-04 02:00:00+00:00,1.25e-05,-0.000349748
2026-02-04 03:00:00+00:00,7.7661e-06,-0.0004378714
2026-02-04 04:00:00+00:00,1.25e-05,-0.0003862733
2026-02-04 05:00:00+00:00,1.25e-05,-0.0003693598
2026-02-04 06:00:00+00:00,1.09098e-05,-0.0004127212
2026-02-04 07:00:00+00:00,1.16536e-05,-0.000406771
2026-02-04 08:00:00+00:00,8.5649e-06,-0.0004314812
2026-02-04 09:00:00+00:00,8.4335e-06,-0.0004325321
2026-02-04 10:00:00+00:00,1.25e-05,-0.0003983469
2026-02-04 11:00:00+00:00,9.9821e-06,-0.0004201434
2026-02-04 12:00:00+00:00,1.25e-05,-0.0003308423
2026-02-04 13:00:00+00:00,1.25e-05,-0.0002812615
2026-02-04 14:00:00+00:00,1.03324e-05,-0.0004173405
2026-02-04 15:00:00+00:00,1.25e-05,-0.0003788164
2026-02-04 16:00:00+00:00,1.25e-05,-0.0003330663
2026-02-04 17:00:00+00:00,1.25e-05,-0.000372409
2026-02-04 18:00:00+00:00,1.25e-05,-0.000379082
2026-02-04 19:00:00+00:00,1.25e-05,-0.0002494966
2026-02-04 20:00:00+00:00,1.25e-05,-0.0002454242
2026-02-04 21:00:00+00:00,1.25e-05,-0.0001870675
2026-02-04 22:00:00+00:00,1.25e-05,-0.0002674283
2026-02-04 23:00:00+00:00,1.25e-05,-0.0003109004
2026-02-05 00:00:00+00:00,1.25e-05,-0.0002497439
2026-02-05 01:00:00+00:00,1.25e-05,-0.0003816427
2026-02-05 02:00:00+00:00,9.6567e-06,-0.0004227463
2026-02-05 03:00:00+00:00,6.3034e-06,-0.0004495729
2026-02-05 04:00:00+00:00,1.25e-05,-0.0003352914
2026-02-05 05:00:00+00:00,1.25e-05,-0.0003348436
2026-02-05 06:00:00+00:00,1.25e-05,-0.0003034633
2026-02-05 07:00:00+00:00,1.25e-05,-0.0001640158
2026-02-05 08:00:00+00:00,1.25e-05,-0.000222407
2026-02-05 09:00:00+00:00,1.25e-05,-0.0001734879
2026-02-05 10:00:00+00:00,1.25e-05,-0.0001096116
2026-02-05 11:00:00+00:00,1.25e-05,-0.0001580639
2026-02-05 12:00:00+00:00,1.25e-05,-0.0002686411
2026-02-05 13:00:00+00:00,1.25e-05,-0.0002645837
2026-02-05 14:00:00+00:00,1.25e-05,-6.9595e-05
2026-02-05 15:00:00+00:00,1.25e-05,-0.000194432
2026-02-05 16:00:00+00:00,1.25e-05,-0.0002811151
2026-02-05 17:00:00+00:00,1.25e-05,-0.0001319325
2026-02-05 18:00:00+00:00,1.25e-05,-0.000157534
2026-02-05 19:00:00+00:00,1.25e-05,-0.0002785662
2026-02-05 20:00:00+00:00,1.25e-05,-0.0001140392
2026-02-05 21:00:00+00:00,1.25e-05,-0.0003931591
2026-02-05 22:00:00+00:00,1.25e-05,-0.0003330342
2026-02-05 23:00:00+00:00,1.25e-05,-9.61055e-05
2026-02-06 00:00:00+00:00,1.25e-05,-0.0002254506
2026-02-06 01:00:00+00:00,2.3795e-06,-0.0004809639
2026-02-06 02:00:00+00:00,6.4565e-06,-0.0004483481
2026-02-06 03:00:00+00:00,9.5327e-06,-0.0004237385
2026-02-06 04:00:00+00:00,2.461e-07,-0.0004980311
2026-02-06 05:00:00+00:00,2.7544e-06,-0.0004779645
2026-02-06 06:00:00+00:00,5.3234e-06,-0.0004574129
2026-02-06 07:00:00+00:00,-1.25776e-05,-0.0006006211
2026-02-06 08:00:00+00:00,1.0634e-06,-0.0004914931
2026-02-06 09:00:00+00:00,-7.7625e-06,-0.0005620999
2026-02-06 10:00:00+00:00,4.105e-07,-0.0004967163
2026-02-06 11:00:00+00:00,-1.17338e-05,-0.00059387
2026-02-06 12:00:00+00:00,-6.4255e-06,-0.0005514039
2026-02-06 13:00:00+00:00,-3.0178e-06,-0.0005241423
2026-02-06 14:00:00+00:00,3.1771e-06,-0.0004745829
2026-02-06 15:00:00+00:00,-6.8101e-06,-0.0005544806
2026-02-06 16:00:00+00:00,-3.10356e-05,-0.0007482849
2026-02-06 17:00:00+00:00,-4.98358e-05,-0.0008986867
2026-02-06 18:00:00+00:00,-3.88053e-05,-0.0008104425
2026-02-06 19:00:00+00:00,-4.52321e-05,-0.0008618565
2026-02-06 20:00:00+00:00,-4.28544e-05,-0.0008428352
2026-02-06 21:00:00+00:00,-6.93858e-05,-0.0010550867
2026-02-06 22:00:00+00:00,-6.38099e-05,-0.0010104789
2026-02-06 23:00:00+00:00,-4.09391e-05,-0.0008275126
2026-02-07 00:00:00+00:00,-3.53026e-05,-0.0007824207
2026-02-07 01:00:00+00:00,-3.02863e-05,-0.0007422906
2026-02-07 02:00:00+00:00,-2.40166e-05,-0.0006921332
2026-02-07 03:00:00+00:00,-2.61056e-05,-0.0007088451
2026-02-07 04:00:00+00:00,-1.92406e-05,-0.0006539251
2026-02-07 05:00:00+00:00,-2.45135e-05,-0.0006961081
2026-02-07 06:00:00+00:00,-2.40432e-05,-0.0006923457
2026-02-07 07:00:00+00:00,-2.52262e-05,-0.00070181
2026-02-07 08:00:00+00:00,-3.09566e-05,-0.0007476528
2026-02-07 09:00:00+00:00,-2.54647e-05,-0.0007037173
2026-02-07 10:00:00+00:00,-2.83961e-05,-0.0007271686
2026-02-07 11:00:00+00:00,-2.28758e-05,-0.0006830066
2026-02-07 12:00:00+00:00,-1.7879e-05,-0.0006430317
2026-02-07 13:00:00+00:00,-1.46991e-05,-0.0006175932
2026-02-07 14:00:00+00:00,-1.48933e-05,-0.0006191468
2026-02-07 15:00:00+00:00,-1.12278e-05,-0.0005898224
2026-02-07 16:00:00+00:00,-4.7811e-06,-0.0005382489
2026-02-07 17:00:00+00:00,-1.26739e-05,-0.0006013912
2026-02-07 18:00:00+00:00,-7.1781e-06,-0.0005574246
2026-02-07 19:00:00+00:00,-7.958e-07,-0.000506366
2026-02-07 20:00:00+00:00,-5.304e-07,-0.0005042429
2026-02-07 21:00:00+00:00,2.3038e-06,-0.0004815695
2026-02-07 22:00:00+00:00,-2.5388e-06,-0.0005203104
2026-02-07 23:00:00+00:00,-1.50223e-05,-0.0006201784
2026-02-08 00:00:00+00:00,-1.95208e-05,-0.000656166
2026-02-08 01:00:00+00:00,-1.76852e-05,-0.0006414813
2026-02-08 02:00:00+00:00,-4.8514e-06,-0.0005388116
2026-02-08 03:00:00+00:00,-6.6366e-06,-0.0005530931
2026-02-08 04:00:00+00:00,-7.9506e-06,-0.0005636045
2026-02-08 05:00:00+00:00,-7.7288e-06,-0.0005618306
2026-02-08 06:00:00+00:00,-9.8966e-06,-0.0005791726
2026-02-08 07:00:00+00:00,-1.32035e-05,-0.0006056277
2026-02-08 08:00:00+00:00,-8.129e-06,-0.0005650318
2026-02-08 09:00:00+00:00,-4.674e-07,-0.0005037395
2026-02-08 10:00:00+00:00,-6.3485e-06,-0.000550788
2026-02-08 11:00:00+00:00,-2.1486e-06,-0.0005171891
2026-02-08 12:00:00+00:00,1.028e-07,-0.0004991776
2026-02-08 13:00:00+00:00,-4.3874e-06,-0.0005350989
2026-02-08 14:00:00+00:00,-1.7942e-06,-0.0005143536
2026-02-08 15:00:00+00:00,1.2277e-06,-0.0004901784
2026-02-08 16:00:00+00:00,2.7679e-06,-0.0004778568
2026-02-08 17:00:00+00:00,6.8762e-06,-0.0004449907
2026-02-08 18:00:00+00:00,4.6217e-06,-0.0004630267
2026-02-08 19:00:00+00:00,1.24491e-05,-0.000400407
2026-02-08 20:00:00+00:00,9.4503e-06,-0.0004243977
2026-02-08 21:00:00+00:00,1.1675e-06,-0.0004906598
2026-02-08 22:00:00+00:00,1.9755e-06,-0.0004841962
2026-02-08 23:00:00+00:00,3.3541e-06,-0.0004731675
2026-02-09 00:00:00+00:00,4.7042e-06,-0.0004623665
2026-02-09 01:00:00+00:00,-8.483e-07,-0.0005067866
2026-02-09 02:00:00+00:00,2.6385e-06,-0.0004788917
2026-02-09 03:00:00+00:00,5.8667e-06,-0.0004530666
2026-02-09 04:00:00+00:00,1.20953e-05,-0.0004032374
2026-02-09 05:00:00+00:00,5.119e-06,-0.0004590483
2026-02-09 06:00:00+00:00,6.354e-06,-0.0004491678
2026-02-09 07:00:00+00:00,4.03e-06,-0.0004677602
2026-02-09 08:00:00+00:00,1.25e-05,-0.0003554773
2026-02-09 09:00:00+00:00,1.00926e-05,-0.0004192595
2026-02-09 10:00:00+00:00,3.4365e-06,-0.0004725077
2026-02-09 11:00:00+00:00,-4.065e-06,-0.0005325198
2026-02-09 12:00:00+00:00,-3.7766e-06,-0.0005302127
2026-02-09 13:00:00+00:00,-5.3363e-06,-0.0005426905
2026-02-09 14:00:00+00:00,-6.6233e-06,-0.0005529866
2026-02-09 15:00:00+00:00,-4.503e-06,-0.0005360237
2026-02-09 16:00:00+00:00,-5.4763e-06,-0.0005438108
2026-02-09 17:00:00+00:00,-5.1538e-06,-0.0005412301
2026-02-09 18:00:00+00:00,-5.9758e-06,-0.0005478066
2026-02-09 19:00:00+00:00,-3.141e-06,-0.0005251277
2026-02-09 20:00:00+00:00,5.741e-07,-0.0004954074
2026-02-09 21:00:00+00:00,-6.3598e-06,-0.0005508785
2026-02-09 22:00:00+00:00,-8.1345e-06,-0.0005650759
2026-02-09 23:00:00+00:00,-8.4836e-06,-0.0005678689
2026-02-10 00:00:00+00:00,-8.4721e-06,-0.0005677766
2026-02-10 01:00:00+00:00,-8.7943e-06,-0.0005703546
2026-02-10 02:00:00+00:00,2.3052e-06,-0.0004815587
2026-02-10 03:00:00+00:00,7.593e-07,-0.0004939258
2026-02-10 04:00:00+00:00,-8.851e-07,-0.0005070808
2026-02-10 05:00:00+00:00,3.4612e-06,-0.0004723102
2026-02-10 06:00:00+00:00,-1.5858e-06,-0.0005126863
2026-02-10 07:00:00+00:00,2.3358e-06,-0.0004813132
2026-02-10 08:00:00+00:00,-2.0671e-06,-0.0005165367
2026-02-10 09:00:00+00:00,-6.102e-07,-0.0005048818
2026-02-10 10:00:00+00:00,3.0861e-06,-0.000475311
2026-02-10 11:00:00+00:00,5.3797e-06,-0.0004569622
2026-02-10 12:00:00+00:00,4.2948e-06,-0.0004656415
2026-02-10 13:00:00+00:00,6.4047e-06,-0.0004487621
2026-02-10 14:00:00+00:00,8.8389e-06,-0.0004292886
2026-02-10 15:00:00+00:00,7.9829e-06,-0.000436137
2026-02-10 16:00:00+00:00,1.10484e-05,-0.0004116129
2026-02-10 17:00:00+00:00,1.25e-05,-0.0003466564
2026-02-10 18:00:00+00:00,1.25e-05,-0.0003146895
2026-02-10 19:00:00+00:00,9.9318e-06,-0.000420546
2026-02-10 20:00:00+00:00,4.8965e-06,-0.0004608284
2026-02-10 21:00:00+00:00,3.2795e-06,-0.0004737642
2026-02-10 22:00:00+00:00,4.0221e-06,-0.0004678236
2026-02-10 23:00:00+00:00,2.3661e-06,-0.0004810712
2026-02-11 00:00:00+00:00,4.7743e-06,-0.0004618054
2026-02-11 01:00:00+00:00,9.1847e-06,-0.0004265224
2026-02-11 02:00:00+00:00,-2.49e-07,-0.0005019923
2026-02-11 03:00:00+00:00,-7.525e-07,-0.0005060203
2026-02-11 04:00:00+00:00,-9.684e-07,-0.0005077472
2026-02-11 05:00:00+00:00,-2.7714e-06,-0.0005221711
2026-02-11 06:00:00+00:00,1.3089e-06,-0.0004895286
2026-02-11 07:00:00+00:00,-7.0252e-06,-0.0005562016
2026-02-11 08:00:00+00:00,-1.5289e-06,-0.0005122309
2026-02-11 09:00:00+00:00,2.3465e-06,-0.0004812283
2026-02-11 10:00:00+00:00,3.2911e-06,-0.0004736711
2026-02-11 11:00:00+00:00,4.2875e-06,-0.0004656999
2026-02-11 12:00:00+00:00,1.25e-05,-0.0003553361
2026-02-11 13:00:00+00:00,8.3496e-06,-0.0004332029
2026-02-11 14:00:00+00:00,2.9384e-06,-0.000476493
2026-02-11 15:00:00+00:00,1.04502e-05,-0.0004163985
2026-02-11 16:00:00+00:00,8.094e-06,-0.0004352478
2026-02-11 17:00:00+00:00,1.4779e-06,-0.0004881768
2026-02-11 18:00:00+00:00,1.6581e-06,-0.0004867352
2026-02-11 19:00:00+00:00,-2.0681e-06,-0.0005165451
2026-02-11 20:00:00+00:00,-1.0441e-06,-0.0005083524
2026-02-11 21:00:00+00:00,-4.923e-06,-0.0005393838
2026-02-11 22:00:00+00:00,-5.4302e-06,-0.0005434416
2026-02-11 23:00:00+00:00,-9.5824e-06,-0.000576659
2026-02-12 00:00:00+00:00,-1.5481e-05,-0.0006238483
2026-02-12 01:00:00+00:00,-1.75218e-05,-0.0006401741
2026-02-12 02:00:00+00:00,-1.87874e-05,-0.0006502988
2026-02-12 03:00:00+00:00,-1.50082e-05,-0.0006200658
2026-02-12 04:00:00+00:00,-8.9305e-06,-0.0005714441
2026-02-12 05:00:00+00:00,-1.19107e-05,-0.0005952856
2026-02-12 06:00:00+00:00,-9.3717e-06,-0.0005749736
2026-02-12 07:00:00+00:00,-9.6338e-06,-0.0005770704
2026-02-12 08:00:00+00:00,-3.0226e-06,-0.0005241809
2026-02-12 09:00:00+00:00,-2.5651e-06,-0.0005205208
2026-02-12 10:00:00+00:00,-4.132e-06,-0.0005330558
2026-02-12 11:00:00+00:00,-2.584e-07,-0.0005020674
2026-02-12 12:00:00+00:00,8.819e-06,-0.0004294479
2026-02-12 13:00:00+00:00,5.6285e-06,-0.0004549721
2026-02-12 14:00:00+00:00,9.6142e-06,-0.0004230862
2026-02-12 15:00:00+00:00,8.1054e-06,-0.0004351569
2026-02-12 16:00:00+00:00,1.25e-05,-0.0003887752
2026-02-12 17:00:00+00:00,1.25e-05,-0.0003410648
2026-02-12 18:00:00+00:00,1.25e-05,-0.0003039333
2026-02-12 19:00:00+00:00,1.25e-05,-0.000220825
2026-02-12 20:00:00+00:00,1.25e-05,-0.0002464357
2026-02-12 21:00:00+00:00,1.25e-05,-0.0003189577
2026-02-12 22:00:00+00:00,1.25e-05,-0.0002070586
2026-02-12 23:00:00+00:00,1.25e-05,-0.0002460849
2026-02-13 00:00:00+00:00,1.25e-05,-0.0003218372
2026-02-13 01:00:00+00:00,1.20995e-05,-0.0004032041
2026-02-13 02:00:00+00:00,1.25e-05,-0.0003684535
2026-02-13 03:00:00+00:00,5.2265e-06,-0.0004581882
2026-02-13 04:00:00+00:00,2.046e-07,-0.0004983635
2026-02-13 05:00:00+00:00,7.013e-07,-0.0004943895
2026-02-13 06:00:00+00:00,1.8907e-06,-0.0004848745
2026-02-13 07:00:00+00:00,-1.2146e-06,-0.0005097171
2026-02-13 08:00:00+00:00,-3.4497e-06,-0.0005275976
2026-02-13 09:00:00+00:00,3.0545e-06,-0.0004755637
2026-02-13 10:00:00+00:00,1.2519e-06,-0.0004899847
2026-02-13 11:00:00+00:00,2.7761e-06,-0.0004777909
2026-02-13 12:00:00+00:00,2.131e-07,-0.0004982955
2026-02-13 13:00:00+00:00,2.886e-07,-0.0004976911
2026-02-13 14:00:00+00:00,6.013e-07,-0.0004951899
2026-02-13 15:00:00+00:00,6.919e-06,-0.0004446478
2026-02-13 16:00:00+00:00,1.25e-05,-0.0003915243
2026-02-13 17:00:00+00:00,1.0115e-05,-0.0004190801
2026-02-13 18:00:00+00:00,7.3524e-06,-0.000441181
2026-02-13 19:00:00+00:00,1.25e-05,-0.0003958486
2026-02-13 20:00:00+00:00,1.0865e-05,-0.0004130799
2026-02-13 21:00:00+00:00,1.25e-05,-0.0003802801
2026-02-13 22:00:00+00:00,1.25e-05,-0.000379657
2026-02-13 23:00:00+00:00,1.25e-05,-0.0003514201
2026-02-14 00:00:00+00:00,1.25e-05,-0.0003913195
2026-02-14 01:00:00+00:00,1.25e-05,-0.0003954951
2026-02-14 02:00:00+00:00,7.5308e-06,-0.0004397537
2026-02-14 03:00:00+00:00,1.25e-05,-0.0003843916
2026-02-14 04:00:00+00:00,1.25e-05,-0.0003730182
2026-02-14 05:00:00+00:00,1.25e-05,-0.0003432753
2026-02-14 06:00:00+00:00,1.25e-05,-0.0003942834
2026-02-14 07:00:00+00:00,1.25e-05,-0.0003568576
2026-02-14 08:00:00+00:00,1.25e-05,-0.0003404676
2026-02-14 09:00:00+00:00,1.25e-05,-0.0003359454
2026-02-14 10:00:00+00:00,1.25e-05,-0.0003940536
2026-02-14 11:00:00+00:00,1.25e-05,-0.0003726436
2026-02-14 12:00:00+00:00,1.25e-05,-0.0003167117
2026-02-14 13:00:00+00:00,1.25e-05,-0.0003884079
2026-02-14 14:00:00+00:00,6.4703e-06,-0.0004482376
2026-02-14 15:00:00+00:00,1.25e-05,-0.0003994772
2026-02-14 16:00:00+00:00,1.25e-05,-0.000325203
2026-02-14 17:00:00+00:00,1.25e-05,-0.000346799
2026-02-14 18:00:00+00:00,1.25e-05,-0.000351496
2026-02-14 19:00:00+00:00,1.25e-05,-0.0003621981
2026-02-14 20:00:00+00:00,1.25e-05,-0.0003968789
2026-02-14 21:00:00+00:00,1.16681e-05,-0.0004066554
2026-02-14 22:00:00+00:00,1.25e-05,-0.0003773217
2026-02-14 23:00:00+00:00,1.25e-05,-0.0003774727
2026-02-15 00:00:00+00:00,1.25e-05,-0.0003674736
2026-02-15 01:00:00+00:00,8.8521e-06,-0.0004291829
2026-02-15 02:00:00+00:00,7.7114e-06,-0.0004383089
2026-02-15 03:00:00+00:00,4.3299e-06,-0.0004653608
2026-02-15 04:00:00+00:00,1.25e-05,-0.0003622253
2026-02-15 05:00:00+00:00,1.25e-05,-0.0002810635
2026-02-15 06:00:00+00:00,1.25e-05,-0.0003246912
2026-02-15 07:00:00+00:00,1.25e-05,-0.0003660094
2026-02-15 08:00:00+00:00,1.25e-05,-0.0003906419
2026-02-15 09:00:00+00:00,1.25e-05,-0.0003827749
2026-02-15 10:00:00+00:00,9.5671e-06,-0.0004234636
2026-02-15 11:00:00+00:00,1.00901e-05,-0.0004192791
2026-02-15 12:00:00+00:00,1.25e-05,-0.0003990179
2026-02-15 13:00:00+00:00,8.3914e-06,-0.0004328684
2026-02-15 14:00:00+00:00,3.1641e-06,-0.0004746869
2026-02-15 15:00:00+00:00,3.2833e-06,-0.0004737336
2026-02-15 16:00:00+00:00,-3.5517e-06,-0.0005284134
2026-02-15 17:00:00+00:00,3.0591e-06,-0.0004755268
2026-02-15 18:00:00+00:00,8.8035e-06,-0.0004295721
2026-02-15 19:00:00+00:00,9.3083e-06,-0.0004255332
2026-02-15 20:00:00+00:00,1.25e-05,-0.0003547241
2026-02-15 21:00:00+00:00,1.25e-05,-0.0003466549
2026-02-15 22:00:00+00:00,1.25e-05,-0.0003214958
2026-02-15 23:00:00+00:00,1.25e-05,-0.000326687
2026-02-16 00:00:00+00:00,1.25e-05,-0.0003722518
2026-02-16 01:00:00+00:00,1.25e-05,-0.0003644336
2026-02-16 02:00:00+00:00,7.1976e-06,-0.0004424193
2026-02-16 03:00:00+00:00,1.06883e-05,-0.0004144937
2026-02-16 04:00:00+00:00,3.6622e-06,-0.0004707026
2026-02-16 05:00:00+00:00,7.8763e-06,-0.0004369894
2026-02-16 06:00:00+00:00,2.754e-06,-0.0004779684
2026-02-16 07:00:00+00:00,6.8515e-06,-0.0004451881
2026-02-16 08:00:00+00:00,1.01416e-05,-0.000418867
2026-02-16 09:00:00+00:00,5.9846e-06,-0.0004521233
2026-02-16 10:00:00+00:00,2.6715e-06,-0.0004786278
2026-02-16 11:00:00+00:00,5.2887e-06,-0.0004576901
2026-02-16 12:00:00+00:00,2.9843e-06,-0.0004761259
2026-02-16 13:00:00+00:00,2.4751e-06,-0.0004801988
2026-02-16 14:00:00+00:00,3.9743e-06,-0.0004682055
2026-02-16 15:00:00+00:00,1.105e-06,-0.0004911603
2026-02-16 16:00:00+00:00,3.6854e-06,-0.0004705168
2026-02-16 17:00:00+00:00,4.4648e-06,-0.0004642814
2026-02-16 18:00:00+00:00,-5.2042e-06,-0.0005416336
2026-02-16 19:00:00+00:00,-4.076e-07,-0.0005032606
2026-02-16 20:00:00+00:00,4.5058e-06,-0.0004639537
2026-02-16 21:00:00+00:00,1.23127e-05,-0.0004014981
2026-02-16 22:00:00+00:00,6.9964e-06,-0.0004440286
2026-02-16 23:00:00+00:00,8.6635e-06,-0.0004306919
2026-02-17 00:00:00+00:00,8.817e-06,-0.0004294637
2026-02-17 01:00:00+00:00,1.02601e-05,-0.0004179188
2026-02-17 02:00:00+00:00,4.519e-06,-0.0004638478
2026-02-17 03:00:00+00:00,7.1753e-06,-0.0004425974
2026-02-17 04:00:00+00:00,3.3437e-06,-0.0004732508
2026-02-17 05:00:00+00:00,7.0648e-06,-0.0004434815
2026-02-17 06:00:00+00:00,5.9076e-06,-0.0004527395
2026-02-17 07:00:00+00:00,7.9845e-06,-0.0004361236
2026-02-17 08:00:00+00:00,6.9525e-06,-0.0004443798
2026-02-17 09:00:00+00:00,3.6649e-06,-0.0004706809
2026-02-17 10:00:00+00:00,4.0877e-06,-0.0004672981
2026-02-17 11:00:00+00:00,-2.2663e-06,-0.0005181302
2026-02-17 12:00:00+00:00,-8.289e-07,-0.0005066314
2026-02-17 13:00:00+00:00,2.1372e-06,-0.0004829023
2026-02-17 14:00:00+00:00,4.4717e-06,-0.0004642263
2026-02-17 15:00:00+00:00,6.6159e-06,-0.0004470726
2026-02-17 16:00:00+00:00,1.18305e-05,-0.0004053561
2026-02-17 17:00:00+00:00,1.0746e-05,-0.0004140317
2026-02-17 18:00:00+00:00,1.25e-05,-0.0003421544
2026-02-17 19:00:00+00:00,1.25e-05,-0.0002313348
2026-02-17 20:00:00+00:00,1.25e-05,-0.0002700798
2026-02-17 21:00:00+00:00,1.25e-05,-0.000245282
2026-02-17 22:00:00+00:00,1.25e-05,-0.0002755294
2026-02-17 23:00:00+00:00,1.25e-05,-0.0002723223
2026-02-18 00:00:00+00:00,1.25e-05,-0.0002725033
2026-02-18 01:00:00+00:00,1.25e-05,-0.000319858
2026-02-18 02:00:00+00:00,1.25e-05,-0.0003360733
2026-02-18 03:00:00+00:00,1.25e-05,-0.0002916188
2026-02-18 04:00:00+00:00,1.25e-05,-0.0002614495
2026-02-18 05:00:00+00:00,1.25e-05,-0.0002875187
2026-02-18 06:00:00+00:00,1.25e-05,-0.0003974963
2026-02-18 07:00:00+00:00,6.9158e-06,-0.0004446734
2026-02-18 08:00:00+00:00,7.6073e-06,-0.0004391413
2026-02-18 09:00:00+00:00,9.1486e-06,-0.0004268109
2026-02-18 10:00:00+00:00,1.0137e-05,-0.0004189043
2026-02-18 11:00:00+00:00,5.8722e-06,-0.0004530221
2026-02-18 12:00:00+00:00,1.8573e-06,-0.000485142
2026-02-18 13:00:00+00:00,9.9123e-06,-0.0004207017
2026-02-18 14:00:00+00:00,1.05879e-05,-0.0004152968
2026-02-18 15:00:00+00:00,1.25e-05,-0.0003562962
2026-02-18 16:00:00+00:00,1.25e-05,-0.0002933153
2026-02-18 17:00:00+00:00,1.25e-05,-0.0003278405
2026-02-18 18:00:00+00:00,9.5019e-06,-0.0004239844
2026-02-18 19:00:00+00:00,-1.03773e-05,-0.0005830184
2026-02-18 20:00:00+00:00,-1.01341e-05,-0.0005810731
2026-02-18 21:00:00+00:00,-6.462e-06,-0.0005516962
2026-02-18 22:00:00+00:00,2.437e-06,-0.0004805042
2026-02-18 23:00:00+00:00,1.8529e-06,-0.0004851765
2026-02-19 00:00:00+00:00,2.5987e-06,-0.0004792107
2026-02-19 01:00:00+00:00,4.2484e-06,-0.0004660124
2026-02-19 02:00:00+00:00,5.0923e-06,-0.0004592615
2026-02-19 03:00:00+00:00,6.4821e-06,-0.0004481429
2026-02-19 04:00:00+00:00,6.5879e-06,-0.000447297
2026-02-19 05:00:00+00:00,1.25e-05,-0.0003747907
2026-02-19 06:00:00+00:00,1.07971e-05,-0.0004136229
2026-02-19 07:00:00+00:00,1.10697e-05,-0.0004114426
2026-02-19 08:00:00+00:00,1.25e-05,-0.0003978025
2026-02-19 09:00:00+00:00,7.5569e-06,-0.0004395445
2026-02-19 10:00:00+00:00,1.16041e-05,-0.0004071672
2026-02-19 11:00:00+00:00,1.25e-05,-0.0003704214
2026-02-19 12:00:00+00:00,1.25e-05,-0.0003626251
2026-02-19 13:00:00+00:00,7.3441e-06,-0.0004412474
2026-02-19 14:00:00+00:00,1.1221e-05,-0.000410232
2026-02-19 15:00:00+00:00,1.25e-05,-0.0003381667
2026-02-19 16:00:00+00:00,1.25e-05,-0.0003553533
2026-02-19 17:00:00+00:00,1.25e-05,-0.0003128871
2026-02-19 18:00:00+00:00,1.25e-05,-0.0002582153
2026-02-19 19:00:00+00:00,1.25e-05,-0.0002304644
2026-02-19 20:00:00+00:00,1.25e-05,-0.0002199637
2026-02-19 21:00:00+00:00,1.25e-05,-0.0002017249
2026-02-19 22:00:00+00:00,1.25e-05,-0.0002155914
2026-02-19 23:00:00+00:00,1.25e-05,-0.0002198682
2026-02-20 00:00:00+00:00,1.25e-05,-0.0002147599
2026-02-20 01:00:00+00:00,1.25e-05,-0.000185113
2026-02-20 02:00:00+00:00,1.25e-05,-0.0002059172
2026-02-20 03:00:00+00:00,1.25e-05,-0.0002367137
2026-02-20 04:00:00+00:00,1.25e-05,-0.0002257435
2026-02-20 05:00:00+00:00,1.25e-05,-0.0002473771
2026-02-20 06:00:00+00:00,1.25e-05,-0.0002326352
2026-02-20 07:00:00+00:00,1.25e-05,-0.0002125451
2026-02-20 08:00:00+00:00,1.25e-05,-0.0002347706
2026-02-20 09:00:00+00:00,1.25e-05,-0.0003063394
2026-02-20 10:00:00+00:00,1.25e-05,-0.0003068252
2026-02-20 11:00:00+00:00,1.24569e-05,-0.0004003451
2026-02-20 12:00:00+00:00,5.32e-06,-0.0004574404
2026-02-20 13:00:00+00:00,6.9241e-06,-0.0004446074
2026-02-20 14:00:00+00:00,1.25e-05,-0.0003531718
2026-02-20 15:00:00+00:00,1.25e-05,-0.0002907736
2026-02-20 16:00:00+00:00,7.7052e-06,-0.0004383581
2026-02-20 17:00:00+00:00,4.0258e-06,-0.0004677935
2026-02-20 18:00:00+00:00,1.11311e-05,-0.0004109509
2026-02-20 19:00:00+00:00,1.25e-05,-0.0003632522
2026-02-20 20:00:00+00:00,1.7113e-06,-0.0004863096
2026-02-20 21:00:00+00:00,-5.714e-07,-0.0005045709
2026-02-20 22:00:00+00:00,3.49e-07,-0.0004972079
2026-02-20 23:00:00+00:00,4.3361e-06,-0.0004653115
2026-02-21 00:00:00+00:00,1.7639e-06,-0.0004858887
2026-02-21 01:00:00+00:00,-1.3796e-06,-0.0005110371
2026-02-21 02:00:00+00:00,3.3262e-06,-0.0004733906
2026-02-21 03:00:00+00:00,6.4306e-06,-0.0004485555
2026-02-21 04:00:00+00:00,4.9147e-06,-0.0004606823
2026-02-21 05:00:00+00:00,4.8647e-06,-0.0004610821
2026-02-21 06:00:00+00:00,8.4629e-06,-0.0004322967
2026-02-21 07:00:00+00:00,5.0089e-06,-0.0004599287
2026-02-21 08:00:00+00:00,2.0309e-06,-0.0004837532
2026-02-21 09:00:00+00:00,-2.665e-07,-0.0005021319
2026-02-21 10:00:00+00:00,-2.0418e-06,-0.0005163342
2026-02-21 11:00:00+00:00,-1.3155e-06,-0.0005105238
2026-02-21 12:00:00+00:00,-3.5229e-06,-0.0005281835
2026-02-21 13:00:00+00:00,-2.9268e-06,-0.0005234143
2026-02-21 14:00:00+00:00,-2.3274e-06,-0.0005186195
2026-02-21 15:00:00+00:00,-4.6184e-06,-0.0005369471
2026-02-21 16:00:00+00:00,-4.5366e-06,-0.0005362932
2026-02-21 17:00:00+00:00,-1.15307e-05,-0.0005922453
2026-02-21 18:00:00+00:00,-9.3017e-06,-0.0005744135
2026-02-21 19:00:00+00:00,-4.7001e-06,-0.0005376009
2026-02-21 20:00:00+00:00,-9.3582e-06,-0.0005748654
2026-02-21 21:00:00+00:00,-1.04287e-05,-0.0005834299
2026-02-21 22:00:00+00:00,-9.2187e-06,-0.0005737494
2026-02-21 23:00:00+00:00,-1.21438e-05,-0.0005971506
2026-02-22 00:00:00+00:00,-1.36702e-05,-0.0006093614
2026-02-22 01:00:00+00:00,-1.97873e-05,-0.0006582982
2026-02-22 02:00:00+00:00,-8.6886e-06,-0.0005695084
2026-02-22 03:00:00+00:00,-1.41337e-05,-0.0006130695
2026-02-22 04:00:00+00:00,-1.05856e-05,-0.000584685
2026-02-22 05:00:00+00:00,-5.2734e-06,-0.0005421874
2026-02-22 06:00:00+00:00,3.022e-07,-0.0004975822
2026-02-22 07:00:00+00:00,1.1689e-06,-0.0004906486
2026-02-22 08:00:00+00:00,2.6162e-06,-0.0004790705
2026-02-22 09:00:00+00:00,7.5995e-06,-0.0004392041
2026-02-22 10:00:00+00:00,8.7682e-06,-0.0004298546
2026-02-22 11:00:00+00:00,8.2612e-06,-0.0004339104
2026-02-22 12:00:00+00:00,7.5506e-06,-0.0004395951
2026-02-22 13:00:00+00:00,1.19545e-05,-0.000404364
2026-02-22 14:00:00+00:00,1.25e-05,-0.0003428766
2026-02-22 15:00:00+00:00,8.9852e-06,-0.0004281182
2026-02-22 16:00:00+00:00,1.20666e-05,-0.0004034673
2026-02-22 17:00:00+00:00,8.091e-06,-0.0004352724
2026-02-22 18:00:00+00:00,4.969e-07,-0.0004960249
2026-02-22 19:00:00+00:00,6.2171e-06,-0.000450263
2026-02-22 20:00:00+00:00,6.5074e-06,-0.0004479405
2026-02-22 21:00:00+00:00,4.4258e-06,-0.000464594
2026-02-22 22:00:00+00:00,9.82e-07,-0.0004921436
2026-02-22 23:00:00+00:00,-1.5923e-06,-0.0005127386
2026-02-23 00:00:00+00:00,-5.9464e-06,-0.0005475714
2026-02-23 01:00:00+00:00,-9.5652e-06,-0.0005765215
2026-02-23 02:00:00+00:00,5.8472e-06,-0.0004532222
2026-02-23 03:00:00+00:00,5.9345e-06,-0.0004525242
2026-02-23 04:00:00+00:00,5.4135e-06,-0.0004566917
2026-02-23 05:00:00+00:00,5.6009e-06,-0.0004551925
2026-02-23 06:00:00+00:00,1.10023e-05,-0.0004119816
2026-02-23 07:00:00+00:00,6.4498e-06,-0.0004484015
2026-02-23 08:00:00+00:00,8.2246e-06,-0.0004342029
2026-02-23 09:00:00+00:00,5.9766e-06,-0.0004521876
2026-02-23 10:00:00+00:00,7.661e-06,-0.0004387118
2026-02-23 11:00:00+00:00,6.123e-07,-0.0004951018
2026-02-23 12:00:00+00:00,-5.0116e-06,-0.0005400929
2026-02-23 13:00:00+00:00,-8.3763e-06,-0.0005670108
2026-02-23 14:00:00+00:00,-9.3539e-06,-0.0005748309
2026-02-23 15:00:00+00:00,-4.531e-06,-0.0005362479
2026-02-23 16:00:00+00:00,-2.0331e-06,-0.0005162651
2026-02-23 17:00:00+00:00,4.1918e-06,-0.0004664652
2026-02-23 18:00:00+00:00,1.25e-05,-0.0003857528
2026-02-23 19:00:00+00:00,1.25e-05,-0.0003888014
2026-02-23 20:00:00+00:00,1.25e-05,-0.0003147936
2026-02-23 21:00:00+00:00,1.25e-05,-0.000299112
2026-02-23 22:00:00+00:00,1.25e-05,-0.0002731841
2026-02-23 23:00:00+00:00,1.25e-05,-0.0002642824
2026-02-24 00:00:00+00:00,1.25e-05,-0.0002387864
2026-02-24 01:00:00+00:00,1.25e-05,-0.0002273519
2026-02-24 02:00:00+00:00,1.25e-05,-0.0003650736
2026-02-24 03:00:00+00:00,5.5746e-06,-0.000455403
2026-02-24 04:00:00+00:00,8.3336e-06,-0.0004333316
2026-02-24 05:00:00+00:00,7.4794e-06,-0.0004401644
2026-02-24 06:00:00+00:00,1.12323e-05,-0.0004101416
2026-02-24 07:00:00+00:00,1.00947e-05,-0.0004192422
2026-02-24 08:00:00+00:00,1.15639e-05,-0.0004074888
2026-02-24 09:00:00+00:00,1.25e-05,-0.0003126487
2026-02-24 10:00:00+00:00,1.25e-05,-0.0002986756
2026-02-24 11:00:00+00:00,1.25e-05,-0.0003770784
2026-02-24 12:00:00+00:00,1.25e-05,-0.0003640015
2026-02-24 13:00:00+00:00,1.25e-05,-0.0003210709
2026-02-24 14:00:00+00:00,1.25e-05,-0.0003306836
2026-02-24 15:00:00+00:00,1.25e-05,-0.0002497007
2026-02-24 16:00:00+00:00,1.25e-05,-0.0002683756
2026-02-24 17:00:00+00:00,1.25e-05,-0.0003685667
2026-02-24 18:00:00+00:00,-7.6e-07,-0.00050608
2026-02-24 19:00:00+00:00,3.9714e-06,-0.0004682289
2026-02-24 20:00:00+00:00,4.4999e-06,-0.0004640008
2026-02-24 21:00:00+00:00,2.3461e-06,-0.0004812316
2026-02-24 22:00:00+00:00,-2.05695e-05,-0.0006645558
2026-02-24 23:00:00+00:00,-1.3576e-05,-0.0006086083
2026-02-25 00:00:00+00:00,-1.44896e-05,-0.0006159166
2026-02-25 01:00:00+00:00,-1.3095e-05,-0.0006047602
2026-02-25 02:00:00+00:00,1.00786e-05,-0.0004193715
2026-02-25 03:00:00+00:00,7.6837e-06,-0.0004385306
2026-02-25 04:00:00+00:00,6.4998e-06,-0.0004480016
2026-02-25 05:00:00+00:00,8.5683e-06,-0.0004314533
2026-02-25 06:00:00+00:00,7.9712e-06,-0.0004362307
2026-02-25 07:00:00+00:00,1.15878e-05,-0.0004072977
2026-02-25 08:00:00+00:00,1.25e-05,-0.0003861306
2026-02-25 09:00:00+00:00,1.0181e-05,-0.0004185521
2026-02-25 10:00:00+00:00,8.4941e-06,-0.0004320469
2026-02-25 11:00:00+00:00,5.0215e-06,-0.0004598283
2026-02-25 12:00:00+00:00,-3.93e-08,-0.0005003141
2026-02-25 13:00:00+00:00,1.17131e-05,-0.0004062956
2026-02-25 14:00:00+00:00,1.11928e-05,-0.0004104576
2026-02-25 15:00:00+00:00,1.25e-05,-0.0003989454
2026-02-25 16:00:00+00:00,2.5835e-06,-0.0004793318
2026-02-25 17:00:00+00:00,4.1614e-06,-0.000466709
2026-02-25 18:00:00+00:00,-7.7902e-06,-0.0005623217
2026-02-25 19:00:00+00:00,-1.00079e-05,-0.0005800635
2026-02-25 20:00:00+00:00,-7.7964e-06,-0.000562371
2026-02-25 21:00:00+00:00,-8.7729e-06,-0.0005701835
2026-02-25 22:00:00+00:00,-8.4226e-06,-0.0005673812
2026-02-25 23:00:00+00:00,-9.8566e-06,-0.0005788527
2026-02-26 00:00:00+00:00,-6.8873e-06,-0.0005550988
2026-02-26 01:00:00+00:00,-7.5521e-06,-0.0005604172
2026-02-26 02:00:00+00:00,-5.4547e-06,-0.0005436379
2026-02-26 03:00:00+00:00,-3.4477e-06,-0.0005275813
2026-02-26 04:00:00+00:00,-1.5703e-06,-0.0005125621
2026-02-26 05:00:00+00:00,8.9994e-06,-0.0004280048
2026-02-26 06:00:00+00:00,4.8208e-06,-0.0004614333
2026-02-26 07:00:00+00:00,4.4993e-06,-0.0004640055
2026-02-26 08:00:00+00:00,1.25e-05,-0.0003877125
2026-02-26 09:00:00+00:00,1.01537e-05,-0.0004187702
2026-02-26 10:00:00+00:00,1.25e-05,-0.0003502674
2026-02-26 11:00:00+00:00,1.25e-05,-0.0003684669
2026-02-26 12:00:00+00:00,5.9675e-06,-0.00045226
2026-02-26 13:00:00+00:00,-1.7577e-06,-0.0005140619
2026-02-26 14:00:00+00:00,-6.7917e-06,-0.0005543338
2026-02-26 15:00:00+00:00,7.2061e-06,-0.0004423516
2026-02-26 16:00:00+00:00,1.19802e-05,-0.0004041583
2026-02-26 17:00:00+00:00,1.10541e-05,-0.000411567
2026-02-26 18:00:00+00:00,1.25e-05,-0.0003440018
2026-02-26 19:00:00+00:00,1.25e-05,-0.0003271252
2026-02-26 20:00:00+00:00,1.25e-05,-0.0003477727
2026-02-26 21:00:00+00:00,1.25e-05,-0.0003781109
2026-02-26 22:00:00+00:00,1.25e-05,-0.0003361427
2026-02-26 23:00:00+00:00,1.25e-05,-0.0003521864
2026-02-27 00:00:00+00:00,5.9437e-06,-0.00045245
2026-02-27 01:00:00+00:00,9.8703e-06,-0.0004210377
2026-02-27 02:00:00+00:00,5.5964e-06,-0.0004552291
2026-02-27 03:00:00+00:00,7.2649e-06,-0.0004418808
2026-02-27 04:00:00+00:00,9.0446e-06,-0.0004276434
2026-02-27 05:00:00+00:00,1.18849e-05,-0.0004049206
2026-02-27 06:00:00+00:00,5.7384e-06,-0.0004540928
2026-02-27 07:00:00+00:00,8.403e-06,-0.000432776
2026-02-27 08:00:00+00:00,6.2564e-06,-0.000449949
2026-02-27 09:00:00+00:00,7.7008e-06,-0.0004383937
2026-02-27 10:00:00+00:00,1.25e-05,-0.0003762835
2026-02-27 11:00:00+00:00,4.3233e-06,-0.0004654139
2026-02-27 12:00:00+00:00,9.3432e-06,-0.0004252547
2026-02-27 13:00:00+00:00,1.25e-05,-0.0003632963
2026-02-27 14:00:00+00:00,1.25e-05,-0.000362736
2026-02-27 15:00:00+00:00,7.528e-06,-0.0004397761
2026-02-27 16:00:00+00:00,9.6065e-06,-0.0004231477
2026-02-27 17:00:00+00:00,9.4858e-06,-0.0004241135
2026-02-27 18:00:00+00:00,-5.034e-06,-0.000540272
2026-02-27 19:00:00+00:00,-6.1853e-06,-0.0005494827
2026-02-27 20:00:00+00:00,-5.6917e-06,-0.0005455333
2026-02-27 21:00:00+00:00,-2.3766e-06,-0.0005190126
2026-02-27 22:00:00+00:00,-6.3093e-06,-0.0005504744
2026-02-27 23:00:00+00:00,-8.6467e-06,-0.0005691739
2026-02-28 00:00:00+00:00,-3.7569e-06,-0.0005300549
2026-02-28 01:00:00+00:00,-3.1098e-06,-0.0005248785
2026-02-28 02:00:00+00:00,-4.5268e-06,-0.0005362141
2026-02-28 03:00:00+00:00,-3.6773e-06,-0.0005294182
2026-02-28 04:00:00+00:00,-9.8772e-06,-0.0005790178
2026-02-28 05:00:00+00:00,-6.4397e-06,-0.0005515174
2026-02-28 06:00:00+00:00,-6.9089e-06,-0.0005552716
2026-02-28 07:00:00+00:00,-1.94227e-05,-0.0006553816
2026-02-28 08:00:00+00:00,-1.55382e-05,-0.0006243055
2026-02-28 09:00:00+00:00,-1.76998e-05,-0.0006415981
2026-02-28 10:00:00+00:00,-3.06471e-05,-0.0007451765
2026-02-28 11:00:00+00:00,-2.33124e-05,-0.0006864988
2026-02-28 12:00:00+00:00,-2.70008e-05,-0.0007160063
2026-02-28 13:00:00+00:00,-3.23758e-05,-0.0007590066
2026-02-28 14:00:00+00:00,-2.06754e-05,-0.0006654029
2026-02-28 15:00:00+00:00,-7.6687e-06,-0.0005613499
2026-02-28 16:00:00+00:00,-1.78e-06,-0.0005142397
2026-02-28 17:00:00+00:00,-1.5549e-06,-0.0005124393
2026-02-28 18:00:00+00:00,2.1732e-06,-0.0004826147
2026-02-28 19:00:00+00:00,4.3994e-06,-0.0004648047
2026-02-28 20:00:00+00:00,1.1249e-06,-0.000491001
2026-02-28 21:00:00+00:00,2.1009e-06,-0.0004831928
2026-02-28 22:00:00+00:00,1.0621e-06,-0.000491503
2026-02-28 23:00:00+00:00,7.72e-08,-0.0004993821
2026-03-01 00:00:00+00:00,1.8723e-06,-0.0004850215
2026-03-01 01:00:00+00:00,9.7737e-06,-0.0004218102
2026-03-01 02:00:00+00:00,8.9086e-06,-0.0004287315
2026-03-01 03:00:00+00:00,1.25e-05,-0.0003354836
2026-03-01 04:00:00+00:00,1.25e-05,-0.0003286348
2026-03-01 05:00:00+00:00,4.2426e-06,-0.000466059
2026-03-01 06:00:00+00:00,6.0385e-06,-0.0004516918
2026-03-01 07:00:00+00:00,8.6278e-06,-0.0004309778
2026-03-01 08:00:00+00:00,9.1305e-06,-0.000426956
2026-03-01 09:00:00+00:00,4.2297e-06,-0.0004661621
2026-03-01 10:00:00+00:00,-1.13178e-05,-0.0005905424
2026-03-01 11:00:00+00:00,-4.8228e-06,-0.0005385822
2026-03-01 12:00:00+00:00,-1.7256e-06,-0.000513805
2026-03-01 13:00:00+00:00,-2.236e-07,-0.000501789
2026-03-01 14:00:00+00:00,5.55e-07,-0.0004955602
2026-03-01 15:00:00+00:00,5.7302e-06,-0.0004541582
2026-03-01 16:00:00+00:00,3.3034e-06,-0.0004735728
2026-03-01 17:00:00+00:00,-2.7597e-06,-0.0005220779
2026-03-01 18:00:00+00:00,-5.4687e-06,-0.0005437493
2026-03-01 19:00:00+00:00,-7.1472e-06,-0.0005571774
2026-03-01 20:00:00+00:00,-8.194e-06,-0.000565552
2026-03-01 21:00:00+00:00,-1.57652e-05,-0.0006261218
2026-03-01 22:00:00+00:00,-1.7312e-05,-0.0006384956
2026-03-01 23:00:00+00:00,-1.33577e-05,-0.0006068619
2026-03-02 00:00:00+00:00,-3.8806e-06,-0.0005310448
2026-03-02 01:00:00+00:00,3.1778e-06,-0.0004745774
2026-03-02 02:00:00+00:00,3.731e-06,-0.0004701522
2026-03-02 03:00:00+00:00,7.087e-07,-0.0004943303
2026-03-02 04:00:00+00:00,4.3002e-06,-0.000465598
2026-03-02 05:00:00+00:00,5.1055e-06,-0.0004591562
2026-03-02 06:00:00+00:00,2.4648e-06,-0.0004802819
2026-03-02 07:00:00+00:00,-1.40785e-05,-0.0006126278
2026-03-02 08:00:00+00:00,-4.6197e-06,-0.000536958
2026-03-02 09:00:00+00:00,-4.493e-07,-0.0005035948
2026-03-02 10:00:00+00:00,-2.4781e-06,-0.0005198248
2026-03-02 11:00:00+00:00,-1.7532e-06,-0.0005140255
2026-03-02 12:00:00+00:00,-8.15e-07,-0.0005065202
2026-03-02 13:00:00+00:00,-6.127e-06,-0.0005490157
2026-03-02 14:00:00+00:00,2.012e-07,-0.00049839
2026-03-02 15:00:00+00:00,5.8162e-06,-0.00045347
2026-03-02 16:00:00+00:00,-6.583e-06,-0.000552664
2026-03-02 17:00:00+00:00,-1.34806e-05,-0.0006078445
2026-03-02 18:00:00+00:00,-2.20042e-05,-0.0006760339
2026-03-02 19:00:00+00:00,-7.447e-06,-0.0005595762
2026-03-02 20:00:00+00:00,-1.07447e-05,-0.0005859575
2026-03-02 21:00:00+00:00,-1.1182e-05,-0.0005894557
2026-03-02 22:00:00+00:00,-6.7074e-06,-0.0005536588
2026-03-02 23:00:00+00:00,-3.4761e-06,-0.0005278091
2026-03-03 00:00:00+00:00,-1.5143e-05,-0.0006211443
2026-03-03 01:00:00+00:00,-1.02083e-05,-0.0005816661
2026-03-03 02:00:00+00:00,-9.0166e-06,-0.000572133
2026-03-03 03:00:00+00:00,-4.3214e-06,-0.0005345715
2026-03-03 04:00:00+00:00,-3.2367e-06,-0.0005258939
2026-03-03 05:00:00+00:00,-2.722e-06,-0.0005217757
2026-03-03 06:00:00+00:00,7.8273e-06,-0.0004373814
2026-03-03 07:00:00+00:00,1.25e-05,-0.0003309426
2026-03-03 08:00:00+00:00,1.25e-05,-0.0003089742
2026-03-03 09:00:00+00:00,1.25e-05,-0.0002925699
2026-03-03 10:00:00+00:00,1.25e-05,-0.0001652652
2026-03-03 11:00:00+00:00,1.25e-05,-0.0001643177
2026-03-03 12:00:00+00:00,1.25e-05,-0.0002050149
2026-03-03 13:00:00+00:00,1.25e-05,-0.0001704937
2026-03-03 14:00:00+00:00,1.25e-05,-0.0002437152
2026-03-03 15:00:00+00:00,1.25e-05,-0.000267843
2026-03-03 16:00:00+00:00,1.25e-05,-0.0002941964
2026-03-03 17:00:00+00:00,1.25e-05,-0.0001008108
2026-03-03 18:00:00+00:00,1.25e-05,-0.0002792352
2026-03-03 19:00:00+00:00,1.25e-05,-0.0003926103
2026-03-03 20:00:00+00:00,8.0873e-06,-0.0004353013
2026-03-03 21:00:00+00:00,1.1931e-06,-0.0004904554
2026-03-03 22:00:00+00:00,4.926e-07,-0.000496059
2026-03-03 23:00:00+00:00,5.3304e-06,-0.0004573566
2026-03-04 00:00:00+00:00,4.7084e-06,-0.0004623332
2026-03-04 01:00:00+00:00,4.6936e-06,-0.0004624508
2026-03-04 02:00:00+00:00,2.4693e-06,-0.0004802457
2026-03-04 03:00:00+00:00,4.3397e-06,-0.0004652823
2026-03-04 04:00:00+00:00,2.986e-07,-0.0004976108
2026-03-04 05:00:00+00:00,-4.868e-06,-0.0005389437
2026-03-04 06:00:00+00:00,7.9757e-06,-0.0004361943
2026-03-04 07:00:00+00:00,7.9232e-06,-0.0004366143
2026-03-04 08:00:00+00:00,1.25e-05,-0.0003953759
2026-03-04 09:00:00+00:00,1.25e-05,-0.000322218
2026-03-04 10:00:00+00:00,1.25e-05,-0.000390514
2026-03-04 11:00:00+00:00,-9.5213e-06,-0.0005761706
2026-03-04 12:00:00+00:00,2.0584e-06,-0.0004835325
2026-03-04 13:00:00+00:00,-7.344e-07,-0.0005058755
2026-03-04 14:00:00+00:00,-1.31511e-05,-0.0006052088
2026-03-04 15:00:00+00:00,-2.09528e-05,-0.000667622
2026-03-04 16:00:00+00:00,-1.53815e-05,-0.0006230523
2026-03-04 17:00:00+00:00,-3.18571e-05,-0.0007548571
2026-03-04 18:00:00+00:00,-3.02488e-05,-0.0007419905
2026-03-04 19:00:00+00:00,-3.60062e-05,-0.0007880492
2026-03-04 20:00:00+00:00,-1.93777e-05,-0.0006550215
2026-03-04 21:00:00+00:00,-3.61459e-05,-0.0007891672
2026-03-04 22:00:00+00:00,-3.18551e-05,-0.0007548407
2026-03-04 23:00:00+00:00,-2.61447e-05,-0.0007091573
2026-03-05 00:00:00+00:00,-2.14716e-05,-0.0006717724
2026-03-05 01:00:00+00:00,-2.16694e-05,-0.0006733556
2026-03-05 02:00:00+00:00,-1.00028e-05,-0.0005800224
2026-03-05 03:00:00+00:00,-1.41693e-05,-0.0006133548
2026-03-05 04:00:00+00:00,-5.9594e-06,-0.0005476749
2026-03-05 05:00:00+00:00,-2.2099e-06,-0.0005176796
2026-03-05 06:00:00+00:00,-2.7814e-06,-0.0005222516
2026-03-05 07:00:00+00:00,-6.8444e-06,-0.0005547549
2026-03-05 08:00:00+00:00,-6.42e-08,-0.0005005137
2026-03-05 09:00:00+00:00,3.5923e-06,-0.0004712616
2026-03-05 10:00:00+00:00,-9.5804e-06,-0.0005766429
2026-03-05 11:00:00+00:00,-4.4587e-06,-0.0005356696
2026-03-05 12:00:00+00:00,5.1881e-06,-0.0004584953
2026-03-05 13:00:00+00:00,6.5359e-06,-0.0004477128
2026-03-05 14:00:00+00:00,-6.304e-06,-0.0005504323
2026-03-05 15:00:00+00:00,-2.4213e-06,-0.0005193702
2026-03-05 16:00:00+00:00,7.637e-07,-0.0004938902
2026-03-05 17:00:00+00:00,1.02104e-05,-0.0004183169
2026-03-05 18:00:00+00:00,1.20827e-05,-0.0004033386
2026-03-05 19:00:00+00:00,1.25e-05,-0.0003800402
2026-03-05 20:00:00+00:00,1.25e-05,-0.00027437
2026-03-05 21:00:00+00:00,1.25e-05,-0.0002612459
2026-03-05 22:00:00+00:00,1.25e-05,-0.0003149919
2026-03-05 23:00:00+00:00,1.25e-05,-0.0003940478
2026-03-06 00:00:00+00:00,4.067e-06,-0.0004674643
2026-03-06 01:00:00+00:00,-9.186e-07,-0.0005073488
2026-03-06 02:00:00+00:00,-1.3902e-06,-0.0005111218
2026-03-06 03:00:00+00:00,2.299e-07,-0.0004981607
2026-03-06 04:00:00+00:00,5.5067e-06,-0.0004559463
2026-03-06 05:00:00+00:00,7.1042e-06,-0.0004431665
2026-03-06 06:00:00+00:00,5.5461e-06,-0.0004556308
2026-03-06 07:00:00+00:00,6.544e-06,-0.0004476478
2026-03-06 08:00:00+00:00,1.13476e-05,-0.0004092191
2026-03-06 09:00:00+00:00,1.01837e-05,-0.0004185303
2026-03-06 10:00:00+00:00,1.23572e-05,-0.000401142
2026-03-06 11:00:00+00:00,1.19609e-05,-0.0004043126
2026-03-06 12:00:00+00:00,1.04767e-05,-0.0004161866
2026-03-06 13:00:00+00:00,1.04954e-05,-0.0004160367
2026-03-06 14:00:00+00:00,1.25e-05,-0.0003932763
2026-03-06 15:00:00+00:00,1.25e-05,-0.0003979504
2026-03-06 16:00:00+00:00,1.25e-05,-0.0002863879
2026-03-06 17:00:00+00:00,1.25e-05,-0.0002213411
2026-03-06 18:00:00+00:00,1.25e-05,-0.000348618
2026-03-06 19:00:00+00:00,1.25e-05,-0.0003555675
2026-03-06 20:00:00+00:00,1.25e-05,-0.0003656719
2026-03-06 21:00:00+00:00,1.25e-05,-0.0003483811
2026-03-06 22:00:00+00:00,1.25e-05,-0.0003550882
2026-03-06 23:00:00+00:00,1.25e-05,-0.0003595214
2026-03-07 00:00:00+00:00,-9.787e-07,-0.0005078294
2026-03-07 01:00:00+00:00,3.885e-06,-0.0004689197
2026-03-07 02:00:00+00:00,6.1536e-06,-0.0004507713
2026-03-07 03:00:00+00:00,6.6461e-06,-0.0004468312
2026-03-07 04:00:00+00:00,4.7857e-06,-0.0004617146
2026-03-07 05:00:00+00:00,7.8668e-06,-0.0004370656
2026-03-07 06:00:00+00:00,3.6614e-06,-0.000470709
2026-03-07 07:00:00+00:00,-1.9997e-06,-0.0005159975
2026-03-07 08:00:00+00:00,-1.53614e-05,-0.0006228913
2026-03-07 09:00:00+00:00,-1.7096e-06,-0.0005136768
2026-03-07 10:00:00+00:00,2.3251e-06,-0.0004813991
2026-03-07 11:00:00+00:00,1.3615e-06,-0.0004891081
2026-03-07 12:00:00+00:00,9.7247e-06,-0.0004222024
2026-03-07 13:00:00+00:00,5.5211e-06,-0.0004558312
2026-03-07 14:00:00+00:00,6.3895e-06,-0.0004488842
2026-03-07 15:00:00+00:00,1.25e-05,-0.0003972867
2026-03-07 16:00:00+00:00,1.25e-05,-0.000304259
2026-03-07 17:00:00+00:00,1.25e-05,-0.0003343194
2026-03-07 18:00:00+00:00,1.25e-05,-0.0002638427
2026-03-07 19:00:00+00:00,1.25e-05,-0.0003076146
2026-03-07 20:00:00+00:00,1.25e-05,-0.0003835081
2026-03-07 21:00:00+00:00,6.0019e-06,-0.0004519851
2026-03-07 22:00:00+00:00,2.9066e-06,-0.0004767474
2026-03-07 23:00:00+00:00,-5.526e-07,-0.0005044204
2026-03-08 00:00:00+00:00,4.6809e-06,-0.0004625524
2026-03-08 01:00:00+00:00,6.6085e-06,-0.0004471322
2026-03-08 02:00:00+00:00,3.7714e-06,-0.0004698291
2026-03-08 03:00:00+00:00,9.3321e-06,-0.0004253431
2026-03-08 04:00:00+00:00,6.5568e-06,-0.0004475459
2026-03-08 05:00:00+00:00,3.3368e-06,-0.0004733054
2026-03-08 06:00:00+00:00,-1.8846e-06,-0.0005150768
2026-03-08 07:00:00+00:00,9.709e-07,-0.0004922327
2026-03-08 08:00:00+00:00,6.0921e-06,-0.0004512632
2026-03-08 09:00:00+00:00,5.9499e-06,-0.0004524011
2026-03-08 10:00:00+00:00,1.25e-05,-0.0003755644
2026-03-08 11:00:00+00:00,2.2344e-06,-0.0004821252
2026-03-08 12:00:00+00:00,-7.0633e-06,-0.0005565065
2026-03-08 13:00:00+00:00,-2.7436e-06,-0.0005219484
2026-03-08 14:00:00+00:00,7.754e-07,-0.0004937972
2026-03-08 15:00:00+00:00,2.387e-07,-0.0004980902
2026-03-08 16:00:00+00:00,-3.7864e-06,-0.0005302915
2026-03-08 17:00:00+00:00,-4.4933e-06,-0.0005359462
2026-03-08 18:00:00+00:00,2.4636e-06,-0.0004802914
2026-03-08 19:00:00+00:00,-6.4438e-06,-0.0005515506
2026-03-08 20:00:00+00:00,9.1177e-06,-0.0004270587
2026-03-08 21:00:00+00:00,4.9044e-06,-0.000460765
2026-03-08 22:00:00+00:00,3.1826e-06,-0.000474539
2026-03-08 23:00:00+00:00,1.4108e-06,-0.0004887136
2026-03-09 00:00:00+00:00,5.799e-07,-0.0004953609
2026-03-09 01:00:00+00:00,-3.904e-07,-0.000503123
2026-03-09 02:00:00+00:00,1.25e-05,-0.0003940435
2026-03-09 03:00:00+00:00,6.3277e-06,-0.0004493783
2026-03-09 04:00:00+00:00,1.25e-05,-0.0003811443
2026-03-09 05:00:00+00:00,1.25e-05,-0.0003616529
2026-03-09 06:00:00+00:00,4.4339e-06,-0.0004645286
2026-03-09 07:00:00+00:00,-4.4876e-06,-0.000535901
2026-03-09 08:00:00+00:00,5.0609e-06,-0.0004595127
2026-03-09 09:00:00+00:00,1.6249e-06,-0.0004870005
2026-03-09 10:00:00+00:00,1.05393e-05,-0.0004156854
2026-03-09 11:00:00+00:00,2.64e-06,-0.0004788796
2026-03-09 12:00:00+00:00,5.5969e-06,-0.0004552244
2026-03-09 13:00:00+00:00,1.25e-05,-0.000325653
2026-03-09 14:00:00+00:00,1.05963e-05,-0.0004152295
2026-03-09 15:00:00+00:00,2.4534e-06,-0.0004803726
2026-03-09 16:00:00+00:00,-2.08571e-05,-0.0006668569
2026-03-09 17:00:00+00:00,-1.20428e-05,-0.0005963427
2026-03-09 18:00:00+00:00,-1.1366e-05,-0.0005909283
2026-03-09 19:00:00+00:00,-1.43137e-05,-0.0006145099
2026-03-09 20:00:00+00:00,-1.27375e-05,-0.0006018999
2026-03-09 21:00:00+00:00,-2.701e-05,-0.0007160798
2026-03-09 22:00:00+00:00,-2.88527e-05,-0.0007308217
2026-03-09 23:00:00+00:00,-2.55138e-05,-0.0007041106
2026-03-10 00:00:00+00:00,-2.66676e-05,-0.0007133411
2026-03-10 01:00:00+00:00,-1.72365e-05,-0.0006378919
2026-03-10 02:00:00+00:00,-1.59728e-05,-0.0006277826
2026-03-10 03:00:00+00:00,3.8228e-06,-0.0004694177
2026-03-10 04:00:00+00:00,8.1795e-06,-0.0004345637
2026-03-10 05:00:00+00:00,8.1019e-06,-0.000435185
2026-03-10 06:00:00+00:00,1.25e-05,-0.0003995799
2026-03-10 07:00:00+00:00,9.5142e-06,-0.0004238863
2026-03-10 08:00:00+00:00,1.25e-05,-0.0003933028
2026-03-10 09:00:00+00:00,1.15143e-05,-0.0004078857
2026-03-10 10:00:00+00:00,-2.216e-07,-0.0005017727
2026-03-10 11:00:00+00:00,-1.5428e-06,-0.0005123427
2026-03-10 12:00:00+00:00,-1.65254e-05,-0.000632203
2026-03-10 13:00:00+00:00,-1.07166e-05,-0.0005857331
2026-03-10 14:00:00+00:00,-9.7332e-06,-0.0005778656
2026-03-10 15:00:00+00:00,1.0534e-06,-0.0004915728
2026-03-10 16:00:00+00:00,-1.8341e-06,-0.0005146725
2026-03-10 17:00:00+00:00,-4.0356e-06,-0.0005322845
2026-03-10 18:00:00+00:00,-8.1635e-06,-0.000565308
2026-03-10 19:00:00+00:00,-1.39277e-05,-0.0006114213
2026-03-10 20:00:00+00:00,-1.86044e-05,-0.0006488353
2026-03-10 21:00:00+00:00,-1.40577e-05,-0.0006124615
2026-03-10 22:00:00+00:00,-2.91618e-05,-0.0007332946
2026-03-10 23:00:00+00:00,-2.67087e-05,-0.0007136692
2026-03-11 00:00:00+00:00,-2.32418e-05,-0.0006859348
2026-03-11 01:00:00+00:00,-2.38206e-05,-0.000690565
2026-03-11 02:00:00+00:00,-1.75876e-05,-0.0006407009
2026-03-11 03:00:00+00:00,-1.65093e-05,-0.0006320745
2026-03-11 04:00:00+00:00,-1.49835e-05,-0.0006198683
2026-03-11 05:00:00+00:00,-3.2166e-06,-0.0005257329
2026-03-11 06:00:00+00:00,-7.4715e-06,-0.0005597718
2026-03-11 07:00:00+00:00,-7.0376e-06,-0.0005563005
2026-03-11 08:00:00+00:00,-6.3068e-06,-0.0005504543
2026-03-11 09:00:00+00:00,-4.4478e-06,-0.0005355823
2026-03-11 10:00:00+00:00,-7.2378e-06,-0.0005579021
2026-03-11 11:00:00+00:00,-2.6099e-06,-0.0005208795
2026-03-11 12:00:00+00:00,-3.561e-06,-0.0005284878
2026-03-11 13:00:00+00:00,-6.1629e-06,-0.0005493031
2026-03-11 14:00:00+00:00,-3.5041e-06,-0.0005280331
2026-03-11 15:00:00+00:00,-2.00795e-05,-0.0006606361
2026-03-11 16:00:00+00:00,-1.78767e-05,-0.0006430138
2026-03-11 17:00:00+00:00,-1.02141e-05,-0.0005817127
2026-03-11 18:00:00+00:00,1.1185e-06,-0.0004910523
2026-03-11 19:00:00+00:00,-3.8502e-06,-0.0005308014
2026-03-11 20:00:00+00:00,-4.1747e-06,-0.0005333976
2026-03-11 21:00:00+00:00,-2.01008e-05,-0.0006608066
2026-03-11 22:00:00+00:00,-1.77791e-05,-0.0006422325
2026-03-11 23:00:00+00:00,-1.89649e-05,-0.0006517189
2026-03-12 00:00:00+00:00,-2.68833e-05,-0.0007150667
2026-03-12 01:00:00+00:00,-1.90861e-05,-0.0006526887
2026-03-12 02:00:00+00:00,-2.10963e-05,-0.0006687701
2026-03-12 03:00:00+00:00,-2.32141e-05,-0.0006857132
2026-03-12 04:00:00+00:00,-2.74503e-05,-0.0007196026
2026-03-12 05:00:00+00:00,-2.58607e-05,-0.0007068852
2026-03-12 06:00:00+00:00,-1.87987e-05,-0.0006503892
2026-03-12 07:00:00+00:00,-7.2455e-06,-0.0005579643
2026-03-12 08:00:00+00:00,-3.1802e-06,-0.0005254417
2026-03-12 09:00:00+00:00,-1.0541e-05,-0.0005843282
2026-03-12 10:00:00+00:00,-1.39819e-05,-0.0006118554
2026-03-12 11:00:00+00:00,-1.21777e-05,-0.0005974219
2026-03-12 12:00:00+00:00,-1.75484e-05,-0.0006403873
2026-03-12 13:00:00+00:00,-1.13339e-05,-0.0005906713
2026-03-12 14:00:00+00:00,-6.2875e-06,-0.0005503003
2026-03-12 15:00:00+00:00,-7.9203e-06,-0.0005633623
2026-03-12 16:00:00+00:00,-1.37243e-05,-0.0006097944
2026-03-12 17:00:00+00:00,-1.1411e-05,-0.0005912881
2026-03-12 18:00:00+00:00,-1.54659e-05,-0.0006237271
2026-03-12 19:00:00+00:00,-1.6316e-05,-0.0006305278
2026-03-12 20:00:00+00:00,-2.3487e-06,-0.0005187893
2026-03-12 21:00:00+00:00,-3.067e-06,-0.0005245357
2026-03-12 22:00:00+00:00,4.9648e-06,-0.0004602814
2026-03-12 23:00:00+00:00,4.7659e-06,-0.0004618724
2026-03-13 00:00:00+00:00,5.6573e-06,-0.0004547414
2026-03-13 01:00:00+00:00,1.25e-05,-0.0002820485
2026-03-13 02:00:00+00:00,1.25e-05,-0.0002996557
2026-03-13 03:00:00+00:00,1.25e-05,-0.0003914578
2026-03-13 04:00:00+00:00,1.25e-05,-0.000354686
2026-03-13 05:00:00+00:00,1.25e-05,-0.0003267489
2026-03-13 06:00:00+00:00,1.25e-05,-0.0002852825
2026-03-13 07:00:00+00:00,1.25e-05,-0.0002736373
2026-03-13 08:00:00+00:00,1.25e-05,-0.000252065
2026-03-13 09:00:00+00:00,1.25e-05,-0.0002838095
2026-03-13 10:00:00+00:00,1.25e-05,-0.0003571924
2026-03-13 11:00:00+00:00,1.25e-05,-0.0002487292
2026-03-13 12:00:00+00:00,1.25e-05,-0.0003299311
2026-03-13 13:00:00+00:00,1.25e-05,-0.0003705875
2026-03-13 14:00:00+00:00,1.25e-05,-0.0002737113
2026-03-13 15:00:00+00:00,1.09666e-05,-0.0004122668
2026-03-13 16:00:00+00:00,1.25e-05,-0.0003237997
2026-03-13 17:00:00+00:00,9.6497e-06,-0.0004228028
2026-03-13 18:00:00+00:00,2.764e-06,-0.0004778878
2026-03-13 19:00:00+00:00,6.1587e-06,-0.0004507308
2026-03-13 20:00:00+00:00,5.0563e-06,-0.0004595497
2026-03-13 21:00:00+00:00,6.652e-06,-0.000446784
2026-03-13 22:00:00+00:00,-5.4255e-06,-0.0005434043
2026-03-13 23:00:00+00:00,-3.7942e-06,-0.0005303538
2026-03-14 00:00:00+00:00,-1.4407e-06,-0.0005115254
2026-03-14 01:00:00+00:00,-6.6408e-06,-0.0005531268
2026-03-14 02:00:00+00:00,-2.1686e-06,-0.0005173486
2026-03-14 03:00:00+00:00,-2.644e-06,-0.0005211518
2026-03-14 04:00:00+00:00,-5.0046e-06,-0.0005400365
2026-03-14 05:00:00+00:00,-4.303e-07,-0.0005034425
2026-03-14 06:00:00+00:00,-8.7722e-06,-0.0005701779
2026-03-14 07:00:00+00:00,-1.16548e-05,-0.0005932383
2026-03-14 08:00:00+00:00,-9.7827e-06,-0.0005782619
2026-03-14 09:00:00+00:00,-4.9435e-06,-0.0005395483
2026-03-14 10:00:00+00:00,-4.6682e-06,-0.0005373455
2026-03-14 11:00:00+00:00,-3.8212e-06,-0.0005305696
2026-03-14 12:00:00+00:00,6.5023e-06,-0.0004479812
2026-03-14 13:00:00+00:00,-4.149e-07,-0.0005033194
2026-03-14 14:00:00+00:00,2.2292e-06,-0.0004821667
2026-03-14 15:00:00+00:00,-5.637e-06,-0.0005450957
2026-03-14 16:00:00+00:00,-1.34852e-05,-0.0006078819
2026-03-14 17:00:00+00:00,-7.2117e-06,-0.000557694
2026-03-14 18:00:00+00:00,-3.6147e-06,-0.0005289174
2026-03-14 19:00:00+00:00,-9.6848e-06,-0.0005774785
2026-03-14 20:00:00+00:00,-5.2613e-06,-0.0005420902
2026-03-14 21:00:00+00:00,-4.867e-07,-0.0005038938
2026-03-14 22:00:00+00:00,-1.3686e-06,-0.0005109486
2026-03-14 23:00:00+00:00,7.334e-07,-0.0004941331
2026-03-15 00:00:00+00:00,1.908e-06,-0.000484736
2026-03-15 01:00:00+00:00,3.767e-07,-0.0004969866
2026-03-15 02:00:00+00:00,6.0004e-06,-0.0004519964
2026-03-15 03:00:00+00:00,8.816e-06,-0.000429472
2026-03-15 04:00:00+00:00,4.1903e-06,-0.0004664772
2026-03-15 05:00:00+00:00,1.1816e-06,-0.0004905471
2026-03-15 06:00:00+00:00,7.497e-06,-0.0004400238
2026-03-15 07:00:00+00:00,-1.3473e-06,-0.0005107783
2026-03-15 08:00:00+00:00,3.0498e-06,-0.0004756019
2026-03-15 09:00:00+00:00,1.8666e-06,-0.0004850675
2026-03-15 10:00:00+00:00,-7.194e-07,-0.0005057549
2026-03-15 11:00:00+00:00,-1.9984e-06,-0.0005159869
2026-03-15 12:00:00+00:00,1.8182e-06,-0.0004854547
2026-03-15 13:00:00+00:00,2.4409e-06,-0.0004804729
2026-03-15 14:00:00+00:00,-1.3818e-06,-0.0005110544
2026-03-15 15:00:00+00:00,-3.1914e-06,-0.0005255309
2026-03-15 16:00:00+00:00,-1.9039e-06,-0.0005152314
2026-03-15 17:00:00+00:00,-8.5903e-06,-0.0005687222
2026-03-15 18:00:00+00:00,-6.3317e-06,-0.0005506538
2026-03-15 19:00:00+00:00,-7.6477e-06,-0.0005611813
2026-03-15 20:00:00+00:00,-9.7804e-06,-0.0005782429
2026-03-15 21:00:00+00:00,-4.6183e-06,-0.0005369464
2026-03-15 22:00:00+00:00,-1.173e-06,-0.0005093839
2026-03-15 23:00:00+00:00,8.3336e-06,-0.0004333311
2026-03-16 00:00:00+00:00,5.9444e-06,-0.0004524444
2026-03-16 01:00:00+00:00,3.1175e-06,-0.0004750596
2026-03-16 02:00:00+00:00,7.9138e-06,-0.0004366899
2026-03-16 03:00:00+00:00,6.1335e-06,-0.0004509321
2026-03-16 04:00:00+00:00,8.2868e-06,-0.0004337053
2026-03-16 05:00:00+00:00,4.6873e-06,-0.0004625014
2026-03-16 06:00:00+00:00,8.8292e-06,-0.0004293663
2026-03-16 07:00:00+00:00,1.5592e-06,-0.0004875266
2026-03-16 08:00:00+00:00,7.8916e-06,-0.0004368673
2026-03-16 09:00:00+00:00,5.8945e-06,-0.0004528441
2026-03-16 10:00:00+00:00,8.075e-06,-0.0004354003
2026-03-16 11:00:00+00:00,1.00206e-05,-0.0004198354
2026-03-16 12:00:00+00:00,9.4734e-06,-0.0004242129
2026-03-16 13:00:00+00:00,5.7472e-06,-0.0004540226
2026-03-16 14:00:00+00:00,8.4273e-06,-0.0004325813
2026-03-16 15:00:00+00:00,9.179e-07,-0.0004926564
2026-03-16 16:00:00+00:00,-7.708e-07,-0.0005061667
2026-03-16 17:00:00+00:00,5.7376e-06,-0.0004540994
2026-03-16 18:00:00+00:00,-3.7803e-06,-0.0005302422
2026-03-16 19:00:00+00:00,-1.2951e-06,-0.0005103611
2026-03-16 20:00:00+00:00,-3.387e-07,-0.0005027096
2026-03-16 21:00:00+00:00,2.1021e-06,-0.0004831836
2026-03-16 22:00:00+00:00,6.455e-06,-0.0004483599
2026-03-16 23:00:00+00:00,8.324e-06,-0.0004334083
2026-03-17 00:00:00+00:00,8.1541e-06,-0.0004347673
2026-03-17 01:00:00+00:00,1.25e-05,-0.0003215976
2026-03-17 02:00:00+00:00,1.25e-05,-0.0003853889
2026-03-17 03:00:00+00:00,9.085e-07,-0.0004927318
2026-03-17 04:00:00+00:00,-3.4631e-06,-0.0005277052
2026-03-17 05:00:00+00:00,-4.2142e-06,-0.0005337134
2026-03-17 06:00:00+00:00,2.996e-07,-0.0004976035
2026-03-17 07:00:00+00:00,1.6595e-06,-0.0004867238
2026-03-17 08:00:00+00:00,1.186e-07,-0.0004990511
2026-03-17 09:00:00+00:00,4.2312e-06,-0.0004661508
2026-03-17 10:00:00+00:00,1.96e-06,-0.0004843199
2026-03-17 11:00:00+00:00,1.10205e-05,-0.000411836
2026-03-17 12:00:00+00:00,1.19201e-05,-0.0004046394
2026-03-17 13:00:00+00:00,5.3702e-06,-0.0004570381
2026-03-17 14:00:00+00:00,3.4784e-06,-0.0004721731
2026-03-17 15:00:00+00:00,6.4573e-06,-0.0004483417
2026-03-17 16:00:00+00:00,7.394e-07,-0.0004940845
2026-03-17 17:00:00+00:00,-1.107e-07,-0.0005008852
2026-03-17 18:00:00+00:00,3.9167e-06,-0.0004686662
2026-03-17 19:00:00+00:00,2.2087e-06,-0.0004823304
2026-03-17 20:00:00+00:00,7.4e-09,-0.0004999405
2026-03-17 21:00:00+00:00,-2.6275e-06,-0.0005210202
2026-03-17 22:00:00+00:00,7.5027e-06,-0.0004399785
2026-03-17 23:00:00+00:00,1.2544e-06,-0.0004899648
2026-03-18 00:00:00+00:00,-5.1104e-06,-0.0005408833
2026-03-18 01:00:00+00:00,-2.4635e-06,-0.0005197077
2026-03-18 02:00:00+00:00,4.6249e-06,-0.0004630007
2026-03-18 03:00:00+00:00,-5.94e-07,-0.0005047519
2026-03-18 04:00:00+00:00,1.8423e-06,-0.0004852616
2026-03-18 05:00:00+00:00,-3.5377e-06,-0.0005283017
2026-03-18 06:00:00+00:00,-1.20646e-05,-0.0005965172
2026-03-18 07:00:00+00:00,-7.973e-07,-0.0005063782
2026-03-18 08:00:00+00:00,-2.7449e-06,-0.0005219588
2026-03-18 09:00:00+00:00,-2.58e-07,-0.0005020641
2026-03-18 10:00:00+00:00,1.4663e-06,-0.0004882697
2026-03-18 11:00:00+00:00,4.0737e-06,-0.0004674107
2026-03-18 12:00:00+00:00,-4.0345e-06,-0.0005322759
2026-03-18 13:00:00+00:00,-2.0644e-06,-0.0005165153
2026-03-18 14:00:00+00:00,9.336e-06,-0.0004253123
2026-03-18 15:00:00+00:00,1.1086e-05,-0.0004113124
2026-03-18 16:00:00+00:00,1.25e-05,-0.0003645259
2026-03-18 17:00:00+00:00,1.25e-05,-0.0003397585
2026-03-18 18:00:00+00:00,1.25e-05,-0.0003601456
2026-03-18 19:00:00+00:00,1.3294e-06,-0.0004893651
2026-03-18 20:00:00+00:00,-1.7603e-06,-0.0005140826
2026-03-18 21:00:00+00:00,-3.4063e-06,-0.0005272507
2026-03-18 22:00:00+00:00,4.5656e-06,-0.0004634752
2026-03-18 23:00:00+00:00,-7.8073e-06,-0.0005624581
2026-03-19 00:00:00+00:00,-2.1465e-06,-0.0005171721
2026-03-19 01:00:00+00:00,-9.5803e-06,-0.0005766422
2026-03-19 02:00:00+00:00,-2.8962e-06,-0.0005231699
2026-03-19 03:00:00+00:00,7.088e-07,-0.0004943296
2026-03-19 04:00:00+00:00,2.6303e-06,-0.0004789575
2026-03-19 05:00:00+00:00,-1.06893e-05,-0.0005855143
2026-03-19 06:00:00+00:00,-3.082e-06,-0.0005246558
2026-03-19 07:00:00+00:00,4.4915e-06,-0.0004640677
2026-03-19 08:00:00+00:00,-1.36287e-05,-0.0006090299
2026-03-19 09:00:00+00:00,-1.20166e-05,-0.0005961329
2026-03-19 10:00:00+00:00,-1.55268e-05,-0.0006242148
2026-03-19 11:00:00+00:00,-1.59813e-05,-0.0006278501
2026-03-19 12:00:00+00:00,-2.00987e-05,-0.0006607896
2026-03-19 13:00:00+00:00,-2.40413e-05,-0.0006923301
2026-03-19 14:00:00+00:00,-1.04531e-05,-0.0005836252
2026-03-19 15:00:00+00:00,-1.13106e-05,-0.000590485
2026-03-19 16:00:00+00:00,-4.9378e-06,-0.0005395025
2026-03-19 17:00:00+00:00,8.1402e-06,-0.0004348783
2026-03-19 18:00:00+00:00,5.4161e-06,-0.0004566715
2026-03-19 19:00:00+00:00,3.0977e-06,-0.0004752185
2026-03-19 20:00:00+00:00,1.25e-05,-0.0002902392
2026-03-19 21:00:00+00:00,1.25e-05,-0.0001322024
2026-03-19 22:00:00+00:00,1.25e-05,-4.55223e-05
2026-03-19 23:00:00+00:00,1.25e-05,-7.42651e-05
2026-03-20 00:00:00+00:00,1.25e-05,-7.83154e-05
2026-03-20 01:00:00+00:00,1.25e-05,-8.00046e-05
2026-03-20 02:00:00+00:00,1.25e-05,-0.0001064778
2026-03-20 03:00:00+00:00,1.25e-05,-0.000215504
2026-03-20 04:00:00+00:00,1.25e-05,-0.0001874513
2026-03-20 05:00:00+00:00,1.25e-05,-0.0001478706
2026-03-20 06:00:00+00:00,1.25e-05,-0.0002113591
2026-03-20 07:00:00+00:00,1.25e-05,-0.0002266273
2026-03-20 08:00:00+00:00,1.25e-05,-0.0002648491
2026-03-20 09:00:00+00:00,1.25e-05,-0.000325894
2026-03-20 10:00:00+00:00,1.25e-05,-0.0003794503
2026-03-20 11:00:00+00:00,5.0084e-06,-0.0004599332
2026-03-20 12:00:00+00:00,4.5852e-06,-0.0004633184
2026-03-20 13:00:00+00:00,-3.395e-07,-0.0005027159
2026-03-20 14:00:00+00:00,2.3908e-06,-0.0004808738
2026-03-20 15:00:00+00:00,4.3917e-06,-0.0004648668
2026-03-20 16:00:00+00:00,1.25e-05,-0.0003849895
2026-03-20 17:00:00+00:00,8.7337e-06,-0.0004301306
2026-03-20 18:00:00+00:00,1.07629e-05,-0.0004138966
2026-03-20 19:00:00+00:00,3.9561e-06,-0.0004683513
2026-03-20 20:00:00+00:00,1.04591e-05,-0.0004163275
2026-03-20 21:00:00+00:00,-1.5605e-06,-0.0005124837
2026-03-20 22:00:00+00:00,3.686e-07,-0.000497051
2026-03-20 23:00:00+00:00,5.4091e-06,-0.0004567271
2026-03-21 00:00:00+00:00,3.6635e-06,-0.0004706918
2026-03-21 01:00:00+00:00,1.0536e-06,-0.0004915712
2026-03-21 02:00:00+00:00,2.1439e-06,-0.0004828487
2026-03-21 03:00:00+00:00,7.6606e-06,-0.0004387151
2026-03-21 04:00:00+00:00,3.7306e-06,-0.0004701551
2026-03-21 05:00:00+00:00,3.9692e-06,-0.0004682462
2026-03-21 06:00:00+00:00,2.2533e-06,-0.000481974
2026-03-21 07:00:00+00:00,6.8567e-06,-0.0004451464
2026-03-21 08:00:00+00:00,9.8917e-06,-0.0004208665
2026-03-21 09:00:00+00:00,6.7487e-06,-0.0004460107
2026-03-21 10:00:00+00:00,7.118e-07,-0.0004943058
2026-03-21 11:00:00+00:00,-1.6009e-06,-0.0005128072
2026-03-21 12:00:00+00:00,-7.757e-07,-0.0005062056
2026-03-21 13:00:00+00:00,-3.2966e-06,-0.0005263727
2026-03-21 14:00:00+00:00,-1.451e-07,-0.000501161
2026-03-21 15:00:00+00:00,1.5556e-06,-0.0004875548
2026-03-21 16:00:00+00:00,2.8338e-06,-0.0004773293
2026-03-21 17:00:00+00:00,6.615e-07,-0.0004947078
2026-03-21 18:00:00+00:00,-4.7359e-06,-0.0005378869
2026-03-21 19:00:00+00:00,-3.9195e-06,-0.0005313558
2026-03-21 20:00:00+00:00,7.371e-07,-0.000494103
2026-03-21 21:00:00+00:00,4.7611e-06,-0.0004619114
2026-03-21 22:00:00+00:00,-6.2318e-06,-0.0005498544
2026-03-21 23:00:00+00:00,-5.7182e-06,-0.0005457459
2026-03-22 00:00:00+00:00,-1.3486e-05,-0.0006078881
2026-03-22 01:00:00+00:00,-1.25725e-05,-0.0006005799
2026-03-22 02:00:00+00:00,-1.46116e-05,-0.0006168926
2026-03-22 03:00:00+00:00,-1.49755e-05,-0.0006198042
2026-03-22 04:00:00+00:00,-1.92502e-05,-0.0006540015
2026-03-22 05:00:00+00:00,-2.10606e-05,-0.0006684847
2026-03-22 06:00:00+00:00,-1.97173e-05,-0.0006577382
2026-03-22 07:00:00+00:00,-1.76049e-05,-0.0006408391
2026-03-22 08:00:00+00:00,-1.78915e-05,-0.0006431322
2026-03-22 09:00:00+00:00,-1.14472e-05,-0.0005915773
2026-03-22 10:00:00+00:00,-8.9182e-06,-0.0005713458
2026-03-22 11:00:00+00:00,-1.9705e-05,-0.0006576403
2026-03-22 12:00:00+00:00,-2.38457e-05,-0.0006907658
2026-03-22 13:00:00+00:00,-1.24875e-05,-0.0005998997
2026-03-22 14:00:00+00:00,-7.1344e-06,-0.0005570753
2026-03-22 15:00:00+00:00,-1.7923e-06,-0.0005143381
2026-03-22 16:00:00+00:00,-3.9418e-06,-0.0005315347
2026-03-22 17:00:00+00:00,-7.2514e-06,-0.0005580113
2026-03-22 18:00:00+00:00,-6.4917e-06,-0.0005519339
2026-03-22 19:00:00+00:00,-7.3259e-06,-0.0005586074
2026-03-22 20:00:00+00:00,-1.18441e-05,-0.0005947528
2026-03-22 21:00:00+00:00,-1.22332e-05,-0.0005978655
2026-03-22 22:00:00+00:00,-9.1597e-06,-0.0005732773
2026-03-22 23:00:00+00:00,7.8557e-06,-0.0004371547
2026-03-23 00:00:00+00:00,4.6081e-06,-0.0004631354
2026-03-23 01:00:00+00:00,3.8132e-06,-0.0004694944
2026-03-23 02:00:00+00:00,6.3258e-06,-0.0004493939
2026-03-23 03:00:00+00:00,4.79e-07,-0.000496168
2026-03-23 04:00:00+00:00,-1.1127e-06,-0.0005089018
2026-03-23 05:00:00+00:00,5.8101e-06,-0.0004535194
2026-03-23 06:00:00+00:00,3.2128e-06,-0.0004742978
2026-03-23 07:00:00+00:00,4.8995e-06,-0.0004608043
2026-03-23 08:00:00+00:00,3.4881e-06,-0.0004720951
2026-03-23 09:00:00+00:00,2.5011e-06,-0.0004799915
2026-03-23 10:00:00+00:00,8.833e-06,-0.0004293363
2026-03-23 11:00:00+00:00,6.7721e-06,-0.0004458228
2026-03-23 12:00:00+00:00,1.25e-05,-0.0003651545
2026-03-23 13:00:00+00:00,-6.607e-07,-0.0005052854
2026-03-23 14:00:00+00:00,8.6443e-06,-0.0004308456
2026-03-23 15:00:00+00:00,-1.01033e-05,-0.0005808265
2026-03-23 16:00:00+00:00,-8.4183e-06,-0.0005673465
2026-03-23 17:00:00+00:00,1.5115e-06,-0.000487908
2026-03-23 18:00:00+00:00,-3.289e-06,-0.0005263117
2026-03-23 19:00:00+00:00,-1.08936e-05,-0.0005871487
2026-03-23 20:00:00+00:00,-1.22164e-05,-0.000597731
2026-03-23 21:00:00+00:00,-1.8801e-06,-0.0005150409
2026-03-23 22:00:00+00:00,2.9838e-06,-0.0004761298
2026-03-23 23:00:00+00:00,-7.5375e-06,-0.0005602999
2026-03-24 00:00:00+00:00,5.1478e-06,-0.0004588177
2026-03-24 01:00:00+00:00,3.681e-07,-0.0004970551
2026-03-24 02:00:00+00:00,-5.253e-07,-0.0005042027
2026-03-24 03:00:00+00:00,-2.4235e-06,-0.0005193879
2026-03-24 04:00:00+00:00,1.898e-06,-0.0004848162
2026-03-24 05:00:00+00:00,4.0513e-06,-0.00046759
2026-03-24 06:00:00+00:00,-9.47e-08,-0.0005007579
2026-03-24 07:00:00+00:00,7.069e-06,-0.0004434478
2026-03-24 08:00:00+00:00,1.18603e-05,-0.0004051178
2026-03-24 09:00:00+00:00,1.14414e-05,-0.0004084691
2026-03-24 10:00:00+00:00,1.12761e-05,-0.0004097911
2026-03-24 11:00:00+00:00,5.3996e-06,-0.000456803
2026-03-24 12:00:00+00:00,3.6644e-06,-0.0004706849
2026-03-24 13:00:00+00:00,8.142e-06,-0.0004348637
2026-03-24 14:00:00+00:00,-4.3082e-06,-0.0005344655
2026-03-24 15:00:00+00:00,1.807e-06,-0.0004855443
2026-03-24 16:00:00+00:00,1.25e-05,-0.0003936049
2026-03-24 17:00:00+00:00,5.4458e-06,-0.000456434
2026-03-24 18:00:00+00:00,1.6766e-06,-0.0004865871
2026-03-24 19:00:00+00:00,1.25e-05,-0.0003506746
2026-03-24 20:00:00+00:00,1.25e-05,-0.0003753833
2026-03-24 21:00:00+00:00,1.25e-05,-0.0002888262
2026-03-24 22:00:00+00:00,1.25e-05,-0.0002484367
2026-03-24 23:00:00+00:00,1.25e-05,-0.000264022
2026-03-25 00:00:00+00:00,1.25e-05,-0.0002874373
2026-03-25 01:00:00+00:00,1.25e-05,-0.0002002224
2026-03-25 02:00:00+00:00,1.25e-05,-0.0002210313
2026-03-25 03:00:00+00:00,1.25e-05,-0.000276469
2026-03-25 04:00:00+00:00,1.25e-05,-0.000372367
2026-03-25 05:00:00+00:00,1.25e-05,-0.0002469797
2026-03-25 06:00:00+00:00,1.25e-05,-0.0002165155
2026-03-25 07:00:00+00:00,1.25e-05,-0.0002833918
2026-03-25 08:00:00+00:00,1.25e-05,-0.0003075838
2026-03-25 09:00:00+00:00,1.25e-05,-0.0003590189
2026-03-25 10:00:00+00:00,7.9959e-06,-0.0004360326
2026-03-25 11:00:00+00:00,4.4183e-06,-0.0004646538
2026-03-25 12:00:00+00:00,1.25e-05,-0.0003336199
2026-03-25 13:00:00+00:00,1.25e-05,-0.0003595235
2026-03-25 14:00:00+00:00,1.25e-05,-0.0002264919
2026-03-25 15:00:00+00:00,1.25e-05,-0.0003012911
2026-03-25 16:00:00+00:00,1.25e-05,-0.0003148567
2026-03-25 17:00:00+00:00,1.25e-05,-0.0003137688
2026-03-25 18:00:00+00:00,1.04689e-05,-0.0004162484
2026-03-25 19:00:00+00:00,8.5923e-06,-0.0004312618
2026-03-25 20:00:00+00:00,1.11853e-05,-0.0004105175
2026-03-25 21:00:00+00:00,6.614e-06,-0.0004470879
2026-03-25 22:00:00+00:00,8.2044e-06,-0.0004343649
2026-03-25 23:00:00+00:00,6.8248e-06,-0.0004454017
2026-03-26 00:00:00+00:00,6.5523e-06,-0.0004475818
2026-03-26 01:00:00+00:00,7.4243e-06,-0.0004406056
2026-03-26 02:00:00+00:00,6.4787e-06,-0.0004481705
2026-03-26 03:00:00+00:00,5.2167e-06,-0.000458266
2026-03-26 04:00:00+00:00,4.4944e-06,-0.0004640451
2026-03-26 05:00:00+00:00,-3.3895e-06,-0.0005271157
2026-03-26 06:00:00+00:00,-5.3482e-06,-0.0005427856
2026-03-26 07:00:00+00:00,9.1699e-06,-0.0004266408
2026-03-26 08:00:00+00:00,4.5761e-06,-0.000463391
2026-03-26 09:00:00+00:00,4.6583e-06,-0.0004627334
2026-03-26 10:00:00+00:00,-5.652e-07,-0.0005045218
2026-03-26 11:00:00+00:00,-4.559e-07,-0.0005036472
2026-03-26 12:00:00+00:00,-7.0203e-06,-0.0005561621
2026-03-26 13:00:00+00:00,8.543e-07,-0.0004931656
2026-03-26 14:00:00+00:00,1.06685e-05,-0.0004146516
2026-03-26 15:00:00+00:00,1.25e-05,-0.0003953818
2026-03-26 16:00:00+00:00,1.25e-05,-0.000361238
2026-03-26 17:00:00+00:00,1.25e-05,-0.0002655383
2026-03-26 18:00:00+00:00,1.25e-05,-0.0002712194
2026-03-26 19:00:00+00:00,1.25e-05,-0.0002993489
2026-03-26 20:00:00+00:00,1.25e-05,-0.0002147047
2026-03-26 21:00:00+00:00,1.25e-05,-0.0002822818
2026-03-26 22:00:00+00:00,1.25e-05,-0.0003491568
2026-03-26 23:00:00+00:00,1.25e-05,-0.0003362657
2026-03-27 00:00:00+00:00,1.25e-05,-0.0002556597
2026-03-27 01:00:00+00:00,1.25e-05,-0.0003127686
2026-03-27 02:00:00+00:00,1.25e-05,-0.0003140955
2026-03-27 03:00:00+00:00,1.25e-05,-0.0003556476
2026-03-27 04:00:00+00:00,1.22543e-05,-0.0004019652
2026-03-27 05:00:00+00:00,5.2236e-06,-0.0004582109
2026-03-27 06:00:00+00:00,4.9013e-06,-0.0004607893
2026-03-27 07:00:00+00:00,6.9427e-06,-0.0004444588
2026-03-27 08:00:00+00:00,8.284e-06,-0.0004337281
2026-03-27 09:00:00+00:00,8.003e-07,-0.0004935973
2026-03-27 10:00:00+00:00,3.7928e-06,-0.0004696576
2026-03-27 11:00:00+00:00,5.1628e-06,-0.0004586977
2026-03-27 12:00:00+00:00,1.25e-05,-0.0003967764
2026-03-27 13:00:00+00:00,1.17845e-05,-0.0004057243
2026-03-27 14:00:00+00:00,9.0044e-06,-0.0004279644
2026-03-27 15:00:00+00:00,1.25e-05,-0.000372508
2026-03-27 16:00:00+00:00,1.25e-05,-0.0002306004
2026-03-27 17:00:00+00:00,1.25e-05,-0.0001874517
2026-03-27 18:00:00+00:00,1.25e-05,-0.0002572832
2026-03-27 19:00:00+00:00,1.25e-05,-0.0001792911
2026-03-27 20:00:00+00:00,1.25e-05,-0.0001286332
2026-03-27 21:00:00+00:00,1.25e-05,-0.0002177794
2026-03-27 22:00:00+00:00,1.25e-05,-0.0002263611
2026-03-27 23:00:00+00:00,1.25e-05,-0.0002973749
2026-03-28 00:00:00+00:00,1.25e-05,-0.0002808017
2026-03-28 01:00:00+00:00,1.25e-05,-0.0003424267
2026-03-28 02:00:00+00:00,9.4371e-06,-0.0004245035
2026-03-28 03:00:00+00:00,7.4705e-06,-0.0004402364
2026-03-28 04:00:00+00:00,1.18226e-05,-0.0004054194
2026-03-28 05:00:00+00:00,1.23005e-05,-0.0004015963
2026-03-28 06:00:00+00:00,1.25e-05,-0.0003609128
2026-03-28 07:00:00+00:00,1.25e-05,-0.0002750035
2026-03-28 08:00:00+00:00,1.25e-05,-0.0003506389
2026-03-28 09:00:00+00:00,1.25e-05,-0.0002884485
2026-03-28 10:00:00+00:00,1.25e-05,-0.000368255
2026-03-28 11:00:00+00:00,1.25e-05,-0.000386702
2026-03-28 12:00:00+00:00,1.25e-05,-0.0003943988
2026-03-28 13:00:00+00:00,1.25e-05,-0.0002825895
2026-03-28 14:00:00+00:00,1.25e-05,-0.0003053464
2026-03-28 15:00:00+00:00,1.25e-05,-0.0002773646
2026-03-28 16:00:00+00:00,1.25e-05,-0.0002305876
2026-03-28 17:00:00+00:00,1.25e-05,-0.000250852
2026-03-28 18:00:00+00:00,1.25e-05,-0.0002861934
2026-03-28 19:00:00+00:00,1.25e-05,-0.0002252942
2026-03-28 20:00:00+00:00,1.25e-05,-0.0003102968
2026-03-28 21:00:00+00:00,1.25e-05,-0.0002874374
2026-03-28 22:00:00+00:00,1.25e-05,-0.0003622979
2026-03-28 23:00:00+00:00,1.25e-05,-0.0003302253
2026-03-29 00:00:00+00:00,1.25e-05,-0.0002872515
2026-03-29 01:00:00+00:00,1.25e-05,-0.0003124221
2026-03-29 02:00:00+00:00,1.25e-05,-0.0003417076
2026-03-29 03:00:00+00:00,1.25e-05,-0.0002622839
2026-03-29 04:00:00+00:00,1.25e-05,-0.0002745721
2026-03-29 05:00:00+00:00,1.25e-05,-0.0003315184
2026-03-29 06:00:00+00:00,1.25e-05,-0.0003589139
2026-03-29 07:00:00+00:00,1.25e-05,-0.0003053965
2026-03-29 08:00:00+00:00,1.25e-05,-0.0003660104
2026-03-29 09:00:00+00:00,1.25e-05,-0.0003042091
2026-03-29 10:00:00+00:00,1.15721e-05,-0.0004074229
2026-03-29 11:00:00+00:00,1.02047e-05,-0.0004183624
2026-03-29 12:00:00+00:00,1.25e-05,-0.0003764286
2026-03-29 13:00:00+00:00,1.16262e-05,-0.0004069906
2026-03-29 14:00:00+00:00,8.286e-06,-0.0004337124
2026-03-29 15:00:00+00:00,5.6677e-06,-0.0004546586
2026-03-29 16:00:00+00:00,2.1557e-06,-0.0004827542
2026-03-29 17:00:00+00:00,2.5916e-06,-0.0004792669
2026-03-29 18:00:00+00:00,5.203e-07,-0.0004958377
2026-03-29 19:00:00+00:00,5.75e-07,-0.0004954002
2026-03-29 20:00:00+00:00,5.6449e-06,-0.0004548407
2026-03-29 21:00:00+00:00,3.3764e-06,-0.0004729888
2026-03-29 22:00:00+00:00,5.7004e-06,-0.000454397
2026-03-29 23:00:00+00:00,-5.2228e-06,-0.0005417823
2026-03-30 00:00:00+00:00,-1.57495e-05,-0.0006259961
2026-03-30 01:00:00+00:00,-4.543e-06,-0.000536344
2026-03-30 02:00:00+00:00,9.377e-07,-0.0004924981
2026-03-30 03:00:00+00:00,2.0451e-06,-0.0004836391
2026-03-30 04:00:00+00:00,6.2285e-06,-0.0004501717
2026-03-30 05:00:00+00:00,3.9169e-06,-0.000468665
2026-03-30 06:00:00+00:00,3.106e-07,-0.0004975152
2026-03-30 07:00:00+00:00,3.3157e-06,-0.0004734742
2026-03-30 08:00:00+00:00,7.5939e-06,-0.0004392491
2026-03-30 09:00:00+00:00,-3.7834e-06,-0.0005302674
2026-03-30 10:00:00+00:00,-5.2841e-06,-0.000542273
2026-03-30 11:00:00+00:00,-6.1739e-06,-0.0005493911
2026-03-30 12:00:00+00:00,-7.7824e-06,-0.0005622595
2026-03-30 13:00:00+00:00,-8.2398e-06,-0.0005659185
2026-03-30 14:00:00+00:00,-1.63514e-05,-0.0006308109
2026-03-30 15:00:00+00:00,-1.59454e-05,-0.0006275635
2026-03-30 16:00:00+00:00,-1.1154e-05,-0.0005892317
2026-03-30 17:00:00+00:00,-1.57942e-05,-0.0006263538
2026-03-30 18:00:00+00:00,-5.5803e-06,-0.0005446423
2026-03-30 19:00:00+00:00,-1.49e-07,-0.0005011921
2026-03-30 20:00:00+00:00,-7.4268e-06,-0.0005594144
2026-03-30 21:00:00+00:00,-6.0769e-06,-0.0005486152
2026-03-30 22:00:00+00:00,-7.7604e-06,-0.0005620829
2026-03-30 23:00:00+00:00,-5.2778e-06,-0.0005422225
2026-03-31 00:00:00+00:00,-1.0189e-05,-0.0005815122
2026-03-31 01:00:00+00:00,-6.6604e-06,-0.0005532834
2026-03-31 02:00:00+00:00,4.7264e-06,-0.0004621884
2026-03-31 03:00:00+00:00,2.1244e-06,-0.0004830048
2026-03-31 04:00:00+00:00,-3.865e-07,-0.0005030921
2026-03-31 05:00:00+00:00,-1.2769e-06,-0.0005102151
2026-03-31 06:00:00+00:00,-8.188e-07,-0.0005065505
2026-03-31 07:00:00+00:00,-1.5006e-06,-0.0005120045
2026-03-31 08:00:00+00:00,9.724e-07,-0.0004922206
2026-03-31 09:00:00+00:00,4.704e-07,-0.0004962365
2026-03-31 10:00:00+00:00,-3.2971e-06,-0.0005263766
2026-03-31 11:00:00+00:00,-1.0542e-05,-0.000584336
2026-03-31 12:00:00+00:00,-3.5158e-06,-0.000528126
2026-03-31 13:00:00+00:00,2.504e-07,-0.0004979966
2026-03-31 14:00:00+00:00,-2.0374e-06,-0.0005162991
2026-03-31 15:00:00+00:00,3.6033e-06,-0.0004711736
2026-03-31 16:00:00+00:00,-5.812e-06,-0.000546496
2026-03-31 17:00:00+00:00,-4.3957e-06,-0.0005351654
2026-03-31 18:00:00+00:00,-1.51231e-05,-0.0006209844
2026-03-31 19:00:00+00:00,-1.68316e-05,-0.0006346526
2026-03-31 20:00:00+00:00,-1.73939e-05,-0.000639151
2026-03-31 21:00:00+00:00,-1.72815e-05,-0.0006382516
2026-03-31 22:00:00+00:00,-1.06528e-05,-0.0005852225
2026-03-31 23:00:00+00:00,-1.58361e-05,-0.0006266891
2026-04-01 00:00:00+00:00,-6.5066e-06,-0.0005520526
2026-04-01 01:00:00+00:00,-9.8538e-06,-0.0005788305
2026-04-01 02:00:00+00:00,-9.9308e-06,-0.0005794463
2026-04-01 03:00:00+00:00,-7.6419e-06,-0.0005611354
2026-04-01 04:00:00+00:00,-4.9621e-06,-0.0005396967
2026-04-01 05:00:00+00:00,6.439e-06,-0.0004484884
2026-04-01 06:00:00+00:00,9.831e-06,-0.0004213523
2026-04-01 07:00:00+00:00,6.4121e-06,-0.0004487034
2026-04-01 08:00:00+00:00,1.3418e-06,-0.0004892655
2026-04-01 09:00:00+00:00,1.6294e-06,-0.0004869645
2026-04-01 10:00:00+00:00,4.3789e-06,-0.0004649685
2026-04-01 11:00:00+00:00,-4.3524e-06,-0.0005348195
2026-04-01 12:00:00+00:00,-1.9792e-06,-0.0005158333
2026-04-01 13:00:00+00:00,-4.961e-06,-0.0005396881
2026-04-01 14:00:00+00:00,-1.35247e-05,-0.0006081979
2026-04-01 15:00:00+00:00,-1.16614e-05,-0.0005932912
2026-04-01 16:00:00+00:00,-1.13304e-05,-0.0005906431
2026-04-01 17:00:00+00:00,-1.24711e-05,-0.0005997685
2026-04-01 18:00:00+00:00,-1.35994e-05,-0.0006087953
2026-04-01 19:00:00+00:00,-2.7873e-06,-0.0005222985
2026-04-01 20:00:00+00:00,-2.9708e-06,-0.0005237667
2026-04-01 21:00:00+00:00,-1.22902e-05,-0.0005983216
2026-04-01 22:00:00+00:00,-2.5444e-06,-0.000520355
2026-04-01 23:00:00+00:00,-6.1896e-06,-0.0005495172
2026-04-02 00:00:00+00:00,-4.974e-06,-0.0005397922
2026-04-02 01:00:00+00:00,-8.481e-07,-0.0005067848
2026-04-02 02:00:00+00:00,-1.28285e-05,-0.0006026278
2026-04-02 03:00:00+00:00,-1.70213e-05,-0.0006361702
2026-04-02 04:00:00+00:00,-1.84969e-05,-0.0006479751
2026-04-02 05:00:00+00:00,-2.07213e-05,-0.0006657704
2026-04-02 06:00:00+00:00,-1.67052e-05,-0.0006336416
2026-04-02 07:00:00+00:00,-8.1483e-06,-0.000565186
2026-04-02 08:00:00+00:00,-1.56101e-05,-0.000624881
2026-04-02 09:00:00+00:00,-1.87101e-05,-0.0006496807
2026-04-02 10:00:00+00:00,-1.61506e-05,-0.0006292049
2026-04-02 11:00:00+00:00,-1.76351e-05,-0.0006410807
2026-04-02 12:00:00+00:00,-1.7389e-05,-0.0006391121
2026-04-02 13:00:00+00:00,-1.4819e-05,-0.0006185517
2026-04-02 14:00:00+00:00,-7.7121e-06,-0.0005616968
2026-04-02 15:00:00+00:00,-1.15098e-05,-0.000592078
2026-04-02 16:00:00+00:00,-1.8183e-05,-0.0006454637
2026-04-02 17:00:00+00:00,-1.66116e-05,-0.0006328925
2026-04-02 18:00:00+00:00,-1.86432e-05,-0.0006491455
2026-04-02 19:00:00+00:00,-6.7795e-06,-0.0005542357
2026-04-02 20:00:00+00:00,-1.29105e-05,-0.0006032841
2026-04-02 21:00:00+00:00,-7.3098e-06,-0.0005584788
2026-04-02 22:00:00+00:00,-1.2129e-05,-0.0005970317
2026-04-02 23:00:00+00:00,-5.2031e-06,-0.0005416248
2026-04-03 00:00:00+00:00,-3.4961e-06,-0.0005279692
2026-04-03 01:00:00+00:00,-8.756e-06,-0.0005700482
2026-04-03 02:00:00+00:00,-1.17438e-05,-0.0005939501
2026-04-03 03:00:00+00:00,-9.4356e-06,-0.0005754845
2026-04-03 04:00:00+00:00,-4.1648e-06,-0.0005333188
2026-04-03 05:00:00+00:00,-1.9187e-06,-0.0005153497
2026-04-03 06:00:00+00:00,-5.3898e-06,-0.0005431187
2026-04-03 07:00:00+00:00,-3.9951e-06,-0.0005319607
2026-04-03 08:00:00+00:00,2.1797e-06,-0.0004825622
2026-04-03 09:00:00+00:00,2.3172e-06,-0.0004814627
2026-04-03 10:00:00+00:00,-1.2668e-06,-0.0005101342
2026-04-03 11:00:00+00:00,-2.0454e-06,-0.0005163628
2026-04-03 12:00:00+00:00,2.571e-06,-0.0004794321
2026-04-03 13:00:00+00:00,-3.4859e-06,-0.0005278874
2026-04-03 14:00:00+00:00,2.1759e-06,-0.0004825926
2026-04-03 15:00:00+00:00,2.1913e-06,-0.0004824693
2026-04-03 16:00:00+00:00,-2.439e-07,-0.0005019515
2026-04-03 17:00:00+00:00,7.3292e-06,-0.0004413661
2026-04-03 18:00:00+00:00,5.586e-07,-0.0004955314
2026-04-03 19:00:00+00:00,1.76e-08,-0.000499859
2026-04-03 20:00:00+00:00,-5.0635e-06,-0.0005405082
2026-04-03 21:00:00+00:00,1.6223e-06,-0.000487022
2026-04-03 22:00:00+00:00,6.5192e-06,-0.0004478466
2026-04-03 23:00:00+00:00,2.048e-07,-0.0004983619
2026-04-04 00:00:00+00:00,-4.3767e-06,-0.0005350136
2026-04-04 01:00:00+00:00,2.3824e-06,-0.0004809405
2026-04-04 02:00:00+00:00,-3.3649e-06,-0.0005269194
2026-04-04 03:00:00+00:00,-9.3546e-06,-0.0005748365
2026-04-04 04:00:00+00:00,-7.8242e-06,-0.0005625935
2026-04-04 05:00:00+00:00,-3.1582e-06,-0.0005252657
2026-04-04 06:00:00+00:00,1.0787e-06,-0.0004913704
2026-04-04 07:00:00+00:00,-1.3441e-06,-0.0005107525
2026-04-04 08:00:00+00:00,-7.4463e-06,-0.0005595703
2026-04-04 09:00:00+00:00,-9.9428e-06,-0.0005795421
2026-04-04 10:00:00+00:00,-6.5787e-06,-0.0005526297
2026-04-04 11:00:00+00:00,-1.9715e-06,-0.0005157721
2026-04-04 12:00:00+00:00,-4.6206e-06,-0.0005369645
2026-04-04 13:00:00+00:00,-2.5731e-06,-0.0005205846
2026-04-04 14:00:00+00:00,-1.3549e-05,-0.000608392
2026-04-04 15:00:00+00:00,-2.03073e-05,-0.0006624587
2026-04-04 16:00:00+00:00,-1.87294e-05,-0.0006498355
2026-04-04 17:00:00+00:00,-2.0357e-05,-0.0006628562
2026-04-04 18:00:00+00:00,-1.3946e-05,-0.0006115681
2026-04-04 19:00:00+00:00,-1.36321e-05,-0.000609057
2026-04-04 20:00:00+00:00,-5.1592e-06,-0.0005412738
2026-04-04 21:00:00+00:00,-9.3827e-06,-0.0005750617
2026-04-04 22:00:00+00:00,-1.30313e-05,-0.0006042507
2026-04-04 23:00:00+00:00,-9.6876e-06,-0.0005775012
2026-04-05 00:00:00+00:00,-1.28064e-05,-0.0006024509
2026-04-05 01:00:00+00:00,-1.70056e-05,-0.0006360451
2026-04-05 02:00:00+00:00,-1.73362e-05,-0.0006386898
2026-04-05 03:00:00+00:00,-1.37947e-05,-0.0006103576
2026-04-05 04:00:00+00:00,-1.46677e-05,-0.0006173416
2026-04-05 05:00:00+00:00,-1.04796e-05,-0.0005838366
2026-04-05 06:00:00+00:00,-1.56392e-05,-0.0006251138
2026-04-05 07:00:00+00:00,-1.05732e-05,-0.0005845853
2026-04-05 08:00:00+00:00,-2.63455e-05,-0.000710764
2026-04-05 09:00:00+00:00,-2.83484e-05,-0.0007267868
2026-04-05 10:00:00+00:00,-2.45441e-05,-0.0006963528
2026-04-05 11:00:00+00:00,-2.03716e-05,-0.0006629731
2026-04-05 12:00:00+00:00,-2.33904e-05,-0.0006871233
2026-04-05 13:00:00+00:00,-2.4988e-05,-0.0006999038
2026-04-05 14:00:00+00:00,-1.60002e-05,-0.0006280013
2026-04-05 15:00:00+00:00,-1.77249e-05,-0.0006417995
2026-04-05 16:00:00+00:00,-1.22883e-05,-0.0005983063
2026-04-05 17:00:00+00:00,-1.87636e-05,-0.0006501088
2026-04-05 18:00:00+00:00,-1.89504e-05,-0.000651603
2026-04-05 19:00:00+00:00,-1.29609e-05,-0.0006036869
2026-04-05 20:00:00+00:00,-1.47376e-05,-0.0006179007
2026-04-05 21:00:00+00:00,-1.23999e-05,-0.0005991996
2026-04-05 22:00:00+00:00,-1.83538e-05,-0.0006468301
2026-04-05 23:00:00+00:00,-1.0037e-05,-0.0005802958
2026-04-06 00:00:00+00:00,-9.8878e-06,-0.0005791026
2026-04-06 01:00:00+00:00,-1.008e-06,-0.0005080641
2026-04-06 02:00:00+00:00,2.9207e-06,-0.0004766341
2026-04-06 03:00:00+00:00,6.3027e-06,-0.0004495784
2026-04-06 04:00:00+00:00,2.5927e-06,-0.0004792587
2026-04-06 05:00:00+00:00,9.294e-07,-0.0004925645
2026-04-06 06:00:00+00:00,3.2501e-06,-0.0004739989
2026-04-06 07:00:00+00:00,1.401e-06,-0.0004887924
2026-04-06 08:00:00+00:00,6.1694e-06,-0.0004506449
2026-04-06 09:00:00+00:00,1.09716e-05,-0.000412227
2026-04-06 10:00:00+00:00,1.20199e-05,-0.0004038408
2026-04-06 11:00:00+00:00,1.25e-05,-0.0003879
2026-04-06 12:00:00+00:00,1.1844e-06,-0.0004905249
2026-04-06 13:00:00+00:00,1.8709e-06,-0.0004850329
2026-04-06 14:00:00+00:00,2.373e-06,-0.0004810157
2026-04-06 15:00:00+00:00,1.7327e-06,-0.0004861386
2026-04-06 16:00:00+00:00,5.337e-07,-0.0004957304
2026-04-06 17:00:00+00:00,-1.14632e-05,-0.0005917054
2026-04-06 18:00:00+00:00,-1.07763e-05,-0.0005862101
2026-04-06 19:00:00+00:00,-1.10744e-05,-0.0005885951
2026-04-06 20:00:00+00:00,-8.5887e-06,-0.0005687097
2026-04-06 21:00:00+00:00,-4.5799e-06,-0.0005366395
2026-04-06 22:00:00+00:00,-1.10394e-05,-0.000588315
2026-04-06 23:00:00+00:00,-1.46985e-05,-0.0006175881
2026-04-07 00:00:00+00:00,2.6848e-06,-0.0004785213
2026-04-07 01:00:00+00:00,-6.154e-06,-0.0005492318
2026-04-07 02:00:00+00:00,-1.05452e-05,-0.0005843616
2026-04-07 03:00:00+00:00,-1.8383e-06,-0.0005147066
2026-04-07 04:00:00+00:00,4.6691e-06,-0.000462647
2026-04-07 05:00:00+00:00,6.365e-07,-0.0004949083
2026-04-07 06:00:00+00:00,-1.351e-06,-0.0005108082
2026-04-07 07:00:00+00:00,3.0901e-06,-0.000475279
2026-04-07 08:00:00+00:00,5.3322e-06,-0.0004573425
2026-04-07 09:00:00+00:00,7.5588e-06,-0.0004395296
2026-04-07 10:00:00+00:00,1.03327e-05,-0.0004173387
2026-04-07 11:00:00+00:00,-2.5651e-06,-0.0005205206
2026-04-07 12:00:00+00:00,8.904e-07,-0.000492877
2026-04-07 13:00:00+00:00,1.9494e-06,-0.0004844049
2026-04-07 14:00:00+00:00,-2.6877e-06,-0.0005215017
2026-04-07 15:00:00+00:00,-2.1088e-06,-0.0005168703
2026-04-07 16:00:00+00:00,4.8385e-06,-0.0004612922
2026-04-07 17:00:00+00:00,2.8201e-06,-0.000477439
2026-04-07 18:00:00+00:00,4.277e-06,-0.0004657843
2026-04-07 19:00:00+00:00,7.655e-06,-0.0004387604
2026-04-07 20:00:00+00:00,9.2327e-06,-0.0004261381
2026-04-07 21:00:00+00:00,1.25e-05,-0.0003447595
2026-04-07 22:00:00+00:00,1.25e-05,-0.0003583911
2026-04-07 23:00:00+00:00,1.25e-05,-0.0001771329
2026-04-08 00:00:00+00:00,1.25e-05,-6.36251e-05
2026-04-08 01:00:00+00:00,1.25e-05,-0.0001008679
2026-04-08 02:00:00+00:00,1.25e-05,-0.000125421
2026-04-08 03:00:00+00:00,1.25e-05,-0.0001221959
2026-04-08 04:00:00+00:00,1.25e-05,-0.0001615897
2026-04-08 05:00:00+00:00,1.25e-05,-4.43505e-05
2026-04-08 06:00:00+00:00,1.25e-05,-6.36931e-05
2026-04-08 07:00:00+00:00,1.25e-05,-5.17471e-05
2026-04-08 08:00:00+00:00,1.25e-05,-7.06651e-05
2026-04-08 09:00:00+00:00,1.25e-05,-9.3526e-05
2026-04-08 10:00:00+00:00,1.25e-05,-0.0001377151
2026-04-08 11:00:00+00:00,1.25e-05,-0.000229538
2026-04-08 12:00:00+00:00,1.25e-05,-0.0002380004
2026-04-08 13:00:00+00:00,1.25e-05,-0.0002591646
2026-04-08 14:00:00+00:00,1.25e-05,-0.0001730645
2026-04-08 15:00:00+00:00,1.25e-05,-0.0003137217
2026-04-08 16:00:00+00:00,1.25e-05,-0.0002481471
2026-04-08 17:00:00+00:00,1.25e-05,-0.0002900596
2026-04-08 18:00:00+00:00,1.25e-05,-0.0003601748
2026-04-08 19:00:00+00:00,3.4689e-06,-0.0004722485
2026-04-08 20:00:00+00:00,2.0265e-06,-0.0004837884
2026-04-08 21:00:00+00:00,-1.8857e-06,-0.0005150858
2026-04-08 22:00:00+00:00,1.4503e-06,-0.0004883978
2026-04-08 23:00:00+00:00,6.67e-08,-0.0004994661
2026-04-09 00:00:00+00:00,6.955e-07,-0.0004944358
2026-04-09 01:00:00+00:00,-2.9114e-06,-0.000523291
2026-04-09 02:00:00+00:00,6.4058e-06,-0.0004487539
2026-04-09 03:00:00+00:00,6.8484e-06,-0.000445213
2026-04-09 04:00:00+00:00,4.4593e-06,-0.0004643252
2026-04-09 05:00:00+00:00,3.3565e-06,-0.0004731481
2026-04-09 06:00:00+00:00,3.7106e-06,-0.0004703156
2026-04-09 07:00:00+00:00,5.0594e-06,-0.0004595245
2026-04-09 08:00:00+00:00,-2.1414e-06,-0.0005171311
2026-04-09 09:00:00+00:00,4.1051e-06,-0.0004671593
2026-04-09 10:00:00+00:00,2.56e-08,-0.0004997955
2026-04-09 11:00:00+00:00,-1.088e-06,-0.0005087038
2026-04-09 12:00:00+00:00,-1.0912e-05,-0.0005872961
2026-04-09 13:00:00+00:00,-8.0506e-06,-0.0005644045
2026-04-09 14:00:00+00:00,-1.17356e-05,-0.0005938844
2026-04-09 15:00:00+00:00,-2.9466e-06,-0.0005235732
2026-04-09 16:00:00+00:00,9.1331e-06,-0.0004269351
2026-04-09 17:00:00+00:00,6.4545e-06,-0.0004483642
2026-04-09 18:00:00+00:00,6.8748e-06,-0.0004450016
2026-04-09 19:00:00+00:00,-2.006e-06,-0.0005160481
2026-04-09 20:00:00+00:00,1.2403e-05,-0.0004007756
2026-04-09 21:00:00+00:00,1.25e-05,-0.0003251683
2026-04-09 22:00:00+00:00,1.25e-05,-0.0003755821
2026-04-09 23:00:00+00:00,1.25e-05,-0.0003536683
2026-04-10 00:00:00+00:00,1.09263e-05,-0.0004125894
2026-04-10 01:00:00+00:00,1.25e-05,-0.0003699461
2026-04-10 02:00:00+00:00,1.25e-05,-0.0003602608
2026-04-10 03:00:00+00:00,1.25e-05,-0.0003584623
2026-04-10 04:00:00+00:00,1.24855e-05,-0.0004001162
2026-04-10 05:00:00+00:00,1.25e-05,-0.0003364363
2026-04-10 06:00:00+00:00,1.25e-05,-0.0003646833
2026-04-10 07:00:00+00:00,1.25e-05,-0.0003312576
2026-04-10 08:00:00+00:00,1.25e-05,-0.0003422776
2026-04-10 09:00:00+00:00,1.25e-05,-0.0003640779
2026-04-10 10:00:00+00:00,1.25e-05,-0.0003296389
2026-04-10 11:00:00+00:00,1.25e-05,-0.0003567339
2026-04-10 12:00:00+00:00,1.25e-05,-0.000383315
2026-04-10 13:00:00+00:00,1.25e-05,-0.0003778643
2026-04-10 14:00:00+00:00,1.18947e-05,-0.0004048423
2026-04-10 15:00:00+00:00,6.6363e-06,-0.0004469099
2026-04-10 16:00:00+00:00,6.922e-07,-0.0004944624
2026-04-10 17:00:00+00:00,8.6392e-06,-0.0004308865
2026-04-10 18:00:00+00:00,3.9722e-06,-0.0004682222
2026-04-10 19:00:00+00:00,5.727e-06,-0.0004541837
2026-04-10 20:00:00+00:00,-2.6853e-06,-0.0005214822
2026-04-10 21:00:00+00:00,-3.8061e-06,-0.0005304489
2026-04-10 22:00:00+00:00,-5.458e-07,-0.0005043664
2026-04-10 23:00:00+00:00,4.277e-06,-0.0004657837
2026-04-11 00:00:00+00:00,4.6499e-06,-0.0004628006
2026-04-11 01:00:00+00:00,9.5494e-06,-0.0004236045
2026-04-11 02:00:00+00:00,8.7099e-06,-0.0004303207
2026-04-11 03:00:00+00:00,1.16345e-05,-0.0004069241
2026-04-11 04:00:00+00:00,1.13298e-05,-0.0004093614
2026-04-11 05:00:00+00:00,9.5026e-06,-0.0004239793
2026-04-11 06:00:00+00:00,7.8637e-06,-0.0004370901
2026-04-11 07:00:00+00:00,1.15181e-05,-0.0004078553
2026-04-11 08:00:00+00:00,1.25e-05,-0.000387553
2026-04-11 09:00:00+00:00,1.25e-05,-0.000349303
2026-04-11 10:00:00+00:00,1.25e-05,-0.0003905242
2026-04-11 11:00:00+00:00,1.00413e-05,-0.0004196693
2026-04-11 12:00:00+00:00,1.25e-05,-0.0003712187
2026-04-11 13:00:00+00:00,1.25e-05,-0.0003289629
2026-04-11 14:00:00+00:00,1.25e-05,-0.0003913595
2026-04-11 15:00:00+00:00,1.22872e-05,-0.0004017023
2026-04-11 16:00:00+00:00,1.10529e-05,-0.000411577
2026-04-11 17:00:00+00:00,1.25e-05,-0.0003583025
2026-04-11 18:00:00+00:00,1.25e-05,-0.0002736901
2026-04-11 19:00:00+00:00,1.25e-05,-0.0002895469
2026-04-11 20:00:00+00:00,1.25e-05,-0.000320688
2026-04-11 21:00:00+00:00,1.25e-05,-0.0003652786
2026-04-11 22:00:00+00:00,1.25e-05,-0.0003218174
2026-04-11 23:00:00+00:00,1.25e-05,-0.0003336346
2026-04-12 00:00:00+00:00,1.25e-05,-0.0003473903
2026-04-12 01:00:00+00:00,1.25e-05,-0.0002814056
2026-04-12 02:00:00+00:00,1.15972e-05,-0.0004072224
2026-04-12 03:00:00+00:00,-9.639e-07,-0.000507711
2026-04-12 04:00:00+00:00,6.559e-07,-0.000494753
2026-04-12 05:00:00+00:00,5.7136e-06,-0.0004542908
2026-04-12 06:00:00+00:00,5.0413e-06,-0.0004596698
2026-04-12 07:00:00+00:00,1.3929e-06,-0.0004888565
2026-04-12 08:00:00+00:00,-4.2964e-06,-0.000534371
2026-04-12 09:00:00+00:00,8.785e-07,-0.0004929722
2026-04-12 10:00:00+00:00,1.6313e-06,-0.0004869494
2026-04-12 11:00:00+00:00,2.1298e-06,-0.0004829616
2026-04-12 12:00:00+00:00,3.8558e-06,-0.0004691535
2026-04-12 13:00:00+00:00,2.2916e-06,-0.0004816675
2026-04-12 14:00:00+00:00,2.0863e-06,-0.0004833099
2026-04-12 15:00:00+00:00,4.0129e-06,-0.0004678969
2026-04-12 16:00:00+00:00,5.1847e-06,-0.0004585227
2026-04-12 17:00:00+00:00,3.2047e-06,-0.0004743626
2026-04-12 18:00:00+00:00,4.0099e-06,-0.0004679205
2026-04-12 19:00:00+00:00,4.2025e-06,-0.0004663804
2026-04-12 20:00:00+00:00,-3.27e-08,-0.0005002618
2026-04-12 21:00:00+00:00,-8.5725e-06,-0.0005685802
2026-04-12 22:00:00+00:00,-7.8976e-06,-0.0005631809
2026-04-12 23:00:00+00:00,7.068e-07,-0.0004943454
2026-04-13 00:00:00+00:00,3.0638e-06,-0.0004754898
2026-04-13 01:00:00+00:00,6.3351e-06,-0.0004493192
2026-04-13 02:00:00+00:00,5.5078e-06,-0.0004559373
2026-04-13 03:00:00+00:00,8.6731e-06,-0.000430615
2026-04-13 04:00:00+00:00,5.4905e-06,-0.0004560763
2026-04-13 05:00:00+00:00,1.7395e-06,-0.0004860836
2026-04-13 06:00:00+00:00,-1.5848e-06,-0.0005126781
2026-04-13 07:00:00+00:00,8.9837e-06,-0.0004281308
2026-04-13 08:00:00+00:00,4.1716e-06,-0.0004666275
2026-04-13 09:00:00+00:00,4.3437e-06,-0.00046525
2026-04-13 10:00:00+00:00,4.0844e-06,-0.000467325
2026-04-13 11:00:00+00:00,2.7186e-06,-0.0004782508
2026-04-13 12:00:00+00:00,4.6852e-06,-0.0004625182
2026-04-13 13:00:00+00:00,5.5829e-06,-0.0004553369
2026-04-13 14:00:00+00:00,1.25e-05,-0.0003551268
2026-04-13 15:00:00+00:00,-4.0823e-06,-0.0005326587
2026-04-13 16:00:00+00:00,-1.09187e-05,-0.0005873494
2026-04-13 17:00:00+00:00,-2.7289e-06,-0.000521831
2026-04-13 18:00:00+00:00,-6.8759e-06,-0.000555007
2026-04-13 19:00:00+00:00,-2.7777e-06,-0.0005222212
2026-04-13 20:00:00+00:00,-4.5367e-06,-0.0005362936
2026-04-13 21:00:00+00:00,-2.43527e-05,-0.0006948213
2026-04-13 22:00:00+00:00,-8.2912e-06,-0.0005663292
2026-04-13 23:00:00+00:00,1.20594e-05,-0.0004035252
2026-04-14 00:00:00+00:00,1.25e-05,-0.0003468867
2026-04-14 01:00:00+00:00,1.25e-05,-0.0003533586
2026-04-14 02:00:00+00:00,1.25e-05,-0.0003575757
2026-04-14 03:00:00+00:00,1.25e-05,-0.0003461062
2026-04-14 04:00:00+00:00,1.25e-05,-0.0003651785
2026-04-14 05:00:00+00:00,1.25e-05,-0.0003477566
2026-04-14 06:00:00+00:00,1.25e-05,-0.0003779386
2026-04-14 07:00:00+00:00,1.25e-05,-0.0003825664
2026-04-14 08:00:00+00:00,1.25e-05,-0.0003741306
2026-04-14 09:00:00+00:00,8.387e-06,-0.0004329042
2026-04-14 10:00:00+00:00,-8.0086e-06,-0.0005640687
2026-04-14 11:00:00+00:00,-9.8733e-06,-0.0005789864
2026-04-14 12:00:00+00:00,-3.4099e-06,-0.0005272791
2026-04-14 13:00:00+00:00,-4.3025e-06,-0.00053442
2026-04-14 14:00:00+00:00,-1.139e-07,-0.0005009113
2026-04-14 15:00:00+00:00,-2.32732e-05,-0.0006861857
2026-04-14 16:00:00+00:00,-2.40632e-05,-0.0006925057
2026-04-14 17:00:00+00:00,-4.37798e-05,-0.0008502383
2026-04-14 18:00:00+00:00,-3.41474e-05,-0.0007731795
2026-04-14 19:00:00+00:00,-3.21675e-05,-0.0007573401
2026-04-14 20:00:00+00:00,-3.04334e-05,-0.0007434674
2026-04-14 21:00:00+00:00,-3.73029e-05,-0.0007984235
2026-04-14 22:00:00+00:00,-3.87815e-05,-0.0008102516
2026-04-14 23:00:00+00:00,-2.156e-05,-0.0006724797
2026-04-15 00:00:00+00:00,-1.60079e-05,-0.0006280635
2026-04-15 01:00:00+00:00,-1.41059e-05,-0.0006128475
2026-04-15 02:00:00+00:00,-1.53487e-05,-0.0006227896
2026-04-15 03:00:00+00:00,-1.61713e-05,-0.0006293707
2026-04-15 04:00:00+00:00,-1.44376e-05,-0.0006155005
2026-04-15 05:00:00+00:00,-5.1385e-06,-0.0005411082
2026-04-15 06:00:00+00:00,-1.30892e-05,-0.0006047135
2026-04-15 07:00:00+00:00,-1.48697e-05,-0.0006189576
2026-04-15 08:00:00+00:00,-1.43471e-05,-0.0006147771
2026-04-15 09:00:00+00:00,-3.4245e-06,-0.0005273959
2026-04-15 10:00:00+00:00,-1.3056e-05,-0.0006044483
2026-04-15 11:00:00+00:00,-7.343e-06,-0.0005587437
2026-04-15 12:00:00+00:00,-7.9024e-06,-0.0005632189
2026-04-15 13:00:00+00:00,-5.641e-07,-0.0005045124
2026-04-15 14:00:00+00:00,5.29e-07,-0.000495768
2026-04-15 15:00:00+00:00,1.8175e-06,-0.0004854601
2026-04-15 16:00:00+00:00,-1.6432e-06,-0.0005131458
2026-04-15 17:00:00+00:00,-1.9967e-06,-0.0005159736
2026-04-15 18:00:00+00:00,-6.709e-07,-0.0005053673
2026-04-15 19:00:00+00:00,4.184e-07,-0.0004966526
2026-04-15 20:00:00+00:00,-3.6571e-06,-0.0005292567
2026-04-15 21:00:00+00:00,-1.44736e-05,-0.0006157884
2026-04-15 22:00:00+00:00,-1.12141e-05,-0.0005897128
2026-04-15 23:00:00+00:00,-5.6304e-06,-0.0005450431
2026-04-16 00:00:00+00:00,-6.8305e-06,-0.0005546441
2026-04-16 01:00:00+00:00,-3.6102e-06,-0.0005288814
2026-04-16 02:00:00+00:00,-1.07555e-05,-0.0005860437
2026-04-16 03:00:00+00:00,-4.9071e-06,-0.0005392568
2026-04-16 04:00:00+00:00,-1.0613e-06,-0.0005084905
2026-04-16 05:00:00+00:00,-4.679e-07,-0.0005037435
2026-04-16 06:00:00+00:00,3.1269e-06,-0.0004749848
2026-04-16 07:00:00+00:00,5.2702e-06,-0.0004578387
2026-04-16 08:00:00+00:00,1.8609e-06,-0.000485113
2026-04-16 09:00:00+00:00,6.911e-07,-0.0004944711
2026-04-16 10:00:00+00:00,6.716e-07,-0.0004946272
2026-04-16 11:00:00+00:00,-3.0758e-06,-0.0005246066
2026-04-16 12:00:00+00:00,-1.54264e-05,-0.0006234114
2026-04-16 13:00:00+00:00,-1.62719e-05,-0.0006301756
2026-04-16 14:00:00+00:00,-6.5127e-06,-0.0005521015
2026-04-16 15:00:00+00:00,-9.1331e-06,-0.0005730652
2026-04-16 16:00:00+00:00,1.2307e-06,-0.0004901542
2026-04-16 17:00:00+00:00,2.5235e-06,-0.0004798121
2026-04-16 18:00:00+00:00,2.9733e-06,-0.0004762139
2026-04-16 19:00:00+00:00,9.8641e-06,-0.0004210869
2026-04-16 20:00:00+00:00,1.11566e-05,-0.0004107475
2026-04-16 21:00:00+00:00,3.2671e-06,-0.0004738632
2026-04-16 22:00:00+00:00,-4.801e-07,-0.0005038404
2026-04-16 23:00:00+00:00,3.268e-07,-0.0004973854
2026-04-17 00:00:00+00:00,6.7867e-06,-0.0004457066
2026-04-17 01:00:00+00:00,8.3384e-06,-0.0004332925
2026-04-17 02:00:00+00:00,2.2463e-06,-0.0004820296
2026-04-17 03:00:00+00:00,4.0032e-06,-0.0004679745
2026-04-17 04:00:00+00:00,7.2651e-06,-0.0004418796
2026-04-17 05:00:00+00:00,5.8203e-06,-0.000453438
2026-04-17 06:00:00+00:00,1.7514e-06,-0.0004859888
2026-04-17 07:00:00+00:00,4.4795e-06,-0.0004641638
2026-04-17 08:00:00+00:00,7.2612e-06,-0.0004419102
2026-04-17 09:00:00+00:00,-3.57e-08,-0.0005002855
2026-04-17 10:00:00+00:00,-2.0019e-06,-0.0005160152
2026-04-17 11:00:00+00:00,-1.16745e-05,-0.000593396
2026-04-17 12:00:00+00:00,-1.28326e-05,-0.0006026605
2026-04-17 13:00:00+00:00,-5.6944e-06,-0.0005455556
2026-04-17 14:00:00+00:00,6.622e-07,-0.0004947024
2026-04-17 15:00:00+00:00,-8.4281e-06,-0.0005674247
2026-04-17 16:00:00+00:00,-2.20303e-05,-0.000676242
2026-04-17 17:00:00+00:00,-2.65216e-05,-0.0007121724
2026-04-17 18:00:00+00:00,-1.55055e-05,-0.0006240441
2026-04-17 19:00:00+00:00,-1.22773e-05,-0.0005982186
2026-04-17 20:00:00+00:00,-1.1946e-05,-0.0005955679
2026-04-17 21:00:00+00:00,-2.2665e-05,-0.0006813197
2026-04-17 22:00:00+00:00,-1.11584e-05,-0.0005892673
2026-04-17 23:00:00+00:00,-1.26582e-05,-0.0006012653
2026-04-18 00:00:00+00:00,-1.8937e-05,-0.0006514958
2026-04-18 01:00:00+00:00,-1.63757e-05,-0.0006310054
2026-04-18 02:00:00+00:00,-1.50709e-05,-0.000620567
2026-04-18 03:00:00+00:00,-1.44502e-05,-0.0006156019
2026-04-18 04:00:00+00:00,-1.2034e-05,-0.0005962719
2026-04-18 05:00:00+00:00,-7.3326e-06,-0.0005586607
2026-04-18 06:00:00+00:00,-1.0466e-05,-0.0005837281
2026-04-18 07:00:00+00:00,-5.4072e-06,-0.0005432573
2026-04-18 08:00:00+00:00,1.2496e-06,-0.0004900029
2026-04-18 09:00:00+00:00,3e-10,-0.0004999977
2026-04-18 10:00:00+00:00,-1.49217e-05,-0.0006193732
2026-04-18 11:00:00+00:00,-2.6218e-06,-0.0005209742
2026-04-18 12:00:00+00:00,-3.803e-07,-0.0005030424
2026-04-18 13:00:00+00:00,2.1438e-06,-0.0004828499
2026-04-18 14:00:00+00:00,7.28e-07,-0.0004941762
2026-04-18 15:00:00+00:00,3.008e-07,-0.0004975935
2026-04-18 16:00:00+00:00,-5.8545e-06,-0.0005468359
2026-04-18 17:00:00+00:00,-7.1123e-06,-0.0005568984
2026-04-18 18:00:00+00:00,-8.5786e-06,-0.0005686284
2026-04-18 19:00:00+00:00,-2.45205e-05,-0.0006961644
2026-04-18 20:00:00+00:00,-2.46542e-05,-0.0006972338
2026-04-18 21:00:00+00:00,-1.76829e-05,-0.0006414632
2026-04-18 22:00:00+00:00,-2.17784e-05,-0.0006742272
2026-04-18 23:00:00+00:00,-2.12517e-05,-0.0006700133
2026-04-19 00:00:00+00:00,-1.95831e-05,-0.0006566645
2026-04-19 01:00:00+00:00,-2.06578e-05,-0.0006652622
2026-04-19 02:00:00+00:00,-1.47201e-05,-0.0006177611
2026-04-19 03:00:00+00:00,-8.834e-06,-0.0005706718
2026-04-19 04:00:00+00:00,-7.7053e-06,-0.0005616422
2026-04-19 05:00:00+00:00,-6.6869e-06,-0.000553495
2026-04-19 06:00:00+00:00,-5.7351e-06,-0.0005458812
2026-04-19 07:00:00+00:00,-1.16717e-05,-0.0005933733
2026-04-19 08:00:00+00:00,-8.3646e-06,-0.0005669166
2026-04-19 09:00:00+00:00,3.7529e-06,-0.0004699764
2026-04-19 10:00:00+00:00,-6.3134e-06,-0.000550507
2026-04-19 11:00:00+00:00,-2.008e-07,-0.0005016062
2026-04-19 12:00:00+00:00,4.6254e-06,-0.0004629971
2026-04-19 13:00:00+00:00,-5.8242e-06,-0.0005465935
2026-04-19 14:00:00+00:00,-2.1583e-06,-0.0005172664
2026-04-19 15:00:00+00:00,-1.0497e-06,-0.0005083977
2026-04-19 16:00:00+00:00,6.9e-09,-0.0004999448
2026-04-19 17:00:00+00:00,-4.6187e-06,-0.0005369493
2026-04-19 18:00:00+00:00,-1.35901e-05,-0.0006087212
2026-04-19 19:00:00+00:00,-1.29344e-05,-0.0006034753
2026-04-19 20:00:00+00:00,1.6594e-06,-0.0004867244
2026-04-19 21:00:00+00:00,-1.0674e-06,-0.0005085389
2026-04-19 22:00:00+00:00,-1.7233e-06,-0.0005137862
2026-04-19 23:00:00+00:00,-5.1759e-06,-0.0005414074
2026-04-20 00:00:00+00:00,-1.15768e-05,-0.0005926141
2026-04-20 01:00:00+00:00,-5.2337e-06,-0.0005418698
2026-04-20 02:00:00+00:00,4.811e-07,-0.0004961514
2026-04-20 03:00:00+00:00,-6.557e-07,-0.0005052458
2026-04-20 04:00:00+00:00,1.1004e-06,-0.0004911966
2026-04-20 05:00:00+00:00,3.3371e-06,-0.0004733036
2026-04-20 06:00:00+00:00,-3.3659e-06,-0.0005269273
2026-04-20 07:00:00+00:00,5.7433e-06,-0.0004540535
2026-04-20 08:00:00+00:00,6.3816e-06,-0.0004489474
2026-04-20 09:00:00+00:00,9.662e-07,-0.0004922702
2026-04-20 10:00:00+00:00,3.9129e-06,-0.0004686967
2026-04-20 11:00:00+00:00,2.7763e-06,-0.0004777892
2026-04-20 12:00:00+00:00,1.2144e-06,-0.0004902849
2026-04-20 13:00:00+00:00,6.9385e-06,-0.000444492
2026-04-20 14:00:00+00:00,4.7016e-06,-0.0004623873
2026-04-20 15:00:00+00:00,1.759e-06,-0.0004859279
2026-04-20 16:00:00+00:00,-5.2834e-06,-0.0005422674
2026-04-20 17:00:00+00:00,1.2074e-06,-0.0004903411
2026-04-20 18:00:00+00:00,5.0884e-06,-0.0004592928
2026-04-20 19:00:00+00:00,7.135e-07,-0.0004942924
2026-04-20 20:00:00+00:00,-3.598e-07,-0.000502878
2026-04-20 21:00:00+00:00,-6.1433e-06,-0.0005491463
2026-04-20 22:00:00+00:00,-8.6099e-06,-0.0005688788
2026-04-20 23:00:00+00:00,-4.9213e-06,-0.0005393701
2026-04-21 00:00:00+00:00,-4.2796e-06,-0.0005342372
2026-04-21 01:00:00+00:00,5.003e-07,-0.0004959977
2026-04-21 02:00:00+00:00,-6.252e-07,-0.0005050015
2026-04-21 03:00:00+00:00,-1.4909e-05,-0.0006192724
2026-04-21 04:00:00+00:00,-1.01314e-05,-0.0005810509
2026-04-21 05:00:00+00:00,-6.4913e-06,-0.0005519307
2026-04-21 06:00:00+00:00,-1.7794e-06,-0.000514235
2026-04-21 07:00:00+00:00,-1.1472e-06,-0.000509178
2026-04-21 08:00:00+00:00,6.4308e-06,-0.0004485535
2026-04-21 09:00:00+00:00,1.13966e-05,-0.000408827
2026-04-21 10:00:00+00:00,7.2758e-06,-0.0004417932
2026-04-21 11:00:00+00:00,7.3231e-06,-0.0004414153
2026-04-21 12:00:00+00:00,6.4864e-06,-0.0004481089
2026-04-21 13:00:00+00:00,-8.6966e-06,-0.0005695726
2026-04-21 14:00:00+00:00,-3.8335e-06,-0.0005306684
2026-04-21 15:00:00+00:00,7.5293e-06,-0.0004397659
2026-04-21 16:00:00+00:00,2.4154e-06,-0.0004806767
2026-04-21 17:00:00+00:00,6.001e-07,-0.000495199
2026-04-21 18:00:00+00:00,-4.4201e-06,-0.0005353612
2026-04-21 19:00:00+00:00,-5.9455e-06,-0.0005475638
2026-04-21 20:00:00+00:00,-2.4844e-06,-0.0005198755
2026-04-21 21:00:00+00:00,-6.336e-07,-0.0005050687
2026-04-21 22:00:00+00:00,-5.4229e-06,-0.0005433836
2026-04-21 23:00:00+00:00,2.428e-07,-0.0004980577
2026-04-22 00:00:00+00:00,8.5382e-06,-0.0004316943
2026-04-22 01:00:00+00:00,4.6815e-06,-0.0004625478
2026-04-22 02:00:00+00:00,4.157e-06,-0.0004667441
2026-04-22 03:00:00+00:00,4.3831e-06,-0.0004649352
2026-04-22 04:00:00+00:00,1.1375e-06,-0.0004908997
2026-04-22 05:00:00+00:00,3.5519e-06,-0.0004715847
2026-04-22 06:00:00+00:00,-7.9415e-06,-0.0005635318
2026-04-22 07:00:00+00:00,-1.02192e-05,-0.0005817535
2026-04-22 08:00:00+00:00,-8.0115e-06,-0.0005640917
2026-04-22 09:00:00+00:00,-5.6438e-06,-0.0005451508
2026-04-22 10:00:00+00:00,-5.4011e-06,-0.0005432086
2026-04-22 11:00:00+00:00,-8.2504e-06,-0.0005660033
2026-04-22 12:00:00+00:00,-2.3542e-06,-0.0005188336
2026-04-22 13:00:00+00:00,-1.12012e-05,-0.0005896098
2026-04-22 14:00:00+00:00,-4.0037e-06,-0.00053203
2026-04-22 15:00:00+00:00,-3.3737e-06,-0.0005269899
2026-04-22 16:00:00+00:00,-5.8456e-06,-0.0005467652
2026-04-22 17:00:00+00:00,-1.3976e-05,-0.0006118081
2026-04-22 18:00:00+00:00,-1.2626e-05,-0.0006010079
2026-04-22 19:00:00+00:00,-5.9257e-06,-0.0005474056
2026-04-22 20:00:00+00:00,-1.44315e-05,-0.000615452
2026-04-22 21:00:00+00:00,-2.13484e-05,-0.0006707873
2026-04-22 22:00:00+00:00,-7.9414e-06,-0.0005635312
2026-04-22 23:00:00+00:00,-4.0123e-06,-0.0005320988
2026-04-23 00:00:00+00:00,-7.984e-06,-0.0005638719
2026-04-23 01:00:00+00:00,7.92e-07,-0.0004936641
2026-04-23 02:00:00+00:00,4.0375e-06,-0.0004677001
2026-04-23 03:00:00+00:00,4.3222e-06,-0.0004654221
2026-04-23 04:00:00+00:00,8.1845e-06,-0.0004345237
2026-04-23 05:00:00+00:00,1.02671e-05,-0.0004178632
2026-04-23 06:00:00+00:00,9.5632e-06,-0.0004234945
2026-04-23 07:00:00+00:00,5.8638e-06,-0.0004530897
2026-04-23 08:00:00+00:00,3.3378e-06,-0.0004732978
2026-04-23 09:00:00+00:00,1.04809e-05,-0.0004161526
2026-04-23 10:00:00+00:00,6.3108e-06,-0.0004495138
2026-04-23 11:00:00+00:00,4.6679e-06,-0.0004626569
2026-04-23 12:00:00+00:00,1.8035e-06,-0.0004855721
2026-04-23 13:00:00+00:00,3.1055e-06,-0.0004751559
2026-04-23 14:00:00+00:00,4.585e-07,-0.0004963318
2026-04-23 15:00:00+00:00,1.25e-05,-0.0003722239
2026-04-23 16:00:00+00:00,1.06375e-05,-0.0004149001
2026-04-23 17:00:00+00:00,-1.2234e-06,-0.000509787
2026-04-23 18:00:00+00:00,-8.1764e-06,-0.0005654108
2026-04-23 19:00:00+00:00,2.8995e-06,-0.0004768043
2026-04-23 20:00:00+00:00,9.066e-06,-0.0004274723
2026-04-23 21:00:00+00:00,1.25e-05,-0.0003123523
2026-04-23 22:00:00+00:00,1.25e-05,-0.0002946606
2026-04-23 23:00:00+00:00,1.25e-05,-0.0002861316
2026-04-24 00:00:00+00:00,1.25e-05,-0.0003284339
2026-04-24 01:00:00+00:00,1.25e-05,-0.0003444484
2026-04-24 02:00:00+00:00,1.25e-05,-0.0003694659
2026-04-24 03:00:00+00:00,1.24002e-05,-0.0004007981
2026-04-24 04:00:00+00:00,1.19255e-05,-0.0004045959
2026-04-24 05:00:00+00:00,1.25e-05,-0.0003445888
2026-04-24 06:00:00+00:00,1.25e-05,-0.0003052988
2026-04-24 07:00:00+00:00,1.25e-05,-0.0002569611
2026-04-24 08:00:00+00:00,1.25e-05,-0.0002681762
2026-04-24 09:00:00+00:00,1.25e-05,-0.0002465649
2026-04-24 10:00:00+00:00,1.25e-05,-0.0003701592
2026-04-24 11:00:00+00:00,1.25e-05,-0.0003876626
2026-04-24 12:00:00+00:00,1.25e-05,-0.000335544
2026-04-24 13:00:00+00:00,1.11146e-05,-0.000411083
2026-04-24 14:00:00+00:00,7.4312e-06,-0.00044055
2026-04-24 15:00:00+00:00,2.7022e-06,-0.0004783827
2026-04-24 16:00:00+00:00,1.15939e-05,-0.0004072486
2026-04-24 17:00:00+00:00,1.25e-05,-0.0003853883
2026-04-24 18:00:00+00:00,9.129e-06,-0.0004269678
2026-04-24 19:00:00+00:00,4.2975e-06,-0.0004656204
2026-04-24 20:00:00+00:00,4.826e-06,-0.0004613924
2026-04-24 21:00:00+00:00,1.22308e-05,-0.0004021538
2026-04-24 22:00:00+00:00,1.05011e-05,-0.0004159909
2026-04-24 23:00:00+00:00,7.6354e-06,-0.0004389171
2026-04-25 00:00:00+00:00,9.2602e-06,-0.0004259181
2026-04-25 01:00:00+00:00,9.4427e-06,-0.0004244587
2026-04-25 02:00:00+00:00,1.09257e-05,-0.0004125945
2026-04-25 03:00:00+00:00,4.7607e-06,-0.0004619147
2026-04-25 04:00:00+00:00,5.0728e-06,-0.0004594172
2026-04-25 05:00:00+00:00,1.18059e-05,-0.0004055531
2026-04-25 06:00:00+00:00,3.809e-07,-0.0004969525
2026-04-25 07:00:00+00:00,2.6398e-06,-0.0004788815
2026-04-25 08:00:00+00:00,6.6614e-06,-0.0004467091
2026-04-25 09:00:00+00:00,1.25e-05,-0.0003552992
2026-04-25 10:00:00+00:00,1.25e-05,-0.0003680068
2026-04-25 11:00:00+00:00,1.25e-05,-0.0003557648
2026-04-25 12:00:00+00:00,7.9738e-06,-0.0004362093
2026-04-25 13:00:00+00:00,2.7242e-06,-0.0004782064
2026-04-25 14:00:00+00:00,1.25e-05,-0.000367534
2026-04-25 15:00:00+00:00,1.25e-05,-0.0003229889
2026-04-25 16:00:00+00:00,1.25e-05,-0.0003618926
2026-04-25 17:00:00+00:00,7.2021e-06,-0.0004423835
2026-04-25 18:00:00+00:00,8.1781e-06,-0.0004345751
2026-04-25 19:00:00+00:00,3.2784e-06,-0.0004737727
2026-04-25 20:00:00+00:00,2.9444e-06,-0.0004764451
2026-04-25 21:00:00+00:00,1.23797e-05,-0.0004009623
2026-04-25 22:00:00+00:00,2.8339e-06,-0.0004773287
2026-04-25 23:00:00+00:00,7.1756e-06,-0.0004425954
2026-04-26 00:00:00+00:00,2.8836e-06,-0.0004769309
2026-04-26 01:00:00+00:00,2.5538e-06,-0.0004795694
2026-04-26 02:00:00+00:00,2.941e-07,-0.0004976469
2026-04-26 03:00:00+00:00,9.681e-07,-0.0004922554
2026-04-26 04:00:00+00:00,-1.977e-06,-0.0005158164
2026-04-26 05:00:00+00:00,-6.782e-07,-0.0005054253
2026-04-26 06:00:00+00:00,2.6556e-06,-0.0004787549
2026-04-26 07:00:00+00:00,3.8881e-06,-0.0004688954
2026-04-26 08:00:00+00:00,5.7357e-06,-0.0004541145
2026-04-26 09:00:00+00:00,5.353e-07,-0.0004957174
2026-04-26 10:00:00+00:00,4.3145e-06,-0.0004654838
2026-04-26 11:00:00+00:00,9.6345e-06,-0.0004229239
2026-04-26 12:00:00+00:00,7.3445e-06,-0.0004412436
2026-04-26 13:00:00+00:00,2.655e-06,-0.0004787604
2026-04-26 14:00:00+00:00,6.038e-07,-0.0004951693
2026-04-26 15:00:00+00:00,7.3093e-06,-0.0004415257
2026-04-26 16:00:00+00:00,7.106e-07,-0.0004943154
2026-04-26 17:00:00+00:00,7.622e-07,-0.0004939026
2026-04-26 18:00:00+00:00,7.0518e-06,-0.0004435859
2026-04-26 19:00:00+00:00,4.5948e-06,-0.0004632413
2026-04-26 20:00:00+00:00,8.1528e-06,-0.0004347772
2026-04-26 21:00:00+00:00,5.8032e-06,-0.0004535742
2026-04-26 22:00:00+00:00,2.6561e-06,-0.0004787515
2026-04-26 23:00:00+00:00,6.081e-07,-0.000495135
2026-04-27 00:00:00+00:00,4.0103e-06,-0.0004679177
2026-04-27 01:00:00+00:00,7.825e-06,-0.0004374001
2026-04-27 02:00:00+00:00,6.1473e-06,-0.0004508213
2026-04-27 03:00:00+00:00,1.2478e-06,-0.000490018
2026-04-27 04:00:00+00:00,-1.6428e-06,-0.0005131424
2026-04-27 05:00:00+00:00,-2.9354e-06,-0.0005234831
2026-04-27 06:00:00+00:00,9.2603e-06,-0.0004259179
2026-04-27 07:00:00+00:00,1.25e-05,-0.0003758059
2026-04-27 08:00:00+00:00,9.002e-06,-0.0004279844
2026-04-27 09:00:00+00:00,7.2833e-06,-0.0004417333
2026-04-27 10:00:00+00:00,1.1172e-05,-0.0004106237
2026-04-27 11:00:00+00:00,8.6461e-06,-0.000430831
2026-04-27 12:00:00+00:00,1.25e-05,-0.0003989203
2026-04-27 13:00:00+00:00,1.25e-05,-0.0003853237
2026-04-27 14:00:00+00:00,3.4716e-06,-0.000472227
2026-04-27 15:00:00+00:00,5.3998e-06,-0.0004568015
2026-04-27 16:00:00+00:00,8.4627e-06,-0.0004322985
2026-04-27 17:00:00+00:00,4.4239e-06,-0.0004646084
2026-04-27 18:00:00+00:00,3.4319e-06,-0.0004725449
2026-04-27 19:00:00+00:00,5.495e-06,-0.0004560401
2026-04-27 20:00:00+00:00,-1.4166e-06,-0.0005113325
2026-04-27 21:00:00+00:00,-8.0466e-06,-0.0005643731
2026-04-27 22:00:00+00:00,-9.2056e-06,-0.0005736449
2026-04-27 23:00:00+00:00,-1.124e-06,-0.0005089919
2026-04-28 00:00:00+00:00,-1.0881e-06,-0.000508705
2026-04-28 01:00:00+00:00,-7.1606e-06,-0.0005572846
2026-04-28 02:00:00+00:00,-1.01968e-05,-0.0005815747
2026-04-28 03:00:00+00:00,-5.4281e-06,-0.0005434245
2026-04-28 04:00:00+00:00,-2.6243e-06,-0.0005209945
2026-04-28 05:00:00+00:00,-1.7682e-06,-0.0005141458
2026-04-28 06:00:00+00:00,-3.6477e-06,-0.0005291817
2026-04-28 07:00:00+00:00,-4.3761e-06,-0.0005350088
2026-04-28 08:00:00+00:00,-1.32948e-05,-0.0006063583
2026-04-28 09:00:00+00:00,-6.9104e-06,-0.0005552834
2026-04-28 10:00:00+00:00,-1.43761e-05,-0.0006150088
2026-04-28 11:00:00+00:00,-1.38067e-05,-0.0006104533
2026-04-28 12:00:00+00:00,-1.18926e-05,-0.0005951404
2026-04-28 13:00:00+00:00,-8.701e-07,-0.000506961
2026-04-28 14:00:00+00:00,-1.92e-08,-0.000500154
2026-04-28 15:00:00+00:00,3.7749e-06,-0.0004698011
2026-04-28 16:00:00+00:00,2.67e-08,-0.0004997865
2026-04-28 17:00:00+00:00,4.1195e-06,-0.0004670442
2026-04-28 18:00:00+00:00,4.4779e-06,-0.0004641765
2026-04-28 19:00:00+00:00,3.0207e-06,-0.0004758345
2026-04-28 20:00:00+00:00,5.6686e-06,-0.000454651
2026-04-28 21:00:00+00:00,6.7457e-06,-0.0004460343
2026-04-28 22:00:00+00:00,6.0014e-06,-0.0004519887
2026-04-28 23:00:00+00:00,3.9179e-06,-0.0004686565
2026-04-29 00:00:00+00:00,3.2327e-06,-0.0004741383
2026-04-29 01:00:00+00:00,3.3007e-06,-0.0004735945
2026-04-29 02:00:00+00:00,9.372e-07,-0.0004925028
2026-04-29 03:00:00+00:00,-9.3058e-06,-0.0005744465
2026-04-29 04:00:00+00:00,-5.0917e-06,-0.0005407334
2026-04-29 05:00:00+00:00,-6.487e-06,-0.0005518962
2026-04-29 06:00:00+00:00,-1.1054e-05,-0.0005884322
2026-04-29 07:00:00+00:00,-9.7464e-06,-0.0005779716
2026-04-29 08:00:00+00:00,-9.5054e-06,-0.0005760435
2026-04-29 09:00:00+00:00,-1.47919e-05,-0.0006183351
2026-04-29 10:00:00+00:00,-7.9623e-06,-0.000563698
2026-04-29 11:00:00+00:00,-1.66331e-05,-0.0006330648
2026-04-29 12:00:00+00:00,-1.25314e-05,-0.0006002513
2026-04-29 13:00:00+00:00,-1.14954e-05,-0.0005919631
2026-04-29 14:00:00+00:00,-8.7559e-06,-0.000570047
2026-04-29 15:00:00+00:00,5.5932e-06,-0.0004552545
2026-04-29 16:00:00+00:00,3.2908e-06,-0.0004736738
2026-04-29 17:00:00+00:00,3.1086e-06,-0.0004751315
2026-04-29 18:00:00+00:00,5.0997e-06,-0.0004592025
2026-04-29 19:00:00+00:00,1.23142e-05,-0.0004014862
2026-04-29 20:00:00+00:00,9.2697e-06,-0.0004258426
2026-04-29 21:00:00+00:00,9.5956e-06,-0.000423235
2026-04-29 22:00:00+00:00,5.9297e-06,-0.0004525622
2026-04-29 23:00:00+00:00,-6.6458e-06,-0.0005531667
2026-04-30 00:00:00+00:00,-1.08545e-05,-0.0005868362
2026-04-30 01:00:00+00:00,-5.1244e-06,-0.0005409954
2026-04-30 02:00:00+00:00,2.4361e-06,-0.0004805112
2026-04-30 03:00:00+00:00,-5.767e-06,-0.0005461364
2026-04-30 04:00:00+00:00,-8.246e-06,-0.0005659679
2026-04-30 05:00:00+00:00,-9.0129e-06,-0.0005721033
2026-04-30 06:00:00+00:00,2.3548e-06,-0.0004811619
2026-04-30 07:00:00+00:00,1.62e-06,-0.0004870403
2026-04-30 08:00:00+00:00,1.15238e-05,-0.0004078099
2026-04-30 09:00:00+00:00,1.16101e-05,-0.0004071189
2026-04-30 10:00:00+00:00,-3.029e-07,-0.0005024234
2026-04-30 11:00:00+00:00,-6.1245e-06,-0.0005489963
2026-04-30 12:00:00+00:00,-7.3776e-06,-0.0005590206
2026-04-30 13:00:00+00:00,-3.7274e-06,-0.0005298192
2026-04-30 14:00:00+00:00,-6.7416e-06,-0.0005539325
2026-04-30 15:00:00+00:00,-1.07591e-05,-0.0005860731
2026-04-30 16:00:00+00:00,9.84e-08,-0.0004992127
2026-04-30 17:00:00+00:00,-1.08569e-05,-0.000586855
2026-04-30 18:00:00+00:00,-8.7976e-06,-0.0005703809
2026-04-30 19:00:00+00:00,-4.2398e-06,-0.0005339188
2026-04-30 20:00:00+00:00,-4.1576e-06,-0.0005332611
2026-04-30 21:00:00+00:00,-9.7388e-06,-0.0005779107
2026-04-30 22:00:00+00:00,-1.19657e-05,-0.0005957257
2026-04-30 23:00:00+00:00,-1.54515e-05,-0.0006236124
2026-05-01 00:00:00+00:00,-8.6543e-06,-0.0005692341
2026-05-01 01:00:00+00:00,-8.5919e-06,-0.0005687349
2026-05-01 02:00:00+00:00,-6.5515e-06,-0.0005524122
2026-05-01 03:00:00+00:00,-1.22214e-05,-0.0005977711
2026-05-01 04:00:00+00:00,-1.06129e-05,-0.0005849034
2026-05-01 05:00:00+00:00,-8.5227e-06,-0.0005681815
2026-05-01 06:00:00+00:00,-7.15e-08,-0.0005005717
2026-05-01 07:00:00+00:00,-4.4707e-06,-0.0005357652
2026-05-01 08:00:00+00:00,5.068e-07,-0.0004959455
2026-05-01 09:00:00+00:00,1.3802e-06,-0.0004889584
2026-05-01 10:00:00+00:00,-5.7948e-06,-0.0005463581
2026-05-01 11:00:00+00:00,-3.8601e-06,-0.0005308807
2026-05-01 12:00:00+00:00,2.4091e-06,-0.0004807269
2026-05-01 13:00:00+00:00,2.6167e-06,-0.000479066
2026-05-01 14:00:00+00:00,-5.4708e-06,-0.0005437668
2026-05-01 15:00:00+00:00,-2.2769e-06,-0.0005182154
2026-05-01 16:00:00+00:00,-7.963e-06,-0.0005637042
2026-05-01 17:00:00+00:00,-1.24216e-05,-0.0005993729
2026-05-01 18:00:00+00:00,-9.082e-06,-0.0005726562
2026-05-01 19:00:00+00:00,-9.4825e-06,-0.0005758598
2026-05-01 20:00:00+00:00,-7.5953e-06,-0.0005607621
2026-05-01 21:00:00+00:00,-1.21606e-05,-0.0005972849
2026-05-01 22:00:00+00:00,-1.40194e-05,-0.0006121551
2026-05-01 23:00:00+00:00,-1.62659e-05,-0.0006301271
2026-05-02 00:00:00+00:00,-1.27207e-05,-0.0006017658
2026-05-02 01:00:00+00:00,-7.2342e-06,-0.0005578739
2026-05-02 02:00:00+00:00,-5.6858e-06,-0.0005454862
2026-05-02 03:00:00+00:00,-7.0227e-06,-0.0005561815
2026-05-02 04:00:00+00:00,-1.9129e-06,-0.0005153029
2026-05-02 05:00:00+00:00,-3.5117e-06,-0.0005280934
2026-05-02 06:00:00+00:00,-1.28657e-05,-0.0006029257
2026-05-02 07:00:00+00:00,-4.6017e-06,-0.0005368137
2026-05-02 08:00:00+00:00,6.1381e-06,-0.0004508949
2026-05-02 09:00:00+00:00,5.626e-06,-0.0004549923
2026-05-02 10:00:00+00:00,-1.0802e-06,-0.0005086414
2026-05-02 11:00:00+00:00,-2.8316e-06,-0.000522653
2026-05-02 12:00:00+00:00,-1.5557e-06,-0.0005124455
2026-05-02 13:00:00+00:00,2.4668e-06,-0.000480266
2026-05-02 14:00:00+00:00,6.827e-07,-0.0004945385
2026-05-02 15:00:00+00:00,-3.889e-06,-0.0005311123
2026-05-02 16:00:00+00:00,-3.912e-07,-0.0005031299
2026-05-02 17:00:00+00:00,-2.081e-06,-0.000516648
2026-05-02 18:00:00+00:00,-2.3529e-06,-0.0005188235
2026-05-02 19:00:00+00:00,1.9205e-06,-0.000484636
2026-05-02 20:00:00+00:00,1.07283e-05,-0.0004141735
2026-05-02 21:00:00+00:00,7.7272e-06,-0.0004381822
2026-05-02 22:00:00+00:00,9.23e-06,-0.0004261602
2026-05-02 23:00:00+00:00,8.9491e-06,-0.000428407
2026-05-03 00:00:00+00:00,1.13842e-05,-0.0004089262
2026-05-03 01:00:00+00:00,1.03e-05,-0.0004176002
2026-05-03 02:00:00+00:00,6.9687e-06,-0.0004442502
2026-05-03 03:00:00+00:00,9.547e-07,-0.0004923624
2026-05-03 04:00:00+00:00,4.8385e-06,-0.000461292
2026-05-03 05:00:00+00:00,3.122e-07,-0.0004975023
2026-05-03 06:00:00+00:00,4.673e-07,-0.0004962617
2026-05-03 07:00:00+00:00,-5.505e-07,-0.0005044036
2026-05-03 08:00:00+00:00,5.0517e-06,-0.0004595863
2026-05-03 09:00:00+00:00,8.7945e-06,-0.0004296439
2026-05-03 10:00:00+00:00,1.25e-05,-0.000392324
2026-05-03 11:00:00+00:00,4.1431e-06,-0.0004668552
2026-05-03 12:00:00+00:00,5.9225e-06,-0.0004526198
2026-05-03 13:00:00+00:00,3.9716e-06,-0.0004682268
2026-05-03 14:00:00+00:00,8.1589e-06,-0.0004347285
2026-05-03 15:00:00+00:00,9.938e-06,-0.000420496
2026-05-03 16:00:00+00:00,5.9954e-06,-0.0004520369
2026-05-03 17:00:00+00:00,9.5109e-06,-0.0004239131
2026-05-03 18:00:00+00:00,1.25e-05,-0.000378473
2026-05-03 19:00:00+00:00,2.7895e-06,-0.0004776843
2026-05-03 20:00:00+00:00,5.4428e-06,-0.0004564575
2026-05-03 21:00:00+00:00,1.06337e-05,-0.0004149303
2026-05-03 22:00:00+00:00,1.17005e-05,-0.0004063961
2026-05-03 23:00:00+00:00,8.1008e-06,-0.0004351937
2026-05-04 00:00:00+00:00,-1.5458e-06,-0.0005123661
2026-05-04 01:00:00+00:00,2.6322e-06,-0.0004789424
2026-05-04 02:00:00+00:00,5.354e-06,-0.0004571679
2026-05-04 03:00:00+00:00,2.4323e-06,-0.0004805416
2026-05-04 04:00:00+00:00,-1.85e-06,-0.0005148002
2026-05-04 05:00:00+00:00,-1.01708e-05,-0.0005813664
2026-05-04 06:00:00+00:00,-8.1725e-06,-0.0005653796
2026-05-04 07:00:00+00:00,-8.4629e-06,-0.000567703
2026-05-04 08:00:00+00:00,-7.121e-07,-0.0005056972
2026-05-04 09:00:00+00:00,2.9908e-06,-0.0004760735
2026-05-04 10:00:00+00:00,3.1452e-06,-0.0004748381
2026-05-04 11:00:00+00:00,4.7913e-06,-0.0004616694
2026-05-04 12:00:00+00:00,3.137e-06,-0.0004749041
2026-05-04 13:00:00+00:00,6.4108e-06,-0.0004487133
2026-05-04 14:00:00+00:00,2.8133e-06,-0.0004774937
2026-05-04 15:00:00+00:00,3.3074e-06,-0.0004735407
2026-05-04 16:00:00+00:00,-7.4756e-06,-0.0005598044
2026-05-04 17:00:00+00:00,-8.6374e-06,-0.0005690995
2026-05-04 18:00:00+00:00,-1.4091e-05,-0.0006127278
2026-05-04 19:00:00+00:00,-1.55014e-05,-0.0006240114
2026-05-04 20:00:00+00:00,-9.1766e-06,-0.0005734125
2026-05-04 21:00:00+00:00,-1.67224e-05,-0.0006337793
2026-05-04 22:00:00+00:00,-5.3649e-06,-0.0005429188
2026-05-04 23:00:00+00:00,-6.8027e-06,-0.0005544214
2026-05-05 00:00:00+00:00,-1.32818e-05,-0.0006062541
2026-05-05 01:00:00+00:00,-9.071e-06,-0.0005725678
2026-05-05 02:00:00+00:00,-3.7253e-06,-0.0005298028
2026-05-05 03:00:00+00:00,-3.9228e-06,-0.0005313826
2026-05-05 04:00:00+00:00,-6.521e-07,-0.0005052165
2026-05-05 05:00:00+00:00,1.7407e-06,-0.0004860748
2026-05-05 06:00:00+00:00,2.5697e-06,-0.0004794427
2026-05-05 07:00:00+00:00,-6.1987e-06,-0.0005495894
2026-05-05 08:00:00+00:00,7.4186e-06,-0.0004406515
2026-05-05 09:00:00+00:00,5.2941e-06,-0.0004576468
2026-05-05 10:00:00+00:00,7.8924e-06,-0.0004368607
2026-05-05 11:00:00+00:00,1.25e-05,-0.0003657294
2026-05-05 12:00:00+00:00,1.25e-05,-0.0003682697
2026-05-05 13:00:00+00:00,1.25e-05,-0.0003892674
2026-05-05 14:00:00+00:00,1.25e-05,-0.0003750067
2026-05-05 15:00:00+00:00,7.8288e-06,-0.0004373692
2026-05-05 16:00:00+00:00,6.6353e-06,-0.0004469175
2026-05-05 17:00:00+00:00,-1.7766e-06,-0.0005142129
2026-05-05 18:00:00+00:00,9.6091e-06,-0.0004231275
2026-05-05 19:00:00+00:00,9.2567e-06,-0.000425946
2026-05-05 20:00:00+00:00,5.2501e-06,-0.0004579995
2026-05-05 21:00:00+00:00,2.2706e-06,-0.0004818349
2026-05-05 22:00:00+00:00,1.5171e-06,-0.0004878632
2026-05-05 23:00:00+00:00,-3.4166e-06,-0.0005273329
2026-05-06 00:00:00+00:00,-2.1595e-06,-0.0005172762
2026-05-06 01:00:00+00:00,5.4737e-06,-0.0004562101
2026-05-06 02:00:00+00:00,7.5586e-06,-0.0004395314
2026-05-06 03:00:00+00:00,3.6771e-06,-0.0004705833
2026-05-06 04:00:00+00:00,9.8715e-06,-0.0004210279
2026-05-06 05:00:00+00:00,6.6866e-06,-0.0004465068
2026-05-06 06:00:00+00:00,6.2725e-06,-0.0004498203
2026-05-06 07:00:00+00:00,1.25e-05,-0.0003202894
2026-05-06 08:00:00+00:00,1.25e-05,-0.000319534
2026-05-06 09:00:00+00:00,1.25e-05,-0.0002601216
2026-05-06 10:00:00+00:00,1.25e-05,-0.0003784224
2026-05-06 11:00:00+00:00,1.25e-05,-0.0003919934
2026-05-06 12:00:00+00:00,1.25e-05,-0.0003963346
2026-05-06 13:00:00+00:00,9.1057e-06,-0.000427154
2026-05-06 14:00:00+00:00,1.25e-05,-0.0003969646
2026-05-06 15:00:00+00:00,1.25e-05,-0.0002946929
2026-05-06 16:00:00+00:00,1.25e-05,-0.0003050042
2026-05-06 17:00:00+00:00,1.25e-05,-0.0003669211
2026-05-06 18:00:00+00:00,4.5611e-06,-0.0004635113
2026-05-06 19:00:00+00:00,4.7024e-06,-0.0004623809
2026-05-06 20:00:00+00:00,8.9554e-06,-0.0004283571
2026-05-06 21:00:00+00:00,1.10661e-05,-0.0004114715
2026-05-06 22:00:00+00:00,1.11553e-05,-0.0004107573
2026-05-06 23:00:00+00:00,1.5736e-06,-0.0004874115
2026-05-07 00:00:00+00:00,1.0824e-05,-0.0004134077
2026-05-07 01:00:00+00:00,3.1512e-06,-0.0004747908
2026-05-07 02:00:00+00:00,9.1257e-06,-0.0004269948
2026-05-07 03:00:00+00:00,6.3751e-06,-0.0004489991
2026-05-07 04:00:00+00:00,2.5518e-06,-0.0004795853
2026-05-07 05:00:00+00:00,5.6172e-06,-0.0004550623
2026-05-07 06:00:00+00:00,2.0828e-06,-0.0004833374
2026-05-07 07:00:00+00:00,7.0447e-06,-0.000443642
2026-05-07 08:00:00+00:00,-9.9e-08,-0.0005007922
2026-05-07 09:00:00+00:00,-4.7868e-06,-0.0005382946
2026-05-07 10:00:00+00:00,-8.1379e-06,-0.0005651036
2026-05-07 11:00:00+00:00,3.0121e-06,-0.000475903
2026-05-07 12:00:00+00:00,4.6777e-06,-0.000462578
2026-05-07 13:00:00+00:00,1.05195e-05,-0.0004158436
2026-05-07 14:00:00+00:00,4.9756e-06,-0.0004601955
2026-05-07 15:00:00+00:00,9.5045e-06,-0.000423964
2026-05-07 16:00:00+00:00,1.25e-05,-0.0003483509
2026-05-07 17:00:00+00:00,1.25e-05,-0.0003098643
2026-05-07 18:00:00+00:00,1.25e-05,-0.0002107465
2026-05-07 19:00:00+00:00,1.25e-05,-0.0001920383
2026-05-07 20:00:00+00:00,1.25e-05,-0.0002994042
2026-05-07 21:00:00+00:00,1.19111e-05,-0.0004047111
2026-05-07 22:00:00+00:00,1.25e-05,-0.00038722
2026-05-07 23:00:00+00:00,1.25e-05,-0.0003205962
2026-05-08 00:00:00+00:00,1.25e-05,-0.0002660307
2026-05-08 01:00:00+00:00,1.25e-05,-0.0003466129
2026-05-08 02:00:00+00:00,1.25e-05,-0.0003845564
2026-05-08 03:00:00+00:00,1.25e-05,-0.0003558069
2026-05-08 04:00:00+00:00,1.25e-05,-0.00032641
2026-05-08 05:00:00+00:00,1.25e-05,-0.0003979022
2026-05-08 06:00:00+00:00,1.25e-05,-0.0003624093
2026-05-08 07:00:00+00:00,1.25e-05,-0.0003648195
2026-05-08 08:00:00+00:00,1.25e-05,-0.0003094141
2026-05-08 09:00:00+00:00,1.25e-05,-0.0002369731
2026-05-08 10:00:00+00:00,1.25e-05,-0.0003469084
2026-05-08 11:00:00+00:00,1.25e-05,-0.0003449766
2026-05-08 12:00:00+00:00,1.7726e-06,-0.0004858191
2026-05-08 13:00:00+00:00,5.338e-06,-0.0004572962
2026-05-08 14:00:00+00:00,1.16814e-05,-0.0004065489
2026-05-08 15:00:00+00:00,1.25e-05,-0.0003921234
2026-05-08 16:00:00+00:00,4.1508e-06,-0.0004667936
2026-05-08 17:00:00+00:00,-1.6897e-06,-0.0005135174
2026-05-08 18:00:00+00:00,1.25e-05,-0.0003994215
2026-05-08 19:00:00+00:00,1.17283e-05,-0.0004061733
2026-05-08 20:00:00+00:00,1.23143e-05,-0.0004014853
2026-05-08 21:00:00+00:00,1.25e-05,-0.0003590253
2026-05-08 22:00:00+00:00,1.08928e-05,-0.0004128579
2026-05-08 23:00:00+00:00,1.25e-05,-0.0003711375
2026-05-09 00:00:00+00:00,2.008e-06,-0.0004839363
2026-05-09 01:00:00+00:00,7.4556e-06,-0.0004403553
2026-05-09 02:00:00+00:00,1.25e-05,-0.0003561923
2026-05-09 03:00:00+00:00,1.25e-05,-0.0003048449
2026-05-09 04:00:00+00:00,1.25e-05,-0.00033026
2026-05-09 05:00:00+00:00,1.25e-05,-0.0003898993
2026-05-09 06:00:00+00:00,1.25e-05,-0.0003020241
2026-05-09 07:00:00+00:00,1.25e-05,-0.0003550557
2026-05-09 08:00:00+00:00,7.6588e-06,-0.0004387295
2026-05-09 09:00:00+00:00,1.25e-05,-0.0003981578
2026-05-09 10:00:00+00:00,4.5403e-06,-0.0004636776
2026-05-09 11:00:00+00:00,-3.576e-06,-0.0005286078
2026-05-09 12:00:00+00:00,-4.6747e-06,-0.0005373977
2026-05-09 13:00:00+00:00,-5.512e-06,-0.0005440961
2026-05-09 14:00:00+00:00,-5.498e-07,-0.0005043981
2026-05-09 15:00:00+00:00,1.3741e-06,-0.0004890068
2026-05-09 16:00:00+00:00,1.6485e-06,-0.0004868121
2026-05-09 17:00:00+00:00,-7.3878e-06,-0.0005591028
2026-05-09 18:00:00+00:00,-5.9184e-06,-0.0005473475
2026-05-09 19:00:00+00:00,-6.6263e-06,-0.0005530105
2026-05-09 20:00:00+00:00,-2.3483e-06,-0.0005187864
2026-05-09 21:00:00+00:00,-5.6011e-06,-0.0005448091
2026-05-09 22:00:00+00:00,-3.1322e-06,-0.0005250573
2026-05-09 23:00:00+00:00,-8.5359e-06,-0.0005682869
2026-05-10 00:00:00+00:00,-2.8119e-06,-0.0005224948
2026-05-10 01:00:00+00:00,9.8312e-06,-0.0004213506
2026-05-10 02:00:00+00:00,6.7765e-06,-0.0004457881
2026-05-10 03:00:00+00:00,1.25e-05,-0.0003984046
2026-05-10 04:00:00+00:00,1.25e-05,-0.0003886849
2026-05-10 05:00:00+00:00,1.07694e-05,-0.0004138447
2026-05-10 06:00:00+00:00,8.2464e-06,-0.0004340286
2026-05-10 07:00:00+00:00,3.2515e-06,-0.0004739881
2026-05-10 08:00:00+00:00,7.6449e-06,-0.0004388409
2026-05-10 09:00:00+00:00,1.25e-05,-0.0003470788
2026-05-10 10:00:00+00:00,1.25e-05,-0.0003226266
2026-05-10 11:00:00+00:00,1.25e-05,-0.0002965111
2026-05-10 12:00:00+00:00,1.25e-05,-0.000262337
2026-05-10 13:00:00+00:00,1.25e-05,-0.000274964
2026-05-10 14:00:00+00:00,1.25e-05,-0.0002873779
2026-05-10 15:00:00+00:00,1.25e-05,-0.0003333877
2026-05-10 16:00:00+00:00,7.143e-06,-0.0004428562
2026-05-10 17:00:00+00:00,-4.3195e-06,-0.0005345559
2026-05-10 18:00:00+00:00,-2.526e-07,-0.0005020209
2026-05-10 19:00:00+00:00,-1.44456e-05,-0.0006155651
2026-05-10 20:00:00+00:00,-7.8364e-06,-0.0005626912
2026-05-10 21:00:00+00:00,-9.8017e-06,-0.0005784137
2026-05-10 22:00:00+00:00,-7.4146e-06,-0.0005593166
2026-05-10 23:00:00+00:00,-7.0402e-06,-0.0005563212
2026-05-11 00:00:00+00:00,-1.05134e-05,-0.0005841069
2026-05-11 01:00:00+00:00,-3.1931e-06,-0.0005255451
2026-05-11 02:00:00+00:00,1.23147e-05,-0.0004014827
2026-05-11 03:00:00+00:00,1.14273e-05,-0.0004085815
2026-05-11 04:00:00+00:00,1.25e-05,-0.0003629552
2026-05-11 05:00:00+00:00,1.25e-05,-0.0002197618
2026-05-11 06:00:00+00:00,1.25e-05,-0.0002592487
2026-05-11 07:00:00+00:00,1.25e-05,-0.0002742886
2026-05-11 08:00:00+00:00,1.25e-05,-0.0003007206
2026-05-11 09:00:00+00:00,1.25e-05,-0.0003166211
2026-05-11 10:00:00+00:00,1.25e-05,-0.0002749029
2026-05-11 11:00:00+00:00,1.25e-05,-0.0003413522
2026-05-11 12:00:00+00:00,1.25e-05,-0.0003498355
2026-05-11 13:00:00+00:00,1.09212e-05,-0.0004126308
2026-05-11 14:00:00+00:00,5.3955e-06,-0.0004568362
2026-05-11 15:00:00+00:00,3.5367e-06,-0.0004717064
2026-05-11 16:00:00+00:00,1.4768e-06,-0.0004881855
2026-05-11 17:00:00+00:00,-7.9383e-06,-0.0005635066
2026-05-11 18:00:00+00:00,-6.8107e-06,-0.0005544852
2026-05-11 19:00:00+00:00,-1.71154e-05,-0.0006369234
2026-05-11 20:00:00+00:00,-1.13319e-05,-0.0005906555
2026-05-11 21:00:00+00:00,-1.01097e-05,-0.0005808774
2026-05-11 22:00:00+00:00,-3.9111e-06,-0.0005312885
2026-05-11 23:00:00+00:00,2.547e-07,-0.000497962
2026-05-12 00:00:00+00:00,3.67e-07,-0.0004970641
2026-05-12 01:00:00+00:00,-5.59e-07,-0.0005044717
2026-05-12 02:00:00+00:00,8.4883e-06,-0.0004320937
2026-05-12 03:00:00+00:00,1.25e-05,-0.0003996059
2026-05-12 04:00:00+00:00,5.8877e-06,-0.0004528986
2026-05-12 05:00:00+00:00,1.25e-05,-0.0003135807
2026-05-12 06:00:00+00:00,1.25e-05,-0.0003300447
2026-05-12 07:00:00+00:00,1.25e-05,-0.0003507178
2026-05-12 08:00:00+00:00,1.25e-05,-0.0003846657
2026-05-12 09:00:00+00:00,1.25e-05,-0.0003680409
2026-05-12 10:00:00+00:00,9.3534e-06,-0.0004251728
2026-05-12 11:00:00+00:00,9.6926e-06,-0.0004224588
2026-05-12 12:00:00+00:00,1.13842e-05,-0.0004089266
2026-05-12 13:00:00+00:00,1.25e-05,-0.0003779175
2026-05-12 14:00:00+00:00,1.25e-05,-0.0003703888
2026-05-12 15:00:00+00:00,7.3834e-06,-0.0004409328
2026-05-12 16:00:00+00:00,7.724e-06,-0.0004382078
2026-05-12 17:00:00+00:00,1.19116e-05,-0.0004047069
2026-05-12 18:00:00+00:00,7.9866e-06,-0.0004361074
2026-05-12 19:00:00+00:00,8.7734e-06,-0.0004298128
2026-05-12 20:00:00+00:00,7.7228e-06,-0.0004382179
2026-05-12 21:00:00+00:00,3.7511e-06,-0.0004699912
2026-05-12 22:00:00+00:00,5.701e-06,-0.0004543924
2026-05-12 23:00:00+00:00,6.0822e-06,-0.0004513421
2026-05-13 00:00:00+00:00,1.901e-06,-0.000484792
2026-05-13 01:00:00+00:00,3.8092e-06,-0.0004695262
2026-05-13 02:00:00+00:00,3.7046e-06,-0.000470363
2026-05-13 03:00:00+00:00,4.097e-06,-0.0004672239
2026-05-13 04:00:00+00:00,1.25e-05,-0.000395719
2026-05-13 05:00:00+00:00,1.25e-05,-0.0003652117
2026-05-13 06:00:00+00:00,1.25e-05,-0.0003965941
2026-05-13 07:00:00+00:00,2.6995e-06,-0.0004784036
2026-05-13 08:00:00+00:00,2.7501e-06,-0.0004779994
2026-05-13 09:00:00+00:00,1.05647e-05,-0.0004154823
2026-05-13 10:00:00+00:00,1.08062e-05,-0.0004135502
2026-05-13 11:00:00+00:00,2.3807e-06,-0.0004809545
2026-05-13 12:00:00+00:00,-5.9884e-06,-0.0005479075
2026-05-13 13:00:00+00:00,-5.6247e-06,-0.0005449977
2026-05-13 14:00:00+00:00,-2.9943e-06,-0.000523954
2026-05-13 15:00:00+00:00,1.05952e-05,-0.0004152386
2026-05-13 16:00:00+00:00,1.01684e-05,-0.000418653
2026-05-13 17:00:00+00:00,1.25e-05,-0.0002573455
2026-05-13 18:00:00+00:00,1.25e-05,-0.0002554482
2026-05-13 19:00:00+00:00,1.25e-05,-0.000326661
2026-05-13 20:00:00+00:00,1.25e-05,-0.0003903477
2026-05-13 21:00:00+00:00,1.25e-05,-0.0003950381
2026-05-13 22:00:00+00:00,7.45e-07,-0.0004940398
2026-05-13 23:00:00+00:00,9.6563e-06,-0.0004227494
2026-05-14 00:00:00+00:00,8.6851e-06,-0.0004305195
2026-05-14 01:00:00+00:00,1.11347e-05,-0.0004109222
2026-05-14 02:00:00+00:00,6.977e-06,-0.0004441844
2026-05-14 03:00:00+00:00,1.25e-05,-0.0003946325
2026-05-14 04:00:00+00:00,-1.9439e-06,-0.0005155515
2026-05-14 05:00:00+00:00,3.8674e-06,-0.0004690609
2026-05-14 06:00:00+00:00,5.1534e-06,-0.0004587726
2026-05-14 07:00:00+00:00,1.6045e-06,-0.0004871639
2026-05-14 08:00:00+00:00,-3.1763e-06,-0.0005254105
2026-05-14 09:00:00+00:00,4.484e-07,-0.0004964125
2026-05-14 10:00:00+00:00,6.1818e-06,-0.0004505454
2026-05-14 11:00:00+00:00,1.67e-06,-0.0004866402
2026-05-14 12:00:00+00:00,-1.32295e-05,-0.0006058361
2026-05-14 13:00:00+00:00,2.7875e-06,-0.0004777002
2026-05-14 14:00:00+00:00,5.5032e-06,-0.0004559741
2026-05-14 15:00:00+00:00,1.25e-05,-0.000349678
2026-05-14 16:00:00+00:00,9.097e-07,-0.0004927226
2026-05-14 17:00:00+00:00,-1.07705e-05,-0.0005861639
2026-05-14 18:00:00+00:00,-1.30133e-05,-0.0006041061
2026-05-14 19:00:00+00:00,-1.04595e-05,-0.0005836759
2026-05-14 20:00:00+00:00,-1.76938e-05,-0.00064155
2026-05-14 21:00:00+00:00,-1.71239e-05,-0.0006369911
2026-05-14 22:00:00+00:00,-8.724e-06,-0.0005697917
2026-05-14 23:00:00+00:00,-2.223e-06,-0.0005177842
2026-05-15 00:00:00+00:00,-1.16656e-05,-0.0005933245
2026-05-15 01:00:00+00:00,-1.7085e-06,-0.0005136682
2026-05-15 02:00:00+00:00,1.6748e-06,-0.0004866018
2026-05-15 03:00:00+00:00,9.13e-07,-0.0004926963
2026-05-15 04:00:00+00:00,3.6117e-06,-0.0004711065
2026-05-15 05:00:00+00:00,-3.0418e-06,-0.0005243342
2026-05-15 06:00:00+00:00,4.868e-06,-0.0004610563
2026-05-15 07:00:00+00:00,5.1995e-06,-0.0004584038
2026-05-15 08:00:00+00:00,6.0314e-06,-0.0004517487
2026-05-15 09:00:00+00:00,1.9684e-06,-0.0004842524
2026-05-15 10:00:00+00:00,-1.5214e-06,-0.0005121715
2026-05-15 11:00:00+00:00,1.1098e-06,-0.000491122
2026-05-15 12:00:00+00:00,5.9182e-06,-0.0004526542
2026-05-15 13:00:00+00:00,-4.4227e-06,-0.0005353817
2026-05-15 14:00:00+00:00,-4.626e-06,-0.0005370081
2026-05-15 15:00:00+00:00,1.09929e-05,-0.0004120571
2026-05-15 16:00:00+00:00,1.2419e-05,-0.0004006477
2026-05-15 17:00:00+00:00,1.03105e-05,-0.0004175157
2026-05-15 18:00:00+00:00,3.6121e-06,-0.0004711036
2026-05-15 19:00:00+00:00,8.2589e-06,-0.0004339292
2026-05-15 20:00:00+00:00,1.8629e-06,-0.0004850969
2026-05-15 21:00:00+00:00,-3.4619e-06,-0.0005276949
2026-05-15 22:00:00+00:00,-1.37826e-05,-0.0006102606
2026-05-15 23:00:00+00:00,-1.16883e-05,-0.0005935061
2026-05-16 00:00:00+00:00,-7.8744e-06,-0.0005629949
2026-05-16 01:00:00+00:00,-4.9133e-06,-0.0005393061
2026-05-16 02:00:00+00:00,-9.8897e-06,-0.0005791177
2026-05-16 03:00:00+00:00,-8.912e-06,-0.0005712963
2026-05-16 04:00:00+00:00,-6.7341e-06,-0.0005538727
2026-05-16 05:00:00+00:00,-9.381e-06,-0.0005750477
2026-05-16 06:00:00+00:00,-6.7382e-06,-0.0005539058
2026-05-16 07:00:00+00:00,-1.33929e-05,-0.0006071432
2026-05-16 08:00:00+00:00,-2.16245e-05,-0.0006729957
2026-05-16 09:00:00+00:00,-2.06877e-05,-0.0006655016
2026-05-16 10:00:00+00:00,-2.43061e-05,-0.0006944485
2026-05-16 11:00:00+00:00,-2.28456e-05,-0.000682765
2026-05-16 12:00:00+00:00,-1.95953e-05,-0.0006567627
2026-05-16 13:00:00+00:00,-1.3076e-05,-0.0006046082
2026-05-16 14:00:00+00:00,-9.6171e-06,-0.0005769368
2026-05-16 15:00:00+00:00,-1.3189e-06,-0.0005105513
2026-05-16 16:00:00+00:00,2.1944e-06,-0.0004824444
2026-05-16 17:00:00+00:00,4.4934e-06,-0.0004640528
2026-05-16 18:00:00+00:00,2.1793e-06,-0.0004825658
2026-05-16 19:00:00+00:00,1.9731e-06,-0.000484215
2026-05-16 20:00:00+00:00,5.9049e-06,-0.0004527606
2026-05-16 21:00:00+00:00,3.817e-07,-0.0004969466
2026-05-16 22:00:00+00:00,4.8083e-06,-0.0004615333
2026-05-16 23:00:00+00:00,5.147e-06,-0.0004588239
2026-05-17 00:00:00+00:00,-2.4795e-06,-0.0005198358
2026-05-17 01:00:00+00:00,-5.01e-07,-0.0005040081
2026-05-17 02:00:00+00:00,-1.79e-08,-0.0005001433
2026-05-17 03:00:00+00:00,1.3011e-06,-0.0004895913
2026-05-17 04:00:00+00:00,1.6434e-06,-0.0004868525
2026-05-17 05:00:00+00:00,2.7262e-06,-0.0004781904
2026-05-17 06:00:00+00:00,6.9489e-06,-0.0004444088
2026-05-17 07:00:00+00:00,-5.5421e-06,-0.0005443368
2026-05-17 08:00:00+00:00,1.4527e-06,-0.0004883782
2026-05-17 09:00:00+00:00,-7.9861e-06,-0.000563889
2026-05-17 10:00:00+00:00,1.874e-06,-0.0004850082
2026-05-17 11:00:00+00:00,3.135e-06,-0.0004749203
2026-05-17 12:00:00+00:00,-4.7477e-06,-0.0005379815
2026-05-17 13:00:00+00:00,-3.801e-07,-0.0005030409
2026-05-17 14:00:00+00:00,-6.0663e-06,-0.0005485305
2026-05-17 15:00:00+00:00,1.9548e-06,-0.0004843613
2026-05-17 16:00:00+00:00,2.2584e-06,-0.0004819327
2026-05-17 17:00:00+00:00,2.9588e-06,-0.0004763292
2026-05-17 18:00:00+00:00,-3.5823e-06,-0.0005286588
2026-05-17 19:00:00+00:00,-3.456e-07,-0.0005027646
2026-05-17 20:00:00+00:00,6.7532e-06,-0.0004459748
2026-05-17 21:00:00+00:00,6.9539e-06,-0.000444369
2026-05-17 22:00:00+00:00,7.7603e-06,-0.000437918
2026-05-17 23:00:00+00:00,4.3331e-06,-0.0004653356
2026-05-18 00:00:00+00:00,9.2206e-06,-0.0004262351
2026-05-18 01:00:00+00:00,8.9834e-06,-0.0004281327
2026-05-18 02:00:00+00:00,1.02363e-05,-0.0004181094
2026-05-18 03:00:00+00:00,3.8911e-06,-0.000468871
2026-05-18 04:00:00+00:00,3.8548e-06,-0.0004691618
2026-05-18 05:00:00+00:00,6.8438e-06,-0.0004452496
2026-05-18 06:00:00+00:00,4.6614e-06,-0.000462709
2026-05-18 07:00:00+00:00,3.2605e-06,-0.0004739164
2026-05-18 08:00:00+00:00,8.384e-06,-0.0004329278
2026-05-18 09:00:00+00:00,4.1522e-06,-0.0004667824
2026-05-18 10:00:00+00:00,8.8751e-06,-0.000428999
2026-05-18 11:00:00+00:00,6.47e-06,-0.0004482398
2026-05-18 12:00:00+00:00,5.4767e-06,-0.0004561866
2026-05-18 13:00:00+00:00,6.1083e-06,-0.000451134
2026-05-18 14:00:00+00:00,2.2459e-06,-0.0004820328
2026-05-18 15:00:00+00:00,1.20047e-05,-0.0004039627
2026-05-18 16:00:00+00:00,1.25e-05,-0.0003135439
2026-05-18 17:00:00+00:00,1.25e-05,-0.0003123766
2026-05-18 18:00:00+00:00,1.25e-05,-0.0003134152
2026-05-18 19:00:00+00:00,1.25e-05,-0.0003399426
2026-05-18 20:00:00+00:00,1.25e-05,-0.0003454014
2026-05-18 21:00:00+00:00,1.25e-05,-0.0003080062
2026-05-18 22:00:00+00:00,1.25e-05,-0.0003397811
2026-05-18 23:00:00+00:00,1.25e-05,-0.0002329258
2026-05-19 00:00:00+00:00,1.25e-05,-0.0002762929
2026-05-19 01:00:00+00:00,1.25e-05,-0.0001905378
2026-05-19 02:00:00+00:00,1.25e-05,-0.0002807936
2026-05-19 03:00:00+00:00,1.25e-05,-0.0003272434
2026-05-19 04:00:00+00:00,1.25e-05,-0.0002971129
2026-05-19 05:00:00+00:00,1.25e-05,-0.0002395872
2026-05-19 06:00:00+00:00,1.25e-05,-0.0002598969
2026-05-19 07:00:00+00:00,1.25e-05,-0.0002621765
2026-05-19 08:00:00+00:00,1.25e-05,-0.0003093491
2026-05-19 09:00:00+00:00,1.25e-05,-0.0003332616
2026-05-19 10:00:00+00:00,1.25e-05,-0.0003814328
2026-05-19 11:00:00+00:00,1.25e-05,-0.0003226321
2026-05-19 12:00:00+00:00,1.25e-05,-0.0003717187
2026-05-19 13:00:00+00:00,1.25e-05,-0.000319572
2026-05-19 14:00:00+00:00,1.25e-05,-0.0002925752
2026-05-19 15:00:00+00:00,1.25e-05,-0.0002306641
2026-05-19 16:00:00+00:00,1.25e-05,-0.0002119228
2026-05-19 17:00:00+00:00,1.25e-05,-0.0002520456
2026-05-19 18:00:00+00:00,1.25e-05,-0.0003141207
2026-05-19 19:00:00+00:00,1.25e-05,-0.0003117769
2026-05-19 20:00:00+00:00,1.25e-05,-0.0003380323
2026-05-19 21:00:00+00:00,1.25e-05,-0.0003267019
2026-05-19 22:00:00+00:00,1.25e-05,-0.0003522868
2026-05-19 23:00:00+00:00,1.25e-05,-0.0003408397
2026-05-20 00:00:00+00:00,1.25e-05,-0.0003258333
2026-05-20 01:00:00+00:00,1.25e-05,-0.0003520212
2026-05-20 02:00:00+00:00,1.25e-05,-0.000353528
2026-05-20 03:00:00+00:00,1.25e-05,-0.000368643
2026-05-20 04:00:00+00:00,1.25e-05,-0.0003856361
2026-05-20 05:00:00+00:00,1.25e-05,-0.000342025
2026-05-20 06:00:00+00:00,1.25e-05,-0.0003801438
2026-05-20 07:00:00+00:00,1.25e-05,-0.0003547807
2026-05-20 08:00:00+00:00,1.25e-05,-0.0003605263
2026-05-20 09:00:00+00:00,1.25e-05,-0.0003722529
2026-05-20 10:00:00+00:00,1.25e-05,-0.0003206209
2026-05-20 11:00:00+00:00,1.25e-05,-0.0003766007
2026-05-20 12:00:00+00:00,1.25e-05,-0.0003675444
2026-05-20 13:00:00+00:00,1.25e-05,-0.0003025933
2026-05-20 14:00:00+00:00,1.25e-05,-0.0002896728
2026-05-20 15:00:00+00:00,1.25e-05,-0.0002052663
2026-05-20 16:00:00+00:00,1.25e-05,-0.0001792497
2026-05-20 17:00:00+00:00,1.25e-05,-0.0001511273
2026-05-20 18:00:00+00:00,1.25e-05,-0.0001574381
2026-05-20 19:00:00+00:00,1.25e-05,-0.0002098819
2026-05-20 20:00:00+00:00,1.25e-05,-0.0002338966
2026-05-20 21:00:00+00:00,1.25e-05,-0.0001723139
2026-05-20 22:00:00+00:00,1.25e-05,-0.0001367344
2026-05-20 23:00:00+00:00,1.25e-05,-0.0002418506
2026-05-21 00:00:00+00:00,1.25e-05,-0.0002224766
2026-05-21 01:00:00+00:00,1.25e-05,-0.0001756679
2026-05-21 02:00:00+00:00,1.25e-05,-0.0001521714
2026-05-21 03:00:00+00:00,1.25e-05,-0.0001618132
2026-05-21 04:00:00+00:00,1.25e-05,-0.0002016481
2026-05-21 05:00:00+00:00,1.25e-05,-0.0002822211
2026-05-21 06:00:00+00:00,1.25e-05,-0.0003563726
2026-05-21 07:00:00+00:00,1.25e-05,-0.0003601477
2026-05-21 08:00:00+00:00,8.3352e-06,-0.0004333182
2026-05-21 09:00:00+00:00,8.7189e-06,-0.0004302491
2026-05-21 10:00:00+00:00,1.23877e-05,-0.0004008982
2026-05-21 11:00:00+00:00,1.25e-05,-0.0003995172
2026-05-21 12:00:00+00:00,9.5863e-06,-0.0004233092
2026-05-21 13:00:00+00:00,1.10729e-05,-0.0004114165
2026-05-21 14:00:00+00:00,1.25e-05,-0.0003888666
2026-05-21 15:00:00+00:00,1.25e-05,-0.0003989163
2026-05-21 16:00:00+00:00,1.25e-05,-0.0003857559
2026-05-21 17:00:00+00:00,6.5216e-06,-0.0004478273
2026-05-21 18:00:00+00:00,3.6573e-06,-0.0004707412
2026-05-21 19:00:00+00:00,6.9793e-06,-0.0004441657
2026-05-21 20:00:00+00:00,5.4444e-06,-0.0004564451
2026-05-21 21:00:00+00:00,1.051e-07,-0.0004991592
2026-05-21 22:00:00+00:00,1.14263e-05,-0.0004085894
2026-05-21 23:00:00+00:00,8.3784e-06,-0.000432973
2026-05-22 00:00:00+00:00,1.25e-05,-0.0003929775
2026-05-22 01:00:00+00:00,1.25e-05,-0.0003888235
2026-05-22 02:00:00+00:00,9.7543e-06,-0.0004219656
2026-05-22 03:00:00+00:00,4.1607e-06,-0.0004667143
2026-05-22 04:00:00+00:00,4.5102e-06,-0.0004639184
2026-05-22 05:00:00+00:00,4.351e-07,-0.0004965191
2026-05-22 06:00:00+00:00,7.5861e-06,-0.0004393116
2026-05-22 07:00:00+00:00,1.233e-07,-0.0004990137
2026-05-22 08:00:00+00:00,-6.626e-07,-0.0005053006
2026-05-22 09:00:00+00:00,8.5922e-06,-0.0004312627
2026-05-22 10:00:00+00:00,7.7404e-06,-0.0004380765
2026-05-22 11:00:00+00:00,1.25e-05,-0.0003723287
2026-05-22 12:00:00+00:00,5.5984e-06,-0.0004552127
2026-05-22 13:00:00+00:00,1.25e-05,-0.0003984292
2026-05-22 14:00:00+00:00,1.20482e-05,-0.0004036141
2026-05-22 15:00:00+00:00,1.25e-05,-0.0003970314
2026-05-22 16:00:00+00:00,1.25e-05,-0.0003729086
2026-05-22 17:00:00+00:00,1.25e-05,-0.0003474246
2026-05-22 18:00:00+00:00,1.25e-05,-0.0003414353
2026-05-22 19:00:00+00:00,1.25e-05,-0.0002801907
2026-05-22 20:00:00+00:00,2.1655e-06,-0.0004826761
2026-05-22 21:00:00+00:00,7.28e-06,-0.0004417597
2026-05-22 22:00:00+00:00,5.9325e-06,-0.0004525399
2026-05-22 23:00:00+00:00,3.502e-06,-0.0004719837
2026-05-23 00:00:00+00:00,5.0002e-06,-0.0004599984
2026-05-23 01:00:00+00:00,2.0787e-06,-0.0004833701
2026-05-23 02:00:00+00:00,5.7291e-06,-0.0004541676
2026-05-23 03:00:00+00:00,7.7506e-06,-0.0004379952
2026-05-23 04:00:00+00:00,3.6089e-06,-0.0004711291
2026-05-23 05:00:00+00:00,6.903e-07,-0.0004944774
2026-05-23 06:00:00+00:00,-1.6118e-06,-0.0005128948
2026-05-23 07:00:00+00:00,-2.1594e-06,-0.0005172752
2026-05-23 08:00:00+00:00,-9.1124e-06,-0.0005728996
2026-05-23 09:00:00+00:00,-2.08867e-05,-0.0006670939
2026-05-23 10:00:00+00:00,-5.596e-06,-0.0005447677
2026-05-23 11:00:00+00:00,-8.0568e-06,-0.0005644542
2026-05-23 12:00:00+00:00,-9.846e-07,-0.0005078767
2026-05-23 13:00:00+00:00,-4.5324e-06,-0.0005362593
2026-05-23 14:00:00+00:00,-9.5338e-06,-0.0005762708
2026-05-23 15:00:00+00:00,-7.6614e-06,-0.0005612911
2026-05-23 16:00:00+00:00,-8.868e-06,-0.0005709438
2026-05-23 17:00:00+00:00,-4.5889e-06,-0.0005367113
2026-05-23 18:00:00+00:00,-1.1941e-05,-0.0005955278
2026-05-23 19:00:00+00:00,-6.8243e-06,-0.0005545943
2026-05-23 20:00:00+00:00,-1.2971e-06,-0.0005103771
2026-05-23 21:00:00+00:00,1.01237e-05,-0.0004190103
2026-05-23 22:00:00+00:00,4.1545e-06,-0.0004667638
2026-05-23 23:00:00+00:00,-3.3882e-06,-0.0005271053
2026-05-24 00:00:00+00:00,-5.611e-07,-0.0005044885
2026-05-24 01:00:00+00:00,2.5762e-06,-0.0004793906
2026-05-24 02:00:00+00:00,3.4245e-06,-0.0004726038
2026-05-24 03:00:00+00:00,1.4553e-06,-0.0004883574
2026-05-24 04:00:00+00:00,2.1793e-06,-0.0004825655
2026-05-24 05:00:00+00:00,-3.6836e-06,-0.0005294686
2026-05-24 06:00:00+00:00,-9.8541e-06,-0.0005788324
2026-05-24 07:00:00+00:00,-3.3913e-06,-0.0005271307
2026-05-24 08:00:00+00:00,-3.0861e-06,-0.0005246887
2026-05-24 09:00:00+00:00,-4.881e-07,-0.0005039047
2026-05-24 10:00:00+00:00,-8.406e-07,-0.0005067246
2026-05-24 11:00:00+00:00,-3.0137e-06,-0.0005241096
2026-05-24 12:00:00+00:00,-1.5775e-06,-0.0005126202
2026-05-24 13:00:00+00:00,-1.70136e-05,-0.0006361092
2026-05-24 14:00:00+00:00,-1.48339e-05,-0.0006186714
2026-05-24 15:00:00+00:00,-2.71754e-05,-0.0007174028
2026-05-24 16:00:00+00:00,-2.278e-05,-0.0006822402
2026-05-24 17:00:00+00:00,-1.22377e-05,-0.0005979017
2026-05-24 18:00:00+00:00,-9.8801e-06,-0.0005790408
2026-05-24 19:00:00+00:00,-2.2394e-06,-0.000517915
2026-05-24 20:00:00+00:00,-1.0739e-06,-0.0005085909
2026-05-24 21:00:00+00:00,-7.9926e-06,-0.0005639408
2026-05-24 22:00:00+00:00,-1.73874e-05,-0.0006390989
2026-05-24 23:00:00+00:00,-8.2655e-06,-0.0005661243
2026-05-25 00:00:00+00:00,-9.1668e-06,-0.0005733346
2026-05-25 01:00:00+00:00,-1.44236e-05,-0.0006153887
2026-05-25 02:00:00+00:00,-1.43348e-05,-0.0006146781
2026-05-25 03:00:00+00:00,-1.02071e-05,-0.0005816566
2026-05-25 04:00:00+00:00,-1.35135e-05,-0.0006081079
2026-05-25 05:00:00+00:00,-8.0466e-06,-0.000564373
2026-05-25 06:00:00+00:00,-1.31974e-05,-0.0006055794
2026-05-25 07:00:00+00:00,-1.40893e-05,-0.0006127148
2026-05-25 08:00:00+00:00,-5.7273e-06,-0.0005458181
2026-05-25 09:00:00+00:00,-6.479e-06,-0.000551832
2026-05-25 10:00:00+00:00,-7.09e-07,-0.000505672
2026-05-25 11:00:00+00:00,-3.7622e-06,-0.0005300975
2026-05-25 12:00:00+00:00,-5.7306e-06,-0.000545845
2026-05-25 13:00:00+00:00,-7.398e-06,-0.0005591842
2026-05-25 14:00:00+00:00,-5.9858e-06,-0.0005478863
2026-05-25 15:00:00+00:00,1.7844e-06,-0.0004857249
2026-05-25 16:00:00+00:00,-2.1913e-06,-0.0005175305
2026-05-25 17:00:00+00:00,-4.3452e-06,-0.0005347613
2026-05-25 18:00:00+00:00,4.4153e-06,-0.0004646777
2026-05-25 19:00:00+00:00,1.4435e-06,-0.0004884523
2026-05-25 20:00:00+00:00,-7.6608e-06,-0.0005612861
2026-05-25 21:00:00+00:00,-8.4495e-06,-0.0005675957
2026-05-25 22:00:00+00:00,-5.2877e-06,-0.0005423015
2026-05-25 23:00:00+00:00,-1.24409e-05,-0.0005995276
2026-05-26 00:00:00+00:00,-5.7953e-06,-0.0005463625
2026-05-26 01:00:00+00:00,-1.60665e-05,-0.0006285321
2026-05-26 02:00:00+00:00,-1.5185e-06,-0.0005121482
2026-05-26 03:00:00+00:00,-9.8197e-06,-0.000578558
2026-05-26 04:00:00+00:00,-1.56584e-05,-0.0006252669
2026-05-26 05:00:00+00:00,-9.5404e-06,-0.0005763229
2026-05-26 06:00:00+00:00,-9.6089e-06,-0.0005768712
2026-05-26 07:00:00+00:00,-1.1553e-05,-0.0005924242
2026-05-26 08:00:00+00:00,-2.04079e-05,-0.0006632629
2026-05-26 09:00:00+00:00,-1.66485e-05,-0.0006331877
2026-05-26 10:00:00+00:00,-1.56974e-05,-0.0006255793
2026-05-26 11:00:00+00:00,-9.83e-07,-0.000507864
2026-05-26 12:00:00+00:00,5.711e-07,-0.0004954312
2026-05-26 13:00:00+00:00,-5.2705e-06,-0.0005421642
2026-05-26 14:00:00+00:00,-1.276e-07,-0.0005010204
2026-05-26 15:00:00+00:00,7.2281e-06,-0.0004421748
2026-05-26 16:00:00+00:00,4.5312e-06,-0.0004637501
2026-05-26 17:00:00+00:00,8.5791e-06,-0.0004313674
2026-05-26 18:00:00+00:00,8.6796e-06,-0.0004305632
2026-05-26 19:00:00+00:00,4.0306e-06,-0.000467755
2026-05-26 20:00:00+00:00,2.768e-06,-0.0004778563
2026-05-26 21:00:00+00:00,-4.1012e-06,-0.0005328093
2026-05-26 22:00:00+00:00,-6.2499e-06,-0.0005499992
2026-05-26 23:00:00+00:00,-1.5147e-05,-0.0006211762
2026-05-27 00:00:00+00:00,-1.654e-07,-0.0005013234
2026-05-27 01:00:00+00:00,2.7521e-06,-0.0004779834
2026-05-27 02:00:00+00:00,7.242e-07,-0.0004942066
2026-05-27 03:00:00+00:00,-4.6022e-06,-0.0005368175
2026-05-27 04:00:00+00:00,-1.4482e-06,-0.0005115853
2026-05-27 05:00:00+00:00,-1.61732e-05,-0.0006293858
2026-05-27 06:00:00+00:00,-1.55059e-05,-0.0006240469
2026-05-27 07:00:00+00:00,-6.3611e-06,-0.0005508888
2026-05-27 08:00:00+00:00,-9.3216e-06,-0.000574573
2026-05-27 09:00:00+00:00,-9.7348e-06,-0.0005778783
2026-05-27 10:00:00+00:00,-4.509e-06,-0.0005360722
2026-05-27 11:00:00+00:00,2.604e-07,-0.0004979168
2026-05-27 12:00:00+00:00,5.279e-07,-0.0004957771
2026-05-27 13:00:00+00:00,-7.7071e-06,-0.0005616565
2026-05-27 14:00:00+00:00,-4.0765e-06,-0.0005326118
2026-05-27 15:00:00+00:00,6.2317e-06,-0.0004501464
2026-05-27 16:00:00+00:00,1.25e-05,-0.0003437437
2026-05-27 17:00:00+00:00,8.7601e-06,-0.000429919
2026-05-27 18:00:00+00:00,9.0078e-06,-0.0004279373
2026-05-27 19:00:00+00:00,3.749e-06,-0.0004700084
2026-05-27 20:00:00+00:00,3.4406e-06,-0.0004724755
2026-05-27 21:00:00+00:00,4.0675e-06,-0.0004674602
2026-05-27 22:00:00+00:00,9.511e-07,-0.0004923912
2026-05-27 23:00:00+00:00,1.12665e-05,-0.0004098681
2026-05-28 00:00:00+00:00,1.25e-05,-0.0003980225
2026-05-28 01:00:00+00:00,1.11591e-05,-0.000410727
2026-05-28 02:00:00+00:00,2.8644e-06,-0.0004770847
2026-05-28 03:00:00+00:00,2.068e-06,-0.000483456
2026-05-28 04:00:00+00:00,3.5838e-06,-0.0004713293
2026-05-28 05:00:00+00:00,1.25e-05,-0.0003814792
2026-05-28 06:00:00+00:00,3.6686e-06,-0.000470651
2026-05-28 07:00:00+00:00,3.367e-06,-0.0004730642
2026-05-28 08:00:00+00:00,2.24e-08,-0.0004998208
2026-05-28 09:00:00+00:00,5.2084e-06,-0.000458333
2026-05-28 10:00:00+00:00,1.25e-05,-0.0003688851
2026-05-28 11:00:00+00:00,1.25e-05,-0.0003980699
2026-05-28 12:00:00+00:00,8.3803e-06,-0.0004329574
2026-05-28 13:00:00+00:00,9.9454e-06,-0.0004204366
2026-05-28 14:00:00+00:00,1.10385e-05,-0.0004116923
2026-05-28 15:00:00+00:00,1.25e-05,-0.0003166935
2026-05-28 16:00:00+00:00,1.25e-05,-0.0001862676
2026-05-28 17:00:00+00:00,1.25e-05,-0.0001474223
2026-05-28 18:00:00+00:00,1.25e-05,-0.0003534396
2026-05-28 19:00:00+00:00,1.25e-05,-0.0002834044
2026-05-28 20:00:00+00:00,1.25e-05,-0.0003077442
2026-05-28 21:00:00+00:00,1.25e-05,-0.0003081355
2026-05-28 22:00:00+00:00,1.25e-05,-0.0002354683
2026-05-28 23:00:00+00:00,1.25e-05,-0.0003114887
2026-05-29 00:00:00+00:00,1.25e-05,-0.0003025276
2026-05-29 01:00:00+00:00,1.25e-05,-0.0003325608
2026-05-29 02:00:00+00:00,1.25e-05,-0.0003659066
2026-05-29 03:00:00+00:00,1.25e-05,-0.0003453771
2026-05-29 04:00:00+00:00,1.03165e-05,-0.0004174679
2026-05-29 05:00:00+00:00,9.5423e-06,-0.0004236617
2026-05-29 06:00:00+00:00,1.25e-05,-0.0003696578
2026-05-29 07:00:00+00:00,6.0605e-06,-0.0004515162
2026-05-29 08:00:00+00:00,4.7455e-06,-0.0004620362
2026-05-29 09:00:00+00:00,8.8455e-06,-0.000429236
2026-05-29 10:00:00+00:00,3.3539e-06,-0.0004731689
2026-05-29 11:00:00+00:00,-1.9171e-06,-0.0005153369
2026-05-29 12:00:00+00:00,-1.9044e-06,-0.0005152355
2026-05-29 13:00:00+00:00,1.4005e-06,-0.0004887958
2026-05-29 14:00:00+00:00,1.25e-05,-0.000399178
2026-05-29 15:00:00+00:00,1.18994e-05,-0.0004048051
2026-05-29 16:00:00+00:00,1.25e-05,-0.0002813023
2026-05-29 17:00:00+00:00,1.25e-05,-0.0002993438
2026-05-29 18:00:00+00:00,1.25e-05,-0.0003837247
2026-05-29 19:00:00+00:00,4.9682e-06,-0.0004602548
2026-05-29 20:00:00+00:00,8.1e-06,-0.0004352002
2026-05-29 21:00:00+00:00,5.4359e-06,-0.0004565126
2026-05-29 22:00:00+00:00,2.3514e-06,-0.0004811885
2026-05-29 23:00:00+00:00,-3.242e-06,-0.0005259362
2026-05-30 00:00:00+00:00,-1.8447e-06,-0.0005147579
2026-05-30 01:00:00+00:00,2.6233e-06,-0.000479014
2026-05-30 02:00:00+00:00,4.166e-06,-0.0004666719
2026-05-30 03:00:00+00:00,9.3895e-06,-0.0004248836
2026-05-30 04:00:00+00:00,1.1291e-05,-0.0004096723
2026-05-30 05:00:00+00:00,5.29e-08,-0.0004995766
2026-05-30 06:00:00+00:00,7.4375e-06,-0.0004404997
2026-05-30 07:00:00+00:00,4.9166e-06,-0.0004606671
2026-05-30 08:00:00+00:00,6.697e-07,-0.0004946426
2026-05-30 09:00:00+00:00,1.14347e-05,-0.0004085228
2026-05-30 10:00:00+00:00,1.0832e-06,-0.0004913347
2026-05-30 11:00:00+00:00,1.25e-05,-0.0003787927
2026-05-30 12:00:00+00:00,1.04263e-05,-0.0004165899
2026-05-30 13:00:00+00:00,1.25e-05,-0.0003619465
2026-05-30 14:00:00+00:00,1.25e-05,-0.0002497495
2026-05-30 15:00:00+00:00,1.25e-05,-0.0003969263
2026-05-30 16:00:00+00:00,7.6213e-06,-0.0004390297
2026-05-30 17:00:00+00:00,1.6045e-06,-0.0004871642
2026-05-30 18:00:00+00:00,3.6157e-06,-0.0004710748
2026-05-30 19:00:00+00:00,5.3855e-06,-0.0004569158
2026-05-30 20:00:00+00:00,2.1532e-06,-0.0004827743
2026-05-30 21:00:00+00:00,2.0342e-06,-0.0004837265
2026-05-30 22:00:00+00:00,7.5672e-06,-0.0004394627
2026-05-30 23:00:00+00:00,5.8608e-06,-0.0004531136
2026-05-31 00:00:00+00:00,7.2215e-06,-0.0004422276
2026-05-31 01:00:00+00:00,1.25e-05,-0.0003756809
2026-05-31 02:00:00+00:00,1.14157e-05,-0.0004086746
2026-05-31 03:00:00+00:00,1.5067e-06,-0.0004879465
2026-05-31 04:00:00+00:00,8.7142e-06,-0.0004302863
2026-05-31 05:00:00+00:00,1.25e-05,-0.0003730963
2026-05-31 06:00:00+00:00,1.25e-05,-0.0003811442
2026-05-31 07:00:00+00:00,1.06234e-05,-0.0004150132
2026-05-31 08:00:00+00:00,1.21651e-05,-0.0004026791
2026-05-31 09:00:00+00:00,1.25e-05,-0.0003694939
2026-05-31 10:00:00+00:00,1.25e-05,-0.0003891326
2026-05-31 11:00:00+00:00,1.04036e-05,-0.0004167712
2026-05-31 12:00:00+00:00,1.16316e-05,-0.0004069475
2026-05-31 13:00:00+00:00,8.6493e-06,-0.0004308058
2026-05-31 14:00:00+00:00,7.2069e-06,-0.0004423444
2026-05-31 15:00:00+00:00,1.25e-05,-0.0003605
2026-05-31 16:00:00+00:00,1.25e-05,-0.0003332372
2026-05-31 17:00:00+00:00,1.25e-05,-0.0003057594
2026-05-31 18:00:00+00:00,1.25e-05,-0.0002597451
2026-05-31 19:00:00+00:00,1.25e-05,-0.0003040005
2026-05-31 20:00:00+00:00,1.25e-05,-0.000346519
2026-05-31 21:00:00+00:00,1.25e-05,-0.0002324557
2026-05-31 22:00:00+00:00,1.25e-05,-0.0002452292
2026-05-31 23:00:00+00:00,1.25e-05,-0.0002046025
2026-06-01 00:00:00+00:00,1.25e-05,-0.0002835026
2026-06-01 01:00:00+00:00,1.25e-05,-0.0002636685
2026-06-01 02:00:00+00:00,1.25e-05,-0.0002929244
2026-06-01 03:00:00+00:00,1.25e-05,-0.0003312769
2026-06-01 04:00:00+00:00,1.25e-05,-0.0003286259
2026-06-01 05:00:00+00:00,1.25e-05,-0.0003920543
2026-06-01 06:00:00+00:00,1.25e-05,-0.0003859159
2026-06-01 07:00:00+00:00,1.25e-05,-0.0003674643
2026-06-01 08:00:00+00:00,1.25e-05,-0.0002425802
2026-06-01 09:00:00+00:00,1.25e-05,-0.0001557591
2026-06-01 10:00:00+00:00,1.25e-05,-0.000219252
2026-06-01 11:00:00+00:00,1.25e-05,-0.0001897495
2026-06-01 12:00:00+00:00,1.25e-05,-0.0001972569
2026-06-01 13:00:00+00:00,1.25e-05,-0.0002078434
2026-06-01 14:00:00+00:00,1.25e-05,-0.0002429276
2026-06-01 15:00:00+00:00,1.25e-05,-0.0001199342
2026-06-01 16:00:00+00:00,1.25e-05,-6.88623e-05
2026-06-01 17:00:00+00:00,1.25e-05,-7.99096e-05
2026-06-01 18:00:00+00:00,1.25e-05,-9.62261e-05
2026-06-01 19:00:00+00:00,1.25e-05,-0.0001932354
2026-06-01 20:00:00+00:00,1.25e-05,-0.0001648118
2026-06-01 21:00:00+00:00,1.25e-05,-0.0001116502
2026-06-01 22:00:00+00:00,1.25e-05,-0.00025474
2026-06-01 23:00:00+00:00,1.25e-05,-5.89034e-05
2026-06-02 00:00:00+00:00,1.25e-05,5.2843e-05
2026-06-02 01:00:00+00:00,1.25e-05,-8.32595e-05
2026-06-02 02:00:00+00:00,1.25e-05,-0.0002088662
2026-06-02 03:00:00+00:00,1.25e-05,-0.0002401003
2026-06-02 04:00:00+00:00,1.25e-05,-0.0001674791
2026-06-02 05:00:00+00:00,1.25e-05,-0.0001460967
2026-06-02 06:00:00+00:00,1.25e-05,-0.0001842782
2026-06-02 07:00:00+00:00,1.25e-05,-0.0002489549
2026-06-02 08:00:00+00:00,1.25e-05,-0.0003838558
2026-06-02 09:00:00+00:00,1.25e-05,-0.0003900708
2026-06-02 10:00:00+00:00,1.25e-05,-0.0003022979
2026-06-02 11:00:00+00:00,1.25e-05,-0.0002262183
2026-06-02 12:00:00+00:00,1.25e-05,-0.0002247699
2026-06-02 13:00:00+00:00,1.25e-05,-0.000280871
2026-06-02 14:00:00+00:00,1.25e-05,-0.0003187549
2026-06-02 15:00:00+00:00,1.25e-05,-0.000289573
2026-06-02 16:00:00+00:00,1.25e-05,-0.0003024223
2026-06-02 17:00:00+00:00,1.25e-05,-0.0002648595
2026-06-02 18:00:00+00:00,1.25e-05,-0.0003586428
2026-06-02 19:00:00+00:00,1.25e-05,-0.0002827398
2026-06-02 20:00:00+00:00,1.14694e-05,-0.0004082449
2026-06-02 21:00:00+00:00,1.25e-05,-0.0003170392
2026-06-02 22:00:00+00:00,1.22734e-05,-0.0004018125
2026-06-02 23:00:00+00:00,1.16162e-05,-0.0004070706
2026-06-03 00:00:00+00:00,8.7306e-06,-0.0004301549
2026-06-03 01:00:00+00:00,7.431e-07,-0.000494055
2026-06-03 02:00:00+00:00,3.0357e-06,-0.0004757142
2026-06-03 03:00:00+00:00,5.3228e-06,-0.0004574173
2026-06-03 04:00:00+00:00,5.7221e-06,-0.0004542229
2026-06-03 05:00:00+00:00,1.2946e-06,-0.0004896434
2026-06-03 06:00:00+00:00,8.7504e-06,-0.000429997
2026-06-03 07:00:00+00:00,7.833e-06,-0.000437336
2026-06-03 08:00:00+00:00,2.055e-06,-0.0004835597
2026-06-03 09:00:00+00:00,2.9365e-06,-0.000476508
2026-06-03 10:00:00+00:00,4.7254e-06,-0.0004621964
2026-06-03 11:00:00+00:00,1.22405e-05,-0.0004020762
2026-06-03 12:00:00+00:00,1.25e-05,-0.0003799002
2026-06-03 13:00:00+00:00,1.25e-05,-0.0003444459
2026-06-03 14:00:00+00:00,1.25e-05,-0.0002474649
2026-06-03 15:00:00+00:00,1.25e-05,-0.0002337651
2026-06-03 16:00:00+00:00,1.25e-05,-0.000261677
2026-06-03 17:00:00+00:00,1.25e-05,-0.0002165026
2026-06-03 18:00:00+00:00,1.25e-05,-0.0001666453
2026-06-03 19:00:00+00:00,1.25e-05,-0.0002138945
2026-06-03 20:00:00+00:00,1.25e-05,-0.0001678726
2026-06-03 21:00:00+00:00,1.25e-05,-0.0002334662
2026-06-03 22:00:00+00:00,1.25e-05,-0.0002098459
2026-06-03 23:00:00+00:00,1.25e-05,-0.0003716433
2026-06-04 00:00:00+00:00,1.25e-05,-0.0003727867
2026-06-04 01:00:00+00:00,1.16035e-05,-0.0004071721
2026-06-04 02:00:00+00:00,6.7587e-06,-0.0004459304
2026-06-04 03:00:00+00:00,8.5033e-06,-0.0004319739
2026-06-04 04:00:00+00:00,6.0531e-06,-0.0004515753
2026-06-04 05:00:00+00:00,4.2721e-06,-0.0004658231
2026-06-04 06:00:00+00:00,3.4197e-06,-0.0004726428
2026-06-04 07:00:00+00:00,1.0114e-05,-0.0004190877
2026-06-04 08:00:00+00:00,3.4241e-06,-0.0004726071
2026-06-04 09:00:00+00:00,5.2245e-06,-0.0004582042
2026-06-04 10:00:00+00:00,6.6623e-06,-0.0004467019
2026-06-04 11:00:00+00:00,-4.5162e-06,-0.0005361298
2026-06-04 12:00:00+00:00,-1.0187e-05,-0.0005814957
2026-06-04 13:00:00+00:00,1.25e-05,-0.0003922656
2026-06-04 14:00:00+00:00,3.9124e-06,-0.0004687007
2026-06-04 15:00:00+00:00,7.613e-07,-0.0004939092
2026-06-04 16:00:00+00:00,4.9885e-06,-0.0004600917
2026-06-04 17:00:00+00:00,-6.88e-07,-0.000505504
2026-06-04 18:00:00+00:00,6.9786e-06,-0.0004441714
2026-06-04 19:00:00+00:00,1.25e-05,-0.0003740205
2026-06-04 20:00:00+00:00,1.25e-05,-0.0003675202
2026-06-04 21:00:00+00:00,5.5109e-06,-0.0004559132
2026-06-04 22:00:00+00:00,3.6956e-06,-0.0004704349
2026-06-04 23:00:00+00:00,6.9637e-06,-0.0004442908
2026-06-05 00:00:00+00:00,1.25e-05,-0.0003850448
2026-06-05 01:00:00+00:00,5.2486e-06,-0.0004580111
2026-06-05 02:00:00+00:00,8.6931e-06,-0.0004304549
2026-06-05 03:00:00+00:00,-4.9586e-06,-0.0005396687
2026-06-05 04:00:00+00:00,-4.8042e-06,-0.0005384338
2026-06-05 05:00:00+00:00,1.22032e-05,-0.0004023743
2026-06-05 06:00:00+00:00,1.10996e-05,-0.0004112033
2026-06-05 07:00:00+00:00,6.1619e-06,-0.0004507045
2026-06-05 08:00:00+00:00,1.25e-05,-0.0003493078
2026-06-05 09:00:00+00:00,1.25e-05,-0.0003929526
2026-06-05 10:00:00+00:00,1.25e-05,-0.000319587
2026-06-05 11:00:00+00:00,1.19119e-05,-0.0004047051
2026-06-05 12:00:00+00:00,7.0565e-06,-0.0004435481
2026-06-05 13:00:00+00:00,6.151e-06,-0.0004507916
2026-06-05 14:00:00+00:00,4.7295e-06,-0.0004621638
2026-06-05 15:00:00+00:00,-3.2618e-06,-0.0005260945
2026-06-05 16:00:00+00:00,-7.1493e-06,-0.0005571943
2026-06-05 17:00:00+00:00,5.4877e-06,-0.0004560985
2026-06-05 18:00:00+00:00,8.3511e-06,-0.0004331913
2026-06-05 19:00:00+00:00,4.0932e-06,-0.0004672547
2026-06-05 20:00:00+00:00,6.7702e-06,-0.0004458387
2026-06-05 21:00:00+00:00,1.25e-05,-0.0003287295
2026-06-05 22:00:00+00:00,1.25e-05,-0.0002270682
2026-06-05 23:00:00+00:00,1.25e-05,-0.0001919176
2026-06-06 00:00:00+00:00,1.25e-05,-0.0003850826
2026-06-06 01:00:00+00:00,1.25e-05,-0.0003303613
2026-06-06 02:00:00+00:00,1.25e-05,-0.0003009275
2026-06-06 03:00:00+00:00,1.25e-05,-0.0002588675
2026-06-06 04:00:00+00:00,1.25e-05,-0.0002727531
2026-06-06 05:00:00+00:00,6.8869e-06,-0.000444905
2026-06-06 06:00:00+00:00,1.25e-05,-0.0003661332
2026-06-06 07:00:00+00:00,9.2497e-06,-0.0004260024
2026-06-06 08:00:00+00:00,1.00061e-05,-0.0004199511
2026-06-06 09:00:00+00:00,1.09625e-05,-0.0004122997
2026-06-06 10:00:00+00:00,1.8646e-06,-0.0004850836
2026-06-06 11:00:00+00:00,-1.7806e-06,-0.0005142449
2026-06-06 12:00:00+00:00,3.4016e-06,-0.0004727868
2026-06-06 13:00:00+00:00,-5.136e-06,-0.0005410882
2026-06-06 14:00:00+00:00,9.803e-07,-0.0004921574
2026-06-06 15:00:00+00:00,2.071e-07,-0.0004983429
2026-06-06 16:00:00+00:00,-6.3827e-06,-0.0005510615
2026-06-06 17:00:00+00:00,-1.5282e-06,-0.0005122258
2026-06-06 18:00:00+00:00,5.5518e-06,-0.0004555855
2026-06-06 19:00:00+00:00,1.25e-05,-0.0003984739
2026-06-06 20:00:00+00:00,1.25e-05,-0.0003820069
2026-06-06 21:00:00+00:00,8.5901e-06,-0.0004312791
2026-06-06 22:00:00+00:00,9.0115e-06,-0.000427908
2026-06-06 23:00:00+00:00,1.6941e-06,-0.0004864468
2026-06-07 00:00:00+00:00,5.9838e-06,-0.0004521299
2026-06-07 01:00:00+00:00,4.4983e-06,-0.0004640139
2026-06-07 02:00:00+00:00,1.25e-05,-0.0003505368
2026-06-07 03:00:00+00:00,1.25e-05,-0.000381958
2026-06-07 04:00:00+00:00,1.25e-05,-0.000346388
2026-06-07 05:00:00+00:00,1.25e-05,-0.0003305881
2026-06-07 06:00:00+00:00,1.25e-05,-0.0003786101
2026-06-07 07:00:00+00:00,1.25e-05,-0.0003195403
2026-06-07 08:00:00+00:00,1.25e-05,-0.0003033403
2026-06-07 09:00:00+00:00,1.25e-05,-0.0003038389
2026-06-07 10:00:00+00:00,1.25e-05,-0.0003090766
2026-06-07 11:00:00+00:00,1.25e-05,-0.0002537828
2026-06-07 12:00:00+00:00,1.25e-05,-0.0001733374
2026-06-07 13:00:00+00:00,1.25e-05,-0.0002115719
2026-06-07 14:00:00+00:00,1.25e-05,-0.0001110224
2026-06-07 15:00:00+00:00,1.25e-05,-0.0001425008
2026-06-07 16:00:00+00:00,1.25e-05,-0.00021767
2026-06-07 17:00:00+00:00,1.25e-05,-0.0002978719
2026-06-07 18:00:00+00:00,1.25e-05,-0.0003590899
2026-06-07 19:00:00+00:00,1.25e-05,-0.0003378425
2026-06-07 20:00:00+00:00,5.7508e-06,-0.0004539939
2026-06-07 21:00:00+00:00,1.12983e-05,-0.0004096136
2026-06-07 22:00:00+00:00,1.07416e-05,-0.0004140668
2026-06-07 23:00:00+00:00,1.25e-05,-0.0003307763
2026-06-08 00:00:00+00:00,1.25e-05,-0.0002882361
2026-06-08 01:00:00+00:00,1.25e-05,-0.0002661072
2026-06-08 02:00:00+00:00,1.25e-05,-0.0003312893
2026-06-08 03:00:00+00:00,1.25e-05,-0.0003915706
2026-06-08 04:00:00+00:00,1.25e-05,-0.0003999325
2026-06-08 05:00:00+00:00,9.0084e-06,-0.0004279325
2026-06-08 06:00:00+00:00,3.7638e-06,-0.0004698895
2026-06-08 07:00:00+00:00,5.4021e-06,-0.0004567829
2026-06-08 08:00:00+00:00,5.9224e-06,-0.0004526205
2026-06-08 09:00:00+00:00,5.4352e-06,-0.0004565187
2026-06-08 10:00:00+00:00,1.25e-05,-0.0003302617
2026-06-08 11:00:00+00:00,1.25e-05,-0.0003772723
2026-06-08 12:00:00+00:00,1.25e-05,-0.0003977707
2026-06-08 13:00:00+00:00,9.738e-06,-0.0004220963
2026-06-08 14:00:00+00:00,1.25e-05,-0.0003519271
2026-06-08 15:00:00+00:00,1.25e-05,-0.0003731659
2026-06-08 16:00:00+00:00,1.25e-05,-0.0003582812
2026-06-08 17:00:00+00:00,1.25e-05,-0.0003291079
2026-06-08 18:00:00+00:00,1.25e-05,-0.0003460072
2026-06-08 19:00:00+00:00,7.6548e-06,-0.0004387612
2026-06-08 20:00:00+00:00,1.15462e-05,-0.0004076304
2026-06-08 21:00:00+00:00,1.19508e-05,-0.0004043935
2026-06-08 22:00:00+00:00,1.1924e-05,-0.0004046079
2026-06-08 23:00:00+00:00,8.1008e-06,-0.0004351936
2026-06-09 00:00:00+00:00,6.0949e-06,-0.0004512405
2026-06-09 01:00:00+00:00,8.7593e-06,-0.0004299258
2026-06-09 02:00:00+00:00,7.7685e-06,-0.0004378524
2026-06-09 03:00:00+00:00,2.3737e-06,-0.00048101
2026-06-09 04:00:00+00:00,4.747e-06,-0.0004620237
2026-06-09 05:00:00+00:00,1.25e-05,-0.0003966434
2026-06-09 06:00:00+00:00,1.25e-05,-0.0003008874
2026-06-09 07:00:00+00:00,1.25e-05,-0.0002945762
2026-06-09 08:00:00+00:00,1.25e-05,-0.0003594923
2026-06-09 09:00:00+00:00,1.25e-05,-0.0003701302
2026-06-09 10:00:00+00:00,9.5852e-06,-0.0004233182
2026-06-09 11:00:00+00:00,1.15313e-05,-0.0004077499
2026-06-09 12:00:00+00:00,1.18977e-05,-0.0004048187
2026-06-09 13:00:00+00:00,1.25e-05,-0.0003952308
2026-06-09 14:00:00+00:00,1.25e-05,-0.0003580222
2026-06-09 15:00:00+00:00,1.25e-05,-0.0003768378
2026-06-09 16:00:00+00:00,1.25e-05,-0.0003850694
2026-06-09 17:00:00+00:00,1.25e-05,-0.0003077422
2026-06-09 18:00:00+00:00,1.25e-05,-0.000305761
2026-06-09 19:00:00+00:00,1.25e-05,-0.0003615031
2026-06-09 20:00:00+00:00,1.0431e-05,-0.000416552
2026-06-09 21:00:00+00:00,9.4667e-06,-0.0004242665
2026-06-09 22:00:00+00:00,4.127e-07,-0.0004966983
2026-06-09 23:00:00+00:00,1.2339e-06,-0.0004901288
2026-06-10 00:00:00+00:00,2.4159e-06,-0.0004806729
2026-06-10 01:00:00+00:00,1.4565e-06,-0.0004883481
2026-06-10 02:00:00+00:00,4.964e-07,-0.0004960292
2026-06-10 03:00:00+00:00,-6.009e-07,-0.0005048072
2026-06-10 04:00:00+00:00,-6.14e-08,-0.0005004912
2026-06-10 05:00:00+00:00,8.6005e-06,-0.0004311961
2026-06-10 06:00:00+00:00,-1.9732e-06,-0.0005157855
2026-06-10 07:00:00+00:00,-2.8166e-06,-0.0005225326
2026-06-10 08:00:00+00:00,-1.8565e-06,-0.0005148523
2026-06-10 09:00:00+00:00,-5.2185e-06,-0.0005417479
2026-06-10 10:00:00+00:00,2.2075e-06,-0.0004823403
2026-06-10 11:00:00+00:00,5.6886e-06,-0.0004544911
2026-06-10 12:00:00+00:00,2.0827e-06,-0.0004833386
2026-06-10 13:00:00+00:00,9.9992e-06,-0.0004200064
2026-06-10 14:00:00+00:00,1.17385e-05,-0.0004060916
2026-06-10 15:00:00+00:00,1.25e-05,-0.0003605912
2026-06-10 16:00:00+00:00,1.25e-05,-0.0003767678
2026-06-10 17:00:00+00:00,3.8595e-06,-0.0004691241
2026-06-10 18:00:00+00:00,1.07976e-05,-0.0004136196
2026-06-10 19:00:00+00:00,1.15958e-05,-0.0004072336
2026-06-10 20:00:00+00:00,1.25e-05,-0.000346489
2026-06-10 21:00:00+00:00,1.25e-05,-0.0003910473
2026-06-10 22:00:00+00:00,7.5043e-06,-0.0004399659
2026-06-10 23:00:00+00:00,6.7179e-06,-0.0004462568
2026-06-11 00:00:00+00:00,8.7489e-06,-0.0004300085
2026-06-11 01:00:00+00:00,1.25e-05,-0.0003658039
2026-06-11 02:00:00+00:00,1.25e-05,-0.0003869391
2026-06-11 03:00:00+00:00,2.8632e-06,-0.0004770943
2026-06-11 04:00:00+00:00,9.7258e-06,-0.000422194
2026-06-11 05:00:00+00:00,4.2621e-06,-0.0004659036
2026-06-11 06:00:00+00:00,3.9427e-06,-0.0004684586
2026-06-11 07:00:00+00:00,-8.784e-07,-0.000507027
2026-06-11 08:00:00+00:00,9.61e-07,-0.0004923124
2026-06-11 09:00:00+00:00,3.5615e-06,-0.0004715077
2026-06-11 10:00:00+00:00,2.5228e-06,-0.0004798175
2026-06-11 11:00:00+00:00,7.4415e-06,-0.0004404678
2026-06-11 12:00:00+00:00,4.9882e-06,-0.0004600945
2026-06-11 13:00:00+00:00,2.2406e-06,-0.0004820749
2026-06-11 14:00:00+00:00,2.9413e-06,-0.0004764692
2026-06-11 15:00:00+00:00,1.0337e-06,-0.0004917301
2026-06-11 16:00:00+00:00,-3.225e-06,-0.0005257998
2026-06-11 17:00:00+00:00,1.041e-07,-0.000499167
2026-06-11 18:00:00+00:00,5.8942e-06,-0.0004528461
2026-06-11 19:00:00+00:00,1.25e-05,-0.0003735838
2026-06-11 20:00:00+00:00,1.25e-05,-0.0003914259
2026-06-11 21:00:00+00:00,2.9344e-06,-0.0004765251
2026-06-11 22:00:00+00:00,1.07886e-05,-0.0004136914
2026-06-11 23:00:00+00:00,1.25e-05,-0.0003864799
2026-06-12 00:00:00+00:00,1.25e-05,-0.0003577443
2026-06-12 01:00:00+00:00,1.25e-05,-0.000267245
2026-06-12 02:00:00+00:00,1.25e-05,-0.0003437619
2026-06-12 03:00:00+00:00,1.25e-05,-0.0003935466
2026-06-12 04:00:00+00:00,8.6902e-06,-0.0004304784
2026-06-12 05:00:00+00:00,1.25e-05,-0.0003694885
2026-06-12 06:00:00+00:00,1.01694e-05,-0.0004186448
2026-06-12 07:00:00+00:00,7.118e-07,-0.0004943055
2026-06-12 08:00:00+00:00,2.3719e-06,-0.0004810252
2026-06-12 09:00:00+00:00,7.86e-08,-0.0004993715
2026-06-12 10:00:00+00:00,5.032e-06,-0.0004597438
2026-06-12 11:00:00+00:00,-8.93e-08,-0.0005007142
2026-06-12 12:00:00+00:00,6.0707e-06,-0.0004514346
2026-06-12 13:00:00+00:00,-6.1507e-06,-0.0005492056
2026-06-12 14:00:00+00:00,3.7445e-06,-0.0004700441
2026-06-12 15:00:00+00:00,7.8066e-06,-0.000437547
2026-06-12 16:00:00+00:00,1.25e-05,-0.0003980702
2026-06-12 17:00:00+00:00,1.25e-05,-0.0003037345
2026-06-12 18:00:00+00:00,1.25e-05,-0.0003282214
2026-06-12 19:00:00+00:00,1.25e-05,-0.0003330014
2026-06-12 20:00:00+00:00,1.25e-05,-0.0003402446
2026-06-12 21:00:00+00:00,1.25e-05,-0.0003426146
2026-06-12 22:00:00+00:00,1.25e-05,-0.000225545
2026-06-12 23:00:00+00:00,1.25e-05,-0.0002455116
2026-06-13 00:00:00+00:00,1.25e-05,-0.0002507961
2026-06-13 01:00:00+00:00,1.25e-05,-0.0001973728
2026-06-13 02:00:00+00:00,1.25e-05,-0.000196861
2026-06-13 03:00:00+00:00,1.25e-05,-0.0003039194
2026-06-13 04:00:00+00:00,1.25e-05,-0.0003489432
2026-06-13 05:00:00+00:00,1.25e-05,-0.0003726315
2026-06-13 06:00:00+00:00,1.25e-05,-0.0003772191
2026-06-13 07:00:00+00:00,1.25e-05,-0.000333662
2026-06-13 08:00:00+00:00,1.25e-05,-0.0003143553
2026-06-13 09:00:00+00:00,1.25e-05,-0.0003527293
2026-06-13 10:00:00+00:00,1.25e-05,-0.000356951
2026-06-13 11:00:00+00:00,1.11048e-05,-0.0004111612
2026-06-13 12:00:00+00:00,1.25e-05,-0.000362171
2026-06-13 13:00:00+00:00,1.25e-05,-0.0002944631
2026-06-13 14:00:00+00:00,1.25e-05,-0.0002983322
2026-06-13 15:00:00+00:00,1.25e-05,-0.0002292641
2026-06-13 16:00:00+00:00,1.25e-05,-0.0002075191
2026-06-13 17:00:00+00:00,1.25e-05,-0.0003796502
2026-06-13 18:00:00+00:00,1.25e-05,-0.0003321851
2026-06-13 19:00:00+00:00,1.25e-05,-0.0003141181
2026-06-13 20:00:00+00:00,1.25e-05,-0.0003647938
2026-06-13 21:00:00+00:00,1.25e-05,-0.0003515593
2026-06-13 22:00:00+00:00,1.25e-05,-0.0003806351
2026-06-13 23:00:00+00:00,1.25e-05,-0.000371019
2026-06-14 00:00:00+00:00,1.25e-05,-0.0003514491
2026-06-14 01:00:00+00:00,1.25e-05,-0.0002479113
2026-06-14 02:00:00+00:00,1.25e-05,-0.0002638298
2026-06-14 03:00:00+00:00,1.25e-05,-0.0003727088
2026-06-14 04:00:00+00:00,1.25e-05,-0.0002895177
2026-06-14 05:00:00+00:00,1.25e-05,-0.0003834703
2026-06-14 06:00:00+00:00,9.4642e-06,-0.0004242866
2026-06-14 07:00:00+00:00,1.25e-05,-0.0003854587
2026-06-14 08:00:00+00:00,1.25e-05,-0.0003301461
2026-06-14 09:00:00+00:00,1.25e-05,-0.0003318765
2026-06-14 10:00:00+00:00,1.25e-05,-0.000367979
2026-06-14 11:00:00+00:00,1.25e-05,-0.0003961994
2026-06-14 12:00:00+00:00,1.25e-05,-0.0003919214
2026-06-14 13:00:00+00:00,7.1674e-06,-0.0004426609
2026-06-14 14:00:00+00:00,7.7257e-06,-0.0004381945
2026-06-14 15:00:00+00:00,1.25e-05,-0.0003705929
2026-06-14 16:00:00+00:00,1.25e-05,-0.000384065
2026-06-14 17:00:00+00:00,1.25e-05,-0.0003959383
2026-06-14 18:00:00+00:00,3.8956e-06,-0.0004688349
2026-06-14 19:00:00+00:00,1.25e-05,-0.0003975991
2026-06-14 20:00:00+00:00,1.25e-05,-0.0003341754
2026-06-14 21:00:00+00:00,1.25e-05,-0.0003299538
2026-06-14 22:00:00+00:00,1.25e-05,-0.0003240459
2026-06-14 23:00:00+00:00,1.25e-05,-0.0003281499
2026-06-15 00:00:00+00:00,1.25e-05,-0.0003315824
2026-06-15 01:00:00+00:00,8.8257e-06,-0.0004293942
2026-06-15 02:00:00+00:00,1.25e-05,-0.0003684564
2026-06-15 03:00:00+00:00,1.25e-05,-0.000328572
2026-06-15 04:00:00+00:00,1.25e-05,-0.0003332237
2026-06-15 05:00:00+00:00,8.218e-06,-0.000434256
2026-06-15 06:00:00+00:00,1.25e-05,-0.0003623876
2026-06-15 07:00:00+00:00,1.25e-05,-0.0002711252
2026-06-15 08:00:00+00:00,1.25e-05,-0.000255531
2026-06-15 09:00:00+00:00,1.25e-05,-0.0003142987
2026-06-15 10:00:00+00:00,1.25e-05,-0.0003546899
2026-06-15 11:00:00+00:00,1.25e-05,-0.0003152694
2026-06-15 12:00:00+00:00,1.25e-05,-0.0002203507
2026-06-15 13:00:00+00:00,1.25e-05,-0.0003202879
2026-06-15 14:00:00+00:00,1.25e-05,-0.0003092188
2026-06-15 15:00:00+00:00,9.0404e-06,-0.0004276771
2026-06-15 16:00:00+00:00,8.274e-07,-0.000493381
2026-06-15 17:00:00+00:00,4.2773e-06,-0.0004657816
2026-06-15 18:00:00+00:00,7.4966e-06,-0.0004400268
2026-06-15 19:00:00+00:00,8.9755e-06,-0.0004281963
2026-06-15 20:00:00+00:00,-8.788e-07,-0.0005070308
2026-06-15 21:00:00+00:00,-4.623e-07,-0.0005036981
2026-06-15 22:00:00+00:00,-1.8889e-06,-0.0005151109
2026-06-15 23:00:00+00:00,1.4923e-06,-0.0004880618
2026-06-16 00:00:00+00:00,3.2685e-06,-0.0004738519
2026-06-16 01:00:00+00:00,4.9604e-06,-0.0004603164
2026-06-16 02:00:00+00:00,2.1925e-06,-0.0004824599
2026-06-16 03:00:00+00:00,-5.2574e-06,-0.0005420596
2026-06-16 04:00:00+00:00,-4.813e-07,-0.0005038502
2026-06-16 05:00:00+00:00,1.1295e-06,-0.0004909644
2026-06-16 06:00:00+00:00,5.4219e-06,-0.0004566244
2026-06-16 07:00:00+00:00,7.1253e-06,-0.0004429974
2026-06-16 08:00:00+00:00,1.0194e-06,-0.0004918447
2026-06-16 09:00:00+00:00,9.2768e-06,-0.0004257856
2026-06-16 10:00:00+00:00,1.25e-05,-0.0003982741
2026-06-16 11:00:00+00:00,1.19506e-05,-0.0004043954
2026-06-16 12:00:00+00:00,5.8353e-06,-0.0004533174
2026-06-16 13:00:00+00:00,8.488e-06,-0.0004320961
2026-06-16 14:00:00+00:00,9.7068e-06,-0.0004223456
2026-06-16 15:00:00+00:00,5.8367e-06,-0.0004533063
2026-06-16 16:00:00+00:00,1.12649e-05,-0.0004098809
2026-06-16 17:00:00+00:00,1.25e-05,-0.0003788229
2026-06-16 18:00:00+00:00,1.25e-05,-0.0003363201
2026-06-16 19:00:00+00:00,1.25e-05,-0.0002816575
2026-06-16 20:00:00+00:00,1.25e-05,-0.0002957144
2026-06-16 21:00:00+00:00,1.25e-05,-0.0003169186
2026-06-16 22:00:00+00:00,9.5402e-06,-0.0004236781
2026-06-16 23:00:00+00:00,7.4201e-06,-0.0004406394
2026-06-17 00:00:00+00:00,3.4362e-06,-0.0004725104
2026-06-17 01:00:00+00:00,2.0765e-06,-0.0004833878
2026-06-17 02:00:00+00:00,7.0322e-06,-0.0004437424
2026-06-17 03:00:00+00:00,1.19105e-05,-0.0004047157
2026-06-17 04:00:00+00:00,1.23187e-05,-0.0004014506
2026-06-17 05:00:00+00:00,4.1932e-06,-0.0004664541
2026-06-17 06:00:00+00:00,1.07216e-05,-0.0004142268
2026-06-17 07:00:00+00:00,1.10799e-05,-0.0004113604
2026-06-17 08:00:00+00:00,7.2381e-06,-0.0004420954
2026-06-17 09:00:00+00:00,3.0446e-06,-0.0004756429
2026-06-17 10:00:00+00:00,1.25e-05,-0.0003656317
2026-06-17 11:00:00+00:00,1.25e-05,-0.0003293685
2026-06-17 12:00:00+00:00,1.25e-05,-0.0002443661
2026-06-17 13:00:00+00:00,1.25e-05,-0.0002187298
2026-06-17 14:00:00+00:00,1.25e-05,-0.0002336045
2026-06-17 15:00:00+00:00,1.25e-05,-0.0002434096
2026-06-17 16:00:00+00:00,1.25e-05,-0.0002405404
2026-06-17 17:00:00+00:00,1.25e-05,-0.0003525472
2026-06-17 18:00:00+00:00,2.5294e-06,-0.0004797645
2026-06-17 19:00:00+00:00,3.4643e-06,-0.0004722857
2026-06-17 20:00:00+00:00,3.91e-06,-0.0004687197
2026-06-17 21:00:00+00:00,2.2663e-06,-0.00048187
2026-06-17 22:00:00+00:00,-9.735e-07,-0.0005077882
2026-06-17 23:00:00+00:00,-2.5724e-06,-0.0005205794
2026-06-18 00:00:00+00:00,-3.8917e-06,-0.0005311334
2026-06-18 01:00:00+00:00,-8.725e-07,-0.0005069803
2026-06-18 02:00:00+00:00,-4.668e-06,-0.0005373436
2026-06-18 03:00:00+00:00,-9.5807e-06,-0.0005766453
2026-06-18 04:00:00+00:00,-1.40099e-05,-0.0006120793
2026-06-18 05:00:00+00:00,-1.21716e-05,-0.0005973728
2026-06-18 06:00:00+00:00,2.6909e-06,-0.0004784725
2026-06-18 07:00:00+00:00,4.2691e-06,-0.0004658471
2026-06-18 08:00:00+00:00,2.7816e-06,-0.0004777472
2026-06-18 09:00:00+00:00,-1.5194e-06,-0.0005121552
2026-06-18 10:00:00+00:00,-4.0985e-06,-0.0005327878
2026-06-18 11:00:00+00:00,3.2256e-06,-0.0004741952
2026-06-18 12:00:00+00:00,7.1706e-06,-0.0004426355
2026-06-18 13:00:00+00:00,1.25e-05,-0.0003749131
2026-06-18 14:00:00+00:00,-4.1974e-06,-0.0005335793
2026-06-18 15:00:00+00:00,-1.32848e-05,-0.0006062781
2026-06-18 16:00:00+00:00,-1.70324e-05,-0.0006362591
2026-06-18 17:00:00+00:00,7.106e-06,-0.0004431518
2026-06-18 18:00:00+00:00,8.7879e-06,-0.0004296965
2026-06-18 19:00:00+00:00,1.25e-05,-0.0003921149
2026-06-18 20:00:00+00:00,4.9308e-06,-0.0004605538
2026-06-18 21:00:00+00:00,1.25e-05,-0.0002855866
2026-06-18 22:00:00+00:00,1.25e-05,-0.0002841521
2026-06-18 23:00:00+00:00,1.25e-05,-0.0003779488
2026-06-19 00:00:00+00:00,3.4673e-06,-0.0004722614
2026-06-19 01:00:00+00:00,1.25e-05,-0.0003883433
2026-06-19 02:00:00+00:00,1.20219e-05,-0.0004038246
2026-06-19 03:00:00+00:00,8.3981e-06,-0.0004328153
2026-06-19 04:00:00+00:00,1.25e-05,-0.0003980493
2026-06-19 05:00:00+00:00,1.25e-05,-0.0003523351
2026-06-19 06:00:00+00:00,1.25e-05,-0.000355469
2026-06-19 07:00:00+00:00,1.25e-05,-0.0003678285
2026-06-19 08:00:00+00:00,7.0614e-06,-0.000443509
2026-06-19 09:00:00+00:00,7.0452e-06,-0.0004436385
2026-06-19 10:00:00+00:00,4.6183e-06,-0.0004630539
2026-06-19 11:00:00+00:00,1.17046e-05,-0.0004063634
2026-06-19 12:00:00+00:00,1.14699e-05,-0.0004082404
2026-06-19 13:00:00+00:00,8.9368e-06,-0.0004285056
2026-06-19 14:00:00+00:00,1.11506e-05,-0.0004107955
2026-06-19 15:00:00+00:00,1.25e-05,-0.0003989371
2026-06-19 16:00:00+00:00,1.25e-05,-0.0003784746
2026-06-19 17:00:00+00:00,1.25e-05,-0.0003590411
2026-06-19 18:00:00+00:00,9.4328e-06,-0.0004245379
2026-06-19 19:00:00+00:00,1.25e-05,-0.0003795167
2026-06-19 20:00:00+00:00,1.25e-05,-0.0003795718
2026-06-19 21:00:00+00:00,1.25e-05,-0.0003938337
2026-06-19 22:00:00+00:00,1.25e-05,-0.0003367771
2026-06-19 23:00:00+00:00,1.25e-05,-0.0003357755
2026-06-20 00:00:00+00:00,1.25e-05,-0.0003795462
2026-06-20 01:00:00+00:00,1.2219e-05,-0.000402248
2026-06-20 02:00:00+00:00,9.2121e-06,-0.0004263031
2026-06-20 03:00:00+00:00,4.4195e-06,-0.0004646444
2026-06-20 04:00:00+00:00,4.5835e-06,-0.0004633322
2026-06-20 05:00:00+00:00,1.25e-05,-0.0003930244
2026-06-20 06:00:00+00:00,1.25e-05,-0.0003971081
2026-06-20 07:00:00+00:00,1.25e-05,-0.000371117
2026-06-20 08:00:00+00:00,1.25e-05,-0.0003900918
2026-06-20 09:00:00+00:00,1.4874e-06,-0.0004881011
2026-06-20 10:00:00+00:00,9.3989e-06,-0.0004248088
2026-06-20 11:00:00+00:00,6.4863e-06,-0.0004481095
2026-06-20 12:00:00+00:00,1.07853e-05,-0.0004137178
2026-06-20 13:00:00+00:00,3.8266e-06,-0.0004693875
2026-06-20 14:00:00+00:00,3.9752e-06,-0.0004681986
2026-06-20 15:00:00+00:00,1.21083e-05,-0.0004031332
2026-06-20 16:00:00+00:00,1.25e-05,-0.0003672834
2026-06-20 17:00:00+00:00,5.9951e-06,-0.0004520389
2026-06-20 18:00:00+00:00,3.8863e-06,-0.0004689096
2026-06-20 19:00:00+00:00,1.7967e-06,-0.0004856262
2026-06-20 20:00:00+00:00,7.6944e-06,-0.0004384448
2026-06-20 21:00:00+00:00,9.0437e-06,-0.0004276505
2026-06-20 22:00:00+00:00,1.25e-05,-0.0003974791
2026-06-20 23:00:00+00:00,1.25e-05,-0.0003603127
2026-06-21 00:00:00+00:00,1.25e-05,-0.0003760019
2026-06-21 01:00:00+00:00,1.25e-05,-0.0003667158
2026-06-21 02:00:00+00:00,1.25e-05,-0.0003687929
2026-06-21 03:00:00+00:00,1.25e-05,-0.0003942573
2026-06-21 04:00:00+00:00,1.09303e-05,-0.0004125573
2026-06-21 05:00:00+00:00,1.00536e-05,-0.0004195713
2026-06-21 06:00:00+00:00,-5.7e-09,-0.0005000459
2026-06-21 07:00:00+00:00,2.6072e-06,-0.0004791423
2026-06-21 08:00:00+00:00,-2.7056e-06,-0.0005216449
2026-06-21 09:00:00+00:00,-6.2019e-06,-0.0005496155
2026-06-21 10:00:00+00:00,8.7119e-06,-0.0004303046
2026-06-21 11:00:00+00:00,5.2761e-06,-0.0004577909
2026-06-21 12:00:00+00:00,-4.7459e-06,-0.0005379671
2026-06-21 13:00:00+00:00,-1.31008e-05,-0.0006048062
2026-06-21 14:00:00+00:00,-1.13397e-05,-0.0005907179
2026-06-21 15:00:00+00:00,-8.0165e-06,-0.0005641319
2026-06-21 16:00:00+00:00,-2.4511e-06,-0.000519609
2026-06-21 17:00:00+00:00,-5.4436e-06,-0.0005435491
2026-06-21 18:00:00+00:00,-3.7171e-06,-0.0005297368
2026-06-21 19:00:00+00:00,-3.2544e-06,-0.0005260356
2026-06-21 20:00:00+00:00,-5.2568e-06,-0.0005420541
2026-06-21 21:00:00+00:00,-5.8244e-06,-0.0005465953
2026-06-21 22:00:00+00:00,-1.66529e-05,-0.0006332231
2026-06-21 23:00:00+00:00,-5.2208e-06,-0.0005417663
2026-06-22 00:00:00+00:00,-6.1048e-06,-0.0005488382
2026-06-22 01:00:00+00:00,-4.2085e-06,-0.000533668
2026-06-22 02:00:00+00:00,1.112e-06,-0.0004911043
2026-06-22 03:00:00+00:00,1.625e-07,-0.0004986998
2026-06-22 04:00:00+00:00,-4.032e-07,-0.0005032259
2026-06-22 05:00:00+00:00,1.5422e-06,-0.0004876623
2026-06-22 06:00:00+00:00,2.1272e-06,-0.0004829824
2026-06-22 07:00:00+00:00,1.7466e-06,-0.0004860275
2026-06-22 08:00:00+00:00,7.2571e-06,-0.0004419431
2026-06-22 09:00:00+00:00,9.7535e-06,-0.0004219719
2026-06-22 10:00:00+00:00,1.03105e-05,-0.0004175158
2026-06-22 11:00:00+00:00,8.8485e-06,-0.0004292122
2026-06-22 12:00:00+00:00,1.25e-05,-0.000350843
2026-06-22 13:00:00+00:00,1.01211e-05,-0.0004190313
2026-06-22 14:00:00+00:00,2.0572e-06,-0.0004835421
2026-06-22 15:00:00+00:00,2.285e-07,-0.0004981717
2026-06-22 16:00:00+00:00,7.2038e-06,-0.0004423699
2026-06-22 17:00:00+00:00,1.25e-05,-0.0003661369
2026-06-22 18:00:00+00:00,1.25e-05,-0.0002762736
2026-06-22 19:00:00+00:00,1.25e-05,-0.0002705008
2026-06-22 20:00:00+00:00,1.25e-05,-0.0001732809
2026-06-22 21:00:00+00:00,1.25e-05,-0.0002842641
2026-06-22 22:00:00+00:00,1.25e-05,-0.0002807207
2026-06-22 23:00:00+00:00,1.25e-05,-0.0002676744
2026-06-23 00:00:00+00:00,1.25e-05,-0.0002235336
2026-06-23 01:00:00+00:00,1.25e-05,-0.000198914
2026-06-23 02:00:00+00:00,1.25e-05,-0.0003001544
2026-06-23 03:00:00+00:00,8.7723e-06,-0.0004298216
2026-06-23 04:00:00+00:00,5.0152e-06,-0.0004598786
2026-06-23 05:00:00+00:00,5.1996e-06,-0.0004584029
2026-06-23 06:00:00+00:00,9.8166e-06,-0.0004214671
2026-06-23 07:00:00+00:00,9.15e-08,-0.0004992683
2026-06-23 08:00:00+00:00,-4.5402e-06,-0.0005363218
2026-06-23 09:00:00+00:00,-9.0926e-06,-0.0005727404
2026-06-23 10:00:00+00:00,-8.6932e-06,-0.0005695458
2026-06-23 11:00:00+00:00,-5.8728e-06,-0.0005469821
2026-06-23 12:00:00+00:00,5.3496e-06,-0.0004572031
2026-06-23 13:00:00+00:00,8.6098e-06,-0.0004311215
2026-06-23 14:00:00+00:00,9.2052e-06,-0.000426358
2026-06-23 15:00:00+00:00,7.5091e-06,-0.0004399271
2026-06-23 16:00:00+00:00,3.1741e-06,-0.0004746072
2026-06-23 17:00:00+00:00,1.22657e-05,-0.0004018746
2026-06-23 18:00:00+00:00,1.12356e-05,-0.000410115
2026-06-23 19:00:00+00:00,9.086e-06,-0.0004273121
2026-06-23 20:00:00+00:00,1.25e-05,-0.0003873356
2026-06-23 21:00:00+00:00,1.25e-05,-0.0003963117
2026-06-23 22:00:00+00:00,1.15542e-05,-0.0004075664
2026-06-23 23:00:00+00:00,1.07788e-05,-0.0004137693
2026-06-24 00:00:00+00:00,1.25e-05,-0.0003981658
2026-06-24 01:00:00+00:00,1.25e-05,-0.0003503893
2026-06-24 02:00:00+00:00,1.25e-05,-0.000371631
2026-06-24 03:00:00+00:00,9.8136e-06,-0.0004214915
2026-06-24 04:00:00+00:00,1.25e-05,-0.0003384085
2026-06-24 05:00:00+00:00,1.25e-05,-0.000282033
2026-06-24 06:00:00+00:00,1.25e-05,-0.0003185731
2026-06-24 07:00:00+00:00,4.6544e-06,-0.0004627645
2026-06-24 08:00:00+00:00,-2.7601e-06,-0.0005220805
2026-06-24 09:00:00+00:00,6.9275e-06,-0.0004445798
2026-06-24 10:00:00+00:00,9.8227e-06,-0.0004214185
2026-06-24 11:00:00+00:00,6.7893e-06,-0.0004456855
2026-06-24 12:00:00+00:00,5.1607e-06,-0.0004587143
2026-06-24 13:00:00+00:00,4.421e-07,-0.0004964636
2026-06-24 14:00:00+00:00,-4.1508e-06,-0.0005332067
2026-06-24 15:00:00+00:00,4.2983e-06,-0.0004656132
2026-06-24 16:00:00+00:00,-2.2568e-06,-0.0005180541
2026-06-24 17:00:00+00:00,4.5381e-06,-0.000463695
2026-06-24 18:00:00+00:00,-7.0317e-06,-0.0005562537
2026-06-24 19:00:00+00:00,8.821e-07,-0.0004929434
2026-06-24 20:00:00+00:00,5.3178e-06,-0.0004574577
2026-06-24 21:00:00+00:00,5.3486e-06,-0.0004572114
2026-06-24 22:00:00+00:00,3.8264e-06,-0.0004693886
2026-06-24 23:00:00+00:00,-2.28e-06,-0.0005182402
2026-06-25 00:00:00+00:00,-2.964e-07,-0.0005023714
2026-06-25 01:00:00+00:00,1.4929e-06,-0.0004880567
2026-06-25 02:00:00+00:00,-9.215e-07,-0.0005073721
2026-06-25 03:00:00+00:00,-5.1557e-06,-0.0005412455
2026-06-25 04:00:00+00:00,-8.506e-06,-0.0005680482
2026-06-25 05:00:00+00:00,3.7713e-06,-0.0004698293
2026-06-25 06:00:00+00:00,2.16e-06,-0.0004827203
2026-06-25 07:00:00+00:00,1.2884e-06,-0.000489693
2026-06-25 08:00:00+00:00,-6.489e-07,-0.0005051912
2026-06-25 09:00:00+00:00,-7.7055e-06,-0.0005616438
2026-06-25 10:00:00+00:00,-4.107e-06,-0.0005328563
2026-06-25 11:00:00+00:00,-5.146e-06,-0.000541168
2026-06-25 12:00:00+00:00,-4.4893e-06,-0.0005359142
2026-06-25 13:00:00+00:00,-2.1264e-06,-0.0005170114
2026-06-25 14:00:00+00:00,-1.42952e-05,-0.0006143617
2026-06-25 15:00:00+00:00,-1.97415e-05,-0.0006579324
2026-06-25 16:00:00+00:00,-4.7767e-06,-0.0005382137
2026-06-25 17:00:00+00:00,-5.3158e-06,-0.0005425264
2026-06-25 18:00:00+00:00,-2.6261e-06,-0.0005210089
2026-06-25 19:00:00+00:00,1.5991e-06,-0.0004872075
2026-06-25 20:00:00+00:00,-4.2613e-06,-0.0005340907
2026-06-25 21:00:00+00:00,-8.174e-07,-0.0005065393
2026-06-25 22:00:00+00:00,1.3853e-06,-0.0004889172
2026-06-25 23:00:00+00:00,-7.3666e-06,-0.0005589325
2026-06-26 00:00:00+00:00,-3.331e-06,-0.0005266484
2026-06-26 01:00:00+00:00,-7.0816e-06,-0.000556653
2026-06-26 02:00:00+00:00,-1.1692e-05,-0.0005935364
2026-06-26 03:00:00+00:00,-1.53865e-05,-0.0006230916
2026-06-26 04:00:00+00:00,1.693e-07,-0.0004986459
2026-06-26 05:00:00+00:00,1.09522e-05,-0.0004123824
2026-06-26 06:00:00+00:00,4.8834e-06,-0.000460933
2026-06-26 07:00:00+00:00,-6.5597e-06,-0.0005524777
2026-06-26 08:00:00+00:00,-5.9278e-06,-0.0005474227
2026-06-26 09:00:00+00:00,-1.26616e-05,-0.0006012924
2026-06-26 10:00:00+00:00,-8.0603e-06,-0.0005644823
2026-06-26 11:00:00+00:00,1.25e-08,-0.0004998996
2026-06-26 12:00:00+00:00,2.7049e-06,-0.0004783608
2026-06-26 13:00:00+00:00,4.6336e-06,-0.0004629313
2026-06-26 14:00:00+00:00,-1.9509e-06,-0.0005156068
2026-06-26 15:00:00+00:00,1.303e-07,-0.0004989573
2026-06-26 16:00:00+00:00,2.5329e-06,-0.0004797367
2026-06-26 17:00:00+00:00,-2.9854e-06,-0.0005238834
2026-06-26 18:00:00+00:00,-3.616e-06,-0.0005289282
2026-06-26 19:00:00+00:00,-7.8836e-06,-0.0005630689
2026-06-26 20:00:00+00:00,-9.643e-07,-0.0005077143
2026-06-26 21:00:00+00:00,-1.721e-07,-0.0005013767
2026-06-26 22:00:00+00:00,4.4487e-06,-0.0004644107
2026-06-26 23:00:00+00:00,-1.4599e-06,-0.0005116789
2026-06-27 00:00:00+00:00,1.7298e-06,-0.0004861612
2026-06-27 01:00:00+00:00,-2.5728e-06,-0.0005205827
2026-06-27 02:00:00+00:00,-7.2372e-06,-0.0005578978
2026-06-27 03:00:00+00:00,7.0285e-06,-0.0004437718
2026-06-27 04:00:00+00:00,7.318e-06,-0.0004414559
2026-06-27 05:00:00+00:00,5.2405e-06,-0.0004580764
2026-06-27 06:00:00+00:00,-4.916e-07,-0.0005039329
2026-06-27 07:00:00+00:00,-1.6603e-06,-0.0005132826
2026-06-27 08:00:00+00:00,4.2032e-06,-0.0004663742
2026-06-27 09:00:00+00:00,-5.609e-07,-0.0005044872
2026-06-27 10:00:00+00:00,-4.085e-07,-0.000503268
2026-06-27 11:00:00+00:00,7.014e-07,-0.0004943885
2026-06-27 12:00:00+00:00,-1.3297e-06,-0.0005106375
2026-06-27 13:00:00+00:00,-4.7106e-06,-0.000537685
2026-06-27 14:00:00+00:00,1.0422e-06,-0.0004916625
2026-06-27 15:00:00+00:00,6.7297e-06,-0.0004461621
2026-06-27 16:00:00+00:00,1.01735e-05,-0.0004186121
2026-06-27 17:00:00+00:00,1.2155e-05,-0.0004027599
2026-06-27 18:00:00+00:00,1.07849e-05,-0.0004137208
2026-06-27 19:00:00+00:00,6.8748e-06,-0.0004450015
2026-06-27 20:00:00+00:00,4.437e-06,-0.0004645042
2026-06-27 21:00:00+00:00,4.0869e-06,-0.000467305
2026-06-27 22:00:00+00:00,3.6289e-06,-0.0004709689
2026-06-27 23:00:00+00:00,-1.2937e-06,-0.0005103494
2026-06-28 00:00:00+00:00,-9.1266e-06,-0.0005730128
2026-06-28 01:00:00+00:00,-5.9325e-06,-0.00054746
2026-06-28 02:00:00+00:00,3.2832e-06,-0.0004737344
2026-06-28 03:00:00+00:00,1.2853e-06,-0.0004897175
2026-06-28 04:00:00+00:00,4.3666e-06,-0.0004650669
2026-06-28 05:00:00+00:00,4.9955e-06,-0.0004600362
2026-06-28 06:00:00+00:00,1.6996e-06,-0.0004864032
2026-06-28 07:00:00+00:00,1.12891e-05,-0.0004096872
2026-06-28 08:00:00+00:00,1.19922e-05,-0.0004040624
2026-06-28 09:00:00+00:00,-1.7174e-06,-0.000513739
2026-06-28 10:00:00+00:00,-5.101e-07,-0.0005040805
2026-06-28 11:00:00+00:00,-6.7876e-06,-0.0005543008
2026-06-28 12:00:00+00:00,6.5001e-06,-0.0004479989
2026-06-28 13:00:00+00:00,7.575e-06,-0.0004394
2026-06-28 14:00:00+00:00,4.816e-07,-0.0004961473
2026-06-28 15:00:00+00:00,-4.776e-07,-0.0005038204
2026-06-28 16:00:00+00:00,-2.9793e-06,-0.0005238344
2026-06-28 17:00:00+00:00,-5.3064e-06,-0.0005424512
2026-06-28 18:00:00+00:00,3.2652e-06,-0.000473878
2026-06-28 19:00:00+00:00,7.2002e-06,-0.0004423986
2026-06-28 20:00:00+00:00,7.19e-07,-0.0004942482
2026-06-28 21:00:00+00:00,3.3935e-06,-0.000472852
2026-06-28 22:00:00+00:00,5.9963e-06,-0.0004520296
2026-06-28 23:00:00+00:00,2.8958e-06,-0.0004768333
2026-06-29 00:00:00+00:00,8.8272e-06,-0.0004293823
2026-06-29 01:00:00+00:00,2.0291e-06,-0.000483767
2026-06-29 02:00:00+00:00,4.7173e-06,-0.0004622617
2026-06-29 03:00:00+00:00,2.9224e-06,-0.0004766204
2026-06-29 04:00:00+00:00,2.708e-06,-0.0004783362
2026-06-29 05:00:00+00:00,2.937e-07,-0.0004976503
2026-06-29 06:00:00+00:00,5.5019e-06,-0.000455985
2026-06-29 07:00:00+00:00,2.8439e-06,-0.0004772487
2026-06-29 08:00:00+00:00,5.7967e-06,-0.0004536263
2026-06-29 09:00:00+00:00,5.8906e-06,-0.0004528751
2026-06-29 10:00:00+00:00,9.1666e-06,-0.000426667
2026-06-29 11:00:00+00:00,4.3036e-06,-0.0004655715
2026-06-29 12:00:00+00:00,4.8464e-06,-0.0004612287
2026-06-29 13:00:00+00:00,8.3323e-06,-0.0004333417
2026-06-29 14:00:00+00:00,6.1273e-06,-0.0004509819
2026-06-29 15:00:00+00:00,1.25e-05,-0.0003741231
2026-06-29 16:00:00+00:00,8.9288e-06,-0.0004285693
2026-06-29 17:00:00+00:00,1.8169e-06,-0.0004854648
2026-06-29 18:00:00+00:00,2.0836e-06,-0.0004833316
2026-06-29 19:00:00+00:00,8.1235e-06,-0.0004350122
2026-06-29 20:00:00+00:00,1.11065e-05,-0.0004111477
2026-06-29 21:00:00+00:00,3.6097e-06,-0.0004711226
2026-06-29 22:00:00+00:00,1.0217e-05,-0.000418264
2026-06-29 23:00:00+00:00,7.4115e-06,-0.0004407081
2026-06-30 00:00:00+00:00,2.8767e-06,-0.0004769863
2026-06-30 01:00:00+00:00,7.7651e-06,-0.0004378791
2026-06-30 02:00:00+00:00,9.0354e-06,-0.000427717
2026-06-30 03:00:00+00:00,5.0884e-06,-0.0004592927
2026-06-30 04:00:00+00:00,-4.87e-06,-0.0005389601
2026-06-30 05:00:00+00:00,4.5111e-06,-0.0004639112
2026-06-30 06:00:00+00:00,1.25e-05,-0.0003697619
2026-06-30 07:00:00+00:00,1.25e-05,-0.0003906905
2026-06-30 08:00:00+00:00,1.25e-05,-0.0003716028
2026-06-30 09:00:00+00:00,1.23847e-05,-0.0004009225
2026-06-30 10:00:00+00:00,1.25e-05,-0.0003940519
2026-06-30 11:00:00+00:00,1.25e-05,-0.0003991346
2026-06-30 12:00:00+00:00,1.07344e-05,-0.0004141246
2026-06-30 13:00:00+00:00,-1.493e-07,-0.0005011941
2026-06-30 14:00:00+00:00,6.2665e-06,-0.0004498676
2026-06-30 15:00:00+00:00,1.25e-05,-0.0002491152
2026-06-30 16:00:00+00:00,1.21714e-05,-0.0004026292
2026-06-30 17:00:00+00:00,1.13399e-05,-0.0004092806
2026-06-30 18:00:00+00:00,1.25e-05,-0.0003692358
2026-06-30 19:00:00+00:00,1.25e-05,-0.0003414227
2026-06-30 20:00:00+00:00,1.15754e-05,-0.0004073966
2026-06-30 21:00:00+00:00,1.4058e-06,-0.0004887535
2026-06-30 22:00:00+00:00,1.7818e-06,-0.0004857454
2026-06-30 23:00:00+00:00,6.8525e-06,-0.00044518
2026-07-01 00:00:00+00:00,6.0184e-06,-0.0004518524
2026-07-01 01:00:00+00:00,1.3738e-06,-0.00048901
2026-07-01 02:00:00+00:00,-5.1677e-06,-0.0005413418
2026-07-01 03:00:00+00:00,2.722e-06,-0.0004782242
2026-07-01 04:00:00+00:00,3.9802e-06,-0.0004681583
2026-07-01 05:00:00+00:00,1.17586e-05,-0.0004059315
2026-07-01 06:00:00+00:00,-5.252e-07,-0.0005042017
2026-07-01 07:00:00+00:00,1.6575e-06,-0.0004867397
2026-07-01 08:00:00+00:00,6.4315e-06,-0.000448548
2026-07-01 09:00:00+00:00,1.20266e-05,-0.0004037874
2026-07-01 10:00:00+00:00,1.25e-05,-0.0003905398
2026-07-01 11:00:00+00:00,4.8544e-06,-0.0004611648
2026-07-01 12:00:00+00:00,1.10907e-05,-0.0004112747
2026-07-01 13:00:00+00:00,4.8489e-06,-0.0004612088
2026-07-01 14:00:00+00:00,9.9104e-06,-0.0004207168
2026-07-01 15:00:00+00:00,1.3904e-06,-0.0004888766
2026-07-01 16:00:00+00:00,1.25e-05,-0.0002680512
2026-07-01 17:00:00+00:00,1.25e-05,-0.0002867348
2026-07-01 18:00:00+00:00,1.25e-05,-0.0002797949
2026-07-01 19:00:00+00:00,1.25e-05,-0.0003042825
2026-07-01 20:00:00+00:00,1.25e-05,-0.0002881851
2026-07-01 21:00:00+00:00,1.25e-05,-0.0003153204
2026-07-01 22:00:00+00:00,1.25e-05,-0.000145306
2026-07-01 23:00:00+00:00,1.25e-05,-0.0001534236
2026-07-02 00:00:00+00:00,1.25e-05,-0.0001911913
2026-07-02 01:00:00+00:00,1.25e-05,-0.0003374057
2026-07-02 02:00:00+00:00,1.25e-05,-0.0002011011
2026-07-02 03:00:00+00:00,1.25e-05,-0.000225498
2026-07-02 04:00:00+00:00,1.25e-05,-0.0001181469
2026-07-02 05:00:00+00:00,1.25e-05,-3.6829e-06
2026-07-02 06:00:00+00:00,1.25e-05,-5.30389e-05
2026-07-02 07:00:00+00:00,1.25e-05,-0.0001648879
2026-07-02 08:00:00+00:00,1.25e-05,-7.05682e-05
2026-07-02 09:00:00+00:00,1.25e-05,3.05399e-05
2026-07-02 10:00:00+00:00,1.25e-05,2.3426e-05
2026-07-02 11:00:00+00:00,1.25e-05,-3.26653e-05
2026-07-02 12:00:00+00:00,1.25e-05,-2.4594e-06
2026-07-02 13:00:00+00:00,1.25e-05,-8.6555e-06
2026-07-02 14:00:00+00:00,1.25e-05,-5.31265e-05
2026-07-02 15:00:00+00:00,1.25e-05,-0.0001772559
2026-07-02 16:00:00+00:00,1.25e-05,-0.0002252889
2026-07-02 17:00:00+00:00,1.25e-05,-0.0001377862
2026-07-02 18:00:00+00:00,1.25e-05,9.2102e-05
2026-07-02 19:00:00+00:00,1.25e-05,1.42151e-05
2026-07-02 20:00:00+00:00,1.25e-05,-3.2771e-05
2026-07-02 21:00:00+00:00,1.25e-05,0.0001388673
2026-07-02 22:00:00+00:00,1.25e-05,0.0002945248
2026-07-02 23:00:00+00:00,1.25e-05,0.0001994644
2026-07-03 00:00:00+00:00,1.25e-05,0.0002755152
2026-07-03 01:00:00+00:00,1.25e-05,0.0003036607
2026-07-03 02:00:00+00:00,1.25e-05,0.0004572923
2026-07-03 03:00:00+00:00,1.25e-05,0.0003541624
2026-07-03 04:00:00+00:00,1.25e-05,0.0003659296
2026-07-03 05:00:00+00:00,1.25e-05,0.0003090625
2026-07-03 06:00:00+00:00,1.25e-05,0.0004485153
2026-07-03 07:00:00+00:00,1.25e-05,0.000489048
2026-07-03 08:00:00+00:00,1.89181e-05,0.0006513451
2026-07-03 09:00:00+00:00,1.25e-05,0.0004691144
2026-07-03 10:00:00+00:00,1.25e-05,0.0003756332
2026-07-03 11:00:00+00:00,1.25e-05,0.0003647097
2026-07-03 12:00:00+00:00,1.25e-05,0.0003442143
2026-07-03 13:00:00+00:00,1.25e-05,0.0002357899
2026-07-03 14:00:00+00:00,1.25e-05,0.000208794
2026-07-03 15:00:00+00:00,1.25e-05,0.000111371
2026-07-03 16:00:00+00:00,1.25e-05,0.0001363604
2026-07-03 17:00:00+00:00,1.25e-05,8.74222e-05
2026-07-03 18:00:00+00:00,1.25e-05,9.6692e-05
2026-07-03 19:00:00+00:00,1.25e-05,5.32093e-05
2026-07-03 20:00:00+00:00,1.25e-05,6.3266e-06
2026-07-03 21:00:00+00:00,1.25e-05,-2.22206e-05
2026-07-03 22:00:00+00:00,1.25e-05,-1.95904e-05
2026-07-03 23:00:00+00:00,1.25e-05,-0.0001744108
2026-07-04 00:00:00+00:00,1.25e-05,-0.000237217
2026-07-04 01:00:00+00:00,1.25e-05,-0.0001090804
2026-07-04 02:00:00+00:00,1.25e-05,-0.0002007602
2026-07-04 03:00:00+00:00,1.25e-05,-0.000172057
2026-07-04 04:00:00+00:00,1.25e-05,-0.0001808033
2026-07-04 05:00:00+00:00,1.25e-05,-0.0001290704
2026-07-04 06:00:00+00:00,1.25e-05,-9.39023e-05
2026-07-04 07:00:00+00:00,1.25e-05,-0.0001341831
2026-07-04 08:00:00+00:00,1.25e-05,-0.0001227641
2026-07-04 09:00:00+00:00,1.25e-05,-0.0001439464
2026-07-04 10:00:00+00:00,1.25e-05,-0.0001587698
2026-07-04 11:00:00+00:00,1.25e-05,-0.000181812
2026-07-04 12:00:00+00:00,1.25e-05,-0.0001773584
2026-07-04 13:00:00+00:00,1.25e-05,-0.0001964982
2026-07-04 14:00:00+00:00,1.25e-05,-0.0001801784
2026-07-04 15:00:00+00:00,1.25e-05,-0.0001661695
2026-07-04 16:00:00+00:00,1.25e-05,-0.0001574555
2026-07-04 17:00:00+00:00,1.25e-05,-0.0002003234
2026-07-04 18:00:00+00:00,1.25e-05,-5.14663e-05
2026-07-04 19:00:00+00:00,1.25e-05,-0.000178036
2026-07-04 20:00:00+00:00,1.25e-05,-6.16627e-05
2026-07-04 21:00:00+00:00,1.25e-05,-0.0001364339
2026-07-04 22:00:00+00:00,1.25e-05,-3.46595e-05
2026-07-04 23:00:00+00:00,1.25e-05,-0.0001160657
2026-07-05 00:00:00+00:00,1.25e-05,-8.5899e-05
2026-07-05 01:00:00+00:00,1.25e-05,-8.21769e-05
2026-07-05 02:00:00+00:00,1.25e-05,-8.03428e-05
2026-07-05 03:00:00+00:00,1.25e-05,-0.0001488545
2026-07-05 04:00:00+00:00,1.25e-05,-8.99701e-05
2026-07-05 05:00:00+00:00,1.25e-05,-1.894e-07
2026-07-05 06:00:00+00:00,1.25e-05,-0.0001537943
2026-07-05 07:00:00+00:00,1.25e-05,-0.000108138
2026-07-05 08:00:00+00:00,1.25e-05,-4.70442e-05
2026-07-05 09:00:00+00:00,1.25e-05,-5.26241e-05
2026-07-05 10:00:00+00:00,1.25e-05,-0.0001356764
2026-07-05 11:00:00+00:00,1.25e-05,-6.132e-07
2026-07-05 12:00:00+00:00,1.25e-05,-7.65281e-05
2026-07-05 13:00:00+00:00,1.25e-05,3.7431e-06
2026-07-05 14:00:00+00:00,1.25e-05,1.4645e-05
2026-07-05 15:00:00+00:00,1.25e-05,1.45065e-05
2026-07-05 16:00:00+00:00,1.25e-05,4.22685e-05
2026-07-05 17:00:00+00:00,1.25e-05,-8.1235e-05
2026-07-05 18:00:00+00:00,1.25e-05,-4.9158e-05
2026-07-05 19:00:00+00:00,1.25e-05,-4.1221e-05
2026-07-05 20:00:00+00:00,1.25e-05,-6.38869e-05
2026-07-05 21:00:00+00:00,1.25e-05,-0.0001239915
2026-07-05 22:00:00+00:00,1.25e-05,-1.60938e-05
2026-07-05 23:00:00+00:00,1.25e-05,1.99166e-05
2026-07-06 00:00:00+00:00,1.25e-05,-0.0001794702
2026-07-06 01:00:00+00:00,1.25e-05,-0.0001553664
2026-07-06 02:00:00+00:00,1.25e-05,-7.5583e-05
2026-07-06 03:00:00+00:00,1.25e-05,-8.59347e-05
2026-07-06 04:00:00+00:00,1.25e-05,-9.26989e-05
2026-07-06 05:00:00+00:00,1.25e-05,-8.69656e-05
2026-07-06 06:00:00+00:00,1.25e-05,-0.0001570838
2026-07-06 07:00:00+00:00,1.25e-05,-0.0001247027
2026-07-06 08:00:00+00:00,1.25e-05,2.75311e-05
2026-07-06 09:00:00+00:00,1.25e-05,1.6153e-05
2026-07-06 10:00:00+00:00,1.25e-05,-3.19589e-05
2026-07-06 11:00:00+00:00,1.25e-05,4.64085e-05
2026-07-06 12:00:00+00:00,1.25e-05,1.83366e-05
2026-07-06 13:00:00+00:00,1.25e-05,0.0001069923
2026-07-06 14:00:00+00:00,1.25e-05,0.0002195775
2026-07-06 15:00:00+00:00,1.25e-05,0.0001852679
2026-07-06 16:00:00+00:00,1.25e-05,1.62714e-05
2026-07-06 17:00:00+00:00,1.25e-05,4.62876e-05
2026-07-06 18:00:00+00:00,1.25e-05,-1.6478e-06
2026-07-06 19:00:00+00:00,1.25e-05,-2.36594e-05
2026-07-06 20:00:00+00:00,1.25e-05,1.52393e-05
2026-07-06 21:00:00+00:00,1.25e-05,-3.11043e-05
2026-07-06 22:00:00+00:00,1.25e-05,0.0001132391
2026-07-06 23:00:00+00:00,1.25e-05,0.0001723414
2026-07-07 00:00:00+00:00,1.25e-05,0.0001727353
2026-07-07 01:00:00+00:00,1.25e-05,0.0001599149
2026-07-07 02:00:00+00:00,1.25e-05,0.0001315965
2026-07-07 03:00:00+00:00,1.25e-05,6.5784e-05
2026-07-07 04:00:00+00:00,1.25e-05,3.62527e-05
2026-07-07 05:00:00+00:00,1.25e-05,8.04379e-05
2026-07-07 06:00:00+00:00,1.25e-05,0.0001321478
2026-07-07 07:00:00+00:00,1.25e-05,0.0002384826
2026-07-07 08:00:00+00:00,1.25e-05,0.0002648028
2026-07-07 09:00:00+00:00,1.25e-05,7.66954e-05
2026-07-07 10:00:00+00:00,1.25e-05,0.0001384043
2026-07-07 11:00:00+00:00,1.25e-05,0.0001741105
2026-07-07 12:00:00+00:00,1.25e-05,7.26536e-05
2026-07-07 13:00:00+00:00,1.25e-05,0.0001050228
2026-07-07 14:00:00+00:00,1.25e-05,5.3854e-06
2026-07-07 15:00:00+00:00,1.25e-05,9.7954e-05
2026-07-07 16:00:00+00:00,1.25e-05,3.86224e-05
2026-07-07 17:00:00+00:00,1.25e-05,5.14573e-05
2026-07-07 18:00:00+00:00,1.25e-05,4.93879e-05
2026-07-07 19:00:00+00:00,1.25e-05,5.16334e-05
2026-07-07 20:00:00+00:00,1.25e-05,5.44306e-05
2026-07-07 21:00:00+00:00,1.25e-05,-2.36085e-05
2026-07-07 22:00:00+00:00,1.25e-05,-7.60593e-05
2026-07-07 23:00:00+00:00,1.25e-05,-9.98548e-05
2026-07-08 00:00:00+00:00,1.25e-05,-2.03407e-05
2026-07-08 01:00:00+00:00,1.25e-05,-3.52223e-05
2026-07-08 02:00:00+00:00,1.25e-05,-0.0001258906
2026-07-08 03:00:00+00:00,1.25e-05,-0.000176233
2026-07-08 04:00:00+00:00,1.25e-05,-0.0001527324
2026-07-08 05:00:00+00:00,1.25e-05,-0.0001400185
2026-07-08 06:00:00+00:00,1.25e-05,-0.000219285
2026-07-08 07:00:00+00:00,1.25e-05,-0.0002318055
2026-07-08 08:00:00+00:00,1.25e-05,-0.0001392173
2026-07-08 09:00:00+00:00,1.25e-05,-0.0001306756
2026-07-08 10:00:00+00:00,1.25e-05,-0.0001337283
2026-07-08 11:00:00+00:00,1.25e-05,-8.36852e-05
2026-07-08 12:00:00+00:00,1.25e-05,-7.83623e-05
2026-07-08 13:00:00+00:00,1.25e-05,-3.24548e-05
2026-07-08 14:00:00+00:00,1.25e-05,-6.8791e-05
2026-07-08 15:00:00+00:00,1.25e-05,1.14038e-05
2026-07-08 16:00:00+00:00,1.25e-05,-7.9751e-05
2026-07-08 17:00:00+00:00,1.25e-05,-8.83776e-05
2026-07-08 18:00:00+00:00,1.25e-05,-0.0001083391
2026-07-08 19:00:00+00:00,1.25e-05,-0.0001160184
2026-07-08 20:00:00+00:00,1.25e-05,-0.0001173036
2026-07-08 21:00:00+00:00,1.25e-05,-0.000168289
2026-07-08 22:00:00+00:00,1.25e-05,-0.0001341189
2026-07-08 23:00:00+00:00,1.25e-05,-1.94419e-05
2026-07-09 00:00:00+00:00,1.25e-05,-8.943e-05
2026-07-09 01:00:00+00:00,1.25e-05,-0.0001825319
2026-07-09 02:00:00+00:00,1.25e-05,-0.0001689693
2026-07-09 03:00:00+00:00,1.25e-05,-0.0001991177
2026-07-09 04:00:00+00:00,1.25e-05,-0.0001329273
2026-07-09 05:00:00+00:00,1.25e-05,-6.27543e-05
2026-07-09 06:00:00+00:00,1.25e-05,-2.13266e-05
2026-07-09 07:00:00+00:00,1.25e-05,-3.56009e-05
2026-07-09 08:00:00+00:00,1.25e-05,-6.5061e-05
2026-07-09 09:00:00+00:00,1.25e-05,-1.5409e-06
2026-07-09 10:00:00+00:00,1.25e-05,-0.0001148631
2026-07-09 11:00:00+00:00,1.25e-05,-8.84089e-05
2026-07-09 12:00:00+00:00,1.25e-05,-0.00017376
2026-07-09 13:00:00+00:00,1.25e-05,-0.0001540162
2026-07-09 14:00:00+00:00,1.25e-05,-9.76853e-05
2026-07-09 15:00:00+00:00,1.25e-05,-4.30466e-05
2026-07-09 16:00:00+00:00,1.25e-05,-0.0001129182
2026-07-09 17:00:00+00:00,1.25e-05,-0.0002144861
2026-07-09 18:00:00+00:00,1.25e-05,-0.0001490327
2026-07-09 19:00:00+00:00,1.25e-05,-9.66e-05
2026-07-09 20:00:00+00:00,1.25e-05,-1.85526e-05
2026-07-09 21:00:00+00:00,1.25e-05,1.17569e-05
2026-07-09 22:00:00+00:00,1.25e-05,2.47968e-05
2026-07-09 23:00:00+00:00,1.25e-05,-1.318e-06
2026-07-10 00:00:00+00:00,1.25e-05,-4.44527e-05
2026-07-10 01:00:00+00:00,1.25e-05,-0.0001128733
2026-07-10 02:00:00+00:00,1.25e-05,-5.64731e-05
2026-07-10 03:00:00+00:00,1.25e-05,-0.0001264732
2026-07-10 04:00:00+00:00,1.25e-05,-0.000113231
2026-07-10 05:00:00+00:00,1.25e-05,-0.0001026783
2026-07-10 06:00:00+00:00,1.25e-05,-5.92429e-05
2026-07-10 07:00:00+00:00,1.25e-05,-2.42767e-05
2026-07-10 08:00:00+00:00,1.25e-05,0.0001343705
2026-07-10 09:00:00+00:00,1.25e-05,0.0001085467
2026-07-10 10:00:00+00:00,1.25e-05,7.79526e-05
2026-07-10 11:00:00+00:00,1.25e-05,-4.95149e-05
2026-07-10 12:00:00+00:00,1.25e-05,-2.3041e-06
2026-07-10 13:00:00+00:00,1.25e-05,-4.54238e-05
2026-07-10 14:00:00+00:00,1.25e-05,-2.59728e-05
2026-07-10 15:00:00+00:00,1.25e-05,-5.59895e-05
2026-07-10 16:00:00+00:00,1.25e-05,-6.84805e-05
2026-07-10 17:00:00+00:00,1.25e-05,-7.48868e-05
2026-07-10 18:00:00+00:00,1.25e-05,-0.0001209843
2026-07-10 19:00:00+00:00,1.25e-05,-0.0001020386
2026-07-10 20:00:00+00:00,1.25e-05,-6.03306e-05
2026-07-10 21:00:00+00:00,1.25e-05,-5.61498e-05
2026-07-10 22:00:00+00:00,1.25e-05,-9.66969e-05
2026-07-10 23:00:00+00:00,1.25e-05,-8.76994e-05
2026-07-11 00:00:00+00:00,1.25e-05,-0.0001538581
2026-07-11 01:00:00+00:00,1.25e-05,-0.0001739491
2026-07-11 02:00:00+00:00,1.25e-05,-0.0001807863
2026-07-11 03:00:00+00:00,1.25e-05,-0.0002748993
2026-07-11 04:00:00+00:00,1.25e-05,-0.0002120231
2026-07-11 05:00:00+00:00,1.25e-05,-0.0001740631
2026-07-11 06:00:00+00:00,1.25e-05,-0.0001825966
2026-07-11 07:00:00+00:00,1.25e-05,-0.0001841343
2026-07-11 08:00:00+00:00,1.25e-05,-0.0002113892
2026-07-11 09:00:00+00:00,1.25e-05,-0.0001931842
2026-07-11 10:00:00+00:00,1.25e-05,-0.0001363209
2026-07-11 11:00:00+00:00,1.25e-05,-0.0001936879
2026-07-11 12:00:00+00:00,1.25e-05,-0.0002158831
2026-07-11 13:00:00+00:00,1.25e-05,-0.0002398192
2026-07-11 14:00:00+00:00,1.25e-05,-0.0001902405
2026-07-11 15:00:00+00:00,1.25e-05,-0.0001394869
2026-07-11 16:00:00+00:00,1.25e-05,-0.0001036845
2026-07-11 17:00:00+00:00,1.25e-05,-4.72264e-05
2026-07-11 18:00:00+00:00,1.25e-05,-3.41033e-05
2026-07-11 19:00:00+00:00,1.25e-05,1.35235e-05
2026-07-11 20:00:00+00:00,1.25e-05,2.3229e-05
2026-07-11 21:00:00+00:00,1.25e-05,9.31422e-05
2026-07-11 22:00:00+00:00,1.25e-05,0.0001398083
2026-07-11 23:00:00+00:00,1.25e-05,0.0001084862
2026-07-12 00:00:00+00:00,1.25e-05,7.239e-05
2026-07-12 01:00:00+00:00,1.25e-05,4.38033e-05
2026-07-12 02:00:00+00:00,1.25e-05,3.2324e-05
2026-07-12 03:00:00+00:00,1.25e-05,-2.13809e-05
2026-07-12 04:00:00+00:00,1.25e-05,-3.17191e-05
2026-07-12 05:00:00+00:00,1.25e-05,-6.65735e-05
2026-07-12 06:00:00+00:00,1.25e-05,-5.28231e-05
2026-07-12 07:00:00+00:00,1.25e-05,-7.61777e-05
2026-07-12 08:00:00+00:00,1.25e-05,-4.45233e-05
2026-07-12 09:00:00+00:00,1.25e-05,2.07226e-05
2026-07-12 10:00:00+00:00,1.25e-05,2.43546e-05
2026-07-12 11:00:00+00:00,1.25e-05,7.05676e-05
2026-07-12 12:00:00+00:00,1.25e-05,0.0001713671
2026-07-12 13:00:00+00:00,1.25e-05,0.0001499435
2026-07-12 14:00:00+00:00,1.25e-05,0.0001324028
2026-07-12 15:00:00+00:00,1.25e-05,2.961e-05
2026-07-12 16:00:00+00:00,1.25e-05,-1.08038e-05
2026-07-12 17:00:00+00:00,1.25e-05,1.80322e-05
2026-07-12 18:00:00+00:00,1.25e-05,1.92233e-05
2026-07-12 19:00:00+00:00,1.25e-05,-5.496e-07
2026-07-12 20:00:00+00:00,1.25e-05,-1.7934e-05
2026-07-12 21:00:00+00:00,1.25e-05,4.64698e-05
2026-07-12 22:00:00+00:00,1.25e-05,-4.59778e-05
2026-07-12 23:00:00+00:00,1.25e-05,-1.78452e-05
2026-07-13 00:00:00+00:00,1.25e-05,4.47206e-05
2026-07-13 01:00:00+00:00,1.25e-05,-6.90358e-05
2026-07-13 02:00:00+00:00,1.25e-05,-0.0001367571
2026-07-13 03:00:00+00:00,1.25e-05,-5.06706e-05
2026-07-13 04:00:00+00:00,1.25e-05,3.14623e-05
2026-07-13 05:00:00+00:00,1.25e-05,0.0001159146
2026-07-13 06:00:00+00:00,1.25e-05,0.0002482378
2026-07-13 07:00:00+00:00,1.25e-05,0.0003014885
2026-07-13 08:00:00+00:00,1.25e-05,0.0002217013
2026-07-13 09:00:00+00:00,1.25e-05,0.0001573169
2026-07-13 10:00:00+00:00,1.25e-05,7.24378e-05
2026-07-13 11:00:00+00:00,1.25e-05,2.36599e-05
2026-07-13 12:00:00+00:00,1.25e-05,9.77413e-05
2026-07-13 13:00:00+00:00,1.25e-05,9.50287e-05
2026-07-13 14:00:00+00:00,1.25e-05,0.0001080949
2026-07-13 15:00:00+00:00,1.25e-05,0.000267416
2026-07-13 16:00:00+00:00,1.25e-05,0.0002592859
2026-07-13 17:00:00+00:00,1.25e-05,8.48274e-05
2026-07-13 18:00:00+00:00,1.25e-05,5.30001e-05
2026-07-13 19:00:00+00:00,1.25e-05,7.5591e-06
2026-07-13 20:00:00+00:00,1.25e-05,7.04419e-05
2026-07-13 21:00:00+00:00,1.25e-05,-0.0001142537
2026-07-13 22:00:00+00:00,1.25e-05,-0.0002048405
2026-07-13 23:00:00+00:00,1.25e-05,-0.0001816139
2026-07-14 00:00:00+00:00,1.25e-05,-0.000118424
2026-07-14 01:00:00+00:00,1.25e-05,-0.0001265526
2026-07-14 02:00:00+00:00,1.25e-05,-0.0002106509
2026-07-14 03:00:00+00:00,1.25e-05,-0.0002669694
2026-07-14 04:00:00+00:00,1.25e-05,-0.0003064235
2026-07-14 05:00:00+00:00,1.25e-05,-0.0002994875
2026-07-14 06:00:00+00:00,1.25e-05,-0.0001692912
2026-07-14 07:00:00+00:00,1.25e-05,-0.0002118617
2026-07-14 08:00:00+00:00,1.25e-05,-0.0002739206
2026-07-14 09:00:00+00:00,1.25e-05,-0.0002633144
2026-07-14 10:00:00+00:00,1.25e-05,-0.0003060175
2026-07-14 11:00:00+00:00,1.25e-05,-0.0002828989
2026-07-14 12:00:00+00:00,1.25e-05,-0.0002183252
2026-07-14 13:00:00+00:00,1.25e-05,-0.0002452702
2026-07-14 14:00:00+00:00,1.16182e-05,-0.0004070543
2026-07-14 15:00:00+00:00,1.25e-05,-0.0001980551
2026-07-14 16:00:00+00:00,1.25e-05,-0.0003142363
2026-07-14 17:00:00+00:00,1.2039e-05,-0.0004036879
2026-07-14 18:00:00+00:00,1.25e-05,-0.0002544776
2026-07-14 19:00:00+00:00,1.25e-05,-0.0002453796
2026-07-14 20:00:00+00:00,1.25e-05,-0.0002490276
2026-07-14 21:00:00+00:00,1.25e-05,-0.0002405055
2026-07-14 22:00:00+00:00,1.25e-05,-0.0001303274
2026-07-14 23:00:00+00:00,1.25e-05,-0.0003028428
2026-07-15 00:00:00+00:00,1.25e-05,-0.0002637165
2026-07-15 01:00:00+00:00,1.25e-05,-0.0002159035
2026-07-15 02:00:00+00:00,1.25e-05,-1.64363e-05
2026-07-15 03:00:00+00:00,1.25e-05,-2.4197e-05
2026-07-15 04:00:00+00:00,1.25e-05,-6.1987e-06
2026-07-15 05:00:00+00:00,1.25e-05,3.04092e-05
2026-07-15 06:00:00+00:00,1.25e-05,-5.996e-07
2026-07-15 07:00:00+00:00,1.25e-05,-2.0337e-05
2026-07-15 08:00:00+00:00,1.25e-05,-3.6029e-06
2026-07-15 09:00:00+00:00,1.25e-05,-4.63123e-05
2026-07-15 10:00:00+00:00,1.25e-05,-8.48004e-05
2026-07-15 11:00:00+00:00,1.25e-05,-0.0001349968
2026-07-15 12:00:00+00:00,1.25e-05,-0.0001449548
2026-07-15 13:00:00+00:00,1.25e-05,-9.89898e-05
2026-07-15 14:00:00+00:00,1.25e-05,-0.0001582621
2026-07-15 15:00:00+00:00,1.25e-05,-0.0001105543
2026-07-15 16:00:00+00:00,1.25e-05,-0.000180651
2026-07-15 17:00:00+00:00,1.25e-05,-0.0001732242
2026-07-15 18:00:00+00:00,1.25e-05,-0.000192578
2026-07-15 19:00:00+00:00,1.25e-05,-0.0001516218
2026-07-15 20:00:00+00:00,1.25e-05,-0.0002538497
2026-07-15 21:00:00+00:00,1.25e-05,-0.000267568
2026-07-15 22:00:00+00:00,7.7071e-06,-0.0004383432
2026-07-15 23:00:00+00:00,1.25e-05,-0.000345137
2026-07-16 00:00:00+00:00,1.25e-05,-0.0003080653
2026-07-16 01:00:00+00:00,1.25e-05,-0.0003117851
2026-07-16 02:00:00+00:00,1.25e-05,-0.0002335787
2026-07-16 03:00:00+00:00,1.25e-05,-0.0002647894
2026-07-16 04:00:00+00:00,1.25e-05,-0.0002292122
2026-07-16 05:00:00+00:00,1.25e-05,-0.0002471012
2026-07-16 06:00:00+00:00,1.25e-05,-0.000149293
2026-07-16 07:00:00+00:00,1.25e-05,-0.0001496633
2026-07-16 08:00:00+00:00,1.25e-05,-0.0002608308
2026-07-16 09:00:00+00:00,1.25e-05,-0.0002648387
2026-07-16 10:00:00+00:00,1.25e-05,-0.000289936
2026-07-16 11:00:00+00:00,1.25e-05,-0.0002407772
2026-07-16 12:00:00+00:00,1.25e-05,-0.0002471156
2026-07-16 13:00:00+00:00,1.25e-05,-0.0002365124
2026-07-16 14:00:00+00:00,1.25e-05,-0.0001974893
2026-07-16 15:00:00+00:00,1.25e-05,-0.0002506476
2026-07-16 16:00:00+00:00,1.25e-05,-0.0003037994
2026-07-16 17:00:00+00:00,1.25e-05,-0.0003475255
2026-07-16 18:00:00+00:00,1.25e-05,-0.0002959311
2026-07-16 19:00:00+00:00,1.25e-05,-0.0002003189
2026-07-16 20:00:00+00:00,1.25e-05,-0.0001787391
2026-07-16 21:00:00+00:00,1.25e-05,-0.0002322395
2026-07-16 22:00:00+00:00,1.25e-05,-0.0001085163
2026-07-16 23:00:00+00:00,1.25e-05,-0.0001471212
2026-07-17 00:00:00+00:00,1.25e-05,-0.0002250941
2026-07-17 01:00:00+00:00,1.25e-05,-0.0002512838
2026-07-17 02:00:00+00:00,1.25e-05,-0.0002179066
2026-07-17 03:00:00+00:00,1.25e-05,-8.91976e-05
2026-07-17 04:00:00+00:00,1.25e-05,-2.98636e-05
2026-07-17 05:00:00+00:00,1.25e-05,-1.0698e-05
2026-07-17 06:00:00+00:00,1.25e-05,-1.9844e-06
2026-07-17 07:00:00+00:00,1.25e-05,0.0001926836
2026-07-17 08:00:00+00:00,1.25e-05,0.0002998103
2026-07-17 09:00:00+00:00,1.25e-05,0.0001945776
2026-07-17 10:00:00+00:00,1.25e-05,0.0002706817
2026-07-17 11:00:00+00:00,1.25e-05,0.0003352499
2026-07-17 12:00:00+00:00,1.25e-05,0.0001995577
2026-07-17 13:00:00+00:00,1.25e-05,9.26637e-05
2026-07-17 14:00:00+00:00,1.25e-05,0.0001234882
2026-07-17 15:00:00+00:00,1.25e-05,0.0002386239
2026-07-17 16:00:00+00:00,1.25e-05,0.0002222829
2026-07-17 17:00:00+00:00,1.25e-05,0.0002722416
2026-07-17 18:00:00+00:00,1.25e-05,4.96164e-05
2026-07-17 19:00:00+00:00,1.25e-05,-6.28121e-05
2026-07-17 20:00:00+00:00,1.25e-05,-0.000107485
2026-07-17 21:00:00+00:00,1.25e-05,4.6522e-06
2026-07-17 22:00:00+00:00,1.25e-05,-9.2459e-06
2026-07-17 23:00:00+00:00,1.25e-05,-0.000128679
2026-07-18 00:00:00+00:00,1.25e-05,-0.0001258691
2026-07-18 01:00:00+00:00,1.25e-05,-0.0001040757
2026-07-18 02:00:00+00:00,1.25e-05,-0.0001198346
2026-07-18 03:00:00+00:00,1.25e-05,-0.0001418743
2026-07-18 04:00:00+00:00,1.25e-05,-0.0001445332
2026-07-18 05:00:00+00:00,1.25e-05,-0.0002345548
2026-07-18 06:00:00+00:00,1.25e-05,-0.0002177096
2026-07-18 07:00:00+00:00,1.25e-05,-0.0002248186
2026-07-18 08:00:00+00:00,1.25e-05,-0.0002198303
2026-07-18 09:00:00+00:00,1.25e-05,-0.0002561187
2026-07-18 10:00:00+00:00,1.25e-05,-0.0002327562
2026-07-18 11:00:00+00:00,1.25e-05,-0.000262825
2026-07-18 12:00:00+00:00,1.25e-05,-0.0002597791
2026-07-18 13:00:00+00:00,1.25e-05,-0.0002824614
2026-07-18 14:00:00+00:00,1.25e-05,-0.0002574374
2026-07-18 15:00:00+00:00,1.25e-05,-0.0002658108
2026-07-18 16:00:00+00:00,1.25e-05,-0.0003018617
2026-07-18 17:00:00+00:00,1.25e-05,-0.0002311317
2026-07-18 18:00:00+00:00,1.25e-05,-0.0001738474
2026-07-18 19:00:00+00:00,1.25e-05,-0.000139221
2026-07-18 20:00:00+00:00,1.25e-05,-0.0001593578
2026-07-18 21:00:00+00:00,1.25e-05,-8.5254e-05
2026-07-18 22:00:00+00:00,1.25e-05,-9.32597e-05
2026-07-18 23:00:00+00:00,1.25e-05,-9.76453e-05
2026-07-19 00:00:00+00:00,1.25e-05,-4.44779e-05
2026-07-19 01:00:00+00:00,1.25e-05,-0.0001801475
2026-07-19 02:00:00+00:00,1.25e-05,-0.0002153718
2026-07-19 03:00:00+00:00,1.25e-05,-0.0001567777
2026-07-19 04:00:00+00:00,1.25e-05,-0.0001787323
2026-07-19 05:00:00+00:00,1.25e-05,-0.0001439663
2026-07-19 06:00:00+00:00,1.25e-05,-0.0001444733
2026-07-19 07:00:00+00:00,1.25e-05,-0.0001083528
2026-07-19 08:00:00+00:00,1.25e-05,-0.0001456381
2026-07-19 09:00:00+00:00,1.25e-05,-0.0001747384
2026-07-19 10:00:00+00:00,1.25e-05,-0.0001961575
2026-07-19 11:00:00+00:00,1.25e-05,-0.0002592845
2026-07-19 12:00:00+00:00,1.25e-05,-0.0002413399
2026-07-19 13:00:00+00:00,1.25e-05,-0.000155932
2026-07-19 14:00:00+00:00,1.25e-05,-5.89275e-05
2026-07-19 15:00:00+00:00,1.25e-05,-7.46472e-05
2026-07-19 16:00:00+00:00,1.25e-05,-8.11308e-05
2026-07-19 17:00:00+00:00,1.25e-05,-1.5092e-06
2026-07-19 18:00:00+00:00,1.25e-05,-0.0001233576
2026-07-19 19:00:00+00:00,1.25e-05,-0.0001667852
2026-07-19 20:00:00+00:00,1.25e-05,-0.0001560356
2026-07-19 21:00:00+00:00,1.25e-05,-0.0001545171
2026-07-19 22:00:00+00:00,1.25e-05,-0.0001384843
2026-07-19 23:00:00+00:00,1.25e-05,-0.0001912842
2026-07-20 00:00:00+00:00,1.25e-05,-0.0001313134
2026-07-20 01:00:00+00:00,1.25e-05,-0.0001789968
2026-07-20 02:00:00+00:00,1.25e-05,-0.0002005228
2026-07-20 03:00:00+00:00,1.25e-05,-0.0003440345
2026-07-20 04:00:00+00:00,1.25e-05,-0.0003637958
2026-07-20 05:00:00+00:00,7.9053e-06,-0.0004367578
2026-07-20 06:00:00+00:00,8.5251e-06,-0.0004317988
2026-07-20 07:00:00+00:00,6.8198e-06,-0.0004454413
2026-07-20 08:00:00+00:00,6.0646e-06,-0.0004514834
2026-07-20 09:00:00+00:00,3.3759e-06,-0.0004729929
2026-07-20 10:00:00+00:00,1.25e-05,-0.0003689421
2026-07-20 11:00:00+00:00,1.25e-05,-0.000328099
2026-07-20 12:00:00+00:00,1.25e-05,-0.0003487981
2026-07-20 13:00:00+00:00,1.25e-05,-0.0003131307
2026-07-20 14:00:00+00:00,1.25e-05,-0.000264141
2026-07-20 15:00:00+00:00,1.25e-05,-0.000299163
2026-07-20 16:00:00+00:00,1.25e-05,-0.0002885993
2026-07-20 17:00:00+00:00,8.0115e-06,-0.0004359084
2026-07-20 18:00:00+00:00,7.6867e-06,-0.0004385067
2026-07-20 19:00:00+00:00,-1.04164e-05,-0.000583331
2026-07-20 20:00:00+00:00,-1.77488e-05,-0.0006419907
2026-07-20 21:00:00+00:00,1.25e-05,-0.0003839137
2026-07-20 22:00:00+00:00,1.25e-05,-0.000370014
2026-07-20 23:00:00+00:00,4.0459e-06,-0.000467633
2026-07-21 00:00:00+00:00,6.284e-07,-0.0004949728
2026-07-21 01:00:00+00:00,7.3436e-06,-0.0004412514
2026-07-21 02:00:00+00:00,5.1847e-06,-0.0004585224
2026-07-21 03:00:00+00:00,2.65e-08,-0.0004997883
2026-07-21 04:00:00+00:00,3.1631e-06,-0.0004746955
2026-07-21 05:00:00+00:00,1.25e-05,-0.0003614074
2026-07-21 06:00:00+00:00,9.516e-06,-0.0004238717
2026-07-21 07:00:00+00:00,7.3771e-06,-0.000440983
2026-07-21 08:00:00+00:00,1.25e-05,-0.0003301311
2026-07-21 09:00:00+00:00,9.6383e-06,-0.0004228937
2026-07-21 10:00:00+00:00,7.9184e-06,-0.0004366531
2026-07-21 11:00:00+00:00,3.8798e-06,-0.0004689616
2026-07-21 12:00:00+00:00,1.03552e-05,-0.0004171584
2026-07-21 13:00:00+00:00,8.053e-06,-0.0004355759
2026-07-21 14:00:00+00:00,1.09345e-05,-0.0004125242
2026-07-21 15:00:00+00:00,-1.14156e-05,-0.0005913251
2026-07-21 16:00:00+00:00,-6.4354e-06,-0.0005514834
2026-07-21 17:00:00+00:00,-2.2268e-06,-0.0005178141
2026-07-21 18:00:00+00:00,1.9598e-06,-0.0004843219
2026-07-21 19:00:00+00:00,1.25e-05,-0.0003742768
2026-07-21 20:00:00+00:00,1.25e-05,-0.0003748477
2026-07-21 21:00:00+00:00,4.4117e-06,-0.0004647066
2026-07-21 22:00:00+00:00,5.1303e-06,-0.0004589573
2026-07-21 23:00:00+00:00,2.9916e-06,-0.0004760671
2026-07-22 00:00:00+00:00,1.02069e-05,-0.0004183447
2026-07-22 01:00:00+00:00,8.8363e-06,-0.0004293093
2026-07-22 02:00:00+00:00,1.078e-06,-0.0004913763
2026-07-22 03:00:00+00:00,1.25e-05,-0.0003878873
2026-07-22 04:00:00+00:00,1.25e-05,-0.0003884171
2026-07-22 05:00:00+00:00,1.25e-05,-0.0003302138
2026-07-22 06:00:00+00:00,9.6619e-06,-0.0004227046
2026-07-22 07:00:00+00:00,1.6165e-06,-0.0004870678
2026-07-22 08:00:00+00:00,4.997e-07,-0.0004960023
2026-07-22 09:00:00+00:00,1.01286e-05,-0.0004189715
2026-07-22 10:00:00+00:00,1.25e-05,-0.0003904898
2026-07-22 11:00:00+00:00,1.25e-05,-0.000346271
2026-07-22 12:00:00+00:00,1.25e-05,-0.0003256407
2026-07-22 13:00:00+00:00,1.25e-05,-0.0003240571
2026-07-22 14:00:00+00:00,1.25e-05,-0.0002779063
2026-07-22 15:00:00+00:00,1.25e-05,-0.0003557295
2026-07-22 16:00:00+00:00,1.25e-05,-0.0003193244
2026-07-22 17:00:00+00:00,1.25e-05,-0.0003950976
2026-07-22 18:00:00+00:00,1.25e-05,-0.0003911148
2026-07-22 19:00:00+00:00,6.0242e-06,-0.0004518061
2026-07-22 20:00:00+00:00,9.3072e-06,-0.0004255423
2026-07-22 21:00:00+00:00,1.25e-05,-0.0003346325
2026-07-22 22:00:00+00:00,1.25e-05,-0.0003962013
2026-07-22 23:00:00+00:00,5.4534e-06,-0.0004563727
2026-07-23 00:00:00+00:00,1.25e-05,-0.0003840545
2026-07-23 01:00:00+00:00,1.25e-05,-0.0003647871
2026-07-23 02:00:00+00:00,-1.1132e-06,-0.0005089054
2026-07-23 03:00:00+00:00,-1.3762e-06,-0.0005110096
2026-07-23 04:00:00+00:00,-1.3465e-06,-0.000510772
2026-07-23 05:00:00+00:00,-8.324e-07,-0.0005066589
2026-07-23 06:00:00+00:00,1.5042e-06,-0.0004879661
2026-07-23 07:00:00+00:00,9.8578e-06,-0.0004211377
2026-07-23 08:00:00+00:00,1.25e-05,-0.0003840873
2026-07-23 09:00:00+00:00,1.25e-05,-0.0003584873
2026-07-23 10:00:00+00:00,1.25e-05,-0.0003274219
2026-07-23 11:00:00+00:00,1.25e-05,-0.0003492477
2026-07-23 12:00:00+00:00,1.19826e-05,-0.0004041395
2026-07-23 13:00:00+00:00,1.25e-05,-0.000368235
2026-07-23 14:00:00+00:00,1.25e-05,-0.000274468
2026-07-23 15:00:00+00:00,1.25e-05,-0.0003115642
2026-07-23 16:00:00+00:00,1.25e-05,-0.0003215014
2026-07-23 17:00:00+00:00,1.25e-05,-0.0003644166
2026-07-23 18:00:00+00:00,1.25e-05,-0.000326594
2026-07-23 19:00:00+00:00,1.25e-05,-0.0003352244
2026-07-23 20:00:00+00:00,1.25e-05,-0.0003352248
2026-07-23 21:00:00+00:00,1.25e-05,-0.0003139667
2026-07-23 22:00:00+00:00,9.7727e-06,-0.0004218182
2026-07-23 23:00:00+00:00,6.9202e-06,-0.0004446387
2026-07-24 00:00:00+00:00,2.2936e-06,-0.0004816516
2026-07-24 01:00:00+00:00,7.04e-07,-0.000494368
2026-07-24 02:00:00+00:00,1.04877e-05,-0.000416098
2026-07-24 03:00:00+00:00,1.01729e-05,-0.0004186169
2026-07-24 04:00:00+00:00,1.13503e-05,-0.0004091973
2026-07-24 05:00:00+00:00,2.8807e-06,-0.0004769543
2026-07-24 06:00:00+00:00,1.25e-05,-0.0003518444
2026-07-24 07:00:00+00:00,1.25e-05,-0.0003635235
2026-07-24 08:00:00+00:00,1.25e-05,-0.000271431
2026-07-24 09:00:00+00:00,1.25e-05,-0.0003044173
2026-07-24 10:00:00+00:00,1.25e-05,-0.0003365333
2026-07-24 11:00:00+00:00,1.25e-05,-0.0002903556
2026-07-24 12:00:00+00:00,1.14212e-05,-0.0004086306
2026-07-24 13:00:00+00:00,1.25e-05,-0.0003536279
2026-07-24 14:00:00+00:00,1.25e-05,-0.000313731
2026-07-24 15:00:00+00:00,1.25e-05,-0.0001499202
2026-07-24 16:00:00+00:00,1.25e-05,-0.000118991
2026-07-24 17:00:00+00:00,1.25e-05,-0.0002310347
2026-07-24 18:00:00+00:00,1.25e-05,-0.0001752185
2026-07-24 19:00:00+00:00,1.25e-05,-0.0001818475
2026-07-24 20:00:00+00:00,1.25e-05,-0.0002960343
2026-07-24 21:00:00+00:00,1.25e-05,-0.0003751951
2026-07-24 22:00:00+00:00,1.25e-05,-0.0002975973
2026-07-24 23:00:00+00:00,1.25e-05,-0.0003266608
2026-07-25 00:00:00+00:00,1.25e-05,-0.0003305286
2026-07-25 01:00:00+00:00,1.25e-05,-0.0003338493
2026-07-25 02:00:00+00:00,1.25e-05,-0.0003393406
2026-07-25 03:00:00+00:00,1.0696e-05,-0.000414432
2026-07-25 04:00:00+00:00,1.02798e-05,-0.0004177615
2026-07-25 05:00:00+00:00,1.25e-05,-0.0003958574
2026-07-25 06:00:00+00:00,1.14042e-05,-0.0004087668
2026-07-25 07:00:00+00:00,1.0501e-05,-0.0004159921
2026-07-25 08:00:00+00:00,2.7994e-06,-0.0004776045
2026-07-25 09:00:00+00:00,4.3365e-06,-0.0004653079
2026-07-25 10:00:00+00:00,3.1316e-06,-0.0004749471
2026-07-25 11:00:00+00:00,1.25e-05,-0.0003576104
2026-07-25 12:00:00+00:00,1.25e-05,-0.0003589834
2026-07-25 13:00:00+00:00,1.25e-05,-0.0003684297
2026-07-25 14:00:00+00:00,1.25e-05,-0.0003208629
2026-07-25 15:00:00+00:00,1.25e-05,-0.0003047012
2026-07-25 16:00:00+00:00,1.25e-05,-0.0003325692
2026-07-25 17:00:00+00:00,1.25e-05,-0.00035721
2026-07-25 18:00:00+00:00,1.25e-05,-0.0003451812
2026-07-25 19:00:00+00:00,1.25e-05,-0.0003672481
2026-07-25 20:00:00+00:00,1.25e-05,-0.0002622857
2026-07-25 21:00:00+00:00,1.25e-05,-0.0003405311
2026-07-25 22:00:00+00:00,1.25e-05,-0.0003937468
2026-07-25 23:00:00+00:00,1.25e-05,-0.0003651735
2026-07-26 00:00:00+00:00,1.25e-05,-0.0002036292
2026-07-26 01:00:00+00:00,1.25e-05,-0.0003185184
2026-07-26 02:00:00+00:00,1.25e-05,-0.0003533353
2026-07-26 03:00:00+00:00,1.25e-05,-0.0003479899
2026-07-26 04:00:00+00:00,1.25e-05,-0.0003913304
2026-07-26 05:00:00+00:00,1.25e-05,-0.0003794614
2026-07-26 06:00:00+00:00,9.5017e-06,-0.0004239862
2026-07-26 07:00:00+00:00,1.07021e-05,-0.0004143835
2026-07-26 08:00:00+00:00,1.25e-05,-0.0003819509
2026-07-26 09:00:00+00:00,1.25e-05,-0.0003976611
2026-07-26 10:00:00+00:00,1.11805e-05,-0.0004105557
2026-07-26 11:00:00+00:00,7.9106e-06,-0.0004367151
2026-07-26 12:00:00+00:00,6.3284e-06,-0.0004493729
2026-07-26 13:00:00+00:00,7.2923e-06,-0.0004416615
2026-07-26 14:00:00+00:00,5.4724e-06,-0.0004562208
2026-07-26 15:00:00+00:00,-1.24e-07,-0.0005009919
2026-07-26 16:00:00+00:00,5.705e-07,-0.0004954362
2026-07-26 17:00:00+00:00,4.2004e-06,-0.000466397
2026-07-26 18:00:00+00:00,2.3335e-06,-0.0004813324
2026-07-26 19:00:00+00:00,6.3375e-06,-0.0004493004
2026-07-26 20:00:00+00:00,6.7661e-06,-0.0004458712
2026-07-26 21:00:00+00:00,2.9896e-06,-0.000476083
2026-07-26 22:00:00+00:00,8.4964e-06,-0.0004320292
2026-07-26 23:00:00+00:00,1.10841e-05,-0.0004113275
2026-07-27 00:00:00+00:00,1.25e-05,-0.0003937912
2026-07-27 01:00:00+00:00,1.04175e-05,-0.0004166597
2026-07-27 02:00:00+00:00,1.09297e-05,-0.0004125622
2026-07-27 03:00:00+00:00,1.1633e-05,-0.0004069356
2026-07-27 04:00:00+00:00,1.25e-05,-0.0003702032
2026-07-27 05:00:00+00:00,1.25e-05,-0.0003823467
2026-07-27 06:00:00+00:00,5.2691e-06,-0.0004578471
2026-07-27 07:00:00+00:00,7.4381e-06,-0.0004404951
2026-07-27 08:00:00+00:00,7.8469e-06,-0.0004372251
2026-07-27 09:00:00+00:00,4.9506e-06,-0.000460395
2026-07-27 10:00:00+00:00,1.1073e-05,-0.000411416
2026-07-27 11:00:00+00:00,1.03603e-05,-0.0004171175
2026-07-27 12:00:00+00:00,4.3019e-06,-0.0004655844
2026-07-27 13:00:00+00:00,2.571e-07,-0.000497943
2026-07-27 14:00:00+00:00,8.6998e-06,-0.0004304014
2026-07-27 15:00:00+00:00,2.789e-06,-0.0004776878
2026-07-27 16:00:00+00:00,2.788e-07,-0.0004977692
2026-07-27 17:00:00+00:00,-7.679e-07,-0.000506143
2026-07-27 18:00:00+00:00,9.148e-07,-0.0004926818
2026-07-27 19:00:00+00:00,-2.9815e-06,-0.0005238523
2026-07-27 20:00:00+00:00,3.8186e-06,-0.0004694513
2026-07-27 21:00:00+00:00,1.1921e-06,-0.0004904634
2026-07-27 22:00:00+00:00,-6.3019e-06,-0.000550415
2026-07-27 23:00:00+00:00,-1.9358e-06,-0.0005154867
2026-07-28 00:00:00+00:00,1.25e-05,-0.0003682183
2026-07-28 01:00:00+00:00,1.25e-05,-0.0003900253
2026-07-28 02:00:00+00:00,8.6981e-06,-0.000430415
2026-07-28 03:00:00+00:00,5.4716e-06,-0.000456227
2026-07-28 04:00:00+00:00,1.25e-05,-0.000366413
2026-07-28 05:00:00+00:00,1.25e-05,-0.0003154802
2026-07-28 06:00:00+00:00,1.25e-05,-0.0002926857
2026-07-28 07:00:00+00:00,1.25e-05,-0.0003270772
2026-07-28 08:00:00+00:00,1.25e-05,-0.0003928168
2026-07-28 09:00:00+00:00,1.25e-05,-0.000376933
2026-07-28 10:00:00+00:00,1.25e-05,-0.0003466854
2026-07-28 11:00:00+00:00,1.25e-05,-0.0003810537
2026-07-28 12:00:00+00:00,1.25e-05,-0.0003181111
2026-07-28 13:00:00+00:00,1.25e-05,-0.0003158332
2026-07-28 14:00:00+00:00,1.25e-05,-0.000298729
2026-07-28 15:00:00+00:00,1.25e-05,-0.0002318222
2026-07-28 16:00:00+00:00,1.25e-05,-0.0002861698
2026-07-28 17:00:00+00:00,1.25e-05,-0.0003458922
2026-07-28 18:00:00+00:00,1.25e-05,-0.0003970605
2026-07-28 19:00:00+00:00,4.2757e-06,-0.0004657942
2026-07-28 20:00:00+00:00,1.09704e-05,-0.0004122371
2026-07-28 21:00:00+00:00,8.3682e-06,-0.0004330547
2026-07-28 22:00:00+00:00,1.0859e-05,-0.0004131278
2026-07-28 23:00:00+00:00,5.823e-06,-0.0004534161
2026-07-29 00:00:00+00:00,6.1723e-06,-0.0004506212
2026-07-29 01:00:00+00:00,1.25e-05,-0.0003138531
2026-07-29 02:00:00+00:00,1.25e-05,-0.0003606333
2026-07-29 03:00:00+00:00,1.25e-05,-0.0003961968
2026-07-29 04:00:00+00:00,1.18816e-05,-0.0004049472
2026-07-29 05:00:00+00:00,1.25e-05,-0.0003949668
2026-07-29 06:00:00+00:00,1.25e-05,-0.0003738195
2026-07-29 07:00:00+00:00,1.00885e-05,-0.0004192918
2026-07-29 08:00:00+00:00,1.25e-05,-0.0003834063
2026-07-29 09:00:00+00:00,8.2649e-06,-0.000433881
2026-07-29 10:00:00+00:00,1.13131e-05,-0.0004094949
2026-07-29 11:00:00+00:00,1.3375e-06,-0.0004893002
2026-07-29 12:00:00+00:00,5.3386e-06,-0.0004572916
2026-07-29 13:00:00+00:00,9.8296e-06,-0.0004213635
2026-07-29 14:00:00+00:00,9.8821e-06,-0.0004209432
2026-07-29 15:00:00+00:00,8.6175e-06,-0.0004310601
2026-07-29 16:00:00+00:00,1.25e-05,-0.000365186
2026-07-29 17:00:00+00:00,1.25e-05,-0.0003951084
2026-07-29 18:00:00+00:00,1.09852e-05,-0.0004121183
2026-07-29 19:00:00+00:00,-2.3514e-06,-0.0005188111
2026-07-29 20:00:00+00:00,-6.4946e-06,-0.0005519566
2026-07-29 21:00:00+00:00,5.1127e-06,-0.0004590981
2026-07-29 22:00:00+00:00,1.25e-05,-0.0003988475
2026-07-29 23:00:00+00:00,1.25e-05,-0.0003891415
2026-07-30 00:00:00+00:00,1.25e-05,-0.00036022
2026-07-30 01:00:00+00:00,1.25e-05,-0.0003762902
2026-07-30 02:00:00+00:00,1.25e-05,-0.0003091695
2026-07-30 03:00:00+00:00,1.25e-05,-0.0003978034
2026-07-30 04:00:00+00:00,1.25e-05,-0.0003838259
2026-07-30 05:00:00+00:00,1.21218e-05,-0.0004030254
2026-07-30 06:00:00+00:00,8.1467e-06,-0.0004348264
2026-07-30 07:00:00+00:00,9.3645e-06,-0.0004250842
2026-07-30 08:00:00+00:00,6.0079e-06,-0.0004519364
2026-07-30 09:00:00+00:00,8.7438e-06,-0.0004300499
2026-07-30 10:00:00+00:00,9.3301e-06,-0.0004253591
2026-07-30 11:00:00+00:00,3.8564e-06,-0.0004691492
2026-07-30 12:00:00+00:00,4.46e-06,-0.0004643204
2026-07-30 13:00:00+00:00,2.4248e-06,-0.0004806019
2026-07-30 14:00:00+00:00,-2.3461e-06,-0.000518769
2026-07-30 15:00:00+00:00,-8.8182e-06,-0.000570546
2026-07-30 16:00:00+00:00,-3.295e-06,-0.0005263601
2026-07-30 17:00:00+00:00,-2.329e-06,-0.0005186319
2026-07-30 18:00:00+00:00,1.4377e-06,-0.0004884987
2026-07-30 19:00:00+00:00,-4.275e-06,-0.0005342003
2026-07-30 20:00:00+00:00,7.9718e-06,-0.000436226
2026-07-30 21:00:00+00:00,9.6365e-06,-0.0004229081
2026-07-30 22:00:00+00:00,2.2255e-06,-0.000482196
2026-07-30 23:00:00+00:00,1.25e-05,-0.000383394
2026-07-31 00:00:00+00:00,1.25e-05,-0.0003454749
2026-07-31 01:00:00+00:00,1.25e-05,-0.0003489987
2026-07-31 02:00:00+00:00,1.25e-05,-0.0003457754
2026-07-31 03:00:00+00:00,-2.0965e-06,-0.0005167717
2026-07-31 04:00:00+00:00,1.25e-05,-0.0003953668
2026-07-31 05:00:00+00:00,1.21974e-05,-0.0004024206
2026-07-31 06:00:00+00:00,1.25e-05,-0.0003525199
2026-07-31 07:00:00+00:00,7.4986e-06,-0.0004400108
2026-07-31 08:00:00+00:00,-7.035e-07,-0.0005056282
2026-07-31 09:00:00+00:00,7.6723e-06,-0.0004386215
2026-07-31 10:00:00+00:00,9.3144e-06,-0.000425485
2026-07-31 11:00:00+00:00,1.25e-05,-0.0003630232
2026-07-31 12:00:00+00:00,-1.17e-08,-0.0005000936
2026-07-31 13:00:00+00:00,-2.894e-07,-0.0005023152
2026-07-31 14:00:00+00:00,1.25e-05,-0.000390074
2026-07-31 15:00:00+00:00,1.25e-05,-0.0003653892
2026-07-31 16:00:00+00:00,1.25e-05,-0.0003124394
2026-07-31 17:00:00+00:00,1.25e-05,-0.0002756797
2026-07-31 18:00:00+00:00,1.19762e-05,-0.00040419
2026-07-31 19:00:00+00:00,2.0544e-06,-0.0004835644
2026-07-31 20:00:00+00:00,5.5176e-06,-0.0004558593
2026-07-31 21:00:00+00:00,7.6724e-06,-0.000438621
2026-07-31 22:00:00+00:00,2.0641e-06,-0.0004834874
2026-07-31 23:00:00+00:00,4.5245e-06,-0.000463804
2026-08-01 00:00:00+00:00,2.5518e-06,-0.0004795855
2026-08-01 01:00:00+00:00,1.5613e-06,-0.0004875093
2026-08-01 02:00:00+00:00,2.4812e-06,-0.0004801508
2026-08-01 03:00:00+00:00,7.0406e-06,-0.0004436748
2026-08-01 04:00:00+00:00,1.25e-05,-0.000388054
2026-08-01 05:00:00+00:00,1.20965e-05,-0.000403228
2026-08-01 06:00:00+00:00,6.837e-06,-0.0004453039
2026-08-01 07:00:00+00:00,3.2512e-06,-0.0004739908
2026-08-01 08:00:00+00:00,-5.2536e-06,-0.0005420289
2026-08-01 09:00:00+00:00,5.9811e-06,-0.0004521515
2026-08-01 10:00:00+00:00,9.8902e-06,-0.0004208783
2026-08-01 11:00:00+00:00,6.3406e-06,-0.0004492752
2026-08-01 12:00:00+00:00,6.6699e-06,-0.0004466405
2026-08-01 13:00:00+00:00,3.673e-06,-0.0004706159
2026-08-01 14:00:00+00:00,3.374e-06,-0.0004730079
2026-08-01 15:00:00+00:00,6.1247e-06,-0.0004510023
2026-08-01 16:00:00+00:00,6.5252e-06,-0.0004477987
2026-08-01 17:00:00+00:00,7.2383e-06,-0.0004420939
2026-08-01 18:00:00+00:00,9.736e-07,-0.0004922111
2026-08-01 19:00:00+00:00,2.6939e-06,-0.0004784485
2026-08-01 20:00:00+00:00,1.0989e-06,-0.0004912087
2026-08-01 21:00:00+00:00,7.1726e-06,-0.0004426192
2026-08-01 22:00:00+00:00,1.25e-05,-0.0003742201
2026-08-01 23:00:00+00:00,1.25e-05,-0.0003752381
2026-08-02 00:00:00+00:00,8.2395e-06,-0.0004340843
2026-08-02 01:00:00+00:00,1.02725e-05,-0.0004178196
2026-08-02 02:00:00+00:00,1.25e-05,-0.0003347842
2026-08-02 03:00:00+00:00,1.25e-05,-0.0002469019
2026-08-02 04:00:00+00:00,1.25e-05,-0.0002596109
2026-08-02 05:00:00+00:00,1.25e-05,-0.0002660212
2026-08-02 06:00:00+00:00,1.25e-05,-0.000293016
2026-08-02 07:00:00+00:00,1.25e-05,-0.0003180178
2026-08-02 08:00:00+00:00,1.25e-05,-0.0003355016
2026-08-02 09:00:00+00:00,1.25e-05,-0.0003236155
2026-08-02 10:00:00+00:00,1.25e-05,-0.0003211031
2026-08-02 11:00:00+00:00,1.25e-05,-0.0003448869
2026-08-02 12:00:00+00:00,1.25e-05,-0.0003892287
2026-08-02 13:00:00+00:00,1.25e-05,-0.0002474242
2026-08-02 14:00:00+00:00,1.25e-05,-0.0003197189
2026-08-02 15:00:00+00:00,1.25e-05,-0.0002725903
2026-08-02 16:00:00+00:00,1.25e-05,-0.0002302431
2026-08-02 17:00:00+00:00,1.25e-05,-0.0002561325
2026-08-02 18:00:00+00:00,1.25e-05,-0.0002233314
2026-08-02 19:00:00+00:00,1.25e-05,-0.0002676679
2026-08-02 20:00:00+00:00,1.25e-05,-0.0003042689
2026-08-02 21:00:00+00:00,1.25e-05,-0.0002227275
2026-08-02 22:00:00+00:00,1.25e-05,-0.0001400222
2026-08-02 23:00:00+00:00,1.25e-05,-0.0003411523
2026-08-03 00:00:00+00:00,1.25e-05,-0.000225175
2026-08-03 01:00:00+00:00,1.25e-05,-0.0002527618
2026-08-03 02:00:00+00:00,1.25e-05,-0.0002674166
2026-08-03 03:00:00+00:00,1.25e-05,-0.0002420231
2026-08-03 04:00:00+00:00,1.25e-05,-0.0003109508
2026-08-03 05:00:00+00:00,1.25e-05,-0.0002731803
2026-08-03 06:00:00+00:00,1.25e-05,-0.0003103772
2026-08-03 07:00:00+00:00,1.25e-05,-0.0003306935
2026-08-03 08:00:00+00:00,1.25e-05,-0.0003781185
2026-08-03 09:00:00+00:00,1.05833e-05,-0.000415334
2026-08-03 10:00:00+00:00,1.25e-05,-0.0003249343
2026-08-03 11:00:00+00:00,1.25e-05,-0.0003777795
2026-08-03 12:00:00+00:00,1.25e-05,-0.0003377069
2026-08-03 13:00:00+00:00,1.25e-05,-0.0003707562
2026-08-03 14:00:00+00:00,1.25e-05,-0.0003123045
2026-08-03 15:00:00+00:00,1.25e-05,-0.0003652593
2026-08-03 16:00:00+00:00,3.281e-06,-0.0004737522
2026-08-03 17:00:00+00:00,3.5547e-06,-0.0004715622
2026-08-03 18:00:00+00:00,3.7841e-06,-0.0004697271
2026-08-03 19:00:00+00:00,2.2049e-06,-0.0004823611
2026-08-03 20:00:00+00:00,2.1602e-06,-0.0004827185
2026-08-03 21:00:00+00:00,2.4801e-06,-0.0004801591
2026-08-03 22:00:00+00:00,6.7946e-06,-0.0004456431
2026-08-03 23:00:00+00:00,5.7202e-06,-0.0004542385
2026-08-04 00:00:00+00:00,9.4241e-06,-0.0004246073
2026-08-04 01:00:00+00:00,5.1724e-06,-0.0004586207
2026-08-04 02:00:00+00:00,1.25e-05,-0.0003510585
2026-08-04 03:00:00+00:00,1.25e-05,-0.0003642838
2026-08-04 04:00:00+00:00,1.25e-05,-0.0003421315
2026-08-04 05:00:00+00:00,1.25e-05,-0.0003509302
2026-08-04 06:00:00+00:00,4.559e-07,-0.000496353
2026-08-04 07:00:00+00:00,-1.2592e-06,-0.0005100737
2026-08-04 08:00:00+00:00,8.7776e-06,-0.0004297794
2026-08-04 09:00:00+00:00,-2.0694e-06,-0.0005165552
2026-08-04 10:00:00+00:00,-7.7132e-06,-0.000561706
2026-08-04 11:00:00+00:00,3.9385e-06,-0.0004684918
2026-08-04 12:00:00+00:00,1.22203e-05,-0.0004022378
2026-08-04 13:00:00+00:00,7.61e-06,-0.0004391201
2026-08-04 14:00:00+00:00,6.6402e-06,-0.0004468784
2026-08-04 15:00:00+00:00,6.6378e-06,-0.0004468972
2026-08-04 16:00:00+00:00,5.5411e-06,-0.0004556712
2026-08-04 17:00:00+00:00,1.945e-06,-0.0004844402
2026-08-04 18:00:00+00:00,2.923e-06,-0.0004766164
2026-08-04 19:00:00+00:00,-9.478e-07,-0.0005075825
2026-08-04 20:00:00+00:00,2.897e-06,-0.0004768238
2026-08-04 21:00:00+00:00,5.014e-06,-0.0004598878
2026-08-04 22:00:00+00:00,2.6213e-06,-0.0004790293
2026-08-04 23:00:00+00:00,7.2214e-06,-0.0004422286
2026-08-05 00:00:00+00:00,-4.7586e-06,-0.0005380688
2026-08-05 01:00:00+00:00,-6.3896e-06,-0.0005511166
2026-08-05 02:00:00+00:00,1.04449e-05,-0.0004164411
2026-08-05 03:00:00+00:00,5.7148e-06,-0.0004542813
2026-08-05 04:00:00+00:00,5.3112e-06,-0.0004575101
2026-08-05 05:00:00+00:00,7.4786e-06,-0.0004401709
2026-08-05 06:00:00+00:00,8.8746e-06,-0.0004290035
2026-08-05 07:00:00+00:00,3.8049e-06,-0.0004695608
2026-08-05 08:00:00+00:00,5.0181e-06,-0.0004598554
2026-08-05 09:00:00+00:00,1.03047e-05,-0.0004175622
2026-08-05 10:00:00+00:00,1.25e-05,-0.0003704364
2026-08-05 11:00:00+00:00,2.342e-07,-0.0004981262
2026-08-05 12:00:00+00:00,9.258e-07,-0.000492594
2026-08-05 13:00:00+00:00,-6.8206e-06,-0.0005545649
2026-08-05 14:00:00+00:00,3.0143e-06,-0.000475886
2026-08-05 15:00:00+00:00,-4.6503e-06,-0.000537202
2026-08-05 16:00:00+00:00,-5.2202e-06,-0.0005417612
2026-08-05 17:00:00+00:00,1.2631e-06,-0.0004898949
2026-08-05 18:00:00+00:00,-1.6918e-06,-0.0005135345
2026-08-05 19:00:00+00:00,6.5742e-06,-0.0004474063
2026-08-05 20:00:00+00:00,3.9349e-06,-0.0004685208
2026-08-05 21:00:00+00:00,1.7145e-06,-0.0004862838
2026-08-05 22:00:00+00:00,-1.219e-07,-0.0005009755
2026-08-05 23:00:00+00:00,-1.3185e-06,-0.0005105483
2026-08-06 00:00:00+00:00,-6.356e-07,-0.0005050847
2026-08-06 01:00:00+00:00,1.03837e-05,-0.0004169305
2026-08-06 02:00:00+00:00,1.25e-05,-0.0003852796
2026-08-06 03:00:00+00:00,9.9985e-06,-0.0004200118
2026-08-06 04:00:00+00:00,1.15095e-05,-0.0004079237
2026-08-06 05:00:00+00:00,1.25e-05,-0.0003967967
2026-08-06 06:00:00+00:00,4.5674e-06,-0.000463461
2026-08-06 07:00:00+00:00,5.0413e-06,-0.0004596698
2026-08-06 08:00:00+00:00,-3.5615e-06,-0.0005284919
2026-08-06 09:00:00+00:00,-1.04905e-05,-0.0005839237
2026-08-06 10:00:00+00:00,-5.8254e-06,-0.0005466031
2026-08-06 11:00:00+00:00,-8.9056e-06,-0.0005712445
2026-08-06 12:00:00+00:00,1.6639e-06,-0.0004866886
2026-08-06 13:00:00+00:00,6.2042e-06,-0.0004503663
2026-08-06 14:00:00+00:00,1.21793e-05,-0.0004025655
2026-08-06 15:00:00+00:00,2.8139e-06,-0.0004774891
2026-08-06 16:00:00+00:00,7.47e-07,-0.000494024
2026-08-06 17:00:00+00:00,7.0769e-06,-0.0004433849
2026-08-06 18:00:00+00:00,1.1275e-06,-0.0004909798
2026-08-06 19:00:00+00:00,3.3755e-06,-0.0004729962
2026-08-06 20:00:00+00:00,4.2382e-06,-0.000466094
2026-08-06 21:00:00+00:00,8.1899e-06,-0.0004344807
2026-08-06 22:00:00+00:00,4.0959e-06,-0.0004672332
2026-08-06 23:00:00+00:00,5.7432e-06,-0.0004540543
2026-08-07 00:00:00+00:00,6.722e-06,-0.0004462238
2026-08-07 01:00:00+00:00,6.6714e-06,-0.0004466291
2026-08-07 02:00:00+00:00,6.3921e-06,-0.0004488636
2026-08-07 03:00:00+00:00,9.5502e-06,-0.0004235981
2026-08-07 04:00:00+00:00,8.2941e-06,-0.0004336473
2026-08-07 05:00:00+00:00,1.25e-05,-0.0003899166
2026-08-07 06:00:00+00:00,6.1596e-06,-0.0004507235
2026-08-07 07:00:00+00:00,4.4936e-06,-0.000464051
2026-08-07 08:00:00+00:00,5.3571e-06,-0.0004571433
2026-08-07 09:00:00+00:00,4.812e-06,-0.0004615041
2026-08-07 10:00:00+00:00,-4.6295e-06,-0.000537036
2026-08-07 11:00:00+00:00,-9.9657e-06,-0.0005797257
2026-08-07 12:00:00+00:00,7.517e-07,-0.000493986
2026-08-07 13:00:00+00:00,-3.6871e-06,-0.000529497
2026-08-07 14:00:00+00:00,-7.3377e-06,-0.0005587018
2026-08-07 15:00:00+00:00,2.1433e-06,-0.0004828537
2026-08-07 16:00:00+00:00,4.6864e-06,-0.0004625088
2026-08-07 17:00:00+00:00,2.7028e-06,-0.0004783778
2026-08-07 18:00:00+00:00,7.7279e-06,-0.0004381772
2026-08-07 19:00:00+00:00,1.8628e-06,-0.0004850973
2026-08-07 20:00:00+00:00,-6.363e-07,-0.0005050902
2026-08-07 21:00:00+00:00,-3.1677e-06,-0.0005253418
2026-08-07 22:00:00+00:00,-2.8326e-06,-0.0005226605
2026-08-07 23:00:00+00:00,-6.2416e-06,-0.0005499332
2026-08-08 00:00:00+00:00,-3.4878e-06,-0.000527902
2026-08-08 01:00:00+00:00,-2.6263e-06,-0.0005210102
2026-08-08 02:00:00+00:00,-6.448e-07,-0.0005051582
2026-08-08 03:00:00+00:00,-8.053e-07,-0.0005064421
2026-08-08 04:00:00+00:00,3.4063e-06,-0.0004727496
2026-08-08 05:00:00+00:00,7.973e-06,-0.0004362157
2026-08-08 06:00:00+00:00,4.4602e-06,-0.0004643184
2026-08-08 07:00:00+00:00,7.5793e-06,-0.0004393653
2026-08-08 08:00:00+00:00,1.8676e-06,-0.0004850593
2026-08-08 09:00:00+00:00,7.1859e-06,-0.0004425126
2026-08-08 10:00:00+00:00,5.5989e-06,-0.0004552085
2026-08-08 11:00:00+00:00,7.3031e-06,-0.0004415755
2026-08-08 12:00:00+00:00,1.9064e-06,-0.0004847487
2026-08-08 13:00:00+00:00,2.249e-07,-0.0004982005
2026-08-08 14:00:00+00:00,3.7403e-06,-0.0004700779
2026-08-08 15:00:00+00:00,1.03643e-05,-0.0004170852
2026-08-08 16:00:00+00:00,1.16551e-05,-0.0004067591
2026-08-08 17:00:00+00:00,1.25e-05,-0.0003778671
2026-08-08 18:00:00+00:00,1.25e-05,-0.0003616407
2026-08-08 19:00:00+00:00,7.9939e-06,-0.0004360488
2026-08-08 20:00:00+00:00,5.799e-07,-0.0004953607
2026-08-08 21:00:00+00:00,7.632e-07,-0.0004938942
2026-08-08 22:00:00+00:00,1.0885e-06,-0.0004912921
2026-08-08 23:00:00+00:00,-4.6189e-06,-0.000536951
2026-08-09 00:00:00+00:00,5.8834e-06,-0.0004529326
2026-08-09 01:00:00+00:00,4.6458e-06,-0.0004628332
2026-08-09 02:00:00+00:00,7.7206e-06,-0.0004382352
2026-08-09 03:00:00+00:00,6.1763e-06,-0.0004505899
2026-08-09 04:00:00+00:00,6.9998e-06,-0.0004440016
2026-08-09 05:00:00+00:00,7.5926e-06,-0.0004392589
2026-08-09 06:00:00+00:00,8.1233e-06,-0.0004350133
2026-08-09 07:00:00+00:00,6.3524e-06,-0.0004491807
2026-08-09 08:00:00+00:00,3.771e-06,-0.0004698323
2026-08-09 09:00:00+00:00,4.5137e-06,-0.0004638902
2026-08-09 10:00:00+00:00,1.25e-05,-0.0003988819
2026-08-09 11:00:00+00:00,7.4875e-06,-0.0004401004
2026-08-09 12:00:00+00:00,1.21653e-05,-0.0004026777
2026-08-09 13:00:00+00:00,2.9844e-06,-0.0004761246
2026-08-09 14:00:00+00:00,8.6098e-06,-0.0004311219
2026-08-09 15:00:00+00:00,5.1382e-06,-0.000458894
2026-08-09 16:00:00+00:00,-1.7894e-06,-0.0005143154
2026-08-09 17:00:00+00:00,5.7059e-06,-0.0004543532
2026-08-09 18:00:00+00:00,-2.0509e-06,-0.0005164076
2026-08-09 19:00:00+00:00,-3.5059e-06,-0.0005280471
2026-08-09 20:00:00+00:00,7.1602e-06,-0.0004427183
2026-08-09 21:00:00+00:00,1.2476e-06,-0.0004900192
2026-08-09 22:00:00+00:00,8.8951e-06,-0.0004288388
2026-08-09 23:00:00+00:00,8.2009e-06,-0.0004343928
2026-08-10 00:00:00+00:00,4.4336e-06,-0.0004645315
2026-08-10 01:00:00+00:00,5.9101e-06,-0.0004527188
2026-08-10 02:00:00+00:00,8.5157e-06,-0.0004318747
2026-08-10 03:00:00+00:00,1.01357e-05,-0.0004189144
2026-08-10 04:00:00+00:00,9.1852e-06,-0.0004265184
2026-08-10 05:00:00+00:00,1.25e-05,-0.0003672612
2026-08-10 06:00:00+00:00,1.25e-05,-0.0003795597
2026-08-10 07:00:00+00:00,5.4127e-06,-0.0004566981
2026-08-10 08:00:00+00:00,1.16814e-05,-0.000406549
2026-08-10 09:00:00+00:00,9.5582e-06,-0.0004235347
2026-08-10 10:00:00+00:00,1.25e-05,-0.0003971449
2026-08-10 11:00:00+00:00,1.25e-05,-0.0003814069
2026-08-10 12:00:00+00:00,1.25e-05,-0.0003160977
2026-08-10 13:00:00+00:00,1.25e-05,-0.0003478133
2026-08-10 14:00:00+00:00,1.25e-05,-0.0003498739
2026-08-10 15:00:00+00:00,1.25e-05,-0.0003188891
2026-08-10 16:00:00+00:00,1.25e-05,-0.0003066372
2026-08-10 17:00:00+00:00,1.25e-05,-0.0003496055
2026-08-10 18:00:00+00:00,1.25e-05,-0.0003021574
2026-08-10 19:00:00+00:00,1.25e-05,-0.0003093237
2026-08-10 20:00:00+00:00,1.25e-05,-0.000237287
2026-08-10 21:00:00+00:00,1.25e-05,-0.0001673608
2026-08-10 22:00:00+00:00,1.25e-05,-0.0002360482
2026-08-10 23:00:00+00:00,1.25e-05,-0.0002451976
2026-08-11 00:00:00+00:00,1.25e-05,-0.000329891
2026-08-11 01:00:00+00:00,1.25e-05,-0.0003019904
2026-08-11 02:00:00+00:00,1.25e-05,-0.0002796391
2026-08-11 03:00:00+00:00,1.25e-05,-0.0002774532
2026-08-11 04:00:00+00:00,1.25e-05,-0.0002337083
2026-08-11 05:00:00+00:00,1.25e-05,-0.0002489821
2026-08-11 06:00:00+00:00,1.25e-05,-0.0001867773
2026-08-11 07:00:00+00:00,1.25e-05,-0.0002342374
2026-08-11 08:00:00+00:00,1.25e-05,-0.0002649419
2026-08-11 09:00:00+00:00,1.25e-05,-0.0003255834
2026-08-11 10:00:00+00:00,1.25e-05,-0.0003516669
2026-08-11 11:00:00+00:00,9.2609e-06,-0.0004259128
2026-08-11 12:00:00+00:00,7.5508e-06,-0.0004395936
2026-08-11 13:00:00+00:00,1.172e-06,-0.0004906241
2026-08-11 14:00:00+00:00,4.9417e-06,-0.0004604667
2026-08-11 15:00:00+00:00,1.25e-05,-0.0003538543
2026-08-11 16:00:00+00:00,1.12217e-05,-0.0004102267
2026-08-11 17:00:00+00:00,9.8951e-06,-0.0004208394
2026-08-11 18:00:00+00:00,1.25e-05,-0.000379946
2026-08-11 19:00:00+00:00,6.8449e-06,-0.0004452407
2026-08-11 20:00:00+00:00,2.8934e-06,-0.0004768529
2026-08-11 21:00:00+00:00,3.7948e-06,-0.0004696412
2026-08-11 22:00:00+00:00,-4.04e-07,-0.0005032322
2026-08-11 23:00:00+00:00,9.864e-07,-0.0004921088
2026-08-12 00:00:00+00:00,1.8184e-06,-0.0004854526
2026-08-12 01:00:00+00:00,9.7266e-06,-0.0004221868
2026-08-12 02:00:00+00:00,1.25e-05,-0.0003928196
2026-08-12 03:00:00+00:00,3.0474e-06,-0.0004756205
2026-08-12 04:00:00+00:00,3.8001e-06,-0.0004695991
2026-08-12 05:00:00+00:00,1.959e-06,-0.0004843283
2026-08-12 06:00:00+00:00,3.0027e-06,-0.0004759781
2026-08-12 07:00:00+00:00,8.8804e-06,-0.0004289569
2026-08-12 08:00:00+00:00,1.04171e-05,-0.0004166628
2026-08-12 09:00:00+00:00,2.8919e-06,-0.000476865
2026-08-12 10:00:00+00:00,5.998e-06,-0.0004520164
2026-08-12 11:00:00+00:00,1.25e-05,-0.0003744622
2026-08-12 12:00:00+00:00,9.9114e-06,-0.0004207089
2026-08-12 13:00:00+00:00,1.14935e-05,-0.0004080519
2026-08-12 14:00:00+00:00,1.25e-05,-0.0003104023
2026-08-12 15:00:00+00:00,1.25e-05,-0.0003026566
2026-08-12 16:00:00+00:00,1.25e-05,-0.000242767
2026-08-12 17:00:00+00:00,1.25e-05,-0.0002540768
2026-08-12 18:00:00+00:00,1.25e-05,-0.0002785925
2026-08-12 19:00:00+00:00,1.25e-05,-0.000277288
2026-08-12 20:00:00+00:00,1.25e-05,-0.0002295143
2026-08-12 21:00:00+00:00,1.25e-05,-0.0002301696
2026-08-12 22:00:00+00:00,1.25e-05,-0.0002679169
2026-08-12 23:00:00+00:00,1.25e-05,-0.0002043895
2026-08-13 00:00:00+00:00,1.25e-05,-0.0002690938
2026-08-13 01:00:00+00:00,1.25e-05,-0.0002865026
2026-08-13 02:00:00+00:00,1.25e-05,-0.0002244662
2026-08-13 03:00:00+00:00,1.25e-05,-0.0003048723
2026-08-13 04:00:00+00:00,1.25e-05,-0.0003665126
2026-08-13 05:00:00+00:00,1.25e-05,-0.0003854749
2026-08-13 06:00:00+00:00,1.25e-05,-0.0003931674
2026-08-13 07:00:00+00:00,8.5818e-06,-0.0004313457
2026-08-13 08:00:00+00:00,3.846e-07,-0.0004969229
2026-08-13 09:00:00+00:00,8.789e-07,-0.0004929689
2026-08-13 10:00:00+00:00,3.696e-06,-0.0004704318
2026-08-13 11:00:00+00:00,9.7988e-06,-0.0004216099
2026-08-13 12:00:00+00:00,8.1549e-06,-0.000434761
2026-08-13 13:00:00+00:00,1.25e-05,-0.000363881
2026-08-13 14:00:00+00:00,1.18671e-05,-0.0004050636
2026-08-13 15:00:00+00:00,1.25e-05,-0.0003746814
2026-08-13 16:00:00+00:00,1.25e-05,-0.0003977803
2026-08-13 17:00:00+00:00,1.25e-05,-0.000383452
2026-08-13 18:00:00+00:00,1.25e-05,-0.0002344611
2026-08-13 19:00:00+00:00,1.25e-05,-0.0001612759
2026-08-13 20:00:00+00:00,1.25e-05,-0.0001180078
2026-08-13 21:00:00+00:00,1.25e-05,-0.0001221081
2026-08-13 22:00:00+00:00,1.25e-05,-6.61242e-05
2026-08-13 23:00:00+00:00,1.25e-05,5.5162e-06
2026-08-14 00:00:00+00:00,1.25e-05,-3.81012e-05
2026-08-14 01:00:00+00:00,1.25e-05,6.7265e-05
2026-08-14 02:00:00+00:00,1.25e-05,5.2202e-05
2026-08-14 03:00:00+00:00,1.25e-05,9.352e-07
2026-08-14 04:00:00+00:00,1.25e-05,-1.88102e-05
2026-08-14 05:00:00+00:00,1.25e-05,7.60644e-05
2026-08-14 06:00:00+00:00,1.25e-05,4.26325e-05
2026-08-14 07:00:00+00:00,1.25e-05,-3.36023e-05
2026-08-14 08:00:00+00:00,1.25e-05,-8.95445e-05
2026-08-14 09:00:00+00:00,1.25e-05,-0.0002044128
2026-08-14 10:00:00+00:00,1.25e-05,-0.0002098257
2026-08-14 11:00:00+00:00,1.25e-05,-0.0002100322
2026-08-14 12:00:00+00:00,1.25e-05,-0.0001550966
2026-08-14 13:00:00+00:00,1.25e-05,-0.0002241581
2026-08-14 14:00:00+00:00,1.25e-05,-0.0002265311
2026-08-14 15:00:00+00:00,1.25e-05,-0.0002933569
2026-08-14 16:00:00+00:00,1.25e-05,-0.0002614108
2026-08-14 17:00:00+00:00,1.25e-05,-0.0003021071
2026-08-14 18:00:00+00:00,1.25e-05,-0.0003026156
2026-08-14 19:00:00+00:00,1.25e-05,-0.0002876181
2026-08-14 20:00:00+00:00,1.25e-05,-0.0002192068
2026-08-14 21:00:00+00:00,1.25e-05,-0.0002298661
2026-08-14 22:00:00+00:00,1.25e-05,-0.0001648788
2026-08-14 23:00:00+00:00,1.25e-05,-0.0002427538
2026-08-15 00:00:00+00:00,1.25e-05,-0.0002323192
2026-08-15 01:00:00+00:00,1.25e-05,-0.0002054814
2026-08-15 02:00:00+00:00,1.25e-05,-0.0001344738
2026-08-15 03:00:00+00:00,1.25e-05,-0.0001347733
2026-08-15 04:00:00+00:00,1.25e-05,-0.0002112362
2026-08-15 05:00:00+00:00,1.25e-05,-0.0002070413
2026-08-15 06:00:00+00:00,1.25e-05,-0.0001994129
2026-08-15 07:00:00+00:00,1.25e-05,-0.0002984971
2026-08-15 08:00:00+00:00,1.25e-05,-0.0003015933
2026-08-15 09:00:00+00:00,1.25e-05,-0.0003710272
2026-08-15 10:00:00+00:00,1.25e-05,-0.0003188616
2026-08-15 11:00:00+00:00,1.25e-05,-0.0003557593
2026-08-15 12:00:00+00:00,1.25e-05,-0.0003352414
2026-08-15 13:00:00+00:00,1.25e-05,-0.0003463106
2026-08-15 14:00:00+00:00,1.25e-05,-0.0003877161
2026-08-15 15:00:00+00:00,1.25e-05,-0.0003978035
2026-08-15 16:00:00+00:00,1.25e-05,-0.0003519655
2026-08-15 17:00:00+00:00,1.25e-05,-0.000347313
2026-08-15 18:00:00+00:00,1.25e-05,-0.0003235395
2026-08-15 19:00:00+00:00,9.9101e-06,-0.0004207196
2026-08-15 20:00:00+00:00,1.25e-05,-0.0003805091
2026-08-15 21:00:00+00:00,1.0294e-05,-0.0004176479
2026-08-15 22:00:00+00:00,1.25e-05,-0.0003928025
2026-08-15 23:00:00+00:00,1.25e-05,-0.0003975586
2026-08-16 00:00:00+00:00,1.25e-05,-0.0003852935
2026-08-16 01:00:00+00:00,1.25e-05,-0.0003698534
2026-08-16 02:00:00+00:00,1.25e-05,-0.000344432
2026-08-16 03:00:00+00:00,1.25e-05,-0.0003403897
2026-08-16 04:00:00+00:00,1.25e-05,-0.0003355305
2026-08-16 05:00:00+00:00,1.25e-05,-0.0003673095
2026-08-16 06:00:00+00:00,6.7595e-06,-0.0004459243
2026-08-16 07:00:00+00:00,1.25e-05,-0.000385135
2026-08-16 08:00:00+00:00,1.25e-05,-0.0003189871
2026-08-16 09:00:00+00:00,1.25e-05,-0.0002883397
2026-08-16 10:00:00+00:00,1.25e-05,-0.0003015948
2026-08-16 11:00:00+00:00,1.16891e-05,-0.0004064874
2026-08-16 12:00:00+00:00,1.25e-05,-0.0003829431
2026-08-16 13:00:00+00:00,1.09822e-05,-0.0004121425
2026-08-16 14:00:00+00:00,1.25e-05,-0.0003555234
2026-08-16 15:00:00+00:00,1.25e-05,-0.0003795694
2026-08-16 16:00:00+00:00,1.25e-05,-0.0003771758
2026-08-16 17:00:00+00:00,8.2199e-06,-0.0004342412
2026-08-16 18:00:00+00:00,1.17447e-05,-0.0004060421
2026-08-16 19:00:00+00:00,1.25e-05,-0.0003942437
2026-08-16 20:00:00+00:00,1.25e-05,-0.0003617417
2026-08-16 21:00:00+00:00,6.397e-06,-0.0004488239
2026-08-16 22:00:00+00:00,1.03011e-05,-0.000417591
2026-08-16 23:00:00+00:00,1.25e-05,-0.0003978699
2026-08-17 00:00:00+00:00,1.25e-05,-0.0003783553
2026-08-17 01:00:00+00:00,1.25e-05,-0.0003955457
2026-08-17 02:00:00+00:00,9.4327e-06,-0.0004245385
2026-08-17 03:00:00+00:00,1.07921e-05,-0.0004136629
2026-08-17 04:00:00+00:00,8.2737e-06,-0.0004338102
2026-08-17 05:00:00+00:00,7.6361e-06,-0.0004389111
2026-08-17 06:00:00+00:00,4.7265e-06,-0.0004621878
2026-08-17 07:00:00+00:00,2.644e-07,-0.0004978845
2026-08-17 08:00:00+00:00,1.1236e-06,-0.0004910114
2026-08-17 09:00:00+00:00,3.7078e-06,-0.0004703374
2026-08-17 10:00:00+00:00,-9.839e-07,-0.0005078714
2026-08-17 11:00:00+00:00,7.425e-07,-0.0004940604
2026-08-17 12:00:00+00:00,2.7622e-06,-0.0004779021
2026-08-17 13:00:00+00:00,-3.098e-06,-0.0005247841
2026-08-17 14:00:00+00:00,5.794e-07,-0.0004953649
2026-08-17 15:00:00+00:00,-8.265e-07,-0.0005066123
2026-08-17 16:00:00+00:00,-3.4034e-06,-0.0005272273
2026-08-17 17:00:00+00:00,-7.7952e-06,-0.0005623617
2026-08-17 18:00:00+00:00,-2.8391e-06,-0.0005227132
2026-08-17 19:00:00+00:00,-5.1835e-06,-0.0005414681
2026-08-17 20:00:00+00:00,-1.34577e-05,-0.0006076616
2026-08-17 21:00:00+00:00,-1.11512e-05,-0.0005892095
2026-08-17 22:00:00+00:00,-1.38638e-05,-0.0006109107
2026-08-17 23:00:00+00:00,-1.23404e-05,-0.0005987233
2026-08-18 00:00:00+00:00,-1.14363e-05,-0.0005914901
2026-08-18 01:00:00+00:00,-1.12613e-05,-0.0005900903
2026-08-18 02:00:00+00:00,-1.1504e-05,-0.0005920321
2026-08-18 03:00:00+00:00,-9.5643e-06,-0.0005765141
2026-08-18 04:00:00+00:00,-2.3276e-06,-0.0005186212
2026-08-18 05:00:00+00:00,-5.0045e-06,-0.0005400363
2026-08-18 06:00:00+00:00,-3.588e-07,-0.0005028706
2026-08-18 07:00:00+00:00,-2.1395e-06,-0.0005171162
2026-08-18 08:00:00+00:00,-1.9325e-06,-0.0005154603
2026-08-18 09:00:00+00:00,-5.434e-07,-0.000504347
2026-08-18 10:00:00+00:00,-4.8273e-06,-0.0005386184
2026-08-18 11:00:00+00:00,1.09e-06,-0.00049128
2026-08-18 12:00:00+00:00,4.5366e-06,-0.000463707
2026-08-18 13:00:00+00:00,-2.0903e-06,-0.0005167227
2026-08-18 14:00:00+00:00,2.5736e-06,-0.0004794113
2026-08-18 15:00:00+00:00,-4.563e-07,-0.0005036504
2026-08-18 16:00:00+00:00,2.1628e-06,-0.0004826975
2026-08-18 17:00:00+00:00,-7.6785e-06,-0.000561428
2026-08-18 18:00:00+00:00,-2.8695e-06,-0.0005229556
2026-08-18 19:00:00+00:00,-3.4418e-06,-0.0005275343
2026-08-18 20:00:00+00:00,7.546e-07,-0.0004939631
2026-08-18 21:00:00+00:00,3.3855e-06,-0.0004729163
2026-08-18 22:00:00+00:00,2.0959e-06,-0.0004832328
2026-08-18 23:00:00+00:00,3.8226e-06,-0.0004694196
2026-08-19 00:00:00+00:00,1.25e-05,-0.0003392458
2026-08-19 01:00:00+00:00,2.367e-06,-0.0004810637
2026-08-19 02:00:00+00:00,-3.3533e-06,-0.0005268266
2026-08-19 03:00:00+00:00,7.722e-07,-0.0004938227
2026-08-19 04:00:00+00:00,6.1133e-06,-0.0004510938
2026-08-19 05:00:00+00:00,7.8289e-06,-0.0004373684
2026-08-19 06:00:00+00:00,6.1968e-06,-0.0004504257
2026-08-19 07:00:00+00:00,1.5804e-06,-0.0004873571
2026-08-19 08:00:00+00:00,4.111e-06,-0.0004671122
2026-08-19 09:00:00+00:00,4.3357e-06,-0.0004653141
2026-08-19 10:00:00+00:00,2.5711e-06,-0.0004794311
2026-08-19 11:00:00+00:00,6.5025e-06,-0.00044798
2026-08-19 12:00:00+00:00,3.7062e-06,-0.0004703505
2026-08-19 13:00:00+00:00,-5.874e-07,-0.0005046993
2026-08-19 14:00:00+00:00,-7.706e-07,-0.0005061646
2026-08-19 15:00:00+00:00,-5.729e-07,-0.000504583
2026-08-19 16:00:00+00:00,1.25e-05,-0.0002939018
2026-08-19 17:00:00+00:00,1.25e-05,-0.0003991424
2026-08-19 18:00:00+00:00,1.25e-05,-0.0003763122
2026-08-19 19:00:00+00:00,1.03515e-05,-0.0004171884
2026-08-19 20:00:00+00:00,7.2691e-06,-0.0004418469
2026-08-19 21:00:00+00:00,1.25e-05,-0.0003990607
2026-08-19 22:00:00+00:00,1.25e-05,-0.0001111771
2026-08-19 23:00:00+00:00,1.25e-05,-0.0002265601
2026-08-20 00:00:00+00:00,1.25e-05,-0.0002454548
2026-08-20 01:00:00+00:00,1.25e-05,-0.0002750858
2026-08-20 02:00:00+00:00,1.25e-05,-0.00028728
2026-08-20 03:00:00+00:00,1.25e-05,-0.0001879303
2026-08-20 04:00:00+00:00,1.25e-05,-5.31731e-05
2026-08-20 05:00:00+00:00,1.25e-05,-6.53042e-05
2026-08-20 06:00:00+00:00,1.25e-05,-0.0001268363
2026-08-20 07:00:00+00:00,1.25e-05,-8.28237e-05
2026-08-20 08:00:00+00:00,1.25e-05,-0.0001713007
2026-08-20 09:00:00+00:00,1.25e-05,-5.70321e-05
2026-08-20 10:00:00+00:00,1.25e-05,-0.0002332348
2026-08-20 11:00:00+00:00,1.25e-05,-0.0001789309
2026-08-20 12:00:00+00:00,1.25e-05,-0.0002301086
2026-08-20 13:00:00+00:00,1.25e-05,-0.0003149914
2026-08-20 14:00:00+00:00,1.25e-05,-0.0003387302
2026-08-20 15:00:00+00:00,1.25e-05,-0.0003424127
2026-08-20 16:00:00+00:00,1.25e-05,-0.0001951967
2026-08-20 17:00:00+00:00,1.25e-05,-0.0001083965
2026-08-20 18:00:00+00:00,1.25e-05,-0.0001799881
2026-08-20 19:00:00+00:00,1.25e-05,-0.0002531541
2026-08-20 20:00:00+00:00,1.25e-05,-0.0003145634
2026-08-20 21:00:00+00:00,1.25e-05,-0.0003637031
2026-08-20 22:00:00+00:00,1.25e-05,-0.0003963945
2026-08-20 23:00:00+00:00,7.8576e-06,-0.0004371394
2026-08-21 00:00:00+00:00,1.15542e-05,-0.0004075663
2026-08-21 01:00:00+00:00,1.25e-05,-0.0001746447
2026-08-21 02:00:00+00:00,1.25e-05,-0.0001290729
2026-08-21 03:00:00+00:00,1.25e-05,-6.75404e-05
2026-08-21 04:00:00+00:00,1.25e-05,-0.0001153595
2026-08-21 05:00:00+00:00,1.25e-05,2.34921e-05
2026-08-21 06:00:00+00:00,1.25e-05,1.74033e-05
2026-08-21 07:00:00+00:00,1.25e-05,-0.0001053494
2026-08-21 08:00:00+00:00,1.25e-05,-7.2061e-06
2026-08-21 09:00:00+00:00,1.25e-05,0.0003197136
2026-08-21 10:00:00+00:00,1.25e-05,0.0002956107
2026-08-21 11:00:00+00:00,1.25e-05,0.0002608403
2026-08-21 12:00:00+00:00,1.25e-05,0.0002112519
2026-08-21 13:00:00+00:00,1.25e-05,0.00043328
2026-08-21 14:00:00+00:00,1.25e-05,0.0002735253
2026-08-21 15:00:00+00:00,1.25e-05,0.000248358
2026-08-21 16:00:00+00:00,1.25e-05,0.0002751963
2026-08-21 17:00:00+00:00,1.25e-05,0.0002512687
2026-08-21 18:00:00+00:00,1.25e-05,0.0001669614
2026-08-21 19:00:00+00:00,1.25e-05,8.28521e-05
2026-08-21 20:00:00+00:00,1.25e-05,-7.24319e-05
2026-08-21 21:00:00+00:00,1.25e-05,-6.5426e-05
2026-08-21 22:00:00+00:00,1.25e-05,0.0002711215
2026-08-21 23:00:00+00:00,1.25e-05,0.0004448627
2026-08-22 00:00:00+00:00,1.25e-05,0.0003771955
2026-08-22 01:00:00+00:00,1.25e-05,0.000311632
2026-08-22 02:00:00+00:00,1.25e-05,0.0002127863
2026-08-22 03:00:00+00:00,1.25e-05,0.0003412033
2026-08-22 04:00:00+00:00,1.25e-05,0.0005589512
2026-08-22 05:00:00+00:00,2.00245e-05,0.0006601957
2026-08-22 06:00:00+00:00,1.25e-05,0.0005412297
2026-08-22 07:00:00+00:00,1.80129e-05,0.0006441032
2026-08-22 08:00:00+00:00,1.25e-05,0.0005852439
2026-08-22 09:00:00+00:00,1.25e-05,0.0005300144
2026-08-22 10:00:00+00:00,1.25e-05,0.0003292537
2026-08-22 11:00:00+00:00,1.25e-05,0.000319614
2026-08-22 12:00:00+00:00,1.25e-05,0.0004336682
2026-08-22 13:00:00+00:00,1.25e-05,0.0005932956
2026-08-22 14:00:00+00:00,1.39297e-05,0.0006114372
2026-08-22 15:00:00+00:00,1.3762e-05,0.0006100964
2026-08-22 16:00:00+00:00,1.83655e-05,0.0006469238
2026-08-22 17:00:00+00:00,2.37022e-05,0.0006896175
2026-08-22 18:00:00+00:00,2.53473e-05,0.0007027787
2026-08-22 19:00:00+00:00,1.6638e-05,0.0006331043
2026-08-22 20:00:00+00:00,2.78738e-05,0.0007229908
2026-08-22 21:00:00+00:00,3.46891e-05,0.0007775129
2026-08-22 22:00:00+00:00,2.58199e-05,0.0007065588
2026-08-22 23:00:00+00:00,2.58502e-05,0.0007068017
2026-08-23 00:00:00+00:00,2.88143e-05,0.0007305141
2026-08-23 01:00:00+00:00,2.96141e-05,0.0007369131
2026-08-23 02:00:00+00:00,2.79927e-05,0.0007239413
2026-08-23 03:00:00+00:00,2.16775e-05,0.0006734203
2026-08-23 04:00:00+00:00,2.21886e-05,0.0006775092
2026-08-23 05:00:00+00:00,1.25e-05,0.0005983256
2026-08-23 06:00:00+00:00,1.25e-05,0.0005512324
2026-08-23 07:00:00+00:00,1.25e-05,0.0005059564
2026-08-23 08:00:00+00:00,1.25e-05,0.0005582909
2026-08-23 09:00:00+00:00,1.98047e-05,0.0006584376
2026-08-23 10:00:00+00:00,2.25142e-05,0.0006801136
2026-08-23 11:00:00+00:00,1.57986e-05,0.0006263884
2026-08-23 12:00:00+00:00,1.25e-05,0.0005739157
2026-08-23 13:00:00+00:00,1.25e-05,0.0005584957
2026-08-23 14:00:00+00:00,2.01648e-05,0.0006613182
2026-08-23 15:00:00+00:00,1.29964e-05,0.0006039714
2026-08-23 16:00:00+00:00,1.25e-05,0.0004258632
2026-08-23 17:00:00+00:00,1.25e-05,0.0004141591
2026-08-23 18:00:00+00:00,1.25e-05,0.0004245145
2026-08-23 19:00:00+00:00,1.25e-05,0.0004455653
2026-08-23 20:00:00+00:00,1.25e-05,0.0004636812
2026-08-23 21:00:00+00:00,1.25e-05,0.0004186712
2026-08-23 22:00:00+00:00,3.12444e-05,0.0007499552
2026-08-23 23:00:00+00:00,3.24491e-05,0.0007595927
2026-08-24 00:00:00+00:00,2.8976e-05,0.0007318083
2026-08-24 01:00:00+00:00,3.32124e-05,0.0007656993
2026-08-24 02:00:00+00:00,1.65587e-05,0.0006324692
2026-08-24 03:00:00+00:00,1.25e-05,0.0004885209
2026-08-24 04:00:00+00:00,1.25e-05,0.0005784045
2026-08-24 05:00:00+00:00,1.69376e-05,0.0006355006
2026-08-24 06:00:00+00:00,1.33537e-05,0.0006068294
2026-08-24 07:00:00+00:00,1.25e-05,0.0005978203
2026-08-24 08:00:00+00:00,2.24948e-05,0.0006799584
2026-08-24 09:00:00+00:00,1.25e-05,0.0005062791
2026-08-24 10:00:00+00:00,1.25e-05,0.0004992162
2026-08-24 11:00:00+00:00,1.25e-05,0.0005398567
2026-08-24 12:00:00+00:00,2.30331e-05,0.000684265
2026-08-24 13:00:00+00:00,3.7785e-05,0.00080228
2026-08-24 14:00:00+00:00,2.31871e-05,0.0006854967
2026-08-24 15:00:00+00:00,3.54289e-05,0.0007834314
2026-08-24 16:00:00+00:00,1.25e-05,0.0005747788
2026-08-24 17:00:00+00:00,1.25e-05,0.0002889744
2026-08-24 18:00:00+00:00,1.25e-05,0.0001299685
2026-08-24 19:00:00+00:00,1.25e-05,0.0001080916
2026-08-24 20:00:00+00:00,1.25e-05,-2.0943e-06
2026-08-24 21:00:00+00:00,1.25e-05,-9.74325e-05
2026-08-24 22:00:00+00:00,1.25e-05,-8.36359e-05
2026-08-24 23:00:00+00:00,1.25e-05,-7.15885e-05
2026-08-25 00:00:00+00:00,1.25e-05,-2.93124e-05
2026-08-25 01:00:00+00:00,1.25e-05,8.02332e-05
2026-08-25 02:00:00+00:00,1.25e-05,0.000206487
2026-08-25 03:00:00+00:00,1.25e-05,0.0001446433
2026-08-25 04:00:00+00:00,1.25e-05,0.0002597471
2026-08-25 05:00:00+00:00,1.25e-05,0.00010229
2026-08-25 06:00:00+00:00,1.25e-05,0.0002039175
2026-08-25 07:00:00+00:00,1.25e-05,0.000244897
2026-08-25 08:00:00+00:00,1.25e-05,0.0002165947
2026-08-25 09:00:00+00:00,1.25e-05,6.59727e-05
2026-08-25 10:00:00+00:00,1.25e-05,-7.2955e-06
2026-08-25 11:00:00+00:00,1.25e-05,-0.0001458691
2026-08-25 12:00:00+00:00,1.25e-05,-0.0001780345
2026-08-25 13:00:00+00:00,1.25e-05,-0.000223684
2026-08-25 14:00:00+00:00,1.25e-05,-0.0002112431
2026-08-25 15:00:00+00:00,1.25e-05,-0.0001946247
2026-08-25 16:00:00+00:00,1.25e-05,-0.0002187174
2026-08-25 17:00:00+00:00,1.25e-05,-0.0001012478
2026-08-25 18:00:00+00:00,1.25e-05,-0.0002199884
2026-08-25 19:00:00+00:00,1.25e-05,-0.0002239189
2026-08-25 20:00:00+00:00,1.25e-05,-0.0002654722
2026-08-25 21:00:00+00:00,1.25e-05,-0.0003348366
2026-08-25 22:00:00+00:00,1.25e-05,-0.0003905498
2026-08-25 23:00:00+00:00,1.25e-05,-0.0003291223
2026-08-26 00:00:00+00:00,9.0053e-06,-0.0004279572
2026-08-26 01:00:00+00:00,1.25e-05,-0.0003977021
2026-08-26 02:00:00+00:00,1.25e-05,-0.0003081245
2026-08-26 03:00:00+00:00,1.25e-05,-0.0001860173
2026-08-26 04:00:00+00:00,1.25e-05,-0.0001278803
2026-08-26 05:00:00+00:00,1.25e-05,-8.73237e-05
2026-08-26 06:00:00+00:00,1.25e-05,-0.0001230086
2026-08-26 07:00:00+00:00,1.25e-05,-0.0001850467
2026-08-26 08:00:00+00:00,1.25e-05,-0.0001036676
2026-08-26 09:00:00+00:00,1.25e-05,-9.09241e-05
2026-08-26 10:00:00+00:00,1.25e-05,-0.0001483133
2026-08-26 11:00:00+00:00,1.25e-05,-0.0001263229
2026-08-26 12:00:00+00:00,1.25e-05,-0.0002276958
2026-08-26 13:00:00+00:00,1.25e-05,-0.0002023006
2026-08-26 14:00:00+00:00,1.25e-05,-0.0002648348
2026-08-26 15:00:00+00:00,1.25e-05,-0.0002088501
2026-08-26 16:00:00+00:00,1.25e-05,-7.84854e-05
2026-08-26 17:00:00+00:00,1.25e-05,-0.0001469598
2026-08-26 18:00:00+00:00,1.25e-05,-0.0001071171
2026-08-26 19:00:00+00:00,1.25e-05,-8.15128e-05
2026-08-26 20:00:00+00:00,1.25e-05,-0.0001777044
2026-08-26 21:00:00+00:00,1.25e-05,-0.0001942332
2026-08-26 22:00:00+00:00,1.25e-05,-7.90405e-05
2026-08-26 23:00:00+00:00,1.25e-05,-1.9603e-05
2026-08-27 00:00:00+00:00,1.25e-05,-7.95066e-05
2026-08-27 01:00:00+00:00,1.25e-05,-8.93486e-05
2026-08-27 02:00:00+00:00,1.25e-05,-0.000201361
2026-08-27 03:00:00+00:00,1.25e-05,-0.0002444721
2026-08-27 04:00:00+00:00,1.25e-05,-0.000200767
2026-08-27 05:00:00+00:00,1.25e-05,-0.0001938571
2026-08-27 06:00:00+00:00,1.25e-05,-0.0001999309
2026-08-27 07:00:00+00:00,1.25e-05,-0.0001597737
2026-08-27 08:00:00+00:00,1.25e-05,-0.0001158931
2026-08-27 09:00:00+00:00,1.25e-05,-4.554e-06
2026-08-27 10:00:00+00:00,1.25e-05,-5.8643e-06
2026-08-27 11:00:00+00:00,1.25e-05,-6.51198e-05
2026-08-27 12:00:00+00:00,1.25e-05,-9.43983e-05
2026-08-27 13:00:00+00:00,1.25e-05,-0.000121277
2026-08-27 14:00:00+00:00,1.25e-05,-0.000120604
2026-08-27 15:00:00+00:00,1.25e-05,-0.0001882032
2026-08-27 16:00:00+00:00,1.25e-05,-0.0003339108
2026-08-27 17:00:00+00:00,1.25e-05,-0.0003887142
2026-08-27 18:00:00+00:00,1.02038e-05,-0.0004183692
2026-08-27 19:00:00+00:00,1.25e-05,-0.0003901491
2026-08-27 20:00:00+00:00,1.25e-05,-0.0003891099
2026-08-27 21:00:00+00:00,1.25e-05,-0.0003974961
2026-08-27 22:00:00+00:00,1.25e-05,-0.0003835017
2026-08-27 23:00:00+00:00,1.25e-05,-0.0003461074
2026-08-28 00:00:00+00:00,1.25e-05,-0.0003632859
2026-08-28 01:00:00+00:00,1.25e-05,-0.0003897128
2026-08-28 02:00:00+00:00,1.25e-05,-0.0003002984
2026-08-28 03:00:00+00:00,1.04552e-05,-0.0004163583
2026-08-28 04:00:00+00:00,1.13113e-05,-0.0004095094
2026-08-28 05:00:00+00:00,9.9497e-06,-0.0004204027
2026-08-28 06:00:00+00:00,1.25e-05,-0.0003683089
2026-08-28 07:00:00+00:00,1.25e-05,-0.0003281801
2026-08-28 08:00:00+00:00,1.25e-05,-0.0003355603
2026-08-28 09:00:00+00:00,1.25e-05,-0.0003168803
2026-08-28 10:00:00+00:00,1.0785e-05,-0.0004137201
2026-08-28 11:00:00+00:00,1.25e-05,-0.0003282899
2026-08-28 12:00:00+00:00,1.25e-05,-0.0003333662
2026-08-28 13:00:00+00:00,7.9799e-06,-0.000436161
2026-08-28 14:00:00+00:00,8.5158e-06,-0.0004318735
2026-08-28 15:00:00+00:00,1.25e-05,-0.0002428089
2026-08-28 16:00:00+00:00,1.25e-05,-0.0002783709
2026-08-28 17:00:00+00:00,1.25e-05,-0.0003424638
2026-08-28 18:00:00+00:00,1.25e-05,-0.0003705592
2026-08-28 19:00:00+00:00,6.632e-06,-0.0004469441
2026-08-28 20:00:00+00:00,1.24229e-05,-0.0004006167
2026-08-28 21:00:00+00:00,1.25e-05,-0.0003460577
2026-08-28 22:00:00+00:00,1.25e-05,-0.0003616812
2026-08-28 23:00:00+00:00,1.25e-05,-0.0002794043
2026-08-29 00:00:00+00:00,1.25e-05,-0.0003689941
2026-08-29 01:00:00+00:00,1.25e-05,-0.0003752681
2026-08-29 02:00:00+00:00,7.3613e-06,-0.0004411097
2026-08-29 03:00:00+00:00,8.807e-06,-0.000429544
2026-08-29 04:00:00+00:00,9.353e-06,-0.0004251762
2026-08-29 05:00:00+00:00,1.25e-05,-0.0003686835
2026-08-29 06:00:00+00:00,1.25e-05,-0.0002924083
2026-08-29 07:00:00+00:00,1.25e-05,-0.0003647908
2026-08-29 08:00:00+00:00,1.25e-05,-0.0003685784
2026-08-29 09:00:00+00:00,8.063e-06,-0.0004354959
2026-08-29 10:00:00+00:00,1.25e-05,-0.0003898969
2026-08-29 11:00:00+00:00,1.25e-05,-0.0003750929
2026-08-29 12:00:00+00:00,1.25e-05,-0.0003656535
2026-08-29 13:00:00+00:00,1.25e-05,-0.0003960553
2026-08-29 14:00:00+00:00,1.25e-05,-0.0003197806
2026-08-29 15:00:00+00:00,1.25e-05,-0.0003155363
2026-08-29 16:00:00+00:00,1.25e-05,-0.0003268484
2026-08-29 17:00:00+00:00,1.25e-05,-0.0002960596
2026-08-29 18:00:00+00:00,1.25e-05,-0.0003953471
2026-08-29 19:00:00+00:00,1.25e-05,-0.0003321983
2026-08-29 20:00:00+00:00,1.25e-05,-0.0002492153
2026-08-29 21:00:00+00:00,1.25e-05,-0.0003131599
2026-08-29 22:00:00+00:00,1.25e-05,-0.0003032253
2026-08-29 23:00:00+00:00,1.25e-05,-0.0002939984
2026-08-30 00:00:00+00:00,1.25e-05,-0.0002278531
2026-08-30 01:00:00+00:00,1.25e-05,-0.0002416365
2026-08-30 02:00:00+00:00,1.25e-05,-0.0003873045
2026-08-30 03:00:00+00:00,1.25e-05,-0.0003323105
2026-08-30 04:00:00+00:00,1.25e-05,-0.0002762604
2026-08-30 05:00:00+00:00,1.25e-05,-0.000339272
2026-08-30 06:00:00+00:00,1.25e-05,-0.0003927351
2026-08-30 07:00:00+00:00,1.25e-05,-0.0003278472
2026-08-30 08:00:00+00:00,1.25e-05,-0.000267588
2026-08-30 09:00:00+00:00,1.25e-05,-0.0002327031
2026-08-30 10:00:00+00:00,1.25e-05,-0.0002819956
2026-08-30 11:00:00+00:00,1.25e-05,-0.0002697127
2026-08-30 12:00:00+00:00,1.25e-05,-0.0002743352
2026-08-30 13:00:00+00:00,1.25e-05,-0.0001997835
2026-08-30 14:00:00+00:00,1.25e-05,-0.0002039898
2026-08-30 15:00:00+00:00,1.25e-05,-0.0002270371
2026-08-30 16:00:00+00:00,1.25e-05,-0.000230037
2026-08-30 17:00:00+00:00,1.25e-05,-0.0001403631
2026-08-30 18:00:00+00:00,1.25e-05,-0.0001444942
2026-08-30 19:00:00+00:00,1.25e-05,-0.0001659644
2026-08-30 20:00:00+00:00,1.25e-05,-0.0001586613
2026-08-30 21:00:00+00:00,1.25e-05,-0.0002434973
2026-08-30 22:00:00+00:00,1.25e-05,-0.0002000943
2026-08-30 23:00:00+00:00,1.25e-05,-0.0002370676
2026-08-31 00:00:00+00:00,1.25e-05,-0.0002971582
2026-08-31 01:00:00+00:00,1.25e-05,-0.0001883217
2026-08-31 02:00:00+00:00,1.25e-05,-0.0001884601
2026-08-31 03:00:00+00:00,1.25e-05,-0.0002196712
2026-08-31 04:00:00+00:00,1.25e-05,-0.0001998436
2026-08-31 05:00:00+00:00,1.25e-05,-0.0001529337
2026-08-31 06:00:00+00:00,1.25e-05,-2.88918e-05
2026-08-31 07:00:00+00:00,1.25e-05,-2.86752e-05
2026-08-31 08:00:00+00:00,1.25e-05,-1.66381e-05
2026-08-31 09:00:00+00:00,1.25e-05,-5.18937e-05
2026-08-31 10:00:00+00:00,1.25e-05,-9.76918e-05
2026-08-31 11:00:00+00:00,1.25e-05,-3.09667e-05
2026-08-31 12:00:00+00:00,1.25e-05,-0.0001239378
2026-08-31 13:00:00+00:00,1.25e-05,-0.0001550068
2026-08-31 14:00:00+00:00,1.25e-05,-0.0001370066
2026-08-31 15:00:00+00:00,1.25e-05,-7.55108e-05
2026-08-31 16:00:00+00:00,1.25e-05,-0.000124347
2026-08-31 17:00:00+00:00,1.25e-05,-0.0001282418
2026-08-31 18:00:00+00:00,1.25e-05,-0.0002099728
2026-08-31 19:00:00+00:00,1.25e-05,-0.0001396865
2026-08-31 20:00:00+00:00,1.25e-05,-6.90671e-05
2026-08-31 21:00:00+00:00,1.25e-05,-0.0001156553
2026-08-31 22:00:00+00:00,1.25e-05,-0.0001072132
2026-08-31 23:00:00+00:00,1.25e-05,-0.0001711284
2026-09-01 00:00:00+00:00,1.25e-05,-0.0001555878
2026-09-01 01:00:00+00:00,1.25e-05,-0.0001274123
2026-09-01 02:00:00+00:00,1.25e-05,-0.0001927211
2026-09-01 03:00:00+00:00,1.25e-05,-0.0002363609
2026-09-01 04:00:00+00:00,1.25e-05,-0.0001382488
2026-09-01 05:00:00+00:00,1.25e-05,-4.292e-05
2026-09-01 06:00:00+00:00,1.25e-05,1.74235e-05
2026-09-01 07:00:00+00:00,1.25e-05,9.4411e-06
2026-09-01 08:00:00+00:00,1.25e-05,5.05809e-05
2026-09-01 09:00:00+00:00,1.25e-05,-3.07203e-05
2026-09-01 10:00:00+00:00,1.25e-05,-4.52978e-05
2026-09-01 11:00:00+00:00,1.25e-05,-7.9986e-05
2026-09-01 12:00:00+00:00,1.25e-05,-6.11577e-05
2026-09-01 13:00:00+00:00,1.25e-05,-7.18597e-05
2026-09-01 14:00:00+00:00,1.25e-05,-8.88828e-05
2026-09-01 15:00:00+00:00,1.25e-05,-0.000105752
2026-09-01 16:00:00+00:00,1.25e-05,-0.0001249949
2026-09-01 17:00:00+00:00,1.25e-05,-0.0001255341
2026-09-01 18:00:00+00:00,1.25e-05,-0.0001967794
2026-09-01 19:00:00+00:00,1.25e-05,-0.0002437883
2026-09-01 20:00:00+00:00,1.25e-05,-0.0001596476
2026-09-01 21:00:00+00:00,1.25e-05,-0.0001187532
2026-09-01 22:00:00+00:00,1.25e-05,-0.0001814168
2026-09-01 23:00:00+00:00,1.25e-05,-0.0001600053
2026-09-02 00:00:00+00:00,1.25e-05,-0.0001270915
2026-09-02 01:00:00+00:00,1.25e-05,-0.0002159733
2026-09-02 02:00:00+00:00,1.25e-05,-0.0002354989
2026-09-02 03:00:00+00:00,1.25e-05,-0.0001680174
2026-09-02 04:00:00+00:00,1.25e-05,-0.0001306044
2026-09-02 05:00:00+00:00,1.25e-05,-0.0001725238
2026-09-02 06:00:00+00:00,1.25e-05,-0.0001585338
2026-09-02 07:00:00+00:00,1.25e-05,-0.0001774008
2026-09-02 08:00:00+00:00,1.25e-05,-0.0001866362
2026-09-02 09:00:00+00:00,1.25e-05,-0.0002185499
2026-09-02 10:00:00+00:00,1.25e-05,-0.000172452
2026-09-02 11:00:00+00:00,1.25e-05,-0.000164786
2026-09-02 12:00:00+00:00,1.25e-05,-0.0001669091
2026-09-02 13:00:00+00:00,1.25e-05,-4.49149e-05
2026-09-02 14:00:00+00:00,1.25e-05,-5.94004e-05
2026-09-02 15:00:00+00:00,1.25e-05,-1.37416e-05
2026-09-02 16:00:00+00:00,1.25e-05,-9.52209e-05
2026-09-02 17:00:00+00:00,1.25e-05,-0.0001545747
2026-09-02 18:00:00+00:00,1.25e-05,-0.0002008231
2026-09-02 19:00:00+00:00,1.25e-05,-0.0002091999
2026-09-02 20:00:00+00:00,1.25e-05,-0.0002817503
2026-09-02 21:00:00+00:00,1.25e-05,-0.0002802897
2026-09-02 22:00:00+00:00,1.25e-05,-0.0003105293
2026-09-02 23:00:00+00:00,1.25e-05,-0.0003314588
2026-09-03 00:00:00+00:00,1.25e-05,-0.0003114648
2026-09-03 01:00:00+00:00,1.25e-05,-0.0002890164
2026-09-03 02:00:00+00:00,1.25e-05,-0.000192564
2026-09-03 03:00:00+00:00,1.25e-05,-0.0001143498
2026-09-03 04:00:00+00:00,1.25e-05,-0.0001828225
2026-09-03 05:00:00+00:00,1.25e-05,-0.0002341902
2026-09-03 06:00:00+00:00,1.25e-05,-0.0001591523
2026-09-03 07:00:00+00:00,1.25e-05,-0.0001400304
2026-09-03 08:00:00+00:00,1.25e-05,-0.000179167
2026-09-03 09:00:00+00:00,1.25e-05,-0.0002492806
2026-09-03 10:00:00+00:00,1.25e-05,-0.0002982202
2026-09-03 11:00:00+00:00,1.25e-05,-0.0003244561
2026-09-03 12:00:00+00:00,1.25e-05,-0.0003356983
2026-09-03 13:00:00+00:00,1.25e-05,-0.0003319485
2026-09-03 14:00:00+00:00,1.25e-05,-0.0003770958
2026-09-03 15:00:00+00:00,1.25e-05,-0.0003861948
2026-09-03 16:00:00+00:00,1.25e-05,-0.0003242415
2026-09-03 17:00:00+00:00,1.25e-05,-0.000354959
2026-09-03 18:00:00+00:00,1.25e-05,-0.0003508052
2026-09-03 19:00:00+00:00,3.6007e-06,-0.0004711947
2026-09-03 20:00:00+00:00,9.5318e-06,-0.0004237454
2026-09-03 21:00:00+00:00,-2.0564e-06,-0.0005164511
2026-09-03 22:00:00+00:00,6.642e-06,-0.0004468639
2026-09-03 23:00:00+00:00,1.9582e-06,-0.0004843347
2026-09-04 00:00:00+00:00,1.25e-05,-0.0003591749
2026-09-04 01:00:00+00:00,1.25e-05,-0.0003849076
2026-09-04 02:00:00+00:00,4.3313e-06,-0.0004653492
2026-09-04 03:00:00+00:00,4.6781e-06,-0.0004625751
2026-09-04 04:00:00+00:00,1.25e-05,-0.000388607
2026-09-04 05:00:00+00:00,1.25e-05,-0.0003458197
2026-09-04 06:00:00+00:00,1.25e-05,-0.0003786138
2026-09-04 07:00:00+00:00,1.25e-05,-0.0003659976
2026-09-04 08:00:00+00:00,1.25e-05,-0.0002572863
2026-09-04 09:00:00+00:00,1.25e-05,-0.0002281468
2026-09-04 10:00:00+00:00,1.25e-05,-0.0003339187
2026-09-04 11:00:00+00:00,1.25e-05,-0.000339922
2026-09-04 12:00:00+00:00,1.25e-05,-0.0003882725
2026-09-04 13:00:00+00:00,1.25e-05,-0.0003870513
2026-09-04 14:00:00+00:00,1.25e-05,-0.0002342392
2026-09-04 15:00:00+00:00,1.25e-05,-0.0001748289
2026-09-04 16:00:00+00:00,5.3386e-06,-0.0004572908
2026-09-04 17:00:00+00:00,1.25e-05,-0.0003933789
2026-09-04 18:00:00+00:00,1.25e-05,-0.0003377661
2026-09-04 19:00:00+00:00,1.25e-05,-0.0003855999
2026-09-04 20:00:00+00:00,1.25e-05,-0.0003987577
2026-09-04 21:00:00+00:00,1.25e-05,-0.0003848176
2026-09-04 22:00:00+00:00,1.25e-05,-0.0003908522
2026-09-04 23:00:00+00:00,7.2241e-06,-0.000442207
2026-09-05 00:00:00+00:00,7.018e-06,-0.0004438563
2026-09-05 01:00:00+00:00,8.4909e-06,-0.0004320731
2026-09-05 02:00:00+00:00,7.4789e-06,-0.0004401688
2026-09-05 03:00:00+00:00,8.866e-06,-0.0004290721
2026-09-05 04:00:00+00:00,1.25e-05,-0.0003975979
2026-09-05 05:00:00+00:00,6.435e-06,-0.0004485201
2026-09-05 06:00:00+00:00,9.6518e-06,-0.0004227854
2026-09-05 07:00:00+00:00,1.25e-05,-0.000362835
2026-09-05 08:00:00+00:00,9.3555e-06,-0.0004251557
2026-09-05 09:00:00+00:00,8.6426e-06,-0.0004308589
2026-09-05 10:00:00+00:00,9.5552e-06,-0.000423558
2026-09-05 11:00:00+00:00,2.876e-07,-0.0004976996
2026-09-05 12:00:00+00:00,2.8428e-06,-0.0004772577
2026-09-05 13:00:00+00:00,-1.3164e-06,-0.0005105315
2026-09-05 14:00:00+00:00,4.271e-06,-0.0004658317
2026-09-05 15:00:00+00:00,8.7441e-06,-0.0004300474
2026-09-05 16:00:00+00:00,8.8472e-06,-0.000429222
2026-09-05 17:00:00+00:00,1.25e-05,-0.0003401568
2026-09-05 18:00:00+00:00,1.25e-05,-0.0002799641
2026-09-05 19:00:00+00:00,1.25e-05,-0.0003425393
2026-09-05 20:00:00+00:00,1.25e-05,-0.0003883649
2026-09-05 21:00:00+00:00,8.4494e-06,-0.0004324046
2026-09-05 22:00:00+00:00,1.25e-05,-0.0003505861
2026-09-05 23:00:00+00:00,1.25e-05,-0.0003761658
2026-09-06 00:00:00+00:00,1.25e-05,-0.0003775431
2026-09-06 01:00:00+00:00,1.25e-05,-0.0003504957
2026-09-06 02:00:00+00:00,1.25e-05,-0.0003365706
2026-09-06 03:00:00+00:00,1.25e-05,-0.0003432397
2026-09-06 04:00:00+00:00,1.25e-05,-0.0003606964
2026-09-06 05:00:00+00:00,1.25e-05,-0.000342941
2026-09-06 06:00:00+00:00,1.25e-05,-0.000288433
2026-09-06 07:00:00+00:00,1.25e-05,-0.0002956052
2026-09-06 08:00:00+00:00,1.25e-05,-0.0002518251
2026-09-06 09:00:00+00:00,1.25e-05,-0.000230356
2026-09-06 10:00:00+00:00,1.25e-05,-0.0002231488
2026-09-06 11:00:00+00:00,1.25e-05,-0.0002626221
2026-09-06 12:00:00+00:00,1.25e-05,-0.0002739584
2026-09-06 13:00:00+00:00,1.25e-05,-0.0002524564
2026-09-06 14:00:00+00:00,1.25e-05,-0.0002944673
2026-09-06 15:00:00+00:00,1.25e-05,-0.0002825983
2026-09-06 16:00:00+00:00,1.25e-05,-0.0003294904
2026-09-06 17:00:00+00:00,1.25e-05,-0.0003412407
2026-09-06 18:00:00+00:00,1.25e-05,-0.0003688463
2026-09-06 19:00:00+00:00,1.25e-05,-0.0002878507
2026-09-06 20:00:00+00:00,1.25e-05,-0.0003305434
2026-09-06 21:00:00+00:00,1.25e-05,-0.0003485569
2026-09-06 22:00:00+00:00,1.25e-05,-0.0003387986
2026-09-06 23:00:00+00:00,1.25e-05,-0.0003292157
2026-09-07 00:00:00+00:00,1.25e-05,-0.0003627181
2026-09-07 01:00:00+00:00,1.25e-05,-0.0003602943
2026-09-07 02:00:00+00:00,1.25e-05,-0.0003108118
2026-09-07 03:00:00+00:00,1.25e-05,-0.0003334797
2026-09-07 04:00:00+00:00,1.25e-05,-0.0003613094
2026-09-07 05:00:00+00:00,1.25e-05,-0.0003591609
2026-09-07 06:00:00+00:00,1.25e-05,-0.0003774253
2026-09-07 07:00:00+00:00,1.25e-05,-0.0003823649
2026-09-07 08:00:00+00:00,1.07951e-05,-0.000413639
2026-09-07 09:00:00+00:00,1.05166e-05,-0.0004158673
2026-09-07 10:00:00+00:00,1.25e-05,-0.0003899723
2026-09-07 11:00:00+00:00,1.25e-05,-0.0003718885
2026-09-07 12:00:00+00:00,1.25e-05,-0.0003591417
2026-09-07 13:00:00+00:00,1.25e-05,-0.0003259804
2026-09-07 14:00:00+00:00,1.25e-05,-0.0003044387
2026-09-07 15:00:00+00:00,1.7795e-06,-0.0004857638
2026-09-07 16:00:00+00:00,-2.523e-06,-0.0005201842
2026-09-07 17:00:00+00:00,-3.9077e-06,-0.0005312616
2026-09-07 18:00:00+00:00,-3.7952e-06,-0.0005303613
2026-09-07 19:00:00+00:00,-1.13921e-05,-0.0005911366
2026-09-07 20:00:00+00:00,-1.0796e-06,-0.0005086369
2026-09-07 21:00:00+00:00,-8.0253e-06,-0.0005642027
2026-09-07 22:00:00+00:00,-1.11157e-05,-0.0005889254
2026-09-07 23:00:00+00:00,-1.24539e-05,-0.0005996309
2026-09-08 00:00:00+00:00,-9.0535e-06,-0.0005724279
2026-09-08 01:00:00+00:00,-6.2706e-06,-0.0005501648
2026-09-08 02:00:00+00:00,-4.5839e-06,-0.0005366713
2026-09-08 03:00:00+00:00,-3.9132e-06,-0.0005313056
2026-09-08 04:00:00+00:00,5.1997e-06,-0.0004584022
2026-09-08 05:00:00+00:00,-3.2788e-06,-0.0005262305
2026-09-08 06:00:00+00:00,-9.6218e-06,-0.0005769745
2026-09-08 07:00:00+00:00,-8.2712e-06,-0.0005661694
2026-09-08 08:00:00+00:00,-4.9481e-06,-0.000539585
2026-09-08 09:00:00+00:00,-5.4604e-06,-0.0005436829
2026-09-08 10:00:00+00:00,5.987e-06,-0.0004521041
2026-09-08 11:00:00+00:00,1.25e-05,-0.0003926738
2026-09-08 12:00:00+00:00,5.4036e-06,-0.0004567711
2026-09-08 13:00:00+00:00,7.4786e-06,-0.0004401714
2026-09-08 14:00:00+00:00,1.25e-05,-0.0003266659
2026-09-08 15:00:00+00:00,1.25e-05,-0.00031019
2026-09-08 16:00:00+00:00,1.25e-05,-0.0003743154
2026-09-08 17:00:00+00:00,1.25e-05,-0.0003327411
2026-09-08 18:00:00+00:00,1.17931e-05,-0.0004056549
2026-09-08 19:00:00+00:00,1.25e-05,-0.0003974631
2026-09-08 20:00:00+00:00,5.8715e-06,-0.0004530284
2026-09-08 21:00:00+00:00,1.845e-06,-0.0004852402
2026-09-08 22:00:00+00:00,4.5582e-06,-0.0004635343
2026-09-08 23:00:00+00:00,9.8287e-06,-0.0004213707
2026-09-09 00:00:00+00:00,9.8551e-06,-0.0004211592
2026-09-09 01:00:00+00:00,1.05909e-05,-0.000415273
2026-09-09 02:00:00+00:00,1.25e-05,-0.0003293449
2026-09-09 03:00:00+00:00,1.25e-05,-0.0003324042
2026-09-09 04:00:00+00:00,1.25e-05,-0.0003497958
2026-09-09 05:00:00+00:00,1.25e-05,-0.0003267141
2026-09-09 06:00:00+00:00,1.25e-05,-0.0003777171
2026-09-09 07:00:00+00:00,1.25e-05,-0.0002813704
2026-09-09 08:00:00+00:00,1.25e-05,-0.0002082318
2026-09-09 09:00:00+00:00,1.25e-05,-0.0002901081
2026-09-09 10:00:00+00:00,1.25e-05,-0.0003733479
2026-09-09 11:00:00+00:00,1.25e-05,-0.0003703025
2026-09-09 12:00:00+00:00,1.25e-05,-0.0003668051
2026-09-09 13:00:00+00:00,1.25e-05,-0.0002810097
2026-09-09 14:00:00+00:00,1.25e-05,-0.0002892172
2026-09-09 15:00:00+00:00,1.25e-05,-0.0002249723
2026-09-09 16:00:00+00:00,1.25e-05,-0.0002453436
2026-09-09 17:00:00+00:00,1.25e-05,-0.0001477301
2026-09-09 18:00:00+00:00,1.25e-05,-0.0001505367
2026-09-09 19:00:00+00:00,1.25e-05,-0.0003193634
2026-09-09 20:00:00+00:00,1.6849e-06,-0.0004865207
2026-09-09 21:00:00+00:00,-3.6421e-06,-0.0005291367
2026-09-09 22:00:00+00:00,-7.3913e-06,-0.0005591308
2026-09-09 23:00:00+00:00,-1.05282e-05,-0.0005842252
2026-09-10 00:00:00+00:00,-2.7577e-06,-0.0005220619
2026-09-10 01:00:00+00:00,5.0509e-06,-0.0004595931
2026-09-10 02:00:00+00:00,-1.429e-06,-0.000511432
2026-09-10 03:00:00+00:00,1.2553e-06,-0.0004899578
2026-09-10 04:00:00+00:00,1.10503e-05,-0.0004115978
2026-09-10 05:00:00+00:00,1.094e-05,-0.0004124802
2026-09-10 06:00:00+00:00,1.10442e-05,-0.0004116464
2026-09-10 07:00:00+00:00,8.3287e-06,-0.0004333706
2026-09-10 08:00:00+00:00,-1.3024e-06,-0.0005104189
2026-09-10 09:00:00+00:00,7.2217e-06,-0.0004422266
2026-09-10 10:00:00+00:00,9.4897e-06,-0.000424082
2026-09-10 11:00:00+00:00,5.8632e-06,-0.0004530945
2026-09-10 12:00:00+00:00,1.00655e-05,-0.000419476
2026-09-10 13:00:00+00:00,1.25e-05,-0.0003834142
2026-09-10 14:00:00+00:00,1.25e-05,-0.0003282073
2026-09-10 15:00:00+00:00,1.25e-05,-0.0003470686
2026-09-10 16:00:00+00:00,1.25e-05,-0.000314565
2026-09-10 17:00:00+00:00,1.25e-05,-0.0003176757
2026-09-10 18:00:00+00:00,1.25e-05,-0.0002797375
2026-09-10 19:00:00+00:00,1.25e-05,-0.000316044
2026-09-10 20:00:00+00:00,1.25e-05,-0.000316633
2026-09-10 21:00:00+00:00,1.25e-05,-0.0003116999
2026-09-10 22:00:00+00:00,1.25e-05,-0.0003327024
2026-09-10 23:00:00+00:00,1.25e-05,-0.0003099923
2026-09-11 00:00:00+00:00,1.03871e-05,-0.0004169028
2026-09-11 01:00:00+00:00,1.25e-05,-0.0003897221
2026-09-11 02:00:00+00:00,1.25e-05,-0.0002966601
2026-09-11 03:00:00+00:00,1.25e-05,-0.0003024425
2026-09-11 04:00:00+00:00,1.25e-05,-0.0003372518
2026-09-11 05:00:00+00:00,1.25e-05,-0.0002916035
2026-09-11 06:00:00+00:00,1.25e-05,-0.0003179482
2026-09-11 07:00:00+00:00,1.25e-05,-0.0003115413
2026-09-11 08:00:00+00:00,1.25e-05,-0.0003326215
2026-09-11 09:00:00+00:00,8.4408e-06,-0.0004324738
2026-09-11 10:00:00+00:00,-7.3345e-06,-0.0005586762
2026-09-11 11:00:00+00:00,-3.3257e-06,-0.0005266055
2026-09-11 12:00:00+00:00,3.8944e-06,-0.000468845
2026-09-11 13:00:00+00:00,1.25e-05,-0.0003974992
2026-09-11 14:00:00+00:00,1.25e-05,-0.0002887117
2026-09-11 15:00:00+00:00,1.25e-05,-0.0002987676
2026-09-11 16:00:00+00:00,1.25e-05,-0.0003603394
2026-09-11 17:00:00+00:00,1.25e-05,-0.0003995494
2026-09-11 18:00:00+00:00,6.6828e-06,-0.0004465375
2026-09-11 19:00:00+00:00,-1.242e-07,-0.0005009933
2026-09-11 20:00:00+00:00,-1.48e-07,-0.0005011842
2026-09-11 21:00:00+00:00,9.324e-07,-0.0004925406
2026-09-11 22:00:00+00:00,-6.8663e-06,-0.0005549307
2026-09-11 23:00:00+00:00,-9.285e-07,-0.0005074282
2026-09-12 00:00:00+00:00,-5.033e-07,-0.0005040262
2026-09-12 01:00:00+00:00,1.03924e-05,-0.0004168604
2026-09-12 02:00:00+00:00,1.25e-05,-0.000393554
2026-09-12 03:00:00+00:00,1.08623e-05,-0.0004131018
2026-09-12 04:00:00+00:00,4.2242e-06,-0.0004662066
2026-09-12 05:00:00+00:00,1.07257e-05,-0.0004141942
2026-09-12 06:00:00+00:00,4.5516e-06,-0.0004635875
2026-09-12 07:00:00+00:00,5.3916e-06,-0.0004568669
2026-09-12 08:00:00+00:00,-7.2826e-06,-0.0005582606
2026-09-12 09:00:00+00:00,-1.31739e-05,-0.0006053914
2026-09-12 10:00:00+00:00,-1.59518e-05,-0.0006276144
2026-09-12 11:00:00+00:00,-9.8374e-06,-0.0005786994
2026-09-12 12:00:00+00:00,-5.62e-07,-0.0005044959
2026-09-12 13:00:00+00:00,2.403e-06,-0.0004807759
2026-09-12 14:00:00+00:00,5.8827e-06,-0.0004529387
2026-09-12 15:00:00+00:00,5.4689e-06,-0.0004562486
2026-09-12 16:00:00+00:00,-3.1821e-06,-0.0005254565
2026-09-12 17:00:00+00:00,4.3977e-06,-0.0004648183
2026-09-12 18:00:00+00:00,4.764e-07,-0.0004961887
2026-09-12 19:00:00+00:00,-4.5448e-06,-0.0005363583
2026-09-12 20:00:00+00:00,4.0269e-06,-0.000467785
2026-09-12 21:00:00+00:00,5.6104e-06,-0.0004551167
2026-09-12 22:00:00+00:00,6.007e-06,-0.000451944
2026-09-12 23:00:00+00:00,4.127e-06,-0.0004669843
2026-09-13 00:00:00+00:00,5.7025e-06,-0.0004543799
2026-09-13 01:00:00+00:00,9.6371e-06,-0.0004229029
2026-09-13 02:00:00+00:00,1.25e-05,-0.0003510954
2026-09-13 03:00:00+00:00,1.25e-05,-0.0003499723
2026-09-13 04:00:00+00:00,1.25e-05,-0.0003811951
2026-09-13 05:00:00+00:00,1.1898e-05,-0.0004048161
2026-09-13 06:00:00+00:00,3.5602e-06,-0.0004715187
2026-09-13 07:00:00+00:00,9.1338e-06,-0.0004269296
2026-09-13 08:00:00+00:00,1.698e-07,-0.0004986413
2026-09-13 09:00:00+00:00,-3.819e-06,-0.0005305517
2026-09-13 10:00:00+00:00,-1.29538e-05,-0.0006036305
2026-09-13 11:00:00+00:00,-1.38582e-05,-0.0006108659
2026-09-13 12:00:00+00:00,-1.18779e-05,-0.0005950228
2026-09-13 13:00:00+00:00,-1.07648e-05,-0.0005861181
2026-09-13 14:00:00+00:00,-9.1562e-06,-0.0005732492
2026-09-13 15:00:00+00:00,9.372e-06,-0.000425024
2026-09-13 16:00:00+00:00,-7.9395e-06,-0.0005635162
2026-09-13 17:00:00+00:00,6.4524e-06,-0.000448381
2026-09-13 18:00:00+00:00,1.25e-05,-0.0003692577
2026-09-13 19:00:00+00:00,1.25e-05,-0.0003464498
2026-09-13 20:00:00+00:00,1.25e-05,-0.000361468
2026-09-13 21:00:00+00:00,1.25e-05,-0.0003802309
2026-09-13 22:00:00+00:00,1.25e-05,-0.0003312059
2026-09-13 23:00:00+00:00,1.25e-05,-0.0003752705
2026-09-14 00:00:00+00:00,1.25e-05,-0.0002986805
2026-09-14 01:00:00+00:00,1.25e-05,-0.0003225546
2026-09-14 02:00:00+00:00,1.25e-05,-0.0003157188
2026-09-14 03:00:00+00:00,1.25e-05,-0.000331435
2026-09-14 04:00:00+00:00,1.25e-05,-0.0002982668
2026-09-14 05:00:00+00:00,1.25e-05,-0.0003244121
2026-09-14 06:00:00+00:00,1.25e-05,-0.0003871157
2026-09-14 07:00:00+00:00,1.25e-05,-0.0003739113
2026-09-14 08:00:00+00:00,1.25e-05,-0.0003694424
2026-09-14 09:00:00+00:00,1.25e-05,-0.0003818459
2026-09-14 10:00:00+00:00,1.25e-05,-0.0003883003
2026-09-14 11:00:00+00:00,1.02144e-05,-0.0004182846
2026-09-14 12:00:00+00:00,1.25e-05,-0.000380891
2026-09-14 13:00:00+00:00,1.25e-05,-0.0003989232
2026-09-14 14:00:00+00:00,1.25e-05,-0.0003519769
2026-09-14 15:00:00+00:00,1.25e-05,-0.0002492985
2026-09-14 16:00:00+00:00,1.25e-05,-0.0003067124
2026-09-14 17:00:00+00:00,1.25e-05,-0.0002897363
2026-09-14 18:00:00+00:00,1.25e-05,-0.0002808916
2026-09-14 19:00:00+00:00,1.25e-05,-0.0002227599
2026-09-14 20:00:00+00:00,1.25e-05,-0.0002653787
2026-09-14 21:00:00+00:00,1.25e-05,-0.0002523354
2026-09-14 22:00:00+00:00,1.25e-05,-0.0003643979
2026-09-14 23:00:00+00:00,9.7039e-06,-0.0004223686
2026-09-15 00:00:00+00:00,1.25e-05,-0.0003060438
2026-09-15 01:00:00+00:00,1.25e-05,-0.0003530167
2026-09-15 02:00:00+00:00,1.25e-05,-0.0003355568
2026-09-15 03:00:00+00:00,1.25e-05,-0.0003003315
2026-09-15 04:00:00+00:00,1.25e-05,-0.0003474369
2026-09-15 05:00:00+00:00,1.25e-05,-0.0003784991
2026-09-15 06:00:00+00:00,1.25e-05,-0.0003414807
2026-09-15 07:00:00+00:00,8.608e-06,-0.0004311357
2026-09-15 08:00:00+00:00,-3.1248e-06,-0.0005249986
2026-09-15 09:00:00+00:00,1.25e-05,-0.0002593682
2026-09-15 10:00:00+00:00,1.25e-05,-0.0002079332
2026-09-15 11:00:00+00:00,1.25e-05,-0.0002075598
2026-09-15 12:00:00+00:00,1.25e-05,-0.0002634139
2026-09-15 13:00:00+00:00,1.25e-05,-0.0003002964
2026-09-15 14:00:00+00:00,1.25e-05,-0.0002426596
2026-09-15 15:00:00+00:00,1.25e-05,-0.0003446759
2026-09-15 16:00:00+00:00,1.25e-05,-0.0003436308
2026-09-15 17:00:00+00:00,9.533e-06,-0.0004237359
2026-09-15 18:00:00+00:00,1.25e-05,-0.0003937503
2026-09-15 19:00:00+00:00,1.03109e-05,-0.000417513
2026-09-15 20:00:00+00:00,1.23598e-05,-0.0004011213
2026-09-15 21:00:00+00:00,9.3333e-06,-0.0004253336
2026-09-15 22:00:00+00:00,9.1338e-06,-0.0004269295
2026-09-15 23:00:00+00:00,1.02072e-05,-0.0004183428
2026-09-16 00:00:00+00:00,1.08086e-05,-0.0004135313
2026-09-16 01:00:00+00:00,1.21721e-05,-0.0004026232
2026-09-16 02:00:00+00:00,1.25e-05,-0.0003856869
2026-09-16 03:00:00+00:00,1.25e-05,-0.0003252958
2026-09-16 04:00:00+00:00,1.25e-05,-0.0003419854
2026-09-16 05:00:00+00:00,1.25e-05,-0.0003114654
2026-09-16 06:00:00+00:00,1.25e-05,-0.0003191956
2026-09-16 07:00:00+00:00,1.25e-05,-0.0003195328
2026-09-16 08:00:00+00:00,1.25e-05,-0.0003896074
2026-09-16 09:00:00+00:00,9.959e-06,-0.000420328
2026-09-16 10:00:00+00:00,1.2349e-05,-0.0004012082
2026-09-16 11:00:00+00:00,1.25e-05,-0.0003881901
2026-09-16 12:00:00+00:00,1.25e-05,-0.0003296799
2026-09-16 13:00:00+00:00,1.25e-05,-0.0003228488
2026-09-16 14:00:00+00:00,1.25e-05,-0.0003730717
2026-09-16 15:00:00+00:00,1.25e-05,-0.0002494676
2026-09-16 16:00:00+00:00,1.25e-05,-0.0002385563
2026-09-16 17:00:00+00:00,1.25e-05,-0.0001947807
2026-09-16 18:00:00+00:00,1.25e-05,-0.0002768158
2026-09-16 19:00:00+00:00,1.25e-05,-0.0003258909
2026-09-16 20:00:00+00:00,1.25e-05,-0.0003811047
2026-09-16 21:00:00+00:00,7.4758e-06,-0.0004401934
2026-09-16 22:00:00+00:00,6.5189e-06,-0.0004478488
2026-09-16 23:00:00+00:00,5.4607e-06,-0.0004563141
2026-09-17 00:00:00+00:00,1.25e-05,-0.000398734
2026-09-17 01:00:00+00:00,9.8194e-06,-0.0004214448
2026-09-17 02:00:00+00:00,9.0291e-06,-0.0004277671
2026-09-17 03:00:00+00:00,1.25e-05,-0.0003692543
2026-09-17 04:00:00+00:00,1.25e-05,-0.0003955011
2026-09-17 05:00:00+00:00,1.08292e-05,-0.0004133661
2026-09-17 06:00:00+00:00,1.07686e-05,-0.0004138512
2026-09-17 07:00:00+00:00,4.9277e-06,-0.000460578
2026-09-17 08:00:00+00:00,8.1083e-06,-0.0004351332
2026-09-17 09:00:00+00:00,9.5561e-06,-0.0004235512
2026-09-17 10:00:00+00:00,1.24143e-05,-0.0004006854
2026-09-17 11:00:00+00:00,8.3764e-06,-0.0004329887
2026-09-17 12:00:00+00:00,4.1969e-06,-0.0004664249
2026-09-17 13:00:00+00:00,1.07079e-05,-0.0004143371
2026-09-17 14:00:00+00:00,1.25e-05,-0.0003544212
2026-09-17 15:00:00+00:00,1.25e-05,-0.0003448165
2026-09-17 16:00:00+00:00,1.25e-05,-0.0003394169
2026-09-17 17:00:00+00:00,1.25e-05,-0.0003740441
2026-09-17 18:00:00+00:00,1.25e-05,-0.0003579423
2026-09-17 19:00:00+00:00,1.25e-05,-0.0003969916
2026-09-17 20:00:00+00:00,1.25e-05,-0.0003970485
2026-09-17 21:00:00+00:00,1.25e-05,-0.0003625528
2026-09-17 22:00:00+00:00,1.25e-05,-0.0003914925
2026-09-17 23:00:00+00:00,9.5972e-06,-0.0004232223
2026-09-18 00:00:00+00:00,1.14752e-05,-0.0004081984
2026-09-18 01:00:00+00:00,6.8916e-06,-0.0004448674
2026-09-18 02:00:00+00:00,1.22229e-05,-0.0004022172
2026-09-18 03:00:00+00:00,5.0862e-06,-0.0004593106
2026-09-18 04:00:00+00:00,7.6136e-06,-0.0004390912
2026-09-18 05:00:00+00:00,1.16053e-05,-0.0004071577
2026-09-18 06:00:00+00:00,1.25e-05,-0.0003941783
2026-09-18 07:00:00+00:00,9.9136e-06,-0.0004206908
2026-09-18 08:00:00+00:00,1.25e-05,-0.0003427279
2026-09-18 09:00:00+00:00,1.25e-05,-0.000272999
2026-09-18 10:00:00+00:00,1.25e-05,-0.0003503222
2026-09-18 11:00:00+00:00,1.25e-05,-0.0002451899
2026-09-18 12:00:00+00:00,1.25e-05,-0.0002897296
2026-09-18 13:00:00+00:00,1.25e-05,-0.0001928603
2026-09-18 14:00:00+00:00,1.25e-05,-6.96908e-05
2026-09-18 15:00:00+00:00,1.25e-05,1.41023e-05
2026-09-18 16:00:00+00:00,1.25e-05,4.97116e-05
2026-09-18 17:00:00+00:00,1.25e-05,0.0002684559
2026-09-18 18:00:00+00:00,1.25e-05,0.0002305208
2026-09-18 19:00:00+00:00,1.25e-05,0.0002365991
2026-09-18 20:00:00+00:00,1.25e-05,0.0002498777
2026-09-18 21:00:00+00:00,1.25e-05,0.0002542143
2026-09-18 22:00:00+00:00,1.25e-05,0.0002490568
2026-09-18 23:00:00+00:00,1.25e-05,0.0002859248
2026-09-19 00:00:00+00:00,1.25e-05,0.00024651
2026-09-19 01:00:00+00:00,1.25e-05,0.0003953012
2026-09-19 02:00:00+00:00,1.25e-05,0.0005107966
2026-09-19 03:00:00+00:00,1.25e-05,0.000501483
2026-09-19 04:00:00+00:00,1.25e-05,0.00047537
2026-09-19 05:00:00+00:00,1.25e-05,0.0004526942
2026-09-19 06:00:00+00:00,1.25e-05,0.0004520652
2026-09-19 07:00:00+00:00,1.25e-05,0.0005214963
2026-09-19 08:00:00+00:00,1.60878e-05,0.0006287027
2026-09-19 09:00:00+00:00,1.25e-05,0.0005466463
2026-09-19 10:00:00+00:00,1.25e-05,0.000553321
2026-09-19 11:00:00+00:00,1.25e-05,0.000483107
2026-09-19 12:00:00+00:00,1.25e-05,0.0004286637
2026-09-19 13:00:00+00:00,1.25e-05,0.0004117228
2026-09-19 14:00:00+00:00,1.25e-05,0.0003869968
2026-09-19 15:00:00+00:00,1.25e-05,0.000366649
2026-09-19 16:00:00+00:00,1.25e-05,0.0004232724
2026-09-19 17:00:00+00:00,1.25e-05,0.0004568228
2026-09-19 18:00:00+00:00,1.25e-05,0.0003823298
2026-09-19 19:00:00+00:00,1.25e-05,0.0003415364
2026-09-19 20:00:00+00:00,1.25e-05,0.000371406
2026-09-19 21:00:00+00:00,1.25e-05,0.0003366273
2026-09-19 22:00:00+00:00,1.25e-05,0.0002982416
2026-09-19 23:00:00+00:00,1.25e-05,0.0003043265
2026-09-20 00:00:00+00:00,1.25e-05,0.0003551089
2026-09-20 01:00:00+00:00,1.25e-05,0.0003712723
2026-09-20 02:00:00+00:00,1.25e-05,0.0002525147
2026-09-20 03:00:00+00:00,1.25e-05,0.0002389013
2026-09-20 04:00:00+00:00,1.25e-05,0.0001718881
2026-09-20 05:00:00+00:00,1.25e-05,0.0001675962
2026-09-20 06:00:00+00:00,1.25e-05,0.0001138705
2026-09-20 07:00:00+00:00,1.25e-05,8.78817e-05
2026-09-20 08:00:00+00:00,1.25e-05,0.0001008449
2026-09-20 09:00:00+00:00,1.25e-05,5.78601e-05
2026-09-20 10:00:00+00:00,1.25e-05,2.86141e-05
2026-09-20 11:00:00+00:00,1.25e-05,-3.13496e-05
2026-09-20 12:00:00+00:00,1.25e-05,-4.11326e-05
2026-09-20 13:00:00+00:00,1.25e-05,6.69996e-05
2026-09-20 14:00:00+00:00,1.25e-05,0.0001499517
2026-09-20 15:00:00+00:00,1.25e-05,0.0001532178
2026-09-20 16:00:00+00:00,1.25e-05,0.0001127823
2026-09-20 17:00:00+00:00,1.25e-05,0.0002144263
2026-09-20 18:00:00+00:00,1.25e-05,0.000312916
2026-09-20 19:00:00+00:00,1.25e-05,0.0002266518
2026-09-20 20:00:00+00:00,1.25e-05,0.0002497593
2026-09-20 21:00:00+00:00,1.25e-05,0.0002485852
2026-09-20 22:00:00+00:00,1.25e-05,0.0002209697
2026-09-20 23:00:00+00:00,1.25e-05,0.0004074039
2026-09-21 00:00:00+00:00,1.25e-05,0.0004812751
2026-09-21 01:00:00+00:00,1.25e-05,0.0005060628
2026-09-21 02:00:00+00:00,1.25e-05,0.0004789784
2026-09-21 03:00:00+00:00,1.25e-05,0.0004542262
2026-09-21 04:00:00+00:00,1.25e-05,0.0004337024
2026-09-21 05:00:00+00:00,1.25e-05,0.0004015659
2026-09-21 06:00:00+00:00,1.25e-05,0.0003849919
2026-09-21 07:00:00+00:00,1.25e-05,0.0004099881
2026-09-21 08:00:00+00:00,1.25e-05,0.0004810982
2026-09-21 09:00:00+00:00,2.84316e-05,0.0007274525
2026-09-21 10:00:00+00:00,8.97697e-05,0.0012181578
2026-09-21 11:00:00+00:00,2.3337e-05,0.0006866962
2026-09-21 12:00:00+00:00,1.25e-05,0.0003930957
2026-09-21 13:00:00+00:00,4.77311e-05,0.0008818487
2026-09-21 14:00:00+00:00,1.89847e-05,0.0006518777
2026-09-21 15:00:00+00:00,2.01425e-05,0.00066114
2026-09-21 16:00:00+00:00,2.87258e-05,0.0007298066
2026-09-21 17:00:00+00:00,1.7139e-05,0.0006371121
2026-09-21 18:00:00+00:00,1.88648e-05,0.0006509188
2026-09-21 19:00:00+00:00,1.88614e-05,0.0006508914
2026-09-21 20:00:00+00:00,2.06154e-05,0.0006649229
2026-09-21 21:00:00+00:00,1.70272e-05,0.0006362177
2026-09-21 22:00:00+00:00,1.25e-05,0.0004688606
2026-09-21 23:00:00+00:00,1.25e-05,0.0004426953
2026-09-22 00:00:00+00:00,1.25e-05,0.0004916021
2026-09-22 01:00:00+00:00,1.25e-05,0.0004128551
2026-09-22 02:00:00+00:00,1.25e-05,0.0003816186
2026-09-22 03:00:00+00:00,1.25e-05,0.0004658125
2026-09-22 04:00:00+00:00,1.25e-05,0.0005499723
2026-09-22 05:00:00+00:00,1.25e-05,0.0005625824
2026-09-22 06:00:00+00:00,1.25e-05,0.0005660706
2026-09-22 07:00:00+00:00,1.25e-05,0.0005638758
2026-09-22 08:00:00+00:00,1.66959e-05,0.0006335676
2026-09-22 09:00:00+00:00,1.63722e-05,0.0006309773
2026-09-22 10:00:00+00:00,1.86412e-05,0.0006491297
2026-09-22 11:00:00+00:00,2.00887e-05,0.0006607097
2026-09-22 12:00:00+00:00,1.79008e-05,0.0006432064
2026-09-22 13:00:00+00:00,1.61461e-05,0.0006291684
2026-09-22 14:00:00+00:00,1.25e-05,0.0005508563
2026-09-22 15:00:00+00:00,1.25e-05,0.0005181977
2026-09-22 16:00:00+00:00,1.25e-05,0.0004817517
2026-09-22 17:00:00+00:00,1.25e-05,0.0003739392
2026-09-22 18:00:00+00:00,1.25e-05,0.0003757598
2026-09-22 19:00:00+00:00,1.25e-05,0.0004318648
2026-09-22 20:00:00+00:00,1.25e-05,0.0003934667
2026-09-22 21:00:00+00:00,1.25e-05,0.0003221332
2026-09-22 22:00:00+00:00,1.25e-05,0.000343857
2026-09-22 23:00:00+00:00,1.25e-05,0.0004067578
2026-09-23 00:00:00+00:00,1.25e-05,0.0004168705
2026-09-23 01:00:00+00:00,1.25e-05,0.0004951696
2026-09-23 02:00:00+00:00,1.25e-05,0.0005208494
2026-09-23 03:00:00+00:00,1.25e-05,0.0004503502
2026-09-23 04:00:00+00:00,1.25e-05,0.0004636585
2026-09-23 05:00:00+00:00,1.25e-05,0.0005008105
2026-09-23 06:00:00+00:00,1.25e-05,0.0005182376
2026-09-23 07:00:00+00:00,1.26308e-05,0.0006010461
2026-09-23 08:00:00+00:00,1.25e-05,0.0005846428
2026-09-23 09:00:00+00:00,1.25e-05,0.0005471865
2026-09-23 10:00:00+00:00,1.25e-05,0.0005094151
2026-09-23 11:00:00+00:00,1.25e-05,0.0005082471
2026-09-23 12:00:00+00:00,1.25e-05,0.0004240013
2026-09-23 13:00:00+00:00,1.25e-05,0.0003568214
2026-09-23 14:00:00+00:00,1.25e-05,0.0004390732
2026-09-23 15:00:00+00:00,1.25e-05,6.45723e-05
2026-09-23 16:00:00+00:00,1.25e-05,-5.02105e-05
2026-09-23 17:00:00+00:00,1.25e-05,-0.0003446889
2026-09-23 18:00:00+00:00,1.25e-05,-0.0003059656
2026-09-23 19:00:00+00:00,1.25e-05,-0.0003262554
2026-09-23 20:00:00+00:00,1.25e-05,-0.000264084
2026-09-23 21:00:00+00:00,1.17345e-05,-0.0004061237
2026-09-23 22:00:00+00:00,1.25e-05,-0.0003233581
2026-09-23 23:00:00+00:00,1.25e-05,-0.0002657039
2026-09-24 00:00:00+00:00,1.25e-05,-0.0003012073
2026-09-24 01:00:00+00:00,1.25e-05,-0.0003495827
2026-09-24 02:00:00+00:00,1.25e-05,-0.0003275934
2026-09-24 03:00:00+00:00,-7.2281e-06,-0.0005578251
2026-09-24 04:00:00+00:00,-6.0906e-06,-0.0005487252
2026-09-24 05:00:00+00:00,-1.5464e-06,-0.0005123715
2026-09-24 06:00:00+00:00,1.554e-07,-0.0004987565
2026-09-24 07:00:00+00:00,1.3191e-06,-0.0004894472
2026-09-24 08:00:00+00:00,1.17261e-05,-0.0004061912
2026-09-24 09:00:00+00:00,3.7601e-06,-0.0004699194
2026-09-24 10:00:00+00:00,-2.5908e-06,-0.0005207266
2026-09-24 11:00:00+00:00,1.25e-05,-0.0003955476
2026-09-24 12:00:00+00:00,1.25e-05,-0.0003412409
2026-09-24 13:00:00+00:00,1.25e-05,-0.0003105245
2026-09-24 14:00:00+00:00,1.25e-05,-0.0001980079
2026-09-24 15:00:00+00:00,1.25e-05,-0.0001867071
2026-09-24 16:00:00+00:00,1.25e-05,-0.0002260029
2026-09-24 17:00:00+00:00,1.25e-05,-0.0001899618
2026-09-24 18:00:00+00:00,1.25e-05,-0.000295783
2026-09-24 19:00:00+00:00,1.25e-05,-0.0003100634
2026-09-24 20:00:00+00:00,1.25e-05,-0.0002969678
2026-09-24 21:00:00+00:00,1.25e-05,-0.0003097771
2026-09-24 22:00:00+00:00,1.25e-05,-0.0002841498
2026-09-24 23:00:00+00:00,1.25e-05,-0.0003381336
2026-09-25 00:00:00+00:00,1.25e-05,-0.0002987157
2026-09-25 01:00:00+00:00,1.25e-05,-0.0002251999
2026-09-25 02:00:00+00:00,1.25e-05,-0.0001647514
2026-09-25 03:00:00+00:00,1.25e-05,-0.0001317458
2026-09-25 04:00:00+00:00,1.25e-05,-0.000119973
2026-09-25 05:00:00+00:00,1.25e-05,-0.0001931322
2026-09-25 06:00:00+00:00,1.25e-05,-0.0001032777
2026-09-25 07:00:00+00:00,1.25e-05,-9.29947e-05
2026-09-25 08:00:00+00:00,1.25e-05,-0.0001154258
2026-09-25 09:00:00+00:00,1.25e-05,-0.0001270041
2026-09-25 10:00:00+00:00,1.25e-05,-0.0001199195
2026-09-25 11:00:00+00:00,1.25e-05,-0.0001071362
2026-09-25 12:00:00+00:00,1.25e-05,-5.86636e-05
2026-09-25 13:00:00+00:00,1.25e-05,-0.0001586724
2026-09-25 14:00:00+00:00,1.25e-05,-0.0001665562
2026-09-25 15:00:00+00:00,1.25e-05,-0.00021849
2026-09-25 16:00:00+00:00,1.25e-05,-0.0001875303
2026-09-25 17:00:00+00:00,1.25e-05,-0.0001547518
2026-09-25 18:00:00+00:00,1.25e-05,-0.0002083901
2026-09-25 19:00:00+00:00,1.25e-05,-0.0002480721
2026-09-25 20:00:00+00:00,1.25e-05,-0.0002972382
2026-09-25 21:00:00+00:00,1.25e-05,-0.0003382787
2026-09-25 22:00:00+00:00,6.5881e-06,-0.0004472954
2026-09-25 23:00:00+00:00,1.25e-05,-0.0003968751
2026-09-26 00:00:00+00:00,7.4391e-06,-0.0004404874
2026-09-26 01:00:00+00:00,5.1046e-06,-0.0004591628
2026-09-26 02:00:00+00:00,7.4897e-06,-0.0004400821
2026-09-26 03:00:00+00:00,7.1759e-06,-0.0004425925
2026-09-26 04:00:00+00:00,1.15215e-05,-0.0004078281
2026-09-26 05:00:00+00:00,9.1074e-06,-0.0004271407
2026-09-26 06:00:00+00:00,9.395e-06,-0.0004248399
2026-09-26 07:00:00+00:00,1.04235e-05,-0.0004166119
2026-09-26 08:00:00+00:00,9.4943e-06,-0.0004240459
2026-09-26 09:00:00+00:00,8.2963e-06,-0.0004336294
2026-09-26 10:00:00+00:00,1.25e-05,-0.0003603971
2026-09-26 11:00:00+00:00,1.25e-05,-0.0003832381
2026-09-26 12:00:00+00:00,1.25e-05,-0.0003521855
2026-09-26 13:00:00+00:00,1.11208e-05,-0.0004110336
2026-09-26 14:00:00+00:00,1.06422e-05,-0.0004148625
2026-09-26 15:00:00+00:00,1.25e-05,-0.0003907484
2026-09-26 16:00:00+00:00,1.25e-05,-0.000385256
2026-09-26 17:00:00+00:00,1.25e-05,-0.0003921098
2026-09-26 18:00:00+00:00,8.2686e-06,-0.0004338515
2026-09-26 19:00:00+00:00,6.9574e-06,-0.0004443409
2026-09-26 20:00:00+00:00,4.6593e-06,-0.0004627255
2026-09-26 21:00:00+00:00,4.3499e-06,-0.000465201
2026-09-26 22:00:00+00:00,2.7785e-06,-0.0004777718
2026-09-26 23:00:00+00:00,8.5709e-06,-0.0004314329
2026-09-27 00:00:00+00:00,1.25e-05,-0.0003676761
2026-09-27 01:00:00+00:00,1.25e-05,-0.0003453865
2026-09-27 02:00:00+00:00,1.25e-05,-0.0003037097
2026-09-27 03:00:00+00:00,1.25e-05,-0.0003107365
2026-09-27 04:00:00+00:00,1.25e-05,-0.0003127854
2026-09-27 05:00:00+00:00,1.25e-05,-0.000283483
2026-09-27 06:00:00+00:00,1.25e-05,-0.0002936274
2026-09-27 07:00:00+00:00,1.25e-05,-0.0003019522
2026-09-27 08:00:00+00:00,1.25e-05,-0.0002843727
2026-09-27 09:00:00+00:00,1.25e-05,-0.0002180922
2026-09-27 10:00:00+00:00,1.25e-05,-0.0002078208
2026-09-27 11:00:00+00:00,1.25e-05,-0.0002472194
2026-09-27 12:00:00+00:00,1.25e-05,-0.0002066517
2026-09-27 13:00:00+00:00,1.25e-05,-0.0001761819
2026-09-27 14:00:00+00:00,1.25e-05,-0.0002316999
2026-09-27 15:00:00+00:00,1.25e-05,-0.0002634243
2026-09-27 16:00:00+00:00,1.25e-05,-0.0003476905
2026-09-27 17:00:00+00:00,1.25e-05,-0.0003314567
2026-09-27 18:00:00+00:00,1.25e-05,-0.0003347406
2026-09-27 19:00:00+00:00,1.25e-05,-0.000293107
2026-09-27 20:00:00+00:00,1.25e-05,-0.000294323
2026-09-27 21:00:00+00:00,7.2729e-06,-0.0004418166
2026-09-27 22:00:00+00:00,1.25e-05,-0.0003982522
2026-09-27 23:00:00+00:00,7.7054e-06,-0.0004383568
2026-09-28 00:00:00+00:00,7.9535e-06,-0.0004363723
2026-09-28 01:00:00+00:00,1.21536e-05,-0.0004027714
2026-09-28 02:00:00+00:00,1.0614e-06,-0.0004915088
2026-09-28 03:00:00+00:00,-6.533e-06,-0.0005522643
2026-09-28 04:00:00+00:00,-1.02659e-05,-0.0005821275
2026-09-28 05:00:00+00:00,-5.0762e-06,-0.0005406099
2026-09-28 06:00:00+00:00,-5.6554e-06,-0.0005452429
2026-09-28 07:00:00+00:00,1.6044e-06,-0.000487165
2026-09-28 08:00:00+00:00,2.2113e-06,-0.0004823093
2026-09-28 09:00:00+00:00,1.07418e-05,-0.0004140655
2026-09-28 10:00:00+00:00,1.25e-05,-0.0003792153
2026-09-28 11:00:00+00:00,1.25e-05,-0.0003814613
2026-09-28 12:00:00+00:00,1.25e-05,-0.0002543215
2026-09-28 13:00:00+00:00,1.25e-05,-0.0002594805
2026-09-28 14:00:00+00:00,1.25e-05,-0.0002292649
2026-09-28 15:00:00+00:00,1.25e-05,-0.0002967829
2026-09-28 16:00:00+00:00,1.25e-05,-0.0002886854
2026-09-28 17:00:00+00:00,1.25e-05,-0.000172513
2026-09-28 18:00:00+00:00,1.25e-05,-0.0001392784
2026-09-28 19:00:00+00:00,1.25e-05,-0.0001290254
2026-09-28 20:00:00+00:00,1.25e-05,-0.0003719264
2026-09-28 21:00:00+00:00,4.4877e-06,-0.0004640982
2026-09-28 22:00:00+00:00,-1.2815e-06,-0.0005102522
2026-09-28 23:00:00+00:00,-8.1007e-06,-0.0005648056
2026-09-29 00:00:00+00:00,-9.017e-07,-0.0005072134
2026-09-29 01:00:00+00:00,8.985e-07,-0.0004928121
2026-09-29 02:00:00+00:00,-5.916e-07,-0.0005047329
2026-09-29 03:00:00+00:00,-8.734e-07,-0.0005069876
2026-09-29 04:00:00+00:00,8.865e-07,-0.0004929084
2026-09-29 05:00:00+00:00,3.9579e-06,-0.0004683372
2026-09-29 06:00:00+00:00,8.1096e-06,-0.0004351234
2026-09-29 07:00:00+00:00,1.07711e-05,-0.0004138314
2026-09-29 08:00:00+00:00,9.8115e-06,-0.0004215079
2026-09-29 09:00:00+00:00,3.8459e-06,-0.000469233
2026-09-29 10:00:00+00:00,2.2198e-06,-0.0004822414
2026-09-29 11:00:00+00:00,2.1329e-06,-0.0004829372
2026-09-29 12:00:00+00:00,1.03496e-05,-0.0004172036
2026-09-29 13:00:00+00:00,1.14704e-05,-0.000408237
2026-09-29 14:00:00+00:00,1.25e-05,-0.0003281671
2026-09-29 15:00:00+00:00,1.06749e-05,-0.0004146009
2026-09-29 16:00:00+00:00,1.25e-05,-0.0003537751
2026-09-29 17:00:00+00:00,1.25e-05,-0.0002522556
2026-09-29 18:00:00+00:00,1.25e-05,-0.0003137224
2026-09-29 19:00:00+00:00,1.25e-05,-0.0002807931
2026-09-29 20:00:00+00:00,1.25e-05,-0.0003320909
2026-09-29 21:00:00+00:00,1.25e-05,-0.0003322673
2026-09-29 22:00:00+00:00,1.14615e-05,-0.0004083079
2026-09-29 23:00:00+00:00,9.8043e-06,-0.0004215658
2026-09-30 00:00:00+00:00,6.5679e-06,-0.0004474568
2026-09-30 01:00:00+00:00,1.303e-07,-0.0004989575
2026-09-30 02:00:00+00:00,3.5199e-06,-0.000471841
2026-09-30 03:00:00+00:00,3.8856e-06,-0.0004689151
2026-09-30 04:00:00+00:00,7.4702e-06,-0.0004402387
2026-09-30 05:00:00+00:00,5.7355e-06,-0.0004541164
2026-09-30 06:00:00+00:00,5.1788e-06,-0.0004585693
2026-09-30 07:00:00+00:00,3.9309e-06,-0.0004685529
2026-09-30 08:00:00+00:00,3.8794e-06,-0.000468965
2026-09-30 09:00:00+00:00,-1.3368e-06,-0.0005106943
2026-09-30 10:00:00+00:00,3.1582e-06,-0.0004747342
2026-09-30 11:00:00+00:00,5.602e-06,-0.0004551837
2026-09-30 12:00:00+00:00,5.6335e-06,-0.0004549317
2026-09-30 13:00:00+00:00,1.25e-05,-0.0003678194
2026-09-30 14:00:00+00:00,1.25e-05,-0.0001985381
2026-09-30 15:00:00+00:00,1.25e-05,-0.0002569249
2026-09-30 16:00:00+00:00,1.25e-05,-0.0001783442
2026-09-30 17:00:00+00:00,1.25e-05,-0.0001024943
2026-09-30 18:00:00+00:00,1.25e-05,-0.0001278768
2026-09-30 19:00:00+00:00,1.25e-05,-0.0001683507
2026-09-30 20:00:00+00:00,1.25e-05,-0.0001671448
2026-09-30 21:00:00+00:00,1.25e-05,-9.13376e-05
2026-09-30 22:00:00+00:00,1.25e-05,-5.45258e-05
2026-09-30 23:00:00+00:00,1.25e-05,-4.67297e-05
2026-10-01 00:00:00+00:00,1.25e-05,-9.47014e-05
