time,o,h,l,c,v,log_return
2025-10-02T00:00:00+00:00,118573.0,119430.0,118333.0,118591.0,5573.10169,
2025-10-02T02:00:00+00:00,118591.0,119035.0,118431.0,118680.0,1388.78318,0.0007501970672696021
2025-10-02T04:00:00+00:00,118680.0,118879.0,118203.0,118321.0,1940.8524,-0.0030295253992671193
2025-10-02T06:00:00+00:00,118320.0,118638.0,118240.0,118435.0,894.89271,0.0009630168511912096
2025-10-02T08:00:00+00:00,118435.0,118813.0,118301.0,118806.0,889.94097,0.0031276238291672903
2025-10-02T10:00:00+00:00,118806.0,118888.0,118481.0,118725.0,1041.94169,-0.0006820162685269313
2025-10-02T12:00:00+00:00,118724.0,119718.0,118696.0,119563.0,3457.24945,0.007033534669767309
2025-10-02T14:00:00+00:00,119564.0,119923.0,118470.0,119890.0,4795.07056,0.0027312266146094256
2025-10-02T16:00:00+00:00,119890.0,120294.0,119322.0,119889.0,4033.40155,-8.341014017130357e-06
2025-10-02T18:00:00+00:00,119889.0,121050.0,119887.0,120829.0,4106.94462,0.007810008209049731
2025-10-02T20:00:00+00:00,120829.0,120955.0,120120.0,120138.0,2611.83437,-0.005735240876027393
2025-10-02T22:00:00+00:00,120137.0,120671.0,120036.0,120516.0,1792.96063,0.0031414421606347598
2025-10-03T00:00:00+00:00,120516.0,120554.0,119790.0,119881.0,1347.42855,-0.005282940110523034
2025-10-03T02:00:00+00:00,119881.0,120481.0,119857.0,120237.0,1496.45846,0.0029652109449804366
2025-10-03T04:00:00+00:00,120236.0,120336.0,119773.0,119945.0,977.40224,-0.0024314906517742233
2025-10-03T06:00:00+00:00,119945.0,120098.0,119632.0,119647.0,987.92196,-0.0024875634718017465
2025-10-03T08:00:00+00:00,119647.0,120375.0,119216.0,120313.0,1875.06326,0.005550939407539928
2025-10-03T10:00:00+00:00,120312.0,120538.0,120150.0,120363.0,981.2094,0.00041549635791952763
2025-10-03T12:00:00+00:00,120363.0,120707.0,120113.0,120397.0,1366.85728,0.00028243894522361675
2025-10-03T14:00:00+00:00,120398.0,122479.0,119901.0,122321.0,6485.94161,0.015854121244582096
2025-10-03T16:00:00+00:00,122321.0,123950.0,121651.0,122131.0,14410.21358,-0.0015544977194759317
2025-10-03T18:00:00+00:00,122131.0,123021.0,121525.0,122694.0,3350.03847,0.004599211619859569
2025-10-03T20:00:00+00:00,122695.0,122785.0,122037.0,122344.0,1918.15777,-0.0028567017199103316
2025-10-03T22:00:00+00:00,122345.0,122732.0,122228.0,122266.0,838.96506,-0.0006377499091918459
2025-10-04T00:00:00+00:00,122268.0,122347.0,121749.0,121915.0,1270.71644,-0.002874918537935311
2025-10-04T02:00:00+00:00,121916.0,122369.0,121709.0,122283.0,1356.07934,0.003013949979710882
2025-10-04T04:00:00+00:00,122284.0,122853.0,122264.0,122578.0,906.25128,0.00240953147072779
2025-10-04T06:00:00+00:00,122578.0,122645.0,122293.0,122364.0,644.44954,-0.0017473528790446296
2025-10-04T08:00:00+00:00,122364.0,122577.0,122220.0,122258.0,855.34152,-0.000866643283387853
2025-10-04T10:00:00+00:00,122258.0,122366.0,121997.0,122014.0,805.22888,-0.0019977736388317713
2025-10-04T12:00:00+00:00,122014.0,122553.0,122005.0,122436.0,1016.38408,0.003452652233299052
2025-10-04T14:00:00+00:00,122436.0,122513.0,121750.0,121844.0,1845.49682,-0.004846906492246692
2025-10-04T16:00:00+00:00,121844.0,122021.0,121657.0,121808.0,960.19555,-0.0002955034250649596
2025-10-04T18:00:00+00:00,121809.0,122038.0,121500.0,122038.0,952.01541,0.0018864370808408775
2025-10-04T20:00:00+00:00,122038.0,122426.0,121931.0,122257.0,945.46664,0.0017929147847103824
2025-10-04T22:00:00+00:00,122257.0,122500.0,122203.0,122455.0,700.10756,0.0016182291281830882
2025-10-05T00:00:00+00:00,122456.0,122489.0,122200.0,122453.0,695.57288,-1.633266369452341e-05
2025-10-05T02:00:00+00:00,122453.0,124449.0,122417.0,123854.0,6509.33579,0.011376169653560093
2025-10-05T04:00:00+00:00,123853.0,125913.0,123809.0,125226.0,7033.14284,0.011016652290212174
2025-10-05T06:00:00+00:00,125225.0,125335.0,124728.0,124786.0,2973.80653,-0.003519834682110511
2025-10-05T08:00:00+00:00,124786.0,124944.0,122844.0,123095.0,4745.68164,-0.013643855174299483
2025-10-05T10:00:00+00:00,123094.0,123644.0,122594.0,123559.0,3071.99985,0.0037623598023151386
2025-10-05T12:00:00+00:00,123558.0,123559.0,123016.0,123254.0,1462.41446,-0.0024715080263513125
2025-10-05T14:00:00+00:00,123254.0,123435.0,122762.0,122889.0,1592.36682,-0.0029657578524389058
2025-10-05T16:00:00+00:00,122888.0,123550.0,122300.0,123137.0,2415.67803,0.0020160477672978433
2025-10-05T18:00:00+00:00,123136.0,123305.0,122594.0,122680.0,1697.51365,-0.003718217426030911
2025-10-05T20:00:00+00:00,122681.0,123140.0,122545.0,122823.0,1543.52776,0.0011649553461453139
2025-10-05T22:00:00+00:00,122822.0,123623.0,122822.0,123570.0,1850.92347,0.00606350252390292
2025-10-06T00:00:00+00:00,123570.0,124462.0,123184.0,124151.0,4701.62344,0.004690769578089786
2025-10-06T02:00:00+00:00,124151.0,124339.0,123582.0,123941.0,1264.06726,-0.0016929207725735623
2025-10-06T04:00:00+00:00,123941.0,124089.0,123392.0,123676.0,1304.3747,-0.0021404031320218357
2025-10-06T06:00:00+00:00,123676.0,124283.0,123368.0,123474.0,1908.33921,-0.0016346352011264705
2025-10-06T08:00:00+00:00,123474.0,124170.0,123473.0,124049.0,721.15407,0.004646041251232263
2025-10-06T10:00:00+00:00,124048.0,124635.0,123820.0,124314.0,1463.50011,0.002133974066701427
2025-10-06T12:00:00+00:00,124314.0,125180.0,124267.0,125127.0,4262.1236,0.006518598617225153
2025-10-06T14:00:00+00:00,125127.0,125498.0,124415.0,125084.0,5123.79683,-0.0003437099122206347
2025-10-06T16:00:00+00:00,125083.0,125942.0,124879.0,125384.0,3517.84418,0.0023955167403620645
2025-10-06T18:00:00+00:00,125383.0,126297.0,125126.0,125503.0,3536.62538,0.000948634316836521
2025-10-06T20:00:00+00:00,125504.0,125634.0,124552.0,125167.0,3925.00908,-0.00268081702022426
2025-10-06T22:00:00+00:00,125167.0,125350.0,124701.0,124711.0,2034.19185,-0.003649785144712956
2025-10-07T00:00:00+00:00,124711.0,125167.0,124501.0,124768.0,2105.51008,0.00045695229652059876
2025-10-07T02:00:00+00:00,124767.0,124775.0,124140.0,124363.0,2359.66355,-0.0032513043882176048
2025-10-07T04:00:00+00:00,124362.0,124710.0,124130.0,124455.0,2555.23167,0.0007394963723891714
2025-10-07T06:00:00+00:00,124454.0,124523.0,123600.0,123727.0,1767.69984,-0.005866679195264516
2025-10-07T08:00:00+00:00,123726.0,124300.0,123365.0,124164.0,2107.90667,0.0035257468217199973
2025-10-07T10:00:00+00:00,124164.0,124584.0,124068.0,124521.0,1180.32847,0.0028711039687659918
2025-10-07T12:00:00+00:00,124522.0,125244.0,123468.0,124001.0,3894.17534,-0.004184746290932103
2025-10-07T14:00:00+00:00,124001.0,124110.0,121247.0,121971.0,15502.67331,-0.016506318529716034
2025-10-07T16:00:00+00:00,121974.0,122208.0,120878.0,121177.0,8619.65493,-0.006531024909026081
2025-10-07T18:00:00+00:00,121177.0,122047.0,120564.0,121677.0,6916.06546,0.004117706164849156
2025-10-07T20:00:00+00:00,121678.0,122375.0,121678.0,122084.0,2632.89046,0.003339339584355897
2025-10-07T22:00:00+00:00,122084.0,122259.0,121337.0,121401.0,1863.16744,-0.005610216575348769
2025-10-08T00:00:00+00:00,121400.0,122137.0,121334.0,122013.0,2199.08599,0.005028480609709591
2025-10-08T02:00:00+00:00,122014.0,122300.0,121256.0,121424.0,2018.49255,-0.004839043771914755
2025-10-08T04:00:00+00:00,121425.0,121969.0,121103.0,121437.0,1613.20055,0.00010705712331253579
2025-10-08T06:00:00+00:00,121436.0,121943.0,121100.0,121655.0,1800.88816,0.001793560120773864
2025-10-08T08:00:00+00:00,121655.0,122949.0,121575.0,122611.0,2038.26427,0.007827572246996
2025-10-08T10:00:00+00:00,122612.0,123285.0,122583.0,122959.0,1575.47263,0.0028342243185402833
2025-10-08T12:00:00+00:00,122959.0,123115.0,121700.0,122669.0,2988.81717,-0.0023612954121391247
2025-10-08T14:00:00+00:00,122669.0,123387.0,122016.0,122242.0,3596.41594,-0.003486984518129666
2025-10-08T16:00:00+00:00,122243.0,124244.0,122169.0,124105.0,3564.63436,0.015125294946664971
2025-10-08T18:00:00+00:00,124106.0,124303.0,123215.0,123523.0,3235.14752,-0.004700607941281098
2025-10-08T20:00:00+00:00,123514.0,123809.0,122883.0,123356.0,1184.41112,-0.0013528896785212493
2025-10-08T22:00:00+00:00,123356.0,123618.0,123125.0,123385.0,871.00601,0.00023506429927352252
2025-10-09T00:00:00+00:00,123384.0,123428.0,122363.0,122604.0,2063.93519,-0.00634989876976024
2025-10-09T02:00:00+00:00,122603.0,122604.0,121497.0,122078.0,3436.96278,-0.00429946469520691
2025-10-09T04:00:00+00:00,122078.0,122312.0,121817.0,122130.0,1858.26655,0.0004258664809171594
2025-10-09T06:00:00+00:00,122131.0,122212.0,121743.0,121922.0,1376.49059,-0.001704555179733394
2025-10-09T08:00:00+00:00,121922.0,121986.0,121131.0,121835.0,4081.38416,-0.0007138256845483238
2025-10-09T10:00:00+00:00,121835.0,122864.0,121673.0,122752.0,1786.82571,0.007498389502202751
2025-10-09T12:00:00+00:00,122751.0,123783.0,122269.0,122396.0,4145.15776,-0.00290437001524905
2025-10-09T14:00:00+00:00,122397.0,122582.0,120696.0,121187.0,7066.0322,-0.009926882649370932
2025-10-09T16:00:00+00:00,121187.0,121497.0,119526.0,120930.0,11052.91649,-0.002122941359114325
2025-10-09T18:00:00+00:00,120929.0,121064.0,120325.0,120868.0,3604.24078,-0.000512824765786082
2025-10-09T20:00:00+00:00,120876.0,121464.0,120784.0,121422.0,1693.54579,0.004573040286179261
2025-10-09T22:00:00+00:00,121422.0,121742.0,121301.0,121615.0,1430.03439,0.0015882358700124281
2025-10-10T00:00:00+00:00,121615.0,121853.0,121452.0,121612.0,1100.36957,-2.466831396315461e-05
2025-10-10T02:00:00+00:00,121611.0,121621.0,120780.0,120964.0,3656.0781,-0.005342668206095032
2025-10-10T04:00:00+00:00,120964.0,121550.0,120908.0,121527.0,1159.88414,0.004643479647593167
2025-10-10T06:00:00+00:00,121527.0,121703.0,120811.0,120868.0,2108.64546,-0.00543741928372676
2025-10-10T08:00:00+00:00,120869.0,121753.0,120869.0,121223.0,2723.46146,0.0029327835768590996
2025-10-10T10:00:00+00:00,121223.0,121600.0,121154.0,121501.0,1241.94333,0.002290668591150926
2025-10-10T12:00:00+00:00,121501.0,122460.0,121306.0,121630.0,2568.55609,0.001061156430936906
2025-10-10T14:00:00+00:00,121630.0,122000.0,118411.0,118984.0,14395.87906,-0.02199461934004821
2025-10-10T16:00:00+00:00,118985.0,119429.0,117535.0,117612.0,10274.82108,-0.011597959215253667
2025-10-10T18:00:00+00:00,117613.0,117815.0,115804.0,116632.0,12255.74721,-0.008367392272522312
2025-10-10T20:00:00+00:00,116626.0,117129.0,100837.0,113451.0,36688.1656,-0.027652653159809765
2025-10-10T22:00:00+00:00,113451.0,114766.0,110477.0,112761.0,11138.36411,-0.0061004910430760475
2025-10-11T00:00:00+00:00,112729.0,113172.0,110949.0,111060.0,5368.9314,-0.015199938786173827
2025-10-11T02:00:00+00:00,111060.0,113302.0,111042.0,112293.0,3323.10663,0.011040930951642602
2025-10-11T04:00:00+00:00,112294.0,112951.0,111660.0,112388.0,3500.81113,0.0008456434292290855
2025-10-11T06:00:00+00:00,112389.0,112767.0,110051.0,110352.0,3243.74983,-0.018281913505397308
2025-10-11T08:00:00+00:00,110352.0,111849.0,110116.0,111601.0,1747.96482,0.01125475379160604
2025-10-11T10:00:00+00:00,111599.0,112308.0,111581.0,112237.0,981.21859,0.005682696517393736
2025-10-11T12:00:00+00:00,112237.0,112487.0,111802.0,112214.0,1387.99835,-0.0002049445097638229
2025-10-11T14:00:00+00:00,112213.0,112347.0,111735.0,111740.0,1313.32489,-0.004233018457168656
2025-10-11T16:00:00+00:00,111739.0,112154.0,111371.0,111956.0,1485.6524,0.0019311929326506034
2025-10-11T18:00:00+00:00,111956.0,111991.0,110803.0,111146.0,1438.14999,-0.007261284605418398
2025-10-11T20:00:00+00:00,111146.0,111299.0,109546.0,110852.0,3310.76107,-0.002648674059037491
2025-10-11T22:00:00+00:00,110852.0,111249.0,110589.0,110592.0,1042.86055,-0.0023482245576617166
2025-10-12T00:00:00+00:00,110593.0,110626.0,109531.0,109943.0,1964.83808,-0.005885704069897098
2025-10-12T02:00:00+00:00,109944.0,111298.0,109515.0,110619.0,2491.63135,0.006129814897424582
2025-10-12T04:00:00+00:00,110620.0,111887.0,110549.0,111656.0,2504.47701,0.00933085163728012
2025-10-12T06:00:00+00:00,111657.0,112097.0,111439.0,111470.0,1123.0074,-0.0016672198048110173
2025-10-12T08:00:00+00:00,111470.0,111840.0,111066.0,111756.0,1103.24715,0.0025624269259889045
2025-10-12T10:00:00+00:00,111757.0,112050.0,111380.0,111795.0,1010.14017,0.0003489136742458617
2025-10-12T12:00:00+00:00,111795.0,112175.0,111209.0,111253.0,1679.79626,-0.004859950026866289
2025-10-12T14:00:00+00:00,111254.0,113720.0,111138.0,113174.0,10255.30564,0.017119570434438174
2025-10-12T16:00:00+00:00,113174.0,114709.0,113173.0,113784.0,7102.56657,0.00537545685858809
2025-10-12T18:00:00+00:00,113784.0,114388.0,113520.0,114331.0,1443.77154,0.004795835858388526
2025-10-12T20:00:00+00:00,114331.0,115591.0,114219.0,114852.0,5085.99919,0.004546592875454241
2025-10-12T22:00:00+00:00,114854.0,115793.0,114729.0,114940.0,3549.65315,0.0007659100778257237
2025-10-13T00:00:00+00:00,114940.0,115912.0,114748.0,115693.0,2007.64341,0.006529877993301745
2025-10-13T02:00:00+00:00,115693.0,115963.0,114602.0,114808.0,1843.25807,-0.007678963204266613
2025-10-13T04:00:00+00:00,114808.0,114982.0,114398.0,114614.0,1494.92173,-0.0016912070005457064
2025-10-13T06:00:00+00:00,114614.0,115582.0,114407.0,115402.0,2081.0402,0.00685172407826404
2025-10-13T08:00:00+00:00,115402.0,115441.0,114777.0,115103.0,703.28425,-0.00259430526625975
2025-10-13T10:00:00+00:00,115103.0,115158.0,113600.0,114153.0,2901.1294,-0.008287725840694059
2025-10-13T12:00:00+00:00,114153.0,115483.0,113888.0,115302.0,5898.55695,0.010015119338949855
2025-10-13T14:00:00+00:00,115302.0,115476.0,113750.0,114264.0,4084.4699,-0.009043212618017724
2025-10-13T16:00:00+00:00,114267.0,115149.0,114165.0,114988.0,2456.08856,0.006316214532222555
2025-10-13T18:00:00+00:00,114988.0,115835.0,114659.0,115749.0,2629.55029,0.006596278527619166
2025-10-13T20:00:00+00:00,115748.0,115825.0,115342.0,115657.0,1209.83183,-0.0007951393209098067
2025-10-13T22:00:00+00:00,115658.0,115784.0,114932.0,115124.0,1730.33664,-0.004619105972154425
2025-10-14T00:00:00+00:00,115124.0,115371.0,114046.0,114199.0,2968.51881,-0.008067267710959673
2025-10-14T02:00:00+00:00,114198.0,114219.0,113077.0,113427.0,5733.46128,-0.006783082424571274
2025-10-14T04:00:00+00:00,113428.0,113612.0,112306.0,112426.0,4390.81585,-0.008864230755593597
2025-10-14T06:00:00+00:00,112425.0,112635.0,111282.0,111649.0,5429.82348,-0.006935205750604541
2025-10-14T08:00:00+00:00,111648.0,112097.0,111000.0,111227.0,3620.99681,-0.00378686358604508
2025-10-14T10:00:00+00:00,111227.0,111589.0,110020.0,111261.0,4360.85177,0.0003056344635636344
2025-10-14T12:00:00+00:00,111263.0,111311.0,109764.0,110972.0,5366.4401,-0.002600875323763399
2025-10-14T14:00:00+00:00,110971.0,112864.0,110858.0,112848.0,10030.72332,0.016763863226692197
2025-10-14T16:00:00+00:00,112847.0,113154.0,111690.0,112854.0,12949.61326,5.3167450899091245e-05
2025-10-14T18:00:00+00:00,112854.0,113569.0,112021.0,112580.0,6278.8992,-0.002430867880841958
2025-10-14T20:00:00+00:00,112579.0,113180.0,112210.0,113101.0,2018.11325,0.004617144780085944
2025-10-14T22:00:00+00:00,113101.0,113576.0,112803.0,113020.0,2289.74006,-0.0007164306142692674
2025-10-15T00:00:00+00:00,113020.0,113093.0,112282.0,112693.0,1425.66659,-0.0028974868862266592
2025-10-15T02:00:00+00:00,112693.0,113592.0,111763.0,111990.0,3133.48292,-0.006257725720868408
2025-10-15T04:00:00+00:00,111990.0,112630.0,111710.0,112395.0,921.54779,0.0036098708897815963
2025-10-15T06:00:00+00:00,112394.0,112687.0,111835.0,112574.0,1330.5335,0.0015913306968868958
2025-10-15T08:00:00+00:00,112574.0,113511.0,112387.0,112561.0,2773.86504,-0.0001154862639256074
2025-10-15T10:00:00+00:00,112560.0,112638.0,111662.0,111866.0,1762.59202,-0.006193570485727496
2025-10-15T12:00:00+00:00,111867.0,112073.0,110665.0,111351.0,4970.01178,-0.0046143520770538515
2025-10-15T14:00:00+00:00,111351.0,112220.0,110364.0,110800.0,7294.38865,-0.004960600041380325
2025-10-15T16:00:00+00:00,110793.0,111210.0,110164.0,111203.0,4866.97192,0.0036305855566537188
2025-10-15T18:00:00+00:00,111195.0,111568.0,110831.0,111268.0,2658.56584,0.0005843458414765587
2025-10-15T20:00:00+00:00,111262.0,111551.0,110451.0,110782.0,6545.11712,-0.00437739946899901
2025-10-15T22:00:00+00:00,110782.0,111419.0,110561.0,110730.0,2005.18551,-0.00046950053229802963
2025-10-16T00:00:00+00:00,110730.0,111323.0,110321.0,111279.0,1846.44394,0.004945755524031185
2025-10-16T02:00:00+00:00,111280.0,111867.0,110998.0,111288.0,2412.43389,8.087452322142662e-05
2025-10-16T04:00:00+00:00,111300.0,111644.0,110698.0,110883.0,1885.99283,-0.0036458444046345347
2025-10-16T06:00:00+00:00,110883.0,111731.0,110526.0,110526.0,2311.58837,-0.003224803954499758
2025-10-16T08:00:00+00:00,110526.0,111600.0,109503.0,111110.0,3923.20014,0.005269914197782322
2025-10-16T10:00:00+00:00,111110.0,111690.0,111014.0,111405.0,1752.00985,0.0026515081934520095
2025-10-16T12:00:00+00:00,111405.0,112038.0,110672.0,110850.0,2881.5241,-0.004994273727048986
2025-10-16T14:00:00+00:00,110851.0,111435.0,108297.0,108515.0,9517.19098,-0.021289523789371274
2025-10-16T16:00:00+00:00,108525.0,109254.0,107539.0,108243.0,8624.45772,-0.0025097126082501923
2025-10-16T18:00:00+00:00,108244.0,108753.0,107657.0,108211.0,5099.83632,-0.00029567483375800307
2025-10-16T20:00:00+00:00,108214.0,108478.0,107450.0,108444.0,2966.0569,0.002150885876878139
2025-10-16T22:00:00+00:00,108445.0,108508.0,107727.0,108221.0,2301.50333,-0.002058478099773785
2025-10-17T00:00:00+00:00,108221.0,109126.0,107960.0,108827.0,1959.74801,0.0055840327914654835
2025-10-17T02:00:00+00:00,108827.0,109229.0,108400.0,109160.0,1589.03439,0.00305523044062703
2025-10-17T04:00:00+00:00,109161.0,109255.0,108278.0,108355.0,1692.70758,-0.007401822175843665
2025-10-17T06:00:00+00:00,108355.0,108492.0,105500.0,105589.0,8046.85918,-0.02585867448452366
2025-10-17T08:00:00+00:00,105589.0,105694.0,104499.0,104521.0,5939.36199,-0.010166191026246418
2025-10-17T10:00:00+00:00,104520.0,106588.0,103498.0,105671.0,7137.33764,0.010942485678504222
2025-10-17T12:00:00+00:00,105669.0,106160.0,104866.0,105813.0,4150.85038,0.0013428913897952832
2025-10-17T14:00:00+00:00,105817.0,106888.0,104513.0,106821.0,6118.01189,0.009481151188764133
2025-10-17T16:00:00+00:00,106821.0,107572.0,106071.0,106453.0,4495.11889,-0.0034509632230255737
2025-10-17T18:00:00+00:00,106452.0,107087.0,106208.0,106421.0,1507.83573,-0.00030064733354973706
2025-10-17T20:00:00+00:00,106440.0,107429.0,106337.0,107278.0,2163.23937,0.008020670141753814
2025-10-17T22:00:00+00:00,107279.0,107391.0,106341.0,106396.0,1187.84091,-0.00825561377985612
2025-10-18T00:00:00+00:00,106395.0,107277.0,106303.0,107134.0,1201.50689,0.006912405175388986
2025-10-18T02:00:00+00:00,107133.0,107280.0,106459.0,107042.0,1029.18157,-0.00085910658204921
2025-10-18T04:00:00+00:00,107042.0,107042.0,106398.0,106808.0,707.95005,-0.002188450721455872
2025-10-18T06:00:00+00:00,106778.0,107496.0,106600.0,106649.0,1343.83498,-0.0014897616794663066
2025-10-18T08:00:00+00:00,106649.0,106951.0,106589.0,106858.0,1014.32364,0.0019577818690395803
2025-10-18T10:00:00+00:00,106858.0,107189.0,106734.0,107171.0,575.06233,0.002924839373493144
2025-10-18T12:00:00+00:00,107172.0,107268.0,106773.0,106852.0,657.09568,-0.0029809902321480957
2025-10-18T14:00:00+00:00,106852.0,107122.0,106694.0,106926.0,867.25844,0.0006923070003052254
2025-10-18T16:00:00+00:00,106925.0,107034.0,106444.0,106854.0,896.45022,-0.0006735896970936248
2025-10-18T18:00:00+00:00,106854.0,107069.0,106684.0,107062.0,802.26845,0.001944689182216239
2025-10-18T20:00:00+00:00,107061.0,107303.0,106818.0,107145.0,1395.81687,0.000774951370905828
2025-10-18T22:00:00+00:00,107144.0,107251.0,106974.0,107143.0,463.80862,-1.8666467558218156e-05
2025-10-19T00:00:00+00:00,107143.0,107212.0,106713.0,106924.0,678.47721,-0.002046089088026323
2025-10-19T02:00:00+00:00,106924.0,107335.0,106767.0,107215.0,572.75063,0.0027178625017331808
2025-10-19T04:00:00+00:00,107216.0,107222.0,106769.0,106847.0,442.83128,-0.0034382595932943316
2025-10-19T06:00:00+00:00,106848.0,106860.0,106503.0,106726.0,718.32612,-0.0011331021519218343
2025-10-19T08:00:00+00:00,106725.0,108140.0,106056.0,107344.0,3989.67806,0.005773828344554363
2025-10-19T10:00:00+00:00,107345.0,108214.0,106959.0,107735.0,2314.0851,0.003635877335664344
2025-10-19T12:00:00+00:00,107735.0,108181.0,107319.0,108038.0,1663.07189,0.0028085089345281852
2025-10-19T14:00:00+00:00,108038.0,108586.0,107836.0,108435.0,1851.32602,0.0036678980296454716
2025-10-19T16:00:00+00:00,108436.0,109400.0,108179.0,109061.0,1912.79477,0.0057564436001328
2025-10-19T18:00:00+00:00,109062.0,109407.0,108726.0,108841.0,2805.63191,-0.0020192570490615664
2025-10-19T20:00:00+00:00,108841.0,108926.0,108538.0,108678.0,987.54116,-0.0014987199326068922
2025-10-19T22:00:00+00:00,108678.0,109300.0,108295.0,108591.0,2236.46719,-0.0008008506013270858
2025-10-20T00:00:00+00:00,108590.0,108591.0,107365.0,107995.0,3522.42157,-0.005503601381290582
2025-10-20T02:00:00+00:00,107995.0,110411.0,107782.0,110100.0,3926.32048,0.019304113972417564
2025-10-20T04:00:00+00:00,110101.0,111155.0,109908.0,111011.0,5390.5229,0.008240251772807544
2025-10-20T06:00:00+00:00,111011.0,111399.0,110988.0,111161.0,2274.88892,0.001350305374138576
2025-10-20T08:00:00+00:00,111160.0,111679.0,110686.0,110955.0,1830.51854,-0.0018548871676397688
2025-10-20T10:00:00+00:00,110954.0,111093.0,110616.0,110996.0,1055.57756,0.000369450919043964
2025-10-20T12:00:00+00:00,110996.0,111189.0,110514.0,111121.0,2373.74097,0.0011255330586679958
2025-10-20T14:00:00+00:00,111121.0,111662.0,110701.0,111100.0,3434.76813,-0.0001890010400683787
2025-10-20T16:00:00+00:00,111099.0,111256.0,109798.0,110221.0,6166.88012,-0.007943255468088493
2025-10-20T18:00:00+00:00,110222.0,111033.0,110162.0,110753.0,2383.84663,0.00481505541699239
2025-10-20T20:00:00+00:00,110753.0,111219.0,110400.0,110513.0,1848.62727,-0.0021693354977295838
2025-10-20T22:00:00+00:00,110513.0,110845.0,110360.0,110479.0,1078.32039,-0.0003077034487064613
2025-10-21T00:00:00+00:00,110480.0,110482.0,109450.0,109802.0,1687.11796,-0.006146713802264046
2025-10-21T02:00:00+00:00,109802.0,109865.0,108994.0,109008.0,2255.63098,-0.00725746981447569
2025-10-21T04:00:00+00:00,109008.0,109008.0,107398.0,107466.0,6449.31104,-0.014246755560135861
2025-10-21T06:00:00+00:00,107467.0,108168.0,107436.0,108019.0,2715.61791,0.0051326191058180615
2025-10-21T08:00:00+00:00,108019.0,108041.0,107411.0,107704.0,2155.57656,-0.00292041390006096
2025-10-21T10:00:00+00:00,107705.0,108807.0,107530.0,108565.0,3498.24012,0.007962348268801473
2025-10-21T12:00:00+00:00,108566.0,109503.0,107786.0,108388.0,6069.65523,-0.001631690175020334
2025-10-21T14:00:00+00:00,108391.0,113537.0,108391.0,113386.0,16374.0259,0.04508054511139652
2025-10-21T16:00:00+00:00,113386.0,114244.0,111694.0,111954.0,11494.83829,-0.012709854238944532
2025-10-21T18:00:00+00:00,111954.0,112254.0,111238.0,111729.0,4745.66058,-0.0020117762716506905
2025-10-21T20:00:00+00:00,111731.0,111756.0,110045.0,110764.0,6905.31562,-0.0086744846002332
2025-10-21T22:00:00+00:00,110763.0,110763.0,107998.0,108245.0,8943.68723,-0.02300463533188944
2025-10-22T00:00:00+00:00,108246.0,108575.0,107800.0,108332.0,5158.42163,0.0008034094541860693
2025-10-22T02:00:00+00:00,108332.0,108649.0,107833.0,108160.0,1807.97575,-0.001588973598925823
2025-10-22T04:00:00+00:00,108160.0,108602.0,107845.0,108138.0,1447.48296,-0.0002034230559308324
2025-10-22T06:00:00+00:00,108138.0,108300.0,107565.0,108289.0,2530.86803,0.0013953898959111165
2025-10-22T08:00:00+00:00,108288.0,108326.0,107715.0,107900.0,2061.90024,-0.003598706870545209
2025-10-22T10:00:00+00:00,107906.0,108237.0,106400.0,107502.0,6377.46463,-0.00369542021827309
2025-10-22T12:00:00+00:00,107502.0,108990.0,107392.0,108771.0,7633.79033,0.011735302729182322
2025-10-22T14:00:00+00:00,108771.0,109132.0,107502.0,108391.0,14350.76758,-0.0034996950465458567
2025-10-22T16:00:00+00:00,108390.0,108770.0,107576.0,107788.0,5926.09172,-0.005578724703955499
2025-10-22T18:00:00+00:00,107788.0,108347.0,107448.0,107840.0,5686.45042,0.00048231213949982606
2025-10-22T20:00:00+00:00,107821.0,108018.0,106685.0,107163.0,5791.26172,-0.006297607358739499
2025-10-22T22:00:00+00:00,107162.0,107932.0,106892.0,107528.0,5410.57079,0.0034002389635897426
2025-10-23T00:00:00+00:00,107528.0,108789.0,107458.0,108159.0,4937.64842,0.0058510879209360605
2025-10-23T02:00:00+00:00,108158.0,108731.0,108101.0,108377.0,1968.95337,0.0020135226812412516
2025-10-23T04:00:00+00:00,108377.0,109000.0,108356.0,108958.0,1616.92834,0.005346597501950938
2025-10-23T06:00:00+00:00,108960.0,110333.0,108866.0,109289.0,5196.87582,0.003033262805770295
2025-10-23T08:00:00+00:00,109289.0,109915.0,109075.0,109445.0,2361.6537,0.0014263902863720795
2025-10-23T10:00:00+00:00,109446.0,109736.0,109089.0,109263.0,2506.86243,-0.0016643199335284993
2025-10-23T12:00:00+00:00,109264.0,109649.0,108700.0,109535.0,3020.49151,0.0024863128558732473
2025-10-23T14:00:00+00:00,109536.0,110130.0,108800.0,109910.0,4347.52619,0.0034177161933463085
2025-10-23T16:00:00+00:00,109909.0,111300.0,109653.0,111257.0,4515.96621,0.012180991334390132
2025-10-23T18:00:00+00:00,111259.0,111332.0,110110.0,110233.0,4581.17607,-0.009246532988854621
2025-10-23T20:00:00+00:00,110234.0,110234.0,109335.0,109524.0,3734.72082,-0.006452604103603993
2025-10-23T22:00:00+00:00,109525.0,110140.0,109506.0,110063.0,1447.09432,0.004909225796732889
2025-10-24T00:00:00+00:00,110062.0,110686.0,109980.0,110577.0,1789.8561,0.00465918174242727
2025-10-24T02:00:00+00:00,110578.0,110815.0,110233.0,110430.0,1201.23548,-0.0013302748028612306
2025-10-24T04:00:00+00:00,110430.0,111500.0,110325.0,111245.0,2224.9777,0.0073531401570815745
2025-10-24T06:00:00+00:00,111244.0,111556.0,110778.0,111072.0,1457.74222,-0.0015563365367453745
2025-10-24T08:00:00+00:00,111071.0,111508.0,110728.0,111341.0,1412.4819,0.0024189245337663673
2025-10-24T10:00:00+00:00,111341.0,111343.0,110630.0,111100.0,2366.05304,-0.002166867567557829
2025-10-24T12:00:00+00:00,111099.0,112142.0,110413.0,110992.0,4966.99537,-0.0009725700026388817
2025-10-24T14:00:00+00:00,110992.0,110993.0,109800.0,110109.0,5547.94884,-0.007987342385949356
2025-10-24T16:00:00+00:00,110110.0,110657.0,109851.0,110297.0,2408.30377,0.0017059430831626822
2025-10-24T18:00:00+00:00,110298.0,111001.0,110226.0,110659.0,1398.14659,0.0032766734000166005
2025-10-24T20:00:00+00:00,110659.0,111159.0,110519.0,111141.0,1213.06576,0.004346264731729333
2025-10-24T22:00:00+00:00,111141.0,111200.0,110928.0,111060.0,1176.31956,-0.0007290696584436319
2025-10-25T00:00:00+00:00,111060.0,111267.0,110704.0,111114.0,1132.57218,0.0004861054944623286
2025-10-25T02:00:00+00:00,111114.0,111182.0,110986.0,111057.0,472.88717,-0.0005131182850203632
2025-10-25T04:00:00+00:00,111058.0,111494.0,111057.0,111432.0,795.52686,0.003370956362827133
2025-10-25T06:00:00+00:00,111432.0,111888.0,111299.0,111551.0,1405.84848,0.001067346042499587
2025-10-25T08:00:00+00:00,111552.0,111888.0,111525.0,111578.0,1044.44403,0.00024201246930505716
2025-10-25T10:00:00+00:00,111578.0,111801.0,111444.0,111635.0,880.32034,0.0005107229528655549
2025-10-25T12:00:00+00:00,111635.0,112000.0,111554.0,111725.0,1298.99203,0.0008058739691148518
2025-10-25T14:00:00+00:00,111726.0,111806.0,111325.0,111396.0,1426.11538,-0.0029490746137194068
2025-10-25T16:00:00+00:00,111396.0,111549.0,111150.0,111402.0,1303.45926,5.3860447593250416e-05
2025-10-25T18:00:00+00:00,111403.0,111772.0,111330.0,111669.0,1158.62657,0.0023938578076472352
2025-10-25T20:00:00+00:00,111669.0,111701.0,111369.0,111516.0,765.091,-0.0013710600978338412
2025-10-25T22:00:00+00:00,111516.0,111730.0,111438.0,111683.0,465.59343,0.0014964227542536854
2025-10-26T00:00:00+00:00,111683.0,111934.0,111554.0,111690.0,908.72823,6.267543527909804e-05
2025-10-26T02:00:00+00:00,111690.0,111731.0,111266.0,111271.0,986.78151,-0.0037585092751324664
2025-10-26T04:00:00+00:00,111272.0,111670.0,111269.0,111625.0,599.83763,0.0031763719190604426
2025-10-26T06:00:00+00:00,111626.0,111756.0,111553.0,111756.0,482.9883,0.0011728841308578945
2025-10-26T08:00:00+00:00,111755.0,112846.0,111730.0,112564.0,2452.07782,0.007204025449903283
2025-10-26T10:00:00+00:00,112565.0,113515.0,112231.0,113309.0,1925.83648,0.006596651229712359
2025-10-26T12:00:00+00:00,113310.0,114145.0,113310.0,113749.0,2927.62911,0.0038756665764888417
2025-10-26T14:00:00+00:00,113750.0,113931.0,113460.0,113734.0,1684.43711,-0.00013187798667803563
2025-10-26T16:00:00+00:00,113734.0,113800.0,113311.0,113470.0,1725.84627,-0.0023239037940495887
2025-10-26T18:00:00+00:00,113470.0,113892.0,113469.0,113637.0,2024.14013,0.0014706726793983205
2025-10-26T20:00:00+00:00,113637.0,113659.0,112898.0,113521.0,2161.49078,-0.0010213156488714187
2025-10-26T22:00:00+00:00,113521.0,115777.0,113521.0,114601.0,5795.53768,0.00946868841263325
2025-10-27T00:00:00+00:00,114600.0,115481.0,114380.0,115354.0,2644.91259,0.006549130842256402
2025-10-27T02:00:00+00:00,115355.0,115540.0,114901.0,115050.0,1526.27111,-0.0026388446069397203
2025-10-27T04:00:00+00:00,115051.0,115800.0,115046.0,115635.0,1330.52724,0.005071862097960349
2025-10-27T06:00:00+00:00,115635.0,116475.0,115431.0,115566.0,3301.06724,-0.0005968832491948841
2025-10-27T08:00:00+00:00,115567.0,115618.0,114850.0,115280.0,1950.81468,-0.002477843638873679
2025-10-27T10:00:00+00:00,115288.0,115600.0,115151.0,115377.0,1326.58912,0.0008410757594022459
2025-10-27T12:00:00+00:00,115378.0,115529.0,114612.0,115312.0,3115.02864,-0.0005635292685836239
2025-10-27T14:00:00+00:00,115312.0,115400.0,114527.0,114992.0,3460.76128,-0.0027789374559983896
2025-10-27T16:00:00+00:00,114993.0,115757.0,114886.0,115751.0,1715.13565,0.00657877151179332
2025-10-27T18:00:00+00:00,115745.0,115834.0,114800.0,114960.0,2256.9306,-0.00685709046711066
2025-10-27T20:00:00+00:00,114961.0,114970.0,114131.0,114315.0,2730.64984,-0.0056264459845790284
2025-10-27T22:00:00+00:00,114314.0,114617.0,113824.0,114111.0,2254.36104,-0.001786136904160137
2025-10-28T00:00:00+00:00,114110.0,114544.0,113774.0,114418.0,2041.22198,0.002686750343952312
2025-10-28T02:00:00+00:00,114420.0,114481.0,113564.0,113903.0,2095.48636,-0.0045112002259422145
2025-10-28T04:00:00+00:00,113904.0,114085.0,113486.0,113600.0,1260.72033,-0.0026637027129893516
2025-10-28T06:00:00+00:00,113600.0,114352.0,113600.0,114170.0,1200.87862,0.00500505940118473
2025-10-28T08:00:00+00:00,114170.0,114620.0,114106.0,114515.0,1052.5485,0.003017253092547967
2025-10-28T10:00:00+00:00,114515.0,114658.0,114309.0,114350.0,1303.26757,-0.0014418983119937531
2025-10-28T12:00:00+00:00,114351.0,115551.0,114150.0,115551.0,3371.39724,0.010448070476375748
2025-10-28T14:00:00+00:00,115551.0,116129.0,114199.0,114640.0,6942.32338,-0.007915207425249532
2025-10-28T16:00:00+00:00,114641.0,115601.0,114499.0,115300.0,2094.07477,0.005740643755096838
2025-10-28T18:00:00+00:00,115301.0,115374.0,113477.0,113694.0,4845.8536,-0.014026798359480864
2025-10-28T20:00:00+00:00,113703.0,113716.0,112189.0,112964.0,10985.66604,-0.006441445032674298
2025-10-28T22:00:00+00:00,112963.0,113273.0,112708.0,112864.0,1620.49908,-0.0008856298292166919
2025-10-29T00:00:00+00:00,112864.0,112927.0,112048.0,112472.0,2407.38702,-0.003479252276035166
2025-10-29T02:00:00+00:00,112472.0,112765.0,112300.0,112502.0,931.35774,0.00026669748662346704
2025-10-29T04:00:00+00:00,112503.0,113356.0,112470.0,113020.0,1332.99837,0.004593794937467415
2025-10-29T06:00:00+00:00,113019.0,113570.0,112950.0,113569.0,1252.23552,0.004845787520889049
2025-10-29T08:00:00+00:00,113569.0,113627.0,112752.0,112976.0,1103.34489,-0.005235174948595319
2025-10-29T10:00:00+00:00,112977.0,113247.0,112705.0,113134.0,998.3835,0.0013975500925781001
2025-10-29T12:00:00+00:00,113134.0,113617.0,112662.0,112862.0,1732.72982,-0.0024071234122388483
2025-10-29T14:00:00+00:00,112861.0,112901.0,111400.0,111510.0,5520.79309,-0.012051560477059934
2025-10-29T16:00:00+00:00,111510.0,111927.0,110969.0,111839.0,4417.49557,0.0029460641234774453
2025-10-29T18:00:00+00:00,111869.0,112024.0,109305.0,110675.0,15346.27849,-0.010462358482543089
2025-10-29T20:00:00+00:00,110681.0,111872.0,110468.0,111684.0,3209.14298,0.009075476373369
2025-10-29T22:00:00+00:00,111684.0,111693.0,109810.0,110102.0,2986.35387,-0.014266246123657789
2025-10-30T00:00:00+00:00,110102.0,110807.0,109777.0,110537.0,2171.86114,0.0039430976719033355
2025-10-30T02:00:00+00:00,110538.0,111091.0,110416.0,110833.0,2726.14405,0.0026742573646600693
2025-10-30T04:00:00+00:00,110833.0,110833.0,107988.0,110303.0,10012.91667,-0.004793439465485875
2025-10-30T06:00:00+00:00,110303.0,111673.0,110033.0,111430.0,3574.47961,0.010165466619968895
2025-10-30T08:00:00+00:00,111430.0,111511.0,110184.0,110237.0,1856.36132,-0.010763997516589189
2025-10-30T10:00:00+00:00,110237.0,110288.0,109736.0,109784.0,1910.5911,-0.004117794575041279
2025-10-30T12:00:00+00:00,109775.0,109835.0,107415.0,107663.0,9416.26388,-0.019508820720248895
2025-10-30T14:00:00+00:00,107664.0,108435.0,107310.0,107752.0,4648.88046,0.0008263120494305827
2025-10-30T16:00:00+00:00,107753.0,108292.0,106773.0,107499.0,6127.11205,-0.002350745097644519
2025-10-30T18:00:00+00:00,107500.0,107580.0,106300.0,106526.0,6385.90639,-0.009092458389224836
2025-10-30T20:00:00+00:00,106526.0,107981.0,106282.0,107944.0,3638.00971,0.013223487318841888
2025-10-30T22:00:00+00:00,107944.0,108394.0,107490.0,108360.0,1837.3975,0.003846443088408124
2025-10-31T00:00:00+00:00,108361.0,110083.0,108321.0,109658.0,3346.5202,0.011907414401918772
2025-10-31T02:00:00+00:00,109658.0,109728.0,108543.0,109241.0,3991.38785,-0.003809980899221098
2025-10-31T04:00:00+00:00,109241.0,110259.0,109114.0,109901.0,2292.74195,0.0060235098296599334
2025-10-31T06:00:00+00:00,109901.0,109973.0,109256.0,109450.0,1086.79681,-0.004112136580380177
2025-10-31T08:00:00+00:00,109450.0,110474.0,109213.0,109874.0,2432.01684,0.0038664307436305184
2025-10-31T10:00:00+00:00,109875.0,110544.0,109476.0,110447.0,1841.94873,0.005201513173151622
2025-10-31T12:00:00+00:00,110447.0,110708.0,109379.0,110141.0,3256.25073,-0.0027744047389855657
2025-10-31T14:00:00+00:00,110143.0,111170.0,109579.0,110199.0,3793.05531,0.0005264591208096484
2025-10-31T16:00:00+00:00,110198.0,110280.0,108601.0,109300.0,5216.52456,-0.008191427084985228
2025-10-31T18:00:00+00:00,109301.0,110233.0,108960.0,109820.0,2692.94194,0.004746266668233745
2025-10-31T20:00:00+00:00,109821.0,109832.0,109315.0,109553.0,1852.55859,-0.0024342114283873407
2025-10-31T22:00:00+00:00,109553.0,109810.0,109480.0,109587.0,912.10639,0.0003103039177951315
2025-11-01T00:00:00+00:00,109587.0,110049.0,109378.0,109712.0,980.22565,0.0011399962018741833
2025-11-01T02:00:00+00:00,109712.0,110292.0,109451.0,110237.0,1219.4166,0.0047738430003647
2025-11-01T04:00:00+00:00,110237.0,110569.0,110044.0,110140.0,1233.84898,-0.0008803097080379109
2025-11-01T06:00:00+00:00,110136.0,110259.0,109943.0,110076.0,513.56479,-0.0005812475188165617
2025-11-01T08:00:00+00:00,110076.0,110291.0,109971.0,109990.0,472.19822,-0.000781583746493575
2025-11-01T10:00:00+00:00,109990.0,110251.0,109841.0,110141.0,544.4826,0.0013719105776431447
2025-11-01T12:00:00+00:00,110142.0,110200.0,109729.0,109955.0,469.53953,-0.0016901719638572172
2025-11-01T14:00:00+00:00,109955.0,110361.0,109731.0,110308.0,1196.57731,0.0032052619116062653
2025-11-01T16:00:00+00:00,110308.0,110540.0,110199.0,110226.0,878.41215,-0.0007436495395625108
2025-11-01T18:00:00+00:00,110224.0,110383.0,110203.0,110322.0,458.51316,0.0008705588449044199
2025-11-01T20:00:00+00:00,110322.0,110536.0,109874.0,109874.0,717.78225,-0.004069107687256995
2025-11-01T22:00:00+00:00,109875.0,110166.0,109874.0,110120.0,730.4351,0.002236425561904136
2025-11-02T00:00:00+00:00,110120.0,110160.0,109896.0,109981.0,408.31693,-0.0012630566737909454
2025-11-02T02:00:00+00:00,109982.0,110279.0,109896.0,110060.0,384.16822,0.0007180480309971703
2025-11-02T04:00:00+00:00,110061.0,110785.0,110034.0,110523.0,746.50292,0.004197972463452116
2025-11-02T06:00:00+00:00,110523.0,111048.0,110277.0,110896.0,882.62663,0.003369181080564044
2025-11-02T08:00:00+00:00,110897.0,111070.0,110514.0,110708.0,865.92557,-0.001696720682859115
2025-11-02T10:00:00+00:00,110709.0,111228.0,110341.0,111192.0,1995.67923,0.004362332289687264
2025-11-02T12:00:00+00:00,111192.0,111255.0,110157.0,110546.0,1610.47421,-0.005826712856362046
2025-11-02T14:00:00+00:00,110546.0,110653.0,110073.0,110092.0,1504.19764,-0.004115344054490189
2025-11-02T16:00:00+00:00,110092.0,110235.0,109697.0,110164.0,1887.27257,0.000653784710197217
2025-11-02T18:00:00+00:00,110155.0,110327.0,109919.0,110140.0,1075.04153,-0.0002178807474666127
2025-11-02T20:00:00+00:00,110139.0,110184.0,109845.0,109964.0,860.97657,-0.0015992443345982568
2025-11-02T22:00:00+00:00,109964.0,110718.0,109409.0,110529.0,2008.36772,0.005124890464729209
2025-11-03T00:00:00+00:00,110528.0,110735.0,109316.0,109650.0,2718.06107,-0.007984455100569192
2025-11-03T02:00:00+00:00,109651.0,109723.0,107842.0,107884.0,5678.52324,-0.016236899044672695
2025-11-03T04:00:00+00:00,107889.0,108006.0,107329.0,107567.0,3765.5134,-0.0029426665807952327
2025-11-03T06:00:00+00:00,107566.0,107791.0,106969.0,107456.0,3206.40178,-0.0010324477833536423
2025-11-03T08:00:00+00:00,107455.0,107889.0,106977.0,107179.0,1860.35698,-0.0025811275307961517
2025-11-03T10:00:00+00:00,107179.0,107911.0,106680.0,107782.0,1682.4295,0.005610334727331141
2025-11-03T12:00:00+00:00,107781.0,108248.0,107544.0,107897.0,1956.78249,0.0010663997041738245
2025-11-03T14:00:00+00:00,107896.0,108318.0,105240.0,105676.0,11777.33158,-0.020799258971598594
2025-11-03T16:00:00+00:00,105675.0,107759.0,105248.0,107443.0,7816.95698,0.01658266500239833
2025-11-03T18:00:00+00:00,107443.0,107556.0,106373.0,107037.0,2778.14451,-0.003785905305256685
2025-11-03T20:00:00+00:00,107037.0,107119.0,106020.0,106843.0,3808.35024,-0.0018141018627635967
2025-11-03T22:00:00+00:00,106843.0,106843.0,105741.0,106527.0,2990.78094,-0.002961993073374
2025-11-04T00:00:00+00:00,106528.0,107242.0,105810.0,106989.0,3754.34339,0.0043275512937319335
2025-11-04T02:00:00+00:00,106989.0,107194.0,106149.0,107109.0,2305.66079,0.0011209820976003065
2025-11-04T04:00:00+00:00,107109.0,107247.0,104133.0,104174.0,5827.07015,-0.027784429506139418
2025-11-04T06:00:00+00:00,104173.0,105170.0,104132.0,104439.0,4391.7225,0.0025405908791791753
2025-11-04T08:00:00+00:00,104440.0,104626.0,103582.0,103807.0,4891.11089,-0.006069763071995556
2025-11-04T10:00:00+00:00,103808.0,104667.0,103547.0,104556.0,3227.81903,0.0071894071995836206
2025-11-04T12:00:00+00:00,104555.0,104602.0,103569.0,103900.0,3537.25604,-0.00629391493196839
2025-11-04T14:00:00+00:00,103900.0,104816.0,102899.0,103159.0,8020.2871,-0.007157410818742469
2025-11-04T16:00:00+00:00,103161.0,103486.0,100730.0,101077.0,11144.51919,-0.020388884668702086
2025-11-04T18:00:00+00:00,101077.0,101701.0,99970.0,100506.0,10642.6818,-0.005665175408132539
2025-11-04T20:00:00+00:00,100506.0,101084.0,98895.0,100283.0,14157.90328,-0.0022212381324503206
2025-11-04T22:00:00+00:00,100282.0,101881.0,100029.0,101460.0,5782.62813,0.011668443061389694
2025-11-05T00:00:00+00:00,101462.0,101728.0,98927.0,100700.0,5645.72147,-0.00751883241402734
2025-11-05T02:00:00+00:00,100700.0,102269.0,100700.0,102137.0,4254.23808,0.014169249612682067
2025-11-05T04:00:00+00:00,102143.0,102372.0,101523.0,101819.0,2268.6803,-0.00311832216442943
2025-11-05T06:00:00+00:00,101819.0,102158.0,101477.0,101994.0,2799.03621,0.0017172608519183642
2025-11-05T08:00:00+00:00,101994.0,102217.0,101168.0,101982.0,2111.50449,-0.00011766090141829992
2025-11-05T10:00:00+00:00,101982.0,102111.0,101294.0,102074.0,1817.45,0.0009017133162825141
2025-11-05T12:00:00+00:00,102074.0,103280.0,101896.0,102990.0,4047.13898,0.008933855698158596
2025-11-05T14:00:00+00:00,102990.0,103815.0,102250.0,103751.0,4471.89013,0.007361901480863585
2025-11-05T16:00:00+00:00,103751.0,104067.0,103085.0,103936.0,2818.83298,0.0017815274805841601
2025-11-05T18:00:00+00:00,103935.0,104582.0,103786.0,104043.0,2885.78778,0.0010289501290073988
2025-11-05T20:00:00+00:00,104043.0,104570.0,103540.0,103695.0,1938.17912,-0.0033503771628274914
2025-11-05T22:00:00+00:00,103696.0,104139.0,103315.0,103925.0,1639.2262,0.002215587073363136
2025-11-06T00:00:00+00:00,103925.0,103925.0,102785.0,103407.0,3479.94261,-0.004996827096608444
2025-11-06T02:00:00+00:00,103405.0,103984.0,102871.0,103681.0,1270.64904,0.0026462195770869507
2025-11-06T04:00:00+00:00,103680.0,104236.0,103093.0,103138.0,2008.30258,-0.005250980303244507
2025-11-06T06:00:00+00:00,103138.0,103612.0,102911.0,103192.0,1202.31582,0.0005234333468998269
2025-11-06T08:00:00+00:00,103192.0,103445.0,102759.0,102776.0,1996.07675,-0.0040394679335264356
2025-11-06T10:00:00+00:00,102774.0,103278.0,102595.0,103206.0,2088.27881,0.004175128163000275
2025-11-06T12:00:00+00:00,103205.0,103629.0,102356.0,103300.0,4742.41704,0.0009103852332841266
2025-11-06T14:00:00+00:00,103300.0,103573.0,101537.0,101992.0,8314.22798,-0.012742997289771695
2025-11-06T16:00:00+00:00,101992.0,102350.0,100191.0,101765.0,13812.0289,-0.002228145230978698
2025-11-06T18:00:00+00:00,101762.0,102320.0,100862.0,101354.0,4096.40078,-0.004046894292746684
2025-11-06T20:00:00+00:00,101354.0,101600.0,100468.0,101087.0,3933.97444,-0.002637807112354367
2025-11-06T22:00:00+00:00,101088.0,101492.0,100973.0,101313.0,1803.95788,0.0022332025091448913
2025-11-07T00:00:00+00:00,101312.0,101846.0,100700.0,101502.0,2962.6871,0.0018637680123233403
2025-11-07T02:00:00+00:00,101502.0,102312.0,101201.0,101869.0,2267.42491,0.0036091713998753615
2025-11-07T04:00:00+00:00,101869.0,102490.0,101550.0,102416.0,2183.98095,0.005355276278562513
2025-11-07T06:00:00+00:00,102417.0,102450.0,101611.0,101997.0,1023.27704,-0.004099549312616797
2025-11-07T08:00:00+00:00,101997.0,102028.0,100775.0,100994.0,2211.7875,-0.009882291950968125
2025-11-07T10:00:00+00:00,100994.0,101220.0,99737.0,100401.0,5475.60057,-0.005888941768673268
2025-11-07T12:00:00+00:00,100398.0,100599.0,99237.0,100280.0,6134.18505,-0.0012058940772966885
2025-11-07T14:00:00+00:00,100273.0,101245.0,99502.0,100773.0,7894.56281,0.004904189324186558
2025-11-07T16:00:00+00:00,100774.0,102730.0,100466.0,102386.0,6921.93242,0.015879521894267834
2025-11-07T18:00:00+00:00,102386.0,103381.0,102239.0,103380.0,4934.9582,0.00966153525934615
2025-11-07T20:00:00+00:00,103381.0,103877.0,102937.0,103866.0,3358.45481,0.004690087054754189
2025-11-07T22:00:00+00:00,103866.0,104124.0,103290.0,103300.0,2091.82498,-0.005464230697054616
2025-11-08T00:00:00+00:00,103301.0,103367.0,102521.0,102947.0,2425.68632,-0.0034230834357806762
2025-11-08T02:00:00+00:00,102948.0,103304.0,102497.0,102531.0,3115.13815,-0.004049100812421572
2025-11-08T04:00:00+00:00,102531.0,102771.0,102233.0,102246.0,1492.63444,-0.002783517524079938
2025-11-08T06:00:00+00:00,102245.0,102473.0,101867.0,102312.0,1914.73633,0.0006452937777082406
2025-11-08T08:00:00+00:00,102311.0,102637.0,102093.0,102341.0,1646.13315,0.0002834065485880814
2025-11-08T10:00:00+00:00,102342.0,102592.0,101691.0,101813.0,1154.22492,-0.005172577341065629
2025-11-08T12:00:00+00:00,101813.0,102145.0,101676.0,101766.0,1538.12229,-0.0004617372207843924
2025-11-08T14:00:00+00:00,101767.0,102052.0,101428.0,101676.0,2085.73225,-0.0008847731134296085
2025-11-08T16:00:00+00:00,101676.0,101972.0,101477.0,101953.0,1089.21305,0.002720635772503428
2025-11-08T18:00:00+00:00,101953.0,102200.0,101465.0,101943.0,1886.72199,-9.808922203499278e-05
2025-11-08T20:00:00+00:00,101942.0,102328.0,101909.0,102229.0,855.60327,0.0028015613018605974
2025-11-08T22:00:00+00:00,102230.0,102445.0,102140.0,102269.0,576.22715,0.00039120187493406523
2025-11-09T00:00:00+00:00,102269.0,102302.0,101540.0,101996.0,2063.21982,-0.0026729999025491193
2025-11-09T02:00:00+00:00,101995.0,101996.0,101340.0,101620.0,1427.88136,-0.003693230663455662
2025-11-09T04:00:00+00:00,101621.0,102082.0,101589.0,101884.0,696.90116,0.002594545051660723
2025-11-09T06:00:00+00:00,101884.0,101925.0,101640.0,101898.0,590.41589,0.00013740173344099952
2025-11-09T08:00:00+00:00,101898.0,102078.0,101600.0,101618.0,790.19744,-0.002751628143903369
2025-11-09T10:00:00+00:00,101618.0,102274.0,101464.0,102182.0,1039.37829,0.0055348522063291845
2025-11-09T12:00:00+00:00,102181.0,102965.0,102003.0,102873.0,1219.11872,0.006739680725881548
2025-11-09T14:00:00+00:00,102873.0,104174.0,102721.0,103752.0,4636.51501,0.008508218294445417
2025-11-09T16:00:00+00:00,103749.0,103969.0,103308.0,103634.0,2745.66567,-0.0011379747208976345
2025-11-09T18:00:00+00:00,103634.0,104861.0,103498.0,104813.0,3115.49337,0.011312348682881437
2025-11-09T20:00:00+00:00,104814.0,105140.0,104302.0,104531.0,2496.76402,-0.0026941318649793956
2025-11-09T22:00:00+00:00,104531.0,105521.0,104105.0,104753.0,3957.37219,0.00212151987983462
2025-11-10T00:00:00+00:00,104748.0,106703.0,104291.0,105742.0,5329.04169,0.009396966936289953
2025-11-10T02:00:00+00:00,105742.0,106335.0,105628.0,106062.0,1678.38857,0.0030216638352314894
2025-11-10T04:00:00+00:00,106062.0,106532.0,105890.0,106117.0,1586.06262,0.0005184302049858945
2025-11-10T06:00:00+00:00,106118.0,106576.0,105980.0,106500.0,1162.64443,0.003602726162692636
2025-11-10T08:00:00+00:00,106501.0,106635.0,105876.0,106469.0,1624.30368,-0.0002911221841577013
2025-11-10T10:00:00+00:00,106470.0,106485.0,105979.0,106210.0,1271.6275,-0.002435596631873801
2025-11-10T12:00:00+00:00,106211.0,106628.0,105886.0,106577.0,2451.00734,0.0034494622688846757
2025-11-10T14:00:00+00:00,106578.0,106578.0,104610.0,105081.0,9380.33269,-0.01413624727146374
2025-11-10T16:00:00+00:00,105082.0,106019.0,104800.0,105973.0,2651.68316,0.0084528633541858
2025-11-10T18:00:00+00:00,105974.0,106119.0,105426.0,105838.0,2233.95588,-0.0012747215043628253
2025-11-10T20:00:00+00:00,105840.0,106333.0,105246.0,105629.0,2920.56215,-0.0019766683979127084
2025-11-10T22:00:00+00:00,105629.0,106306.0,105358.0,106015.0,1807.63975,0.003647638751734432
2025-11-11T00:00:00+00:00,106016.0,107519.0,105522.0,106094.0,3896.79034,0.0007449000622599147
2025-11-11T02:00:00+00:00,106094.0,107166.0,105604.0,106452.0,3949.02457,0.0033686857296763603
2025-11-11T04:00:00+00:00,106452.0,106544.0,105066.0,105221.0,2465.93611,-0.011631279172353105
2025-11-11T06:00:00+00:00,105221.0,105314.0,104699.0,104745.0,1689.6541,-0.0045340751879887195
2025-11-11T08:00:00+00:00,104744.0,105443.0,104730.0,104939.0,1250.98236,0.0018504039922413807
2025-11-11T10:00:00+00:00,104939.0,105480.0,104877.0,105280.0,1016.02394,0.003244238618657376
2025-11-11T12:00:00+00:00,105281.0,105468.0,104212.0,104366.0,3147.10476,-0.008719515668706213
2025-11-11T14:00:00+00:00,104368.0,104644.0,103163.0,103455.0,5151.14731,-0.008767216356936702
2025-11-11T16:00:00+00:00,103455.0,103730.0,102794.0,103313.0,3824.67429,-0.001373520296412071
2025-11-11T18:00:00+00:00,103313.0,103550.0,102880.0,103095.0,2695.72138,-0.0021123220132738805
2025-11-11T20:00:00+00:00,103096.0,103201.0,102455.0,102611.0,2912.07985,-0.004705753776222259
2025-11-11T22:00:00+00:00,102610.0,103181.0,102454.0,103034.0,2925.64333,0.004113891381501506
2025-11-12T00:00:00+00:00,103033.0,103356.0,102642.0,103229.0,2087.60612,0.0018907904771596781
2025-11-12T02:00:00+00:00,103229.0,103439.0,102912.0,103295.0,1235.23667,0.000639150919475064
2025-11-12T04:00:00+00:00,103295.0,103463.0,102987.0,103393.0,1011.23311,0.0009482892799185191
2025-11-12T06:00:00+00:00,103393.0,103648.0,103043.0,103110.0,904.38733,-0.002740881993658339
2025-11-12T08:00:00+00:00,103110.0,105062.0,103110.0,104506.0,1966.26285,0.013448106494705169
2025-11-12T10:00:00+00:00,104505.0,105198.0,104493.0,104994.0,1440.0217,0.004658719643107706
2025-11-12T12:00:00+00:00,104993.0,105299.0,104633.0,105019.0,1472.17296,0.0002380805009031065
2025-11-12T14:00:00+00:00,105018.0,105018.0,101889.0,102169.0,7187.77185,-0.027512981222022184
2025-11-12T16:00:00+00:00,102168.0,102281.0,101285.0,101727.0,6421.50889,-0.004335550401732784
2025-11-12T18:00:00+00:00,101727.0,101931.0,100729.0,101249.0,3819.39733,-0.004709925150148217
2025-11-12T20:00:00+00:00,101250.0,101907.0,101077.0,101895.0,2270.60739,0.006360041916709692
2025-11-12T22:00:00+00:00,101895.0,102000.0,101403.0,101623.0,2303.84243,-0.0026729838338598617
2025-11-13T00:00:00+00:00,101624.0,102600.0,101425.0,101997.0,3563.56703,0.0036735136095157024
2025-11-13T02:00:00+00:00,101997.0,102516.0,100851.0,102091.0,3611.2092,0.0009211713245955197
2025-11-13T04:00:00+00:00,102092.0,103387.0,101628.0,103122.0,3554.89836,0.010048180910979036
2025-11-13T06:00:00+00:00,103122.0,104000.0,102910.0,103451.0,3297.15433,0.0031853173277845014
2025-11-13T08:00:00+00:00,103451.0,103772.0,102527.0,102814.0,3344.18209,-0.00617654013147348
2025-11-13T10:00:00+00:00,102815.0,103278.0,102662.0,102908.0,1316.39878,0.0009138546829396619
2025-11-13T12:00:00+00:00,102909.0,103250.0,102102.0,102276.0,2417.18891,-0.0061603438736951505
2025-11-13T14:00:00+00:00,102277.0,103471.0,101138.0,101351.0,9395.50515,-0.009085301680604443
2025-11-13T16:00:00+00:00,101350.0,101506.0,99543.0,99584.0,8551.68096,-0.01758823053168475
2025-11-13T18:00:00+00:00,99585.0,99875.0,98111.0,98686.0,14321.90538,-0.009058416708874528
2025-11-13T20:00:00+00:00,98685.0,99085.0,98000.0,98850.0,7449.76262,0.001660457209628761
2025-11-13T22:00:00+00:00,98849.0,100587.0,98739.0,99735.0,6951.66607,0.008913118905902014
2025-11-14T00:00:00+00:00,99735.0,99841.0,98706.0,99277.0,6123.29496,-0.004602745649214733
2025-11-14T02:00:00+00:00,99277.0,99887.0,98780.0,99130.0,3030.14315,-0.0014818028285072005
2025-11-14T04:00:00+00:00,99130.0,99164.0,96658.0,97504.0,8562.71177,-0.01653871724150754
2025-11-14T06:00:00+00:00,97504.0,97736.0,95900.0,97151.0,7898.45883,-0.003626933672043385
2025-11-14T08:00:00+00:00,97150.0,97547.0,96656.0,96822.0,3597.26145,-0.003392227943984858
2025-11-14T10:00:00+00:00,96822.0,97292.0,95651.0,96136.0,5072.40683,-0.007110385578271616
2025-11-14T12:00:00+00:00,96136.0,96137.0,94471.0,95226.0,10101.51777,-0.009510841855522168
2025-11-14T14:00:00+00:00,95224.0,97348.0,94955.0,96800.0,12363.62108,0.01639398052905474
2025-11-14T16:00:00+00:00,96800.0,97398.0,95566.0,95850.0,6774.64499,-0.009862524790877868
2025-11-14T18:00:00+00:00,95851.0,96325.0,94800.0,95791.0,5974.44792,-0.0006157346482646898
2025-11-14T20:00:00+00:00,95790.0,95950.0,94206.0,95098.0,6612.90303,-0.007260796007404743
2025-11-14T22:00:00+00:00,95097.0,95558.0,94079.0,94634.0,4697.13608,-0.004891119315920997
2025-11-15T00:00:00+00:00,94633.0,95848.0,94615.0,95704.0,2693.58702,0.011243275348539887
2025-11-15T02:00:00+00:00,95705.0,96857.0,95467.0,96444.0,3127.24612,0.007702434149978599
2025-11-15T04:00:00+00:00,96444.0,96520.0,95948.0,96360.0,1863.61642,-0.0008713512719110854
2025-11-15T06:00:00+00:00,96364.0,96622.0,96001.0,96352.0,1578.04823,-8.302544734728301e-05
2025-11-15T08:00:00+00:00,96352.0,96369.0,95660.0,95827.0,1476.26264,-0.00546366987038874
2025-11-15T10:00:00+00:00,95828.0,96082.0,95638.0,95717.0,865.69466,-0.0011485612923673668
2025-11-15T12:00:00+00:00,95718.0,96400.0,95585.0,96395.0,1324.09957,0.0070584119148648155
2025-11-15T14:00:00+00:00,96395.0,96511.0,96063.0,96283.0,1263.15963,-0.0011625615027606965
2025-11-15T16:00:00+00:00,96284.0,96395.0,95716.0,96219.0,3698.27714,-0.0006649281810892644
2025-11-15T18:00:00+00:00,96219.0,96353.0,95915.0,96007.0,735.06497,-0.0022057378913702386
2025-11-15T20:00:00+00:00,96007.0,96021.0,95115.0,95282.0,3039.82345,-0.0075801898854065495
2025-11-15T22:00:00+00:00,95282.0,95680.0,95219.0,95592.0,1631.63154,0.0032482189566473236
2025-11-16T00:00:00+00:00,95593.0,95704.0,94838.0,95274.0,2119.25696,-0.003332183775437643
2025-11-16T02:00:00+00:00,95274.0,95984.0,95099.0,95809.0,1085.97541,0.005599675512427313
2025-11-16T04:00:00+00:00,95816.0,96207.0,95651.0,95883.0,1543.55621,0.0007720719036361936
2025-11-16T06:00:00+00:00,95883.0,96100.0,95722.0,96100.0,621.69903,0.002260617788167956
2025-11-16T08:00:00+00:00,96100.0,96654.0,95848.0,96653.0,1918.07422,0.005737929030821593
2025-11-16T10:00:00+00:00,96653.0,96654.0,95523.0,95665.0,2585.36082,-0.010274739670102373
2025-11-16T12:00:00+00:00,95664.0,95938.0,95141.0,95425.0,2026.31819,-0.002511906705672596
2025-11-16T14:00:00+00:00,95425.0,95700.0,94395.0,94589.0,1553.99285,-0.008799408404163466
2025-11-16T16:00:00+00:00,94589.0,94973.0,93756.0,94361.0,5804.73535,-0.002413338032916664
2025-11-16T18:00:00+00:00,94362.0,95578.0,93780.0,94045.0,6018.80793,-0.003354461071445528
2025-11-16T20:00:00+00:00,94044.0,94745.0,93385.0,93523.0,2446.13749,-0.005565995773722013
2025-11-16T22:00:00+00:00,93523.0,94578.0,93025.0,94291.0,5997.9745,0.008178349650835533
2025-11-17T00:00:00+00:00,94291.0,95507.0,93775.0,94792.0,2794.46124,0.005299272514557415
2025-11-17T02:00:00+00:00,94791.0,95585.0,94745.0,95537.0,1851.49024,0.007828589493832113
2025-11-17T04:00:00+00:00,95536.0,95605.0,94912.0,95145.0,987.16819,-0.004111563254300738
2025-11-17T06:00:00+00:00,95146.0,95919.0,94933.0,95678.0,1419.1701,0.005586343219846972
2025-11-17T08:00:00+00:00,95678.0,96055.0,95340.0,95682.0,1827.09138,4.1806020072884557e-05
2025-11-17T10:00:00+00:00,95681.0,95979.0,95412.0,95592.0,781.59772,-0.0009410584464374183
2025-11-17T12:00:00+00:00,95591.0,95606.0,93583.0,93966.0,4059.47729,-0.017156119835100937
2025-11-17T14:00:00+00:00,93966.0,96088.0,93785.0,94013.0,9227.02712,0.0005000558677233792
2025-11-17T16:00:00+00:00,94014.0,94477.0,92689.0,92772.0,7877.75501,-0.013288200453737183
2025-11-17T18:00:00+00:00,92772.0,93220.0,91631.0,91745.0,7311.23593,-0.01113188058942114
2025-11-17T20:00:00+00:00,91745.0,92301.0,91355.0,92024.0,7641.93983,0.003036423056792243
2025-11-17T22:00:00+00:00,92025.0,92458.0,91856.0,92272.0,2789.40477,0.002691324279347613
2025-11-18T00:00:00+00:00,92273.0,92415.0,91228.0,91791.0,2868.4851,-0.00522648326845629
2025-11-18T02:00:00+00:00,91791.0,91791.0,89704.0,90872.0,10487.50307,-0.01006233067547995
2025-11-18T04:00:00+00:00,90872.0,90883.0,89262.0,90245.0,6806.0189,-0.006923728912908803
2025-11-18T06:00:00+00:00,90245.0,90574.0,89365.0,90516.0,3249.33987,0.0029984366432824344
2025-11-18T08:00:00+00:00,90516.0,91507.0,90509.0,91426.0,2680.25313,0.0100032712433949
2025-11-18T10:00:00+00:00,91427.0,91642.0,91257.0,91538.0,1764.36366,0.0012242847116316266
2025-11-18T12:00:00+00:00,91538.0,91887.0,90928.0,91498.0,2745.39418,-0.0004370724954301833
2025-11-18T14:00:00+00:00,91498.0,93104.0,91033.0,92943.0,8318.19174,0.015669287906395754
2025-11-18T16:00:00+00:00,92943.0,93851.0,92611.0,93270.0,4814.57161,0.003512110713285745
2025-11-18T18:00:00+00:00,93269.0,93778.0,92988.0,93182.0,3333.64451,-0.0009439427470255443
2025-11-18T20:00:00+00:00,93182.0,93306.0,92450.0,92486.0,2415.41739,-0.007497288279490036
2025-11-18T22:00:00+00:00,92486.0,93430.0,92483.0,92972.0,1742.4584,0.0052410908399242095
2025-11-19T00:00:00+00:00,92973.0,92996.0,91949.0,92442.0,2964.50188,-0.005716951724487888
2025-11-19T02:00:00+00:00,92443.0,92873.0,91671.0,91879.0,2497.38952,-0.006108926827451956
2025-11-19T04:00:00+00:00,91879.0,91973.0,90025.0,90450.0,4838.86171,-0.015675282158936907
2025-11-19T06:00:00+00:00,90450.0,92029.0,90272.0,91874.0,3617.45474,0.015620861278720172
2025-11-19T08:00:00+00:00,91874.0,91956.0,91068.0,91516.0,2191.73814,-0.0039042527373906307
2025-11-19T10:00:00+00:00,91516.0,91772.0,91221.0,91399.0,1434.06969,-0.0012792829014187115
2025-11-19T12:00:00+00:00,91398.0,91920.0,91178.0,91383.0,2324.69228,-0.00017507194407399983
2025-11-19T14:00:00+00:00,91382.0,92393.0,89870.0,89939.0,5098.46807,-0.01592780277985085
2025-11-19T16:00:00+00:00,89938.0,90232.0,88888.0,89507.0,7197.63374,-0.004814828244399282
2025-11-19T18:00:00+00:00,89507.0,89741.0,88652.0,88888.0,5513.33642,-0.006939684231183121
2025-11-19T20:00:00+00:00,88888.0,90854.0,88617.0,90604.0,7257.76599,0.01912121190301395
2025-11-19T22:00:00+00:00,90603.0,91600.0,90100.0,91554.0,3906.01158,0.010430599952932119
2025-11-20T00:00:00+00:00,91554.0,92726.0,91188.0,92601.0,3637.03019,0.011370978592238913
2025-11-20T02:00:00+00:00,92600.0,92800.0,92326.0,92444.0,1925.9819,-0.0016968849487680555
2025-11-20T04:00:00+00:00,92444.0,93167.0,92131.0,92604.0,1900.36131,0.0017292814823417903
2025-11-20T06:00:00+00:00,92605.0,92852.0,91680.0,92324.0,1726.79835,-0.003028207885962514
2025-11-20T08:00:00+00:00,92325.0,92415.0,91450.0,91886.0,1132.45859,-0.004755451120158529
2025-11-20T10:00:00+00:00,91890.0,92053.0,91500.0,91941.0,887.36908,0.0005983887202767733
2025-11-20T12:00:00+00:00,91940.0,92522.0,91503.0,91521.0,2089.85178,-0.004578612832402239
2025-11-20T14:00:00+00:00,91522.0,91711.0,89825.0,89880.0,6815.22962,-0.018093006828091406
2025-11-20T16:00:00+00:00,89880.0,89926.0,86384.0,87253.0,15839.0953,-0.02966350287155175
2025-11-20T18:00:00+00:00,87253.0,87796.0,86109.0,86936.0,8424.00434,-0.0036397286850261665
2025-11-20T20:00:00+00:00,86937.0,87720.0,86343.0,87335.0,4946.07299,0.0045790831198056735
2025-11-20T22:00:00+00:00,87335.0,88282.0,86553.0,86650.0,4865.12288,-0.007874282718741136
2025-11-21T00:00:00+00:00,86650.0,87516.0,86606.0,87063.0,3618.56073,0.0047549783626363645
2025-11-21T02:00:00+00:00,87064.0,87083.0,85334.0,85807.0,7686.78877,-0.01453140627663151
2025-11-21T04:00:00+00:00,85808.0,86347.0,85387.0,86186.0,2464.75622,0.004407163238569701
2025-11-21T06:00:00+00:00,86188.0,86250.0,80255.0,84030.0,12205.44167,-0.025333873546062723
2025-11-21T08:00:00+00:00,84027.0,84677.0,82082.0,82210.0,9080.88152,-0.021896928776084835
2025-11-21T10:00:00+00:00,82209.0,83341.0,81651.0,82315.0,8248.63638,0.0012764019359430964
2025-11-21T12:00:00+00:00,82308.0,84411.0,80614.0,84104.0,15032.61464,0.021500777173544587
2025-11-21T14:00:00+00:00,84103.0,85457.0,82698.0,82898.0,14671.96365,-0.014443191875656179
2025-11-21T16:00:00+00:00,82898.0,85539.0,82288.0,84847.0,11410.37098,0.023238698145814602
2025-11-21T18:00:00+00:00,84835.0,85076.0,83251.0,84185.0,7880.29684,-0.007832876433925195
2025-11-21T20:00:00+00:00,84184.0,85403.0,83433.0,85166.0,5346.29885,0.01158553504659942
2025-11-21T22:00:00+00:00,85166.0,85389.0,84089.0,85111.0,5312.68371,-0.0006460062358713645
2025-11-22T00:00:00+00:00,85112.0,85611.0,84523.0,85139.0,4480.3683,0.0003289280499553159
2025-11-22T02:00:00+00:00,85138.0,85180.0,84166.0,84400.0,2668.94695,-0.008717813368535002
2025-11-22T04:00:00+00:00,84399.0,84502.0,83788.0,84250.0,1808.89574,-0.0017788323694402737
2025-11-22T06:00:00+00:00,84250.0,84763.0,84032.0,84547.0,1074.07907,0.0035190235192832453
2025-11-22T08:00:00+00:00,84547.0,84548.0,83820.0,83892.0,1982.84803,-0.0077773354339058486
2025-11-22T10:00:00+00:00,83891.0,84308.0,83450.0,84062.0,3260.0539,0.0020243645052303626
2025-11-22T12:00:00+00:00,84061.0,84114.0,83581.0,83906.0,1778.43248,-0.00185749720010765
2025-11-22T14:00:00+00:00,83908.0,84715.0,83908.0,84245.0,1585.22268,0.004032095667377411
2025-11-22T16:00:00+00:00,84245.0,84875.0,84184.0,84524.0,1848.32982,0.0033062974143321577
2025-11-22T18:00:00+00:00,84524.0,84774.0,84450.0,84571.0,864.11727,0.0005559005436039813
2025-11-22T20:00:00+00:00,84571.0,84789.0,84222.0,84378.0,2044.81211,-0.002284714132119008
2025-11-22T22:00:00+00:00,84377.0,85241.0,84241.0,84711.0,1924.57156,0.00393875923931789
2025-11-23T00:00:00+00:00,84711.0,86121.0,84648.0,85866.0,4314.09404,0.013542478201310167
2025-11-23T02:00:00+00:00,85866.0,86315.0,85662.0,86295.0,4477.82987,0.004983717426572728
2025-11-23T04:00:00+00:00,86296.0,86845.0,85957.0,86318.0,3632.41952,0.000266492096610594
2025-11-23T06:00:00+00:00,86319.0,86466.0,85357.0,85752.0,1670.98505,-0.006578741690758678
2025-11-23T08:00:00+00:00,85747.0,86439.0,85741.0,86368.0,1370.85571,0.007157827446375846
2025-11-23T10:00:00+00:00,86368.0,86420.0,85798.0,86284.0,1070.31531,-0.0009730557031237439
2025-11-23T12:00:00+00:00,86284.0,86917.0,86230.0,86917.0,2998.89387,0.00730945916403127
2025-11-23T14:00:00+00:00,86918.0,87200.0,86422.0,87060.0,2779.34594,0.0016438958276498456
2025-11-23T16:00:00+00:00,87061.0,87502.0,86451.0,86700.0,4742.61429,-0.004143652337655258
2025-11-23T18:00:00+00:00,86701.0,87643.0,86669.0,87289.0,3909.96994,0.006770568829153964
2025-11-23T20:00:00+00:00,87290.0,87979.0,87127.0,87969.0,2726.92211,0.007760027072670556
2025-11-23T22:00:00+00:00,87969.0,88130.0,86712.0,86807.0,5456.88246,-0.013297216112372199
2025-11-24T00:00:00+00:00,86807.0,87198.0,85881.0,87041.0,5083.11805,0.00269200843627444
2025-11-24T02:00:00+00:00,87041.0,88000.0,86998.0,87401.0,4192.30034,0.004127452231408922
2025-11-24T04:00:00+00:00,87405.0,87795.0,86382.0,87426.0,3763.3549,0.00028599701614056807
2025-11-24T06:00:00+00:00,87425.0,87471.0,86638.0,86996.0,2237.98155,-0.004930580673658203
2025-11-24T08:00:00+00:00,86995.0,86996.0,85776.0,85896.0,2757.99189,-0.012724878454279907
2025-11-24T10:00:00+00:00,85897.0,86429.0,85672.0,86255.0,3241.34625,0.004170763113873236
2025-11-24T12:00:00+00:00,86254.0,86561.0,85861.0,86126.0,2635.30251,-0.0014966849488134923
2025-11-24T14:00:00+00:00,86127.0,86708.0,85231.0,86621.0,8317.54383,0.005730940100850771
2025-11-24T16:00:00+00:00,86622.0,88408.0,86621.0,88307.0,7939.18671,0.019277099268244998
2025-11-24T18:00:00+00:00,88308.0,88796.0,88081.0,88291.0,5180.26798,-0.00018120250562041234
2025-11-24T20:00:00+00:00,88290.0,89165.0,88290.0,88715.0,4576.26511,0.0047908072151732276
2025-11-24T22:00:00+00:00,88713.0,89048.0,88189.0,88232.0,1859.81599,-0.005459275371696971
2025-11-25T00:00:00+00:00,88233.0,88234.0,87655.0,87676.0,1784.6866,-0.0063215072827404436
2025-11-25T02:00:00+00:00,87676.0,87990.0,87416.0,87767.0,2013.2036,0.001037374054944015
2025-11-25T04:00:00+00:00,87768.0,88473.0,87746.0,88049.0,2116.38657,0.00320790191825404
2025-11-25T06:00:00+00:00,88049.0,88089.0,87291.0,87346.0,1998.91532,-0.008016234950395435
2025-11-25T08:00:00+00:00,87346.0,87561.0,86637.0,87201.0,2743.92961,-0.001661444004821506
2025-11-25T10:00:00+00:00,87202.0,87507.0,86909.0,87313.0,1143.96529,0.0012835648186051924
2025-11-25T12:00:00+00:00,87314.0,87721.0,86801.0,87030.0,2791.09587,-0.0032464767562692086
2025-11-25T14:00:00+00:00,87031.0,87276.0,86050.0,86944.0,5987.98968,-0.0009886535574851166
2025-11-25T16:00:00+00:00,86945.0,88127.0,86675.0,87592.0,4659.32929,0.007425436327186462
2025-11-25T18:00:00+00:00,87591.0,87809.0,86129.0,86854.0,5130.17362,-0.008461121525460772
2025-11-25T20:00:00+00:00,86855.0,87436.0,86668.0,86984.0,4463.57638,0.001495645649785382
2025-11-25T22:00:00+00:00,86979.0,87857.0,86525.0,87332.0,5242.95503,0.003992754105421694
2025-11-26T00:00:00+00:00,87331.0,88232.0,87318.0,87891.0,3470.06507,0.006380462569643459
2025-11-26T02:00:00+00:00,87891.0,88069.0,87029.0,87079.0,2395.16922,-0.009281657763260683
2025-11-26T04:00:00+00:00,87080.0,87708.0,86847.0,87486.0,1999.33064,0.004663027954950296
2025-11-26T06:00:00+00:00,87486.0,87943.0,87408.0,87914.0,1341.60326,0.004880283346391798
2025-11-26T08:00:00+00:00,87908.0,87914.0,86718.0,86798.0,1518.52071,-0.012775483982403834
2025-11-26T10:00:00+00:00,86798.0,87068.0,86622.0,87057.0,1189.50734,0.002979496610438082
2025-11-26T12:00:00+00:00,87056.0,87142.0,86207.0,87101.0,3567.58931,0.000505288312178095
2025-11-26T14:00:00+00:00,87102.0,87636.0,86653.0,86936.0,3879.58831,-0.0018961490882569855
2025-11-26T16:00:00+00:00,86935.0,89900.0,86930.0,89773.0,7816.09995,0.03211204618642486
2025-11-26T18:00:00+00:00,89774.0,90371.0,89605.0,89916.0,5069.16088,0.001591639223198619
2025-11-26T20:00:00+00:00,89917.0,90421.0,89453.0,90133.0,2740.32128,0.0024104560988348132
2025-11-26T22:00:00+00:00,90133.0,90602.0,90064.0,90420.0,1371.22413,0.0031791245974502175
2025-11-27T00:00:00+00:00,90421.0,91210.0,90026.0,91087.0,1845.35078,0.007349611887484288
2025-11-27T02:00:00+00:00,91086.0,91852.0,90832.0,91049.0,4128.76239,-0.0004172706170264853
2025-11-27T04:00:00+00:00,91049.0,91524.0,90845.0,90922.0,3013.15974,-0.0013958270341962236
2025-11-27T06:00:00+00:00,90923.0,91469.0,90922.0,91370.0,1141.31086,0.00491520090780838
2025-11-27T08:00:00+00:00,91371.0,91911.0,91181.0,91524.0,1597.62936,0.0016840359595725566
2025-11-27T10:00:00+00:00,91526.0,91700.0,91255.0,91331.0,1685.30914,-0.002110963021738261
2025-11-27T12:00:00+00:00,91331.0,91414.0,90409.0,90805.0,2651.99629,-0.005775919777901643
2025-11-27T14:00:00+00:00,90806.0,90937.0,90525.0,90916.0,2563.02277,0.0012216531254508574
2025-11-27T16:00:00+00:00,90916.0,91606.0,90810.0,91454.0,2841.85281,0.005900110332903331
2025-11-27T18:00:00+00:00,91454.0,91822.0,91321.0,91489.0,1869.00756,0.00038263284659183005
2025-11-27T20:00:00+00:00,91489.0,91560.0,91182.0,91352.0,1159.1727,-0.0014985700760610883
2025-11-27T22:00:00+00:00,91352.0,91569.0,91064.0,91310.0,1985.88532,-0.00045986577109813245
2025-11-28T00:00:00+00:00,91310.0,91388.0,90751.0,90753.0,1209.60919,-0.006118780178447614
2025-11-28T02:00:00+00:00,90754.0,91265.0,90611.0,91161.0,1201.46736,0.004485643591078304
2025-11-28T04:00:00+00:00,91162.0,91700.0,91092.0,91605.0,1529.62729,0.0048586813023282684
2025-11-28T06:00:00+00:00,91605.0,91606.0,90842.0,90893.0,2367.62627,-0.007802864825789866
2025-11-28T08:00:00+00:00,90893.0,91830.0,90879.0,91582.0,1295.25831,0.007551755302506494
2025-11-28T10:00:00+00:00,91582.0,92019.0,91048.0,91418.0,1975.93734,-0.0017923502066057235
2025-11-28T12:00:00+00:00,91418.0,92650.0,91362.0,92347.0,2918.2411,0.010110825393287014
2025-11-28T14:00:00+00:00,92348.0,93089.0,91812.0,92312.0,6242.22233,-0.0003790771142389634
2025-11-28T16:00:00+00:00,92311.0,92332.0,90147.0,90532.0,7434.97674,-0.019470764524887274
2025-11-28T18:00:00+00:00,90531.0,91160.0,90378.0,91103.0,1985.97166,0.0062873552014500456
2025-11-28T20:00:00+00:00,91103.0,91195.0,90813.0,90820.0,1129.99174,-0.003111208899124261
2025-11-28T22:00:00+00:00,90821.0,91146.0,90654.0,90842.0,1653.45554,0.00024220805790474922
2025-11-29T00:00:00+00:00,90842.0,91064.0,90716.0,90827.0,1219.64202,-0.0001651354940478657
2025-11-29T02:00:00+00:00,90828.0,90879.0,90490.0,90636.0,878.1205,-0.0021051131143508804
2025-11-29T04:00:00+00:00,90637.0,90889.0,90509.0,90709.0,589.55877,0.0008050953039024346
2025-11-29T06:00:00+00:00,90709.0,90791.0,90251.0,90523.0,1775.88429,-0.002052618359950222
2025-11-29T08:00:00+00:00,90523.0,90684.0,90425.0,90513.0,470.75819,-0.00011047526470066249
2025-11-29T10:00:00+00:00,90513.0,90643.0,90329.0,90633.0,803.4956,0.0013248983422603582
2025-11-29T12:00:00+00:00,90633.0,90779.0,90478.0,90739.0,979.75877,0.0011688685361419737
2025-11-29T14:00:00+00:00,90739.0,91071.0,90577.0,91024.0,906.87827,0.003135954331326385
2025-11-29T16:00:00+00:00,91024.0,91140.0,90376.0,90377.0,1666.48407,-0.007133397760396679
2025-11-29T18:00:00+00:00,90377.0,90811.0,90091.0,90608.0,1554.55239,0.002552699123554269
2025-11-29T20:00:00+00:00,90608.0,91026.0,90365.0,90970.0,1127.10442,0.003987272462521232
2025-11-29T22:00:00+00:00,90971.0,90971.0,90650.0,90768.0,428.40481,-0.0022229812497591545
2025-11-30T00:00:00+00:00,90769.0,91021.0,90722.0,90870.0,417.19875,0.0011231131230442248
2025-11-30T02:00:00+00:00,90870.0,91002.0,90430.0,90872.0,998.42208,2.20092218647941e-05
2025-11-30T04:00:00+00:00,90871.0,90950.0,90621.0,90754.0,474.82448,-0.0012993736205424262
2025-11-30T06:00:00+00:00,90755.0,91000.0,90681.0,90930.0,371.8464,0.001937430429243349
2025-11-30T08:00:00+00:00,90930.0,91578.0,90897.0,91369.0,1276.66354,0.004816272701488469
2025-11-30T10:00:00+00:00,91368.0,91430.0,90949.0,91003.0,789.06481,-0.004013779432893696
2025-11-30T12:00:00+00:00,91003.0,91923.0,90959.0,91717.0,1031.66274,0.007815276205883981
2025-11-30T14:00:00+00:00,91718.0,91738.0,91214.0,91400.0,1175.21996,-0.0034622707521960346
2025-11-30T16:00:00+00:00,91399.0,91820.0,91270.0,91452.0,1354.3346,0.0005687660118763709
2025-11-30T18:00:00+00:00,91453.0,91462.0,91109.0,91419.0,455.70657,-0.00036091015369522195
2025-11-30T20:00:00+00:00,91419.0,91591.0,90849.0,91135.0,1322.24477,-0.0031114106413887015
2025-11-30T22:00:00+00:00,91135.0,91313.0,90293.0,90326.0,2321.97225,-0.008916575572454143
2025-12-01T00:00:00+00:00,90325.0,90376.0,86900.0,87117.0,12866.92234,-0.03617330533435284
2025-12-01T02:00:00+00:00,87117.0,87466.0,86135.0,86314.0,5459.67345,-0.009260233040508093
2025-12-01T04:00:00+00:00,86314.0,86326.0,85576.0,85974.0,3690.42257,-0.003946884767061023
2025-12-01T06:00:00+00:00,85974.0,86540.0,85944.0,86516.0,2426.64313,0.006284442968534436
2025-12-01T08:00:00+00:00,86516.0,86890.0,86348.0,86666.0,1856.02191,0.001732282079084591
2025-12-01T10:00:00+00:00,86666.0,86780.0,86088.0,86097.0,1555.65837,-0.006587082389068126
2025-12-01T12:00:00+00:00,86097.0,86195.0,84700.0,85955.0,8529.39231,-0.0016506641276147886
2025-12-01T14:00:00+00:00,85955.0,86652.0,83769.0,84645.0,10982.13354,-0.015357863404243784
2025-12-01T16:00:00+00:00,84645.0,85406.0,84000.0,84894.0,7098.12109,0.0029373793526570715
2025-12-01T18:00:00+00:00,84894.0,85509.0,84556.0,84990.0,4405.51116,0.0011301830686646455
2025-12-01T20:00:00+00:00,84989.0,86440.0,84975.0,86394.0,5588.15135,0.016384626443653478
2025-12-01T22:00:00+00:00,86392.0,86811.0,86178.0,86216.0,3685.9657,-0.002062453659657875
2025-12-02T00:00:00+00:00,86218.0,87295.0,86123.0,86396.0,2361.23811,0.00208560314747654
2025-12-02T02:00:00+00:00,86396.0,87055.0,86147.0,86928.0,2422.9617,0.006138811367160136
2025-12-02T04:00:00+00:00,86930.0,87228.0,86765.0,86963.0,1532.29877,0.00040255102877827736
2025-12-02T06:00:00+00:00,86963.0,87139.0,86811.0,86959.0,1331.12031,-4.599763113013951e-05
2025-12-02T08:00:00+00:00,86960.0,86996.0,86318.0,86717.0,2719.26186,-0.0027868002098098256
2025-12-02T10:00:00+00:00,86718.0,87562.0,86711.0,87325.0,1589.03399,0.0069868476958899785
2025-12-02T12:00:00+00:00,87325.0,87841.0,87005.0,87688.0,1996.31293,0.004148269220526517
2025-12-02T14:00:00+00:00,87687.0,91132.0,87556.0,90800.0,13046.2777,0.03487422569382527
2025-12-02T16:00:00+00:00,90800.0,91963.0,90165.0,91391.0,7845.08702,0.006487719733203347
2025-12-02T18:00:00+00:00,91390.0,92217.0,91322.0,91842.0,5473.29758,0.00492270399717416
2025-12-02T20:00:00+00:00,91841.0,91874.0,90667.0,91502.0,4151.34861,-0.0037088793715331857
2025-12-02T22:00:00+00:00,91502.0,91956.0,91228.0,91237.0,2241.20494,-0.002900313406125131
2025-12-03T00:00:00+00:00,91237.0,92400.0,90945.0,92203.0,2534.37859,0.010532151434187812
2025-12-03T02:00:00+00:00,92204.0,93051.0,92115.0,92594.0,3891.83905,0.004231676742289536
2025-12-03T04:00:00+00:00,92594.0,93639.0,92591.0,93617.0,3658.60151,0.010987646187096602
2025-12-03T06:00:00+00:00,93617.0,93935.0,92833.0,92973.0,3023.62128,-0.006902862502689125
2025-12-03T08:00:00+00:00,92974.0,93175.0,92648.0,93145.0,2195.84957,0.0018482903208201212
2025-12-03T10:00:00+00:00,93145.0,93344.0,92610.0,92961.0,2659.91965,-0.0019773683809560716
2025-12-03T12:00:00+00:00,92961.0,93199.0,92650.0,93077.0,1285.24459,0.001247057214473715
2025-12-03T14:00:00+00:00,93079.0,93642.0,91631.0,92338.0,9263.8046,-0.007971349816894622
2025-12-03T16:00:00+00:00,92338.0,93019.0,91772.0,92931.0,3675.59262,0.006401524540745921
2025-12-03T18:00:00+00:00,92931.0,93486.0,92350.0,92990.0,2553.72659,0.0006346781910652445
2025-12-03T20:00:00+00:00,92994.0,93726.0,92800.0,93655.0,2139.9253,0.007125857257749715
2025-12-03T22:00:00+00:00,93655.0,94140.0,93266.0,93395.0,2515.33877,-0.0027800071365891884
2025-12-04T00:00:00+00:00,93395.0,93712.0,92631.0,93137.0,3588.89256,-0.0027662831527557243
2025-12-04T02:00:00+00:00,93138.0,94031.0,93065.0,93498.0,2594.18355,0.003868518233021825
2025-12-04T04:00:00+00:00,93498.0,93542.0,92730.0,92924.0,1893.81927,-0.006158090932814153
2025-12-04T06:00:00+00:00,92924.0,93379.0,92800.0,93345.0,1272.81955,0.0045203519305724756
2025-12-04T08:00:00+00:00,93346.0,93581.0,93008.0,93404.0,1446.41224,0.0006318641809379402
2025-12-04T10:00:00+00:00,93404.0,93500.0,92700.0,92898.0,1110.74415,-0.0054320538074740694
2025-12-04T12:00:00+00:00,92899.0,93144.0,92387.0,92476.0,2133.24371,-0.004552965669263584
2025-12-04T14:00:00+00:00,92477.0,93236.0,91761.0,92940.0,5128.9666,0.005004972263341048
2025-12-04T16:00:00+00:00,92939.0,93130.0,91702.0,92393.0,3391.98109,-0.005902905454701419
2025-12-04T18:00:00+00:00,92393.0,92503.0,90806.0,91927.0,4970.20501,-0.005056434384461183
2025-12-04T20:00:00+00:00,91933.0,92683.0,91634.0,92113.0,2184.78057,0.0020213004056472343
2025-12-04T22:00:00+00:00,92114.0,92461.0,92034.0,92034.0,1037.55548,-0.0008580102292899764
2025-12-05T00:00:00+00:00,92034.0,92562.0,92027.0,92315.0,1092.46202,0.003048567853679641
2025-12-05T02:00:00+00:00,92315.0,92660.0,91956.0,92143.0,1831.13145,-0.0018649237208521563
2025-12-05T04:00:00+00:00,92144.0,92368.0,91780.0,91904.0,1241.71985,-0.00259716414114996
2025-12-05T06:00:00+00:00,91903.0,92464.0,91880.0,92205.0,863.40464,0.0032698050413780973
2025-12-05T08:00:00+00:00,92206.0,92223.0,90940.0,91091.0,1941.2033,-0.01215535217714884
2025-12-05T10:00:00+00:00,91090.0,91520.0,91048.0,91298.0,1539.38138,0.0022698747060152106
2025-12-05T12:00:00+00:00,91298.0,91388.0,90215.0,90419.0,3098.05236,-0.009674459250757035
2025-12-05T14:00:00+00:00,90419.0,91440.0,89868.0,90406.0,7666.76906,-0.0001437854281476656
2025-12-05T16:00:00+00:00,90406.0,90455.0,88032.0,89289.0,10878.65382,-0.012432336873059308
2025-12-05T18:00:00+00:00,89290.0,89771.0,88772.0,89586.0,4419.37326,0.0033207577685969783
2025-12-05T20:00:00+00:00,89587.0,89706.0,89030.0,89117.0,2480.80909,-0.005248944637760182
2025-12-05T22:00:00+00:00,89119.0,89341.0,88844.0,89294.0,1694.53426,0.001984183240612879
2025-12-06T00:00:00+00:00,89294.0,89478.0,89001.0,89280.0,1014.31674,-0.00015679774243371934
2025-12-06T02:00:00+00:00,89281.0,89769.0,89129.0,89634.0,942.35378,0.003957213655234382
2025-12-06T04:00:00+00:00,89634.0,89698.0,89489.0,89565.0,320.16969,-0.0007700936211698545
2025-12-06T06:00:00+00:00,89565.0,89724.0,89422.0,89546.0,438.68082,-0.0002121589413410814
2025-12-06T08:00:00+00:00,89546.0,89635.0,89171.0,89528.0,677.85324,-0.00020103420999839072
2025-12-06T10:00:00+00:00,89528.0,89678.0,89406.0,89581.0,887.22613,0.0005918184071926468
2025-12-06T12:00:00+00:00,89582.0,89737.0,89516.0,89617.0,620.49778,0.0004017902039566443
2025-12-06T14:00:00+00:00,89618.0,90249.0,89451.0,89712.0,2384.16671,0.0010595052544413988
2025-12-06T16:00:00+00:00,89712.0,89942.0,89562.0,89665.0,1110.68672,-0.0005240359809292432
2025-12-06T18:00:00+00:00,89665.0,89750.0,89229.0,89359.0,1486.32107,-0.003418539391404916
2025-12-06T20:00:00+00:00,89359.0,89577.0,89285.0,89359.0,733.56064,0.0
2025-12-06T22:00:00+00:00,89359.0,89485.0,88848.0,89181.0,2046.03022,-0.0019939515960008913
2025-12-07T00:00:00+00:00,89182.0,89540.0,89128.0,89236.0,878.36553,0.0006165331974215324
2025-12-07T02:00:00+00:00,89235.0,89699.0,89235.0,89669.0,773.07716,0.004840567289584555
2025-12-07T04:00:00+00:00,89669.0,89749.0,89369.0,89467.0,447.15051,-0.002255270695097199
2025-12-07T06:00:00+00:00,89466.0,89690.0,89140.0,89335.0,738.56806,-0.001476493819760111
2025-12-07T08:00:00+00:00,89336.0,89497.0,88996.0,89062.0,1070.75622,-0.0030605919730073783
2025-12-07T10:00:00+00:00,89061.0,89347.0,89055.0,89091.0,998.94054,0.0003255628617665623
2025-12-07T12:00:00+00:00,89091.0,89544.0,88543.0,88971.0,3374.67776,-0.0013478453366453102
2025-12-07T14:00:00+00:00,88971.0,89686.0,87666.0,89508.0,6107.18338,0.006017532823782124
2025-12-07T16:00:00+00:00,89507.0,91266.0,89059.0,90906.0,5574.08659,0.015497998844726978
2025-12-07T18:00:00+00:00,90907.0,91721.0,90906.0,91372.0,3627.75439,0.0051130801878697145
2025-12-07T20:00:00+00:00,91372.0,91475.0,89803.0,90187.0,4120.80436,-0.01305379328044565
2025-12-07T22:00:00+00:00,90186.0,90455.0,88893.0,90344.0,5383.1873,0.001739313908191462
2025-12-08T00:00:00+00:00,90345.0,91636.0,89794.0,90851.0,3239.11866,0.005596195514883328
2025-12-08T02:00:00+00:00,90854.0,91394.0,90761.0,91025.0,1773.24528,0.0019133921252446038
2025-12-08T04:00:00+00:00,91025.0,91440.0,90969.0,91282.0,953.02091,0.002819421857022052
2025-12-08T06:00:00+00:00,91281.0,91829.0,91207.0,91513.0,1236.64186,0.0025274227737782265
2025-12-08T08:00:00+00:00,91513.0,92256.0,91434.0,91881.0,2352.07589,0.004013222830800393
2025-12-08T10:00:00+00:00,91881.0,92187.0,91766.0,91926.0,1534.14417,0.0004896440385738557
2025-12-08T12:00:00+00:00,91926.0,92080.0,91220.0,91417.0,1908.55866,-0.005552448772976395
2025-12-08T14:00:00+00:00,91417.0,91759.0,89565.0,89918.0,7290.87275,-0.016533312883553593
2025-12-08T16:00:00+00:00,89918.0,90449.0,89619.0,90215.0,3635.28773,0.0032975664551200866
2025-12-08T18:00:00+00:00,90216.0,90478.0,89681.0,90071.0,2741.27681,-0.001597462150390193
2025-12-08T20:00:00+00:00,90072.0,91336.0,90072.0,91273.0,3349.67568,0.01325676728677687
2025-12-08T22:00:00+00:00,91273.0,91338.0,90441.0,90594.0,2623.96347,-0.0074670298062609036
2025-12-09T00:00:00+00:00,90594.0,90799.0,89912.0,90009.0,1614.49184,-0.006478320359789232
2025-12-09T02:00:00+00:00,90010.0,90395.0,89754.0,90356.0,1692.39423,0.0038477579144302453
2025-12-09T04:00:00+00:00,90357.0,90461.0,89500.0,89836.0,2057.29068,-0.00577163740355238
2025-12-09T06:00:00+00:00,89837.0,90487.0,89721.0,90439.0,1133.7363,0.006689804452762439
2025-12-09T08:00:00+00:00,90439.0,90550.0,90080.0,90082.0,1013.92769,-0.003955223662651485
2025-12-09T10:00:00+00:00,90083.0,90358.0,89871.0,90338.0,1165.5416,0.0028378247622507288
2025-12-09T12:00:00+00:00,90340.0,90827.0,90145.0,90401.0,2646.43024,0.0006971378900128032
2025-12-09T14:00:00+00:00,90401.0,92874.0,89958.0,92671.0,9496.04376,0.024800257235269074
2025-12-09T16:00:00+00:00,92671.0,94569.0,92671.0,93858.0,10869.92384,0.012727415288568536
2025-12-09T18:00:00+00:00,93859.0,94172.0,93604.0,93757.0,3407.02181,-0.0010766730779181678
2025-12-09T20:00:00+00:00,93757.0,93811.0,92199.0,92633.0,5261.82577,-0.012060879072592692
2025-12-09T22:00:00+00:00,92633.0,92991.0,92461.0,92654.0,1892.18426,0.00022667537484993567
2025-12-10T00:00:00+00:00,92655.0,92740.0,91919.0,92280.0,2988.08486,-0.004044691726474438
2025-12-10T02:00:00+00:00,92280.0,92541.0,91972.0,92381.0,1093.56085,0.0010938964921825849
2025-12-10T04:00:00+00:00,92379.0,92718.0,92347.0,92538.0,1482.33417,0.0016980411717967313
2025-12-10T06:00:00+00:00,92538.0,92779.0,92378.0,92752.0,743.97329,0.0023098936278447093
2025-12-10T08:00:00+00:00,92756.0,92905.0,92404.0,92887.0,683.91715,0.0014544360161180716
2025-12-10T10:00:00+00:00,92887.0,93220.0,91730.0,92085.0,2398.05269,-0.008671637065925768
2025-12-10T12:00:00+00:00,92084.0,92184.0,91775.0,92051.0,2142.40402,-0.0003692922664378959
2025-12-10T14:00:00+00:00,92051.0,92119.0,91543.0,92027.0,2526.47299,-0.0002607590275425818
2025-12-10T16:00:00+00:00,92026.0,92570.0,91856.0,92364.0,3093.39439,0.0036552800865916404
2025-12-10T18:00:00+00:00,92364.0,93231.0,91612.0,92900.0,11543.04245,0.0057863534796121574
2025-12-10T20:00:00+00:00,92898.0,94444.0,91831.0,92317.0,10761.39731,-0.0062953392552434
2025-12-10T22:00:00+00:00,92317.0,92655.0,91884.0,91961.0,3210.35458,-0.003863732435522381
2025-12-11T00:00:00+00:00,91961.0,92028.0,90602.0,90634.0,4241.88612,-0.0145351555403064
2025-12-11T02:00:00+00:00,90632.0,90632.0,89344.0,89860.0,4642.06706,-0.008576514946706758
2025-12-11T04:00:00+00:00,89859.0,90440.0,89662.0,90272.0,1906.845,0.0045744311775718915
2025-12-11T06:00:00+00:00,90272.0,90415.0,89929.0,90236.0,1056.15622,-0.00039887429340863145
2025-12-11T08:00:00+00:00,90236.0,90469.0,89943.0,90190.0,746.68555,-0.0005099043485603202
2025-12-11T10:00:00+00:00,90190.0,90380.0,90132.0,90202.0,387.5998,0.00013304359414715604
2025-12-11T12:00:00+00:00,90201.0,90350.0,89849.0,90069.0,1113.95777,-0.0014755565135976113
2025-12-11T14:00:00+00:00,90069.0,90624.0,89229.0,89849.0,7181.60049,-0.002445559751078822
2025-12-11T16:00:00+00:00,89848.0,90228.0,89289.0,89950.0,3113.55262,0.0011234768894544875
2025-12-11T18:00:00+00:00,89949.0,91500.0,89866.0,90787.0,5621.94021,0.009262143154476711
2025-12-11T20:00:00+00:00,90787.0,93544.0,90744.0,92836.0,9311.11615,0.02231839204982942
2025-12-11T22:00:00+00:00,92836.0,93176.0,92064.0,92481.0,4508.97874,-0.003831277586453594
2025-12-12T00:00:00+00:00,92482.0,92611.0,91394.0,92144.0,2405.18924,-0.0036506472500780467
2025-12-12T02:00:00+00:00,92144.0,92728.0,91913.0,92254.0,2070.08337,0.0011930716498879477
2025-12-12T04:00:00+00:00,92254.0,92489.0,92050.0,92424.0,1266.15967,0.001841042766512944
2025-12-12T06:00:00+00:00,92424.0,92723.0,92228.0,92413.0,1896.37871,-0.00011902378866765065
2025-12-12T08:00:00+00:00,92412.0,92552.0,92059.0,92502.0,1162.95895,0.0009626045142075631
2025-12-12T10:00:00+00:00,92501.0,92614.0,92268.0,92399.0,593.96048,-0.0011141098280050814
2025-12-12T12:00:00+00:00,92399.0,92490.0,92057.0,92281.0,435.00801,-0.0012778862471059973
2025-12-12T14:00:00+00:00,92282.0,92645.0,89746.0,89903.0,8675.11639,-0.026106958498783025
2025-12-12T16:00:00+00:00,89898.0,90597.0,89448.0,90055.0,6266.37615,0.0016892834566576025
2025-12-12T18:00:00+00:00,90054.0,90629.0,89967.0,90156.0,2353.85884,0.001120908386003048
2025-12-12T20:00:00+00:00,90156.0,90308.0,89837.0,90147.0,1376.44996,-9.983194963453678e-05
2025-12-12T22:00:00+00:00,90154.0,90369.0,90149.0,90228.0,429.42301,0.0008981289585007388
2025-12-13T00:00:00+00:00,90228.0,90397.0,90076.0,90194.0,494.11133,-0.0003768941747954482
2025-12-13T02:00:00+00:00,90195.0,90427.0,90166.0,90309.0,357.30329,0.0012742172214288906
2025-12-13T04:00:00+00:00,90309.0,90379.0,90237.0,90303.0,230.64236,-6.644076807974571e-05
2025-12-13T06:00:00+00:00,90303.0,90345.0,90238.0,90291.0,180.42855,-0.00013289478075308964
2025-12-13T08:00:00+00:00,90291.0,90542.0,90291.0,90392.0,716.43416,0.0011179802252543189
2025-12-13T10:00:00+00:00,90392.0,90624.0,90260.0,90311.0,489.91465,-0.0008964987346645152
2025-12-13T12:00:00+00:00,90311.0,90446.0,90171.0,90230.0,336.05208,-0.0008973031658712508
2025-12-13T14:00:00+00:00,90229.0,90300.0,89909.0,90062.0,977.16595,-0.0018636439622874627
2025-12-13T16:00:00+00:00,90061.0,90231.0,89958.0,90025.0,363.10901,-0.0004109125091829995
2025-12-13T18:00:00+00:00,90026.0,90195.0,90021.0,90152.0,164.82023,0.0014097251151091944
2025-12-13T20:00:00+00:00,90152.0,90178.0,89724.0,90151.0,925.93652,-1.1092438839205797e-05
2025-12-13T22:00:00+00:00,90151.0,90257.0,89974.0,90222.0,348.93905,0.0007872575570290328
2025-12-14T00:00:00+00:00,90222.0,90443.0,90086.0,90269.0,669.59782,0.0005208016029867338
2025-12-14T02:00:00+00:00,90269.0,90365.0,90210.0,90236.0,149.53503,-0.0003656408450475711
2025-12-14T04:00:00+00:00,90237.0,90303.0,90013.0,90162.0,584.22085,-0.0008204082545326809
2025-12-14T06:00:00+00:00,90163.0,90241.0,90042.0,90210.0,209.27317,0.0005322333969028806
2025-12-14T08:00:00+00:00,90209.0,90244.0,89967.0,89985.0,544.47626,-0.0024972958953813243
2025-12-14T10:00:00+00:00,89985.0,90096.0,88587.0,89328.0,3939.50826,-0.007328001205161494
2025-12-14T12:00:00+00:00,89320.0,89627.0,89043.0,89455.0,1279.3306,0.0014207169737814975
2025-12-14T14:00:00+00:00,89455.0,89522.0,88833.0,88974.0,972.34573,-0.0053915133207991925
2025-12-14T16:00:00+00:00,88974.0,89359.0,88491.0,88767.0,1909.32496,-0.0023292329129110533
2025-12-14T18:00:00+00:00,88767.0,89039.0,88442.0,88608.0,1714.22775,-0.0017928123195245194
2025-12-14T20:00:00+00:00,88605.0,88786.0,88276.0,88401.0,1438.46592,-0.002338865191741667
2025-12-14T22:00:00+00:00,88401.0,88576.0,87558.0,88128.0,3254.28744,-0.003092978690620045
2025-12-15T00:00:00+00:00,88129.0,89322.0,88044.0,89214.0,3382.26253,0.012247674836951479
2025-12-15T02:00:00+00:00,89214.0,90007.0,89188.0,89243.0,3478.23137,0.0003250082681573837
2025-12-15T04:00:00+00:00,89243.0,89768.0,89243.0,89564.0,3313.94667,0.0035904673177936243
2025-12-15T06:00:00+00:00,89564.0,89878.0,89428.0,89694.0,1287.20058,0.0014504236663400762
2025-12-15T08:00:00+00:00,89694.0,89973.0,89597.0,89827.0,900.45118,0.0014817210725589396
2025-12-15T10:00:00+00:00,89827.0,89927.0,89534.0,89591.0,785.96918,-0.0026307297607581263
2025-12-15T12:00:00+00:00,89592.0,89745.0,89231.0,89378.0,1979.1239,-0.0023803016228349733
2025-12-15T14:00:00+00:00,89378.0,89824.0,86601.0,87007.0,11214.20456,-0.02688599169641303
2025-12-15T16:00:00+00:00,87007.0,87202.0,85583.0,85731.0,7408.51452,-0.014774088037180633
2025-12-15T18:00:00+00:00,85733.0,86539.0,85123.0,86143.0,6493.34441,0.004794218894485492
2025-12-15T20:00:00+00:00,86141.0,86303.0,85491.0,86226.0,3144.63282,0.0009630502748751919
2025-12-15T22:00:00+00:00,86226.0,86462.0,85817.0,86427.0,1888.69699,0.002328370671890229
2025-12-16T00:00:00+00:00,86427.0,86508.0,85664.0,85882.0,2118.04207,-0.006325865943374523
2025-12-16T02:00:00+00:00,85882.0,86225.0,85334.0,85849.0,2784.02661,-0.00038432199668302075
2025-12-16T04:00:00+00:00,85850.0,86170.0,85236.0,86006.0,1412.50703,0.0018271222097357845
2025-12-16T06:00:00+00:00,86006.0,86592.0,85824.0,85981.0,2035.10934,-0.0002907196494628446
2025-12-16T08:00:00+00:00,85982.0,86397.0,85877.0,86310.0,1310.73411,0.003819124619295605
2025-12-16T10:00:00+00:00,86311.0,87306.0,86240.0,87236.0,2322.83094,0.010671623523413446
2025-12-16T12:00:00+00:00,87236.0,87728.0,86407.0,86407.0,4793.91072,-0.009548398708274102
2025-12-16T14:00:00+00:00,86407.0,88142.0,86088.0,87939.0,5710.82162,0.017574701251720053
2025-12-16T16:00:00+00:00,87940.0,88000.0,87026.0,87079.0,2158.82734,-0.009827639691172669
2025-12-16T18:00:00+00:00,87080.0,87969.0,87015.0,87536.0,2386.83479,0.005234384714217236
2025-12-16T20:00:00+00:00,87535.0,87871.0,87285.0,87726.0,1331.8978,0.002168183341885736
2025-12-16T22:00:00+00:00,87721.0,87886.0,87542.0,87814.0,818.13168,0.001002620569349659
2025-12-17T00:00:00+00:00,87814.0,87899.0,87364.0,87504.0,1354.76297,-0.003536434628288633
2025-12-17T02:00:00+00:00,87504.0,87565.0,87100.0,87160.0,1381.98342,-0.00393899652799778
2025-12-17T04:00:00+00:00,87160.0,87345.0,86150.0,86580.0,2425.54827,-0.006676668062584572
2025-12-17T06:00:00+00:00,86579.0,87101.0,86525.0,87007.0,1434.43192,0.004919733174150421
2025-12-17T08:00:00+00:00,87007.0,87007.0,86211.0,86369.0,1319.54643,-0.007359760057063109
2025-12-17T10:00:00+00:00,86369.0,87097.0,86206.0,86941.0,1383.80475,0.006600912548989754
2025-12-17T12:00:00+00:00,86939.0,87825.0,86766.0,87576.0,2215.82103,0.007277260122344639
2025-12-17T14:00:00+00:00,87577.0,90346.0,87079.0,87186.0,12493.30017,-0.004463220235642432
2025-12-17T16:00:00+00:00,87188.0,87739.0,86100.0,86393.0,7548.00649,-0.009137113557299879
2025-12-17T18:00:00+00:00,86393.0,86800.0,85270.0,85987.0,5815.37903,-0.004710531972750094
2025-12-17T20:00:00+00:00,85988.0,86214.0,85626.0,85939.0,3162.86962,-0.0005583797825478011
2025-12-17T22:00:00+00:00,85950.0,86400.0,85862.0,86210.0,2293.19073,0.0031484379678175137
2025-12-18T00:00:00+00:00,86210.0,86291.0,85833.0,86085.0,1569.86401,-0.001450999993398054
2025-12-18T02:00:00+00:00,86086.0,86860.0,85981.0,86588.0,3240.74097,0.005826057609173358
2025-12-18T04:00:00+00:00,86587.0,86862.0,86341.0,86415.0,1306.33578,-0.001999965985152886
2025-12-18T06:00:00+00:00,86414.0,86835.0,86377.0,86803.0,1253.90863,0.004479911428570332
2025-12-18T08:00:00+00:00,86802.0,87357.0,86652.0,87244.0,1250.17167,0.005067607528579479
2025-12-18T10:00:00+00:00,87245.0,87421.0,87028.0,87230.0,1118.67996,-0.00016048236447889413
2025-12-18T12:00:00+00:00,87232.0,89185.0,87072.0,88803.0,5707.06502,0.01787212476612183
2025-12-18T14:00:00+00:00,88804.0,89441.0,87700.0,88473.0,8941.50318,-0.0037230124909464627
2025-12-18T16:00:00+00:00,88473.0,88496.0,85429.0,86447.0,10037.52806,-0.023165911333101405
2025-12-18T18:00:00+00:00,86448.0,86875.0,84410.0,84426.0,8199.66723,-0.02365609835302731
2025-12-18T20:00:00+00:00,84426.0,85782.0,84395.0,85597.0,5921.46127,0.013774824770399761
2025-12-18T22:00:00+00:00,85597.0,85707.0,85262.0,85477.0,2182.02093,-0.0014029018983754069
2025-12-19T00:00:00+00:00,85477.0,85573.0,85092.0,85289.0,2481.5242,-0.0022018443478661266
2025-12-19T02:00:00+00:00,85289.0,87555.0,85090.0,86847.0,5715.36923,0.018102460217847373
2025-12-19T04:00:00+00:00,86848.0,87365.0,86650.0,87100.0,2566.28552,0.002908934082277647
2025-12-19T06:00:00+00:00,87100.0,88355.0,86863.0,87912.0,3556.28271,0.009279430286165732
2025-12-19T08:00:00+00:00,87912.0,88198.0,87696.0,88075.0,1658.31205,0.0018524100826783213
2025-12-19T10:00:00+00:00,88073.0,88348.0,87888.0,88144.0,2840.74264,0.0007831165030593126
2025-12-19T12:00:00+00:00,88144.0,88235.0,87786.0,87954.0,2491.08287,-0.002157890194411631
2025-12-19T14:00:00+00:00,87955.0,89381.0,87489.0,87913.0,10048.93491,-0.000466261444646
2025-12-19T16:00:00+00:00,87913.0,88878.0,86661.0,86880.0,7072.29846,-0.01181983290567772
2025-12-19T18:00:00+00:00,86881.0,88065.0,86780.0,87786.0,3485.64414,0.01037417843845488
2025-12-19T20:00:00+00:00,87787.0,88398.0,87544.0,87784.0,2644.57485,-2.2782935582262795e-05
2025-12-19T22:00:00+00:00,87785.0,88383.0,87785.0,88092.0,1017.05496,0.0035024712281466865
2025-12-20T00:00:00+00:00,88093.0,88140.0,87908.0,88025.0,826.38166,-0.0007608578755284383
2025-12-20T02:00:00+00:00,88026.0,88289.0,87936.0,88162.0,864.12331,0.0015551661315724053
2025-12-20T04:00:00+00:00,88162.0,88525.0,88053.0,88253.0,1082.14098,0.0010316583972008165
2025-12-20T06:00:00+00:00,88252.0,88416.0,88135.0,88233.0,379.37962,-0.00022664687381002637
2025-12-20T08:00:00+00:00,88232.0,88392.0,88169.0,88173.0,472.38784,-0.0006802489973548651
2025-12-20T10:00:00+00:00,88173.0,88267.0,88046.0,88228.0,630.17882,0.0006235792516169776
2025-12-20T12:00:00+00:00,88228.0,88302.0,87715.0,88226.0,1092.0129,-2.26687975346514e-05
2025-12-20T14:00:00+00:00,88225.0,88279.0,87949.0,88131.0,1304.87878,-0.0010773602316768353
2025-12-20T16:00:00+00:00,88130.0,88214.0,88044.0,88135.0,487.53052,4.538595078678654e-05
2025-12-20T18:00:00+00:00,88135.0,88392.0,88113.0,88189.0,317.59775,0.0006125088097849094
2025-12-20T20:00:00+00:00,88189.0,88404.0,88150.0,88169.0,354.41469,-0.00022681137329448755
2025-12-20T22:00:00+00:00,88169.0,88384.0,88097.0,88317.0,786.36991,0.0016771872521689016
2025-12-21T00:00:00+00:00,88317.0,88383.0,87975.0,87975.0,637.29124,-0.0038799313529271247
2025-12-21T02:00:00+00:00,87976.0,88121.0,87828.0,88035.0,746.07308,0.0006817794707586904
2025-12-21T04:00:00+00:00,88035.0,88109.0,88006.0,88096.0,176.13923,0.0006926662817893545
2025-12-21T06:00:00+00:00,88096.0,88166.0,88011.0,88137.0,346.30078,0.0004652931146800958
2025-12-21T08:00:00+00:00,88137.0,89048.0,88104.0,88843.0,1304.82168,0.007978344953919372
2025-12-21T10:00:00+00:00,88842.0,88928.0,88551.0,88563.0,811.94339,-0.0031566038634178273
2025-12-21T12:00:00+00:00,88563.0,88890.0,87600.0,87650.0,2604.97364,-0.01036255179813499
2025-12-21T14:00:00+00:00,87650.0,88220.0,87597.0,88038.0,1066.16984,0.004416928086141318
2025-12-21T16:00:00+00:00,88037.0,88444.0,87944.0,88292.0,891.43183,0.0028809638255805937
2025-12-21T18:00:00+00:00,88291.0,88570.0,87899.0,88456.0,1603.00972,0.001855749961135371
2025-12-21T20:00:00+00:00,88456.0,88472.0,88044.0,88117.0,810.38166,-0.0038397763702783592
2025-12-21T22:00:00+00:00,88117.0,88801.0,88085.0,88607.0,2508.75178,0.005545384392351415
2025-12-22T00:00:00+00:00,88608.0,89595.0,88489.0,88581.0,4517.26158,-0.0002934736007698507
2025-12-22T02:00:00+00:00,88583.0,88824.0,87829.0,88738.0,2692.50865,0.0017708202846482737
2025-12-22T04:00:00+00:00,88739.0,88997.0,88683.0,88800.0,1084.57225,0.0006984420520723822
2025-12-22T06:00:00+00:00,88800.0,89173.0,88698.0,89155.0,1164.48142,0.00398977798788559
2025-12-22T08:00:00+00:00,89155.0,89900.0,89076.0,89795.0,2507.38626,0.00715286648468981
2025-12-22T10:00:00+00:00,89795.0,90067.0,89590.0,89909.0,1216.59744,0.0012687532307849349
2025-12-22T12:00:00+00:00,89909.0,90553.0,89694.0,89870.0,3286.96707,-0.0004338660312025011
2025-12-22T14:00:00+00:00,89870.0,90385.0,89140.0,89687.0,9020.99577,-0.0020383506447737227
2025-12-22T16:00:00+00:00,89687.0,90077.0,89000.0,89268.0,3402.19372,-0.004682750028303713
2025-12-22T18:00:00+00:00,89268.0,89476.0,87916.0,88014.0,3500.59905,-0.014147188263523866
2025-12-22T20:00:00+00:00,88014.0,88578.0,87863.0,88232.0,2486.59364,0.0024738162701649457
2025-12-22T22:00:00+00:00,88226.0,88744.0,88106.0,88573.0,1709.09259,0.0038573617580757217
2025-12-23T00:00:00+00:00,88567.0,88893.0,88371.0,88457.0,2323.03068,-0.001310512530101639
2025-12-23T02:00:00+00:00,88456.0,88704.0,87714.0,88152.0,2488.13617,-0.0034539610463440226
2025-12-23T04:00:00+00:00,88152.0,88330.0,87600.0,87741.0,2312.14382,-0.004673304202121967
2025-12-23T06:00:00+00:00,87742.0,87742.0,87035.0,87534.0,1966.74932,-0.002362003665540444
2025-12-23T08:00:00+00:00,87534.0,87663.0,87270.0,87487.0,611.42704,-0.0005370784206441123
2025-12-23T10:00:00+00:00,87488.0,87872.0,87463.0,87825.0,1883.33542,0.003855987254721373
2025-12-23T12:00:00+00:00,87826.0,87944.0,87401.0,87590.0,2768.84478,-0.002679361976893126
2025-12-23T14:00:00+00:00,87591.0,87809.0,86571.0,87426.0,5311.99638,-0.0018741149152251926
2025-12-23T16:00:00+00:00,87427.0,88256.0,87140.0,87153.0,2828.22741,-0.0031275264782970277
2025-12-23T18:00:00+00:00,87152.0,88148.0,87148.0,87738.0,1734.41067,0.006689906076321675
2025-12-23T20:00:00+00:00,87738.0,88355.0,87503.0,87706.0,3307.6292,-0.0003647887685513061
2025-12-23T22:00:00+00:00,87706.0,87772.0,87151.0,87459.0,2099.97413,-0.002820199968145335
2025-12-24T00:00:00+00:00,87459.0,87825.0,87231.0,87598.0,1859.34669,0.0015880545103846137
2025-12-24T02:00:00+00:00,87596.0,87618.0,86835.0,87302.0,2059.67348,-0.0033847945409016867
2025-12-24T04:00:00+00:00,87303.0,87441.0,86760.0,86921.0,933.94744,-0.00437371193650506
2025-12-24T06:00:00+00:00,86922.0,87148.0,86762.0,86877.0,515.28807,-0.0005063349513808191
2025-12-24T08:00:00+00:00,86877.0,87046.0,86661.0,86789.0,1549.19848,-0.001013439677677577
2025-12-24T10:00:00+00:00,86790.0,87351.0,86788.0,87191.0,1977.37515,0.004621229054116902
2025-12-24T12:00:00+00:00,87190.0,87490.0,87028.0,87275.0,1606.90223,0.0009629384119628181
2025-12-24T14:00:00+00:00,87274.0,87443.0,86401.0,87036.0,3972.34035,-0.002742226821824058
2025-12-24T16:00:00+00:00,87036.0,87665.0,86905.0,87304.0,1502.45512,0.003074454641512993
2025-12-24T18:00:00+00:00,87304.0,87576.0,87230.0,87546.0,544.85312,0.0027680886991515766
2025-12-24T20:00:00+00:00,87546.0,87793.0,87506.0,87688.0,1044.03457,0.00162069040348184
2025-12-24T22:00:00+00:00,87687.0,88045.0,87579.0,87653.0,1671.24969,-0.0003992220925493801
2025-12-25T00:00:00+00:00,87652.0,87734.0,87504.0,87675.0,1200.67912,0.00025095820536903636
2025-12-25T02:00:00+00:00,87675.0,87947.0,87554.0,87824.0,433.36251,0.0016980157812915312
2025-12-25T04:00:00+00:00,87825.0,87825.0,87627.0,87728.0,334.38753,-0.001093693145840768
2025-12-25T06:00:00+00:00,87729.0,87838.0,87660.0,87808.0,203.55967,0.0009114940016725912
2025-12-25T08:00:00+00:00,87809.0,87858.0,87312.0,87481.0,632.673,-0.0037309857358630402
2025-12-25T10:00:00+00:00,87481.0,87586.0,87232.0,87493.0,884.64527,0.0001371632358957065
2025-12-25T12:00:00+00:00,87493.0,87664.0,87385.0,87609.0,518.37021,0.0013249422276109322
2025-12-25T14:00:00+00:00,87609.0,88575.0,87526.0,88319.0,2497.30766,0.008071527609908424
2025-12-25T16:00:00+00:00,88318.0,88450.0,87966.0,88118.0,1656.03789,-0.0022784346475361534
2025-12-25T18:00:00+00:00,88117.0,88282.0,88048.0,88123.0,497.21388,5.67404860541317e-05
2025-12-25T20:00:00+00:00,88124.0,88150.0,87600.0,87864.0,1240.89366,-0.002943401353390753
2025-12-25T22:00:00+00:00,87864.0,87887.0,86910.0,87200.0,3758.6498,-0.007585833571110777
2025-12-26T00:00:00+00:00,87201.0,87462.0,86848.0,87401.0,1938.42757,0.0023023933286979653
2025-12-26T02:00:00+00:00,87401.0,89433.0,87393.0,88787.0,3942.11843,0.01573351864109764
2025-12-26T04:00:00+00:00,88787.0,89116.0,88485.0,88957.0,1964.26227,0.00191286402732616
2025-12-26T06:00:00+00:00,88958.0,89521.0,88309.0,88428.0,2497.12883,-0.0059644453391930604
2025-12-26T08:00:00+00:00,88427.0,88884.0,88400.0,88782.0,1126.68183,0.003995265175589524
2025-12-26T10:00:00+00:00,88781.0,88843.0,88483.0,88500.0,727.70059,-0.003181374734568377
2025-12-26T12:00:00+00:00,88499.0,89016.0,88493.0,88964.0,610.00766,0.005229241506313771
2025-12-26T14:00:00+00:00,88965.0,89016.0,86633.0,87130.0,7851.24075,-0.020830537277002174
2025-12-26T16:00:00+00:00,87131.0,87444.0,86782.0,87295.0,3427.46899,0.0018919311935421275
2025-12-26T18:00:00+00:00,87296.0,87553.0,87125.0,87480.0,638.08868,0.002117008371829523
2025-12-26T20:00:00+00:00,87478.0,87772.0,87370.0,87440.0,1274.69649,-0.00045735194028399226
2025-12-26T22:00:00+00:00,87441.0,87568.0,87281.0,87339.0,1615.60506,-0.0011557453840854628
2025-12-27T00:00:00+00:00,87338.0,87453.0,87222.0,87448.0,507.35571,0.0012472325073367616
2025-12-27T02:00:00+00:00,87448.0,87522.0,87356.0,87491.0,278.3639,0.0004915999390186811
2025-12-27T04:00:00+00:00,87492.0,87502.0,87410.0,87481.0,170.06256,-0.00011430400305065037
2025-12-27T06:00:00+00:00,87481.0,87683.0,87388.0,87519.0,713.63331,0.00043428572111146196
2025-12-27T08:00:00+00:00,87519.0,87650.0,87515.0,87600.0,401.37678,0.0009250852937320098
2025-12-27T10:00:00+00:00,87600.0,87600.0,87350.0,87442.0,497.10017,-0.0018052815085603268
2025-12-27T12:00:00+00:00,87442.0,87483.0,87299.0,87422.0,177.06569,-0.00022874920037531526
2025-12-27T14:00:00+00:00,87423.0,87573.0,87378.0,87519.0,264.36838,0.0011089454152034505
2025-12-27T16:00:00+00:00,87519.0,87543.0,87405.0,87526.0,347.91852,7.997943390257477e-05
2025-12-27T18:00:00+00:00,87527.0,87549.0,87439.0,87538.0,154.8745,0.00013709272059124163
2025-12-27T20:00:00+00:00,87538.0,87649.0,87500.0,87644.0,212.77133,0.0012101701423264737
2025-12-27T22:00:00+00:00,87645.0,87950.0,87472.0,87844.0,835.01153,0.002279359119612612
2025-12-28T00:00:00+00:00,87841.0,87940.0,87679.0,87753.0,539.74567,-0.0010364642692809005
2025-12-28T02:00:00+00:00,87753.0,87851.0,87707.0,87717.0,281.38725,-0.00041032655730444085
2025-12-28T04:00:00+00:00,87715.0,87809.0,87581.0,87626.0,498.97882,-0.0010379656806381976
2025-12-28T06:00:00+00:00,87627.0,87759.0,87614.0,87708.0,134.24661,0.0009353577284320143
2025-12-28T08:00:00+00:00,87708.0,87940.0,87676.0,87768.0,764.54739,0.0006838542289347208
2025-12-28T10:00:00+00:00,87768.0,87974.0,87767.0,87848.0,1006.52439,0.0009110787802223016
2025-12-28T12:00:00+00:00,87848.0,87917.0,87770.0,87864.0,194.78785,0.00018211619063266448
2025-12-28T14:00:00+00:00,87864.0,88059.0,87768.0,87797.0,421.89168,-0.0007628329936528242
2025-12-28T16:00:00+00:00,87797.0,87903.0,87701.0,87728.0,596.45077,-0.000786212830699352
2025-12-28T18:00:00+00:00,87729.0,87742.0,87453.0,87502.0,1740.60048,-0.002579468416487278
2025-12-28T20:00:00+00:00,87502.0,87641.0,87408.0,87562.0,591.65356,0.000685463628722096
2025-12-28T22:00:00+00:00,87562.0,88044.0,87454.0,87928.0,2284.70835,0.004171183892671746
2025-12-29T00:00:00+00:00,87927.0,88499.0,87792.0,88435.0,3861.2659,0.005749521120157841
2025-12-29T02:00:00+00:00,88435.0,90149.0,88434.0,90109.0,4214.08668,0.018752229751168695
2025-12-29T04:00:00+00:00,90109.0,90380.0,89903.0,89960.0,1803.12185,-0.0016549215468108184
2025-12-29T06:00:00+00:00,89961.0,90096.0,89463.0,89582.0,1492.04234,-0.004210720149045972
2025-12-29T08:00:00+00:00,89582.0,89790.0,87716.0,88084.0,4423.41894,-0.016863502298123185
2025-12-29T10:00:00+00:00,88085.0,88232.0,87524.0,87527.0,2817.49224,-0.006343587450177384
2025-12-29T12:00:00+00:00,87527.0,87588.0,86736.0,87352.0,4590.99446,-0.0020013844820032235
2025-12-29T14:00:00+00:00,87351.0,88185.0,87200.0,87667.0,5780.28377,0.003599613072029826
2025-12-29T16:00:00+00:00,87666.0,87842.0,87318.0,87835.0,1780.91808,0.0019145086815513651
2025-12-29T18:00:00+00:00,87833.0,88012.0,87284.0,87337.0,3640.27867,-0.005685855520868971
2025-12-29T20:00:00+00:00,87338.0,87595.0,87069.0,87337.0,3387.19015,0.0
2025-12-29T22:00:00+00:00,87337.0,87400.0,87069.0,87228.0,837.15756,-0.0012488186539787267
2025-12-30T00:00:00+00:00,87227.0,87351.0,87081.0,87298.0,1286.71874,0.000802172785185497
2025-12-30T02:00:00+00:00,87298.0,87418.0,86824.0,87356.0,1922.05095,0.0006641703268414735
2025-12-30T04:00:00+00:00,87356.0,87480.0,87125.0,87240.0,1055.96535,-0.0013287820690973332
2025-12-30T06:00:00+00:00,87240.0,87593.0,87233.0,87482.0,517.41678,0.0027701165823401474
2025-12-30T08:00:00+00:00,87482.0,88200.0,87482.0,87982.0,1336.41462,0.005699190185617961
2025-12-30T10:00:00+00:00,87981.0,88174.0,87742.0,87874.0,1165.62818,-0.0012282778361614034
2025-12-30T12:00:00+00:00,87875.0,88127.0,87874.0,88096.0,477.61383,0.0025231586949716394
2025-12-30T14:00:00+00:00,88096.0,89141.0,87818.0,88973.0,4819.39451,0.0099058239592001
2025-12-30T16:00:00+00:00,88973.0,89376.0,88080.0,88338.0,3061.99125,-0.007162586808070534
2025-12-30T18:00:00+00:00,88338.0,88470.0,87924.0,88184.0,1534.63264,-0.0017448254503121849
2025-12-30T20:00:00+00:00,88185.0,88317.0,87842.0,88251.0,1695.6201,0.0007594865329506645
2025-12-30T22:00:00+00:00,88251.0,88549.0,88251.0,88466.0,1018.24194,0.0024332702126118435
2025-12-31T00:00:00+00:00,88467.0,88768.0,88155.0,88629.0,1041.89576,0.0018408204187440674
2025-12-31T02:00:00+00:00,88628.0,88793.0,88344.0,88422.0,758.29837,-0.002338310366140134
2025-12-31T04:00:00+00:00,88422.0,88519.0,88306.0,88431.0,594.26709,0.00010177944403277054
2025-12-31T06:00:00+00:00,88431.0,88613.0,88400.0,88578.0,362.95857,0.0016609328767920664
2025-12-31T08:00:00+00:00,88579.0,88712.0,88358.0,88640.0,476.1278,0.0006997032189678577
2025-12-31T10:00:00+00:00,88641.0,89000.0,88630.0,88985.0,728.54829,0.0038845932029753236
2025-12-31T12:00:00+00:00,88982.0,89025.0,88708.0,88957.0,729.85781,-0.00031470928989334196
2025-12-31T14:00:00+00:00,88957.0,89178.0,87747.0,87927.0,4687.71178,-0.011646182151626393
2025-12-31T16:00:00+00:00,87926.0,88030.0,87366.0,87599.0,3130.00843,-0.003737342408355236
2025-12-31T18:00:00+00:00,87599.0,87978.0,87520.0,87534.0,1451.45428,-0.0007422930342605715
2025-12-31T20:00:00+00:00,87533.0,87875.0,87229.0,87794.0,1844.90941,0.002965871858328951
2025-12-31T22:00:00+00:00,87793.0,87886.0,87615.0,87632.0,738.37652,-0.0018469331347768375
2026-01-01T00:00:00+00:00,87631.0,88043.0,87628.0,87955.0,618.65881,0.0036790920095033327
2026-01-01T02:00:00+00:00,87956.0,88096.0,87831.0,87839.0,530.48658,-0.001319726689605127
2026-01-01T04:00:00+00:00,87839.0,87854.0,87550.0,87718.0,675.97659,-0.001378469889097444
2026-01-01T06:00:00+00:00,87718.0,87718.0,87602.0,87642.0,193.03323,-0.00086678837543765
2026-01-01T08:00:00+00:00,87641.0,87973.0,87632.0,87878.0,286.3738,0.002689153853924728
2026-01-01T10:00:00+00:00,87878.0,88023.0,87788.0,88022.0,351.62649,0.0016372942827604427
2026-01-01T12:00:00+00:00,88022.0,88043.0,87855.0,87899.0,776.77176,-0.0013983551712737268
2026-01-01T14:00:00+00:00,87899.0,88096.0,87786.0,88011.0,1255.53927,0.001273378604217308
2026-01-01T16:00:00+00:00,88011.0,88495.0,87857.0,88293.0,1313.26973,0.0031990226029242758
2026-01-01T18:00:00+00:00,88293.0,88420.0,88044.0,88377.0,1066.02803,0.0009509255258935475
2026-01-01T20:00:00+00:00,88365.0,88424.0,88204.0,88365.0,649.89867,-0.00013579115341508073
2026-01-01T22:00:00+00:00,88365.0,88888.0,88364.0,88809.0,2436.67004,0.005012032572014102
2026-01-02T00:00:00+00:00,88810.0,88871.0,88494.0,88618.0,1932.93879,-0.0021529989661120347
2026-01-02T02:00:00+00:00,88618.0,89094.0,88350.0,88910.0,1803.31012,0.003289624885385081
2026-01-02T04:00:00+00:00,88911.0,88960.0,88538.0,88724.0,1282.22674,-0.0020941944445047322
2026-01-02T06:00:00+00:00,88724.0,89059.0,88701.0,88827.0,791.49571,0.0011602301485693297
2026-01-02T08:00:00+00:00,88827.0,89475.0,88771.0,89436.0,3043.38713,0.006832627850444936
2026-01-02T10:00:00+00:00,89436.0,89899.0,89290.0,89459.0,4557.42006,0.00025713407447648667
2026-01-02T12:00:00+00:00,89459.0,89642.0,89274.0,89297.0,1313.696,-0.0018125270687521756
2026-01-02T14:00:00+00:00,89298.0,90079.0,88444.0,89366.0,8367.01441,0.0007724039496760856
2026-01-02T16:00:00+00:00,89367.0,90956.0,89161.0,90310.0,8490.18446,0.010507899619749987
2026-01-02T18:00:00+00:00,90310.0,90498.0,89508.0,89849.0,3450.64417,-0.005117712755619815
2026-01-02T20:00:00+00:00,89848.0,90141.0,89573.0,90027.0,1568.05419,0.0019791418321755535
2026-01-02T22:00:00+00:00,90026.0,90356.0,89851.0,89932.0,1217.03244,-0.001055796140507021
2026-01-03T00:00:00+00:00,89932.0,90250.0,89915.0,90236.0,667.43766,0.003374631327421046
2026-01-03T02:00:00+00:00,90235.0,90369.0,90090.0,90274.0,810.15378,0.0004210293120752011
2026-01-03T04:00:00+00:00,90273.0,90430.0,89886.0,90000.0,863.65977,-0.0030398195079871988
2026-01-03T06:00:00+00:00,90000.0,90088.0,89269.0,89528.0,2448.41273,-0.005258244814539076
2026-01-03T08:00:00+00:00,89529.0,89952.0,89389.0,89751.0,2062.93441,0.0024877438518712404
2026-01-03T10:00:00+00:00,89751.0,89836.0,89643.0,89720.0,373.81729,-0.0003454597155897503
2026-01-03T12:00:00+00:00,89721.0,90025.0,89630.0,89980.0,709.05759,0.002893713761018756
2026-01-03T14:00:00+00:00,89980.0,90214.0,89929.0,89934.0,884.05365,-0.0005113554365125283
2026-01-03T16:00:00+00:00,89933.0,90190.0,89881.0,90060.0,1253.10468,0.0014000468969119664
2026-01-03T18:00:00+00:00,90060.0,90165.0,90000.0,90079.0,805.18217,0.00021094821299622794
2026-01-03T20:00:00+00:00,90079.0,90711.0,89983.0,90527.0,2123.49494,0.004961085665608728
2026-01-03T22:00:00+00:00,90527.0,90711.0,90421.0,90600.0,1141.39826,0.0008060642969030255
2026-01-04T00:00:00+00:00,90599.0,91555.0,90599.0,91182.0,4297.87254,0.0064032961305894994
2026-01-04T02:00:00+00:00,91183.0,91313.0,91030.0,91190.0,789.53125,8.773276605108504e-05
2026-01-04T04:00:00+00:00,91189.0,91560.0,91148.0,91443.0,722.9379,0.0027705854017473774
2026-01-04T06:00:00+00:00,91442.0,91834.0,91166.0,91494.0,1330.52564,0.0005575690136085463
2026-01-04T08:00:00+00:00,91493.0,91526.0,91120.0,91419.0,966.36306,-0.0008200620426447312
2026-01-04T10:00:00+00:00,91419.0,91577.0,91187.0,91256.0,860.83325,-0.0017845905926886492
2026-01-04T12:00:00+00:00,91256.0,91312.0,90975.0,91226.0,984.7894,-0.0003287995557948489
2026-01-04T14:00:00+00:00,91226.0,91373.0,91053.0,91294.0,1155.88488,0.0007451238565218705
2026-01-04T16:00:00+00:00,91294.0,91411.0,91196.0,91301.0,728.18512,7.667241713553636e-05
2026-01-04T18:00:00+00:00,91301.0,91301.0,90839.0,91101.0,1715.21833,-0.002192959289384666
2026-01-04T20:00:00+00:00,91101.0,91392.0,91083.0,91242.0,805.90782,0.0015465362323022905
2026-01-04T22:00:00+00:00,91243.0,91571.0,91115.0,91511.0,1621.15024,0.0029438662486593785
2026-01-05T00:00:00+00:00,91510.0,93366.0,91479.0,92921.0,5654.53899,0.015290486155022523
2026-01-05T02:00:00+00:00,92922.0,93176.0,92701.0,92844.0,1571.92573,-0.0008290044347411425
2026-01-05T04:00:00+00:00,92843.0,92925.0,92307.0,92318.0,2725.97506,-0.0056815266083542594
2026-01-05T06:00:00+00:00,92319.0,92600.0,92109.0,92497.0,606.68558,0.0019370728130408035
2026-01-05T08:00:00+00:00,92498.0,92817.0,92290.0,92660.0,1812.51046,0.0017606684284980471
2026-01-05T10:00:00+00:00,92661.0,93146.0,92646.0,93114.0,4404.65154,0.004887668929040426
2026-01-05T12:00:00+00:00,93115.0,93193.0,92508.0,92716.0,1192.27044,-0.0042834914551120465
2026-01-05T14:00:00+00:00,92716.0,93983.0,92368.0,93929.0,6121.95945,0.012998120261408988
2026-01-05T16:00:00+00:00,93929.0,94443.0,93202.0,94257.0,6676.08358,0.0034859164033884133
2026-01-05T18:00:00+00:00,94258.0,94472.0,93859.0,94263.0,5134.40585,6.365372376431066e-05
2026-01-05T20:00:00+00:00,94264.0,94753.0,93764.0,94045.0,2625.49894,-0.002315356728224504
2026-01-05T22:00:00+00:00,94046.0,94366.0,93812.0,93832.0,1404.23008,-0.002267441903563923
2026-01-06T00:00:00+00:00,93831.0,94123.0,93511.0,93743.0,1422.40283,-0.0009489538230447508
2026-01-06T02:00:00+00:00,93742.0,93901.0,93493.0,93725.0,881.19609,-0.00019203277418348551
2026-01-06T04:00:00+00:00,93726.0,93978.0,93528.0,93559.0,955.64839,-0.001772709291463426
2026-01-06T06:00:00+00:00,93560.0,93906.0,93133.0,93234.0,2075.95741,-0.0034797912978600967
2026-01-06T08:00:00+00:00,93234.0,93547.0,93164.0,93443.0,1353.52209,0.002239162696256508
2026-01-06T10:00:00+00:00,93444.0,93890.0,93388.0,93825.0,1222.68342,0.0040797202921758835
2026-01-06T12:00:00+00:00,93826.0,93987.0,93637.0,93709.0,975.36614,-0.0012371091620105247
2026-01-06T14:00:00+00:00,93710.0,94435.0,93327.0,93644.0,8675.64355,-0.0006938773610024329
2026-01-06T16:00:00+00:00,93643.0,93754.0,91537.0,91604.0,7884.67763,-0.02202541964914094
2026-01-06T18:00:00+00:00,91605.0,92374.0,91316.0,92153.0,5290.44309,0.005975300352822736
2026-01-06T20:00:00+00:00,92151.0,93897.0,92150.0,93285.0,5331.70451,0.012209084022208752
2026-01-06T22:00:00+00:00,93286.0,93837.0,93000.0,93801.0,2685.41275,0.005516193712199184
2026-01-07T00:00:00+00:00,93801.0,93801.0,92356.0,92495.0,2615.9888,-0.014020927932808956
2026-01-07T02:00:00+00:00,92492.0,93172.0,92285.0,92889.0,2253.56188,0.004250642916663172
2026-01-07T04:00:00+00:00,92889.0,93000.0,92561.0,92576.0,1872.66164,-0.0033753031262910094
2026-01-07T06:00:00+00:00,92577.0,92958.0,92570.0,92944.0,727.9773,0.003967232456452006
2026-01-07T08:00:00+00:00,92943.0,93024.0,91621.0,91771.0,3515.49559,-0.012700817671389248
2026-01-07T10:00:00+00:00,91770.0,92342.0,91645.0,92162.0,2657.32059,0.0042515545222107385
2026-01-07T12:00:00+00:00,92159.0,92351.0,91931.0,92106.0,1810.37,-0.0006078103818788242
2026-01-07T14:00:00+00:00,92106.0,92244.0,91133.0,91409.0,7312.98041,-0.0075961458353622805
2026-01-07T16:00:00+00:00,91408.0,91851.0,91096.0,91336.0,4169.38284,-0.0007989275097310417
2026-01-07T18:00:00+00:00,91336.0,91527.0,90677.0,91219.0,6256.33565,-0.0012818056587823065
2026-01-07T20:00:00+00:00,91219.0,91337.0,90804.0,91086.0,1659.73191,-0.001459093536610711
2026-01-07T22:00:00+00:00,91114.0,91499.0,90884.0,91373.0,2659.99929,0.003145914826870227
2026-01-08T00:00:00+00:00,91373.0,91676.0,91071.0,91437.0,1261.70284,0.0007001805438945478
2026-01-08T02:00:00+00:00,91438.0,91473.0,90591.0,90812.0,1795.02551,-0.006858775084018994
2026-01-08T04:00:00+00:00,90812.0,91200.0,90706.0,90824.0,1103.94691,0.0001321323968537951
2026-01-08T06:00:00+00:00,90824.0,90867.0,89622.0,90515.0,6543.37004,-0.003407985034325312
2026-01-08T08:00:00+00:00,90514.0,90721.0,89915.0,89978.0,1596.91769,-0.005950386823499414
2026-01-08T10:00:00+00:00,89979.0,90474.0,89750.0,90198.0,2750.72626,0.0024420578693445873
2026-01-08T12:00:00+00:00,90198.0,90220.0,89772.0,89956.0,1751.95603,-0.002686591977513393
2026-01-08T14:00:00+00:00,89950.0,90859.0,89300.0,90795.0,9238.75187,0.009283556115521313
2026-01-08T16:00:00+00:00,90800.0,91450.0,90336.0,91380.0,4646.84806,0.006422418123365127
2026-01-08T18:00:00+00:00,91380.0,91490.0,90812.0,90928.0,3762.36743,-0.004958651580359811
2026-01-08T20:00:00+00:00,90928.0,91319.0,90542.0,91254.0,2595.88393,0.0035788425635209908
2026-01-08T22:00:00+00:00,91253.0,91466.0,91008.0,91079.0,1549.43081,-0.0019195653418268518
2026-01-09T00:00:00+00:00,91079.0,91627.0,90815.0,91039.0,1587.55784,-0.00043927564154246296
2026-01-09T02:00:00+00:00,91037.0,91461.0,90934.0,91207.0,1140.7016,0.0018436623858660687
2026-01-09T04:00:00+00:00,91207.0,91220.0,90902.0,91085.0,980.96844,-0.0013385120379912274
2026-01-09T06:00:00+00:00,91084.0,91148.0,90710.0,90733.0,2594.89865,-0.003872008709571781
2026-01-09T08:00:00+00:00,90734.0,90849.0,89645.0,90326.0,7798.59751,-0.004495779668777746
2026-01-09T10:00:00+00:00,90327.0,90683.0,90267.0,90434.0,829.76474,0.0011949547781726355
2026-01-09T12:00:00+00:00,90434.0,90915.0,90204.0,90585.0,1384.19137,0.0016683335453588576
2026-01-09T14:00:00+00:00,90585.0,92061.0,89834.0,91185.0,8231.38199,0.006601773440821336
2026-01-09T16:00:00+00:00,91185.0,91784.0,90999.0,91428.0,4498.12077,0.002661367410077492
2026-01-09T18:00:00+00:00,91427.0,91501.0,90143.0,90336.0,6309.57117,-0.012015725207794117
2026-01-09T20:00:00+00:00,90334.0,90634.0,90131.0,90540.0,2494.81587,0.0022556899367337604
2026-01-09T22:00:00+00:00,90541.0,90732.0,90350.0,90650.0,1040.61439,0.0012141951930475276
2026-01-10T00:00:00+00:00,90651.0,90733.0,90520.0,90682.0,611.99956,0.00035294377530925607
2026-01-10T02:00:00+00:00,90683.0,90790.0,90545.0,90631.0,427.90955,-0.0005625630963585699
2026-01-10T04:00:00+00:00,90631.0,90641.0,90400.0,90592.0,415.52439,-0.0004304089503216618
2026-01-10T06:00:00+00:00,90592.0,90684.0,90468.0,90657.0,409.07976,0.000717245367274337
2026-01-10T08:00:00+00:00,90657.0,90755.0,90603.0,90754.0,125.6755,0.0010693950118144842
2026-01-10T10:00:00+00:00,90755.0,90800.0,90686.0,90715.0,242.29987,-0.0004298254864515137
2026-01-10T12:00:00+00:00,90715.0,90779.0,90628.0,90648.0,292.91594,-0.0007388497438610391
2026-01-10T14:00:00+00:00,90648.0,90657.0,90517.0,90646.0,460.34983,-2.2063609386730068e-05
2026-01-10T16:00:00+00:00,90646.0,90737.0,90514.0,90515.0,565.26759,-0.0014462276409714669
2026-01-10T18:00:00+00:00,90516.0,90603.0,90496.0,90603.0,192.43909,0.0009717422555984664
2026-01-10T20:00:00+00:00,90603.0,90630.0,90466.0,90473.0,243.68186,-0.0014358614320512865
2026-01-10T22:00:00+00:00,90472.0,90568.0,90349.0,90485.0,713.8707,0.00013262746071019893
2026-01-11T00:00:00+00:00,90485.0,90654.0,90420.0,90622.0,545.08429,0.0015129180664673302
2026-01-11T02:00:00+00:00,90623.0,90715.0,90600.0,90712.0,129.60471,0.0009926434909069241
2026-01-11T04:00:00+00:00,90715.0,90845.0,90650.0,90761.0,184.90202,0.0005400252510380848
2026-01-11T06:00:00+00:00,90762.0,90789.0,90523.0,90676.0,913.32285,-0.0009369644142978083
2026-01-11T08:00:00+00:00,90676.0,90779.0,90573.0,90695.0,398.95385,0.0002095153036538718
2026-01-11T10:00:00+00:00,90695.0,90713.0,90640.0,90703.0,350.23667,8.82038391293811e-05
2026-01-11T12:00:00+00:00,90704.0,90975.0,90685.0,90833.0,698.67056,0.0014322230546229256
2026-01-11T14:00:00+00:00,90834.0,91157.0,90639.0,90837.0,2194.87011,4.403588925678976e-05
2026-01-11T16:00:00+00:00,90837.0,91250.0,90837.0,90953.0,1190.95801,0.0012761979838706483
2026-01-11T18:00:00+00:00,90952.0,90954.0,90623.0,90661.0,1080.88446,-0.003215613902131227
2026-01-11T20:00:00+00:00,90661.0,90816.0,90388.0,90732.0,2167.91017,0.0007828306894519721
2026-01-11T22:00:00+00:00,90732.0,91050.0,90207.0,90997.0,3335.28809,0.002916432576325309
2026-01-12T00:00:00+00:00,90998.0,91796.0,90674.0,91400.0,2972.17911,0.004418939519645805
2026-01-12T02:00:00+00:00,91402.0,92505.0,91360.0,91793.0,3086.764,0.00429056353564217
2026-01-12T04:00:00+00:00,91794.0,92280.0,91736.0,92095.0,1324.50043,0.003284610975319614
2026-01-12T06:00:00+00:00,92095.0,92191.0,91366.0,91389.0,1812.58075,-0.007695531863026649
2026-01-12T08:00:00+00:00,91389.0,91598.0,90358.0,90655.0,3203.23967,-0.008064028230267483
2026-01-12T10:00:00+00:00,90655.0,90793.0,90330.0,90588.0,857.05014,-0.0007393389322839537
2026-01-12T12:00:00+00:00,90592.0,90840.0,90506.0,90597.0,1238.28595,9.934597243044153e-05
2026-01-12T14:00:00+00:00,90596.0,91640.0,90081.0,91640.0,5840.66247,0.011446757667376333
2026-01-12T16:00:00+00:00,91639.0,92291.0,90876.0,91476.0,10332.41996,-0.0017912147911577092
2026-01-12T18:00:00+00:00,91481.0,91920.0,91373.0,91808.0,4433.19747,0.0036227970048171684
2026-01-12T20:00:00+00:00,91807.0,92013.0,90874.0,91007.0,3018.87628,-0.00876301316360936
2026-01-12T22:00:00+00:00,91007.0,91390.0,91002.0,91249.0,1546.5086,0.002655606863097161
2026-01-13T00:00:00+00:00,91249.0,91500.0,90991.0,91148.0,2962.64937,-0.0011074744685826577
2026-01-13T02:00:00+00:00,91149.0,91410.0,91066.0,91382.0,1200.63254,0.0025639634930281234
2026-01-13T04:00:00+00:00,91383.0,92293.0,91309.0,91906.0,5400.37048,0.005717793064471508
2026-01-13T06:00:00+00:00,91906.0,92271.0,91789.0,91950.0,2311.98616,0.0004786354629710121
2026-01-13T08:00:00+00:00,91950.0,92686.0,91915.0,92261.0,2690.78555,0.003376565954052472
2026-01-13T10:00:00+00:00,92260.0,92351.0,91965.0,91992.0,1192.03306,-0.0029199002580189773
2026-01-13T12:00:00+00:00,91993.0,92600.0,91904.0,92071.0,2821.91271,0.000858401795591262
2026-01-13T14:00:00+00:00,92070.0,93434.0,91779.0,93434.0,6284.59513,0.014695286147495008
2026-01-13T16:00:00+00:00,93435.0,93724.0,93019.0,93210.0,4831.54961,-0.0024002926163841937
2026-01-13T18:00:00+00:00,93209.0,94200.0,93159.0,94176.0,4196.04684,0.01031035997799663
2026-01-13T20:00:00+00:00,94177.0,94484.0,94020.0,94041.0,5260.47847,-0.0014345146628690706
2026-01-13T22:00:00+00:00,94040.0,96626.0,94040.0,95374.0,13008.97568,0.014075147233544428
2026-01-14T00:00:00+00:00,95374.0,95600.0,95084.0,95189.0,2248.14285,-0.0019416157188840984
2026-01-14T02:00:00+00:00,95190.0,95681.0,95161.0,95681.0,1379.15973,0.005155352749867965
2026-01-14T04:00:00+00:00,95680.0,95754.0,94894.0,94958.0,2219.89111,-0.0075850530726843494
2026-01-14T06:00:00+00:00,94958.0,95212.0,94544.0,95183.0,3801.56656,0.0023666658429350833
2026-01-14T08:00:00+00:00,95182.0,95302.0,94860.0,95058.0,965.87625,-0.0013141228020115343
2026-01-14T10:00:00+00:00,95058.0,95264.0,94714.0,94773.0,1342.07865,-0.0030026730526736193
2026-01-14T12:00:00+00:00,94773.0,95230.0,94647.0,94974.0,2293.78276,0.0021186113633692577
2026-01-14T14:00:00+00:00,94975.0,97102.0,94966.0,96737.0,11223.75577,0.018392786025126267
2026-01-14T16:00:00+00:00,96737.0,97765.0,96712.0,96943.0,7315.94195,0.0021272209591113884
2026-01-14T18:00:00+00:00,96943.0,97651.0,96263.0,97241.0,3794.21418,0.0030692563129637094
2026-01-14T20:00:00+00:00,97241.0,97949.0,97186.0,97550.0,3339.01032,0.003172633840262542
2026-01-14T22:00:00+00:00,97551.0,97563.0,96799.0,96917.0,3375.42861,-0.006510124963459281
2026-01-15T00:00:00+00:00,96917.0,96975.0,96280.0,96435.0,2457.23504,-0.004985735843901168
2026-01-15T02:00:00+00:00,96435.0,96599.0,95747.0,95970.0,2827.26617,-0.004833563632223356
2026-01-15T04:00:00+00:00,95970.0,96499.0,95948.0,96432.0,1396.53429,0.004802454111151935
2026-01-15T06:00:00+00:00,96437.0,96775.0,96156.0,96629.0,1007.44167,0.002040806464004982
2026-01-15T08:00:00+00:00,96629.0,97202.0,96269.0,97036.0,2307.83944,0.004203140466112989
2026-01-15T10:00:00+00:00,97036.0,97060.0,96578.0,96579.0,889.27912,-0.004720717389596327
2026-01-15T12:00:00+00:00,96580.0,97052.0,96508.0,96858.0,1770.99077,0.0028846621222374208
2026-01-15T14:00:00+00:00,96858.0,97176.0,95436.0,96791.0,8375.74225,-0.0006919736499900046
2026-01-15T16:00:00+00:00,96791.0,97088.0,96269.0,96625.0,3117.85848,-0.0017165078458712916
2026-01-15T18:00:00+00:00,96625.0,96629.0,95075.0,95486.0,7872.11545,-0.011857867025909973
2026-01-15T20:00:00+00:00,95487.0,95634.0,95085.0,95569.0,2296.21326,0.0008688598070871908
2026-01-15T22:00:00+00:00,95570.0,95827.0,95369.0,95588.0,1392.81116,0.00019878947736759624
2026-01-16T00:00:00+00:00,95589.0,95835.0,95410.0,95656.0,1502.5352,0.0007111334511482924
2026-01-16T02:00:00+00:00,95656.0,95692.0,95308.0,95333.0,1238.00224,-0.0033823969751452217
2026-01-16T04:00:00+00:00,95333.0,95691.0,95150.0,95653.0,1402.41753,0.003351034101467083
2026-01-16T06:00:00+00:00,95653.0,95832.0,95471.0,95650.0,1053.61793,-3.136385733888082e-05
2026-01-16T08:00:00+00:00,95651.0,95860.0,95570.0,95605.0,832.94355,-0.0004705759413391318
2026-01-16T10:00:00+00:00,95605.0,95623.0,95288.0,95434.0,1047.73069,-0.001790210854005515
2026-01-16T12:00:00+00:00,95434.0,95581.0,95322.0,95451.0,819.0733,0.0001781177153253455
2026-01-16T14:00:00+00:00,95452.0,95808.0,94302.0,94608.0,6412.54183,-0.008870987727768525
2026-01-16T16:00:00+00:00,94609.0,95180.0,94536.0,95123.0,1965.96155,0.005428751915199602
2026-01-16T18:00:00+00:00,95123.0,95258.0,94868.0,95022.0,1416.17048,-0.001062347256029845
2026-01-16T20:00:00+00:00,95022.0,95634.0,94701.0,95552.0,1736.18377,0.005562158179081403
2026-01-16T22:00:00+00:00,95553.0,95615.0,95286.0,95586.0,591.19653,0.0003557639020875686
2026-01-17T00:00:00+00:00,95586.0,95613.0,95395.0,95408.0,759.84676,-0.0018639334380627533
2026-01-17T02:00:00+00:00,95409.0,95430.0,95239.0,95399.0,806.16472,-9.433616174118101e-05
2026-01-17T04:00:00+00:00,95398.0,95399.0,95281.0,95338.0,302.823,-0.0006396242163784546
2026-01-17T06:00:00+00:00,95338.0,95371.0,95059.0,95117.0,651.90675,-0.0023207592259667726
2026-01-17T08:00:00+00:00,95116.0,95310.0,95033.0,95288.0,286.24322,0.001796171801936053
2026-01-17T10:00:00+00:00,95287.0,95336.0,95087.0,95336.0,545.01786,0.0005036092099053269
2026-01-17T12:00:00+00:00,95336.0,95455.0,95199.0,95447.0,397.22694,0.0011636258212180664
2026-01-17T14:00:00+00:00,95447.0,95659.0,95376.0,95576.0,574.67889,0.0013506229051994494
2026-01-17T16:00:00+00:00,95576.0,95583.0,95210.0,95369.0,685.20613,-0.0021681644566881966
2026-01-17T18:00:00+00:00,95369.0,95481.0,95273.0,95291.0,466.32056,-0.0008182104725851326
2026-01-17T20:00:00+00:00,95290.0,95413.0,95261.0,95316.0,639.84045,0.0002623198533459585
2026-01-17T22:00:00+00:00,95316.0,95316.0,95034.0,95144.0,1105.54773,-0.0018061540140511569
2026-01-18T00:00:00+00:00,95143.0,95261.0,94847.0,94955.0,1161.79488,-0.0019884382587358864
2026-01-18T02:00:00+00:00,94955.0,95204.0,94859.0,95194.0,435.9061,0.002513819434855111
2026-01-18T04:00:00+00:00,95194.0,95240.0,95050.0,95179.0,364.54978,-0.00015758537220128568
2026-01-18T06:00:00+00:00,95179.0,95197.0,95009.0,95024.0,159.32264,-0.0016298379553578758
2026-01-18T08:00:00+00:00,95024.0,95285.0,95008.0,95268.0,444.08498,0.0025644812574723294
2026-01-18T10:00:00+00:00,95267.0,95286.0,95054.0,95149.0,265.61505,-0.0012498885655380892
2026-01-18T12:00:00+00:00,95150.0,95206.0,94887.0,95152.0,502.39081,3.1528998799179066e-05
2026-01-18T14:00:00+00:00,95153.0,95370.0,94915.0,95110.0,771.57478,-0.0004414964699436764
2026-01-18T16:00:00+00:00,95109.0,95269.0,95062.0,95263.0,363.42766,0.0016073711391996488
2026-01-18T18:00:00+00:00,95262.0,95524.0,95165.0,95387.0,1094.92757,0.001300813191557234
2026-01-18T20:00:00+00:00,95387.0,95443.0,95284.0,95430.0,523.61725,0.00045069360411146143
2026-01-18T22:00:00+00:00,95431.0,95537.0,93555.0,93621.0,6433.71137,-0.019138277135967937
2026-01-19T00:00:00+00:00,93620.0,93621.0,91800.0,92551.0,10401.3957,-0.011494873361774946
2026-01-19T02:00:00+00:00,92551.0,92768.0,92359.0,92682.0,1013.39038,0.0014144350287493461
2026-01-19T04:00:00+00:00,92682.0,92776.0,92442.0,92465.0,989.089,-0.002344084423329119
2026-01-19T06:00:00+00:00,92465.0,92810.0,92327.0,92783.0,1386.07172,0.003433238818868249
2026-01-19T08:00:00+00:00,92784.0,93338.0,92643.0,93005.0,2520.41451,0.002389821793206046
2026-01-19T10:00:00+00:00,93005.0,93284.0,92848.0,93152.0,747.38855,0.0015793124142986141
2026-01-19T12:00:00+00:00,93151.0,93196.0,92788.0,92981.0,706.73432,-0.0018373963575331362
2026-01-19T14:00:00+00:00,92982.0,93033.0,92670.0,93010.0,1275.66536,0.00031184304869597256
2026-01-19T16:00:00+00:00,93009.0,93384.0,92946.0,93199.0,1166.1666,0.0020299777658733093
2026-01-19T18:00:00+00:00,93199.0,93219.0,92879.0,93065.0,1065.31392,-0.001438818269952412
2026-01-19T20:00:00+00:00,93064.0,93331.0,92952.0,92952.0,1747.58111,-0.001214942869735735
2026-01-19T22:00:00+00:00,92953.0,93013.0,92075.0,92581.0,4479.29373,-0.003999293866771918
2026-01-20T00:00:00+00:00,92582.0,92821.0,92307.0,92664.0,1394.20246,0.0008961106162561165
2026-01-20T02:00:00+00:00,92664.0,92676.0,92200.0,92379.0,2026.93841,-0.003080367540039256
2026-01-20T04:00:00+00:00,92379.0,92424.0,91217.0,91561.0,4841.3746,-0.008894263265369498
2026-01-20T06:00:00+00:00,91561.0,91572.0,90688.0,91122.0,6590.83893,-0.00480614884844819
2026-01-20T08:00:00+00:00,91122.0,91186.0,90622.0,90980.0,2439.86108,-0.0015595658343298619
2026-01-20T10:00:00+00:00,90980.0,91376.0,90942.0,91162.0,1396.4695,0.0019984414420851967
2026-01-20T12:00:00+00:00,91162.0,91250.0,90724.0,90894.0,2704.6811,-0.0029441511797016935
2026-01-20T14:00:00+00:00,90894.0,91309.0,89797.0,90633.0,9231.62902,-0.002875607263418393
2026-01-20T16:00:00+00:00,90633.0,90924.0,89389.0,89746.0,6833.37751,-0.009834927010754065
2026-01-20T18:00:00+00:00,89746.0,89933.0,89260.0,89704.0,4141.58138,-0.0004680969714895595
2026-01-20T20:00:00+00:00,89703.0,89838.0,89390.0,89469.0,1884.07889,-0.002623164592352163
2026-01-20T22:00:00+00:00,89469.0,89632.0,87804.0,88404.0,7480.6727,-0.011974979077550624
2026-01-21T00:00:00+00:00,88403.0,89131.0,88214.0,88992.0,1538.1915,0.006629260562877516
2026-01-21T02:00:00+00:00,88992.0,89581.0,88957.0,89395.0,1707.46229,0.004518274152229103
2026-01-21T04:00:00+00:00,89395.0,90107.0,89309.0,89919.0,1295.30171,0.005844512883317408
2026-01-21T06:00:00+00:00,89919.0,89919.0,89036.0,89174.0,1434.33724,-0.00831974781026448
2026-01-21T08:00:00+00:00,89174.0,89458.0,88948.0,89068.0,1067.82852,-0.001189394334625451
2026-01-21T10:00:00+00:00,89069.0,89351.0,88648.0,88741.0,991.18816,-0.0036781081795745655
2026-01-21T12:00:00+00:00,88741.0,88968.0,88129.0,88639.0,3873.01313,-0.001150073415747915
2026-01-21T14:00:00+00:00,88636.0,90500.0,88543.0,90230.0,7100.34598,0.01779002465952091
2026-01-21T16:00:00+00:00,90230.0,90309.0,87200.0,87894.0,13023.26756,-0.02623042303072145
2026-01-21T18:00:00+00:00,87890.0,90400.0,87539.0,90312.0,7677.03897,0.027138798983557876
2026-01-21T20:00:00+00:00,90312.0,90337.0,89411.0,90207.0,4918.07966,-0.0011633125802972346
2026-01-21T22:00:00+00:00,90207.0,90344.0,89293.0,89401.0,2844.7286,-0.008975161579712797
2026-01-22T00:00:00+00:00,89400.0,90156.0,89393.0,90061.0,1195.40869,0.007355350721182703
2026-01-22T02:00:00+00:00,90061.0,90312.0,89646.0,89842.0,1316.91581,-0.0024346465392676435
2026-01-22T04:00:00+00:00,89842.0,90030.0,89769.0,89976.0,776.03596,0.001490396120569675
2026-01-22T06:00:00+00:00,89977.0,90167.0,89728.0,89764.0,1100.59066,-0.0023589640403904907
2026-01-22T08:00:00+00:00,89764.0,90086.0,89708.0,89978.0,907.75427,0.0023811919430775388
2026-01-22T10:00:00+00:00,89979.0,90126.0,89852.0,89897.0,532.16917,-0.0009006254952061935
2026-01-22T12:00:00+00:00,89897.0,90300.0,89424.0,89551.0,1909.67746,-0.003856275118990335
2026-01-22T14:00:00+00:00,89552.0,89679.0,88445.0,88956.0,5405.83257,-0.006666429927628236
2026-01-22T16:00:00+00:00,88957.0,89593.0,88631.0,89513.0,4081.36661,0.006242000666911892
2026-01-22T18:00:00+00:00,89514.0,89917.0,89067.0,89738.0,3565.62065,0.0025104475642423406
2026-01-22T20:00:00+00:00,89737.0,89900.0,89175.0,89201.0,2484.43185,-0.006002063408281874
2026-01-22T22:00:00+00:00,89202.0,89532.0,89081.0,89500.0,3330.7295,0.0033463749953542526
2026-01-23T00:00:00+00:00,89500.0,89892.0,89390.0,89891.0,1065.05805,0.004359199950595653
2026-01-23T02:00:00+00:00,89891.0,89918.0,89590.0,89878.0,1313.91094,-0.00014463005326463449
2026-01-23T04:00:00+00:00,89878.0,90035.0,89407.0,89550.0,1718.16364,-0.0036560666714198133
2026-01-23T06:00:00+00:00,89550.0,89766.0,89351.0,89490.0,1791.62744,-0.0006702413119539617
2026-01-23T08:00:00+00:00,89490.0,89575.0,88818.0,88918.0,2763.49583,-0.006412290479478041
2026-01-23T10:00:00+00:00,88919.0,89312.0,88809.0,89160.0,1245.16196,0.0027179118023793465
2026-01-23T12:00:00+00:00,89160.0,89409.0,89044.0,89292.0,849.01037,0.0014793896854562874
2026-01-23T14:00:00+00:00,89293.0,89818.0,88510.0,89706.0,6755.96794,0.004625758256721224
2026-01-23T16:00:00+00:00,89706.0,91206.0,89434.0,90566.0,6974.68665,0.009541210217261122
2026-01-23T18:00:00+00:00,90567.0,90979.0,89554.0,89935.0,4566.22203,-0.006991679497172844
2026-01-23T20:00:00+00:00,89934.0,90116.0,89159.0,89299.0,2417.74706,-0.007096897568467855
2026-01-23T22:00:00+00:00,89298.0,89716.0,89280.0,89552.0,1362.72882,0.0028291725375374703
2026-01-24T00:00:00+00:00,89552.0,89580.0,89369.0,89506.0,503.50996,-0.0005138000090693257
2026-01-24T02:00:00+00:00,89506.0,89883.0,89505.0,89719.0,368.30838,0.002376901663065698
2026-01-24T04:00:00+00:00,89719.0,89812.0,89669.0,89729.0,172.51583,0.00011145290011979065
2026-01-24T06:00:00+00:00,89729.0,89751.0,89527.0,89584.0,396.85638,-0.0016172840965826786
2026-01-24T08:00:00+00:00,89584.0,89647.0,89541.0,89566.0,192.53462,-0.00020094892615763618
2026-01-24T10:00:00+00:00,89565.0,89635.0,89539.0,89559.0,259.25132,-7.815771113541981e-05
2026-01-24T12:00:00+00:00,89560.0,89560.0,89317.0,89330.0,246.10833,-0.002560248255496725
2026-01-24T14:00:00+00:00,89330.0,89471.0,89143.0,89222.0,437.98477,-0.0012097317663319787
2026-01-24T16:00:00+00:00,89222.0,89374.0,89115.0,89359.0,763.13231,0.0015343180615667825
2026-01-24T18:00:00+00:00,89364.0,89411.0,89217.0,89275.0,376.88037,-0.0009404705284704046
2026-01-24T20:00:00+00:00,89275.0,89353.0,89226.0,89331.0,164.84254,0.0006270786181322069
2026-01-24T22:00:00+00:00,89331.0,89447.0,89154.0,89171.0,396.41729,-0.0017926974807025476
2026-01-25T00:00:00+00:00,89172.0,89278.0,89057.0,89132.0,284.56458,-0.00043745759321994505
2026-01-25T02:00:00+00:00,89132.0,89222.0,88780.0,88913.0,902.06066,-0.002460053474643981
2026-01-25T04:00:00+00:00,88914.0,89045.0,88824.0,88958.0,299.93047,0.0005059846850815577
2026-01-25T06:00:00+00:00,88958.0,88958.0,88600.0,88615.0,865.82232,-0.0038632047280564926
2026-01-25T08:00:00+00:00,88616.0,88720.0,88069.0,88365.0,1644.65853,-0.002825179865342684
2026-01-25T10:00:00+00:00,88366.0,88668.0,88366.0,88525.0,435.18567,0.001809034356207168
2026-01-25T12:00:00+00:00,88525.0,88964.0,88405.0,88893.0,1333.58482,0.004148401264242305
2026-01-25T14:00:00+00:00,88894.0,88908.0,88352.0,88417.0,1269.03314,-0.005369140415058097
2026-01-25T16:00:00+00:00,88418.0,88418.0,87513.0,87851.0,6491.60902,-0.006422061239560059
2026-01-25T18:00:00+00:00,87852.0,87947.0,86117.0,86449.0,8625.30833,-0.01608755292518296
2026-01-25T20:00:00+00:00,86450.0,86965.0,86203.0,86543.0,4090.9437,0.0010867555638580583
2026-01-25T22:00:00+00:00,86544.0,86791.0,86051.0,86637.0,4465.58028,0.0010855758081925416
2026-01-26T00:00:00+00:00,86638.0,87788.0,86469.0,87654.0,4445.93003,0.011670270323973034
2026-01-26T02:00:00+00:00,87659.0,87921.0,87041.0,87235.0,1812.33577,-0.0047916198465668995
2026-01-26T04:00:00+00:00,87236.0,87903.0,87204.0,87772.0,1102.04262,0.006136916641758076
2026-01-26T06:00:00+00:00,87773.0,88033.0,87666.0,87961.0,852.98533,0.002150991252314765
2026-01-26T08:00:00+00:00,87962.0,88369.0,87560.0,87634.0,2299.94266,-0.003724483931842408
2026-01-26T10:00:00+00:00,87634.0,87949.0,87627.0,87804.0,829.01695,0.001938007195797647
2026-01-26T12:00:00+00:00,87804.0,88012.0,87641.0,87911.0,1585.42587,0.0012178813786588014
2026-01-26T14:00:00+00:00,87912.0,88840.0,87264.0,87602.0,9304.82272,-0.0035211103366023693
2026-01-26T16:00:00+00:00,87603.0,87913.0,86946.0,87649.0,3355.36989,0.0005363735570903111
2026-01-26T18:00:00+00:00,87650.0,88512.0,87612.0,87968.0,2815.49298,0.003632909693795457
2026-01-26T20:00:00+00:00,87967.0,88205.0,87507.0,88017.0,1177.24173,0.0005568656563484431
2026-01-26T22:00:00+00:00,88022.0,88651.0,87959.0,88299.0,2934.06629,0.0031988048782894828
2026-01-27T00:00:00+00:00,88299.0,88676.0,88146.0,88524.0,1602.65199,0.002544919172692273
2026-01-27T02:00:00+00:00,88524.0,88873.0,88523.0,88751.0,1033.42888,0.00256099420751442
2026-01-27T04:00:00+00:00,88750.0,88977.0,88361.0,88422.0,773.56873,-0.003713888438499086
2026-01-27T06:00:00+00:00,88422.0,88527.0,88241.0,88290.0,398.1783,-0.0014939565456897619
2026-01-27T08:00:00+00:00,88290.0,88360.0,87818.0,87851.0,1312.8254,-0.004984653305899708
2026-01-27T10:00:00+00:00,87850.0,88061.0,87692.0,87955.0,785.87932,0.001183122443277463
2026-01-27T12:00:00+00:00,87955.0,88132.0,87753.0,87940.0,665.0789,-0.00017055629820476284
2026-01-27T14:00:00+00:00,87940.0,88418.0,87527.0,88006.0,3155.66184,0.0007502302194497068
2026-01-27T16:00:00+00:00,88007.0,88780.0,87256.0,87514.0,5636.17551,-0.00560621340717982
2026-01-27T18:00:00+00:00,87514.0,88509.0,87411.0,88372.0,1949.05425,0.009756396823847853
2026-01-27T20:00:00+00:00,88373.0,89499.0,88351.0,89039.0,4620.92076,0.007519298607983102
2026-01-27T22:00:00+00:00,89040.0,89494.0,88969.0,89215.0,1433.42259,0.001974710886627034
2026-01-28T00:00:00+00:00,89216.0,89469.0,89104.0,89380.0,1333.69298,0.0018477566219134074
2026-01-28T02:00:00+00:00,89381.0,89426.0,88958.0,89093.0,1087.31693,-0.0032161755267050697
2026-01-28T04:00:00+00:00,89092.0,89121.0,88801.0,89061.0,1082.66724,-0.0003592397627237356
2026-01-28T06:00:00+00:00,89061.0,89374.0,89061.0,89110.0,1057.05223,0.0005500334087518251
2026-01-28T08:00:00+00:00,89110.0,89553.0,88836.0,89552.0,1825.59349,0.00494790052437521
2026-01-28T10:00:00+00:00,89552.0,90150.0,89301.0,90071.0,5577.00332,0.0057787860608677025
2026-01-28T12:00:00+00:00,90070.0,90497.0,89764.0,90238.0,4032.06781,0.0018523761737041702
2026-01-28T14:00:00+00:00,90237.0,90245.0,88793.0,89446.0,7382.34499,-0.008815533148111006
2026-01-28T16:00:00+00:00,89445.0,90587.0,89202.0,90138.0,5249.79438,0.007706738072876794
2026-01-28T18:00:00+00:00,90137.0,90156.0,88960.0,89370.0,4811.31292,-0.008556773915040977
2026-01-28T20:00:00+00:00,89369.0,89874.0,88811.0,89377.0,3822.36103,7.832299287339888e-05
2026-01-28T22:00:00+00:00,89378.0,89451.0,89096.0,89276.0,1187.50936,-0.001130683624235249
2026-01-29T00:00:00+00:00,89276.0,89316.0,88483.0,88555.0,4143.09126,-0.008108866853343244
2026-01-29T02:00:00+00:00,88556.0,88720.0,87647.0,88019.0,9463.43408,-0.006071127644493328
2026-01-29T04:00:00+00:00,88019.0,88384.0,87866.0,88156.0,1254.44428,0.0015552720603427706
2026-01-29T06:00:00+00:00,88157.0,88411.0,88144.0,88327.0,2428.65459,0.001937864310027406
2026-01-29T08:00:00+00:00,88326.0,88567.0,87850.0,87850.0,8478.92758,-0.005415022001366164
2026-01-29T10:00:00+00:00,87850.0,88028.0,87704.0,87795.0,1604.61885,-0.0006262632218123223
2026-01-29T12:00:00+00:00,87795.0,88129.0,87774.0,88029.0,1676.01413,0.0026617542332812733
2026-01-29T14:00:00+00:00,88028.0,88054.0,84323.0,84911.0,19545.9683,-0.03606265652682034
2026-01-29T16:00:00+00:00,84910.0,85626.0,84010.0,84252.0,15144.10694,-0.007791341294642838
2026-01-29T18:00:00+00:00,84252.0,84619.0,83360.0,83995.0,8195.86474,-0.0030550345609345565
2026-01-29T20:00:00+00:00,83996.0,84649.0,83810.0,84509.0,3278.07247,0.006100764305022581
2026-01-29T22:00:00+00:00,84509.0,84720.0,84286.0,84641.0,1585.60082,0.00156074521779705
2026-01-30T00:00:00+00:00,84639.0,84709.0,81000.0,82426.0,10434.18315,-0.0265178616593659
2026-01-30T02:00:00+00:00,82426.0,82707.0,81097.0,82641.0,6459.20901,0.0026050042901771234
2026-01-30T04:00:00+00:00,82641.0,83319.0,82640.0,82850.0,3866.74966,0.002525818456763365
2026-01-30T06:00:00+00:00,82850.0,83057.0,82013.0,82776.0,2996.59305,-0.000893579569922479
2026-01-30T08:00:00+00:00,82776.0,82930.0,82108.0,82317.0,1234.10909,-0.005560516589611011
2026-01-30T10:00:00+00:00,82316.0,83284.0,82127.0,83119.0,2684.38628,0.009695668206717726
2026-01-30T12:00:00+00:00,83119.0,83322.0,82413.0,82708.0,3367.86826,-0.004956983381232694
2026-01-30T14:00:00+00:00,82708.0,83803.0,82272.0,82846.0,9032.45579,0.0016671301443904028
2026-01-30T16:00:00+00:00,82845.0,83467.0,82507.0,82909.0,4576.10526,0.0007601581012175331
2026-01-30T18:00:00+00:00,82909.0,84600.0,81829.0,84216.0,11426.86733,0.015641306164891955
2026-01-30T20:00:00+00:00,84220.0,84500.0,83509.0,84288.0,6476.43318,0.0008545791717921371
2026-01-30T22:00:00+00:00,84288.0,84310.0,83891.0,84241.0,2331.40745,-0.0005577675203495401
2026-01-31T00:00:00+00:00,84240.0,84251.0,83878.0,83970.0,1464.55231,-0.0032221464049944693
2026-01-31T02:00:00+00:00,83969.0,84202.0,83775.0,83991.0,1348.0467,0.0002500580504929367
2026-01-31T04:00:00+00:00,83990.0,84128.0,83858.0,83963.0,699.97927,-0.00033342463126095407
2026-01-31T06:00:00+00:00,83963.0,84014.0,83360.0,83518.0,2484.49486,-0.005314048127247219
2026-01-31T08:00:00+00:00,83517.0,83597.0,82521.0,83078.0,2650.59286,-0.005282251951783549
2026-01-31T10:00:00+00:00,83078.0,83171.0,82812.0,82986.0,386.10647,-0.0011080066650473038
2026-01-31T12:00:00+00:00,82987.0,83121.0,82450.0,82736.0,1318.12292,-0.003017103216760208
2026-01-31T14:00:00+00:00,82737.0,82898.0,80792.0,81269.0,9876.06839,-0.017890175627922698
2026-01-31T16:00:00+00:00,81268.0,82123.0,78095.0,78866.0,21798.6996,-0.03001443027087
2026-01-31T18:00:00+00:00,78866.0,79102.0,75280.0,77730.0,19834.95585,-0.01450892651294472
2026-01-31T20:00:00+00:00,77730.0,78383.0,77058.0,78292.0,6333.19583,0.0072041433981491305
2026-01-31T22:00:00+00:00,78292.0,79222.0,77978.0,78728.0,5251.23746,0.005553446956407025
2026-02-01T00:00:00+00:00,78728.0,79417.0,78290.0,78503.0,3741.56335,-0.0028620329780462204
2026-02-01T02:00:00+00:00,78503.0,79039.0,78357.0,78841.0,1616.06602,0.004296325502234633
2026-02-01T04:00:00+00:00,78841.0,79116.0,78501.0,78586.0,1348.74195,-0.003239599598783273
2026-02-01T06:00:00+00:00,78586.0,78785.0,77958.0,78333.0,2066.65795,-0.003224596374242997
2026-02-01T08:00:00+00:00,78333.0,79109.0,78211.0,79007.0,1195.57974,0.0085674859886908
2026-02-01T10:00:00+00:00,79006.0,79203.0,78106.0,78714.0,2339.01624,-0.0037154258095888535
2026-02-01T12:00:00+00:00,78713.0,78743.0,78158.0,78275.0,1684.91592,-0.005592763114478816
2026-02-01T14:00:00+00:00,78276.0,78489.0,76768.0,77546.0,11628.86077,-0.009356958546243922
2026-02-01T16:00:00+00:00,77546.0,77800.0,77048.0,77716.0,3597.13282,0.0021898477146411062
2026-02-01T18:00:00+00:00,77716.0,78404.0,76941.0,77133.0,3881.63722,-0.007529951819913199
2026-02-01T20:00:00+00:00,77132.0,77700.0,76306.0,76489.0,5587.95098,-0.008384264917031606
2026-02-01T22:00:00+00:00,76490.0,77730.0,75620.0,76928.0,13606.55115,0.005722979828766105
2026-02-02T00:00:00+00:00,76928.0,78098.0,76560.0,77481.0,5392.61887,0.0071628255393491585
2026-02-02T02:00:00+00:00,77481.0,77524.0,74564.0,76248.0,9447.10112,-0.016041559376712245
2026-02-02T04:00:00+00:00,76256.0,76573.0,74856.0,75463.0,4955.99427,-0.010348715727210456
2026-02-02T06:00:00+00:00,75453.0,76920.0,74892.0,76603.0,4759.37062,0.014993770562384209
2026-02-02T08:00:00+00:00,76610.0,77770.0,76575.0,77658.0,2756.42437,0.013678330217857462
2026-02-02T10:00:00+00:00,77659.0,77925.0,77400.0,77718.0,1858.26772,0.0007723200878178607
2026-02-02T12:00:00+00:00,77719.0,78375.0,77666.0,78182.0,2032.02625,0.00595255125170011
2026-02-02T14:00:00+00:00,78181.0,79286.0,77467.0,78784.0,10557.13322,0.007670488534114347
2026-02-02T16:00:00+00:00,78785.0,79233.0,78524.0,78927.0,3172.22822,0.001813444074147088
2026-02-02T18:00:00+00:00,78926.0,78927.0,78227.0,78283.0,2237.78348,-0.008192908877351378
2026-02-02T20:00:00+00:00,78288.0,78616.0,77859.0,78478.0,2118.98397,0.0024878649737998105
2026-02-02T22:00:00+00:00,78479.0,78913.0,78479.0,78684.0,1132.44072,0.0026215003368988492
2026-02-03T00:00:00+00:00,78684.0,79154.0,78367.0,78972.0,1171.12199,0.003653528192499656
2026-02-03T02:00:00+00:00,78972.0,78972.0,77596.0,78691.0,4156.11308,-0.0035645687007810254
2026-02-03T04:00:00+00:00,78691.0,78957.0,78175.0,78194.0,1407.0216,-0.006335872296263421
2026-02-03T06:00:00+00:00,78194.0,78880.0,77886.0,78743.0,2060.46234,0.006996466601064165
2026-02-03T08:00:00+00:00,78743.0,79042.0,77905.0,78356.0,1666.7962,-0.004926839544848162
2026-02-03T10:00:00+00:00,78356.0,78517.0,77957.0,78034.0,1436.64549,-0.004117916171353286
2026-02-03T12:00:00+00:00,78035.0,78415.0,77951.0,78277.0,1738.23432,0.0031091886784399368
2026-02-03T14:00:00+00:00,78277.0,78395.0,77011.0,78095.0,7550.34606,-0.0023277835185548895
2026-02-03T16:00:00+00:00,78094.0,78107.0,74853.0,74866.0,8965.51866,-0.042226185432601225
2026-02-03T18:00:00+00:00,74868.0,75294.0,72900.0,74897.0,21838.31964,0.0004139874393907436
2026-02-03T20:00:00+00:00,74898.0,76918.0,74565.0,76205.0,10718.78255,0.01731324102133766
2026-02-03T22:00:00+00:00,76204.0,76273.0,75364.0,75731.0,4590.65405,-0.006239489492714767
2026-02-04T00:00:00+00:00,75732.0,76772.0,75421.0,76400.0,2651.99946,0.008795108327376702
2026-02-04T02:00:00+00:00,76399.0,76947.0,75675.0,76672.0,3747.2772,0.003553886880454745
2026-02-04T04:00:00+00:00,76672.0,76803.0,76068.0,76249.0,1339.95107,-0.005532282405505911
2026-02-04T06:00:00+00:00,76249.0,76756.0,76230.0,76477.0,1360.65003,0.0029857413849422904
2026-02-04T08:00:00+00:00,76477.0,76565.0,75940.0,76097.0,2302.69455,-0.004981199755189305
2026-02-04T10:00:00+00:00,76098.0,76300.0,75639.0,76020.0,1797.26864,-0.001012378716073897
2026-02-04T12:00:00+00:00,76020.0,76244.0,74815.0,74829.0,3569.41582,-0.01579095318234446
2026-02-04T14:00:00+00:00,74828.0,75746.0,73751.0,74092.0,14806.23656,-0.009897946118281693
2026-02-04T16:00:00+00:00,74092.0,74206.0,72170.0,72547.0,14373.9296,-0.021072936577804235
2026-02-04T18:00:00+00:00,72546.0,74107.0,72234.0,73916.0,9719.83559,0.018694685632506584
2026-02-04T20:00:00+00:00,73916.0,74144.0,72164.0,72780.0,4472.40501,-0.015488121131165298
2026-02-04T22:00:00+00:00,72776.0,73675.0,71820.0,73147.0,7185.64576,0.005029922821161105
2026-02-05T00:00:00+00:00,73139.0,73310.0,71955.0,72371.0,4560.34484,-0.010665448342267405
2026-02-05T02:00:00+00:00,72377.0,72804.0,71121.0,71202.0,7782.90689,-0.016284758751850387
2026-02-05T04:00:00+00:00,71202.0,71410.0,70114.0,70715.0,9132.21228,-0.006863193438593891
2026-02-05T06:00:00+00:00,70717.0,71594.0,70443.0,70725.0,5247.8065,0.00014140271516766768
2026-02-05T08:00:00+00:00,70730.0,71956.0,70665.0,71552.0,3169.29022,0.011625340904948317
2026-02-05T10:00:00+00:00,71552.0,71716.0,69886.0,70298.0,6361.32713,-0.017681109182788503
2026-02-05T12:00:00+00:00,70299.0,70577.0,69149.0,69680.0,11765.82798,-0.008830016365543362
2026-02-05T14:00:00+00:00,69680.0,70853.0,66709.0,67465.0,34243.81369,-0.032304387661496674
2026-02-05T16:00:00+00:00,67465.0,68700.0,66146.0,66175.0,19218.50765,-0.01930619676958565
2026-02-05T18:00:00+00:00,66175.0,66605.0,65160.0,65235.0,17073.26698,-0.014306613395453511
2026-02-05T20:00:00+00:00,65235.0,65671.0,62156.0,63216.0,39616.91242,-0.03143870104867646
2026-02-05T22:00:00+00:00,63216.0,64888.0,62665.0,62894.0,16105.95842,-0.005106664019662627
2026-02-06T00:00:00+00:00,62894.0,65730.0,60000.0,65667.0,28633.19517,0.043145746549755004
2026-02-06T02:00:00+00:00,65668.0,65968.0,63730.0,64133.0,9392.73824,-0.02363746415433535
2026-02-06T04:00:00+00:00,64131.0,66794.0,63918.0,66374.0,5361.374,0.034346361490448
2026-02-06T06:00:00+00:00,66369.0,66741.0,64612.0,64794.0,6945.91843,-0.024092407056562192
2026-02-06T08:00:00+00:00,64794.0,66123.0,64468.0,65760.0,4030.58616,0.014798744269246893
2026-02-06T10:00:00+00:00,65761.0,66703.0,65509.0,66589.0,4008.96632,0.012527647991985939
2026-02-06T12:00:00+00:00,66590.0,67642.0,66076.0,67274.0,5062.48948,0.01023443339989302
2026-02-06T14:00:00+00:00,67274.0,69111.0,66600.0,68544.0,17862.67316,0.018702042685480324
2026-02-06T16:00:00+00:00,68544.0,71448.0,68356.0,70701.0,16256.8804,0.0309838422487843
2026-02-06T18:00:00+00:00,70701.0,70860.0,69274.0,70680.0,8628.13077,-0.0002970696225721521
2026-02-06T20:00:00+00:00,70678.0,70901.0,69755.0,70294.0,5549.24155,-0.0054762007836686236
2026-02-06T22:00:00+00:00,70293.0,71684.0,70213.0,70516.0,6400.99137,0.0031531877556698605
2026-02-07T00:00:00+00:00,70516.0,70631.0,69658.0,70429.0,3283.79776,-0.001234524261937062
2026-02-07T02:00:00+00:00,70429.0,70877.0,70102.0,70867.0,1601.0657,0.006199770735977461
2026-02-07T04:00:00+00:00,70869.0,71656.0,69911.0,70112.0,2911.35021,-0.010710917484481355
2026-02-07T06:00:00+00:00,70112.0,70266.0,67244.0,68038.0,8797.24946,-0.030027590791259946
2026-02-07T08:00:00+00:00,68039.0,68723.0,67720.0,68069.0,2766.98635,0.00045552397064138465
2026-02-07T10:00:00+00:00,68068.0,68242.0,67535.0,67926.0,3221.83502,-0.0021030192684101928
2026-02-07T12:00:00+00:00,67926.0,69933.0,67869.0,69055.0,5093.51114,0.016484411205864535
2026-02-07T14:00:00+00:00,69055.0,69724.0,68328.0,69113.0,3081.43858,0.0008395576892884277
2026-02-07T16:00:00+00:00,69113.0,69837.0,68518.0,69158.0,8359.05569,0.0006508957277917354
2026-02-07T18:00:00+00:00,69157.0,69666.0,68964.0,69338.0,2368.17704,0.0025993545134826565
2026-02-07T20:00:00+00:00,69339.0,69703.0,69219.0,69455.0,1115.66428,0.0016859643888977609
2026-02-07T22:00:00+00:00,69455.0,69667.0,68740.0,69236.0,2575.35611,-0.0031581022852001967
2026-02-08T00:00:00+00:00,69237.0,69467.0,68840.0,69340.0,2105.82465,0.0015009816927249503
2026-02-08T02:00:00+00:00,69345.0,69665.0,69023.0,69054.0,766.23832,-0.004133133042468404
2026-02-08T04:00:00+00:00,69054.0,69380.0,68922.0,69179.0,804.1882,0.001808541145327733
2026-02-08T06:00:00+00:00,69180.0,69676.0,69040.0,69675.0,1055.72697,0.007144225008275035
2026-02-08T08:00:00+00:00,69670.0,70749.0,69477.0,70079.0,2688.39932,0.005781603751922495
2026-02-08T10:00:00+00:00,70073.0,71179.0,69855.0,70956.0,2336.46298,0.01243678950675877
2026-02-08T12:00:00+00:00,70956.0,71487.0,70657.0,71486.0,2347.25679,0.0074416597053203115
2026-02-08T14:00:00+00:00,71486.0,71525.0,70759.0,71150.0,2532.5801,-0.0047113017961521375
2026-02-08T16:00:00+00:00,71149.0,71226.0,70203.0,70760.0,2829.4014,-0.005496455244276831
2026-02-08T18:00:00+00:00,70760.0,71495.0,70722.0,71385.0,2376.63012,0.00879389394959905
2026-02-08T20:00:00+00:00,71389.0,71391.0,70514.0,70662.0,2542.87062,-0.010179817153717102
2026-02-08T22:00:00+00:00,70668.0,72271.0,69929.0,70297.0,7754.29903,-0.0051788224346196
2026-02-09T00:00:00+00:00,70290.0,70900.0,70021.0,70331.0,3109.69809,0.00048354524934542386
2026-02-09T02:00:00+00:00,70332.0,71417.0,70180.0,71269.0,1956.44786,0.013248781363998553
2026-02-09T04:00:00+00:00,71269.0,71324.0,70775.0,71015.0,1118.9891,-0.0035703279330993455
2026-02-09T06:00:00+00:00,71013.0,71013.0,70278.0,70394.0,2193.49404,-0.00878309007387235
2026-02-09T08:00:00+00:00,70396.0,70587.0,69364.0,69597.0,3473.81461,-0.011386569296101268
2026-02-09T10:00:00+00:00,69597.0,69690.0,68366.0,68876.0,4257.17274,-0.01041367653917834
2026-02-09T12:00:00+00:00,68880.0,69262.0,68550.0,68550.0,2423.73603,-0.004744380415616045
2026-02-09T14:00:00+00:00,68550.0,69834.0,68263.0,69539.0,8240.53324,0.014324340255168612
2026-02-09T16:00:00+00:00,69540.0,70930.0,69060.0,70567.0,6163.57147,0.014674866863625818
2026-02-09T18:00:00+00:00,70572.0,71044.0,70054.0,70924.0,3515.63239,0.005046268067624219
2026-02-09T20:00:00+00:00,70919.0,71094.0,69773.0,70377.0,3619.48029,-0.007742375955756458
2026-02-09T22:00:00+00:00,70377.0,70697.0,70050.0,70093.0,1550.65036,-0.004043573531165665
2026-02-10T00:00:00+00:00,70093.0,70499.0,69710.0,70447.0,2124.52283,0.005037722337693921
2026-02-10T02:00:00+00:00,70445.0,70445.0,69172.0,69475.0,1853.80629,-0.013893678416946517
2026-02-10T04:00:00+00:00,69474.0,69872.0,69173.0,69417.0,1247.59473,-0.0008351813404859157
2026-02-10T06:00:00+00:00,69416.0,69469.0,68640.0,68879.0,1639.58735,-0.007780452276316191
2026-02-10T08:00:00+00:00,68882.0,69384.0,68690.0,69121.0,2061.22506,0.003507249971972826
2026-02-10T10:00:00+00:00,69122.0,69225.0,68407.0,68505.0,2428.86454,-0.00895185667866624
2026-02-10T12:00:00+00:00,68506.0,69100.0,68332.0,68992.0,2594.23197,0.007083820541405283
2026-02-10T14:00:00+00:00,68992.0,69555.0,67887.0,69269.0,11040.33023,0.004006919819937563
2026-02-10T16:00:00+00:00,69259.0,69983.0,68929.0,69895.0,3592.06871,0.008996640256676914
2026-02-10T18:00:00+00:00,69896.0,69912.0,68569.0,69027.0,4037.86929,-0.012496383517586463
2026-02-10T20:00:00+00:00,69027.0,69102.0,68332.0,68621.0,2209.07542,-0.005899122070602957
2026-02-10T22:00:00+00:00,68621.0,68834.0,68465.0,68801.0,1701.51434,0.002619669382486076
2026-02-11T00:00:00+00:00,68802.0,69270.0,68754.0,68953.0,1265.83228,0.0022068333651014942
2026-02-11T02:00:00+00:00,68953.0,69130.0,67969.0,68144.0,1615.68979,-0.01180199990163235
2026-02-11T04:00:00+00:00,68145.0,68281.0,67316.0,67364.0,2402.16327,-0.0115123625870498
2026-02-11T06:00:00+00:00,67364.0,67461.0,66518.0,67001.0,3577.27477,-0.005403205941089772
2026-02-11T08:00:00+00:00,67001.0,67098.0,66692.0,66852.0,1479.13427,-0.002226323826039366
2026-02-11T10:00:00+00:00,66852.0,67075.0,66350.0,67032.0,3801.75709,0.0026888964843066183
2026-02-11T12:00:00+00:00,67033.0,67646.0,66771.0,67429.0,5686.99379,0.005905075131261315
2026-02-11T14:00:00+00:00,67429.0,68764.0,65700.0,66479.0,15200.76605,-0.014189084126117841
2026-02-11T16:00:00+00:00,66482.0,67206.0,65839.0,66479.0,4536.07228,0.0
2026-02-11T18:00:00+00:00,66480.0,67820.0,66119.0,67555.0,3439.19568,0.016055972595793597
2026-02-11T20:00:00+00:00,67555.0,68308.0,67142.0,67774.0,4175.93106,0.0032365596608934523
2026-02-11T22:00:00+00:00,67775.0,67833.0,66733.0,67059.0,3259.05212,-0.010605811665006128
2026-02-12T00:00:00+00:00,67058.0,68005.0,67017.0,67649.0,4723.06881,0.008759743633731384
2026-02-12T02:00:00+00:00,67650.0,67758.0,67273.0,67552.0,1013.59578,-0.0014349008756311353
2026-02-12T04:00:00+00:00,67551.0,67643.0,66623.0,67093.0,1214.53361,-0.006817955037783251
2026-02-12T06:00:00+00:00,67094.0,67310.0,66882.0,67188.0,1053.64652,0.0014149435266297286
2026-02-12T08:00:00+00:00,67180.0,67676.0,66861.0,67511.0,2368.08647,0.004795887409669367
2026-02-12T10:00:00+00:00,67510.0,68261.0,67382.0,68047.0,3131.28034,0.007908095329819282
2026-02-12T12:00:00+00:00,68046.0,68380.0,67645.0,68351.0,2572.14876,0.004457550746595211
2026-02-12T14:00:00+00:00,68349.0,68399.0,66963.0,67111.0,6291.41466,-0.018308228672754605
2026-02-12T16:00:00+00:00,67111.0,67199.0,65335.0,65378.0,11012.335,-0.02616215453453317
2026-02-12T18:00:00+00:00,65378.0,66100.0,65097.0,65777.0,4711.07609,0.006084422720001229
2026-02-12T20:00:00+00:00,65776.0,66022.0,65194.0,65825.0,3138.40403,0.0007294722288190978
2026-02-12T22:00:00+00:00,65826.0,66461.0,65623.0,66244.0,2956.82664,0.006345189344871438
2026-02-13T00:00:00+00:00,66245.0,66579.0,65827.0,66425.0,2732.48268,0.0027285969186327044
2026-02-13T02:00:00+00:00,66424.0,66750.0,66356.0,66518.0,914.93186,0.0013990960813340665
2026-02-13T04:00:00+00:00,66518.0,66639.0,66140.0,66140.0,690.87777,-0.005698880173564443
2026-02-13T06:00:00+00:00,66140.0,66538.0,65962.0,66175.0,1633.00942,0.000529040559518296
2026-02-13T08:00:00+00:00,66175.0,67029.0,66162.0,66920.0,1574.39175,0.011195128005458152
2026-02-13T10:00:00+00:00,66920.0,67184.0,66758.0,67127.0,1133.28149,0.0030884714248253825
2026-02-13T12:00:00+00:00,67128.0,67617.0,66886.0,67241.0,2791.38762,0.0016968329863182186
2026-02-13T14:00:00+00:00,67241.0,69282.0,66821.0,68663.0,10007.87668,0.020927300107725203
2026-02-13T16:00:00+00:00,68663.0,69456.0,68502.0,69000.0,5811.49718,0.004896023959767443
2026-02-13T18:00:00+00:00,69000.0,69387.0,68864.0,68906.0,2633.49355,-0.00136324764053501
2026-02-13T20:00:00+00:00,68906.0,69055.0,68648.0,68866.0,1971.2043,-0.0005806695282629336
2026-02-13T22:00:00+00:00,68866.0,68980.0,68700.0,68822.0,608.47331,-0.000639126162015123
2026-02-14T00:00:00+00:00,68823.0,69121.0,68745.0,68936.0,859.93169,0.0016550766710195222
2026-02-14T02:00:00+00:00,68936.0,68989.0,68819.0,68953.0,446.65524,0.0002465751450243248
2026-02-14T04:00:00+00:00,68952.0,68968.0,68750.0,68750.0,552.72438,-0.002948376535809382
2026-02-14T06:00:00+00:00,68751.0,69330.0,68705.0,69193.0,703.52135,0.0064229648909588715
2026-02-14T08:00:00+00:00,69194.0,69878.0,69187.0,69675.0,1389.21439,0.006941871930372361
2026-02-14T10:00:00+00:00,69679.0,70532.0,69550.0,70484.0,2467.42185,0.011544160338472215
2026-02-14T12:00:00+00:00,70484.0,70521.0,69200.0,69427.0,4096.90836,-0.01510989286230676
2026-02-14T14:00:00+00:00,69428.0,70020.0,69312.0,69760.0,2223.99238,0.004784938756546737
2026-02-14T16:00:00+00:00,69762.0,69895.0,69263.0,69708.0,1588.21126,-0.0007456908023284619
2026-02-14T18:00:00+00:00,69708.0,69877.0,69579.0,69851.0,795.42262,0.002049313194365695
2026-02-14T20:00:00+00:00,69851.0,70226.0,69644.0,69906.0,2235.56502,0.0007870804730975913
2026-02-14T22:00:00+00:00,69906.0,70081.0,69701.0,69792.0,759.75852,-0.0016320924466404732
2026-02-15T00:00:00+00:00,69792.0,69872.0,69324.0,69680.0,1218.20545,-0.0016060574749712235
2026-02-15T02:00:00+00:00,69680.0,69970.0,69226.0,69928.0,1127.82056,0.0035528087339394194
2026-02-15T04:00:00+00:00,69929.0,70502.0,69928.0,70245.0,2646.96435,0.004522990025427979
2026-02-15T06:00:00+00:00,70246.0,70888.0,70137.0,70790.0,1930.40564,0.0077286164824830715
2026-02-15T08:00:00+00:00,70790.0,70949.0,70156.0,70388.0,1508.73652,-0.005694953696582832
2026-02-15T10:00:00+00:00,70388.0,70512.0,70185.0,70263.0,543.04019,-0.0017774496151417678
2026-02-15T12:00:00+00:00,70263.0,70384.0,68747.0,68901.0,3685.8134,-0.01957465277198571
2026-02-15T14:00:00+00:00,68901.0,69217.0,68813.0,69059.0,2015.63999,0.002290519992442329
2026-02-15T16:00:00+00:00,69060.0,69066.0,68179.0,68611.0,1815.24693,-0.006508339963426706
2026-02-15T18:00:00+00:00,68612.0,68753.0,68034.0,68264.0,1833.77119,-0.005070330497119555
2026-02-15T20:00:00+00:00,68265.0,68935.0,68088.0,68817.0,1463.34196,0.008068266205816731
2026-02-15T22:00:00+00:00,68817.0,69065.0,68288.0,68798.0,1238.1934,-0.0002761326907782641
2026-02-16T00:00:00+00:00,68800.0,69036.0,68425.0,68598.0,1458.46092,-0.0029112949614343376
2026-02-16T02:00:00+00:00,68598.0,68704.0,68113.0,68389.0,831.13896,-0.003051386805549228
2026-02-16T04:00:00+00:00,68389.0,68867.0,68259.0,68360.0,1224.6349,-0.0004241347349484261
2026-02-16T06:00:00+00:00,68359.0,68645.0,68201.0,68555.0,652.92903,0.0028484845612280563
2026-02-16T08:00:00+00:00,68554.0,69024.0,68514.0,68962.0,982.44975,0.005919285446445769
2026-02-16T10:00:00+00:00,68962.0,68962.0,68300.0,68787.0,1185.21639,-0.002540854658097729
2026-02-16T12:00:00+00:00,68787.0,70099.0,68193.0,68363.0,5091.64461,-0.006183030999459939
2026-02-16T14:00:00+00:00,68360.0,68677.0,67270.0,67506.0,5107.99052,-0.01261525978051665
2026-02-16T16:00:00+00:00,67506.0,68037.0,67480.0,67918.0,2059.74193,0.006084612345009723
2026-02-16T18:00:00+00:00,67916.0,68218.0,67783.0,67881.0,1418.89836,-0.0005449230246993292
2026-02-16T20:00:00+00:00,67877.0,68914.0,67800.0,68833.0,2083.27228,0.013927108968939879
2026-02-16T22:00:00+00:00,68829.0,68950.0,68480.0,68870.0,1319.30746,0.0005373884503667643
2026-02-17T00:00:00+00:00,68870.0,69003.0,68537.0,68582.0,1207.35091,-0.004190559925776273
2026-02-17T02:00:00+00:00,68581.0,69213.0,68363.0,68449.0,2227.00558,-0.0019411672068865814
2026-02-17T04:00:00+00:00,68448.0,68678.0,67857.0,68208.0,970.40615,-0.0035270824010894975
2026-02-17T06:00:00+00:00,68208.0,68484.0,68135.0,68355.0,829.86556,0.0021528533611010927
2026-02-17T08:00:00+00:00,68356.0,68444.0,67959.0,68089.0,932.31869,-0.0038990404413390117
2026-02-17T10:00:00+00:00,68089.0,68164.0,67647.0,67821.0,2453.04321,-0.003943791440824228
2026-02-17T12:00:00+00:00,67821.0,68322.0,67699.0,68106.0,3671.47566,0.004193433499464984
2026-02-17T14:00:00+00:00,68106.0,68303.0,66600.0,67357.0,6999.94644,-0.011058482876081624
2026-02-17T16:00:00+00:00,67356.0,68116.0,66871.0,67228.0,6326.75995,-0.0019170047108555265
2026-02-17T18:00:00+00:00,67227.0,68219.0,67107.0,67768.0,2329.43613,0.00800027971492973
2026-02-17T20:00:00+00:00,67767.0,67913.0,67464.0,67659.0,2051.00232,-0.0016097236671686972
2026-02-17T22:00:00+00:00,67658.0,67773.0,67367.0,67480.0,981.58087,-0.002649125784313547
2026-02-18T00:00:00+00:00,67481.0,67609.0,66858.0,67142.0,2313.80259,-0.005021478067908904
2026-02-18T02:00:00+00:00,67142.0,67681.0,67136.0,67607.0,837.00113,0.006901748373955963
2026-02-18T04:00:00+00:00,67608.0,67917.0,67479.0,67616.0,1704.1064,0.00013311344983160198
2026-02-18T06:00:00+00:00,67615.0,68181.0,67588.0,68087.0,779.72897,0.006941657757352775
2026-02-18T08:00:00+00:00,68086.0,68442.0,67972.0,68132.0,1589.31512,0.0006607008073318545
2026-02-18T10:00:00+00:00,68132.0,68149.0,67049.0,67337.0,2241.11179,-0.011737137302335113
2026-02-18T12:00:00+00:00,67337.0,67665.0,67008.0,67212.0,1687.0962,-0.0018580596803001459
2026-02-18T14:00:00+00:00,67211.0,68339.0,66678.0,67675.0,5164.32612,0.006865032484669411
2026-02-18T16:00:00+00:00,67676.0,67679.0,67000.0,67137.0,4790.67211,-0.007981527699237451
2026-02-18T18:00:00+00:00,67138.0,67191.0,65834.0,66137.0,8052.13295,-0.015006959607014264
2026-02-18T20:00:00+00:00,66137.0,66493.0,66054.0,66304.0,3335.98837,0.0025218790028500174
2026-02-18T22:00:00+00:00,66305.0,66468.0,66200.0,66436.0,794.22371,0.00198885103978911
2026-02-19T00:00:00+00:00,66436.0,66847.0,66307.0,66835.0,991.70294,0.005987817186683955
2026-02-19T02:00:00+00:00,66835.0,66959.0,66612.0,66953.0,950.0967,0.0017639852691994967
2026-02-19T04:00:00+00:00,66954.0,67050.0,66665.0,66845.0,1073.79699,-0.0016143742575499586
2026-02-19T06:00:00+00:00,66844.0,67300.0,66841.0,67190.0,1114.89517,0.005147920496972731
2026-02-19T08:00:00+00:00,67189.0,67189.0,66724.0,66808.0,2084.88654,-0.005701593081130351
2026-02-19T10:00:00+00:00,66809.0,66935.0,66461.0,66480.0,1643.20838,-0.004921683303735494
2026-02-19T12:00:00+00:00,66480.0,66645.0,65736.0,65898.0,4198.92178,-0.00879305851292892
2026-02-19T14:00:00+00:00,65893.0,66712.0,65619.0,66377.0,6763.80072,0.007242518900626702
2026-02-19T16:00:00+00:00,66378.0,67038.0,65875.0,66351.0,3925.07337,-0.0003917786801965852
2026-02-19T18:00:00+00:00,66351.0,67190.0,66224.0,67043.0,2834.70388,0.010375372321250301
2026-02-19T20:00:00+00:00,67040.0,67158.0,66809.0,66903.0,1415.67231,-0.0020903953978535237
2026-02-19T22:00:00+00:00,66904.0,67008.0,66629.0,66981.0,1565.92195,0.0011651879063190771
2026-02-20T00:00:00+00:00,66982.0,67491.0,66934.0,67260.0,1763.76575,0.004156709227713777
2026-02-20T02:00:00+00:00,67261.0,67483.0,67163.0,67347.0,602.34566,0.0012926521223173238
2026-02-20T04:00:00+00:00,67348.0,67999.0,67095.0,67773.0,2460.1117,0.006305527108754114
2026-02-20T06:00:00+00:00,67772.0,67975.0,67644.0,67813.0,1190.62313,0.0005900314362906971
2026-02-20T08:00:00+00:00,67813.0,68200.0,67733.0,68199.0,767.29752,0.005675985005833272
2026-02-20T10:00:00+00:00,68199.0,68300.0,67227.0,67285.0,3218.30534,-0.013492572791814197
2026-02-20T12:00:00+00:00,67284.0,67560.0,66422.0,66800.0,6596.12885,-0.007234248650904706
2026-02-20T14:00:00+00:00,66799.0,68101.0,66514.0,67549.0,11253.57319,0.011150179905028989
2026-02-20T16:00:00+00:00,67547.0,67891.0,66918.0,67590.0,6049.18367,0.0006067826646335959
2026-02-20T18:00:00+00:00,67590.0,67978.0,67430.0,67601.0,3199.1475,0.00016273272664999206
2026-02-20T20:00:00+00:00,67602.0,67804.0,67491.0,67790.0,1308.57066,0.002791915603961459
2026-02-20T22:00:00+00:00,67789.0,68225.0,67610.0,67980.0,2615.21365,0.0027988528250957496
2026-02-21T00:00:00+00:00,67979.0,68004.0,67766.0,67916.0,672.09751,-0.0009418968142045448
2026-02-21T02:00:00+00:00,67917.0,68066.0,67481.0,67632.0,694.13782,-0.004190403629331312
2026-02-21T04:00:00+00:00,67631.0,67852.0,67557.0,67826.0,495.79769,0.0028643584378951277
2026-02-21T06:00:00+00:00,67826.0,67894.0,67715.0,67821.0,271.69446,-7.372076053680285e-05
2026-02-21T08:00:00+00:00,67821.0,68264.0,67784.0,68113.0,1242.63468,0.004296209176957221
2026-02-21T10:00:00+00:00,68111.0,68244.0,68009.0,68055.0,957.29528,-0.0008518888947126671
2026-02-21T12:00:00+00:00,68055.0,68226.0,67877.0,68224.0,749.30077,0.0024802073192876765
2026-02-21T14:00:00+00:00,68223.0,68661.0,68148.0,68578.0,1631.05626,0.005175374484911536
2026-02-21T16:00:00+00:00,68577.0,68598.0,68050.0,68399.0,2249.13745,-0.002613578949643849
2026-02-21T18:00:00+00:00,68400.0,68620.0,68333.0,68511.0,1199.53322,0.0016361116789722092
2026-02-21T20:00:00+00:00,68510.0,68562.0,68150.0,68339.0,675.01977,-0.00251370245623714
2026-02-21T22:00:00+00:00,68338.0,68387.0,67869.0,67935.0,1165.9891,-0.005929248185040507
2026-02-22T00:00:00+00:00,67932.0,68136.0,67763.0,68115.0,1058.26997,0.002646087541737296
2026-02-22T02:00:00+00:00,68114.0,68185.0,67785.0,68010.0,512.16313,-0.0015427000304767834
2026-02-22T04:00:00+00:00,68010.0,68045.0,67857.0,67945.0,402.46188,-0.0009561988150865739
2026-02-22T06:00:00+00:00,67945.0,68142.0,67933.0,67971.0,630.88612,0.0003825892509658702
2026-02-22T08:00:00+00:00,67971.0,68062.0,67885.0,68019.0,529.97166,0.0007059342891885796
2026-02-22T10:00:00+00:00,68020.0,68225.0,67992.0,68180.0,806.07466,0.002364188797141739
2026-02-22T12:00:00+00:00,68179.0,68200.0,67534.0,67622.0,1992.62339,-0.008217892819198833
2026-02-22T14:00:00+00:00,67622.0,67783.0,67280.0,67657.0,1872.06897,0.0005174491352087306
2026-02-22T16:00:00+00:00,67656.0,67685.0,67145.0,67351.0,1662.25616,-0.004533072469673521
2026-02-22T18:00:00+00:00,67353.0,67457.0,67287.0,67391.0,1124.15193,0.0005937272888191542
2026-02-22T20:00:00+00:00,67390.0,67606.0,67306.0,67571.0,612.92588,0.0026674190768787103
2026-02-22T22:00:00+00:00,67570.0,67713.0,67427.0,67602.0,1171.80408,0.0004586714882925124
2026-02-23T00:00:00+00:00,67602.0,67637.0,64260.0,64393.0,7582.87771,-0.04863263685975037
2026-02-23T02:00:00+00:00,64394.0,65027.0,64284.0,64902.0,3497.67516,0.007873508325873897
2026-02-23T04:00:00+00:00,64902.0,65183.0,64656.0,65043.0,2414.28229,0.002170149760855768
2026-02-23T06:00:00+00:00,65044.0,65981.0,65003.0,65928.0,3900.39857,0.013514647824019009
2026-02-23T08:00:00+00:00,65929.0,66420.0,65540.0,66370.0,2692.24868,0.006681909696751253
2026-02-23T10:00:00+00:00,66372.0,66570.0,66065.0,66166.0,2313.43437,-0.0030784113162076474
2026-02-23T12:00:00+00:00,66166.0,66472.0,65857.0,66096.0,3005.91426,-0.0010585051872172512
2026-02-23T14:00:00+00:00,66096.0,66228.0,65500.0,65623.0,3747.72264,-0.00718198639750557
2026-02-23T16:00:00+00:00,65621.0,65684.0,64122.0,64777.0,6504.88492,-0.012975642175776467
2026-02-23T18:00:00+00:00,64779.0,65165.0,64072.0,64270.0,5898.67531,-0.007857642697931825
2026-02-23T20:00:00+00:00,64270.0,64769.0,63859.0,64559.0,3160.45536,0.004486574991373273
2026-02-23T22:00:00+00:00,64559.0,65000.0,64504.0,64631.0,2990.86551,0.0011146374712361028
2026-02-24T00:00:00+00:00,64631.0,64994.0,63416.0,64130.0,8071.13775,-0.007781898685032579
2026-02-24T02:00:00+00:00,64129.0,64479.0,63313.0,63559.0,3720.89597,-0.008943664781536813
2026-02-24T04:00:00+00:00,63560.0,63599.0,62667.0,63075.0,4351.72135,-0.007644113852113326
2026-02-24T06:00:00+00:00,63075.0,63337.0,62865.0,63173.0,2152.88659,0.0015525001534085476
2026-02-24T08:00:00+00:00,63171.0,63414.0,62909.0,63222.0,1690.60232,0.0007753471649155101
2026-02-24T10:00:00+00:00,63223.0,63343.0,63035.0,63196.0,1519.99805,-0.0004113338348430306
2026-02-24T12:00:00+00:00,63197.0,63330.0,62468.0,62883.0,4085.37909,-0.004965151104069518
2026-02-24T14:00:00+00:00,62884.0,64023.0,62747.0,63957.0,7110.97348,0.016935125643981676
2026-02-24T16:00:00+00:00,63956.0,64503.0,63650.0,64186.0,5804.5226,0.003574135829174886
2026-02-24T18:00:00+00:00,64186.0,64719.0,63880.0,64403.0,5680.57166,0.003375097496556137
2026-02-24T20:00:00+00:00,64403.0,64548.0,63781.0,63994.0,4567.08698,-0.006370886911379775
2026-02-24T22:00:00+00:00,63993.0,64209.0,63800.0,64015.0,1822.92366,0.0003281019332763414
2026-02-25T00:00:00+00:00,64015.0,66266.0,63852.0,65865.0,9927.16894,0.02848976178364824
2026-02-25T02:00:00+00:00,65866.0,66326.0,65329.0,65356.0,3435.4262,-0.00775794351321334
2026-02-25T04:00:00+00:00,65357.0,65630.0,64726.0,64851.0,2099.40338,-0.00775691832455165
2026-02-25T06:00:00+00:00,64852.0,65181.0,64758.0,64997.0,1620.76524,0.002248784140336341
2026-02-25T08:00:00+00:00,64997.0,65657.0,64931.0,65529.0,1456.51751,0.008151677764431778
2026-02-25T10:00:00+00:00,65529.0,65623.0,65163.0,65398.0,665.0064,-0.0020011157930052734
2026-02-25T12:00:00+00:00,65398.0,66648.0,65297.0,66210.0,3519.65865,0.01233983198096656
2026-02-25T14:00:00+00:00,66209.0,67534.0,66165.0,67368.0,5266.6159,0.01733861879093636
2026-02-25T16:00:00+00:00,67366.0,68847.0,67366.0,68624.0,8466.43749,0.01847220004683353
2026-02-25T18:00:00+00:00,68625.0,69495.0,68329.0,68994.0,7613.00172,0.005377216520058051
2026-02-25T20:00:00+00:00,68993.0,69984.0,68576.0,68881.0,5184.71819,-0.0016391662781696191
2026-02-25T22:00:00+00:00,68881.0,69140.0,67511.0,67944.0,5022.92603,-0.013696541538704893
2026-02-26T00:00:00+00:00,67945.0,68662.0,67686.0,68210.0,3635.15176,0.003907345188919855
2026-02-26T02:00:00+00:00,68211.0,68336.0,67771.0,68193.0,1978.11202,-0.0002492613811722539
2026-02-26T04:00:00+00:00,68193.0,68816.0,68100.0,68407.0,3055.39137,0.003133238288038884
2026-02-26T06:00:00+00:00,68409.0,68496.0,67800.0,67800.0,1463.2923,-0.008912963627144633
2026-02-26T08:00:00+00:00,67801.0,68622.0,67771.0,68560.0,2522.61862,0.011147079343174424
2026-02-26T10:00:00+00:00,68560.0,68692.0,67956.0,68012.0,2034.68247,-0.008025114094284988
2026-02-26T12:00:00+00:00,68011.0,68259.0,67802.0,67871.0,2210.8731,-0.0020753155377270325
2026-02-26T14:00:00+00:00,67870.0,68219.0,66765.0,67354.0,8249.79587,-0.007646552324937103
2026-02-26T16:00:00+00:00,67353.0,67519.0,66488.0,66813.0,5961.42903,-0.008064619945753113
2026-02-26T18:00:00+00:00,66813.0,67910.0,66554.0,67567.0,4692.58421,0.011222025789965442
2026-02-26T20:00:00+00:00,67567.0,67797.0,67121.0,67437.0,1583.08589,-0.0019258694583944266
2026-02-26T22:00:00+00:00,67437.0,67626.0,67299.0,67453.0,1023.56637,0.0002372303369418209
2026-02-27T00:00:00+00:00,67452.0,67510.0,66850.0,67312.0,1689.69396,-0.0020925322071697543
2026-02-27T02:00:00+00:00,67312.0,67695.0,67069.0,67572.0,2289.38055,0.0038551692123166633
2026-02-27T04:00:00+00:00,67571.0,68178.0,67552.0,67690.0,2599.13819,0.0017447624600345436
2026-02-27T06:00:00+00:00,67689.0,67798.0,67425.0,67654.0,1917.74811,-0.00053197778769655
2026-02-27T08:00:00+00:00,67654.0,68127.0,67268.0,67337.0,2946.11309,-0.004696618036824073
2026-02-27T10:00:00+00:00,67336.0,67381.0,65935.0,66103.0,5300.83192,-0.018495731089135888
2026-02-27T12:00:00+00:00,66103.0,66318.0,65638.0,66246.0,3725.49692,0.0021609540781951982
2026-02-27T14:00:00+00:00,66245.0,66298.0,65653.0,66081.0,3903.82208,-0.0024938234149247496
2026-02-27T16:00:00+00:00,66080.0,66097.0,65085.0,65664.0,4686.90062,-0.006330432161880482
2026-02-27T18:00:00+00:00,65663.0,65749.0,65126.0,65362.0,1769.01928,-0.004609780269463224
2026-02-27T20:00:00+00:00,65361.0,65696.0,65350.0,65490.0,1393.48531,0.001956409391175775
2026-02-27T22:00:00+00:00,65490.0,65924.0,64849.0,65837.0,2058.42915,0.005284531094660443
2026-02-28T00:00:00+00:00,65838.0,65983.0,65685.0,65744.0,1339.0761,-0.0014135781835686915
2026-02-28T02:00:00+00:00,65744.0,65973.0,65708.0,65754.0,557.49055,0.00015209356825631143
2026-02-28T04:00:00+00:00,65754.0,65781.0,65452.0,65549.0,738.9925,-0.003122551146097722
2026-02-28T06:00:00+00:00,65550.0,65553.0,62983.0,63783.0,9952.81181,-0.027311257398874075
2026-02-28T08:00:00+00:00,63782.0,63888.0,63313.0,63612.0,2951.91143,-0.002684565370668987
2026-02-28T10:00:00+00:00,63610.0,64258.0,63435.0,63782.0,4265.41882,0.002668887089008267
2026-02-28T12:00:00+00:00,63781.0,65200.0,63777.0,65063.0,6120.44139,0.019885012381328844
2026-02-28T14:00:00+00:00,65073.0,65333.0,64172.0,64800.0,4630.57876,-0.004050427905777553
2026-02-28T16:00:00+00:00,64799.0,65549.0,64636.0,65412.0,2828.60544,0.009400124511915048
2026-02-28T18:00:00+00:00,65411.0,66620.0,65161.0,66326.0,5832.32866,0.0138762493110122
2026-02-28T20:00:00+00:00,66325.0,67120.0,66163.0,66681.0,6664.36816,0.005338077589582789
2026-02-28T22:00:00+00:00,66681.0,67760.0,66574.0,66931.0,6667.76191,0.0037421832133129425
2026-03-01T00:00:00+00:00,66931.0,67687.0,66026.0,67316.0,4102.6338,0.005735711866774687
2026-03-01T02:00:00+00:00,67316.0,68173.0,67302.0,67479.0,5214.46084,0.002418488511444533
2026-03-01T04:00:00+00:00,67479.0,67574.0,67037.0,67270.0,2341.43869,-0.003102066324756984
2026-03-01T06:00:00+00:00,67270.0,67321.0,66750.0,67113.0,1907.33978,-0.0023366061396373023
2026-03-01T08:00:00+00:00,67112.0,67267.0,66209.0,66368.0,2824.07113,-0.011162753290815073
2026-03-01T10:00:00+00:00,66367.0,66696.0,66193.0,66430.0,1802.92777,0.0009337490700875691
2026-03-01T12:00:00+00:00,66430.0,67275.0,66087.0,66904.0,2371.69049,0.007109994402074923
2026-03-01T14:00:00+00:00,66904.0,67263.0,66729.0,66796.0,2381.67114,-0.0016155575690387223
2026-03-01T16:00:00+00:00,66796.0,67073.0,65658.0,65950.0,3311.56581,-0.012746319346862338
2026-03-01T18:00:00+00:00,65951.0,66624.0,65753.0,65919.0,2009.0781,-0.0004701635800841062
2026-03-01T20:00:00+00:00,65919.0,65923.0,65056.0,65626.0,2742.29258,-0.004454756692312189
2026-03-01T22:00:00+00:00,65627.0,66500.0,65000.0,65734.0,5108.58003,0.0016443365458981064
2026-03-02T00:00:00+00:00,65734.0,67027.0,65724.0,66496.0,2879.75675,0.011525500039936852
2026-03-02T02:00:00+00:00,66497.0,67000.0,65847.0,66789.0,2657.38249,0.004396600847453632
2026-03-02T04:00:00+00:00,66790.0,66959.0,66524.0,66699.0,2045.80594,-0.0013484360187747074
2026-03-02T06:00:00+00:00,66699.0,66700.0,65515.0,65968.0,2968.37426,-0.011020184340896994
2026-03-02T08:00:00+00:00,65969.0,66692.0,65631.0,66131.0,3001.29343,0.0024678473376204715
2026-03-02T10:00:00+00:00,66125.0,66427.0,65979.0,66337.0,1055.64384,0.0031101876084446874
2026-03-02T12:00:00+00:00,66334.0,66360.0,65323.0,65414.0,2961.10617,-0.01401150807829934
2026-03-02T14:00:00+00:00,65414.0,69597.0,65250.0,69093.0,15986.82634,0.05471712034967073
2026-03-02T16:00:00+00:00,69092.0,70067.0,68750.0,69159.0,8052.81007,0.000954778303587805
2026-03-02T18:00:00+00:00,69158.0,69232.0,68534.0,68916.0,3309.63194,-0.003519829815408818
2026-03-02T20:00:00+00:00,68916.0,69492.0,68528.0,69367.0,4122.99013,0.006522878431801299
2026-03-02T22:00:00+00:00,69366.0,69462.0,68689.0,68774.0,2171.33549,-0.008585483564243997
2026-03-03T00:00:00+00:00,68773.0,69199.0,68604.0,68716.0,1918.74269,-0.0008436977735179354
2026-03-03T02:00:00+00:00,68716.0,68722.0,68200.0,68327.0,2307.76293,-0.005677065516057781
2026-03-03T04:00:00+00:00,68326.0,68546.0,67824.0,67919.0,2538.13298,-0.005989184557206032
2026-03-03T06:00:00+00:00,67919.0,68237.0,67800.0,68148.0,2350.55929,0.0033659919923605982
2026-03-03T08:00:00+00:00,68151.0,68279.0,66371.0,66643.0,8622.18951,-0.022331795830785723
2026-03-03T10:00:00+00:00,66643.0,67151.0,66432.0,67012.0,3367.66678,0.005521692978775926
2026-03-03T12:00:00+00:00,67012.0,67968.0,66616.0,66917.0,4343.81807,-0.0014186623648814462
2026-03-03T14:00:00+00:00,66916.0,67818.0,66104.0,67691.0,8161.25452,0.01150018617589426
2026-03-03T16:00:00+00:00,67692.0,69000.0,67466.0,68282.0,12652.554,0.008692957009035135
2026-03-03T18:00:00+00:00,68288.0,68879.0,67950.0,68391.0,4455.64155,0.0015950483725334838
2026-03-03T20:00:00+00:00,68393.0,68570.0,67791.0,67990.0,1894.52302,-0.0058806014854989545
2026-03-03T22:00:00+00:00,67990.0,68837.0,67983.0,68299.0,1978.86115,0.004534489642757982
2026-03-04T00:00:00+00:00,68298.0,68877.0,67817.0,68390.0,3949.91468,0.001331489928878319
2026-03-04T02:00:00+00:00,68390.0,68415.0,67351.0,67695.0,3446.33872,-0.010214293162930465
2026-03-04T04:00:00+00:00,67694.0,68353.0,67407.0,68176.0,3533.2234,0.0070802748104820705
2026-03-04T06:00:00+00:00,68176.0,69635.0,68000.0,69473.0,7268.82806,0.018845591123074712
2026-03-04T08:00:00+00:00,69474.0,71850.0,69123.0,71474.0,10844.93759,0.028395559323959853
2026-03-04T10:00:00+00:00,71474.0,71833.0,70900.0,71077.0,5075.18672,-0.005569950773946699
2026-03-04T12:00:00+00:00,71077.0,71561.0,70548.0,71441.0,4108.96737,0.005108137799990096
2026-03-04T14:00:00+00:00,71441.0,73429.0,71249.0,73344.0,13774.79475,0.026288767421585407
2026-03-04T16:00:00+00:00,73344.0,73688.0,72479.0,73164.0,7393.63604,-0.0024572049385403723
2026-03-04T18:00:00+00:00,73164.0,73995.0,72841.0,73562.0,4717.05648,0.00542509134234048
2026-03-04T20:00:00+00:00,73562.0,73634.0,72822.0,73250.0,3399.43375,-0.0042503401588431435
2026-03-04T22:00:00+00:00,73249.0,73456.0,72255.0,72633.0,2429.90663,-0.008458883886371853
2026-03-05T00:00:00+00:00,72634.0,73233.0,72356.0,72495.0,2827.09648,-0.0019017700456477693
2026-03-05T02:00:00+00:00,72493.0,72840.0,72286.0,72451.0,2825.19115,-0.0006071226712227658
2026-03-05T04:00:00+00:00,72451.0,73043.0,72221.0,72363.0,3208.7277,-0.0012153522564383138
2026-03-05T06:00:00+00:00,72363.0,72631.0,71750.0,72024.0,3923.28963,-0.004695722231320385
2026-03-05T08:00:00+00:00,72025.0,72841.0,71720.0,72552.0,3917.48617,0.007304149339090847
2026-03-05T10:00:00+00:00,72551.0,73500.0,72480.0,72886.0,3652.76321,0.0045930305308080795
2026-03-05T12:00:00+00:00,72885.0,73020.0,72141.0,72432.0,4068.70924,-0.00624838598247186
2026-03-05T14:00:00+00:00,72432.0,72813.0,71138.0,71617.0,7639.53362,-0.011315714741486533
2026-03-05T16:00:00+00:00,71617.0,71626.0,70610.0,70668.0,4730.2611,-0.013339622201682192
2026-03-05T18:00:00+00:00,70668.0,71400.0,70620.0,70891.0,3527.95538,0.003150632378967604
2026-03-05T20:00:00+00:00,70891.0,71543.0,70828.0,71105.0,2551.20912,0.0030141716952580755
2026-03-05T22:00:00+00:00,71105.0,71339.0,70748.0,70828.0,2196.81651,-0.003903255080689196
2026-03-06T00:00:00+00:00,70827.0,71256.0,70333.0,71212.0,2526.93513,0.0054069407986458646
2026-03-06T02:00:00+00:00,71212.0,71388.0,70962.0,71049.0,2103.10065,-0.002291563693910035
2026-03-06T04:00:00+00:00,71049.0,71088.0,70087.0,70398.0,3933.40758,-0.009204926179164486
2026-03-06T06:00:00+00:00,70398.0,71150.0,70231.0,71024.0,2646.87999,0.008852994422137692
2026-03-06T08:00:00+00:00,71024.0,71049.0,70268.0,70535.0,1749.53899,-0.006908807565213722
2026-03-06T10:00:00+00:00,70535.0,70773.0,70166.0,70185.0,1889.27328,-0.004974427540176309
2026-03-06T12:00:00+00:00,70184.0,70323.0,69162.0,69188.0,8582.38925,-0.014307175804612306
2026-03-06T14:00:00+00:00,69188.0,69226.0,68124.0,68484.0,13584.99047,-0.010227295839105567
2026-03-06T16:00:00+00:00,68484.0,68764.0,67720.0,67932.0,9358.95386,-0.008092936500048222
2026-03-06T18:00:00+00:00,67932.0,68451.0,67918.0,68099.0,3690.99735,0.0024553239173161633
2026-03-06T20:00:00+00:00,68100.0,68322.0,67749.0,68269.0,3679.88449,0.0024932548407914437
2026-03-06T22:00:00+00:00,68269.0,68415.0,68065.0,68082.0,2375.02854,-0.0027429225637234417
2026-03-07T00:00:00+00:00,68082.0,68368.0,68067.0,68232.0,1183.06252,0.002200801979900999
2026-03-07T02:00:00+00:00,68232.0,68533.0,68019.0,68063.0,1210.06029,-0.002479916161447895
2026-03-07T04:00:00+00:00,68064.0,68119.0,67790.0,67977.0,1033.09242,-0.001264334187830209
2026-03-07T06:00:00+00:00,67977.0,67990.0,67401.0,67807.0,2844.32828,-0.002503978212803744
2026-03-07T08:00:00+00:00,67808.0,68039.0,67681.0,67971.0,2320.54315,0.0024157091687000767
2026-03-07T10:00:00+00:00,67971.0,68204.0,67799.0,67981.0,1361.23606,0.00014711074523418187
2026-03-07T12:00:00+00:00,67980.0,68062.0,67829.0,67903.0,2155.20599,-0.0011480381585314207
2026-03-07T14:00:00+00:00,67903.0,68058.0,67590.0,67852.0,2399.28848,-0.0007513535766529508
2026-03-07T16:00:00+00:00,67852.0,67928.0,67691.0,67769.0,1336.7994,-0.0012239993859708043
2026-03-07T18:00:00+00:00,67770.0,67770.0,66898.0,67053.0,3673.36221,-0.010621511791437603
2026-03-07T20:00:00+00:00,67053.0,67450.0,67036.0,67421.0,1529.28379,0.005473190633796296
2026-03-07T22:00:00+00:00,67421.0,67432.0,67050.0,67230.0,1497.14124,-0.002836965608918879
2026-03-08T00:00:00+00:00,67230.0,67461.0,67055.0,67271.0,1508.65879,0.0006096609135979882
2026-03-08T02:00:00+00:00,67270.0,67402.0,66800.0,67001.0,2017.04498,-0.004021692741825325
2026-03-08T04:00:00+00:00,67001.0,67215.0,66514.0,67110.0,2550.75412,0.001625519517429822
2026-03-08T06:00:00+00:00,67110.0,67417.0,67004.0,67289.0,1413.45716,0.002663711870462131
2026-03-08T08:00:00+00:00,67288.0,67862.0,67120.0,67669.0,2292.40323,0.005631396497171552
2026-03-08T10:00:00+00:00,67670.0,68161.0,67364.0,67483.0,3228.39669,-0.0027524582311530066
2026-03-08T12:00:00+00:00,67482.0,67615.0,66782.0,67205.0,4017.8906,-0.004128064783517081
2026-03-08T14:00:00+00:00,67206.0,67407.0,67018.0,67175.0,1574.23516,-0.00044649502155666497
2026-03-08T16:00:00+00:00,67174.0,67224.0,66756.0,67016.0,2048.36405,-0.002369757650046507
2026-03-08T18:00:00+00:00,67016.0,67453.0,66700.0,67304.0,3067.20688,0.004288273397004019
2026-03-08T20:00:00+00:00,67304.0,67495.0,66677.0,66974.0,4050.07424,-0.004915185873689916
2026-03-08T22:00:00+00:00,66975.0,66975.0,65573.0,65933.0,7373.507,-0.01566540947882911
2026-03-09T00:00:00+00:00,65933.0,66719.0,65780.0,66181.0,4021.15875,0.00375433778854147
2026-03-09T02:00:00+00:00,66182.0,67632.0,65918.0,67170.0,5470.56688,0.014833306594238349
2026-03-09T04:00:00+00:00,67170.0,68041.0,67014.0,67871.0,6589.57508,0.010382125378739133
2026-03-09T06:00:00+00:00,67872.0,67896.0,66862.0,67513.0,4007.89745,-0.0052886727300081576
2026-03-09T08:00:00+00:00,67513.0,68426.0,67339.0,67949.0,4481.28567,0.0064372518578984
2026-03-09T10:00:00+00:00,67950.0,68046.0,67314.0,67732.0,2431.07941,-0.0031986819823084053
2026-03-09T12:00:00+00:00,67733.0,69249.0,67729.0,68961.0,5380.40917,0.017982385607295592
2026-03-09T14:00:00+00:00,68960.0,69444.0,68640.0,68832.0,6480.21836,-0.0018723743250700878
2026-03-09T16:00:00+00:00,68831.0,69214.0,68235.0,68563.0,4849.40551,-0.003915722460235482
2026-03-09T18:00:00+00:00,68563.0,69460.0,68183.0,68953.0,5984.65268,0.005672082457406044
2026-03-09T20:00:00+00:00,68949.0,69092.0,68571.0,68884.0,4736.62192,-0.0010011826398370193
2026-03-09T22:00:00+00:00,68885.0,68989.0,68334.0,68389.0,1781.91408,-0.007211937460314457
2026-03-10T00:00:00+00:00,68388.0,69341.0,68346.0,69230.0,2622.78675,0.012222301707595322
2026-03-10T02:00:00+00:00,69231.0,70598.0,69066.0,69394.0,7380.41271,0.0023661137539349873
2026-03-10T04:00:00+00:00,69394.0,70338.0,69394.0,69940.0,3014.08235,0.007837323191360678
2026-03-10T06:00:00+00:00,69941.0,70500.0,69715.0,70363.0,2714.72287,0.006029825187581665
2026-03-10T08:00:00+00:00,70363.0,71269.0,70336.0,71024.0,5002.29833,0.00935029126886805
2026-03-10T10:00:00+00:00,71025.0,71037.0,70503.0,70555.0,3034.85556,-0.00662530058195539
2026-03-10T12:00:00+00:00,70553.0,70877.0,69667.0,69881.0,2856.43914,-0.009598752100122579
2026-03-10T14:00:00+00:00,69880.0,71760.0,69250.0,71307.0,8495.22908,0.02020070390972289
2026-03-10T16:00:00+00:00,71308.0,71650.0,70461.0,70825.0,4315.75101,-0.006782453602743987
2026-03-10T18:00:00+00:00,70824.0,70862.0,69691.0,69997.0,4515.65798,-0.01175966172847198
2026-03-10T20:00:00+00:00,69994.0,70358.0,69467.0,69705.0,2819.48232,-0.004180332783056882
2026-03-10T22:00:00+00:00,69704.0,69924.0,69400.0,69898.0,1383.12673,0.002764985322083103
2026-03-11T00:00:00+00:00,69897.0,70128.0,69707.0,70026.0,2330.79473,0.0018295651311373345
2026-03-11T02:00:00+00:00,70026.0,70074.0,69434.0,69511.0,1197.33255,-0.0073815882301403605
2026-03-11T04:00:00+00:00,69511.0,70244.0,69364.0,69465.0,2520.80213,-0.0006619848273062306
2026-03-11T06:00:00+00:00,69460.0,69982.0,69454.0,69614.0,1618.03355,0.002142667937003285
2026-03-11T08:00:00+00:00,69619.0,69747.0,69346.0,69429.0,1415.53153,-0.002661048872193399
2026-03-11T10:00:00+00:00,69428.0,69680.0,69126.0,69129.0,1568.36158,-0.004330323312870435
2026-03-11T12:00:00+00:00,69128.0,71046.0,68947.0,70143.0,7186.05835,0.014561691044246896
2026-03-11T14:00:00+00:00,70143.0,70918.0,69634.0,70180.0,7815.51356,0.0005273547580579218
2026-03-11T16:00:00+00:00,70180.0,71294.0,70124.0,70738.0,5589.42716,0.007919540675232968
2026-03-11T18:00:00+00:00,70733.0,70854.0,70339.0,70598.0,2961.05558,-0.0019810953442663446
2026-03-11T20:00:00+00:00,70597.0,70737.0,70349.0,70711.0,1802.99703,0.0015993323013616116
2026-03-11T22:00:00+00:00,70712.0,70898.0,70068.0,70135.0,2338.96116,-0.00817919161576252
2026-03-12T00:00:00+00:00,70136.0,70312.0,69703.0,69780.0,1336.41026,-0.005074520413006666
2026-03-12T02:00:00+00:00,69780.0,69836.0,69176.0,69379.0,2440.81667,-0.005763207696510663
2026-03-12T04:00:00+00:00,69380.0,69618.0,69163.0,69437.0,1374.9572,0.000835638591733959
2026-03-12T06:00:00+00:00,69436.0,69819.0,69320.0,69786.0,1926.30888,0.0050135499311053265
2026-03-12T08:00:00+00:00,69787.0,70349.0,69538.0,69918.0,2630.21799,0.001889710234224405
2026-03-12T10:00:00+00:00,69917.0,70770.0,69825.0,70388.0,2570.91758,0.006699667270333721
2026-03-12T12:00:00+00:00,70389.0,70577.0,69655.0,69936.0,4075.12889,-0.006442255968556375
2026-03-12T14:00:00+00:00,69936.0,70608.0,69303.0,70278.0,5858.96122,0.004878267194833949
2026-03-12T16:00:00+00:00,70279.0,70520.0,69865.0,70167.0,3471.32981,-0.001580690278925965
2026-03-12T18:00:00+00:00,70167.0,70537.0,69725.0,70400.0,3752.65831,0.0033151481271301033
2026-03-12T20:00:00+00:00,70403.0,70518.0,70080.0,70248.0,2262.36827,-0.002161425106302335
2026-03-12T22:00:00+00:00,70248.0,70700.0,69981.0,70500.0,1993.84068,0.00358087176052856
2026-03-13T00:00:00+00:00,70500.0,71986.0,70353.0,71640.0,7307.72101,0.01604086737428815
2026-03-13T02:00:00+00:00,71639.0,71677.0,70926.0,71376.0,3107.75124,-0.003691898806602065
2026-03-13T04:00:00+00:00,71375.0,71614.0,71215.0,71520.0,1604.7093,0.0020154524793497075
2026-03-13T06:00:00+00:00,71519.0,71655.0,71156.0,71598.0,1813.6025,0.0010900097503150068
2026-03-13T08:00:00+00:00,71599.0,72127.0,71363.0,71992.0,4272.87145,0.005487861116073745
2026-03-13T10:00:00+00:00,71991.0,72570.0,71979.0,72202.0,3568.84683,0.002912744614497164
2026-03-13T12:00:00+00:00,72202.0,73560.0,72186.0,73350.0,6218.54789,0.015774758242846198
2026-03-13T14:00:00+00:00,73349.0,73869.0,71703.0,71801.0,7637.2977,-0.02134410105519832
2026-03-13T16:00:00+00:00,71802.0,72216.0,70865.0,71004.0,6912.46728,-0.011162190051235076
2026-03-13T18:00:00+00:00,71004.0,71328.0,70776.0,71135.0,3445.90955,0.0018432666205729432
2026-03-13T20:00:00+00:00,71135.0,71462.0,71018.0,71053.0,1836.95409,-0.0011534026653535073
2026-03-13T22:00:00+00:00,71052.0,71140.0,70519.0,70901.0,3207.46489,-0.0021415396268053503
2026-03-14T00:00:00+00:00,70900.0,70911.0,70449.0,70795.0,2247.64727,-0.0014961610740373051
2026-03-14T02:00:00+00:00,70794.0,71124.0,70696.0,71039.0,1439.03492,0.0034406452713280048
2026-03-14T04:00:00+00:00,71039.0,71262.0,70864.0,70978.0,1067.13475,-0.0008590521381433222
2026-03-14T06:00:00+00:00,70977.0,70977.0,70276.0,70564.0,2285.61588,-0.0058498704359593945
2026-03-14T08:00:00+00:00,70563.0,70688.0,70370.0,70480.0,913.58522,-0.0011911178062353636
2026-03-14T10:00:00+00:00,70480.0,70734.0,70352.0,70709.0,817.01117,0.003243881616973675
2026-03-14T12:00:00+00:00,70708.0,70891.0,70573.0,70828.0,1067.92611,0.001681539499072645
2026-03-14T14:00:00+00:00,70828.0,70911.0,70444.0,70545.0,2197.52673,-0.004003598678849457
2026-03-14T16:00:00+00:00,70544.0,70698.0,70431.0,70582.0,585.97581,0.0005243504198025469
2026-03-14T18:00:00+00:00,70582.0,70693.0,70515.0,70660.0,421.2676,0.0011044874460755902
2026-03-14T20:00:00+00:00,70661.0,70815.0,70604.0,70765.0,737.61566,0.0014848862548029822
2026-03-14T22:00:00+00:00,70765.0,71216.0,70655.0,71180.0,1242.91262,0.005847351896244373
2026-03-15T00:00:00+00:00,71181.0,71188.0,70822.0,70968.0,930.77542,-0.002982808863760855
2026-03-15T02:00:00+00:00,70968.0,71590.0,70968.0,71313.0,1898.76951,0.004849567772943286
2026-03-15T04:00:00+00:00,71313.0,71750.0,71301.0,71463.0,962.03087,0.0021011942509624165
2026-03-15T06:00:00+00:00,71463.0,71633.0,71344.0,71420.0,712.39908,-0.0006018910758892932
2026-03-15T08:00:00+00:00,71419.0,71931.0,71419.0,71755.0,1263.23758,0.004679596456592885
2026-03-15T10:00:00+00:00,71756.0,71879.0,71625.0,71809.0,893.91445,0.0007522777652705445
2026-03-15T12:00:00+00:00,71809.0,71809.0,71205.0,71571.0,1088.01396,-0.0033198524004945636
2026-03-15T14:00:00+00:00,71570.0,71587.0,71301.0,71444.0,1073.74848,-0.0017760379454340321
2026-03-15T16:00:00+00:00,71445.0,71950.0,71256.0,71780.0,1860.55734,0.004691959677224127
2026-03-15T18:00:00+00:00,71783.0,71842.0,71276.0,71516.0,1558.80745,-0.0036846848298875603
2026-03-15T20:00:00+00:00,71516.0,72257.0,71382.0,72072.0,2309.40506,0.0077444184595652525
2026-03-15T22:00:00+00:00,72072.0,73182.0,71684.0,72778.0,6146.97146,0.009748092380346537
2026-03-16T00:00:00+00:00,72778.0,72978.0,72237.0,72727.0,2338.89039,-0.0007010068669598358
2026-03-16T02:00:00+00:00,72728.0,74263.0,72331.0,73535.0,3677.69875,0.011048778489751493
2026-03-16T04:00:00+00:00,73536.0,74395.0,73535.0,74166.0,3632.41255,0.008544340781463971
2026-03-16T06:00:00+00:00,74170.0,74171.0,73357.0,73413.0,1667.82774,-0.010204792479078323
2026-03-16T08:00:00+00:00,73414.0,73733.0,72856.0,73226.0,2042.67996,-0.002550482496047665
2026-03-16T10:00:00+00:00,73227.0,73794.0,73168.0,73519.0,1597.49086,0.003993327055289039
2026-03-16T12:00:00+00:00,73520.0,74472.0,73421.0,74074.0,4259.54985,0.007520717323348971
2026-03-16T14:00:00+00:00,74076.0,74421.0,72947.0,73235.0,6811.83209,-0.011391144766982789
2026-03-16T16:00:00+00:00,73235.0,74009.0,73128.0,73905.0,3399.19253,0.009107035893765696
2026-03-16T18:00:00+00:00,73904.0,74381.0,73757.0,73930.0,4372.55688,0.0003382149049725134
2026-03-16T20:00:00+00:00,73931.0,74760.0,73816.0,74358.0,4320.62848,0.0057725667417835025
2026-03-16T22:00:00+00:00,74358.0,74898.0,74200.0,74854.0,5659.55,0.006648283340728769
2026-03-17T00:00:00+00:00,74854.0,75972.0,74576.0,75585.0,9853.1804,0.009718301149150203
2026-03-17T02:00:00+00:00,75586.0,75642.0,74233.0,74426.0,3888.19368,-0.015452507643783815
2026-03-17T04:00:00+00:00,74427.0,74649.0,73735.0,73999.0,4449.57073,-0.005753763557539334
2026-03-17T06:00:00+00:00,74000.0,74413.0,73836.0,74210.0,2281.62737,0.0028473323826942944
2026-03-17T08:00:00+00:00,74211.0,74415.0,73813.0,73897.0,2203.0231,-0.004226680251089682
2026-03-17T10:00:00+00:00,73898.0,74177.0,73479.0,73996.0,2147.43502,0.0013388059581901852
2026-03-17T12:00:00+00:00,73996.0,74144.0,73318.0,73569.0,4176.75836,-0.0057872963342901675
2026-03-17T14:00:00+00:00,73569.0,74866.0,73383.0,73881.0,5334.22032,0.004231949347495871
2026-03-17T16:00:00+00:00,73881.0,74574.0,73833.0,74488.0,3566.44481,0.008182347883880205
2026-03-17T18:00:00+00:00,74489.0,74774.0,74336.0,74477.0,2175.30333,-0.00014768569825117137
2026-03-17T20:00:00+00:00,74477.0,74775.0,74304.0,74654.0,1711.17042,0.0023737530508327683
2026-03-17T22:00:00+00:00,74655.0,74743.0,73826.0,73864.0,2054.21517,-0.010638541468483498
2026-03-18T00:00:00+00:00,73863.0,74177.0,73500.0,74037.0,2154.12384,0.002339403775494103
2026-03-18T02:00:00+00:00,74037.0,74638.0,74013.0,74416.0,2031.57462,0.005106004235920396
2026-03-18T04:00:00+00:00,74416.0,74457.0,73785.0,73907.0,1660.8687,-0.0068634264153815665
2026-03-18T06:00:00+00:00,73906.0,74196.0,73655.0,73850.0,1266.09052,-0.0007715370889708133
2026-03-18T08:00:00+00:00,73850.0,74250.0,73832.0,74146.0,1014.65761,0.004000113444808514
2026-03-18T10:00:00+00:00,74146.0,74229.0,72746.0,72915.0,3550.60243,-0.01674174325666891
2026-03-18T12:00:00+00:00,72915.0,72935.0,71946.0,72108.0,5089.73589,-0.011129384025737283
2026-03-18T14:00:00+00:00,72108.0,72188.0,70811.0,71442.0,8851.4233,-0.00927906344269821
2026-03-18T16:00:00+00:00,71442.0,71729.0,71000.0,71563.0,3759.42278,0.0016922489266207657
2026-03-18T18:00:00+00:00,71563.0,71951.0,70900.0,71032.0,4893.47106,-0.007447700893688169
2026-03-18T20:00:00+00:00,71033.0,71390.0,70440.0,71226.0,3656.70563,0.002727440569426185
2026-03-18T22:00:00+00:00,71226.0,71332.0,70899.0,71213.0,2300.43221,-0.00018253427833802937
2026-03-19T00:00:00+00:00,71213.0,71289.0,70921.0,71082.0,2260.92764,-0.001841245820436826
2026-03-19T02:00:00+00:00,71082.0,71570.0,70851.0,71181.0,2282.57388,0.0013917886728224851
2026-03-19T04:00:00+00:00,71182.0,71182.0,70600.0,70794.0,2408.19988,-0.005451677527662395
2026-03-19T06:00:00+00:00,70793.0,70973.0,69425.0,70151.0,5025.48726,-0.009124189731472979
2026-03-19T08:00:00+00:00,70151.0,70527.0,69852.0,70467.0,2568.46896,0.004494453511444015
2026-03-19T10:00:00+00:00,70466.0,70483.0,69850.0,69896.0,2114.26891,-0.008136092130014722
2026-03-19T12:00:00+00:00,69896.0,70034.0,69044.0,69859.0,5002.68484,-0.0005294980625304191
2026-03-19T14:00:00+00:00,69860.0,70111.0,68750.0,69376.0,6102.67572,-0.0069379385561367055
2026-03-19T16:00:00+00:00,69376.0,69916.0,69068.0,69824.0,4250.41655,0.006436803833479268
2026-03-19T18:00:00+00:00,69824.0,70603.0,69539.0,70254.0,6469.65078,0.006139455884037023
2026-03-19T20:00:00+00:00,70260.0,70701.0,70178.0,70408.0,2579.46127,0.0021896469768679953
2026-03-19T22:00:00+00:00,70409.0,70500.0,69697.0,69919.0,3260.13575,-0.006969463886002548
2026-03-20T00:00:00+00:00,69920.0,70581.0,69830.0,70386.0,1425.37508,0.006656950566130194
2026-03-20T02:00:00+00:00,70386.0,70824.0,70068.0,70715.0,1848.11794,0.004663334720824819
2026-03-20T04:00:00+00:00,70716.0,70950.0,70508.0,70566.0,1688.02138,-0.002109272375508621
2026-03-20T06:00:00+00:00,70566.0,70919.0,70200.0,70829.0,1697.41186,0.003720079257462529
2026-03-20T08:00:00+00:00,70830.0,71360.0,70390.0,70558.0,2277.89637,-0.0038334547288007086
2026-03-20T10:00:00+00:00,70559.0,70801.0,70187.0,70446.0,2565.37135,-0.001588607749486484
2026-03-20T12:00:00+00:00,70445.0,70650.0,69739.0,69825.0,3789.86281,-0.008854347044889334
2026-03-20T14:00:00+00:00,69825.0,70229.0,69441.0,69829.0,5597.07111,5.7284431539202595e-05
2026-03-20T16:00:00+00:00,69829.0,70071.0,69344.0,69976.0,2823.68549,0.0021029298547739607
2026-03-20T18:00:00+00:00,69975.0,70161.0,69488.0,70137.0,4207.99306,0.0022981460800895023
2026-03-20T20:00:00+00:00,70138.0,70673.0,69700.0,70511.0,4957.05891,0.00531825381821404
2026-03-20T22:00:00+00:00,70511.0,70882.0,70381.0,70474.0,2614.24626,-0.0005248785452275109
2026-03-21T00:00:00+00:00,70474.0,70787.0,70417.0,70440.0,863.86207,-0.0004825638426245247
2026-03-21T02:00:00+00:00,70439.0,70755.0,70414.0,70637.0,476.73771,0.002792802909699631
2026-03-21T04:00:00+00:00,70636.0,70798.0,70585.0,70676.0,890.139,0.0005519662166986724
2026-03-21T06:00:00+00:00,70676.0,70849.0,70637.0,70688.0,573.9621,0.00016977448330311807
2026-03-21T08:00:00+00:00,70687.0,70727.0,70464.0,70616.0,967.32311,-0.0010190795197749572
2026-03-21T10:00:00+00:00,70616.0,70634.0,70523.0,70610.0,838.49658,-8.49701896762628e-05
2026-03-21T12:00:00+00:00,70610.0,70775.0,70609.0,70699.0,875.51997,0.0012596510026705397
2026-03-21T14:00:00+00:00,70699.0,71076.0,70416.0,70594.0,1386.29373,-0.0014862734789243721
2026-03-21T16:00:00+00:00,70594.0,70623.0,70175.0,70279.0,1370.73303,-0.004472120633424801
2026-03-21T18:00:00+00:00,70279.0,70490.0,70257.0,70358.0,743.16687,0.0011234598051612069
2026-03-21T20:00:00+00:00,70358.0,70475.0,70233.0,70323.0,879.72709,-0.0004975796407777448
2026-03-21T22:00:00+00:00,70322.0,70354.0,68507.0,68874.0,3803.73531,-0.020820166271545648
2026-03-22T00:00:00+00:00,68875.0,69106.0,68190.0,68925.0,5385.13923,0.0007402085984457744
2026-03-22T02:00:00+00:00,68924.0,69554.0,68904.0,69300.0,1841.79969,0.005425949285997205
2026-03-22T04:00:00+00:00,69300.0,69475.0,69102.0,69111.0,760.04567,-0.0027309985112316283
2026-03-22T06:00:00+00:00,69112.0,69206.0,68850.0,68874.0,867.73181,-0.003435159373211138
2026-03-22T08:00:00+00:00,68874.0,68943.0,68503.0,68792.0,1168.88091,-0.0011912892028192775
2026-03-22T10:00:00+00:00,68790.0,68808.0,68059.0,68172.0,1695.16134,-0.009053535745605221
2026-03-22T12:00:00+00:00,68174.0,68913.0,68141.0,68660.0,2545.09731,0.007132864666555948
2026-03-22T14:00:00+00:00,68660.0,68960.0,68500.0,68805.0,1749.13825,0.002109628687698915
2026-03-22T16:00:00+00:00,68806.0,68842.0,68625.0,68633.0,783.86419,-0.002502948089971217
2026-03-22T18:00:00+00:00,68633.0,68709.0,68098.0,68160.0,1891.74769,-0.006915586106213537
2026-03-22T20:00:00+00:00,68160.0,68465.0,67313.0,67864.0,5791.5675,-0.004352180015626683
2026-03-22T22:00:00+00:00,67864.0,68438.0,67542.0,67831.0,5163.26057,-0.0004863849169176386
2026-03-23T00:00:00+00:00,67831.0,68133.0,67404.0,67889.0,2966.87509,0.0008547009067316497
2026-03-23T02:00:00+00:00,67888.0,68570.0,67774.0,68043.0,1651.61693,0.0022658397711606414
2026-03-23T04:00:00+00:00,68043.0,68880.0,68020.0,68870.0,2182.99542,0.012080811290198442
2026-03-23T06:00:00+00:00,68871.0,68871.0,67474.0,68286.0,3525.35537,-0.00851590202879914
2026-03-23T08:00:00+00:00,68287.0,68665.0,67889.0,68311.0,1836.35712,0.0003660402538728789
2026-03-23T10:00:00+00:00,68311.0,71502.0,68259.0,70075.0,14196.71815,0.025495289269171415
2026-03-23T12:00:00+00:00,70076.0,71573.0,69635.0,71443.0,8860.81077,0.019333831916773434
2026-03-23T14:00:00+00:00,71444.0,71785.0,70051.0,70088.0,6900.65149,-0.01914833360356281
2026-03-23T16:00:00+00:00,70087.0,71081.0,70087.0,71045.0,4036.30526,0.013561883725975877
2026-03-23T18:00:00+00:00,71044.0,71218.0,70603.0,70636.0,3097.96136,-0.005773549539160787
2026-03-23T20:00:00+00:00,70638.0,70966.0,70526.0,70804.0,1542.85846,0.0023755667280321874
2026-03-23T22:00:00+00:00,70803.0,70963.0,70369.0,70860.0,3229.70011,0.0007906031584159562
2026-03-24T00:00:00+00:00,70861.0,71074.0,70250.0,70473.0,2365.36271,-0.005476441697588096
2026-03-24T02:00:00+00:00,70473.0,70664.0,70330.0,70499.0,1008.58905,0.0003688675807224304
2026-03-24T04:00:00+00:00,70500.0,70711.0,70097.0,70242.0,1029.67185,-0.0036521025948699623
2026-03-24T06:00:00+00:00,70242.0,71385.0,70216.0,71266.0,2689.70017,0.014472932616540484
2026-03-24T08:00:00+00:00,71267.0,71336.0,70817.0,71291.0,1326.14543,0.00035073690181869685
2026-03-24T10:00:00+00:00,71291.0,71304.0,70926.0,71126.0,1500.99305,-0.002317140142337549
2026-03-24T12:00:00+00:00,71126.0,71153.0,69903.0,70057.0,4485.23071,-0.015143755688715487
2026-03-24T14:00:00+00:00,70056.0,70418.0,69466.0,69837.0,7204.33911,-0.003145241130616559
2026-03-24T16:00:00+00:00,69836.0,69973.0,68904.0,69217.0,5756.44582,-0.008917458089412647
2026-03-24T18:00:00+00:00,69216.0,69718.0,69152.0,69335.0,3196.87751,0.0017033320129603373
2026-03-24T20:00:00+00:00,69335.0,70407.0,69265.0,70313.0,4949.33777,0.014006874278738963
2026-03-24T22:00:00+00:00,70314.0,70824.0,70108.0,70553.0,2613.33316,0.0034074969434876906
2026-03-25T00:00:00+00:00,70554.0,71045.0,70454.0,70655.0,2107.41729,0.00144467760665529
2026-03-25T02:00:00+00:00,70655.0,70792.0,70387.0,70691.0,2636.04534,0.0005093883205528201
2026-03-25T04:00:00+00:00,70690.0,71338.0,70678.0,71094.0,3445.93425,0.005684678707395644
2026-03-25T06:00:00+00:00,71095.0,71259.0,70851.0,70900.0,1650.40555,-0.002732511524576111
2026-03-25T08:00:00+00:00,70900.0,71487.0,70771.0,71308.0,3358.46483,0.005738089551533358
2026-03-25T10:00:00+00:00,71307.0,71998.0,71243.0,71656.0,3996.2546,0.004868368083279167
2026-03-25T12:00:00+00:00,71655.0,72034.0,71080.0,71561.0,6096.3876,-0.0013266583427038385
2026-03-25T14:00:00+00:00,71562.0,71661.0,70538.0,70814.0,4165.23593,-0.010493511565521108
2026-03-25T16:00:00+00:00,70814.0,71770.0,70685.0,70743.0,4263.18316,-0.0010031295655284307
2026-03-25T18:00:00+00:00,70743.0,71106.0,70665.0,70845.0,2109.92424,0.0014408003170493704
2026-03-25T20:00:00+00:00,70846.0,71154.0,70605.0,71005.0,1490.08231,0.0022559050807862335
2026-03-25T22:00:00+00:00,71006.0,71546.0,70911.0,71303.0,1695.36738,0.004188105174440398
2026-03-26T00:00:00+00:00,71302.0,71411.0,71084.0,71216.0,1298.92616,-0.0012208899979181881
2026-03-26T02:00:00+00:00,71216.0,71258.0,70640.0,70871.0,2088.92203,-0.004856189208002489
2026-03-26T04:00:00+00:00,70872.0,70877.0,69897.0,69981.0,2286.77346,-0.012637546430967374
2026-03-26T06:00:00+00:00,69980.0,70140.0,69770.0,70066.0,2142.19787,0.0012138783470877366
2026-03-26T08:00:00+00:00,70066.0,70106.0,69371.0,69538.0,2304.78051,-0.007564289241144255
2026-03-26T10:00:00+00:00,69538.0,69675.0,69151.0,69221.0,2054.17369,-0.004569080945918762
2026-03-26T12:00:00+00:00,69221.0,69848.0,69184.0,69618.0,3948.20253,0.005718869798910038
2026-03-26T14:00:00+00:00,69616.0,69798.0,68654.0,69063.0,5077.06296,-0.008004023088594273
2026-03-26T16:00:00+00:00,69064.0,69149.0,68321.0,68463.0,3180.45964,-0.008725678153485617
2026-03-26T18:00:00+00:00,68463.0,68678.0,68123.0,68524.0,4452.25307,0.0008905955168284851
2026-03-26T20:00:00+00:00,68520.0,69477.0,68424.0,68893.0,5242.62367,0.0053705274734342605
2026-03-26T22:00:00+00:00,68892.0,68998.0,68578.0,68806.0,1741.77463,-0.0012636259025329678
2026-03-27T00:00:00+00:00,68806.0,69047.0,68500.0,69022.0,1428.48561,0.0031343439190001593
2026-03-27T02:00:00+00:00,69021.0,69152.0,68650.0,68735.0,975.26939,-0.004166763434730389
2026-03-27T04:00:00+00:00,68735.0,68833.0,68267.0,68599.0,1576.66248,-0.001980573557268335
2026-03-27T06:00:00+00:00,68599.0,68926.0,68441.0,68507.0,1890.17695,-0.0013420275379335681
2026-03-27T08:00:00+00:00,68507.0,68600.0,67513.0,67663.0,3774.97567,-0.012396428114801008
2026-03-27T10:00:00+00:00,67663.0,67744.0,66144.0,66676.0,6417.41813,-0.01469443363253887
2026-03-27T12:00:00+00:00,66675.0,66755.0,66010.0,66164.0,4755.79844,-0.007708559700866845
2026-03-27T14:00:00+00:00,66164.0,66627.0,65703.0,66097.0,5465.62799,-0.00101314833142231
2026-03-27T16:00:00+00:00,66097.0,66281.0,65579.0,65612.0,4116.35069,-0.007364753998313106
2026-03-27T18:00:00+00:00,65613.0,66140.0,65550.0,66032.0,2840.48203,0.006380866959986697
2026-03-27T20:00:00+00:00,66032.0,66167.0,65801.0,66063.0,2277.94558,0.00046935918193879755
2026-03-27T22:00:00+00:00,66064.0,66399.0,65890.0,66396.0,1102.81543,0.005027981511808182
2026-03-28T00:00:00+00:00,66397.0,66489.0,66035.0,66142.0,1029.05322,-0.00383286772030323
2026-03-28T02:00:00+00:00,66143.0,66219.0,65903.0,66203.0,642.86674,0.0009218331530424517
2026-03-28T04:00:00+00:00,66203.0,66360.0,66088.0,66328.0,767.59501,0.00188635167720536
2026-03-28T06:00:00+00:00,66328.0,66548.0,66296.0,66537.0,575.69455,0.0031460530972647776
2026-03-28T08:00:00+00:00,66538.0,66551.0,66219.0,66280.0,632.95249,-0.0038699913528202103
2026-03-28T10:00:00+00:00,66280.0,66385.0,66108.0,66302.0,727.80508,0.0003318700909915303
2026-03-28T12:00:00+00:00,66303.0,67128.0,66217.0,66817.0,2605.17384,0.007737476533864401
2026-03-28T14:00:00+00:00,66817.0,67280.0,66660.0,66997.0,2404.91811,0.002690303085864745
2026-03-28T16:00:00+00:00,66996.0,67086.0,66672.0,66826.0,1243.58902,-0.002555615896657521
2026-03-28T18:00:00+00:00,66825.0,66940.0,66785.0,66888.0,818.52421,0.0009273524753316276
2026-03-28T20:00:00+00:00,66889.0,66995.0,66555.0,66657.0,1256.20684,-0.003459511481346082
2026-03-28T22:00:00+00:00,66657.0,66768.0,66261.0,66353.0,1447.48994,-0.004571092840192852
2026-03-29T00:00:00+00:00,66353.0,66603.0,66267.0,66552.0,980.89099,0.002994622455368775
2026-03-29T02:00:00+00:00,66551.0,67096.0,66517.0,66886.0,770.24337,0.0050060806895566475
2026-03-29T04:00:00+00:00,66885.0,66921.0,66580.0,66754.0,693.79879,-0.0019754570925880565
2026-03-29T06:00:00+00:00,66754.0,66861.0,66531.0,66649.0,710.32458,-0.0015741778173325935
2026-03-29T08:00:00+00:00,66648.0,66755.0,66517.0,66604.0,515.44571,-0.0006754069583522073
2026-03-29T10:00:00+00:00,66605.0,66942.0,66378.0,66782.0,976.88655,0.0026689473507260377
2026-03-29T12:00:00+00:00,66782.0,66844.0,66501.0,66543.0,991.79765,-0.003585227916834431
2026-03-29T14:00:00+00:00,66542.0,66767.0,66295.0,66493.0,1406.32695,-0.0007516762734032874
2026-03-29T16:00:00+00:00,66494.0,66633.0,66115.0,66351.0,1219.43925,-0.0021378467086646544
2026-03-29T18:00:00+00:00,66351.0,66500.0,66291.0,66318.0,748.81908,-0.0004974786978206807
2026-03-29T20:00:00+00:00,66318.0,66793.0,66317.0,66675.0,1022.00907,0.005368716511204548
2026-03-29T22:00:00+00:00,66674.0,66675.0,64904.0,65970.0,7513.87361,-0.010629976833298454
2026-03-30T00:00:00+00:00,65969.0,67040.0,65759.0,66606.0,4229.39855,0.009594570343785634
2026-03-30T02:00:00+00:00,66607.0,67400.0,66538.0,67133.0,2239.16148,0.007881062782163266
2026-03-30T04:00:00+00:00,67135.0,67773.0,67129.0,67461.0,1888.86785,0.0048739267620770575
2026-03-30T06:00:00+00:00,67461.0,67600.0,67200.0,67600.0,1158.42361,0.002058329926112901
2026-03-30T08:00:00+00:00,67599.0,67890.0,67417.0,67463.0,1668.00513,-0.002028683606701149
2026-03-30T10:00:00+00:00,67463.0,67971.0,67325.0,67632.0,1786.69599,0.002501944382216967
2026-03-30T12:00:00+00:00,67632.0,68127.0,67403.0,67480.0,3315.59008,-0.002249986146666494
2026-03-30T14:00:00+00:00,67479.0,67849.0,67043.0,67587.0,4259.00077,0.0015843991853478983
2026-03-30T16:00:00+00:00,67586.0,67606.0,66600.0,66797.0,3280.71074,-0.011757487508648464
2026-03-30T18:00:00+00:00,66797.0,66899.0,66184.0,66515.0,3018.65801,-0.004230683218597927
2026-03-30T20:00:00+00:00,66515.0,66957.0,66492.0,66769.0,1732.55862,0.0038114148357735658
2026-03-30T22:00:00+00:00,66768.0,66956.0,66361.0,66766.0,1250.41875,-4.4932040296671574e-05
2026-03-31T00:00:00+00:00,66766.0,68370.0,66491.0,67910.0,5003.41341,0.016989330194354092
2026-03-31T02:00:00+00:00,67910.0,68061.0,67613.0,67671.0,1919.80772,-0.0035255713935908235
2026-03-31T04:00:00+00:00,67672.0,67837.0,67352.0,67646.0,2417.29718,-0.00036950272743910923
2026-03-31T06:00:00+00:00,67646.0,67679.0,67069.0,67343.0,3163.04915,-0.004489262219515371
2026-03-31T08:00:00+00:00,67342.0,67468.0,65951.0,66079.0,5906.72375,-0.018947966858852503
2026-03-31T10:00:00+00:00,66078.0,66827.0,66056.0,66652.0,4076.63787,0.0086340577500748
2026-03-31T12:00:00+00:00,66652.0,67387.0,66489.0,67266.0,2944.53485,0.009169854723134559
2026-03-31T14:00:00+00:00,67267.0,67749.0,66395.0,66691.0,6900.76078,-0.008584897115879985
2026-03-31T16:00:00+00:00,66690.0,68559.0,66690.0,67484.0,9283.00179,0.011820521460096732
2026-03-31T18:00:00+00:00,67484.0,67996.0,67479.0,67803.0,2853.57393,0.004715909011327673
2026-03-31T20:00:00+00:00,67803.0,68375.0,67782.0,68241.0,4411.55623,0.00643911548277849
2026-03-31T22:00:00+00:00,68241.0,68341.0,67912.0,68244.0,2161.45296,4.396087482845813e-05
2026-04-01T00:00:00+00:00,68243.0,68321.0,67733.0,67744.0,2021.01543,-0.00735362316020824
2026-04-01T02:00:00+00:00,67745.0,68218.0,67553.0,68136.0,1477.61355,0.0057698128863249935
2026-04-01T04:00:00+00:00,68136.0,68730.0,67992.0,68430.0,2714.12202,0.004305617125626696
2026-04-01T06:00:00+00:00,68431.0,69265.0,68430.0,68653.0,5275.72001,0.0032535062219264826
2026-04-01T08:00:00+00:00,68653.0,68835.0,68350.0,68614.0,3194.4138,-0.0005682356436637423
2026-04-01T10:00:00+00:00,68615.0,68703.0,68361.0,68675.0,1708.35175,0.0008886364386684352
2026-04-01T12:00:00+00:00,68676.0,68726.0,67845.0,68075.0,4291.83307,-0.00877519342151428
2026-04-01T14:00:00+00:00,68075.0,68914.0,68026.0,68878.0,3590.65702,0.011726785133453328
2026-04-01T16:00:00+00:00,68878.0,69117.0,68203.0,68228.0,3766.55851,-0.00948178591465013
2026-04-01T18:00:00+00:00,68228.0,68284.0,67904.0,68137.0,3329.79205,-0.0013346535182516515
2026-04-01T20:00:00+00:00,68136.0,68499.0,67914.0,68319.0,3053.07878,0.0026675281104756267
2026-04-01T22:00:00+00:00,68319.0,68320.0,67956.0,68084.0,2058.79399,-0.0034456754251239053
2026-04-02T00:00:00+00:00,68083.0,68624.0,67009.0,67315.0,8027.20242,-0.011359142514528466
2026-04-02T02:00:00+00:00,67315.0,67315.0,66445.0,66538.0,3589.11689,-0.011609881401097604
2026-04-02T04:00:00+00:00,66538.0,66612.0,66179.0,66548.0,3135.67034,0.00015027876739574404
2026-04-02T06:00:00+00:00,66547.0,66888.0,66509.0,66878.0,2243.27574,0.004946572225587042
2026-04-02T08:00:00+00:00,66878.0,66878.0,66263.0,66422.0,2205.27907,-0.006841737115597123
2026-04-02T10:00:00+00:00,66422.0,66464.0,66103.0,66171.0,1661.57816,-0.0037860264089257037
2026-04-02T12:00:00+00:00,66172.0,66244.0,65697.0,66240.0,3937.88005,0.0010422095784438116
2026-04-02T14:00:00+00:00,66240.0,67070.0,66130.0,66798.0,7609.27979,0.008388629897620944
2026-04-02T16:00:00+00:00,66798.0,67390.0,66620.0,66638.0,3994.28227,-0.002398154571209154
2026-04-02T18:00:00+00:00,66638.0,67080.0,66549.0,66930.0,3362.12874,0.004372311709134695
2026-04-02T20:00:00+00:00,66937.0,67078.0,66673.0,66906.0,1822.20837,-0.0003586479012710853
2026-04-02T22:00:00+00:00,66905.0,67057.0,66790.0,66866.0,757.19511,-0.0005980324909868396
2026-04-03T00:00:00+00:00,66866.0,66971.0,66426.0,66589.0,1614.22282,-0.004151217980382641
2026-04-03T02:00:00+00:00,66588.0,66710.0,66246.0,66558.0,1859.99032,-0.00046565075533274407
2026-04-03T04:00:00+00:00,66558.0,66783.0,66384.0,66575.0,1301.11828,0.000255383715418414
2026-04-03T06:00:00+00:00,66574.0,67229.0,66526.0,67013.0,1936.81053,0.006557498720359404
2026-04-03T08:00:00+00:00,67013.0,67268.0,66706.0,66832.0,2256.8384,-0.002704622665535841
2026-04-03T10:00:00+00:00,66833.0,67031.0,66631.0,66975.0,1829.17249,0.0021374076758529877
2026-04-03T12:00:00+00:00,66976.0,67371.0,66480.0,66640.0,3497.78199,-0.005014417572085186
2026-04-03T14:00:00+00:00,66639.0,66987.0,66601.0,66806.0,2303.81688,0.0024878990096871855
2026-04-03T16:00:00+00:00,66806.0,67053.0,66720.0,66817.0,1716.03727,0.00016464231494340434
2026-04-03T18:00:00+00:00,66818.0,66900.0,66736.0,66856.0,703.12412,0.0005835135159169427
2026-04-03T20:00:00+00:00,66856.0,66950.0,66785.0,66937.0,896.51959,0.0012108258264060504
2026-04-03T22:00:00+00:00,66938.0,66943.0,66793.0,66942.0,1006.00067,7.469431355667195e-05
2026-04-04T00:00:00+00:00,66930.0,66942.0,66787.0,66810.0,558.58934,-0.0019738029017117636
2026-04-04T02:00:00+00:00,66810.0,66889.0,66772.0,66794.0,457.66304,-0.0002395137881573471
2026-04-04T04:00:00+00:00,66795.0,66905.0,66728.0,66866.0,339.52001,0.001077360571064455
2026-04-04T06:00:00+00:00,66866.0,67019.0,66866.0,66977.0,796.1994,0.0016586601532866635
2026-04-04T08:00:00+00:00,66977.0,67015.0,66864.0,66944.0,611.95386,-0.0004928278711765183
2026-04-04T10:00:00+00:00,66944.0,67198.0,66880.0,67126.0,1251.93273,0.0027150012948011968
2026-04-04T12:00:00+00:00,67125.0,67241.0,67000.0,67167.0,1010.47475,0.0006106051882653575
2026-04-04T14:00:00+00:00,67166.0,67493.0,66989.0,67337.0,1194.09274,0.0025278072105258858
2026-04-04T16:00:00+00:00,67336.0,67483.0,67242.0,67293.0,953.90469,-0.000653643341997795
2026-04-04T18:00:00+00:00,67292.0,67513.0,67227.0,67256.0,637.11732,-0.000549985521002137
2026-04-04T20:00:00+00:00,67256.0,67430.0,67151.0,67316.0,871.78656,0.0008917160178311486
2026-04-04T22:00:00+00:00,67315.0,67429.0,67221.0,67264.0,459.23679,-0.0007727745963409582
2026-04-05T00:00:00+00:00,67263.0,67264.0,67043.0,67051.0,559.81858,-0.003171651394912507
2026-04-05T02:00:00+00:00,67050.0,67152.0,66922.0,67095.0,720.82983,0.000656001693347572
2026-04-05T04:00:00+00:00,67095.0,67154.0,66845.0,66885.0,1035.95802,-0.0031347988053715033
2026-04-05T06:00:00+00:00,66886.0,66901.0,66565.0,66770.0,2141.60916,-0.0017208488777722597
2026-04-05T08:00:00+00:00,66770.0,67007.0,66770.0,66987.0,1080.1454,0.003244692844215657
2026-04-05T10:00:00+00:00,66987.0,67119.0,66919.0,66953.0,794.49808,-0.0005076900213571838
2026-04-05T12:00:00+00:00,66953.0,66953.0,66637.0,66853.0,1062.45335,-0.0014947015622284502
2026-04-05T14:00:00+00:00,66853.0,67809.0,66776.0,67259.0,3010.17645,0.0060546593935223375
2026-04-05T16:00:00+00:00,67259.0,67372.0,67134.0,67333.0,1158.57607,0.0010996197018620698
2026-04-05T18:00:00+00:00,67332.0,67525.0,67234.0,67320.0,971.76984,-0.00019308890318657423
2026-04-05T20:00:00+00:00,67320.0,67653.0,67290.0,67498.0,1526.8124,0.002640598487282995
2026-04-05T22:00:00+00:00,67497.0,69096.0,67305.0,68988.0,6986.51004,0.021834608619265804
2026-04-06T00:00:00+00:00,68989.0,69700.0,68763.0,68779.0,6198.94024,-0.0030341106409343343
2026-04-06T02:00:00+00:00,68771.0,69379.0,68753.0,69085.0,2587.74755,0.004439164720413078
2026-04-06T04:00:00+00:00,69085.0,69204.0,68943.0,69166.0,1109.37551,0.00117178189334249
2026-04-06T06:00:00+00:00,69167.0,69324.0,68752.0,69082.0,2483.64116,-0.0012152076028167196
2026-04-06T08:00:00+00:00,69083.0,70243.0,69051.0,69695.0,4933.31311,0.008834374382691112
2026-04-06T10:00:00+00:00,69696.0,69919.0,69512.0,69585.0,2290.49783,-0.0015795523100329658
2026-04-06T12:00:00+00:00,69585.0,69598.0,69195.0,69402.0,2411.59259,-0.002633341330497242
2026-04-06T14:00:00+00:00,69402.0,69926.0,69120.0,69926.0,3799.04018,0.007521854481270182
2026-04-06T16:00:00+00:00,69925.0,70316.0,69223.0,69529.0,4802.48441,-0.005693608296119089
2026-04-06T18:00:00+00:00,69529.0,69922.0,69436.0,69706.0,2322.21975,0.002542465548833518
2026-04-06T20:00:00+00:00,69705.0,69941.0,69391.0,69469.0,2496.04965,-0.0034057873768688833
2026-04-06T22:00:00+00:00,69469.0,69541.0,68282.0,68818.0,5116.29739,-0.0094152712707733
2026-04-07T00:00:00+00:00,68817.0,69080.0,68306.0,68363.0,2573.69525,-0.00663359603015561
2026-04-07T02:00:00+00:00,68363.0,68772.0,68230.0,68744.0,1639.00982,0.00555771741341534
2026-04-07T04:00:00+00:00,68744.0,68966.0,68506.0,68628.0,1249.70119,-0.0016888452897424592
2026-04-07T06:00:00+00:00,68628.0,68673.0,68399.0,68590.0,1647.80144,-0.0005538632099494199
2026-04-07T08:00:00+00:00,68589.0,69220.0,68564.0,69111.0,1584.37258,0.007567156173395818
2026-04-07T10:00:00+00:00,69111.0,69169.0,68026.0,68316.0,3444.04455,-0.011569907927680796
2026-04-07T12:00:00+00:00,68315.0,68600.0,68028.0,68204.0,3056.65248,-0.001640785601039996
2026-04-07T14:00:00+00:00,68204.0,68217.0,67695.0,68134.0,3533.85108,-0.0010268598065235435
2026-04-07T16:00:00+00:00,68133.0,68998.0,68045.0,68668.0,2738.11698,0.007806943059301197
2026-04-07T18:00:00+00:00,68669.0,69084.0,68315.0,68999.0,4412.9254,0.004808714329932518
2026-04-07T20:00:00+00:00,68999.0,70211.0,68997.0,69889.0,8062.14825,0.01281625744946135
2026-04-07T22:00:00+00:00,69890.0,72772.0,69890.0,71919.0,15239.85407,0.028632216540468543
2026-04-08T00:00:00+00:00,71920.0,72111.0,71425.0,71458.0,3980.29892,-0.0064306212103623665
2026-04-08T02:00:00+00:00,71459.0,71720.0,71235.0,71283.0,1661.50612,-0.0024519946991970595
2026-04-08T04:00:00+00:00,71284.0,71844.0,71272.0,71729.0,1701.68904,0.00623725905390841
2026-04-08T06:00:00+00:00,71730.0,71945.0,71573.0,71630.0,1807.44884,-0.0013811482465343008
2026-04-08T08:00:00+00:00,71630.0,71963.0,71580.0,71670.0,1046.48001,0.0005582693794679535
2026-04-08T10:00:00+00:00,71671.0,71771.0,71378.0,71657.0,1484.64092,-0.0001814033648321998
2026-04-08T12:00:00+00:00,71656.0,72851.0,71488.0,71581.0,7590.9367,-0.0010611710179123364
2026-04-08T14:00:00+00:00,71581.0,71738.0,70676.0,71288.0,4459.0856,-0.004101665312664646
2026-04-08T16:00:00+00:00,71288.0,71941.0,71226.0,71858.0,2929.76002,0.007963939092287464
2026-04-08T18:00:00+00:00,71859.0,71859.0,70979.0,71288.0,3672.67302,-0.007963939092287488
2026-04-08T20:00:00+00:00,71288.0,71726.0,71227.0,71516.0,1735.59012,0.0031931905791549855
2026-04-08T22:00:00+00:00,71516.0,71532.0,70845.0,71036.0,2361.84415,-0.006734410097224929
2026-04-09T00:00:00+00:00,71036.0,71098.0,70425.0,70895.0,2989.6116,-0.0019868816028275446
2026-04-09T02:00:00+00:00,70895.0,71167.0,70780.0,70961.0,1285.09443,0.0009305211589538814
2026-04-09T04:00:00+00:00,70961.0,71060.0,70646.0,70950.0,1352.9724,-0.00015502674242349554
2026-04-09T06:00:00+00:00,70950.0,71076.0,70765.0,70941.0,1157.80999,-0.00012685794042007352
2026-04-09T08:00:00+00:00,70942.0,71535.0,70830.0,71500.0,2072.55691,0.007848904034330258
2026-04-09T10:00:00+00:00,71499.0,71501.0,71009.0,71100.0,1702.64642,-0.005610112890766788
2026-04-09T12:00:00+00:00,71099.0,71317.0,70586.0,70763.0,2477.28733,-0.004751071581961369
2026-04-09T14:00:00+00:00,70764.0,72359.0,70495.0,72108.0,8299.75378,0.018828729912557348
2026-04-09T16:00:00+00:00,72109.0,72525.0,71710.0,72317.0,6371.54466,0.002894237782830506
2026-04-09T18:00:00+00:00,72317.0,72341.0,71714.0,72071.0,4409.33927,-0.0034074886836167333
2026-04-09T20:00:00+00:00,72070.0,72680.0,71956.0,72246.0,2683.68217,0.0024252178991319316
2026-04-09T22:00:00+00:00,72245.0,73158.0,71513.0,71758.0,6561.85099,-0.006777615456035495
2026-04-10T00:00:00+00:00,71757.0,72367.0,71564.0,72128.0,2505.75327,0.0051429717352096446
2026-04-10T02:00:00+00:00,72129.0,72271.0,71781.0,71847.0,863.94335,-0.003903460417429875
2026-04-10T04:00:00+00:00,71848.0,72259.0,71800.0,72098.0,1146.99746,0.0034874466552418373
2026-04-10T06:00:00+00:00,72099.0,72153.0,71388.0,71457.0,1382.95022,-0.008930434469235964
2026-04-10T08:00:00+00:00,71457.0,71842.0,71405.0,71763.0,1778.38468,0.004273152710873277
2026-04-10T10:00:00+00:00,71762.0,72230.0,71685.0,72096.0,974.62555,0.004629541353073718
2026-04-10T12:00:00+00:00,72095.0,72434.0,71870.0,72276.0,3533.45771,0.002493559599750353
2026-04-10T14:00:00+00:00,72276.0,73282.0,72224.0,72415.0,6222.37058,0.001921336403235384
2026-04-10T16:00:00+00:00,72416.0,73104.0,72355.0,73095.0,2631.90497,0.009346504710759573
2026-04-10T18:00:00+00:00,73095.0,73231.0,72836.0,73209.0,2095.28448,0.00155839926552627
2026-04-10T20:00:00+00:00,73208.0,73479.0,72910.0,73160.0,2642.44003,-0.0006695407064405557
2026-04-10T22:00:00+00:00,73160.0,73200.0,72726.0,72926.0,1320.0988,-0.0032035951443518357
2026-04-11T00:00:00+00:00,72926.0,72973.0,72650.0,72919.0,711.32065,-9.599232068806346e-05
2026-04-11T02:00:00+00:00,72921.0,73071.0,72783.0,72839.0,429.92689,-0.0010977100129408142
2026-04-11T04:00:00+00:00,72839.0,72921.0,72631.0,72689.0,497.74887,-0.0020614596932576118
2026-04-11T06:00:00+00:00,72688.0,72805.0,72592.0,72705.0,434.44496,0.00022009161402244794
2026-04-11T08:00:00+00:00,72705.0,72881.0,72593.0,72880.0,687.53461,0.0024040949862538896
2026-04-11T10:00:00+00:00,72881.0,72887.0,72734.0,72880.0,470.72609,0.0
2026-04-11T12:00:00+00:00,72880.0,72957.0,72500.0,72633.0,1085.62276,-0.0033948889408980695
2026-04-11T14:00:00+00:00,72633.0,72880.0,72571.0,72830.0,730.37308,0.0027085942190189466
2026-04-11T16:00:00+00:00,72830.0,73200.0,72786.0,73080.0,2116.50501,0.0034267732799822073
2026-04-11T18:00:00+00:00,73079.0,73773.0,73011.0,73659.0,3143.817,0.007891603525739423
2026-04-11T20:00:00+00:00,73658.0,73669.0,73188.0,73408.0,1680.6261,-0.00341341352863984
2026-04-11T22:00:00+00:00,73408.0,73553.0,72886.0,73015.0,1294.73032,-0.005368022014470728
2026-04-12T00:00:00+00:00,73015.0,73115.0,71258.0,71596.0,5443.22928,-0.01962569300818127
2026-04-12T02:00:00+00:00,71596.0,71897.0,71291.0,71570.0,3070.17122,-0.00036321473374730765
2026-04-12T04:00:00+00:00,71569.0,71767.0,71380.0,71680.0,1709.73649,0.0015357769161688543
2026-04-12T06:00:00+00:00,71680.0,71726.0,71552.0,71643.0,1028.60327,-0.0005163163040400427
2026-04-12T08:00:00+00:00,71642.0,71727.0,71464.0,71498.0,747.91923,-0.0020259750818695864
2026-04-12T10:00:00+00:00,71498.0,71656.0,71316.0,71438.0,1691.27641,-0.0008395366251204503
2026-04-12T12:00:00+00:00,71438.0,71475.0,70833.0,70855.0,2952.96852,-0.008194405378811252
2026-04-12T14:00:00+00:00,70855.0,71064.0,70590.0,70849.0,1852.81285,-8.468356579325353e-05
2026-04-12T16:00:00+00:00,70848.0,71178.0,70784.0,71099.0,1141.48831,0.003522420301636968
2026-04-12T18:00:00+00:00,71100.0,71194.0,71019.0,71044.0,1018.06605,-0.0007738686075970842
2026-04-12T20:00:00+00:00,71044.0,71413.0,70904.0,71331.0,1995.40648,0.00403161213329478
2026-04-12T22:00:00+00:00,71332.0,71332.0,70450.0,70705.0,4380.59019,-0.008814723778635233
2026-04-13T00:00:00+00:00,70708.0,71222.0,70585.0,71171.0,2071.87301,0.00656914031685565
2026-04-13T02:00:00+00:00,71171.0,71248.0,70877.0,70952.0,1706.73057,-0.0030818400024441995
2026-04-13T04:00:00+00:00,70952.0,71105.0,70614.0,70846.0,2050.40141,-0.0014950848353991525
2026-04-13T06:00:00+00:00,70845.0,71079.0,70650.0,70791.0,1534.35627,-0.0007766332634054748
2026-04-13T08:00:00+00:00,70792.0,70876.0,70529.0,70757.0,1529.2454,-0.00048040241690299937
2026-04-13T10:00:00+00:00,70757.0,70955.0,70654.0,70888.0,678.29109,0.001849695186557689
2026-04-13T12:00:00+00:00,70888.0,71696.0,70731.0,71626.0,3764.92947,0.010356969798024654
2026-04-13T14:00:00+00:00,71625.0,72436.0,71364.0,71830.0,6976.69401,0.002844079543684354
2026-04-13T16:00:00+00:00,71829.0,72592.0,71648.0,72113.0,4110.56799,0.003932117082937978
2026-04-13T18:00:00+00:00,72108.0,73425.0,72008.0,73267.0,4728.40502,0.015875969711950592
2026-04-13T20:00:00+00:00,73267.0,73340.0,72945.0,73141.0,3833.35081,-0.001721217844751661
2026-04-13T22:00:00+00:00,73141.0,74907.0,73134.0,74387.0,8494.01151,0.01689211035213188
2026-04-14T00:00:00+00:00,74387.0,74492.0,73950.0,74358.0,2652.36222,-0.0003899290781866744
2026-04-14T02:00:00+00:00,74357.0,74545.0,74216.0,74417.0,1156.51384,0.0007931440509893313
2026-04-14T04:00:00+00:00,74417.0,74484.0,74113.0,74174.0,1479.36164,-0.00327072590705138
2026-04-14T06:00:00+00:00,74174.0,74893.0,74174.0,74508.0,2454.028,0.0044928177160258684
2026-04-14T08:00:00+00:00,74509.0,74876.0,74392.0,74449.0,3672.20713,-0.0007921749643912124
2026-04-14T10:00:00+00:00,74448.0,74569.0,74242.0,74339.0,1222.98438,-0.0014786141361007364
2026-04-14T12:00:00+00:00,74338.0,75459.0,74226.0,75459.0,5559.95739,0.014953749324022722
2026-04-14T14:00:00+00:00,75458.0,76000.0,74480.0,75264.0,10000.34716,-0.0025875295581797037
2026-04-14T16:00:00+00:00,75265.0,75634.0,74181.0,74690.0,4072.50386,-0.007655718467131774
2026-04-14T18:00:00+00:00,74690.0,74753.0,73800.0,74158.0,4479.51822,-0.007148262191327026
2026-04-14T20:00:00+00:00,74158.0,74381.0,73888.0,74228.0,2600.42046,0.0009434853044440908
2026-04-14T22:00:00+00:00,74228.0,74324.0,73800.0,74098.0,3066.21899,-0.0017528960976090522
2026-04-15T00:00:00+00:00,74097.0,74726.0,74079.0,74559.0,2505.28237,0.006202216885743036
2026-04-15T02:00:00+00:00,74558.0,74647.0,74125.0,74300.0,1267.35536,-0.0034798065465129497
2026-04-15T04:00:00+00:00,74300.0,74400.0,73826.0,73976.0,2031.55749,-0.004370235448376027
2026-04-15T06:00:00+00:00,73975.0,74006.0,73451.0,73687.0,1425.16422,-0.003914323412134347
2026-04-15T08:00:00+00:00,73688.0,74153.0,73635.0,73970.0,2144.58487,0.0038332127365730863
2026-04-15T10:00:00+00:00,73971.0,74220.0,73752.0,74161.0,2521.29612,0.0025787999250547564
2026-04-15T12:00:00+00:00,74161.0,74417.0,73772.0,74020.0,2706.67411,-0.0019030785668212057
2026-04-15T14:00:00+00:00,74020.0,74470.0,73550.0,73797.0,3190.03434,-0.0030172465843373284
2026-04-15T16:00:00+00:00,73797.0,74209.0,73722.0,74087.0,1436.12354,0.003921997940726655
2026-04-15T18:00:00+00:00,74086.0,75255.0,74032.0,74930.0,4189.30198,0.011314266061820162
2026-04-15T20:00:00+00:00,74931.0,74979.0,74444.0,74700.0,3119.13967,-0.0030742522374477884
2026-04-15T22:00:00+00:00,74700.0,75400.0,74587.0,74774.0,2767.14801,0.0009901388341202987
2026-04-16T00:00:00+00:00,74775.0,74848.0,74414.0,74605.0,2615.99936,-0.00226270188050691
2026-04-16T02:00:00+00:00,74605.0,75228.0,74554.0,74849.0,2227.70848,0.0032652216305658873
2026-04-16T04:00:00+00:00,74849.0,75147.0,74664.0,75008.0,2243.50108,0.0021220237915418366
2026-04-16T06:00:00+00:00,75009.0,75076.0,74584.0,74671.0,1384.9999,-0.004502977297283729
2026-04-16T08:00:00+00:00,74671.0,74880.0,74468.0,74555.0,1948.10539,-0.0015546891743382597
2026-04-16T10:00:00+00:00,74555.0,74609.0,74232.0,74531.0,2633.14404,-0.0003219618234752903
2026-04-16T12:00:00+00:00,74531.0,74974.0,73254.0,73750.0,6217.1581,-0.010534150999466288
2026-04-16T14:00:00+00:00,73749.0,74869.0,73371.0,74653.0,7254.09937,0.01216971549963466
2026-04-16T16:00:00+00:00,74653.0,74896.0,73816.0,74301.0,3902.7392,-0.004726300136219334
2026-04-16T18:00:00+00:00,74301.0,75386.0,74193.0,75316.0,4294.55257,0.013568185050837464
2026-04-16T20:00:00+00:00,75316.0,75499.0,74761.0,74900.0,2613.73058,-0.005538705111008251
2026-04-16T22:00:00+00:00,74900.0,75149.0,74791.0,75130.0,1492.95166,0.003066055857895482
2026-04-17T00:00:00+00:00,75129.0,75129.0,74529.0,74708.0,1137.64161,-0.005632764929708644
2026-04-17T02:00:00+00:00,74709.0,74808.0,74501.0,74578.0,685.90327,-0.0017416239012398534
2026-04-17T04:00:00+00:00,74578.0,74812.0,74509.0,74604.0,760.38408,0.0003485675250799858
2026-04-17T06:00:00+00:00,74604.0,75066.0,74561.0,75042.0,1087.72645,0.0058538317196238
2026-04-17T08:00:00+00:00,75041.0,76316.0,74953.0,75729.0,5359.90405,0.009113221437173021
2026-04-17T10:00:00+00:00,75729.0,75840.0,75050.0,75541.0,2765.95235,-0.0024856230157162384
2026-04-17T12:00:00+00:00,75542.0,77407.0,75479.0,77286.0,11441.08304,0.022837271425724573
2026-04-17T14:00:00+00:00,77287.0,78000.0,76961.0,77717.0,8863.63019,0.005561197019296834
2026-04-17T16:00:00+00:00,77717.0,78279.0,77050.0,77473.0,5786.67979,-0.003144535099658713
2026-04-17T18:00:00+00:00,77474.0,77519.0,76975.0,77345.0,3167.9304,-0.001653554873015635
2026-04-17T20:00:00+00:00,77357.0,77555.0,77108.0,77398.0,1575.8832,0.0006850067799184161
2026-04-17T22:00:00+00:00,77398.0,77476.0,76835.0,77021.0,1720.39197,-0.004882828525457607
2026-04-18T00:00:00+00:00,77021.0,77289.0,76930.0,77168.0,1344.22752,0.0019067513835270282
2026-04-18T02:00:00+00:00,77167.0,77369.0,76924.0,76954.0,658.5672,-0.002777022586367353
2026-04-18T04:00:00+00:00,76955.0,77228.0,76850.0,77085.0,803.87349,0.0017008683720538182
2026-04-18T06:00:00+00:00,77085.0,77175.0,76860.0,76956.0,693.30936,-0.0016748791575764872
2026-04-18T08:00:00+00:00,76956.0,77000.0,76370.0,76559.0,2736.34419,-0.0051721445463241865
2026-04-18T10:00:00+00:00,76559.0,76560.0,75728.0,76004.0,2785.73897,-0.007275714928116487
2026-04-18T12:00:00+00:00,76005.0,76263.0,75750.0,76079.0,1955.09746,0.0009863036115800481
2026-04-18T14:00:00+00:00,76079.0,76315.0,75926.0,76120.0,1566.01145,0.0005387683360832173
2026-04-18T16:00:00+00:00,76121.0,76164.0,75619.0,75772.0,1440.02037,-0.004582211161916329
2026-04-18T18:00:00+00:00,75772.0,75799.0,75402.0,75608.0,2619.01933,-0.002166733573277383
2026-04-18T20:00:00+00:00,75608.0,75794.0,75532.0,75766.0,1044.97069,0.00208754551479532
2026-04-18T22:00:00+00:00,75766.0,75836.0,75550.0,75642.0,1518.81708,-0.0016379587303628168
2026-04-19T00:00:00+00:00,75642.0,75802.0,75408.0,75572.0,1319.19261,-0.0009258402661158053
2026-04-19T02:00:00+00:00,75572.0,75685.0,75308.0,75467.0,1141.59981,-0.0013903695987773437
2026-04-19T04:00:00+00:00,75466.0,75728.0,75378.0,75508.0,1074.30454,0.000543136294193112
2026-04-19T06:00:00+00:00,75508.0,75508.0,74851.0,75210.0,2174.56513,-0.003954410068175626
2026-04-19T08:00:00+00:00,75209.0,75262.0,74877.0,74973.0,1683.92268,-0.003156152117557461
2026-04-19T10:00:00+00:00,74973.0,75597.0,74889.0,75565.0,1742.55348,0.0078651643013298
2026-04-19T12:00:00+00:00,75565.0,76195.0,75385.0,75884.0,2620.1756,0.004212645468214931
2026-04-19T14:00:00+00:00,75885.0,76119.0,75374.0,75811.0,2714.92639,-0.0009624576371685794
2026-04-19T16:00:00+00:00,75810.0,75818.0,74577.0,74737.0,2835.12691,-0.01426811675043978
2026-04-19T18:00:00+00:00,74737.0,75033.0,74558.0,74926.0,2607.74978,0.0025256756909834326
2026-04-19T20:00:00+00:00,74927.0,74927.0,74317.0,74375.0,2072.43989,-0.007381095927880238
2026-04-19T22:00:00+00:00,74376.0,74380.0,73718.0,73741.0,4987.05364,-0.008560909990911724
2026-04-20T00:00:00+00:00,73741.0,74722.0,73690.0,74556.0,2824.39642,0.010991566994675094
2026-04-20T02:00:00+00:00,74557.0,74619.0,74265.0,74606.0,1501.96563,0.0006704120603467215
2026-04-20T04:00:00+00:00,74606.0,74607.0,74067.0,74234.0,912.06512,-0.004998666683504533
2026-04-20T06:00:00+00:00,74234.0,75522.0,74222.0,74797.0,3021.50819,0.007555510977855221
2026-04-20T08:00:00+00:00,74797.0,75208.0,74578.0,75030.0,1211.73095,0.0031102563333828396
2026-04-20T10:00:00+00:00,75030.0,75375.0,74909.0,75154.0,1629.77073,0.0016513081044203202
2026-04-20T12:00:00+00:00,75154.0,75652.0,74811.0,75233.0,2973.2624,0.0010506228233390172
2026-04-20T14:00:00+00:00,75232.0,75722.0,74661.0,75668.0,4676.08211,0.005765385318020245
2026-04-20T16:00:00+00:00,75668.0,75949.0,75244.0,75861.0,2752.45973,0.0025473685481476813
2026-04-20T18:00:00+00:00,75860.0,76444.0,75860.0,76260.0,3900.77362,0.005245836077853205
2026-04-20T20:00:00+00:00,76259.0,76540.0,75738.0,75910.0,2185.39699,-0.004600126400740887
2026-04-20T22:00:00+00:00,75910.0,76100.0,75576.0,75802.0,1472.37047,-0.001423750504160368
2026-04-21T00:00:00+00:00,75801.0,76223.0,75653.0,75880.0,2755.38274,0.0010284675422969915
2026-04-21T02:00:00+00:00,75880.0,75883.0,75409.0,75669.0,1885.13009,-0.002784579724565846
2026-04-21T04:00:00+00:00,75670.0,75950.0,75560.0,75767.0,1271.45534,0.0012942763105259739
2026-04-21T06:00:00+00:00,75768.0,76278.0,75664.0,76054.0,2257.16855,0.003780772645029807
2026-04-21T08:00:00+00:00,76054.0,76881.0,76033.0,76330.0,2571.98202,0.0036224315125756136
2026-04-21T10:00:00+00:00,76331.0,76848.0,76300.0,76410.0,2622.32225,0.0010475318490962154
2026-04-21T12:00:00+00:00,76411.0,76492.0,75666.0,75859.0,4338.16528,-0.007237223663303922
2026-04-21T14:00:00+00:00,75860.0,76592.0,75408.0,75802.0,5797.13201,-0.0007516764716550089
2026-04-21T16:00:00+00:00,75801.0,76146.0,75021.0,75494.0,4133.48502,-0.004071494626136537
2026-04-21T18:00:00+00:00,75501.0,75871.0,74770.0,74972.0,3755.46949,-0.006938472401641359
2026-04-21T20:00:00+00:00,74972.0,75832.0,74931.0,75508.0,4865.89546,0.007123900409748726
2026-04-21T22:00:00+00:00,75507.0,76398.0,75256.0,76288.0,2221.13941,0.010277041096342516
2026-04-22T00:00:00+00:00,76289.0,76486.0,76098.0,76266.0,2134.80178,-0.0002884224622429672
2026-04-22T02:00:00+00:00,76266.0,77697.0,76188.0,77497.0,5702.48468,0.016011996392056145
2026-04-22T04:00:00+00:00,77497.0,78419.0,77337.0,77944.0,4011.5568,0.005751394190397016
2026-04-22T06:00:00+00:00,77944.0,78074.0,77777.0,77965.0,2049.90494,0.0002693879138086516
2026-04-22T08:00:00+00:00,77965.0,78176.0,77888.0,77958.0,1938.06579,-8.978790819448873e-05
2026-04-22T10:00:00+00:00,77958.0,78344.0,77894.0,78261.0,1461.89822,0.00387917449172986
2026-04-22T12:00:00+00:00,78261.0,78794.0,78049.0,78791.0,4715.71453,0.0067493825226557615
2026-04-22T14:00:00+00:00,78792.0,79350.0,78534.0,79223.0,5114.78598,0.005467883558652952
2026-04-22T16:00:00+00:00,79224.0,79400.0,78592.0,78853.0,2619.32699,-0.004681301091871008
2026-04-22T18:00:00+00:00,78852.0,79122.0,78655.0,78798.0,2263.23959,-0.0006977437787439143
2026-04-22T20:00:00+00:00,78797.0,78865.0,78362.0,78723.0,2203.67459,-0.000952254057140623
2026-04-22T22:00:00+00:00,78722.0,78785.0,78090.0,78137.0,1760.53403,-0.007471665512643898
2026-04-23T00:00:00+00:00,78138.0,78530.0,77533.0,78318.0,5261.40769,0.0023137653734144567
2026-04-23T02:00:00+00:00,78320.0,78323.0,77459.0,77722.0,3548.94584,-0.00763910405461102
2026-04-23T04:00:00+00:00,77715.0,78059.0,77638.0,77982.0,1116.0319,0.0033396732474095113
2026-04-23T06:00:00+00:00,77982.0,78311.0,77945.0,78012.0,1295.45178,0.00038463018282573405
2026-04-23T08:00:00+00:00,78012.0,78145.0,77398.0,77619.0,2395.14069,-0.005050418430067725
2026-04-23T10:00:00+00:00,77619.0,77712.0,77152.0,77659.0,2631.97089,0.0005152049985805409
2026-04-23T12:00:00+00:00,77659.0,77877.0,77358.0,77492.0,2794.43552,-0.0021527423541452414
2026-04-23T14:00:00+00:00,77492.0,78649.0,77388.0,78343.0,4554.80834,0.010921916892990099
2026-04-23T16:00:00+00:00,78343.0,78479.0,76910.0,77732.0,6104.04847,-0.007829609115232642
2026-04-23T18:00:00+00:00,77733.0,78109.0,77554.0,77688.0,4685.74881,-0.0005662077104041292
2026-04-23T20:00:00+00:00,77688.0,78067.0,77615.0,77852.0,1880.61947,0.0021087830882757157
2026-04-23T22:00:00+00:00,77851.0,78316.0,77842.0,78226.0,1902.83573,0.004792484729851953
2026-04-24T00:00:00+00:00,78226.0,78472.0,77933.0,78401.0,2052.09905,0.0022346092668768342
2026-04-24T02:00:00+00:00,78401.0,78548.0,77505.0,77710.0,2267.20555,-0.00885273315590656
2026-04-24T04:00:00+00:00,77709.0,78000.0,77423.0,77927.0,1301.11352,0.002788541807094255
2026-04-24T06:00:00+00:00,77927.0,77968.0,77520.0,77631.0,1225.5979,-0.003805659075692107
2026-04-24T08:00:00+00:00,77631.0,78003.0,77365.0,77499.0,2363.6292,-0.0017017989023053823
2026-04-24T10:00:00+00:00,77499.0,78350.0,77418.0,78207.0,3349.05014,0.00909412456136902
2026-04-24T12:00:00+00:00,78207.0,78424.0,77867.0,78050.0,3789.16548,-0.002009510650175543
2026-04-24T14:00:00+00:00,78049.0,78193.0,77514.0,78021.0,2713.70215,-0.0003716257387183734
2026-04-24T16:00:00+00:00,78021.0,78031.0,77455.0,77659.0,2226.22553,-0.004650573643877966
2026-04-24T18:00:00+00:00,77659.0,77701.0,77322.0,77594.0,1295.29344,-0.0008373429666139974
2026-04-24T20:00:00+00:00,77594.0,77736.0,77421.0,77507.0,954.64373,-0.001121849751123022
2026-04-24T22:00:00+00:00,77507.0,77582.0,77225.0,77402.0,1156.02459,-0.0013556348059864404
2026-04-25T00:00:00+00:00,77402.0,77580.0,77273.0,77507.0,433.4302,0.0013556348059864996
2026-04-25T02:00:00+00:00,77507.0,77679.0,77464.0,77634.0,894.90258,0.0016372207007630808
2026-04-25T04:00:00+00:00,77634.0,77663.0,77444.0,77474.0,296.65683,-0.0020630793608404003
2026-04-25T06:00:00+00:00,77474.0,77539.0,77412.0,77467.0,549.08451,-9.035697465178621e-05
2026-04-25T08:00:00+00:00,77467.0,77749.0,77451.0,77700.0,796.82021,0.003003218147223077
2026-04-25T10:00:00+00:00,77700.0,77854.0,77573.0,77642.0,798.6181,-0.000746739487005005
2026-04-25T12:00:00+00:00,77642.0,77687.0,77504.0,77664.0,1213.078,0.0002833116575941228
2026-04-25T14:00:00+00:00,77663.0,77734.0,77269.0,77294.0,1470.68478,-0.004775496627024673
2026-04-25T16:00:00+00:00,77294.0,77419.0,77100.0,77213.0,1272.14433,-0.0010484962806937871
2026-04-25T18:00:00+00:00,77212.0,77361.0,77153.0,77296.0,728.582,0.0010743711755784497
2026-04-25T20:00:00+00:00,77297.0,77500.0,77272.0,77496.0,610.21724,0.0025841143120328785
2026-04-25T22:00:00+00:00,77497.0,77608.0,77458.0,77582.0,372.43238,0.0011091193956079418
2026-04-26T00:00:00+00:00,77582.0,77604.0,77403.0,77414.0,399.89811,-0.00216779872759188
2026-04-26T02:00:00+00:00,77414.0,77565.0,77279.0,77359.0,622.03795,-0.0007107183076523209
2026-04-26T04:00:00+00:00,77359.0,78172.0,77347.0,77941.0,1875.13143,0.007495205726152387
2026-04-26T06:00:00+00:00,77942.0,78083.0,77861.0,78071.0,703.62328,0.001666538857113299
2026-04-26T08:00:00+00:00,78071.0,78170.0,77888.0,77968.0,1156.13063,-0.001320182966562788
2026-04-26T10:00:00+00:00,77968.0,78128.0,77933.0,78050.0,679.11742,0.0010511608602907499
2026-04-26T12:00:00+00:00,78050.0,78064.0,77724.0,77940.0,1203.89956,-0.0014103470508778845
2026-04-26T14:00:00+00:00,77940.0,78140.0,77842.0,78010.0,830.47053,0.0008977236896586866
2026-04-26T16:00:00+00:00,78011.0,78040.0,77810.0,77983.0,417.46817,-0.00034616938285215076
2026-04-26T18:00:00+00:00,77983.0,78469.0,77954.0,78186.0,1871.57693,0.002599749173454366
2026-04-26T20:00:00+00:00,78187.0,78916.0,77815.0,78377.0,2299.72629,0.0024399135779813474
2026-04-26T22:00:00+00:00,78376.0,78862.0,77898.0,78615.0,3259.6152,0.0030320039534341265
2026-04-27T00:00:00+00:00,78616.0,79434.0,78354.0,79249.0,3958.96667,0.008032273459009474
2026-04-27T02:00:00+00:00,79249.0,79270.0,78996.0,79061.0,1579.73209,-0.0023750879714020947
2026-04-27T04:00:00+00:00,79061.0,79122.0,77549.0,77756.0,3974.55168,-0.016643987909980135
2026-04-27T06:00:00+00:00,77756.0,77848.0,77436.0,77568.0,1732.89297,-0.002420747493071897
2026-04-27T08:00:00+00:00,77569.0,77949.0,77517.0,77866.0,1424.15316,0.0038344295986810014
2026-04-27T10:00:00+00:00,77866.0,77911.0,77701.0,77814.0,634.38585,-0.0006680370238162098
2026-04-27T12:00:00+00:00,77814.0,77926.0,77528.0,77709.0,2600.02495,-0.0013502828000174522
2026-04-27T14:00:00+00:00,77710.0,78222.0,76516.0,76765.0,7120.29672,-0.012222273670779596
2026-04-27T16:00:00+00:00,76765.0,76896.0,76495.0,76705.0,3088.76445,-0.0007819118141256303
2026-04-27T18:00:00+00:00,76701.0,76873.0,76363.0,76822.0,2061.66383,0.001524162168868381
2026-04-27T20:00:00+00:00,76822.0,77015.0,76739.0,76739.0,1029.73419,-0.0010810037455160966
2026-04-27T22:00:00+00:00,76740.0,77414.0,76722.0,77320.0,1350.01394,0.007542600620041181
2026-04-28T00:00:00+00:00,77320.0,77440.0,76987.0,77042.0,2052.94719,-0.003601926647249829
2026-04-28T02:00:00+00:00,77043.0,77200.0,76627.0,76773.0,2482.278,-0.0034977118518373235
2026-04-28T04:00:00+00:00,76765.0,77109.0,76641.0,76828.0,3840.89298,0.0007161412015625094
2026-04-28T06:00:00+00:00,76828.0,76992.0,76352.0,76834.0,2886.81199,7.809347793269892e-05
2026-04-28T08:00:00+00:00,76834.0,76957.0,76440.0,76550.0,1465.73756,-0.0037031284168455286
2026-04-28T10:00:00+00:00,76550.0,76650.0,76078.0,76193.0,2138.55008,-0.004674527147863837
2026-04-28T12:00:00+00:00,76193.0,76382.0,75917.0,76157.0,3969.26507,-0.0004725960048578038
2026-04-28T14:00:00+00:00,76156.0,76163.0,75649.0,76024.0,4410.91974,-0.0017479190419569827
2026-04-28T16:00:00+00:00,76024.0,76239.0,75852.0,76148.0,1448.59678,0.001629735134528263
2026-04-28T18:00:00+00:00,76148.0,76350.0,76028.0,76294.0,822.81864,0.001915483195450319
2026-04-28T20:00:00+00:00,76294.0,76451.0,76224.0,76321.0,1501.55009,0.0003538315405652854
2026-04-28T22:00:00+00:00,76321.0,76408.0,76147.0,76297.0,466.77124,-0.00031451074182378886
2026-04-29T00:00:00+00:00,76297.0,76585.0,76144.0,76525.0,1334.47502,0.0029838657937419854
2026-04-29T02:00:00+00:00,76526.0,77090.0,76341.0,76945.0,2277.5156,0.005473396084338862
2026-04-29T04:00:00+00:00,76944.0,77414.0,76842.0,77246.0,2212.64434,0.0039042535861375993
2026-04-29T06:00:00+00:00,77247.0,77288.0,76888.0,77004.0,1892.77552,-0.003137765945574103
2026-04-29T08:00:00+00:00,77006.0,77757.0,76919.0,77590.0,2758.9284,0.007581184349479262
2026-04-29T10:00:00+00:00,77591.0,77866.0,77436.0,77548.0,2416.83716,-0.0005414534288969142
2026-04-29T12:00:00+00:00,77548.0,77549.0,76387.0,76747.0,3978.16607,-0.010382801721490979
2026-04-29T14:00:00+00:00,76745.0,76828.0,75648.0,75867.0,4195.53204,-0.011532490507945293
2026-04-29T16:00:00+00:00,75868.0,76162.0,75657.0,76140.0,3697.59709,0.0035919437068265875
2026-04-29T18:00:00+00:00,76140.0,76226.0,74894.0,75528.0,6963.75373,-0.008070302524135872
2026-04-29T20:00:00+00:00,75527.0,76068.0,75459.0,75891.0,2557.55562,0.004794651865452743
2026-04-29T22:00:00+00:00,75890.0,75972.0,75626.0,75727.0,2352.19463,-0.0021633323742575312
2026-04-30T00:00:00+00:00,75727.0,76424.0,75610.0,76196.0,4263.72488,0.00617419995504102
2026-04-30T02:00:00+00:00,76196.0,76325.0,75429.0,75881.0,2677.64503,-0.0041426441932609194
2026-04-30T04:00:00+00:00,75880.0,75912.0,75286.0,75566.0,1580.97824,-0.00415987710875791
2026-04-30T06:00:00+00:00,75566.0,76161.0,75536.0,76139.0,2010.62934,0.007554170592593693
2026-04-30T08:00:00+00:00,76138.0,76321.0,75970.0,76065.0,2225.00148,-0.000972379251934396
2026-04-30T10:00:00+00:00,76065.0,76204.0,75834.0,76018.0,1883.80139,-0.0006180835661615067
2026-04-30T12:00:00+00:00,76019.0,76622.0,76000.0,76369.0,2765.43326,0.004606700318716716
2026-04-30T14:00:00+00:00,76368.0,76616.0,76030.0,76424.0,3385.95158,0.0007199283000598445
2026-04-30T16:00:00+00:00,76423.0,76443.0,76062.0,76200.0,1393.78399,-0.002935320275106688
2026-04-30T18:00:00+00:00,76201.0,76478.0,76159.0,76372.0,1371.59807,0.002254674158617524
2026-04-30T20:00:00+00:00,76371.0,76526.0,76191.0,76201.0,1200.29316,-0.002241550885147869
2026-04-30T22:00:00+00:00,76200.0,76421.0,76155.0,76300.0,1660.52504,0.001298352324341157
2026-05-01T00:00:00+00:00,76300.0,76723.0,76283.0,76642.0,1941.53132,0.004472291065101116
2026-05-01T02:00:00+00:00,76642.0,77404.0,76483.0,77076.0,2777.11496,0.005646718708143173
2026-05-01T04:00:00+00:00,77076.0,77158.0,76932.0,77126.0,954.42854,0.0006485000421824548
2026-05-01T06:00:00+00:00,77126.0,77136.0,76837.0,77095.0,1122.98589,-0.0004020204825221193
2026-05-01T08:00:00+00:00,77095.0,77465.0,77005.0,77225.0,1373.69137,0.001684811181329308
2026-05-01T10:00:00+00:00,77224.0,77619.0,77116.0,77425.0,1687.18461,0.0025864870546211706
2026-05-01T12:00:00+00:00,77425.0,78900.0,77369.0,78684.0,7681.38102,0.01613010521021617
2026-05-01T14:00:00+00:00,78684.0,78826.0,78013.0,78414.0,4701.84382,-0.0034373482265287886
2026-05-01T16:00:00+00:00,78413.0,78624.0,78068.0,78507.0,3430.24689,0.0011853099443470503
2026-05-01T18:00:00+00:00,78507.0,78586.0,78263.0,78308.0,1569.02385,-0.0025380238730046
2026-05-01T20:00:00+00:00,78307.0,78373.0,77710.0,78155.0,2383.4379,-0.0019557345668617487
2026-05-01T22:00:00+00:00,78155.0,78370.0,77982.0,78189.0,2021.42692,0.0004349383479504158
2026-05-02T00:00:00+00:00,78189.0,78385.0,78127.0,78300.0,1330.89347,0.0014186303013724974
2026-05-02T02:00:00+00:00,78300.0,78498.0,78190.0,78379.0,978.37233,0.0010084313366158677
2026-05-02T04:00:00+00:00,78380.0,78413.0,77981.0,78139.0,1197.56568,-0.00306674233120975
2026-05-02T06:00:00+00:00,78139.0,78360.0,78102.0,78184.0,1012.07333,0.0005757310343710388
2026-05-02T08:00:00+00:00,78185.0,78367.0,78119.0,78257.0,653.56564,0.0009332592517104001
2026-05-02T10:00:00+00:00,78257.0,78269.0,78061.0,78105.0,494.63778,-0.001944207005272951
2026-05-02T12:00:00+00:00,78105.0,78390.0,78077.0,78332.0,911.11305,0.0029021287716178954
2026-05-02T14:00:00+00:00,78332.0,78456.0,78265.0,78448.0,939.51469,0.0014797808542873965
2026-05-02T16:00:00+00:00,78449.0,78545.0,78333.0,78351.0,684.75227,-0.0012372529464336922
2026-05-02T18:00:00+00:00,78351.0,78485.0,78270.0,78445.0,520.735,0.0011990103224750915
2026-05-02T20:00:00+00:00,78446.0,79133.0,78385.0,78694.0,1705.90728,0.0031691713502776837
2026-05-02T22:00:00+00:00,78694.0,78839.0,78570.0,78651.0,1303.99034,-0.0005465696535699566
2026-05-03T00:00:00+00:00,78651.0,78719.0,78113.0,78204.0,1341.57305,-0.005699546843382985
2026-05-03T02:00:00+00:00,78205.0,78273.0,78071.0,78162.0,908.20227,-0.0005372011947616581
2026-05-03T04:00:00+00:00,78163.0,78218.0,78073.0,78212.0,339.12547,0.000639492520546486
2026-05-03T06:00:00+00:00,78213.0,78415.0,78032.0,78329.0,935.83358,0.0014948163329242023
2026-05-03T08:00:00+00:00,78329.0,78582.0,78318.0,78500.0,622.87414,0.0021807199914100996
2026-05-03T10:00:00+00:00,78500.0,78806.0,78343.0,78618.0,1072.82348,0.0015020560621404296
2026-05-03T12:00:00+00:00,78618.0,78847.0,78553.0,78636.0,1559.08619,0.00022892899485690697
2026-05-03T14:00:00+00:00,78635.0,78774.0,78576.0,78624.0,922.34379,-0.00015261350659150966
2026-05-03T16:00:00+00:00,78623.0,78798.0,78545.0,78698.0,632.61402,0.000940745801064338
2026-05-03T18:00:00+00:00,78698.0,78816.0,78590.0,78741.0,766.32568,0.0005462433205139894
2026-05-03T20:00:00+00:00,78740.0,79242.0,78614.0,78801.0,2582.89599,0.0007617016782946388
2026-05-03T22:00:00+00:00,78801.0,79400.0,78443.0,78533.0,4922.66187,-0.00340676852050055
2026-05-04T00:00:00+00:00,78533.0,79830.0,78244.0,79736.0,4221.37466,0.015202259047014251
2026-05-04T02:00:00+00:00,79737.0,80418.0,79502.0,80279.0,7956.6562,0.006786889782809769
2026-05-04T04:00:00+00:00,80279.0,80591.0,79903.0,79978.0,2594.73177,-0.003756470593516955
2026-05-04T06:00:00+00:00,79977.0,80000.0,79460.0,79656.0,2206.17569,-0.004034233768664736
2026-05-04T08:00:00+00:00,79656.0,79896.0,79557.0,79801.0,1818.76832,0.0018186726197843663
2026-05-04T10:00:00+00:00,79800.0,79832.0,78156.0,78751.0,6758.31468,-0.013245059667750725
2026-05-04T12:00:00+00:00,78752.0,79085.0,78537.0,78747.0,2645.74576,-5.079429581153089e-05
2026-05-04T14:00:00+00:00,78747.0,80496.0,78472.0,79984.0,9443.81447,0.01558643292920943
2026-05-04T16:00:00+00:00,79985.0,80762.0,79572.0,80330.0,5512.32007,0.004316535514506688
2026-05-04T18:00:00+00:00,80331.0,80394.0,79841.0,79998.0,2809.15682,-0.004141515824344745
2026-05-04T20:00:00+00:00,79998.0,80332.0,79832.0,80214.0,2094.12344,0.002696428867664046
2026-05-04T22:00:00+00:00,80214.0,80365.0,79697.0,79803.0,1188.85919,-0.005136965494951115
2026-05-05T00:00:00+00:00,79803.0,80345.0,79754.0,80297.0,1330.66656,0.0061711626203544805
2026-05-05T02:00:00+00:00,80298.0,81073.0,80259.0,80851.0,4738.99681,0.006875694175978814
2026-05-05T04:00:00+00:00,80850.0,81294.0,80678.0,80933.0,2100.3263,0.0010136973621842113
2026-05-05T06:00:00+00:00,80934.0,81100.0,80750.0,80819.0,1563.46353,-0.0014095654937844853
2026-05-05T08:00:00+00:00,80820.0,80870.0,80505.0,80550.0,1762.92427,-0.0033339767758391514
2026-05-05T10:00:00+00:00,80550.0,81073.0,80504.0,80983.0,2127.35427,0.005361146479081875
2026-05-05T12:00:00+00:00,80983.0,81680.0,80893.0,81304.0,4718.12702,0.003955959733400233
2026-05-05T14:00:00+00:00,81303.0,81659.0,80907.0,81486.0,2964.8662,0.0022360105145208028
2026-05-05T16:00:00+00:00,81486.0,81580.0,81008.0,81230.0,2713.46355,-0.003146589287123767
2026-05-05T18:00:00+00:00,81229.0,81652.0,81229.0,81565.0,1742.45294,0.004115611325403521
2026-05-05T20:00:00+00:00,81564.0,81767.0,81267.0,81362.0,3084.61398,-0.0024919148458683303
2026-05-05T22:00:00+00:00,81362.0,81587.0,80749.0,80862.0,5171.04693,-0.0061643355273204685
2026-05-06T00:00:00+00:00,80863.0,81485.0,80711.0,81400.0,3272.81708,0.006631274993417417
2026-05-06T02:00:00+00:00,81399.0,81718.0,81010.0,81547.0,2226.04315,0.0018042681347731236
2026-05-06T04:00:00+00:00,81547.0,81607.0,81030.0,81291.0,1414.99548,-0.0031442318243338012
2026-05-06T06:00:00+00:00,81291.0,81587.0,81171.0,81343.0,2071.36698,0.0006394727027805902
2026-05-06T08:00:00+00:00,81343.0,82047.0,81297.0,81961.0,5188.18699,0.007568742348246256
2026-05-06T10:00:00+00:00,81962.0,82799.0,81928.0,82479.0,5063.71337,0.006300191113935899
2026-05-06T12:00:00+00:00,82480.0,82497.0,81568.0,81642.0,4877.87631,-0.01019988004712052
2026-05-06T14:00:00+00:00,81635.0,81977.0,81088.0,81680.0,4423.28701,0.0004653384196336694
2026-05-06T16:00:00+00:00,81679.0,81866.0,81351.0,81408.0,2222.80273,-0.003335625578807894
2026-05-06T18:00:00+00:00,81407.0,81518.0,81144.0,81430.0,1427.9546,0.00027020720143770724
2026-05-06T20:00:00+00:00,81430.0,81654.0,81257.0,81505.0,1081.15213,0.0009206125792131251
2026-05-06T22:00:00+00:00,81505.0,81510.0,80888.0,81401.0,2069.29108,-0.0012768101129336594
2026-05-07T00:00:00+00:00,81402.0,81457.0,80797.0,81135.0,3249.72641,-0.003273123953819473
2026-05-07T02:00:00+00:00,81135.0,81141.0,80780.0,80798.0,1955.59375,-0.004162221246045383
2026-05-07T04:00:00+00:00,80797.0,81139.0,80700.0,81056.0,2254.1548,0.0031880610738101263
2026-05-07T06:00:00+00:00,81055.0,81675.0,80834.0,81480.0,2179.88377,0.005217317539340458
2026-05-07T08:00:00+00:00,81480.0,81553.0,80814.0,80890.0,1972.83328,-0.0072673843287437995
2026-05-07T10:00:00+00:00,80890.0,81000.0,80526.0,80826.0,2197.36026,-0.0007915110853753305
2026-05-07T12:00:00+00:00,80825.0,81148.0,80229.0,80474.0,2649.57575,-0.004364545056142909
2026-05-07T14:00:00+00:00,80473.0,80657.0,79720.0,79868.0,6135.30406,-0.007558878963691814
2026-05-07T16:00:00+00:00,79868.0,80135.0,79500.0,80084.0,3543.44947,0.0027008118848017206
2026-05-07T18:00:00+00:00,80084.0,80257.0,79919.0,80107.0,1788.81912,0.0002871572080585674
2026-05-07T20:00:00+00:00,80110.0,80343.0,79619.0,79692.0,3026.89622,-0.0051940366709345735
2026-05-07T22:00:00+00:00,79691.0,80058.0,79550.0,79992.0,1923.66846,0.0037574253269714243
2026-05-08T00:00:00+00:00,79991.0,80100.0,79575.0,79699.0,1970.71709,-0.0036695910075367627
2026-05-08T02:00:00+00:00,79699.0,79700.0,79176.0,79543.0,2601.08585,-0.001959282725716209
2026-05-08T04:00:00+00:00,79543.0,79752.0,79510.0,79581.0,1188.81717,0.0004776149508857911
2026-05-08T06:00:00+00:00,79580.0,79712.0,79220.0,79669.0,1820.33292,0.0011051806462430594
2026-05-08T08:00:00+00:00,79670.0,80025.0,79649.0,79840.0,2246.87933,0.002144080465784357
2026-05-08T10:00:00+00:00,79841.0,80300.0,79754.0,80189.0,3092.23977,0.004361716355132232
2026-05-08T12:00:00+00:00,80190.0,80485.0,79507.0,79613.0,3429.281,-0.007208952259790129
2026-05-08T14:00:00+00:00,79614.0,80406.0,79576.0,80093.0,4392.21128,0.0060110633954197756
2026-05-08T16:00:00+00:00,80094.0,80232.0,79693.0,80041.0,2947.39404,-0.0006494561033605474
2026-05-08T18:00:00+00:00,80042.0,80276.0,79912.0,80141.0,1327.9656,0.0012485799027514997
2026-05-08T20:00:00+00:00,80141.0,80270.0,80043.0,80231.0,1301.39916,0.0011223905600503928
2026-05-08T22:00:00+00:00,80232.0,80382.0,80066.0,80152.0,1492.5858,-0.0009851418964497796
2026-05-09T00:00:00+00:00,80153.0,80418.0,80087.0,80301.0,723.55797,0.0018572422183368786
2026-05-09T02:00:00+00:00,80300.0,80514.0,80280.0,80354.0,869.75811,0.0006597989719925338
2026-05-09T04:00:00+00:00,80354.0,80600.0,80320.0,80356.0,1362.85561,2.488955261167204e-05
2026-05-09T06:00:00+00:00,80355.0,80411.0,80107.0,80187.0,903.99951,-0.0021053557293023452
2026-05-09T08:00:00+00:00,80187.0,80416.0,80168.0,80193.0,714.78863,7.482229707949777e-05
2026-05-09T10:00:00+00:00,80192.0,80328.0,80128.0,80310.0,851.64564,0.0014579169326907329
2026-05-09T12:00:00+00:00,80310.0,80391.0,80223.0,80352.0,752.30649,0.0005228367748036839
2026-05-09T14:00:00+00:00,80352.0,80566.0,80193.0,80480.0,2307.47237,0.0015917233762546338
2026-05-09T16:00:00+00:00,80480.0,80879.0,80448.0,80757.0,1893.01115,0.003435939300710961
2026-05-09T18:00:00+00:00,80757.0,81038.0,80732.0,80895.0,1122.85217,0.0017073718051598915
2026-05-09T20:00:00+00:00,80894.0,80897.0,80689.0,80728.0,440.80335,-0.0020665382950723404
2026-05-09T22:00:00+00:00,80727.0,80801.0,80577.0,80620.0,649.30148,-0.0013387214732078817
2026-05-10T00:00:00+00:00,80619.0,80734.0,80519.0,80653.0,908.6493,0.0004092439585121251
2026-05-10T02:00:00+00:00,80653.0,80855.0,80570.0,80742.0,456.58459,0.0011028843399273577
2026-05-10T04:00:00+00:00,80742.0,80804.0,80635.0,80656.0,399.63849,-0.001065688647184322
2026-05-10T06:00:00+00:00,80657.0,80766.0,80604.0,80700.0,339.94751,0.000545377935628033
2026-05-10T08:00:00+00:00,80701.0,80889.0,80681.0,80770.0,1015.21513,0.0008670341783017468
2026-05-10T10:00:00+00:00,80770.0,80949.0,80682.0,80799.0,508.05405,0.0003589797586347838
2026-05-10T12:00:00+00:00,80799.0,80986.0,80766.0,80946.0,464.8481,0.0018176764718954295
2026-05-10T14:00:00+00:00,80946.0,81400.0,80788.0,81375.0,3267.40312,0.005285834843998297
2026-05-10T16:00:00+00:00,81376.0,81567.0,81149.0,81421.0,1995.70288,0.0005651244652722534
2026-05-10T18:00:00+00:00,81421.0,81454.0,81082.0,81381.0,1519.95328,-0.0004913944645015936
2026-05-10T20:00:00+00:00,81381.0,81415.0,80203.0,80675.0,4177.11051,-0.008713092591478459
2026-05-10T22:00:00+00:00,80674.0,82436.0,80619.0,82164.0,5172.15724,0.018288511988900566
2026-05-11T00:00:00+00:00,82165.0,82344.0,81250.0,81465.0,3280.17459,-0.008543769772007853
2026-05-11T02:00:00+00:00,81464.0,81530.0,80491.0,80720.0,2846.0642,-0.009187104109564784
2026-05-11T04:00:00+00:00,80719.0,80957.0,80621.0,80814.0,1016.16117,0.0011638417993793048
2026-05-11T06:00:00+00:00,80814.0,81032.0,80656.0,80715.0,1079.22018,-0.0012257862352401897
2026-05-11T08:00:00+00:00,80715.0,80989.0,80592.0,80936.0,869.75134,0.00273428729409657
2026-05-11T10:00:00+00:00,80935.0,81185.0,80871.0,81162.0,2161.75432,0.0027884384315226564
2026-05-11T12:00:00+00:00,81164.0,81327.0,80710.0,81034.0,3020.59295,-0.0015783376479353796
2026-05-11T14:00:00+00:00,81034.0,81414.0,80401.0,81405.0,4079.13302,0.004567876496301345
2026-05-11T16:00:00+00:00,81405.0,81999.0,81311.0,81894.0,3887.60884,0.005989031918635585
2026-05-11T18:00:00+00:00,81894.0,82087.0,81691.0,81906.0,2529.68215,0.00014652014678229915
2026-05-11T20:00:00+00:00,81907.0,82039.0,81550.0,81772.0,1932.62622,-0.0016373615261343385
2026-05-11T22:00:00+00:00,81772.0,81927.0,81577.0,81703.0,1027.79746,-0.0008441658247137853
2026-05-12T00:00:00+00:00,81704.0,81747.0,80700.0,81173.0,3114.71668,-0.006508041340163944
2026-05-12T02:00:00+00:00,81173.0,81301.0,81000.0,81025.0,1273.74437,-0.0018249305302726004
2026-05-12T04:00:00+00:00,81026.0,81295.0,80974.0,81194.0,986.69256,0.002083603784284728
2026-05-12T06:00:00+00:00,81194.0,81278.0,80795.0,80843.0,864.3426,-0.004332350623632146
2026-05-12T08:00:00+00:00,80843.0,80930.0,80676.0,80806.0,1371.24918,-0.0004577819924175706
2026-05-12T10:00:00+00:00,80806.0,80807.0,80475.0,80750.0,1232.92999,-0.0006932580930801524
2026-05-12T12:00:00+00:00,80750.0,80975.0,80363.0,80422.0,2669.29023,-0.004070191507413427
2026-05-12T14:00:00+00:00,80422.0,80847.0,80153.0,80301.0,4670.77099,-0.001505696420053652
2026-05-12T16:00:00+00:00,80301.0,80547.0,79804.0,80482.0,2936.91851,0.0022514827619840474
2026-05-12T18:00:00+00:00,80482.0,80830.0,80399.0,80802.0,1694.64751,0.003968160758676756
2026-05-12T20:00:00+00:00,80802.0,80843.0,80454.0,80543.0,1226.91601,-0.003210514394224431
2026-05-12T22:00:00+00:00,80543.0,80759.0,80389.0,80459.0,571.98297,-0.0010434653932465132
2026-05-13T00:00:00+00:00,80459.0,81158.0,80372.0,80957.0,1270.06831,0.006170411608132258
2026-05-13T02:00:00+00:00,80957.0,81268.0,80889.0,81222.0,1241.52272,0.0032679969150831443
2026-05-13T04:00:00+00:00,81222.0,81254.0,80961.0,80979.0,670.10638,-0.002996284632016311
2026-05-13T06:00:00+00:00,80980.0,81122.0,80849.0,80988.0,826.97894,0.00011113374958195279
2026-05-13T08:00:00+00:00,80987.0,81271.0,80912.0,81256.0,875.80756,0.003303669087930284
2026-05-13T10:00:00+00:00,81257.0,81264.0,80433.0,80459.0,2322.13042,-0.009856926728711206
2026-05-13T12:00:00+00:00,80459.0,80554.0,79529.0,79620.0,4764.96395,-0.010482420336317674
2026-05-13T14:00:00+00:00,79621.0,79875.0,78800.0,78801.0,5489.69153,-0.010339630433529635
2026-05-13T16:00:00+00:00,78800.0,79547.0,78735.0,79494.0,4138.34159,0.00875585997539964
2026-05-13T18:00:00+00:00,79494.0,79780.0,79357.0,79611.0,1806.06117,0.0014707271435797447
2026-05-13T20:00:00+00:00,79612.0,79731.0,79307.0,79363.0,1078.26247,-0.0031200095761420854
2026-05-13T22:00:00+00:00,79363.0,79468.0,79191.0,79283.0,983.27765,-0.0010085348105965564
2026-05-14T00:00:00+00:00,79283.0,79656.0,79282.0,79569.0,852.27795,0.003600839889004649
2026-05-14T02:00:00+00:00,79569.0,79633.0,78880.0,79000.0,1943.23913,-0.007176717292865263
2026-05-14T04:00:00+00:00,79000.0,79959.0,78931.0,79776.0,1355.23085,0.009774854874125962
2026-05-14T06:00:00+00:00,79776.0,79908.0,79652.0,79702.0,1110.71728,-0.0009280277569438969
2026-05-14T08:00:00+00:00,79701.0,79900.0,79541.0,79600.0,865.27498,-0.0012805867338661276
2026-05-14T10:00:00+00:00,79600.0,79734.0,79176.0,79208.0,2746.44563,-0.004936789030123753
2026-05-14T12:00:00+00:00,79207.0,80022.0,79200.0,79672.0,3481.72555,0.005840902809124855
2026-05-14T14:00:00+00:00,79673.0,81297.0,79520.0,81264.0,7632.85273,0.019784907429550885
2026-05-14T16:00:00+00:00,81264.0,81992.0,81026.0,81616.0,10379.95735,0.004322207121681562
2026-05-14T18:00:00+00:00,81617.0,81899.0,81272.0,81368.0,2272.08395,-0.0030432458572756675
2026-05-14T20:00:00+00:00,81369.0,81538.0,81107.0,81354.0,2227.49942,-0.00017207261506791286
2026-05-14T22:00:00+00:00,81353.0,81515.0,81015.0,81044.0,1523.67713,-0.003817785644322358
2026-05-15T00:00:00+00:00,81044.0,81623.0,81026.0,81088.0,1888.65412,0.0005427676347689904
2026-05-15T02:00:00+00:00,81088.0,81323.0,80709.0,81015.0,2318.36822,-0.0009006619857096824
2026-05-15T04:00:00+00:00,81016.0,81064.0,80279.0,80324.0,1684.26449,-0.008565867212750886
2026-05-15T06:00:00+00:00,80324.0,80973.0,80274.0,80782.0,2069.9526,0.005685712932178999
2026-05-15T08:00:00+00:00,80783.0,80793.0,80319.0,80441.0,1517.42285,-0.004230171979156475
2026-05-15T10:00:00+00:00,80442.0,80741.0,80362.0,80591.0,936.03352,0.0018629842936046734
2026-05-15T12:00:00+00:00,80590.0,80598.0,78648.0,78715.0,7524.54089,-0.02355324628024838
2026-05-15T14:00:00+00:00,78715.0,79338.0,78608.0,79118.0,5841.35211,0.005106674469723749
2026-05-15T16:00:00+00:00,79119.0,79464.0,79097.0,79430.0,1578.92527,0.003935721708724643
2026-05-15T18:00:00+00:00,79429.0,79518.0,79021.0,79100.0,1661.70699,-0.004163255871432506
2026-05-15T20:00:00+00:00,79100.0,79174.0,78824.0,78921.0,1787.34269,-0.002265522640170201
2026-05-15T22:00:00+00:00,78921.0,79108.0,78921.0,79063.0,827.88244,0.001797650879076215
2026-05-16T00:00:00+00:00,79062.0,79177.0,78955.0,79122.0,883.86157,0.0007459620411028371
2026-05-16T02:00:00+00:00,79122.0,79169.0,79009.0,79048.0,916.43697,-0.0009357021609553147
2026-05-16T04:00:00+00:00,79048.0,79076.0,78806.0,78984.0,1348.47337,-0.0008099625835132165
2026-05-16T06:00:00+00:00,78984.0,79000.0,78000.0,78331.0,4708.8851,-0.008301862510790226
2026-05-16T08:00:00+00:00,78332.0,78487.0,77852.0,78043.0,2727.61212,-0.003683480957610484
2026-05-16T10:00:00+00:00,78044.0,78132.0,77600.0,78034.0,2879.5488,-0.0001153276909470714
2026-05-16T12:00:00+00:00,78035.0,78071.0,77795.0,77972.0,1287.05656,-0.0007948412659021011
2026-05-16T14:00:00+00:00,77971.0,78297.0,77851.0,78198.0,2339.85535,0.0028942838927391865
2026-05-16T16:00:00+00:00,78198.0,78336.0,78093.0,78175.0,1462.22798,-0.0002941684327327896
2026-05-16T18:00:00+00:00,78176.0,78294.0,78112.0,78226.0,599.54361,0.0006521697662755293
2026-05-16T20:00:00+00:00,78226.0,78265.0,78166.0,78223.0,500.81445,-3.835115597249741e-05
2026-05-16T22:00:00+00:00,78222.0,78244.0,78079.0,78104.0,585.04273,-0.0015224500308377074
2026-05-17T00:00:00+00:00,78104.0,78200.0,77676.0,77697.0,2089.76157,-0.005224625333765402
2026-05-17T02:00:00+00:00,77697.0,78045.0,77690.0,77989.0,1079.10474,0.0037511445139103024
2026-05-17T04:00:00+00:00,77988.0,78264.0,77962.0,78082.0,1025.9145,0.0011917654273678616
2026-05-17T06:00:00+00:00,78083.0,78167.0,77971.0,78138.0,939.73631,0.0007169376827379221
2026-05-17T08:00:00+00:00,78138.0,78266.0,77983.0,78211.0,593.22001,0.0009338084068929273
2026-05-17T10:00:00+00:00,78211.0,78562.0,78210.0,78369.0,1825.0487,0.002018138378161765
2026-05-17T12:00:00+00:00,78370.0,78519.0,78113.0,78164.0,1076.96748,-0.0026192575009788997
2026-05-17T14:00:00+00:00,78164.0,78171.0,77796.0,78015.0,1202.57819,-0.0019080676045515705
2026-05-17T16:00:00+00:00,78015.0,78141.0,77812.0,78050.0,1099.50849,0.00044853106829548294
2026-05-17T18:00:00+00:00,78050.0,78444.0,77966.0,78381.0,1498.52875,0.004231904085380747
2026-05-17T20:00:00+00:00,78382.0,78450.0,78195.0,78368.0,1322.57691,-0.0001658702770646572
2026-05-17T22:00:00+00:00,78368.0,78378.0,76700.0,77431.0,6016.01463,-0.012028463563652357
2026-05-18T00:00:00+00:00,77430.0,77448.0,76712.0,77076.0,3240.82492,-0.004595269142449109
2026-05-18T02:00:00+00:00,77076.0,77190.0,76667.0,76897.0,2085.40626,-0.002325084016544773
2026-05-18T04:00:00+00:00,76896.0,77049.0,76744.0,76879.0,1169.88593,-0.00023410675374844372
2026-05-18T06:00:00+00:00,76878.0,77048.0,76552.0,77039.0,1464.23683,0.002079029842273648
2026-05-18T08:00:00+00:00,77039.0,77142.0,76836.0,76903.0,775.17183,-0.0017668996814634542
2026-05-18T10:00:00+00:00,76902.0,77374.0,76631.0,77253.0,1868.74405,0.004540862521081355
2026-05-18T12:00:00+00:00,77254.0,77754.0,76659.0,76903.0,4936.72179,-0.004540862521081355
2026-05-18T14:00:00+00:00,76904.0,76922.0,76037.0,76394.0,5682.78005,-0.0066407283970698954
2026-05-18T16:00:00+00:00,76393.0,76739.0,76171.0,76683.0,2492.06925,0.0037758819857046347
2026-05-18T18:00:00+00:00,76683.0,76977.0,76122.0,76882.0,3518.58596,0.002591737849014753
2026-05-18T20:00:00+00:00,76882.0,77167.0,76763.0,77082.0,2754.48346,0.0025980113857054276
2026-05-18T22:00:00+00:00,77082.0,77213.0,76921.0,76984.0,1073.32865,-0.0012721822234278896
2026-05-19T00:00:00+00:00,76984.0,77399.0,76634.0,76635.0,2605.13048,-0.004543716603228773
2026-05-19T02:00:00+00:00,76635.0,76974.0,76443.0,76756.0,1225.77585,0.0015776678566249136
2026-05-19T04:00:00+00:00,76757.0,77003.0,76620.0,76886.0,1030.10412,0.0016922460137642034
2026-05-19T06:00:00+00:00,76887.0,77264.0,76861.0,77199.0,666.94674,0.004062698257699152
2026-05-19T08:00:00+00:00,77199.0,77291.0,76669.0,76786.0,1641.81031,-0.00536417170914477
2026-05-19T10:00:00+00:00,76785.0,77085.0,76597.0,76694.0,1689.11616,-0.0011988534143721197
2026-05-19T12:00:00+00:00,76694.0,77038.0,76564.0,76846.0,2210.22781,0.001979940727568403
2026-05-19T14:00:00+00:00,76846.0,76984.0,76125.0,76489.0,3753.39029,-0.004656479539089129
2026-05-19T16:00:00+00:00,76490.0,76996.0,76386.0,76827.0,2030.98849,0.004409201226089165
2026-05-19T18:00:00+00:00,76827.0,77055.0,76715.0,76792.0,1040.82607,-0.0004556728087750874
2026-05-19T20:00:00+00:00,76792.0,77017.0,76792.0,76956.0,736.87023,0.0021333618934903146
2026-05-19T22:00:00+00:00,76957.0,76957.0,76612.0,76806.0,1289.84427,-0.001951067852698542
2026-05-20T00:00:00+00:00,76807.0,76886.0,76490.0,76784.0,1581.49811,-0.0002864769861379466
2026-05-20T02:00:00+00:00,76785.0,76880.0,76570.0,76692.0,691.76066,-0.0011988846597446863
2026-05-20T04:00:00+00:00,76693.0,77299.0,76663.0,77173.0,1781.48468,0.006252254468319233
2026-05-20T06:00:00+00:00,77173.0,77441.0,77165.0,77248.0,864.87812,0.0009713705506018903
2026-05-20T08:00:00+00:00,77249.0,77616.0,77179.0,77456.0,1303.96519,0.00268900772227224
2026-05-20T10:00:00+00:00,77456.0,77636.0,77287.0,77359.0,829.47798,-0.0012531087128909296
2026-05-20T12:00:00+00:00,77359.0,77722.0,76933.0,77185.0,2867.62157,-0.002251786850642939
2026-05-20T14:00:00+00:00,77186.0,77839.0,76851.0,77439.0,7640.82782,0.003285392028000046
2026-05-20T16:00:00+00:00,77439.0,77704.0,77013.0,77555.0,2035.26086,0.0014968324149093703
2026-05-20T18:00:00+00:00,77556.0,77706.0,77329.0,77646.0,1094.54972,0.0011726729908738509
2026-05-20T20:00:00+00:00,77646.0,77768.0,77454.0,77489.0,2494.13574,-0.002024044265951775
2026-05-20T22:00:00+00:00,77489.0,77540.0,77205.0,77533.0,1428.87773,0.0005676613794369376
2026-05-21T00:00:00+00:00,77533.0,78174.0,77500.0,77847.0,3128.89403,0.0040417097109448855
2026-05-21T02:00:00+00:00,77846.0,78095.0,77809.0,78075.0,1269.65742,0.00292454127712416
2026-05-21T04:00:00+00:00,78074.0,78158.0,77700.0,77801.0,1879.18976,-0.003515618596964479
2026-05-21T06:00:00+00:00,77800.0,77874.0,77476.0,77853.0,1714.12587,0.0006681486108226318
2026-05-21T08:00:00+00:00,77853.0,78157.0,77603.0,77604.0,2805.04604,-0.0032034609305444262
2026-05-21T10:00:00+00:00,77603.0,77649.0,77106.0,77147.0,3435.73216,-0.005906279487737872
2026-05-21T12:00:00+00:00,77148.0,77342.0,76700.0,77099.0,2698.60477,-0.0006223824481599702
2026-05-21T14:00:00+00:00,77099.0,77374.0,76746.0,77229.0,2577.45014,0.0016847238446450296
2026-05-21T16:00:00+00:00,77230.0,78053.0,76969.0,77828.0,4969.22024,0.007726229447926452
2026-05-21T18:00:00+00:00,77828.0,77885.0,77207.0,77667.0,3812.0975,-0.0020708068752551298
2026-05-21T20:00:00+00:00,77667.0,77787.0,77604.0,77641.0,1499.34512,-0.00033481855722684465
2026-05-21T22:00:00+00:00,77640.0,77724.0,77501.0,77587.0,550.8737,-0.0006957507946802641
2026-05-22T00:00:00+00:00,77587.0,77636.0,77290.0,77581.0,1084.34881,-7.733553313819528e-05
2026-05-22T02:00:00+00:00,77582.0,77779.0,77555.0,77740.0,948.33779,0.002047373575247741
2026-05-22T04:00:00+00:00,77739.0,77870.0,77418.0,77446.0,744.72132,-0.003789006118281506
2026-05-22T06:00:00+00:00,77447.0,77505.0,77247.0,77363.0,879.31194,-0.001072289181543906
2026-05-22T08:00:00+00:00,77363.0,77507.0,77161.0,77285.0,1481.75267,-0.0010087425199698425
2026-05-22T10:00:00+00:00,77285.0,77406.0,77136.0,77406.0,883.50687,0.0015644093667726124
2026-05-22T12:00:00+00:00,77406.0,77540.0,77091.0,77262.0,2027.17175,-0.0018620534513527347
2026-05-22T14:00:00+00:00,77262.0,77262.0,76517.0,76770.0,4474.42433,-0.006388304679894692
2026-05-22T16:00:00+00:00,76770.0,77084.0,76730.0,76731.0,1763.53107,-0.0005081400230509059
2026-05-22T18:00:00+00:00,76731.0,76880.0,75621.0,75823.0,7651.55769,-0.011904122114870914
2026-05-22T20:00:00+00:00,75828.0,76051.0,75782.0,75943.0,2119.01083,0.0015813821937415175
2026-05-22T22:00:00+00:00,75943.0,75945.0,75350.0,75500.0,2606.67677,-0.005850402640647899
2026-05-23T00:00:00+00:00,75500.0,75598.0,75173.0,75452.0,1651.414,-0.0006359637715008234
2026-05-23T02:00:00+00:00,75452.0,75631.0,75382.0,75602.0,990.78293,0.0019860453785360845
2026-05-23T04:00:00+00:00,75601.0,75613.0,75432.0,75447.0,797.90921,-0.002052314870074645
2026-05-23T06:00:00+00:00,75447.0,75464.0,74234.0,74568.0,4216.94729,-0.011718962233083743
2026-05-23T08:00:00+00:00,74569.0,74714.0,74290.0,74610.0,2803.36601,0.0005630857245671151
2026-05-23T10:00:00+00:00,74611.0,74831.0,74611.0,74761.0,938.64885,0.0020218121514510544
2026-05-23T12:00:00+00:00,74761.0,75223.0,74615.0,75172.0,1602.08507,0.005482462559480449
2026-05-23T14:00:00+00:00,75173.0,75664.0,75050.0,75478.0,2267.79373,0.004062401869620546
2026-05-23T16:00:00+00:00,75478.0,75582.0,75323.0,75439.0,900.76935,-0.0005168403939669347
2026-05-23T18:00:00+00:00,75439.0,75962.0,75414.0,75947.0,2671.85838,0.006711345920805347
2026-05-23T20:00:00+00:00,75947.0,77375.0,75907.0,76769.0,11956.27428,0.010765184242571928
2026-05-23T22:00:00+00:00,76769.0,76858.0,76356.0,76712.0,2417.01626,-0.0007427629820050489
2026-05-24T00:00:00+00:00,76711.0,76908.0,76600.0,76852.0,765.52581,0.0018233445180748996
2026-05-24T02:00:00+00:00,76851.0,76969.0,76659.0,76706.0,645.17176,-0.0019015621979176906
2026-05-24T04:00:00+00:00,76706.0,76834.0,76597.0,76780.0,630.77205,0.000964257401114261
2026-05-24T06:00:00+00:00,76780.0,77042.0,76668.0,76759.0,1059.54811,-0.0002735461365639617
2026-05-24T08:00:00+00:00,76760.0,77000.0,76689.0,76986.0,786.44624,0.0029529437048485332
2026-05-24T10:00:00+00:00,76987.0,77534.0,76881.0,77286.0,2102.02432,0.003889239501069628
2026-05-24T12:00:00+00:00,77287.0,77287.0,76639.0,76752.0,1785.17222,-0.006933381882297676
2026-05-24T14:00:00+00:00,76751.0,76795.0,76086.0,76318.0,3940.83398,-0.00567062341377955
2026-05-24T16:00:00+00:00,76317.0,76742.0,76317.0,76651.0,2655.29815,0.004353830201208304
2026-05-24T18:00:00+00:00,76650.0,76751.0,76548.0,76719.0,929.01604,0.000886744532252523
2026-05-24T20:00:00+00:00,76719.0,76754.0,76060.0,76096.0,1611.18124,-0.008153695011072805
2026-05-24T22:00:00+00:00,76096.0,77185.0,76089.0,77015.0,3251.7797,0.012004507008104414
2026-05-25T00:00:00+00:00,77015.0,77243.0,76867.0,76891.0,1717.94707,-0.0016113735244987276
2026-05-25T02:00:00+00:00,76891.0,77445.0,76891.0,76977.0,1928.60538,0.0011178413829418985
2026-05-25T04:00:00+00:00,76977.0,77446.0,76943.0,77361.0,1082.12821,0.0049761017036698985
2026-05-25T06:00:00+00:00,77360.0,77591.0,77123.0,77366.0,1345.24008,6.462996117989613e-05
2026-05-25T08:00:00+00:00,77365.0,77673.0,77235.0,77567.0,1197.8437,0.0025946714097878987
2026-05-25T10:00:00+00:00,77567.0,77645.0,77274.0,77306.0,1071.70811,-0.003370506764727574
2026-05-25T12:00:00+00:00,77305.0,77398.0,77239.0,77295.0,1112.18549,-0.00014230179647687613
2026-05-25T14:00:00+00:00,77294.0,77865.0,77270.0,77590.0,1849.32947,0.003809282457560562
2026-05-25T16:00:00+00:00,77589.0,77773.0,77464.0,77537.0,868.49748,-0.0006833111200784712
2026-05-25T18:00:00+00:00,77536.0,77625.0,77299.0,77404.0,879.85156,-0.0017167829388785795
2026-05-25T20:00:00+00:00,77404.0,77468.0,77175.0,77325.0,1268.92566,-0.00102114027576758
2026-05-25T22:00:00+00:00,77324.0,77400.0,76987.0,77282.0,1486.42418,-0.0005562490845657913
2026-05-26T00:00:00+00:00,77281.0,77310.0,76520.0,76711.0,2525.60504,-0.007415955490307158
2026-05-26T02:00:00+00:00,76711.0,76775.0,76414.0,76619.0,1521.39967,-0.0012000262315330673
2026-05-26T04:00:00+00:00,76620.0,76941.0,76564.0,76877.0,1098.94665,0.00336165428370025
2026-05-26T06:00:00+00:00,76878.0,77009.0,76556.0,76671.0,1254.88876,-0.0026832016515047265
2026-05-26T08:00:00+00:00,76671.0,76807.0,76601.0,76632.0,506.8049,-0.0005087963163322465
2026-05-26T10:00:00+00:00,76632.0,77595.0,76524.0,77144.0,4559.08403,0.006659061127492807
2026-05-26T12:00:00+00:00,77144.0,77439.0,76638.0,77181.0,2473.69839,0.0004795075419918796
2026-05-26T14:00:00+00:00,77181.0,78060.0,76234.0,76482.0,8310.02575,-0.009097893721235912
2026-05-26T16:00:00+00:00,76482.0,76683.0,75802.0,75901.0,5143.13295,-0.007625559483480987
2026-05-26T18:00:00+00:00,75901.0,76240.0,75754.0,76015.0,2113.31628,0.0015008296874410077
2026-05-26T20:00:00+00:00,76019.0,76141.0,75804.0,75838.0,1458.88737,-0.002331202941778882
2026-05-26T22:00:00+00:00,75838.0,75961.0,75623.0,75894.0,1962.64196,0.0007381436024392207
2026-05-27T00:00:00+00:00,75895.0,76067.0,75784.0,75838.0,795.56183,-0.0007381436024393549
2026-05-27T02:00:00+00:00,75838.0,75933.0,75590.0,75628.0,2020.13984,-0.0027729013053379575
2026-05-27T04:00:00+00:00,75629.0,75693.0,75251.0,75668.0,2690.89181,0.0005287648177345042
2026-05-27T06:00:00+00:00,75669.0,75933.0,75628.0,75927.0,710.37687,0.003417002566112689
2026-05-27T08:00:00+00:00,75927.0,76030.0,75667.0,75879.0,987.52827,-0.0006323860927716649
2026-05-27T10:00:00+00:00,75880.0,75998.0,75711.0,75724.0,743.74473,-0.0020448151290944627
2026-05-27T12:00:00+00:00,75724.0,76120.0,74832.0,75043.0,5289.91759,-0.009033868570781983
2026-05-27T14:00:00+00:00,75042.0,75480.0,74738.0,75300.0,4640.85728,0.003418852228966298
2026-05-27T16:00:00+00:00,75300.0,75390.0,74630.0,74830.0,3115.31728,-0.00626126071358077
2026-05-27T18:00:00+00:00,74830.0,75069.0,74628.0,75027.0,1819.6735,0.0026291746595911904
2026-05-27T20:00:00+00:00,75031.0,75378.0,74310.0,74443.0,4524.49099,-0.007814316876380893
2026-05-27T22:00:00+00:00,74443.0,74744.0,74202.0,74420.0,3061.61526,-0.00030900895700097276
2026-05-28T00:00:00+00:00,74420.0,74557.0,74119.0,74300.0,2215.91062,-0.0016137711947629672
2026-05-28T02:00:00+00:00,74301.0,74350.0,73035.0,73234.0,6438.33466,-0.014451157719980793
2026-05-28T04:00:00+00:00,73234.0,73235.0,72684.0,72950.0,5676.56296,-0.0038855190349380273
2026-05-28T06:00:00+00:00,72951.0,73471.0,72729.0,73461.0,2655.61854,0.006980378180603485
2026-05-28T08:00:00+00:00,73462.0,73537.0,73175.0,73514.0,1994.0455,0.0007212111215826139
2026-05-28T10:00:00+00:00,73514.0,73586.0,73293.0,73474.0,896.5242,-0.0005442621300704901
2026-05-28T12:00:00+00:00,73474.0,73541.0,72745.0,72999.0,3190.37905,-0.00648585971648328
2026-05-28T14:00:00+00:00,72999.0,73549.0,72555.0,72924.0,7713.81229,-0.0010279394832086047
2026-05-28T16:00:00+00:00,72925.0,73756.0,72724.0,73519.0,4346.89501,0.008126073272685783
2026-05-28T18:00:00+00:00,73519.0,73723.0,73356.0,73392.0,2138.49011,-0.0017289383590880893
2026-05-28T20:00:00+00:00,73392.0,73904.0,73215.0,73807.0,2627.57592,0.005638640202053221
2026-05-28T22:00:00+00:00,73807.0,73932.0,73431.0,73587.0,1038.99671,-0.0029851983578139123
2026-05-29T00:00:00+00:00,73588.0,73847.0,73418.0,73563.0,1535.58957,-0.00032619776028285796
2026-05-29T02:00:00+00:00,73563.0,73626.0,73151.0,73261.0,2157.94466,-0.004113774667615009
2026-05-29T04:00:00+00:00,73261.0,73696.0,73182.0,73678.0,678.05041,0.0056758398992256655
2026-05-29T06:00:00+00:00,73676.0,73924.0,73340.0,73494.0,1998.54207,-0.0025004769367799975
2026-05-29T08:00:00+00:00,73493.0,73866.0,73493.0,73697.0,1176.30059,0.002758322570099976
2026-05-29T10:00:00+00:00,73697.0,73700.0,73299.0,73428.0,586.4174,-0.003656758535299554
2026-05-29T12:00:00+00:00,73428.0,73428.0,72863.0,73107.0,3281.76578,-0.004381212863367586
2026-05-29T14:00:00+00:00,73110.0,74210.0,72476.0,73776.0,10539.46373,0.009109354059313592
2026-05-29T16:00:00+00:00,73777.0,74300.0,73528.0,73942.0,4147.75966,0.0022475266369348292
2026-05-29T18:00:00+00:00,73941.0,74032.0,73150.0,73487.0,4154.16684,-0.006172482274268161
2026-05-29T20:00:00+00:00,73487.0,73820.0,73365.0,73375.0,1431.40037,-0.0015252416787557748
2026-05-29T22:00:00+00:00,73375.0,73527.0,73269.0,73431.0,1078.30537,0.0007629116346220443
2026-05-30T00:00:00+00:00,73432.0,73625.0,73372.0,73618.0,634.89463,0.002543371268141653
2026-05-30T02:00:00+00:00,73618.0,73765.0,73484.0,73493.0,1165.49057,-0.0016993974629066877
2026-05-30T04:00:00+00:00,73494.0,73614.0,73163.0,73569.0,1538.61433,0.0010335777667349832
2026-05-30T06:00:00+00:00,73569.0,73678.0,73439.0,73511.0,901.96064,-0.000788686470036165
2026-05-30T08:00:00+00:00,73512.0,73581.0,73470.0,73576.0,703.72009,0.0008838307155800471
2026-05-30T10:00:00+00:00,73577.0,73652.0,73532.0,73574.0,603.00978,-2.7183146450918145e-05
2026-05-30T12:00:00+00:00,73574.0,73828.0,73563.0,73801.0,1566.98586,0.0030805791961802296
2026-05-30T14:00:00+00:00,73801.0,74065.0,73794.0,73885.0,2804.50485,0.0011375487054713252
2026-05-30T16:00:00+00:00,73886.0,73994.0,73777.0,73985.0,1129.7971,0.0013525395989003762
2026-05-30T18:00:00+00:00,73986.0,74095.0,73896.0,73980.0,719.61092,-6.758355018956313e-05
2026-05-30T20:00:00+00:00,73980.0,74018.0,73888.0,73950.0,331.87824,-0.0004055972474991435
2026-05-30T22:00:00+00:00,73950.0,73968.0,73745.0,73853.0,654.22634,-0.0013125581202822053
2026-05-31T00:00:00+00:00,73853.0,74250.0,73827.0,74017.0,2914.47612,0.0022181655135393094
2026-05-31T02:00:00+00:00,74018.0,74208.0,73839.0,74118.0,1528.6616,0.0013636212326659574
2026-05-31T04:00:00+00:00,74118.0,74195.0,74030.0,74037.0,485.48217,-0.0010934495369108457
2026-05-31T06:00:00+00:00,74037.0,74067.0,73802.0,73843.0,528.65422,-0.0026237504908358097
2026-05-31T08:00:00+00:00,73843.0,74000.0,73774.0,73806.0,481.99138,-0.0005011886402820325
2026-05-31T10:00:00+00:00,73806.0,73943.0,73708.0,73915.0,648.83702,0.0014757552383501884
2026-05-31T12:00:00+00:00,73914.0,73984.0,73780.0,73835.0,909.25317,-0.001082910427316003
2026-05-31T14:00:00+00:00,73835.0,73837.0,73424.0,73631.0,1932.90614,-0.002766741216721899
2026-05-31T16:00:00+00:00,73632.0,73710.0,73377.0,73683.0,1486.09532,0.000705975021515087
2026-05-31T18:00:00+00:00,73684.0,73702.0,73426.0,73541.0,1326.70073,-0.0019290339079750891
2026-05-31T20:00:00+00:00,73541.0,73920.0,73541.0,73874.0,1576.39602,0.004517865433070627
2026-05-31T22:00:00+00:00,73874.0,74180.0,73462.0,73658.0,3754.15512,-0.002928180385764535
2026-06-01T00:00:00+00:00,73658.0,74075.0,73250.0,73268.0,2759.44021,-0.005308807371890972
2026-06-01T02:00:00+00:00,73269.0,74000.0,73204.0,73737.0,3262.07706,0.006380756997926609
2026-06-01T04:00:00+00:00,73737.0,73810.0,73300.0,73327.0,1526.37676,-0.005575818177562445
2026-06-01T06:00:00+00:00,73327.0,73347.0,72684.0,72792.0,3117.18107,-0.007322831263944959
2026-06-01T08:00:00+00:00,72793.0,73090.0,72606.0,72864.0,1633.9532,0.000988630826939435
2026-06-01T10:00:00+00:00,72864.0,72888.0,72258.0,72456.0,2374.43087,-0.0056152088086817474
2026-06-01T12:00:00+00:00,72456.0,72606.0,71327.0,71700.0,11446.10619,-0.010488733467072672
2026-06-01T14:00:00+00:00,71699.0,71877.0,71060.0,71128.0,7614.24584,-0.008009676786736841
2026-06-01T16:00:00+00:00,71129.0,71788.0,70683.0,71648.0,5862.90853,0.007284169597506413
2026-06-01T18:00:00+00:00,71647.0,71683.0,71359.0,71586.0,3161.26803,-0.0008657162946260316
2026-06-01T20:00:00+00:00,71586.0,71691.0,70914.0,71022.0,3669.32327,-0.007909835921906678
2026-06-01T22:00:00+00:00,71023.0,71589.0,70828.0,71411.0,6099.15936,0.005462230904103599
2026-06-02T00:00:00+00:00,71411.0,71412.0,70620.0,70633.0,2988.53709,-0.010954461716080199
2026-06-02T02:00:00+00:00,70641.0,71027.0,70127.0,70943.0,6451.83848,0.004379280322003567
2026-06-02T04:00:00+00:00,70944.0,71032.0,70240.0,70253.0,2622.71572,-0.009773725781465592
2026-06-02T06:00:00+00:00,70253.0,70422.0,69709.0,70089.0,6461.41911,-0.0023371488884432402
2026-06-02T08:00:00+00:00,70096.0,70142.0,69300.0,69409.0,4343.52329,-0.009749320938165834
2026-06-02T10:00:00+00:00,69409.0,69747.0,69330.0,69452.0,2073.17209,0.0006193243801272645
2026-06-02T12:00:00+00:00,69453.0,69529.0,68734.0,68785.0,8114.45784,-0.00965016856893245
2026-06-02T14:00:00+00:00,68785.0,68812.0,67050.0,67288.0,19021.59035,-0.022003783252822776
2026-06-02T16:00:00+00:00,67288.0,68132.0,67221.0,67471.0,8027.91126,0.002715961271466515
2026-06-02T18:00:00+00:00,67472.0,67636.0,66356.0,67291.0,11065.73386,-0.002671377792610351
2026-06-02T20:00:00+00:00,67291.0,67899.0,66877.0,67532.0,8266.24998,0.0035750614759548563
2026-06-02T22:00:00+00:00,67533.0,67533.0,66169.0,66732.0,15018.94304,-0.011916961621519935
2026-06-03T00:00:00+00:00,66732.0,67155.0,66437.0,66881.0,5008.17737,0.002230322824346558
2026-06-03T02:00:00+00:00,66881.0,66904.0,65417.0,65812.0,7345.21902,-0.016112728293370203
2026-06-03T04:00:00+00:00,65811.0,67367.0,65792.0,67295.0,7357.45894,0.02228374716127528
2026-06-03T06:00:00+00:00,67295.0,67479.0,66836.0,67192.0,3989.11081,-0.0015317468623529927
2026-06-03T08:00:00+00:00,67193.0,67300.0,66615.0,67051.0,2147.98178,-0.002100668963752533
2026-06-03T10:00:00+00:00,67050.0,67442.0,67017.0,67044.0,3843.62558,-0.00010440359456148712
2026-06-03T12:00:00+00:00,67045.0,67230.0,66618.0,66887.0,4825.93067,-0.002344491893801993
2026-06-03T14:00:00+00:00,66888.0,66981.0,66053.0,66055.0,5453.66522,-0.01251690004089269
2026-06-03T16:00:00+00:00,66054.0,66365.0,65535.0,65945.0,8365.95912,-0.0016666670524693402
2026-06-03T18:00:00+00:00,65944.0,66148.0,65204.0,65465.0,4577.17251,-0.007305412598131504
2026-06-03T20:00:00+00:00,65461.0,65853.0,64688.0,65750.0,10897.19852,0.004344022378157216
2026-06-03T22:00:00+00:00,65749.0,65822.0,64061.0,64118.0,11924.20978,-0.02513453531889481
2026-06-04T00:00:00+00:00,64118.0,64413.0,62076.0,62148.0,15761.0618,-0.03120649850922431
2026-06-04T02:00:00+00:00,62148.0,64508.0,61350.0,64342.0,18984.18407,0.03469396895967356
2026-06-04T04:00:00+00:00,64341.0,64752.0,63615.0,63927.0,6211.15497,-0.006470798837536055
2026-06-04T06:00:00+00:00,63927.0,64468.0,63456.0,63566.0,4261.04984,-0.005663071145604208
2026-06-04T08:00:00+00:00,63565.0,63878.0,62680.0,63230.0,6640.47482,-0.005299864135766227
2026-06-04T10:00:00+00:00,63231.0,63250.0,62160.0,62514.0,7102.31845,-0.011388340412420178
2026-06-04T12:00:00+00:00,62515.0,64244.0,62360.0,64184.0,13675.63765,0.026363426793253205
2026-06-04T14:00:00+00:00,64185.0,64464.0,63662.0,63862.0,5541.88737,-0.005029453145894253
2026-06-04T16:00:00+00:00,63861.0,63891.0,62935.0,63518.0,7182.06833,-0.005401175008375188
2026-06-04T18:00:00+00:00,63514.0,64138.0,63108.0,63596.0,7342.12595,0.0012272449893771938
2026-06-04T20:00:00+00:00,63597.0,63848.0,63071.0,63255.0,7456.1864,-0.005376399419829827
2026-06-04T22:00:00+00:00,63255.0,63896.0,63160.0,63855.0,4522.34992,0.009440712081592457
2026-06-05T00:00:00+00:00,63854.0,63949.0,63017.0,63341.0,3419.53472,-0.008082059150548545
2026-06-05T02:00:00+00:00,63342.0,63414.0,62293.0,62707.0,5830.82943,-0.010059744647167388
2026-06-05T04:00:00+00:00,62706.0,63707.0,62222.0,62274.0,7834.35787,-0.006929080939302491
2026-06-05T06:00:00+00:00,62280.0,63094.0,61095.0,63091.0,14516.14423,0.013034125418379025
2026-06-05T08:00:00+00:00,63091.0,63258.0,62260.0,62838.0,6484.91046,-0.004018142610522346
2026-06-05T10:00:00+00:00,62838.0,62907.0,61929.0,61930.0,4507.24957,-0.014555271069094131
2026-06-05T12:00:00+00:00,61930.0,62426.0,60685.0,60700.0,9785.23389,-0.02006101688451699
2026-06-05T14:00:00+00:00,60700.0,61203.0,60006.0,60405.0,17290.17648,-0.0048718150939253925
2026-06-05T16:00:00+00:00,60406.0,61536.0,59738.0,60780.0,16961.23108,0.006188904517119749
2026-06-05T18:00:00+00:00,60779.0,60932.0,59100.0,60272.0,15166.41677,-0.00839313653896173
2026-06-05T20:00:00+00:00,60272.0,61998.0,59909.0,61666.0,16308.31613,0.022865074591281728
2026-06-05T22:00:00+00:00,61666.0,61994.0,60482.0,61033.0,16385.93992,-0.010318024039975749
2026-06-06T00:00:00+00:00,61033.0,61508.0,60931.0,61045.0,4250.89406,0.00019659561982753493
2026-06-06T02:00:00+00:00,61046.0,61170.0,60498.0,60663.0,2627.3626,-0.006277340099116517
2026-06-06T04:00:00+00:00,60665.0,61046.0,59459.0,60926.0,14246.04057,0.004326055978173042
2026-06-06T06:00:00+00:00,60923.0,61240.0,60656.0,60975.0,6215.36584,0.0008039311021086687
2026-06-06T08:00:00+00:00,60976.0,61475.0,60855.0,60953.0,2715.39626,-0.0003608687133184351
2026-06-06T10:00:00+00:00,60953.0,60953.0,60176.0,60774.0,4070.21502,-0.0029410094559504064
2026-06-06T12:00:00+00:00,60774.0,61166.0,60603.0,60771.0,3281.92811,-4.936443293609821e-05
2026-06-06T14:00:00+00:00,60771.0,60978.0,60323.0,60751.0,4019.93186,-0.00032915850925054724
2026-06-06T16:00:00+00:00,60751.0,60936.0,60458.0,60559.0,3641.68177,-0.003165446547206388
2026-06-06T18:00:00+00:00,60559.0,60766.0,60382.0,60571.0,1804.77263,0.0001981342365929731
2026-06-06T20:00:00+00:00,60570.0,60988.0,60500.0,60722.0,2102.52601,0.00248983994142924
2026-06-06T22:00:00+00:00,60723.0,60937.0,60400.0,60861.0,2505.19017,0.00228650486595782
2026-06-07T00:00:00+00:00,60860.0,61636.0,60714.0,61455.0,4887.52277,0.009712624179641955
2026-06-07T02:00:00+00:00,61455.0,61754.0,61136.0,61686.0,3376.08228,0.0037518011216923688
2026-06-07T04:00:00+00:00,61685.0,62130.0,61463.0,61721.0,3110.22121,0.0005672287785691211
2026-06-07T06:00:00+00:00,61721.0,62401.0,61599.0,62384.0,2766.70179,0.01068460267303604
2026-06-07T08:00:00+00:00,62384.0,62955.0,62238.0,62521.0,3065.28353,0.0021936680667554395
2026-06-07T10:00:00+00:00,62521.0,62763.0,62302.0,62615.0,1897.89696,0.0015023657089988929
2026-06-07T12:00:00+00:00,62615.0,62636.0,61558.0,61701.0,5124.22712,-0.014704727780563588
2026-06-07T14:00:00+00:00,61701.0,62300.0,61661.0,62072.0,2862.65979,0.0059948633562159105
2026-06-07T16:00:00+00:00,62072.0,62308.0,61938.0,62138.0,2254.41157,0.001062716467458497
2026-06-07T18:00:00+00:00,62137.0,62284.0,61145.0,61300.0,5290.88829,-0.013577875116940941
2026-06-07T20:00:00+00:00,61299.0,61986.0,61192.0,61749.0,2898.39389,0.007297938102807467
2026-06-07T22:00:00+00:00,61750.0,64228.0,61696.0,63309.0,10092.94827,0.024949718093312444
2026-06-08T00:00:00+00:00,63309.0,63862.0,62700.0,63192.0,4480.27929,-0.0018497882761675192
2026-06-08T02:00:00+00:00,63191.0,63464.0,62885.0,63100.0,2807.56787,-0.0014569413149504563
2026-06-08T04:00:00+00:00,63100.0,63158.0,62375.0,62739.0,3466.10471,-0.005737505706686464
2026-06-08T06:00:00+00:00,62739.0,63329.0,62711.0,63263.0,2406.11146,0.008317376244850521
2026-06-08T08:00:00+00:00,63261.0,63575.0,62959.0,63480.0,3906.273,0.0034242555728767688
2026-06-08T10:00:00+00:00,63479.0,63854.0,63021.0,63454.0,3616.13613,-0.0004096617196908282
2026-06-08T12:00:00+00:00,63454.0,63927.0,62676.0,63728.0,9081.00288,0.004308792500770781
2026-06-08T14:00:00+00:00,63729.0,64196.0,63541.0,63755.0,3742.13532,0.000423585896216833
2026-06-08T16:00:00+00:00,63755.0,64030.0,63262.0,63536.0,4009.90381,-0.0034409379466095666
2026-06-08T18:00:00+00:00,63536.0,63665.0,63303.0,63349.0,1482.3618,-0.0029475530659897973
2026-06-08T20:00:00+00:00,63350.0,63835.0,63143.0,63693.0,2076.14107,0.005415545106961237
2026-06-08T22:00:00+00:00,63694.0,63694.0,62951.0,63058.0,3258.05447,-0.010019728642107043
2026-06-09T00:00:00+00:00,63058.0,63151.0,62395.0,62730.0,4803.48727,-0.0052151356791081595
2026-06-09T02:00:00+00:00,62731.0,62947.0,62506.0,62847.0,2932.90534,0.0018633990914658058
2026-06-09T04:00:00+00:00,62846.0,63514.0,62723.0,63323.0,3298.45099,0.007545411085824705
2026-06-09T06:00:00+00:00,63323.0,63500.0,62977.0,63178.0,1873.47248,-0.0022924730002630346
2026-06-09T08:00:00+00:00,63177.0,63196.0,62566.0,62687.0,2474.98206,-0.007802049667118652
2026-06-09T10:00:00+00:00,62688.0,62811.0,62461.0,62682.0,2329.36971,-7.976453513471453e-05
2026-06-09T12:00:00+00:00,62681.0,62882.0,62136.0,62254.0,5220.99481,-0.0068515347748909225
2026-06-09T14:00:00+00:00,62254.0,62369.0,61003.0,61111.0,10593.58965,-0.018530907601708918
2026-06-09T16:00:00+00:00,61110.0,61870.0,60765.0,61671.0,9485.35609,0.00912192150481937
2026-06-09T18:00:00+00:00,61670.0,62084.0,61566.0,62074.0,3796.31439,0.0065134175079193
2026-06-09T20:00:00+00:00,62076.0,62250.0,61663.0,61728.0,2409.87555,-0.005589584996246229
2026-06-09T22:00:00+00:00,61729.0,61950.0,61528.0,61695.0,1725.40583,-0.0005347463728215238
2026-06-10T00:00:00+00:00,61699.0,61947.0,61413.0,61684.0,1711.22848,-0.0001783123550870789
2026-06-10T02:00:00+00:00,61685.0,61809.0,61201.0,61521.0,2545.46372,-0.002645998053667542
2026-06-10T04:00:00+00:00,61521.0,61536.0,61043.0,61316.0,2473.74609,-0.003337759637881484
2026-06-10T06:00:00+00:00,61316.0,61777.0,61111.0,61645.0,1432.37507,0.00535130301665521
2026-06-10T08:00:00+00:00,61650.0,61700.0,60733.0,61299.0,3799.01327,-0.0056285937251154055
2026-06-10T10:00:00+00:00,61300.0,61432.0,60832.0,61000.0,2533.11412,-0.0048896654220893995
2026-06-10T12:00:00+00:00,61000.0,62436.0,60930.0,62115.0,8281.47172,0.0181136414923291
2026-06-10T14:00:00+00:00,62115.0,62827.0,61786.0,62609.0,8528.47651,0.007921532074552375
2026-06-10T16:00:00+00:00,62609.0,62621.0,61625.0,61954.0,5900.954,-0.010516863549316252
2026-06-10T18:00:00+00:00,61953.0,62130.0,61594.0,61921.0,3805.35658,-0.0005327951690114603
2026-06-10T20:00:00+00:00,61919.0,61933.0,61150.0,61325.0,4599.96081,-0.009671788877311998
2026-06-10T22:00:00+00:00,61325.0,61578.0,61069.0,61481.0,3626.29351,0.0025405938457406184
2026-06-11T00:00:00+00:00,61484.0,62345.0,61484.0,62181.0,3895.37156,0.01132130285258357
2026-06-11T02:00:00+00:00,62181.0,62800.0,61900.0,62659.0,2461.67856,0.007657839409230184
2026-06-11T04:00:00+00:00,62659.0,62825.0,62516.0,62574.0,2035.93678,-0.0013574698849764702
2026-06-11T06:00:00+00:00,62575.0,62971.0,62508.0,62689.0,2404.71504,0.0018361372841021793
2026-06-11T08:00:00+00:00,62690.0,63026.0,62685.0,62895.0,1887.25252,0.0032806756396026354
2026-06-11T10:00:00+00:00,62902.0,63244.0,62772.0,63072.0,3299.10496,0.002810261679474095
2026-06-11T12:00:00+00:00,63073.0,63201.0,62475.0,63042.0,4987.83575,-0.00047576003561645205
2026-06-11T14:00:00+00:00,63043.0,63056.0,62510.0,62717.0,3369.39936,-0.005168627669162825
2026-06-11T16:00:00+00:00,62717.0,63638.0,62314.0,63631.0,8358.54225,0.014468229712977735
2026-06-11T18:00:00+00:00,63631.0,63919.0,63306.0,63581.0,6587.13424,-0.0007860894031182313
2026-06-11T20:00:00+00:00,63580.0,63641.0,63240.0,63493.0,3246.62637,-0.001385019973675008
2026-06-11T22:00:00+00:00,63493.0,63685.0,63334.0,63621.0,1759.27002,0.0020139409233216497
2026-06-12T00:00:00+00:00,63621.0,63775.0,63277.0,63399.0,1463.46628,-0.0034955160769116803
2026-06-12T02:00:00+00:00,63400.0,63760.0,63322.0,63496.0,1068.72757,0.001528823340449705
2026-06-12T04:00:00+00:00,63496.0,63846.0,63265.0,63328.0,2085.83592,-0.00264934236841919
2026-06-12T06:00:00+00:00,63329.0,63394.0,62801.0,63062.0,3301.54434,-0.004209199979979368
2026-06-12T08:00:00+00:00,63064.0,63928.0,63064.0,63723.0,3839.0619,0.010427195472681852
2026-06-12T10:00:00+00:00,63723.0,63865.0,63552.0,63724.0,2294.79623,1.5692797790809335e-05
2026-06-12T12:00:00+00:00,63723.0,63740.0,63016.0,63215.0,2813.25985,-0.00801964294678741
2026-06-12T14:00:00+00:00,63205.0,64383.0,63176.0,63575.0,12039.10465,0.005678696544322425
2026-06-12T16:00:00+00:00,63570.0,64093.0,63490.0,63841.0,4152.36272,0.004175305871089271
2026-06-12T18:00:00+00:00,63841.0,63909.0,63567.0,63567.0,1148.67301,-0.004301149416268079
2026-06-12T20:00:00+00:00,63567.0,63673.0,63375.0,63460.0,1878.48913,-0.0016846816079550803
2026-06-12T22:00:00+00:00,63461.0,63670.0,63409.0,63561.0,1669.16738,0.0015902885552137238
2026-06-13T00:00:00+00:00,63560.0,63854.0,63484.0,63813.0,949.91531,0.003956856639359863
2026-06-13T02:00:00+00:00,63813.0,63815.0,63420.0,63510.0,1210.81046,-0.00475955753473963
2026-06-13T04:00:00+00:00,63509.0,63634.0,63453.0,63563.0,1141.31632,0.000834166236309175
2026-06-13T06:00:00+00:00,63564.0,63861.0,63526.0,63829.0,964.40702,0.0041760924796058465
2026-06-13T08:00:00+00:00,63829.0,63910.0,63712.0,63713.0,1029.18848,-0.0018190091418514135
2026-06-13T10:00:00+00:00,63713.0,63965.0,63705.0,63945.0,1977.16624,0.003634715496336144
2026-06-13T12:00:00+00:00,63944.0,64219.0,63883.0,64084.0,1895.58036,0.0021713838991844377
2026-06-13T14:00:00+00:00,64084.0,64332.0,64063.0,64288.0,977.28241,0.0031782658480559436
2026-06-13T16:00:00+00:00,64289.0,64298.0,63899.0,63957.0,2146.42068,-0.005162006082009182
2026-06-13T18:00:00+00:00,63958.0,64315.0,63953.0,64271.0,1472.55531,0.0048975360705888985
2026-06-13T20:00:00+00:00,64272.0,64750.0,64201.0,64450.0,1853.21399,0.002781210764092707
2026-06-13T22:00:00+00:00,64449.0,64574.0,64350.0,64427.0,1258.32362,-0.00035692947918061134
2026-06-14T00:00:00+00:00,64427.0,64697.0,64351.0,64555.0,1990.234,0.0019847737206661444
2026-06-14T02:00:00+00:00,64555.0,64617.0,64445.0,64525.0,970.82629,-0.0004648280220043536
2026-06-14T04:00:00+00:00,64526.0,64540.0,64275.0,64320.0,915.84202,-0.0031821207339666666
2026-06-14T06:00:00+00:00,64321.0,64461.0,64207.0,64408.0,4343.79963,0.0013672241269686272
2026-06-14T08:00:00+00:00,64409.0,64600.0,64283.0,64600.0,1312.3749,0.002976561790876515
2026-06-14T10:00:00+00:00,64600.0,64655.0,64431.0,64518.0,1308.84894,-0.0012701561521118998
2026-06-14T12:00:00+00:00,64518.0,64540.0,64221.0,64281.0,1453.69264,-0.0036801569497458193
2026-06-14T14:00:00+00:00,64282.0,64317.0,63838.0,63996.0,1935.98632,-0.004443516280232996
2026-06-14T16:00:00+00:00,63997.0,64184.0,63648.0,63702.0,1900.53992,-0.004604622146974421
2026-06-14T18:00:00+00:00,63702.0,63836.0,63648.0,63786.0,946.23555,0.0013177712750321766
2026-06-14T20:00:00+00:00,63787.0,65650.0,63776.0,65303.0,8504.09457,0.02350424649961421
2026-06-14T22:00:00+00:00,65305.0,65780.0,64923.0,65720.0,6852.75537,0.006365316134929971
2026-06-15T00:00:00+00:00,65719.0,65872.0,65325.0,65487.0,3358.53136,-0.003551643508732271
2026-06-15T02:00:00+00:00,65487.0,65980.0,65407.0,65898.0,1628.73783,0.006256442373928744
2026-06-15T04:00:00+00:00,65897.0,65898.0,65583.0,65834.0,2914.04441,-0.0009716698301919554
2026-06-15T06:00:00+00:00,65834.0,66020.0,65620.0,65648.0,1798.4894,-0.0028292865042416427
2026-06-15T08:00:00+00:00,65647.0,65776.0,65487.0,65570.0,1618.11023,-0.0011888614243021893
2026-06-15T10:00:00+00:00,65570.0,66353.0,65554.0,66221.0,3782.55138,0.009879358907442305
2026-06-15T12:00:00+00:00,66220.0,66940.0,66086.0,66412.0,5374.46081,0.0028801298625695457
2026-06-15T14:00:00+00:00,66413.0,67261.0,66270.0,67261.0,3136.39884,0.012702810833729634
2026-06-15T16:00:00+00:00,67250.0,67283.0,66644.0,66825.0,2811.17649,-0.006503311854286789
2026-06-15T18:00:00+00:00,66825.0,66904.0,66323.0,66561.0,2005.89644,-0.003958441586427755
2026-06-15T20:00:00+00:00,66562.0,66649.0,66285.0,66338.0,1584.60013,-0.0033559350979472146
2026-06-15T22:00:00+00:00,66339.0,66442.0,66057.0,66294.0,1769.36876,-0.0006634899815148008
2026-06-16T00:00:00+00:00,66293.0,66441.0,66206.0,66314.0,1320.1177,0.00030164092892809606
2026-06-16T02:00:00+00:00,66315.0,66330.0,65603.0,66128.0,3623.29868,-0.00280877851864441
2026-06-16T04:00:00+00:00,66127.0,66245.0,65771.0,66032.0,1267.64554,-0.0014527847591505624
2026-06-16T06:00:00+00:00,66033.0,66552.0,66032.0,66343.0,2157.28383,0.004698781071985516
2026-06-16T08:00:00+00:00,66343.0,66964.0,66314.0,66482.0,3095.64238,0.002092980248320083
2026-06-16T10:00:00+00:00,66482.0,66745.0,66336.0,66456.0,1403.15485,-0.0003911597937612495
2026-06-16T12:00:00+00:00,66456.0,66792.0,65907.0,66019.0,3459.90368,-0.006597495151613467
2026-06-16T14:00:00+00:00,66020.0,66240.0,65320.0,65851.0,4808.45008,-0.0025479652823199614
2026-06-16T16:00:00+00:00,65851.0,65995.0,65677.0,65958.0,1649.80455,0.001623561721944775
2026-06-16T18:00:00+00:00,65958.0,66216.0,65545.0,65642.0,2674.34665,-0.00480244084098731
2026-06-16T20:00:00+00:00,65642.0,65919.0,65567.0,65749.0,1929.30874,0.0016287268329442995
2026-06-16T22:00:00+00:00,65749.0,65863.0,65587.0,65639.0,884.27679,-0.001674430323937344
2026-06-17T00:00:00+00:00,65640.0,65931.0,65450.0,65913.0,1422.52009,0.004165659149541382
2026-06-17T02:00:00+00:00,65914.0,66121.0,65686.0,65822.0,884.74644,-0.0013815616878491747
2026-06-17T04:00:00+00:00,65823.0,66020.0,65731.0,65813.0,1304.98584,-0.0001367417482284668
2026-06-17T06:00:00+00:00,65813.0,65889.0,65215.0,65511.0,2399.23603,-0.00459931973392501
2026-06-17T08:00:00+00:00,65512.0,65550.0,64813.0,64886.0,3477.00925,-0.009586183519346763
2026-06-17T10:00:00+00:00,64887.0,64986.0,64518.0,64796.0,3055.00459,-0.0013880108951019301
2026-06-17T12:00:00+00:00,64797.0,65354.0,64572.0,65271.0,2604.44721,0.00730396044628371
2026-06-17T14:00:00+00:00,65271.0,65848.0,64754.0,65731.0,3381.90486,0.007022822408814635
2026-06-17T16:00:00+00:00,65730.0,66429.0,65702.0,66050.0,5420.03445,0.004841375055344456
2026-06-17T18:00:00+00:00,66051.0,66066.0,64000.0,64287.0,14395.12722,-0.02705459745927951
2026-06-17T20:00:00+00:00,64286.0,64456.0,64106.0,64227.0,3245.93288,-0.0009337504763597184
2026-06-17T22:00:00+00:00,64228.0,64493.0,63878.0,64470.0,3233.21164,0.0037763162898337113
2026-06-18T00:00:00+00:00,64470.0,64771.0,64421.0,64513.0,1979.19522,0.0006667545582443234
2026-06-18T02:00:00+00:00,64514.0,64714.0,64222.0,64247.0,1805.12884,-0.0041317238025815415
2026-06-18T04:00:00+00:00,64247.0,64296.0,63655.0,63961.0,5220.37661,-0.004461507462927525
2026-06-18T06:00:00+00:00,63961.0,64478.0,63812.0,64476.0,1823.61084,0.008019538919420775
2026-06-18T08:00:00+00:00,64476.0,64617.0,64148.0,64162.0,2024.29994,-0.0048819263924391385
2026-06-18T10:00:00+00:00,64163.0,64190.0,63846.0,63952.0,3646.35214,-0.003278333173277894
2026-06-18T12:00:00+00:00,63952.0,64420.0,63760.0,63945.0,3838.38306,-0.00010946308368437035
2026-06-18T14:00:00+00:00,63944.0,64176.0,62254.0,62339.0,10766.99126,-0.025436105739878305
2026-06-18T16:00:00+00:00,62338.0,62784.0,62235.0,62580.0,6056.20487,0.003858505095331146
2026-06-18T18:00:00+00:00,62579.0,62980.0,62560.0,62917.0,3821.95637,0.005370659219498873
2026-06-18T20:00:00+00:00,62917.0,63253.0,62841.0,62945.0,2917.59981,0.0004449317579874791
2026-06-18T22:00:00+00:00,62945.0,62969.0,62709.0,62935.0,2755.50923,-0.0001588814747543498
2026-06-19T00:00:00+00:00,62936.0,63077.0,62809.0,62999.0,1666.4408,0.0010164055062136877
2026-06-19T02:00:00+00:00,62998.0,63088.0,62350.0,62753.0,3801.52586,-0.003912467615651143
2026-06-19T04:00:00+00:00,62752.0,62900.0,62386.0,62708.0,1682.05547,-0.0007173544277463092
2026-06-19T06:00:00+00:00,62707.0,62894.0,62468.0,62599.0,1181.98838,-0.0017397276687191106
2026-06-19T08:00:00+00:00,62598.0,62759.0,62292.0,62360.0,2430.07942,-0.0038252593479897565
2026-06-19T10:00:00+00:00,62359.0,62663.0,62355.0,62604.0,1388.19329,0.003905129638680114
2026-06-19T12:00:00+00:00,62605.0,63423.0,62312.0,63189.0,4236.62844,0.009301061543075173
2026-06-19T14:00:00+00:00,63188.0,63386.0,62980.0,63184.0,2203.23538,-7.91308270375844e-05
2026-06-19T16:00:00+00:00,63183.0,63380.0,62835.0,63180.0,1882.35086,-6.330917035449764e-05
2026-06-19T18:00:00+00:00,63180.0,63180.0,62915.0,62995.0,957.3165,-0.0029324372113460925
2026-06-19T20:00:00+00:00,62995.0,63263.0,62930.0,63044.0,1016.5731,0.0007775371507014861
2026-06-19T22:00:00+00:00,63044.0,63630.0,63030.0,63512.0,1806.35224,0.00739596910951775
2026-06-20T00:00:00+00:00,63513.0,63762.0,63376.0,63550.0,1133.83068,0.0005981332126508908
2026-06-20T02:00:00+00:00,63551.0,63551.0,63285.0,63444.0,703.2474,-0.001669370594149621
2026-06-20T04:00:00+00:00,63444.0,63878.0,63368.0,63653.0,1293.06274,0.00328882960865496
2026-06-20T06:00:00+00:00,63653.0,63776.0,63570.0,63617.0,1455.99057,-0.0005657264235112747
2026-06-20T08:00:00+00:00,63618.0,63764.0,63354.0,63704.0,1381.39942,0.001366624728686745
2026-06-20T10:00:00+00:00,63705.0,63773.0,63564.0,63658.0,858.54978,-0.0007223504970115907
2026-06-20T12:00:00+00:00,63659.0,63766.0,63248.0,63373.0,2393.76879,-0.004487101230159194
2026-06-20T14:00:00+00:00,63373.0,64361.0,63170.0,64120.0,4357.10726,0.011718424513379367
2026-06-20T16:00:00+00:00,64121.0,64136.0,63725.0,63814.0,1421.23832,-0.00478372572643067
2026-06-20T18:00:00+00:00,63815.0,63947.0,63753.0,63906.0,423.90632,0.0014406516741621476
2026-06-20T20:00:00+00:00,63907.0,64068.0,63828.0,63989.0,457.86218,0.0012979398983877846
2026-06-20T22:00:00+00:00,63989.0,64336.0,63957.0,64276.0,1078.02776,0.004475117592035313
2026-06-21T00:00:00+00:00,64276.0,64312.0,64187.0,64229.0,1662.50856,-0.00073148907973567
2026-06-21T02:00:00+00:00,64228.0,64449.0,64196.0,64399.0,1160.70156,0.002643282939666338
2026-06-21T04:00:00+00:00,64399.0,64555.0,64196.0,64221.0,2097.02654,-0.002767845026242436
2026-06-21T06:00:00+00:00,64221.0,64301.0,64117.0,64160.0,1109.6485,-0.0009502964549360722
2026-06-21T08:00:00+00:00,64160.0,64220.0,63864.0,64175.0,1378.709,0.00023376319894515755
2026-06-21T10:00:00+00:00,64176.0,64452.0,64067.0,64130.0,1985.23403,-0.0007014535964325921
2026-06-21T12:00:00+00:00,64134.0,64197.0,63910.0,64105.0,1098.79877,-0.00038990915610754575
2026-06-21T14:00:00+00:00,64106.0,64306.0,63968.0,64185.0,740.46736,0.001247174532225797
2026-06-21T16:00:00+00:00,64186.0,64219.0,64007.0,64111.0,572.70859,-0.0011535824687645797
2026-06-21T18:00:00+00:00,64111.0,64255.0,63922.0,64168.0,765.30437,0.000888687996498137
2026-06-21T20:00:00+00:00,64168.0,64232.0,63461.0,63760.0,4292.92095,-0.006378609582663831
2026-06-21T22:00:00+00:00,63760.0,63820.0,63242.0,63270.0,2779.44791,-0.0077147513231667075
2026-06-22T00:00:00+00:00,63270.0,64775.0,63270.0,64576.0,5073.6136,0.02043154157235089
2026-06-22T02:00:00+00:00,64575.0,64636.0,63884.0,63937.0,4794.22505,-0.00994460118672835
2026-06-22T04:00:00+00:00,63936.0,64313.0,63832.0,64204.0,1251.5463,0.004167290506555957
2026-06-22T06:00:00+00:00,64204.0,64363.0,63919.0,64178.0,1264.55988,-0.00040504121069089445
2026-06-22T08:00:00+00:00,64177.0,64320.0,64009.0,64108.0,691.30483,-0.0010913117089514823
2026-06-22T10:00:00+00:00,64108.0,64741.0,64042.0,64630.0,2638.30847,0.008109538143475052
2026-06-22T12:00:00+00:00,64630.0,65555.0,64558.0,65537.0,9003.95704,0.013936169374832271
2026-06-22T14:00:00+00:00,65536.0,65587.0,64722.0,64802.0,4557.44194,-0.011278401570165972
2026-06-22T16:00:00+00:00,64802.0,64826.0,64363.0,64587.0,3157.04757,-0.0033233149321688026
2026-06-22T18:00:00+00:00,64586.0,64710.0,64268.0,64482.0,3279.19093,-0.0016270370602303277
2026-06-22T20:00:00+00:00,64482.0,64653.0,64131.0,64298.0,3056.73724,-0.0028575885263100427
2026-06-22T22:00:00+00:00,64298.0,64375.0,63785.0,64012.0,4015.56353,-0.004457960777017332
2026-06-23T00:00:00+00:00,64012.0,64254.0,63820.0,64131.0,2517.29457,0.0018573005815096322
2026-06-23T02:00:00+00:00,64132.0,64236.0,63936.0,64035.0,1831.41404,-0.0014980574872183105
2026-06-23T04:00:00+00:00,64035.0,64068.0,63331.0,63371.0,2950.06775,-0.01042346532941845
2026-06-23T06:00:00+00:00,63372.0,63372.0,62532.0,62852.0,7231.68231,-0.008223587220731273
2026-06-23T08:00:00+00:00,62851.0,62910.0,61901.0,62349.0,6114.33542,-0.008035122822839549
2026-06-23T10:00:00+00:00,62349.0,62617.0,62202.0,62481.0,2766.6751,0.0021148770199431476
2026-06-23T12:00:00+00:00,62482.0,62537.0,61935.0,62449.0,5317.39831,-0.0005122868918567699
2026-06-23T14:00:00+00:00,62449.0,62818.0,62157.0,62460.0,4424.16295,0.00017612822180042398
2026-06-23T16:00:00+00:00,62461.0,62794.0,62300.0,62330.0,3019.36793,-0.0020835010341732807
2026-06-23T18:00:00+00:00,62331.0,62453.0,62080.0,62381.0,1686.54645,0.0008178910095022317
2026-06-23T20:00:00+00:00,62381.0,62638.0,62357.0,62568.0,1081.94103,0.0029932234690486915
2026-06-23T22:00:00+00:00,62568.0,62768.0,62500.0,62706.0,1995.9687,0.002203171541111441
2026-06-24T00:00:00+00:00,62706.0,63087.0,62706.0,62910.0,2241.1609,0.0032479967415166284
2026-06-24T02:00:00+00:00,62910.0,62984.0,62441.0,62703.0,2043.42567,-0.0032958401977370867
2026-06-24T04:00:00+00:00,62704.0,63065.0,62511.0,62857.0,2475.11455,0.0024530117429369357
2026-06-24T06:00:00+00:00,62857.0,62885.0,62568.0,62616.0,1400.81261,-0.003841468624601146
2026-06-24T08:00:00+00:00,62616.0,62791.0,62578.0,62657.0,1008.31911,0.000654570441578309
2026-06-24T10:00:00+00:00,62658.0,63196.0,62293.0,62884.0,3098.94003,0.003616352385152314
2026-06-24T12:00:00+00:00,62883.0,62939.0,61223.0,61308.0,8224.84512,-0.025381419192606215
2026-06-24T14:00:00+00:00,61309.0,61444.0,60227.0,60245.0,9023.86164,-0.01749075876142149
2026-06-24T16:00:00+00:00,60245.0,60639.0,59060.0,59373.0,14032.88173,-0.014580003798286518
2026-06-24T18:00:00+00:00,59373.0,59966.0,59280.0,59943.0,5438.42533,0.009554533109152026
2026-06-24T20:00:00+00:00,59942.0,61181.0,59823.0,61083.0,8419.92422,0.018839484371735445
2026-06-24T22:00:00+00:00,61082.0,61231.0,60780.0,61047.0,1446.30929,-0.000589535757678828
2026-06-25T00:00:00+00:00,61048.0,61128.0,60692.0,60895.0,2226.20597,-0.002492989761087999
2026-06-25T02:00:00+00:00,60896.0,60930.0,60661.0,60854.0,1216.17964,-0.0006735168510605758
2026-06-25T04:00:00+00:00,60855.0,61777.0,60758.0,61572.0,3988.46878,0.01172966905981476
2026-06-25T06:00:00+00:00,61573.0,61927.0,61572.0,61874.0,2542.93003,0.004892837394264291
2026-06-25T08:00:00+00:00,61875.0,61884.0,61571.0,61703.0,1827.67104,-0.0027675070464907307
2026-06-25T10:00:00+00:00,61704.0,61719.0,61028.0,61249.0,2418.0711,-0.007385029334656849
2026-06-25T12:00:00+00:00,61249.0,61700.0,58062.0,58234.0,15086.39142,-0.05047814615766477
2026-06-25T14:00:00+00:00,58242.0,60465.0,58236.0,59530.0,20848.79912,0.022011010562018735
2026-06-25T16:00:00+00:00,59530.0,60030.0,59102.0,59649.0,6971.21346,0.001996996778755108
2026-06-25T18:00:00+00:00,59649.0,59759.0,59136.0,59283.0,3747.92148,-0.006154796949278531
2026-06-25T20:00:00+00:00,59284.0,60210.0,59284.0,60180.0,3439.63586,0.015017484207123954
2026-06-25T22:00:00+00:00,60180.0,60180.0,59691.0,59759.0,2402.44197,-0.0070202641184165535
2026-06-26T00:00:00+00:00,59760.0,59871.0,59192.0,59405.0,1925.74563,-0.005941409173231979
2026-06-26T02:00:00+00:00,59405.0,60091.0,58308.0,60025.0,7661.89533,0.010382744197066201
2026-06-26T04:00:00+00:00,60024.0,60212.0,59697.0,59920.0,4682.06355,-0.0017508028983529158
2026-06-26T06:00:00+00:00,59920.0,60726.0,59670.0,60500.0,4753.46882,0.009633025827831746
2026-06-26T08:00:00+00:00,60500.0,60542.0,59554.0,59705.0,3419.78016,-0.013227596051447785
2026-06-26T10:00:00+00:00,59704.0,59831.0,59207.0,59387.0,2233.35734,-0.005340421787902128
2026-06-26T12:00:00+00:00,59388.0,60188.0,58482.0,60143.0,11753.90767,0.012649712723713381
2026-06-26T14:00:00+00:00,60142.0,60477.0,59354.0,60300.0,6680.77922,0.0026070438119805256
2026-06-26T16:00:00+00:00,60300.0,60543.0,59920.0,59992.0,2268.66768,-0.005120883734051547
2026-06-26T18:00:00+00:00,59991.0,60127.0,59522.0,59736.0,2331.37926,-0.004276366265687676
2026-06-26T20:00:00+00:00,59752.0,60027.0,59560.0,59882.0,1778.33551,0.00244110539385549
2026-06-26T22:00:00+00:00,59883.0,60097.0,59718.0,60074.0,1784.78306,0.003201176497390213
2026-06-27T00:00:00+00:00,60074.0,60159.0,59837.0,59915.0,975.16987,-0.0026502444901663285
2026-06-27T02:00:00+00:00,59916.0,60391.0,59887.0,60280.0,1765.52621,0.006073482623814678
2026-06-27T04:00:00+00:00,60281.0,60457.0,60103.0,60213.0,980.24162,-0.001112097912829023
2026-06-27T06:00:00+00:00,60214.0,60546.0,60082.0,60518.0,1394.5742,0.005052565601992042
2026-06-27T08:00:00+00:00,60519.0,60519.0,60249.0,60393.0,1192.37211,-0.0020676372626566458
2026-06-27T10:00:00+00:00,60393.0,60459.0,60166.0,60338.0,963.64809,-0.0009111165119940804
2026-06-27T12:00:00+00:00,60338.0,60628.0,60224.0,60553.0,1414.47318,0.0035569269288327765
2026-06-27T14:00:00+00:00,60554.0,60935.0,60473.0,60813.0,1950.19176,0.004284567304617203
2026-06-27T16:00:00+00:00,60814.0,60820.0,60402.0,60498.0,1441.95184,-0.005193275267123622
2026-06-27T18:00:00+00:00,60498.0,60580.0,60058.0,60145.0,1554.66796,-0.005851993193097389
2026-06-27T20:00:00+00:00,60145.0,60455.0,60110.0,60174.0,1106.92057,0.0004820518880903932
2026-06-27T22:00:00+00:00,60174.0,60291.0,59825.0,59996.0,1890.25802,-0.0029624720010132297
2026-06-28T00:00:00+00:00,59996.0,60245.0,59938.0,60191.0,1208.66862,0.0032449461440455353
2026-06-28T02:00:00+00:00,60190.0,60311.0,60014.0,60172.0,616.33448,-0.0003157116415811958
2026-06-28T04:00:00+00:00,60172.0,60208.0,59732.0,59962.0,1184.39674,-0.0034960995870847436
2026-06-28T06:00:00+00:00,59963.0,60233.0,59785.0,60190.0,853.51578,0.0037951973111869045
2026-06-28T08:00:00+00:00,60191.0,60500.0,60110.0,60224.0,2413.55214,0.0005647184032350944
2026-06-28T10:00:00+00:00,60225.0,60343.0,60032.0,60310.0,1011.69927,0.0014269834999809676
2026-06-28T12:00:00+00:00,60311.0,60418.0,59946.0,60043.0,1033.83581,-0.004436955257053588
2026-06-28T14:00:00+00:00,60044.0,60212.0,59790.0,59854.0,1146.26915,-0.003152708684091088
2026-06-28T16:00:00+00:00,59855.0,59912.0,59370.0,59559.0,3148.0667,-0.004940845638699272
2026-06-28T18:00:00+00:00,59559.0,59680.0,59230.0,59450.0,1991.69197,-0.0018317947462606896
2026-06-28T20:00:00+00:00,59451.0,59758.0,59297.0,59418.0,2176.87203,-0.0005384123695701352
2026-06-28T22:00:00+00:00,59418.0,59884.0,58875.0,59549.0,5274.20931,0.002202292281839911
2026-06-29T00:00:00+00:00,59549.0,59683.0,58976.0,59411.0,3464.64942,-0.0023201086399360143
2026-06-29T02:00:00+00:00,59411.0,60188.0,58871.0,60015.0,2895.097,0.010115136568183405
2026-06-29T04:00:00+00:00,60016.0,60076.0,59353.0,60075.0,1912.85014,0.000999250645224506
2026-06-29T06:00:00+00:00,60075.0,60313.0,59894.0,59996.0,1738.23375,-0.0013158882894196155
2026-06-29T08:00:00+00:00,59997.0,60085.0,59708.0,60024.0,1508.86081,0.0004665889103145812
2026-06-29T10:00:00+00:00,60025.0,60285.0,59761.0,59941.0,2534.72237,-0.0013837371440593143
2026-06-29T12:00:00+00:00,59935.0,60767.0,59297.0,59556.0,9227.68689,-0.00644369870606421
2026-06-29T14:00:00+00:00,59556.0,59931.0,58990.0,59792.0,6995.0249,0.00395482634982398
2026-06-29T16:00:00+00:00,59792.0,60648.0,59552.0,60386.0,4545.33833,0.009885417251162472
2026-06-29T18:00:00+00:00,60386.0,60537.0,60129.0,60404.0,2296.7394,0.0002980379192523319
2026-06-29T20:00:00+00:00,60405.0,60570.0,60227.0,60453.0,2044.49453,0.0008108757074040652
2026-06-29T22:00:00+00:00,60453.0,60493.0,60175.0,60227.0,1106.62088,-0.0037454468710797022
2026-06-30T00:00:00+00:00,60228.0,60248.0,59671.0,59915.0,2390.49522,-0.005193865615387259
2026-06-30T02:00:00+00:00,59915.0,60003.0,59565.0,59589.0,2586.10545,-0.005455897855551562
2026-06-30T04:00:00+00:00,59589.0,59668.0,59334.0,59626.0,2810.30946,0.0006207272774066701
2026-06-30T06:00:00+00:00,59627.0,59690.0,59422.0,59508.0,2016.40772,-0.001980963261337951
2026-06-30T08:00:00+00:00,59508.0,59528.0,59170.0,59351.0,1805.52234,-0.0026417871816032104
2026-06-30T10:00:00+00:00,59351.0,59400.0,59100.0,59158.0,2089.51039,-0.0032571394683504605
2026-06-30T12:00:00+00:00,59159.0,59159.0,58194.0,58711.0,8011.50588,-0.007584727840560951
2026-06-30T14:00:00+00:00,58712.0,59293.0,58160.0,58356.0,11671.92915,-0.006064921594833526
2026-06-30T16:00:00+00:00,58356.0,58600.0,58236.0,58400.0,2831.14066,0.0007537086245324057
2026-06-30T18:00:00+00:00,58400.0,58815.0,58335.0,58796.0,2460.19774,0.006757935545559904
2026-06-30T20:00:00+00:00,58797.0,58857.0,58474.0,58610.0,1703.49493,-0.0031684948914033734
2026-06-30T22:00:00+00:00,58611.0,58765.0,58479.0,58603.0,835.70871,-0.00011944067651748973
2026-07-01T00:00:00+00:00,58604.0,58975.0,57768.0,58739.0,7350.55096,0.002318011639413146
2026-07-01T02:00:00+00:00,58739.0,59293.0,58627.0,59171.0,3574.33942,0.007327655550870442
2026-07-01T04:00:00+00:00,59172.0,59433.0,59039.0,59119.0,3015.36289,-0.0008791952548753294
2026-07-01T06:00:00+00:00,59119.0,59128.0,58507.0,58745.0,3310.17092,-0.006346318727692744
2026-07-01T08:00:00+00:00,58744.0,59070.0,58468.0,58923.0,2927.43835,0.0030254637756377267
2026-07-01T10:00:00+00:00,58922.0,58925.0,58524.0,58591.0,1765.15556,-0.005650405625125792
2026-07-01T12:00:00+00:00,58591.0,59500.0,58306.0,59468.0,6790.40967,0.01485725158105647
2026-07-01T14:00:00+00:00,59467.0,60569.0,59255.0,60123.0,11928.88928,0.010954111088296541
2026-07-01T16:00:00+00:00,60122.0,60239.0,59764.0,60174.0,3347.73934,0.0008479014947251872
2026-07-01T18:00:00+00:00,60174.0,60340.0,59975.0,59996.0,3123.27535,-0.0029624720010132297
2026-07-01T20:00:00+00:00,59996.0,60825.0,59853.0,60801.0,4742.30104,0.013328342872172926
2026-07-01T22:00:00+00:00,60801.0,61357.0,59965.0,60010.0,4631.08375,-0.013095021203864446
2026-07-02T00:00:00+00:00,60010.0,60308.0,59561.0,60169.0,4027.50321,0.0026460545148694384
2026-07-02T02:00:00+00:00,60169.0,61152.0,60010.0,61067.0,3741.75523,0.014814352556015467
2026-07-02T04:00:00+00:00,61068.0,61068.0,60476.0,60497.0,2433.8653,-0.009377845041834997
2026-07-02T06:00:00+00:00,60497.0,60661.0,60102.0,60150.0,2577.93549,-0.005752334609783509
2026-07-02T08:00:00+00:00,60150.0,61465.0,60135.0,61188.0,4270.9847,0.01710964944033109
2026-07-02T10:00:00+00:00,61188.0,61391.0,61048.0,61365.0,2651.93007,0.0028885481884526206
2026-07-02T12:00:00+00:00,61364.0,62043.0,61166.0,61932.0,8938.40073,0.009197368905118785
2026-07-02T14:00:00+00:00,61933.0,62224.0,61381.0,61593.0,9047.68445,-0.005488781235853466
2026-07-02T16:00:00+00:00,61601.0,61947.0,61131.0,61669.0,5147.35717,0.0012331458134830586
2026-07-02T18:00:00+00:00,61669.0,61868.0,61423.0,61482.0,2312.77127,-0.003036924486584141
2026-07-02T20:00:00+00:00,61483.0,61679.0,61354.0,61612.0,1995.50736,0.002112207716575285
2026-07-02T22:00:00+00:00,61612.0,61636.0,61357.0,61587.0,2223.0515,-0.0004058474556310961
2026-07-03T00:00:00+00:00,61587.0,61762.0,61264.0,61620.0,1252.86167,0.0005356838619417376
2026-07-03T02:00:00+00:00,61621.0,61697.0,61300.0,61451.0,1898.61151,-0.0027463838958857955
2026-07-03T04:00:00+00:00,61452.0,61840.0,61353.0,61729.0,2520.82414,0.004513727423142901
2026-07-03T06:00:00+00:00,61730.0,61911.0,61629.0,61788.0,1873.63709,0.0009553341562256456
2026-07-03T08:00:00+00:00,61788.0,61951.0,61531.0,61745.0,2342.03063,-0.0006961702822188488
2026-07-03T10:00:00+00:00,61744.0,62127.0,61693.0,62046.0,2384.20814,0.004863044861107365
2026-07-03T12:00:00+00:00,62044.0,62279.0,61886.0,62125.0,2060.18301,0.0012724389858997005
2026-07-03T14:00:00+00:00,62126.0,62400.0,61708.0,61934.0,3257.75769,-0.003079182500450615
2026-07-03T16:00:00+00:00,61933.0,62301.0,61915.0,62189.0,1152.68155,0.0041088333145873485
2026-07-03T18:00:00+00:00,62191.0,62320.0,62122.0,62210.0,1093.77426,0.0003376232959988447
2026-07-03T20:00:00+00:00,62210.0,62949.0,62190.0,62737.0,5744.17784,0.00843562670728258
2026-07-03T22:00:00+00:00,62738.0,62753.0,62522.0,62576.0,2873.11275,-0.0025695672210527473
2026-07-04T00:00:00+00:00,62575.0,62939.0,62388.0,62454.0,3356.85636,-0.0019515322517719637
2026-07-04T02:00:00+00:00,62454.0,62730.0,62414.0,62621.0,983.32245,0.002670399348234059
2026-07-04T04:00:00+00:00,62620.0,62743.0,62433.0,62464.0,899.56985,-0.0025102943189932365
2026-07-04T06:00:00+00:00,62463.0,62621.0,62319.0,62570.0,1326.21258,0.0016955392196447493
2026-07-04T08:00:00+00:00,62570.0,62668.0,62401.0,62484.0,987.85003,-0.0013754060415097874
2026-07-04T10:00:00+00:00,62483.0,62541.0,62434.0,62473.0,414.97786,-0.00017606056528911992
2026-07-04T12:00:00+00:00,62472.0,62772.0,62472.0,62578.0,658.6955,0.0016793152341983207
2026-07-04T14:00:00+00:00,62578.0,63051.0,62578.0,62921.0,1570.5948,0.005466192623821256
2026-07-04T16:00:00+00:00,62921.0,63419.0,62772.0,63258.0,3238.0561,0.005341630561374682
2026-07-04T18:00:00+00:00,63258.0,63460.0,63094.0,63292.0,3398.40983,0.0005373370338692134
2026-07-04T20:00:00+00:00,63291.0,63460.0,63143.0,63305.0,3599.01768,0.0002053761154798173
2026-07-04T22:00:00+00:00,63304.0,63311.0,62923.0,63127.0,2345.48091,-0.002815744710276761
2026-07-05T00:00:00+00:00,63128.0,63128.0,62794.0,62891.0,1647.34107,-0.003745501053805672
2026-07-05T02:00:00+00:00,62891.0,62926.0,62589.0,62764.0,1531.23088,-0.002021408511312304
2026-07-05T04:00:00+00:00,62765.0,62961.0,62640.0,62738.0,1150.08112,-0.00041433603244512966
2026-07-05T06:00:00+00:00,62737.0,63063.0,62659.0,63024.0,819.10656,0.004548281564173376
2026-07-05T08:00:00+00:00,63024.0,63100.0,62434.0,62609.0,1390.81254,-0.0066065684883574805
2026-07-05T10:00:00+00:00,62615.0,62810.0,62540.0,62644.0,645.74619,0.0005588688639949607
2026-07-05T12:00:00+00:00,62645.0,62828.0,62550.0,62801.0,1465.85171,0.002503090310065892
2026-07-05T14:00:00+00:00,62802.0,62953.0,62650.0,62735.0,1358.68101,-0.0010514913025902654
2026-07-05T16:00:00+00:00,62736.0,62822.0,62600.0,62627.0,831.86614,-0.0017230105888368951
2026-07-05T18:00:00+00:00,62628.0,62879.0,62612.0,62772.0,1158.30323,0.002312619153648201
2026-07-05T20:00:00+00:00,62772.0,63233.0,62592.0,63092.0,2301.43765,0.005084864448753253
2026-07-05T22:00:00+00:00,63092.0,63997.0,63008.0,63635.0,4188.10962,0.008569654818782888
2026-07-06T00:00:00+00:00,63635.0,63919.0,63323.0,63564.0,3111.62328,-0.0011163610936205496
2026-07-06T02:00:00+00:00,63564.0,63663.0,63123.0,63292.0,1879.26942,-0.004288333493653111
2026-07-06T04:00:00+00:00,63292.0,63390.0,62939.0,63107.0,1122.29112,-0.0029272404386322223
2026-07-06T06:00:00+00:00,63107.0,63140.0,62880.0,63104.0,1372.37937,-4.7539437934294345e-05
2026-07-06T08:00:00+00:00,63104.0,63253.0,62625.0,62668.0,1820.36554,-0.0069332084489295235
2026-07-06T10:00:00+00:00,62668.0,63046.0,62500.0,62501.0,2718.68818,-0.0026683939168834128
2026-07-06T12:00:00+00:00,62501.0,62501.0,61342.0,61780.0,11763.66422,-0.011602869123921507
2026-07-06T14:00:00+00:00,61781.0,63558.0,61728.0,63538.0,8956.51269,0.02805846462010518
2026-07-06T16:00:00+00:00,63539.0,63962.0,63390.0,63586.0,6569.72811,0.0007551682181353365
2026-07-06T18:00:00+00:00,63586.0,63893.0,63556.0,63741.0,2621.14954,0.0024346772729352197
2026-07-06T20:00:00+00:00,63741.0,64698.0,63582.0,64499.0,5120.07645,0.011821722203960067
2026-07-06T22:00:00+00:00,64500.0,64515.0,64031.0,64054.0,1533.60175,-0.0069232422028316625
2026-07-07T00:00:00+00:00,64054.0,64331.0,63798.0,63844.0,1520.78747,-0.0032838697824278226
2026-07-07T02:00:00+00:00,63844.0,63910.0,63155.0,63189.0,2208.50312,-0.010312372448980797
2026-07-07T04:00:00+00:00,63190.0,63294.0,62800.0,63138.0,2421.78505,-0.000807428384601044
2026-07-07T06:00:00+00:00,63137.0,63460.0,63000.0,63088.0,2396.81726,-0.0007922298514587643
2026-07-07T08:00:00+00:00,63088.0,63354.0,63003.0,63268.0,1244.87499,0.0028490949659709095
2026-07-07T10:00:00+00:00,63269.0,63485.0,63125.0,63420.0,1896.01177,0.002399597008959007
2026-07-07T12:00:00+00:00,63421.0,63892.0,62993.0,63059.0,4722.49992,-0.005708473032123186
2026-07-07T14:00:00+00:00,63059.0,64100.0,62667.0,63942.0,6824.78218,0.013905626388796015
2026-07-07T16:00:00+00:00,63942.0,64260.0,63820.0,64194.0,2441.04615,0.003933325917650487
2026-07-07T18:00:00+00:00,64194.0,64203.0,63397.0,63825.0,3050.42934,-0.005764785256976997
2026-07-07T20:00:00+00:00,63826.0,63912.0,63310.0,63421.0,3227.08593,-0.006349926245095587
2026-07-07T22:00:00+00:00,63421.0,63718.0,63198.0,63355.0,2507.77354,-0.0010412066315803382
2026-07-08T00:00:00+00:00,63355.0,63750.0,62879.0,63015.0,3573.86765,-0.005381036961416562
2026-07-08T02:00:00+00:00,63016.0,63091.0,62510.0,62746.0,3214.72683,-0.004277962329282309
2026-07-08T04:00:00+00:00,62747.0,62900.0,62535.0,62621.0,2058.36647,-0.001994145850552307
2026-07-08T06:00:00+00:00,62622.0,62893.0,62458.0,62887.0,3063.898,0.004238779970584373
2026-07-08T08:00:00+00:00,62888.0,62933.0,61731.0,62064.0,5285.26671,-0.013173354382593433
2026-07-08T10:00:00+00:00,62063.0,62378.0,61894.0,62301.0,1712.09451,0.00381136633134024
2026-07-08T12:00:00+00:00,62300.0,62443.0,61626.0,61948.0,3415.12297,-0.005682153575023656
2026-07-08T14:00:00+00:00,61947.0,62175.0,61550.0,61705.0,2774.63552,-0.003930358548781167
2026-07-08T16:00:00+00:00,61706.0,62390.0,61680.0,62105.0,2960.75693,0.0064615360910101885
2026-07-08T18:00:00+00:00,62106.0,62349.0,62029.0,62272.0,1687.37048,0.002685385567382881
2026-07-08T20:00:00+00:00,62272.0,62295.0,61955.0,62185.0,1752.246,-0.0013980734578355489
2026-07-08T22:00:00+00:00,62186.0,62350.0,62158.0,62283.0,904.57903,0.0015747022568175072
2026-07-09T00:00:00+00:00,62283.0,62628.0,61802.0,61895.0,4261.49592,-0.006249114378748261
2026-07-09T02:00:00+00:00,61895.0,62100.0,61695.0,61963.0,2128.4013,0.0010980317271737663
2026-07-09T04:00:00+00:00,61964.0,62620.0,61952.0,62591.0,2657.45181,0.010084065091161765
2026-07-09T06:00:00+00:00,62591.0,63263.0,62478.0,63001.0,2923.68506,0.0065291014793215285
2026-07-09T08:00:00+00:00,63001.0,63087.0,62782.0,62943.0,1818.07909,-0.0009210443387573541
2026-07-09T10:00:00+00:00,62943.0,63051.0,62604.0,62770.0,1476.26455,-0.002752302613233056
2026-07-09T12:00:00+00:00,62769.0,63239.0,62456.0,63026.0,3486.53782,0.004070087338223745
2026-07-09T14:00:00+00:00,63026.0,63247.0,62659.0,62848.0,2491.89438,-0.002828226935663458
2026-07-09T16:00:00+00:00,62847.0,63158.0,62546.0,63129.0,1921.27528,0.004461139192595405
2026-07-09T18:00:00+00:00,63129.0,63500.0,63060.0,63244.0,2857.22168,0.0018200095233025725
2026-07-09T20:00:00+00:00,63244.0,63403.0,63184.0,63275.0,1010.88992,0.0004900449832890187
2026-07-09T22:00:00+00:00,63275.0,63412.0,63055.0,63225.0,929.58121,-0.0007905138751589226
2026-07-10T00:00:00+00:00,63224.0,63945.0,62922.0,63754.0,3631.80477,0.008332134612154634
2026-07-10T02:00:00+00:00,63753.0,64038.0,63691.0,63949.0,2588.46769,0.003053963517830287
2026-07-10T04:00:00+00:00,63948.0,64200.0,63845.0,64109.0,1847.9592,0.0024988690008892873
2026-07-10T06:00:00+00:00,64110.0,64155.0,63811.0,63989.0,2598.97485,-0.001873566099431623
2026-07-10T08:00:00+00:00,63988.0,64496.0,63979.0,64383.0,2397.89498,0.006138429519982962
2026-07-10T10:00:00+00:00,64383.0,64494.0,64271.0,64423.0,1146.68031,0.0006210890996666726
2026-07-10T12:00:00+00:00,64423.0,64690.0,64153.0,64477.0,2623.96674,0.0008378588542906123
2026-07-10T14:00:00+00:00,64477.0,64512.0,63810.0,64039.0,4474.6779,-0.006816298295291774
2026-07-10T16:00:00+00:00,64039.0,64220.0,63808.0,63815.0,2963.81313,-0.0035040003314660267
2026-07-10T18:00:00+00:00,63816.0,64045.0,63725.0,63920.0,1852.1133,0.0016440290233650531
2026-07-10T20:00:00+00:00,63921.0,64088.0,63647.0,64006.0,1541.38573,0.0013445275073960747
2026-07-10T22:00:00+00:00,64006.0,64200.0,63981.0,64155.0,1252.73934,0.0023252013815664224
2026-07-11T00:00:00+00:00,64156.0,64297.0,63981.0,63999.0,1193.72099,-0.0024345721093813255
2026-07-11T02:00:00+00:00,64000.0,64184.0,63965.0,64147.0,810.86653,0.0023098663369013543
2026-07-11T04:00:00+00:00,64147.0,64217.0,64065.0,64159.0,466.06575,0.00018705282738118757
2026-07-11T06:00:00+00:00,64159.0,64261.0,64109.0,64145.0,1082.72665,-0.00021823170057933802
2026-07-11T08:00:00+00:00,64146.0,64289.0,64139.0,64163.0,554.59404,0.00028057486856760994
2026-07-11T10:00:00+00:00,64163.0,64209.0,64131.0,64191.0,286.91811,0.0004362933830524477
2026-07-11T12:00:00+00:00,64191.0,64264.0,64123.0,64230.0,587.9253,0.0006073773167776886
2026-07-11T14:00:00+00:00,64231.0,64494.0,63950.0,64175.0,2159.18303,-0.0008566645124970563
2026-07-11T16:00:00+00:00,64175.0,64400.0,64085.0,64319.0,1128.68598,0.002241350728965359
2026-07-11T18:00:00+00:00,64318.0,64390.0,64241.0,64287.0,569.53953,-0.0004976439771146067
2026-07-11T20:00:00+00:00,64287.0,64482.0,64286.0,64362.0,557.52712,0.0011659633342924031
2026-07-11T22:00:00+00:00,64363.0,64440.0,63818.0,63823.0,1844.20382,-0.008409769890282087
2026-07-12T00:00:00+00:00,63823.0,64179.0,63713.0,64135.0,1032.45739,0.004876609798748906
2026-07-12T02:00:00+00:00,64135.0,64226.0,64030.0,64218.0,910.63886,0.0012933084784794242
2026-07-12T04:00:00+00:00,64218.0,64250.0,63892.0,63969.0,880.77794,-0.0038849542180869967
2026-07-12T06:00:00+00:00,63968.0,63968.0,63642.0,63883.0,954.19978,-0.0013453057123952066
2026-07-12T08:00:00+00:00,63883.0,64129.0,63769.0,63963.0,1333.59422,0.0012515058811661244
2026-07-12T10:00:00+00:00,63963.0,64043.0,63837.0,64027.0,464.54424,0.0010000782144568275
2026-07-12T12:00:00+00:00,64026.0,64141.0,63978.0,64032.0,710.101,7.808900588859548e-05
2026-07-12T14:00:00+00:00,64031.0,64297.0,63964.0,64167.0,1328.4641,0.0021061014501081955
2026-07-12T16:00:00+00:00,64168.0,64211.0,64037.0,64082.0,702.04204,-0.0013255465921128402
2026-07-12T18:00:00+00:00,64082.0,64267.0,64015.0,64240.0,803.32936,0.002462556379188008
2026-07-12T20:00:00+00:00,64240.0,64261.0,63883.0,63926.0,1355.67858,-0.0048999052515818235
2026-07-12T22:00:00+00:00,63925.0,63927.0,63675.0,63780.0,2221.19074,-0.0022865028050128616
2026-07-13T00:00:00+00:00,63780.0,64420.0,63364.0,63404.0,4920.25764,-0.005912710646265401
2026-07-13T02:00:00+00:00,63405.0,63550.0,62740.0,62811.0,3655.27542,-0.009396733564412178
2026-07-13T04:00:00+00:00,62811.0,62931.0,62499.0,62814.0,2189.88897,4.776119403890521e-05
2026-07-13T06:00:00+00:00,62814.0,63080.0,62731.0,63003.0,1083.8906,0.0030043657401279205
2026-07-13T08:00:00+00:00,63003.0,63320.0,62954.0,63098.0,2034.21931,0.001506729018369055
2026-07-13T10:00:00+00:00,63099.0,63150.0,62874.0,62910.0,1097.35119,-0.0029839397418315707
2026-07-13T12:00:00+00:00,62911.0,62991.0,62172.0,62326.0,4147.68282,-0.009326459375242936
2026-07-13T14:00:00+00:00,62327.0,63000.0,62120.0,62635.0,4544.51958,0.004945553089459914
2026-07-13T16:00:00+00:00,62635.0,62647.0,61896.0,61908.0,3355.08322,-0.011674815245642064
2026-07-13T18:00:00+00:00,61907.0,62289.0,61821.0,62287.0,2486.41436,0.006103324231995495
2026-07-13T20:00:00+00:00,62287.0,62322.0,61879.0,62054.0,2392.0935,-0.0037477625677947075
2026-07-13T22:00:00+00:00,62054.0,62346.0,61867.0,62331.0,2681.1777,0.004453920616044963
2026-07-14T00:00:00+00:00,62331.0,62641.0,62264.0,62521.0,1320.89324,0.0030436059762382205
2026-07-14T02:00:00+00:00,62521.0,62631.0,62294.0,62554.0,909.59108,0.0005276834022104137
2026-07-14T04:00:00+00:00,62555.0,62866.0,62517.0,62717.0,1793.85924,0.0026023595563229216
2026-07-14T06:00:00+00:00,62717.0,62762.0,62492.0,62536.0,996.17928,-0.0028901523475010687
2026-07-14T08:00:00+00:00,62537.0,62790.0,62490.0,62609.0,1413.53008,0.0011666468221633655
2026-07-14T10:00:00+00:00,62609.0,62910.0,62587.0,62833.0,1879.2887,0.0035713754259037002
2026-07-14T12:00:00+00:00,62833.0,64140.0,62771.0,63815.0,11492.61694,0.015507859268557899
2026-07-14T14:00:00+00:00,63815.0,64970.0,63596.0,64727.0,10151.68163,0.014190152686928257
2026-07-14T16:00:00+00:00,64727.0,64877.0,64268.0,64609.0,4608.67352,-0.0018247051515519184
2026-07-14T18:00:00+00:00,64609.0,64698.0,64464.0,64543.0,1576.45748,-0.0010220516251431152
2026-07-14T20:00:00+00:00,64543.0,64883.0,64414.0,64656.0,2679.24582,0.0017492399912305188
2026-07-14T22:00:00+00:00,64656.0,65079.0,64522.0,65000.0,4053.74877,0.005306361559519179
2026-07-15T00:00:00+00:00,65000.0,65032.0,64647.0,64672.0,2304.08208,-0.00505892867442657
2026-07-15T02:00:00+00:00,64673.0,64847.0,64483.0,64789.0,1879.34046,0.001807494640912823
2026-07-15T04:00:00+00:00,64788.0,64997.0,64611.0,64954.0,1802.6516,0.0025434911934133744
2026-07-15T06:00:00+00:00,64954.0,65271.0,64491.0,64554.0,3716.72134,-0.006177244215709649
2026-07-15T08:00:00+00:00,64554.0,64922.0,64554.0,64660.0,1032.45874,0.0016406894574600179
2026-07-15T10:00:00+00:00,64661.0,64838.0,64605.0,64729.0,739.29886,0.0010665513535277516
2026-07-15T12:00:00+00:00,64729.0,65572.0,64601.0,65106.0,4838.92836,0.00580738721531066
2026-07-15T14:00:00+00:00,65106.0,65577.0,65049.0,65407.0,4396.75595,0.00461257550847988
2026-07-15T16:00:00+00:00,65406.0,65453.0,64768.0,65049.0,2554.52761,-0.005488454324415132
2026-07-15T18:00:00+00:00,65048.0,65136.0,64721.0,64947.0,1505.65002,-0.001569279376787245
2026-07-15T20:00:00+00:00,64948.0,65036.0,64756.0,64802.0,1613.75509,-0.0022350855939327506
2026-07-15T22:00:00+00:00,64803.0,64944.0,64675.0,64738.0,1207.23649,-0.0009881118605415827
2026-07-16T00:00:00+00:00,64738.0,64836.0,64357.0,64713.0,1853.27698,-0.000386246538239253
2026-07-16T02:00:00+00:00,64713.0,64737.0,64532.0,64602.0,763.95798,-0.0017167386190545851
2026-07-16T04:00:00+00:00,64602.0,64999.0,64532.0,64912.0,2046.38388,0.004787136402456579
2026-07-16T06:00:00+00:00,64913.0,64967.0,64052.0,64222.0,2250.38681,-0.010686675341532267
2026-07-16T08:00:00+00:00,64222.0,64349.0,63865.0,64070.0,2828.74927,-0.002369595471628906
2026-07-16T10:00:00+00:00,64071.0,64250.0,64064.0,64235.0,1067.54568,0.002571997832642686
2026-07-16T12:00:00+00:00,64235.0,64451.0,63845.0,64363.0,3475.59203,0.001990700357249805
2026-07-16T14:00:00+00:00,64363.0,64885.0,64294.0,64689.0,4809.22181,0.0050522377558155675
2026-07-16T16:00:00+00:00,64688.0,64700.0,63977.0,64057.0,2440.35932,-0.009817859608083918
2026-07-16T18:00:00+00:00,64057.0,64315.0,64040.0,64263.0,1431.83985,0.003210725950234308
2026-07-16T20:00:00+00:00,64262.0,64268.0,64085.0,64153.0,1031.61058,-0.0017131825770015552
2026-07-16T22:00:00+00:00,64154.0,64240.0,63723.0,63815.0,1998.76277,-0.005282582927133179
2026-07-17T00:00:00+00:00,63815.0,64048.0,63473.0,63539.0,3422.98861,-0.004334381834850614
2026-07-17T02:00:00+00:00,63539.0,63729.0,63377.0,63572.0,1879.54833,0.0005192312347696208
2026-07-17T04:00:00+00:00,63572.0,63581.0,62812.0,62844.0,2618.58334,-0.011517656749222178
2026-07-17T06:00:00+00:00,62845.0,63030.0,62725.0,62839.0,2632.12136,-7.956525548627298e-05
2026-07-17T08:00:00+00:00,62839.0,63091.0,62684.0,63013.0,1522.90025,0.002765154480948007
2026-07-17T10:00:00+00:00,63014.0,63379.0,63013.0,63301.0,1908.7405,0.00456007250284373
2026-07-17T12:00:00+00:00,63300.0,63366.0,62550.0,63182.0,3090.68448,-0.0018816763535336033
2026-07-17T14:00:00+00:00,63181.0,63547.0,62859.0,63478.0,3447.54856,0.004673938715624137
2026-07-17T16:00:00+00:00,63478.0,64233.0,63329.0,64049.0,4692.79872,0.008955026242617216
2026-07-17T18:00:00+00:00,64050.0,64398.0,63887.0,64156.0,2436.20826,0.0016692020567674706
2026-07-17T20:00:00+00:00,64153.0,64231.0,63965.0,64106.0,1940.38943,-0.0007796541849144832
2026-07-17T22:00:00+00:00,64106.0,64158.0,63876.0,63928.0,1132.6767,-0.0027805132180553096
2026-07-18T00:00:00+00:00,63927.0,64000.0,63873.0,63948.0,587.76505,0.00031280303048379594
2026-07-18T02:00:00+00:00,63947.0,64029.0,63921.0,64009.0,357.78987,0.0009534453702578084
2026-07-18T04:00:00+00:00,64009.0,64010.0,63914.0,63942.0,684.62848,-0.0010472760060293046
2026-07-18T06:00:00+00:00,63943.0,64020.0,63930.0,63995.0,334.14745,0.0008285328408810593
2026-07-18T08:00:00+00:00,63993.0,64014.0,63924.0,63973.0,473.3096,-0.0003438359623772333
2026-07-18T10:00:00+00:00,63973.0,64088.0,63969.0,64049.0,520.03682,0.0011872960729862722
2026-07-18T12:00:00+00:00,64048.0,64250.0,63943.0,64094.0,1362.98388,0.0007023403830067058
2026-07-18T14:00:00+00:00,64095.0,64181.0,64020.0,64104.0,491.79636,0.00015600867439859772
2026-07-18T16:00:00+00:00,64105.0,64505.0,64070.0,64477.0,1705.71123,0.005801806585642487
2026-07-18T18:00:00+00:00,64477.0,64619.0,64455.0,64546.0,2252.86948,0.0010695768440969798
2026-07-18T20:00:00+00:00,64545.0,64847.0,64500.0,64729.0,2436.39633,0.002831175745306061
2026-07-18T22:00:00+00:00,64730.0,64873.0,64703.0,64827.0,878.49523,0.0015128595926304088
2026-07-19T00:00:00+00:00,64828.0,64901.0,64749.0,64757.0,1153.34405,-0.001080380398950341
2026-07-19T02:00:00+00:00,64758.0,64957.0,64616.0,64694.0,1086.38764,-0.0009733413411069502
2026-07-19T04:00:00+00:00,64695.0,64810.0,64601.0,64715.0,671.16009,0.00032455239101355696
2026-07-19T06:00:00+00:00,64716.0,64776.0,64665.0,64713.0,467.03824,-3.090521371205833e-05
2026-07-19T08:00:00+00:00,64714.0,64740.0,64488.0,64507.0,1244.50792,-0.0031883636358228367
2026-07-19T10:00:00+00:00,64508.0,64686.0,64424.0,64452.0,1062.62194,-0.0008529843335440096
2026-07-19T12:00:00+00:00,64453.0,64515.0,64275.0,64482.0,1538.06226,0.00046535437574864267
2026-07-19T14:00:00+00:00,64482.0,64641.0,64410.0,64574.0,1077.92026,0.0014257379057812446
2026-07-19T16:00:00+00:00,64575.0,64762.0,64401.0,64536.0,1193.33005,-0.0005886453581792157
2026-07-19T18:00:00+00:00,64536.0,64545.0,64285.0,64456.0,987.87713,-0.0012403871597783758
2026-07-19T20:00:00+00:00,64456.0,64559.0,64339.0,64404.0,697.34087,-0.0008070774922026835
2026-07-19T22:00:00+00:00,64404.0,64890.0,64345.0,64718.0,2890.44131,0.004863626941478297
2026-07-20T00:00:00+00:00,64719.0,65082.0,64400.0,64604.0,3859.9117,-0.001763041547903649
2026-07-20T02:00:00+00:00,64604.0,64900.0,64560.0,64841.0,3032.8159,0.003661790950936959
2026-07-20T04:00:00+00:00,64840.0,64841.0,64060.0,64099.0,2809.3694,-0.011509356146295316
2026-07-20T06:00:00+00:00,64100.0,64275.0,63730.0,64241.0,3133.58835,0.0022128729615948674
2026-07-20T08:00:00+00:00,64241.0,64334.0,63808.0,64187.0,2247.48155,-0.000840938162741731
2026-07-20T10:00:00+00:00,64187.0,65057.0,64139.0,64989.0,3101.99632,0.01241732682550242
2026-07-20T12:00:00+00:00,64989.0,64989.0,64199.0,64327.0,3110.35103,-0.010238575010428769
2026-07-20T14:00:00+00:00,64326.0,65600.0,64031.0,65565.0,6620.26413,0.019062567188552374
2026-07-20T16:00:00+00:00,65564.0,65600.0,65315.0,65558.0,2808.43645,-0.0001067699794338485
2026-07-20T18:00:00+00:00,65557.0,65778.0,65010.0,65100.0,7279.48977,-0.007010697789430216
2026-07-20T20:00:00+00:00,65100.0,65427.0,65020.0,65262.0,3077.78343,0.0024853881252445546
2026-07-20T22:00:00+00:00,65261.0,65262.0,65051.0,65226.0,1654.46457,-0.0005517748898499328
2026-07-21T00:00:00+00:00,65227.0,65635.0,65124.0,65205.0,1608.64441,-0.0003220093410532449
2026-07-21T02:00:00+00:00,65205.0,65565.0,65137.0,65539.0,2186.06592,0.005109232187604427
2026-07-21T04:00:00+00:00,65538.0,65860.0,65451.0,65720.0,2575.35605,0.002757907872597898
2026-07-21T06:00:00+00:00,65720.0,66215.0,65608.0,66170.0,3499.73924,0.006823894854900695
2026-07-21T08:00:00+00:00,66168.0,66329.0,66102.0,66259.0,2598.58736,0.0013441166723198242
2026-07-21T10:00:00+00:00,66260.0,66382.0,66110.0,66320.0,1502.59994,0.0009202061307516937
2026-07-21T12:00:00+00:00,66321.0,66778.0,66238.0,66748.0,4643.79002,0.006432823457616893
2026-07-21T14:00:00+00:00,66748.0,66918.0,66489.0,66644.0,4203.38954,-0.0015593142178339933
2026-07-21T16:00:00+00:00,66645.0,66729.0,66100.0,66189.0,3090.3221,-0.006850734072478089
2026-07-21T18:00:00+00:00,66188.0,66469.0,66065.0,66417.0,2724.85222,0.0034387618158534406
2026-07-21T20:00:00+00:00,66417.0,66469.0,66248.0,66352.0,1473.15842,-0.0009791443061721245
2026-07-21T22:00:00+00:00,66353.0,66553.0,66185.0,66527.0,1367.96835,0.0026339767935750786
2026-07-22T00:00:00+00:00,66526.0,66714.0,66261.0,66399.0,2471.81083,-0.0019258841695827854
2026-07-22T02:00:00+00:00,66400.0,66513.0,66152.0,66180.0,1142.72628,-0.0033036936345516086
2026-07-22T04:00:00+00:00,66179.0,66400.0,65917.0,65955.0,2637.65573,-0.003405611192582915
2026-07-22T06:00:00+00:00,65954.0,66000.0,65663.0,65808.0,2438.04239,-0.002231279812814879
2026-07-22T08:00:00+00:00,65808.0,66142.0,65808.0,65902.0,1561.52489,0.0014273785735283663
2026-07-22T10:00:00+00:00,65903.0,66097.0,65868.0,65990.0,848.07974,0.0013344253337336182
2026-07-22T12:00:00+00:00,65989.0,65993.0,65534.0,65939.0,2578.71993,-0.0007731431685291552
2026-07-22T14:00:00+00:00,65939.0,66190.0,65555.0,66022.0,6086.14814,0.0012579475897448403
2026-07-22T16:00:00+00:00,66022.0,66358.0,65891.0,66000.0,4063.04982,-0.0003332777901203771
2026-07-22T18:00:00+00:00,66000.0,66058.0,65666.0,65906.0,2618.19946,-0.001425257621523128
2026-07-22T20:00:00+00:00,65902.0,66107.0,65770.0,66040.0,1346.44011,0.002031134647024806
2026-07-22T22:00:00+00:00,66040.0,66125.0,65809.0,66086.0,2174.33525,0.0006963050702897205
2026-07-23T00:00:00+00:00,66086.0,66295.0,65703.0,65803.0,3358.58994,-0.004291494125094171
2026-07-23T02:00:00+00:00,65802.0,65811.0,65540.0,65626.0,2019.80742,-0.0026934711061955283
2026-07-23T04:00:00+00:00,65625.0,65768.0,65539.0,65662.0,679.07836,0.0005484126637967788
2026-07-23T06:00:00+00:00,65661.0,65794.0,65323.0,65416.0,1751.42513,-0.0037534946950479146
2026-07-23T08:00:00+00:00,65417.0,65739.0,65390.0,65611.0,1686.69488,0.002976487959986031
2026-07-23T10:00:00+00:00,65611.0,65774.0,65502.0,65523.0,1704.59996,-0.0013421387772781818
2026-07-23T12:00:00+00:00,65523.0,65566.0,64848.0,64860.0,4683.79933,-0.0101701251632119
2026-07-23T14:00:00+00:00,64860.0,65194.0,64700.0,64942.0,3961.54376,0.0012634629806676768
2026-07-23T16:00:00+00:00,64941.0,64942.0,64637.0,64656.0,2150.29283,-0.0044136555237218
2026-07-23T18:00:00+00:00,64657.0,64929.0,64656.0,64834.0,1199.43249,0.0027492487777555892
2026-07-23T20:00:00+00:00,64837.0,65181.0,64810.0,65144.0,1983.03131,0.004770047050956654
2026-07-23T22:00:00+00:00,65144.0,65187.0,64985.0,65069.0,1263.48414,-0.0011519588411880396
2026-07-24T00:00:00+00:00,65070.0,65144.0,64721.0,65054.0,2001.66052,-0.00023055109498621446
2026-07-24T02:00:00+00:00,65054.0,65440.0,64887.0,65426.0,3246.02935,0.005702038747855187
2026-07-24T04:00:00+00:00,65426.0,65426.0,65216.0,65287.0,1403.94414,-0.0021267976772703402
2026-07-24T06:00:00+00:00,65287.0,65795.0,65254.0,65483.0,3031.50259,0.0029976316703827395
2026-07-24T08:00:00+00:00,65488.0,65496.0,64923.0,65089.0,3267.8804,-0.006035002846408513
2026-07-24T10:00:00+00:00,65089.0,65141.0,64828.0,65065.0,2452.88733,-0.00036879389449452616
2026-07-24T12:00:00+00:00,65065.0,65125.0,63900.0,64138.0,6210.82286,-0.01434975823970859
2026-07-24T14:00:00+00:00,64140.0,64323.0,63730.0,64085.0,5605.8472,-0.0008266848072246629
2026-07-24T16:00:00+00:00,64087.0,64194.0,63862.0,64169.0,2572.82992,0.0013099008531645708
2026-07-24T18:00:00+00:00,64169.0,64280.0,64110.0,64199.0,1682.89492,0.0004674062156638547
2026-07-24T20:00:00+00:00,64199.0,64264.0,64099.0,64125.0,1138.9539,-0.0011533307596820997
2026-07-24T22:00:00+00:00,64125.0,64205.0,64111.0,64123.0,508.43328,-3.118957021030335e-05
2026-07-25T00:00:00+00:00,64122.0,64155.0,63983.0,64041.0,961.37537,-0.001279610673651277
2026-07-25T02:00:00+00:00,64040.0,64072.0,63990.0,64062.0,545.69564,0.0003278611771483356
2026-07-25T04:00:00+00:00,64060.0,64173.0,63949.0,63995.0,764.86665,-0.0010464091164652418
2026-07-25T06:00:00+00:00,63995.0,64037.0,63926.0,63984.0,1348.70871,-0.00017190320329250595
2026-07-25T08:00:00+00:00,63985.0,64000.0,63736.0,63975.0,2572.37291,-0.0001406700586099972
2026-07-25T10:00:00+00:00,63976.0,64087.0,63971.0,64032.0,780.12318,0.0008905763554703009
2026-07-25T12:00:00+00:00,64032.0,64233.0,64010.0,64155.0,757.51367,0.001919071945658682
2026-07-25T14:00:00+00:00,64155.0,64250.0,64101.0,64157.0,518.50427,3.11740133449975e-05
2026-07-25T16:00:00+00:00,64157.0,64314.0,64094.0,64240.0,744.64975,0.001292865278179541
2026-07-25T18:00:00+00:00,64241.0,64434.0,64240.0,64368.0,1086.98182,0.0019905455689262198
2026-07-25T20:00:00+00:00,64369.0,64400.0,64234.0,64318.0,523.49784,-0.0007770853475294794
2026-07-25T22:00:00+00:00,64318.0,64410.0,64318.0,64361.0,376.14868,0.0006683297445666654
2026-07-26T00:00:00+00:00,64361.0,64530.0,64334.0,64436.0,554.7939,0.0011646235312496524
2026-07-26T02:00:00+00:00,64436.0,64558.0,64399.0,64520.0,439.22444,0.001302770121288906
2026-07-26T04:00:00+00:00,64520.0,64571.0,64387.0,64388.0,513.63012,-0.002047972913025108
2026-07-26T06:00:00+00:00,64388.0,64433.0,64262.0,64346.0,663.59291,-0.0006525082960240777
2026-07-26T08:00:00+00:00,64347.0,64528.0,64333.0,64508.0,391.83736,0.0025144750703104484
2026-07-26T10:00:00+00:00,64508.0,64543.0,64467.0,64476.0,237.77554,-0.0004961855835845052
2026-07-26T12:00:00+00:00,64477.0,64630.0,64377.0,64490.0,895.77914,0.0002171114876012286
2026-07-26T14:00:00+00:00,64490.0,64780.0,64489.0,64737.0,1353.10838,0.003822735199152495
2026-07-26T16:00:00+00:00,64737.0,64907.0,64638.0,64666.0,1393.90446,-0.0010973471577115947
2026-07-26T18:00:00+00:00,64666.0,64746.0,64637.0,64669.0,478.44306,4.639115476153125e-05
2026-07-26T20:00:00+00:00,64670.0,64895.0,64599.0,64819.0,916.49004,0.002316818038668602
2026-07-26T22:00:00+00:00,64819.0,65561.0,64819.0,65366.0,3646.3565,0.008403475346901432
2026-07-27T00:00:00+00:00,65372.0,65395.0,64866.0,65180.0,1470.44664,-0.0028495721946431413
2026-07-27T02:00:00+00:00,65180.0,65342.0,65083.0,65261.0,911.51045,0.0012419409604545095
2026-07-27T04:00:00+00:00,65261.0,65470.0,65225.0,65437.0,928.8859,0.0026932333529929475
2026-07-27T06:00:00+00:00,65438.0,65715.0,65180.0,65191.0,1583.25648,-0.0037664251280288435
2026-07-27T08:00:00+00:00,65190.0,65316.0,65069.0,65234.0,984.0365,0.0006593828109331585
2026-07-27T10:00:00+00:00,65232.0,65411.0,65058.0,65074.0,876.91602,-0.0024557215275741464
2026-07-27T12:00:00+00:00,65073.0,65680.0,64796.0,65182.0,5051.10441,0.0016582733194453324
2026-07-27T14:00:00+00:00,65181.0,65395.0,64394.0,64514.0,6431.36961,-0.010301102685214255
2026-07-27T16:00:00+00:00,64515.0,65059.0,64500.0,64984.0,3154.11303,0.0072588312362285145
2026-07-27T18:00:00+00:00,64985.0,65046.0,64718.0,64949.0,1532.00526,-0.0005387392093854018
2026-07-27T20:00:00+00:00,64948.0,65027.0,64755.0,64787.0,1114.1632,-0.0024973805913280985
2026-07-27T22:00:00+00:00,64787.0,64788.0,63576.0,63736.0,6992.62903,-0.01635541386987428
2026-07-28T00:00:00+00:00,63737.0,63804.0,63026.0,63200.0,4679.46678,-0.008445250925253162
2026-07-28T02:00:00+00:00,63200.0,63355.0,63069.0,63320.0,2436.06865,0.0018969338599996708
2026-07-28T04:00:00+00:00,63320.0,63600.0,63200.0,63429.0,1195.17138,0.0017199350980300837
2026-07-28T06:00:00+00:00,63430.0,63641.0,63377.0,63480.0,983.16151,0.000803725547366815
2026-07-28T08:00:00+00:00,63480.0,63557.0,63345.0,63374.0,644.75908,-0.0016712129640544188
2026-07-28T10:00:00+00:00,63374.0,63567.0,63265.0,63441.0,1008.24116,0.0010566574338040453
2026-07-28T12:00:00+00:00,63440.0,63567.0,62703.0,63089.0,3723.30136,-0.005563912243342109
2026-07-28T14:00:00+00:00,63089.0,64000.0,62946.0,63911.0,5838.07,0.012945062658760267
2026-07-28T16:00:00+00:00,63910.0,64100.0,63476.0,63664.0,3340.88642,-0.00387223685880327
2026-07-28T18:00:00+00:00,63663.0,63875.0,63628.0,63870.0,1738.25176,0.003230513888925025
2026-07-28T20:00:00+00:00,63873.0,64039.0,63847.0,63946.0,1394.97116,0.001189209628790124
2026-07-28T22:00:00+00:00,63947.0,63995.0,63525.0,63906.0,2769.91362,-0.000625723513204285
2026-07-29T00:00:00+00:00,63907.0,64164.0,63663.0,63677.0,1972.01783,-0.0035898238154568915
2026-07-29T02:00:00+00:00,63678.0,64106.0,63635.0,63721.0,1338.00958,0.0006907487048382555
2026-07-29T04:00:00+00:00,63722.0,64073.0,63565.0,64042.0,1381.33779,0.0050249395433370125
2026-07-29T06:00:00+00:00,64041.0,64548.0,64002.0,64530.0,1776.15878,0.007591113825946263
2026-07-29T08:00:00+00:00,64531.0,64696.0,64250.0,64659.0,1973.54695,0.0019970747180380072
2026-07-29T10:00:00+00:00,64660.0,64685.0,64378.0,64482.0,1700.13976,-0.0027411915787151097
2026-07-29T12:00:00+00:00,64483.0,64640.0,64116.0,64627.0,2313.78627,0.002246165038278019
2026-07-29T14:00:00+00:00,64628.0,64689.0,63848.0,63943.0,3229.91132,-0.010640218607765217
2026-07-29T16:00:00+00:00,63943.0,64255.0,63581.0,64254.0,4072.78956,0.004851917129208862
2026-07-29T18:00:00+00:00,64254.0,64690.0,63478.0,63563.0,10057.69493,-0.010812438595600252
2026-07-29T20:00:00+00:00,63562.0,63853.0,63245.0,63848.0,4862.18489,0.004473718522514943
2026-07-29T22:00:00+00:00,63848.0,64094.0,63838.0,63962.0,2762.45807,0.0017838984466283475
2026-07-30T00:00:00+00:00,63961.0,64345.0,63588.0,64243.0,2568.17228,0.004383611403231855
2026-07-30T02:00:00+00:00,64243.0,64390.0,64108.0,64138.0,888.19863,-0.001635756434555989
2026-07-30T04:00:00+00:00,64141.0,64156.0,63877.0,64009.0,1272.01615,-0.0020133135161086403
2026-07-30T06:00:00+00:00,64009.0,64115.0,63904.0,63977.0,501.32264,-0.0005000547039022057
2026-07-30T08:00:00+00:00,63979.0,64600.0,63954.0,64540.0,1875.37896,0.008761542854814477
2026-07-30T10:00:00+00:00,64540.0,64850.0,64516.0,64747.0,1408.20731,0.0032021808361367993
2026-07-30T12:00:00+00:00,64748.0,65153.0,64657.0,64986.0,2690.63244,0.003684494621702369
2026-07-30T14:00:00+00:00,64987.0,65006.0,64569.0,64692.0,3143.26084,-0.004534315824123059
2026-07-30T16:00:00+00:00,64692.0,64951.0,64690.0,64836.0,1516.13264,0.0022234583923971033
2026-07-30T18:00:00+00:00,64837.0,64879.0,64642.0,64769.0,1116.34969,-0.0010339108208545491
2026-07-30T20:00:00+00:00,64768.0,64905.0,64669.0,64701.0,945.94129,-0.0010504364911206882
2026-07-30T22:00:00+00:00,64701.0,65066.0,64623.0,64754.0,1708.78714,0.0008188173954070145
2026-07-31T00:00:00+00:00,64755.0,65385.0,64469.0,64530.0,2431.17032,-0.0034652427856124964
2026-07-31T02:00:00+00:00,64531.0,64583.0,64150.0,64347.0,3713.23567,-0.0028399190389808648
2026-07-31T04:00:00+00:00,64345.0,64413.0,64195.0,64330.0,1376.34301,-0.0002642274858585392
2026-07-31T06:00:00+00:00,64331.0,64470.0,63849.0,63918.0,2591.75848,-0.006425073565793476
2026-07-31T08:00:00+00:00,63919.0,63956.0,63601.0,63696.0,1625.5263,-0.00347924559915418
2026-07-31T10:00:00+00:00,63697.0,63983.0,63582.0,63771.0,1676.381,0.0011767753011367392
2026-07-31T12:00:00+00:00,63771.0,63807.0,63205.0,63258.0,4143.19033,-0.008076939736230535
2026-07-31T14:00:00+00:00,63258.0,63295.0,62440.0,62705.0,7200.36166,-0.008780412546854528
2026-07-31T16:00:00+00:00,62705.0,63279.0,62693.0,63209.0,4713.02366,0.008005506801451307
2026-07-31T18:00:00+00:00,63210.0,63267.0,62902.0,62935.0,1493.80099,-0.004344248333996114
2026-07-31T20:00:00+00:00,62938.0,63025.0,62813.0,62920.0,956.47583,-0.0002383695533912512
2026-07-31T22:00:00+00:00,62921.0,63003.0,62821.0,62856.0,874.51737,-0.0010176823165566232
2026-08-01T00:00:00+00:00,62857.0,62993.0,62856.0,62940.0,414.31668,0.0013354957627402654
2026-08-01T02:00:00+00:00,62940.0,63078.0,62939.0,62975.0,639.53611,0.0005559306024130248
2026-08-01T04:00:00+00:00,62976.0,63115.0,62967.0,63008.0,241.17673,0.0005238802180411868
2026-08-01T06:00:00+00:00,63008.0,63073.0,62965.0,63018.0,432.36087,0.0001586974119781709
2026-08-01T08:00:00+00:00,63018.0,63114.0,63015.0,63024.0,227.90634,9.520635985685189e-05
2026-08-01T10:00:00+00:00,63024.0,63083.0,62951.0,63046.0,264.77138,0.0003490124569416669
2026-08-01T12:00:00+00:00,63046.0,63093.0,63025.0,63041.0,229.57218,-7.931031752076582e-05
2026-08-01T14:00:00+00:00,63042.0,63099.0,62982.0,62982.0,592.72892,-0.0009363370862553088
2026-08-01T16:00:00+00:00,62982.0,62995.0,62630.0,62675.0,1803.14345,-0.004886327237358527
2026-08-01T18:00:00+00:00,62675.0,62700.0,62237.0,62503.0,3312.48375,-0.0027480884539644135
2026-08-01T20:00:00+00:00,62503.0,62840.0,62456.0,62792.0,1780.5785,0.004613121234119814
2026-08-01T22:00:00+00:00,62791.0,62852.0,62739.0,62790.0,712.42448,-3.1851698494462645e-05
2026-08-02T00:00:00+00:00,62789.0,63064.0,62786.0,62971.0,1248.25388,0.002878477826591233
2026-08-02T02:00:00+00:00,62970.0,63550.0,62939.0,63436.0,3958.62053,0.007357220683745223
2026-08-02T04:00:00+00:00,63436.0,63617.0,63398.0,63432.0,1110.34889,-6.305766625662992e-05
2026-08-02T06:00:00+00:00,63431.0,63524.0,63408.0,63467.0,423.93622,0.0005516198061055411
2026-08-02T08:00:00+00:00,63466.0,63517.0,63070.0,63256.0,1431.8963,-0.0033301010075774714
2026-08-02T10:00:00+00:00,63255.0,63256.0,62960.0,63011.0,795.67079,-0.0038806704438502137
2026-08-02T12:00:00+00:00,63010.0,63214.0,62989.0,63099.0,974.9102,0.0013956072362743726
2026-08-02T14:00:00+00:00,63099.0,63168.0,63029.0,63102.0,936.46286,4.754320489638736e-05
2026-08-02T16:00:00+00:00,63102.0,63340.0,63044.0,63297.0,1002.65539,0.0030854698961542233
2026-08-02T18:00:00+00:00,63296.0,63611.0,63271.0,63443.0,1312.94958,0.002303930323209947
2026-08-02T20:00:00+00:00,63442.0,63777.0,63382.0,63560.0,1478.31796,0.0018424766832045943
2026-08-02T22:00:00+00:00,63560.0,63784.0,63320.0,63556.0,3230.74642,-6.293464239465814e-05
2026-08-03T00:00:00+00:00,63557.0,63590.0,63100.0,63196.0,1151.79702,-0.005680399015518002
2026-08-03T02:00:00+00:00,63197.0,63267.0,62764.0,62846.0,1148.55316,-0.0055537185955489106
2026-08-03T04:00:00+00:00,62847.0,62983.0,62720.0,62808.0,1499.49023,-0.0006048355190992257
2026-08-03T06:00:00+00:00,62809.0,62852.0,62535.0,62597.0,1186.65523,-0.003365100260944438
2026-08-03T08:00:00+00:00,62596.0,62835.0,62270.0,62812.0,2428.94727,0.0034287843876974326
2026-08-03T10:00:00+00:00,62813.0,62835.0,62511.0,62534.0,1172.54631,-0.004435729194710375
2026-08-03T12:00:00+00:00,62534.0,63377.0,62423.0,63340.0,3648.61755,0.012806632282496682
2026-08-03T14:00:00+00:00,63341.0,63955.0,63120.0,63661.0,8042.77047,0.005055089071223321
2026-08-03T16:00:00+00:00,63661.0,64017.0,63630.0,63874.0,2041.78912,0.0033402626423021326
2026-08-03T18:00:00+00:00,63875.0,64050.0,63728.0,63832.0,2146.50823,-0.0006577608180393941
2026-08-03T20:00:00+00:00,63832.0,64006.0,63521.0,63560.0,1687.41146,-0.00427029033746458
2026-08-03T22:00:00+00:00,63560.0,63651.0,63367.0,63492.0,1280.29268,-0.0010704279585202058
2026-08-04T00:00:00+00:00,63492.0,63905.0,63287.0,63823.0,2720.43367,0.005199713243070053
2026-08-04T02:00:00+00:00,63823.0,63948.0,63629.0,63777.0,1338.62883,-0.0007210031660304067
2026-08-04T04:00:00+00:00,63776.0,64220.0,63719.0,63777.0,4000.33998,0.0
2026-08-04T06:00:00+00:00,63778.0,63828.0,63486.0,63659.0,1659.76205,-0.0018519105076136733
2026-08-04T08:00:00+00:00,63660.0,63712.0,63492.0,63569.0,1249.5347,-0.0014147831454095188
2026-08-04T10:00:00+00:00,63569.0,63930.0,63423.0,63899.0,1811.64701,0.005177781674754567
2026-08-04T12:00:00+00:00,63900.0,64076.0,63621.0,63655.0,2351.54222,-0.0038258352951573344
2026-08-04T14:00:00+00:00,63655.0,64195.0,63587.0,64091.0,3237.91447,0.006826071938999652
2026-08-04T16:00:00+00:00,64090.0,64153.0,63853.0,63943.0,1273.42323,-0.002311886935024333
2026-08-04T18:00:00+00:00,63944.0,64385.0,63943.0,64202.0,2889.07063,0.004042301341072824
2026-08-04T20:00:00+00:00,64202.0,64400.0,63974.0,64163.0,1872.7466,-0.000607642288785791
2026-08-04T22:00:00+00:00,64163.0,64500.0,64047.0,64068.0,3211.05238,-0.0014817012638216735
2026-08-05T00:00:00+00:00,64068.0,64321.0,63921.0,64304.0,3469.83043,0.0036768184007959104
2026-08-05T02:00:00+00:00,64304.0,64469.0,64030.0,64157.0,1820.96396,-0.002288633346518681
2026-08-05T04:00:00+00:00,64157.0,64490.0,64070.0,64315.0,968.05325,0.0024596811703521226
2026-08-05T06:00:00+00:00,64315.0,64344.0,63971.0,64138.0,1638.4926,-0.002755873541666743
2026-08-05T08:00:00+00:00,64139.0,64250.0,64062.0,64127.0,1127.81398,-0.0001715199006270759
2026-08-05T10:00:00+00:00,64127.0,64212.0,63990.0,64041.0,1461.94808,-0.0013419888413129073
2026-08-05T12:00:00+00:00,64042.0,64540.0,63850.0,64381.0,4817.80911,0.005295055277111297
2026-08-05T14:00:00+00:00,64381.0,64700.0,64268.0,64351.0,4369.58106,-0.00046608458725240476
2026-08-05T16:00:00+00:00,64352.0,64755.0,64351.0,64730.0,2781.56368,0.00587229862048788
2026-08-05T18:00:00+00:00,64729.0,64901.0,64650.0,64796.0,2881.05114,0.0010191005004726527
2026-08-05T20:00:00+00:00,64797.0,64986.0,64621.0,64699.0,2490.70248,-0.0014981276210219922
2026-08-05T22:00:00+00:00,64699.0,64746.0,64546.0,64625.0,1036.58031,-0.0011444126082762512
2026-08-06T00:00:00+00:00,64625.0,64690.0,64478.0,64565.0,1043.04061,-0.0009288645299783022
2026-08-06T02:00:00+00:00,64563.0,64627.0,64425.0,64511.0,810.54081,-0.000836716401971265
2026-08-06T04:00:00+00:00,64511.0,64966.0,64473.0,64865.0,1259.95812,0.005472435126332019
2026-08-06T06:00:00+00:00,64865.0,64938.0,64710.0,64784.0,1294.70774,-0.0012495277331704528
2026-08-06T08:00:00+00:00,64784.0,64967.0,64600.0,64654.0,981.61052,-0.0020086843695123727
2026-08-06T10:00:00+00:00,64653.0,64653.0,64466.0,64598.0,1123.70533,-0.0008665243633217601
2026-08-06T12:00:00+00:00,64597.0,64610.0,64156.0,64405.0,3314.92207,-0.0029921807089199537
2026-08-06T14:00:00+00:00,64405.0,64945.0,64333.0,64598.0,2709.95129,0.0029921807089200486
2026-08-06T16:00:00+00:00,64599.0,64801.0,64512.0,64585.0,1117.28118,-0.00020126487299229596
2026-08-06T18:00:00+00:00,64586.0,64586.0,64318.0,64416.0,1821.89987,-0.002620136226597835
2026-08-06T20:00:00+00:00,64423.0,64505.0,64375.0,64414.0,1182.66121,-3.104866879082634e-05
2026-08-06T22:00:00+00:00,64414.0,64421.0,64171.0,64293.0,1095.28036,-0.0018802401679417075
2026-08-07T00:00:00+00:00,64294.0,64442.0,64205.0,64393.0,522.61709,0.0015541709296851521
2026-08-07T02:00:00+00:00,64394.0,64518.0,64227.0,64259.0,1109.87912,-0.0020831397639745337
2026-08-07T04:00:00+00:00,64260.0,64364.0,64137.0,64306.0,962.16635,0.0007311477010656755
2026-08-07T06:00:00+00:00,64306.0,64444.0,64231.0,64288.0,810.50626,-0.00027995085490087465
2026-08-07T08:00:00+00:00,64288.0,64925.0,64270.0,64795.0,1963.49467,0.007855451254853794
2026-08-07T10:00:00+00:00,64795.0,65183.0,64764.0,64994.0,2526.06247,0.00306651805533449
2026-08-07T12:00:00+00:00,64995.0,65356.0,64936.0,64985.0,4398.3812,-0.0001384839091604995
2026-08-07T14:00:00+00:00,64985.0,65237.0,64746.0,64876.0,2629.6784,-0.0016787184081086704
2026-08-07T16:00:00+00:00,64877.0,65044.0,64484.0,64736.0,2072.26404,-0.0021602946401080834
2026-08-07T18:00:00+00:00,64736.0,64990.0,64644.0,64919.0,1880.76216,0.0028228779687902504
2026-08-07T20:00:00+00:00,64920.0,65063.0,64884.0,64884.0,747.41738,-0.000539278766257018
2026-08-07T22:00:00+00:00,64885.0,64913.0,64813.0,64885.0,485.76731,1.5412001325760124e-05
2026-08-08T00:00:00+00:00,64886.0,64923.0,64778.0,64885.0,371.8022,0.0
2026-08-08T02:00:00+00:00,64886.0,65045.0,64860.0,64998.0,408.14005,0.0017400280022916302
2026-08-08T04:00:00+00:00,64997.0,65041.0,64939.0,64967.0,456.30812,-0.0004770515229163046
2026-08-08T06:00:00+00:00,64967.0,64989.0,64914.0,64926.0,363.63945,-0.0006312888510024505
2026-08-08T08:00:00+00:00,64926.0,65025.0,64919.0,64959.0,262.70046,0.0005081418286958185
2026-08-08T10:00:00+00:00,64959.0,64995.0,64927.0,64939.0,356.60376,-0.0003079339198145727
2026-08-08T12:00:00+00:00,64940.0,65015.0,64883.0,64988.0,346.56687,0.0007542697410562154
2026-08-08T14:00:00+00:00,64987.0,65168.0,64976.0,65051.0,1216.85759,0.000968940163011588
2026-08-08T16:00:00+00:00,65051.0,65125.0,65006.0,65088.0,668.99663,0.0005686227955790775
2026-08-08T18:00:00+00:00,65087.0,65097.0,64977.0,65044.0,560.66445,-0.0006762364626186985
2026-08-08T20:00:00+00:00,65044.0,65061.0,64981.0,64987.0,583.76513,-0.0008767140705059842
2026-08-08T22:00:00+00:00,64987.0,65009.0,64901.0,64933.0,536.51062,-0.000831280836047225
2026-08-09T00:00:00+00:00,64933.0,64979.0,64817.0,64838.0,400.07876,-0.0014641178224794598
2026-08-09T02:00:00+00:00,64838.0,64838.0,64700.0,64759.0,477.01369,-0.0012191641748683936
2026-08-09T04:00:00+00:00,64760.0,64800.0,64748.0,64775.0,235.71375,0.0002470393885987479
2026-08-09T06:00:00+00:00,64776.0,64836.0,64775.0,64795.0,278.61612,0.00030871343920414024
2026-08-09T08:00:00+00:00,64795.0,64909.0,64758.0,64854.0,580.36084,0.0009101497747430457
2026-08-09T10:00:00+00:00,64854.0,64969.0,64853.0,64914.0,515.25945,0.0009247272713704603
2026-08-09T12:00:00+00:00,64914.0,65236.0,64884.0,65191.0,1164.03042,0.004258105661342767
2026-08-09T14:00:00+00:00,65192.0,65266.0,65121.0,65200.0,1086.64673,0.00013804633777315692
2026-08-09T16:00:00+00:00,65200.0,65241.0,65148.0,65161.0,772.36133,-0.0005983384779731985
2026-08-09T18:00:00+00:00,65162.0,65192.0,65141.0,65149.0,438.2331,-0.00018417619574741706
2026-08-09T20:00:00+00:00,65150.0,65225.0,65042.0,65174.0,1152.25934,0.0003836621364864431
2026-08-09T22:00:00+00:00,65174.0,65475.0,64805.0,64868.0,2808.8818,-0.004706180538245162
2026-08-10T00:00:00+00:00,64868.0,65365.0,64779.0,65166.0,3187.23502,0.004583424668826004
2026-08-10T02:00:00+00:00,65166.0,65191.0,64869.0,64952.0,1311.54812,-0.0032893249658087183
2026-08-10T04:00:00+00:00,64952.0,65127.0,64899.0,65100.0,813.86959,0.0022760136543782472
2026-08-10T06:00:00+00:00,65101.0,65344.0,65099.0,65182.0,900.2278,0.0012588079831149176
2026-08-10T08:00:00+00:00,65181.0,65295.0,64934.0,64946.0,597.23774,-0.003627201812773177
2026-08-10T10:00:00+00:00,64945.0,65113.0,64944.0,65107.0,746.30787,0.0024759149307779196
2026-08-10T12:00:00+00:00,65107.0,65220.0,64500.0,64542.0,3018.2407,-0.0087158956377198
2026-08-10T14:00:00+00:00,64542.0,64863.0,64170.0,64275.0,5389.41808,-0.004145421525970221
2026-08-10T16:00:00+00:00,64276.0,64334.0,63797.0,63934.0,5128.88949,-0.00531945189641559
2026-08-10T18:00:00+00:00,63934.0,64101.0,63783.0,64030.0,2371.55805,0.00150042227517333
2026-08-10T20:00:00+00:00,64030.0,64194.0,63956.0,63959.0,1500.21234,-0.0011094704589140352
2026-08-10T22:00:00+00:00,63959.0,64046.0,63896.0,63952.0,804.3013,-0.00010945110282914013
2026-08-11T00:00:00+00:00,63951.0,64065.0,63874.0,64039.0,941.45027,0.0013594707971522851
2026-08-11T02:00:00+00:00,64040.0,64164.0,64012.0,64127.0,471.32985,0.0013732193222648905
2026-08-11T04:00:00+00:00,64126.0,64139.0,63946.0,63979.0,820.3491,-0.0023105875734997375
2026-08-11T06:00:00+00:00,63980.0,64088.0,63850.0,64044.0,855.98404,0.0010154426249229928
2026-08-11T08:00:00+00:00,64045.0,64278.0,64030.0,64277.0,969.49348,0.0036315218252037083
2026-08-11T10:00:00+00:00,64278.0,64373.0,64172.0,64359.0,1387.07621,0.0012749154374664222
2026-08-11T12:00:00+00:00,64360.0,64460.0,64019.0,64168.0,2181.2943,-0.002972140337854848
2026-08-11T14:00:00+00:00,64168.0,64238.0,63410.0,63584.0,4917.24562,-0.009142777695217066
2026-08-11T16:00:00+00:00,63585.0,63631.0,63427.0,63577.0,1805.55754,-0.00011009664924105748
2026-08-11T18:00:00+00:00,63578.0,63599.0,63195.0,63507.0,2338.95651,-0.0011016336766125894
2026-08-11T20:00:00+00:00,63508.0,63736.0,63507.0,63636.0,1689.52264,0.0020292118994404895
2026-08-11T22:00:00+00:00,63636.0,63742.0,63513.0,63560.0,934.90149,-0.0011950062744780464
2026-08-12T00:00:00+00:00,63560.0,63832.0,63514.0,63791.0,1249.40625,0.003627772900787827
2026-08-12T02:00:00+00:00,63792.0,63879.0,63672.0,63799.0,1051.29433,0.00012540167741172386
2026-08-12T04:00:00+00:00,63799.0,63864.0,63698.0,63821.0,985.30614,0.00034477354988124616
2026-08-12T06:00:00+00:00,63817.0,63818.0,63574.0,63810.0,1364.30363,-0.0001723719163405907
2026-08-12T08:00:00+00:00,63809.0,64086.0,63740.0,64082.0,2362.66388,0.004253595379062773
2026-08-12T10:00:00+00:00,64083.0,64217.0,64037.0,64207.0,1703.93595,0.0019487257607062318
2026-08-12T12:00:00+00:00,64207.0,64487.0,63811.0,63820.0,6979.46391,-0.006045618169927033
2026-08-12T14:00:00+00:00,63819.0,63904.0,63297.0,63424.0,5511.96448,-0.006224282142574639
2026-08-12T16:00:00+00:00,63424.0,63571.0,63350.0,63456.0,1114.54168,0.0005044136298627622
2026-08-12T18:00:00+00:00,63456.0,63501.0,63286.0,63417.0,1295.91519,-0.0006147880357268481
2026-08-12T20:00:00+00:00,63416.0,63636.0,63408.0,63457.0,2012.11332,0.0006305468626401201
2026-08-12T22:00:00+00:00,63457.0,63528.0,63353.0,63468.0,1035.0385,0.00017333070754453717
2026-08-13T00:00:00+00:00,63467.0,63700.0,63364.0,63434.0,2444.6537,-0.0005358465715833952
2026-08-13T02:00:00+00:00,63434.0,63658.0,63365.0,63622.0,1802.75034,0.0029593271817568746
2026-08-13T04:00:00+00:00,63621.0,63978.0,63565.0,63850.0,1275.93806,0.0035772599965317098
2026-08-13T06:00:00+00:00,63849.0,63917.0,63726.0,63831.0,971.94921,-0.00029761671885780673
2026-08-13T08:00:00+00:00,63831.0,63889.0,63560.0,63751.0,1001.02115,-0.0012540955696734234
2026-08-13T10:00:00+00:00,63751.0,63789.0,63318.0,63462.0,1903.7565,-0.004543568616046237
2026-08-13T12:00:00+00:00,63462.0,63828.0,63415.0,63695.0,3778.86407,0.0036647649877794373
2026-08-13T14:00:00+00:00,63696.0,63953.0,63381.0,63381.0,2972.81011,-0.004941934575542855
2026-08-13T16:00:00+00:00,63397.0,63547.0,62816.0,63129.0,7366.1178,-0.0039838800616112365
2026-08-13T18:00:00+00:00,63129.0,63520.0,63096.0,63395.0,3127.01065,0.004204742055315311
2026-08-13T20:00:00+00:00,63395.0,63501.0,63356.0,63475.0,1041.25838,0.0012611336108307952
2026-08-13T22:00:00+00:00,63474.0,63650.0,63395.0,63480.0,1229.48356,7.87680674661774e-05
2026-08-14T00:00:00+00:00,63479.0,63590.0,63411.0,63574.0,655.46989,0.0014796860728644647
2026-08-14T02:00:00+00:00,63574.0,63615.0,63305.0,63319.0,1175.90918,-0.004019139641452721
2026-08-14T04:00:00+00:00,63319.0,63473.0,63281.0,63387.0,670.6402,0.0010733510098726838
2026-08-14T06:00:00+00:00,63386.0,63387.0,62909.0,62909.0,1844.86875,-0.007569555367942991
2026-08-14T08:00:00+00:00,62909.0,62980.0,62680.0,62777.0,2071.15462,-0.0021004733786080636
2026-08-14T10:00:00+00:00,62776.0,62936.0,62727.0,62851.0,1082.58454,0.0011780814557035737
2026-08-14T12:00:00+00:00,62851.0,62895.0,62581.0,62642.0,3265.50204,-0.003330866155596306
2026-08-14T14:00:00+00:00,62641.0,63068.0,62523.0,62969.0,3236.78577,0.0052065621434517085
2026-08-14T16:00:00+00:00,62969.0,63224.0,62948.0,62988.0,2657.54001,0.0003016902616625205
2026-08-14T18:00:00+00:00,62988.0,63066.0,62820.0,62952.0,1477.58361,-0.0005717008254807948
2026-08-14T20:00:00+00:00,62951.0,63013.0,62867.0,62917.0,903.75123,-0.0005561337724472026
2026-08-14T22:00:00+00:00,62917.0,63058.0,62778.0,63029.0,1198.33358,0.0017785404780343674
2026-08-15T00:00:00+00:00,63029.0,63043.0,62979.0,63022.0,495.10701,-0.00011106615587648279
2026-08-15T02:00:00+00:00,63023.0,63176.0,63022.0,63037.0,408.71482,0.0002379838023591174
2026-08-15T04:00:00+00:00,63037.0,63144.0,63032.0,63069.0,330.59846,0.0005075095663464085
2026-08-15T06:00:00+00:00,63069.0,63109.0,63014.0,63050.0,285.86995,-0.000301302740169831
2026-08-15T08:00:00+00:00,63051.0,63064.0,62890.0,63010.0,640.5389,-0.0006346184569644371
2026-08-15T10:00:00+00:00,63011.0,63033.0,62973.0,63000.0,159.15103,-0.00015871756243146195
2026-08-15T12:00:00+00:00,63000.0,63066.0,62923.0,63020.0,466.93273,0.0003174099375958141
2026-08-15T14:00:00+00:00,63021.0,63112.0,62967.0,63074.0,405.31309,0.000856503930420112
2026-08-15T16:00:00+00:00,63075.0,63092.0,63037.0,63043.0,459.14775,-0.0004916070097502387
2026-08-15T18:00:00+00:00,63043.0,63103.0,63017.0,63097.0,302.38806,0.0008561915855206309
2026-08-15T20:00:00+00:00,63097.0,63144.0,63047.0,63135.0,431.44807,0.0006020660553244503
2026-08-15T22:00:00+00:00,63135.0,63143.0,63056.0,63056.0,461.85749,-0.0012520704379957361
2026-08-16T00:00:00+00:00,63057.0,63069.0,62977.0,63053.0,304.90156,-4.757788897807617e-05
2026-08-16T02:00:00+00:00,63053.0,63130.0,63000.0,63101.0,220.04096,0.0007609747184604539
2026-08-16T04:00:00+00:00,63101.0,63128.0,63010.0,63037.0,255.19041,-0.0010147616973783637
2026-08-16T06:00:00+00:00,63036.0,63062.0,63030.0,63040.0,98.22733,4.758996487179017e-05
2026-08-16T08:00:00+00:00,63040.0,63052.0,62950.0,62964.0,141.26464,-0.0012063110570486523
2026-08-16T10:00:00+00:00,62964.0,63000.0,62942.0,62992.0,441.66402,0.00044459970880665617
2026-08-16T12:00:00+00:00,62992.0,63047.0,62966.0,63040.0,410.05356,0.0007617113482420086
2026-08-16T14:00:00+00:00,63040.0,63115.0,63035.0,63113.0,509.28184,0.0011573249648921537
2026-08-16T16:00:00+00:00,63114.0,63368.0,63095.0,63135.0,1975.88732,0.0003485203761278484
2026-08-16T18:00:00+00:00,63136.0,63207.0,63062.0,63081.0,774.53586,-0.0008556760362365025
2026-08-16T20:00:00+00:00,63082.0,63110.0,62737.0,62900.0,1266.95899,-0.002873451148012224
2026-08-16T22:00:00+00:00,62899.0,62982.0,62678.0,62873.0,3556.24309,-0.00042934493754238136
2026-08-17T00:00:00+00:00,62874.0,63222.0,62730.0,63077.0,5038.95546,0.003239383539361036
2026-08-17T02:00:00+00:00,63078.0,63489.0,62996.0,63402.0,2780.80108,0.005139204378735042
2026-08-17T04:00:00+00:00,63403.0,63559.0,63402.0,63488.0,1207.65961,0.0013555049754589638
2026-08-17T06:00:00+00:00,63489.0,63685.0,63446.0,63492.0,1573.70324,6.30020475873279e-05
2026-08-17T08:00:00+00:00,63492.0,63514.0,63252.0,63282.0,988.18564,-0.0033129851874627867
2026-08-17T10:00:00+00:00,63283.0,63750.0,63266.0,63599.0,1767.75613,0.004996818429492031
2026-08-17T12:00:00+00:00,63598.0,63756.0,63407.0,63637.0,1978.01261,0.0005973152430100593
2026-08-17T14:00:00+00:00,63638.0,64196.0,63550.0,64164.0,5084.96125,0.008247243559560273
2026-08-17T16:00:00+00:00,64164.0,64401.0,63938.0,64298.0,3972.76751,0.0020862208061662975
2026-08-17T18:00:00+00:00,64298.0,64580.0,64240.0,64275.0,3990.88888,-0.0003577734088080247
2026-08-17T20:00:00+00:00,64274.0,64400.0,64226.0,64341.0,1073.87946,0.00102631096898089
2026-08-17T22:00:00+00:00,64341.0,64543.0,64236.0,64494.0,1056.47653,0.002375132098047315
2026-08-18T00:00:00+00:00,64494.0,64523.0,64107.0,64165.0,1678.33789,-0.005114305522557067
2026-08-18T02:00:00+00:00,64166.0,64239.0,64000.0,64147.0,1202.5805,-0.00028056612192276344
2026-08-18T04:00:00+00:00,64147.0,64242.0,64050.0,64199.0,704.53615,0.000810309676114229
2026-08-18T06:00:00+00:00,64198.0,64418.0,64120.0,64166.0,1490.59997,-0.0005141588552485379
2026-08-18T08:00:00+00:00,64167.0,64303.0,64049.0,64145.0,1068.96891,-0.0003273296940636404
2026-08-18T10:00:00+00:00,64145.0,64376.0,64083.0,64324.0,972.9293,0.0027866662904746653
2026-08-18T12:00:00+00:00,64324.0,64324.0,64016.0,64190.0,1229.57334,-0.0020853766680913716
2026-08-18T14:00:00+00:00,64191.0,65018.0,64190.0,64820.0,7147.4372,0.009766762389714629
2026-08-18T16:00:00+00:00,64821.0,64861.0,64633.0,64634.0,2083.19276,-0.0028736095909478463
2026-08-18T18:00:00+00:00,64633.0,64795.0,64612.0,64621.0,1616.78937,-0.00020115276072618649
2026-08-18T20:00:00+00:00,64621.0,64631.0,64530.0,64571.0,980.2839,-0.0007740417749770724
2026-08-18T22:00:00+00:00,64572.0,64760.0,64529.0,64696.0,1239.6507,0.0019339822067708009
2026-08-19T00:00:00+00:00,64696.0,64710.0,64361.0,64368.0,2301.49381,-0.005082760586088667
2026-08-19T02:00:00+00:00,64369.0,64388.0,64239.0,64300.0,1233.42481,-0.0010569839638586889
2026-08-19T04:00:00+00:00,64300.0,64388.0,64202.0,64203.0,743.31403,-0.0015096926674599436
2026-08-19T06:00:00+00:00,64203.0,64369.0,64122.0,64266.0,1293.8851,0.0009807814344339866
2026-08-19T08:00:00+00:00,64267.0,64492.0,64216.0,64398.0,590.8003,0.0020518567168946703
2026-08-19T10:00:00+00:00,64397.0,64500.0,64337.0,64479.0,1200.48485,0.0012570126658060143
2026-08-19T12:00:00+00:00,64479.0,65200.0,64437.0,64980.0,7304.160030000001,0.0077399408477058194
2026-08-19T14:00:00+00:00,64979.0,70224.0,64977.0,68532.0,34308.618070000004,0.05322125922977203
2026-08-19T16:00:00+00:00,68533.0,68956.0,67792.0,68170.0,14154.39548,-0.0052962040960322435
2026-08-19T18:00:00+00:00,68170.0,68459.0,68001.0,68404.0,4676.4231199999995,0.003426717076113454
2026-08-19T20:00:00+00:00,68403.0,70046.0,68354.0,69714.0,11658.213609999999,0.018969855977972436
2026-08-19T22:00:00+00:00,69713.0,69830.0,68967.0,69323.0,4045.9868,-0.005624416964445113
2026-08-20T00:00:00+00:00,69323.0,69874.0,69256.0,69701.0,2797.4617500000004,0.005437923401518888
2026-08-20T02:00:00+00:00,69702.0,69813.0,68898.0,69188.0,2225.3179,-0.00738722768417664
2026-08-20T04:00:00+00:00,69188.0,69661.0,69161.0,69407.0,1847.04014,0.0031602897979089183
2026-08-20T06:00:00+00:00,69413.0,69999.0,69352.0,69838.0,2916.34062,0.006190547257410407
2026-08-20T08:00:00+00:00,69839.0,72055.0,69792.0,71792.0,16582.3399,0.02759477499663122
2026-08-20T10:00:00+00:00,71790.0,72501.0,71691.0,71902.0,9273.95304,0.0015310315181872385
2026-08-20T12:00:00+00:00,71902.0,72068.0,71134.0,71650.0,7779.90595,-0.003510926477633788
2026-08-20T14:00:00+00:00,71650.0,72824.0,71349.0,72453.0,9669.79687,0.011144921502723242
2026-08-20T16:00:00+00:00,72454.0,72969.0,72191.0,72717.0,3910.3469999999998,0.0036371191159319653
2026-08-20T18:00:00+00:00,72718.0,72800.0,72303.0,72609.0,2887.3671299999996,-0.0014863138032032853
2026-08-20T20:00:00+00:00,72613.0,73028.0,72522.0,72699.0,2609.67618,0.0012387481970534524
2026-08-20T22:00:00+00:00,72700.0,73370.0,72448.0,72996.0,4427.00494,0.004077015839882404
2026-08-21T00:00:00+00:00,73001.0,75816.0,73001.0,75121.0,17086.992879999998,0.028695501718913354
2026-08-21T02:00:00+00:00,75121.0,75184.0,74227.0,74516.0,9162.25056,-0.008086279418019805
2026-08-21T04:00:00+00:00,74515.0,75499.0,74515.0,75463.0,5264.95546,0.012628602480652017
2026-08-21T06:00:00+00:00,75462.0,76941.0,75083.0,76339.0,9780.91029,0.011541478030534654
2026-08-21T08:00:00+00:00,76338.0,79584.0,76287.0,77936.0,20275.56868,0.02070402912553784
2026-08-21T10:00:00+00:00,77935.0,78301.0,76444.0,76768.0,7722.422280000001,-0.01510009040690276
2026-08-21T12:00:00+00:00,76768.0,77730.0,76256.0,77278.0,8419.89036,0.0066214229949033455
2026-08-21T14:00:00+00:00,77278.0,77894.0,76549.0,77242.0,6586.335370000001,-0.00046595910757645393
2026-08-21T16:00:00+00:00,77243.0,77727.0,76814.0,77400.0,3939.57559,0.00204343005107034
2026-08-21T18:00:00+00:00,77401.0,77559.0,76620.0,77018.0,3006.52397,-0.004947619827299936
2026-08-21T20:00:00+00:00,77019.0,78745.0,76853.0,78556.0,6050.44915,0.019772585484595033
2026-08-21T22:00:00+00:00,78557.0,78800.0,78131.0,78383.0,4901.89205,-0.002204679143792098
2026-08-22T00:00:00+00:00,78382.0,78566.0,77686.0,77859.0,3818.7301500000003,-0.00670756857472792
2026-08-22T02:00:00+00:00,77859.0,78885.0,77817.0,78463.0,3044.9376,0.007727677559815043
2026-08-22T04:00:00+00:00,78463.0,78874.0,76600.0,77421.0,8905.83762,-0.013369114469158871
2026-08-22T06:00:00+00:00,77437.0,77715.0,77013.0,77326.0,3695.06995,-0.001227810709539123
2026-08-22T08:00:00+00:00,77326.0,77497.0,76828.0,77072.0,5314.3079,-0.003290201027708619
2026-08-22T10:00:00+00:00,77071.0,77253.0,76558.0,77163.0,3008.00784,0.001180017642679765
2026-08-22T12:00:00+00:00,77164.0,77434.0,77108.0,77341.0,2225.5132399999998,0.0023041484848502955
2026-08-22T14:00:00+00:00,77342.0,77371.0,76932.0,77035.0,1735.57451,-0.003964351981656526
2026-08-22T16:00:00+00:00,77035.0,77608.0,77009.0,77322.0,2350.91363,0.0037186565005707887
2026-08-22T18:00:00+00:00,77323.0,77536.0,77187.0,77473.0,1068.7744,0.0019509680273347258
2026-08-22T20:00:00+00:00,77473.0,77522.0,76844.0,76903.0,2366.36037,-0.007384601107471164
2026-08-22T22:00:00+00:00,76903.0,77217.0,76811.0,77133.0,1431.1270299999999,0.0029863171067806933
2026-08-23T00:00:00+00:00,77132.0,77470.0,77106.0,77247.0,1021.2333900000001,0.0014768755113489396
2026-08-23T02:00:00+00:00,77246.0,77266.0,76886.0,76976.0,1554.51771,-0.0035143951152043574
2026-08-23T04:00:00+00:00,76977.0,77090.0,75608.0,76104.0,6613.02455,-0.011392859052942
2026-08-23T06:00:00+00:00,76101.0,76379.0,75921.0,76058.0,2825.31115,-0.0006046187800019054
2026-08-23T08:00:00+00:00,76060.0,76707.0,76000.0,76595.0,2171.9826,0.0070355933405054786
2026-08-23T10:00:00+00:00,76595.0,77442.0,76587.0,77353.0,2517.47436,0.00984756054697404
2026-08-23T12:00:00+00:00,77354.0,77848.0,77049.0,77531.0,3295.52721,0.002298495368994805
2026-08-23T14:00:00+00:00,77531.0,77718.0,76801.0,77185.0,3324.44824,-0.004472718746823668
2026-08-23T16:00:00+00:00,77186.0,77507.0,77178.0,77241.0,1597.91788,0.0007252665024636329
2026-08-23T18:00:00+00:00,77234.0,77511.0,77150.0,77375.0,873.74538,0.0017333268684920394
2026-08-23T20:00:00+00:00,77375.0,78118.0,77225.0,77902.0,4102.500669999999,0.006787895483322466
2026-08-23T22:00:00+00:00,77902.0,78050.0,77347.0,77804.0,2708.38721,-0.0012587827436369113
2026-08-24T00:00:00+00:00,77805.0,77820.0,76943.0,76944.0,2993.0324499999997,-0.011114959209138856
2026-08-24T02:00:00+00:00,76943.0,77578.0,76901.0,76975.0,3108.82379,0.0004028092752571619
2026-08-24T04:00:00+00:00,76976.0,77300.0,76693.0,77207.0,2706.79553,0.003009432684695717
2026-08-24T06:00:00+00:00,77208.0,77859.0,77115.0,77362.0,1475.0706,0.002005577469676737
2026-08-24T08:00:00+00:00,77362.0,77633.0,76862.0,77584.0,2634.40714,0.0028655163980598948
2026-08-24T10:00:00+00:00,77585.0,78708.0,77486.0,78521.0,6032.7105599999995,0.01200488457292875
2026-08-24T12:00:00+00:00,78521.0,79479.0,77923.0,78648.0,11102.66079,0.00161609512869782
2026-08-24T14:00:00+00:00,78647.0,80035.0,78647.0,79120.0,15349.03375,0.00598348724983347
2026-08-24T16:00:00+00:00,79119.0,79880.0,78450.0,78760.0,9476.467120000001,-0.004560433543531829
2026-08-24T18:00:00+00:00,78759.0,79123.0,78569.0,78740.0,3878.0736699999998,-0.00025396825533333296
2026-08-24T20:00:00+00:00,78740.0,79041.0,78554.0,78971.0,2318.56469,0.0029294109503187234
2026-08-24T22:00:00+00:00,78970.0,79017.0,78622.0,78996.0,2201.99258,0.00031652180782985797
2026-08-25T00:00:00+00:00,78995.0,79999.0,78708.0,79838.0,5789.21544,0.010602363315509244
2026-08-25T02:00:00+00:00,79837.0,81299.0,79755.0,80490.0,11562.12371,0.008133371516393291
2026-08-25T04:00:00+00:00,80490.0,80843.0,80168.0,80753.0,4066.7283399999997,0.003262160009802431
2026-08-25T06:00:00+00:00,80753.0,80941.0,79335.0,79713.0,5444.85672,-0.012962428951779539
2026-08-25T08:00:00+00:00,79713.0,80254.0,78822.0,79170.0,5703.85591,-0.006835244980322956
2026-08-25T10:00:00+00:00,79171.0,79482.0,78971.0,79108.0,3868.19412,-0.000783431723563829
2026-08-25T12:00:00+00:00,79107.0,79207.0,78060.0,78617.0,6543.255090000001,-0.006226046423566189
2026-08-25T14:00:00+00:00,78622.0,79538.0,78527.0,79490.0,6924.682,0.011043266548809027
2026-08-25T16:00:00+00:00,79491.0,79560.0,78664.0,79217.0,4883.93248,-0.003440305333251117
2026-08-25T18:00:00+00:00,79217.0,79338.0,78706.0,78901.0,2677.93989,-0.003997020209030142
2026-08-25T20:00:00+00:00,78905.0,78944.0,77794.0,78547.0,7313.40361,-0.004496730304697514
2026-08-25T22:00:00+00:00,78546.0,78998.0,78346.0,78494.0,4580.440790000001,-0.0006749829918587384
2026-08-26T00:00:00+00:00,78494.0,78928.0,78270.0,78792.0,2748.84503,0.0037892801212173694
2026-08-26T02:00:00+00:00,78791.0,79226.0,78728.0,79071.0,2267.88581,0.003534714157087878
2026-08-26T04:00:00+00:00,79072.0,79182.0,78616.0,79079.0,2540.53191,0.00010116977561595771
2026-08-26T06:00:00+00:00,79081.0,79206.0,78792.0,78917.0,2644.9165,-0.00205068554611126
2026-08-26T08:00:00+00:00,78917.0,79108.0,78203.0,78433.0,3743.40993,-0.006151910091570113
2026-08-26T10:00:00+00:00,78432.0,78858.0,78267.0,78474.0,2502.4986,0.0005226025726467128
2026-08-26T12:00:00+00:00,78474.0,78699.0,77875.0,78437.0,6374.85579,-0.0004716049312765452
2026-08-26T14:00:00+00:00,78429.0,78602.0,77618.0,77998.0,6711.80223,-0.005612569468579748
2026-08-26T16:00:00+00:00,77998.0,78606.0,77832.0,78435.0,3167.6734100000003,0.005587070972989697
2026-08-26T18:00:00+00:00,78436.0,78659.0,78263.0,78445.0,2728.81434,0.0001274859767152687
2026-08-26T20:00:00+00:00,78454.0,78831.0,78170.0,78718.0,2941.9221900000002,0.0034741036322632735
2026-08-26T22:00:00+00:00,78719.0,79173.0,78542.0,79026.0,4126.5219799999995,0.00390506632778215
2026-08-27T00:00:00+00:00,79025.0,79034.0,78547.0,78881.0,2570.34409,-0.001836524546156066
2026-08-27T02:00:00+00:00,78881.0,78971.0,78621.0,78809.0,661.22084,-0.0009131841588360873
2026-08-27T04:00:00+00:00,78809.0,78936.0,78585.0,78897.0,2201.4248,0.0011160007752825782
2026-08-27T06:00:00+00:00,78897.0,79080.0,78596.0,79066.0,1846.9067800000003,0.002139742401454726
2026-08-27T08:00:00+00:00,79066.0,80542.0,79029.0,79995.0,8121.30709,0.011681186003965567
2026-08-27T10:00:00+00:00,79996.0,80171.0,79167.0,79477.0,6099.15452,-0.006496461094173353
2026-08-27T12:00:00+00:00,79477.0,79588.0,78881.0,79521.0,3948.56329,0.0005534660954626149
2026-08-27T14:00:00+00:00,79520.0,80786.0,79335.0,80271.0,8554.59652,0.009387272298325098
2026-08-27T16:00:00+00:00,80270.0,80801.0,80148.0,80414.0,4567.80422,0.0017798803591087655
2026-08-27T18:00:00+00:00,80414.0,80414.0,79705.0,79859.0,3299.25052,-0.006925710736071315
2026-08-27T20:00:00+00:00,79876.0,80166.0,79839.0,80154.0,1517.76082,0.0036872045924029105
2026-08-27T22:00:00+00:00,80156.0,80400.0,80092.0,80221.0,2780.67521,0.0008355417477524688
2026-08-28T00:00:00+00:00,80220.0,81483.0,80106.0,80472.0,6578.86685,0.00312397184855464
2026-08-28T02:00:00+00:00,80472.0,80473.0,79703.0,79791.0,3871.8647,-0.008498581691524157
2026-08-28T04:00:00+00:00,79790.0,79940.0,79534.0,79650.0,2013.98695,-0.001768679784455407
2026-08-28T06:00:00+00:00,79649.0,79979.0,79552.0,79641.0,2092.9807,-0.00011300073462497925
2026-08-28T08:00:00+00:00,79642.0,79819.0,79218.0,79252.0,2884.71935,-0.004896386589420086
2026-08-28T10:00:00+00:00,79252.0,79742.0,78975.0,79567.0,2882.47965,0.003966784994914958
2026-08-28T12:00:00+00:00,79568.0,79686.0,78993.0,79319.0,2604.68284,-0.0031217376156704828
2026-08-28T14:00:00+00:00,79319.0,79830.0,78275.0,78297.0,13997.90607,-0.012968408324751563
2026-08-28T16:00:00+00:00,78296.0,78368.0,76831.0,77873.0,12099.9832,-0.005429993491666678
2026-08-28T18:00:00+00:00,77873.0,77914.0,77231.0,77550.0,4601.19426,-0.004156404972290901
2026-08-28T20:00:00+00:00,77534.0,77582.0,77234.0,77345.0,1786.74888,-0.002646955933919584
2026-08-28T22:00:00+00:00,77346.0,77834.0,77308.0,77832.0,2352.17889,0.006276723984498257
2026-08-29T00:00:00+00:00,77832.0,77924.0,77603.0,77763.0,1121.2267,-0.0008869180182278928
2026-08-29T02:00:00+00:00,77763.0,77788.0,77468.0,77469.0,1082.12129,-0.0037878833169370917
2026-08-29T04:00:00+00:00,77469.0,77698.0,77469.0,77613.0,487.25136,0.0018570825935319386
2026-08-29T06:00:00+00:00,77613.0,77648.0,77341.0,77591.0,1176.96891,-0.00028349784989238315
2026-08-29T08:00:00+00:00,77591.0,77727.0,77444.0,77624.0,677.88107,0.0004252166413970085
2026-08-29T10:00:00+00:00,77625.0,77702.0,77485.0,77564.0,297.23314,-0.0007732557026267748
2026-08-29T12:00:00+00:00,77564.0,77698.0,77467.0,77681.0,521.86434,0.0015072952063049914
2026-08-29T14:00:00+00:00,77681.0,78162.0,77634.0,77827.0,1964.63045,0.0018777174537323
2026-08-29T16:00:00+00:00,77827.0,78110.0,77827.0,78070.0,2416.02906,0.003117445451790612
2026-08-29T18:00:00+00:00,78069.0,78331.0,77987.0,78160.0,2037.29657,0.0011521476023276295
2026-08-29T20:00:00+00:00,78160.0,78272.0,78025.0,78145.0,724.66152,-0.00019193244037043385
2026-08-29T22:00:00+00:00,78145.0,78264.0,78055.0,78228.0,555.26075,0.0010615644362457293
2026-08-30T00:00:00+00:00,78229.0,78312.0,77955.0,78050.0,1135.84973,-0.0022779927689615476
2026-08-30T02:00:00+00:00,78050.0,78220.0,77981.0,78124.0,598.68307,0.0009476610132039037
2026-08-30T04:00:00+00:00,78118.0,78202.0,77962.0,78099.0,800.92508,-0.0003200553082889377
2026-08-30T06:00:00+00:00,78099.0,78288.0,78084.0,78086.0,752.30592,-0.0001664692515929865
2026-08-30T08:00:00+00:00,78086.0,78177.0,77964.0,77982.0,290.49627,-0.0013327525872566981
2026-08-30T10:00:00+00:00,77983.0,78221.0,77936.0,78149.0,339.33993,0.002139230052800673
2026-08-30T12:00:00+00:00,78149.0,78950.0,78149.0,78851.0,3814.58242,0.008942734756500667
2026-08-30T14:00:00+00:00,78851.0,78940.0,78622.0,78809.0,1223.56256,-0.0005327920968354601
2026-08-30T16:00:00+00:00,78809.0,79389.0,78724.0,79000.0,3275.82804,0.0024206489270492786
2026-08-30T18:00:00+00:00,79001.0,79172.0,78699.0,78841.0,1783.513,-0.0020146863461487554
2026-08-30T20:00:00+00:00,78842.0,78915.0,78199.0,78644.0,2397.65515,-0.0025018268756283645
2026-08-30T22:00:00+00:00,78645.0,78806.0,76971.0,77659.0,5821.84693,-0.012603891666399653
2026-08-31T00:00:00+00:00,77660.0,78163.0,77409.0,77622.0,3128.06409,-0.00047655541502489616
2026-08-31T02:00:00+00:00,77623.0,78004.0,77353.0,77738.0,2499.54112,0.0014933061477383643
2026-08-31T04:00:00+00:00,77738.0,78155.0,77436.0,78012.0,2384.24092,0.00351846269877383
2026-08-31T06:00:00+00:00,78012.0,78318.0,77857.0,78195.0,1257.45624,0.0023430458778469065
2026-08-31T08:00:00+00:00,78196.0,78790.0,77967.0,78505.0,2394.17367,0.003956610139306115
2026-08-31T10:00:00+00:00,78505.0,78733.0,78280.0,78300.0,1641.58791,-0.0026147140307275036
2026-08-31T12:00:00+00:00,78300.0,78533.0,77678.0,77855.0,5214.70633,-0.005699480703369363
2026-08-31T14:00:00+00:00,77856.0,78773.0,77740.0,78566.0,4248.39254,0.00909091358183749
2026-08-31T16:00:00+00:00,78566.0,78985.0,78471.0,78885.0,3405.79453,0.004052059834191589
2026-08-31T18:00:00+00:00,78886.0,79250.0,78761.0,78872.0,3600.94849,-0.00016481043667703103
2026-08-31T20:00:00+00:00,78872.0,79164.0,78715.0,78950.0,1702.38373,0.0009884554289107885
2026-08-31T22:00:00+00:00,78950.0,79008.0,78373.0,78574.0,990.69392,-0.004773884793246004
2026-09-01T00:00:00+00:00,78575.0,78889.0,78360.0,78382.0,2055.98221,-0.002446546749018161
2026-09-01T02:00:00+00:00,78382.0,78871.0,78153.0,78665.0,1951.44728,0.0036040205329998004
2026-09-01T04:00:00+00:00,78665.0,79233.0,78643.0,79182.0,4119.80727,0.00655067057036076
2026-09-01T06:00:00+00:00,79182.0,79183.0,78499.0,78642.0,1508.51328,-0.0068430923972838354
2026-09-01T08:00:00+00:00,78642.0,78663.0,77773.0,77899.0,3005.35036,-0.009492792041630484
2026-09-01T10:00:00+00:00,77899.0,78193.0,77740.0,78094.0,1987.90681,0.002500113486780929
2026-09-01T12:00:00+00:00,78095.0,78204.0,77500.0,78049.0,3828.38061,-0.0005763947310589497
2026-09-01T14:00:00+00:00,78050.0,78418.0,77718.0,77910.0,3163.83855,-0.0017825202367882224
2026-09-01T16:00:00+00:00,77910.0,77968.0,77219.0,77238.0,4017.8039,-0.008662750437214373
2026-09-01T18:00:00+00:00,77246.0,77453.0,76397.0,77290.0,8359.28809,0.0006730172132273702
2026-09-01T20:00:00+00:00,77298.0,77501.0,76897.0,77195.0,1847.14581,-0.0012298930248896328
2026-09-01T22:00:00+00:00,77195.0,77611.0,77010.0,77419.0,1298.90241,0.0028975404131638544
2026-09-02T00:00:00+00:00,77420.0,77506.0,76687.0,77000.0,1907.3148,-0.0054268066533700605
2026-09-02T02:00:00+00:00,77001.0,77777.0,76925.0,77549.0,2908.17459,0.007104572779211998
2026-09-02T04:00:00+00:00,77550.0,77777.0,77274.0,77635.0,1982.83574,0.0011083618002372525
2026-09-02T06:00:00+00:00,77636.0,77755.0,77446.0,77457.0,1453.30047,-0.0022954127634647577
2026-09-02T08:00:00+00:00,77458.0,77540.0,76470.0,76735.0,4912.73269,-0.009365016042610117
2026-09-02T10:00:00+00:00,76735.0,76905.0,76234.0,76836.0,4814.02474,0.0013153526976071891
2026-09-02T12:00:00+00:00,76835.0,77465.0,76598.0,77133.0,5987.87909,0.003857924236287705
2026-09-02T14:00:00+00:00,77133.0,77495.0,76722.0,77283.0,4199.85289,0.0019428044656137654
2026-09-02T16:00:00+00:00,77284.0,77581.0,76928.0,77374.0,2534.54326,0.0011767978235941428
2026-09-02T18:00:00+00:00,77374.0,77519.0,77100.0,77319.0,1578.15529,-0.0007110858580224229
2026-09-02T20:00:00+00:00,77318.0,77501.0,77179.0,77264.0,1494.14841,-0.000711591860952801
2026-09-02T22:00:00+00:00,77265.0,77361.0,76980.0,77319.0,1690.95277,0.0007115918609527252
2026-09-03T00:00:00+00:00,77320.0,77535.0,76951.0,77337.0,3054.96875,0.00023277467516647727
2026-09-03T02:00:00+00:00,77338.0,77911.0,77216.0,77684.0,2303.45778,0.00447682029589963
2026-09-03T04:00:00+00:00,77685.0,77827.0,77090.0,77799.0,4019.78482,0.0014792616680973528
2026-09-03T06:00:00+00:00,77800.0,78177.0,77569.0,77635.0,3097.33934,-0.002110221198169274
2026-09-03T08:00:00+00:00,77636.0,78056.0,77587.0,77593.0,1860.02428,-0.0005411394983497293
2026-09-03T10:00:00+00:00,77594.0,77972.0,77456.0,77911.0,1883.73185,0.004089932648419643
2026-09-03T12:00:00+00:00,77911.0,78973.0,77859.0,78797.0,6472.62703,0.011307775489919174
2026-09-03T14:00:00+00:00,78798.0,81346.0,78667.0,81311.0,15073.5874,0.031406383681253654
2026-09-03T16:00:00+00:00,81311.0,81336.0,80600.0,81000.0,6110.76975,-0.0038321540819371692
2026-09-03T18:00:00+00:00,81000.0,81755.0,80849.0,81698.0,5213.39714,0.008580367089721624
2026-09-03T20:00:00+00:00,81704.0,82268.0,81250.0,81546.0,5251.151,-0.001862243560895109
2026-09-03T22:00:00+00:00,81547.0,81572.0,80850.0,81244.0,3483.91512,-0.003710305872025983
2026-09-04T00:00:00+00:00,81244.0,81400.0,80733.0,80936.0,2127.63681,-0.0037982534256499824
2026-09-04T02:00:00+00:00,80936.0,80995.0,80630.0,80796.0,1969.66094,-0.001731259552445144
2026-09-04T04:00:00+00:00,80797.0,81270.0,80778.0,80954.0,1318.2853,0.0019536327697428687
2026-09-04T06:00:00+00:00,80954.0,81063.0,80528.0,80636.0,1901.78474,-0.003935892202709942
2026-09-04T08:00:00+00:00,80630.0,81280.0,80497.0,81031.0,2143.79344,0.004886597586537509
2026-09-04T10:00:00+00:00,81031.0,81374.0,80792.0,81181.0,1545.89355,0.0018494321351686196
2026-09-04T12:00:00+00:00,81181.0,81318.0,78953.0,79366.0,12823.08542,-0.022611164682458
2026-09-04T14:00:00+00:00,79366.0,79568.0,78600.0,79378.0,8165.14816,0.00015118681679767077
2026-09-04T16:00:00+00:00,79377.0,79862.0,79340.0,79442.0,4000.09556,0.0008059438794137167
2026-09-04T18:00:00+00:00,79443.0,79778.0,79442.0,79761.0,1624.72787,0.004007467534189659
2026-09-04T20:00:00+00:00,79762.0,79834.0,79476.0,79588.0,974.08363,-0.0021713354708246617
2026-09-04T22:00:00+00:00,79588.0,79730.0,79549.0,79623.0,715.42458,0.0004396681204667235
2026-09-05T00:00:00+00:00,79624.0,79691.0,79490.0,79490.0,2294.71306,-0.0016717682524470215
2026-09-05T02:00:00+00:00,79491.0,79601.0,79439.0,79547.0,266.92372,0.0007168143569190184
2026-09-05T04:00:00+00:00,79547.0,79567.0,79413.0,79555.0,470.30029,0.00010056441787973313
2026-09-05T06:00:00+00:00,79556.0,79731.0,79555.0,79679.0,424.82005,0.0015574566369652842
2026-09-05T08:00:00+00:00,79679.0,79723.0,79536.0,79592.0,332.37524,-0.001092477709726531
2026-09-05T10:00:00+00:00,79591.0,79618.0,79555.0,79571.0,326.84803,-0.0002638804260017369
2026-09-05T12:00:00+00:00,79571.0,79738.0,79497.0,79581.0,550.39173,0.00012566603012426577
2026-09-05T14:00:00+00:00,79582.0,79788.0,79581.0,79765.0,526.90276,0.0023094408617799636
2026-09-05T16:00:00+00:00,79764.0,80192.0,79728.0,80040.0,2803.50724,0.003441697962571858
2026-09-05T18:00:00+00:00,80040.0,80056.0,79670.0,79718.0,1606.47791,-0.004031102492968622
2026-09-05T20:00:00+00:00,79718.0,79908.0,79658.0,79872.0,769.07483,0.0019299460843437465
2026-09-05T22:00:00+00:00,79873.0,79915.0,79683.0,79804.0,606.84127,-0.0008517247940930713
2026-09-06T00:00:00+00:00,79804.0,80050.0,79799.0,79917.0,909.95901,0.0014149675853948355
2026-09-06T02:00:00+00:00,79919.0,80081.0,79845.0,79995.0,517.38375,0.0009755366224656009
2026-09-06T04:00:00+00:00,79994.0,80100.0,79756.0,79958.0,1284.60796,-0.0004626359075469962
2026-09-06T06:00:00+00:00,79962.0,79965.0,79568.0,79787.0,874.85636,-0.0021409128963658514
2026-09-06T08:00:00+00:00,79788.0,79973.0,79745.0,79870.0,401.17935,0.0010397290125351527
2026-09-06T10:00:00+00:00,79870.0,79994.0,79869.0,79895.0,473.94806,0.0003129596620542045
2026-09-06T12:00:00+00:00,79896.0,79988.0,79737.0,79809.0,475.24873,-0.0010769925401081133
2026-09-06T14:00:00+00:00,79809.0,79824.0,79214.0,79684.0,1386.58671,-0.0015674672317063044
2026-09-06T16:00:00+00:00,79682.0,79750.0,79549.0,79725.0,594.47876,0.000514400076583825
2026-09-06T18:00:00+00:00,79725.0,79947.0,79722.0,79809.0,532.20605,0.00105306715512238
2026-09-06T20:00:00+00:00,79808.0,79998.0,79759.0,79919.0,610.39295,0.0013773416982595895
2026-09-06T22:00:00+00:00,79919.0,80514.0,79619.0,80314.0,2599.82452,0.004930330208423179
2026-09-07T00:00:00+00:00,80315.0,80428.0,79802.0,79910.0,1224.77329,-0.005042950571555282
2026-09-07T02:00:00+00:00,79907.0,80400.0,79537.0,79571.0,1342.10118,-0.004251296525314607
2026-09-07T04:00:00+00:00,79569.0,79888.0,79511.0,79724.0,513.65838,0.001920964839434254
2026-09-07T06:00:00+00:00,79724.0,79798.0,78945.0,79360.0,2587.12924,-0.004576206723873848
2026-09-07T08:00:00+00:00,79360.0,79515.0,79254.0,79284.0,1317.32965,-0.000958120140868417
2026-09-07T10:00:00+00:00,79283.0,79446.0,79247.0,79395.0,531.16247,0.0013990511423115613
2026-09-07T12:00:00+00:00,79396.0,79620.0,79297.0,79329.0,1156.36018,-0.0008316323152625408
2026-09-07T14:00:00+00:00,79329.0,79372.0,78632.0,78776.0,5441.05471,-0.006995379717297002
2026-09-07T16:00:00+00:00,78777.0,79172.0,78763.0,79147.0,1796.39522,0.004698500946832793
2026-09-07T18:00:00+00:00,79148.0,79373.0,79047.0,79319.0,885.58874,0.0021708135189232956
2026-09-07T20:00:00+00:00,79319.0,79337.0,79110.0,79112.0,968.26843,-0.0026131264435672037
2026-09-07T22:00:00+00:00,79113.0,79179.0,78741.0,79072.0,2427.23266,-0.0005057401614901177
2026-09-08T00:00:00+00:00,79073.0,79424.0,78928.0,79386.0,924.80434,0.003963200482129285
2026-09-08T02:00:00+00:00,79393.0,79430.0,78685.0,78869.0,1738.76833,-0.0065337820509868225
2026-09-08T04:00:00+00:00,78870.0,78884.0,78470.0,78535.0,2456.16094,-0.0042438629423465135
2026-09-08T06:00:00+00:00,78534.0,78586.0,78140.0,78438.0,3011.68742,-0.0012358814872175893
2026-09-08T08:00:00+00:00,78438.0,78761.0,78250.0,78728.0,2241.14522,0.0036903697889063506
2026-09-08T10:00:00+00:00,78728.0,78987.0,78248.0,78395.0,2482.80867,-0.004238723784270652
2026-09-08T12:00:00+00:00,78395.0,78520.0,77617.0,77941.0,5106.99471,-0.005808019601813862
2026-09-08T14:00:00+00:00,77944.0,78888.0,77841.0,78881.0,3612.78969,0.011988257488208478
2026-09-08T16:00:00+00:00,78881.0,78950.0,78462.0,78472.0,2520.20687,-0.005198514436793886
2026-09-08T18:00:00+00:00,78471.0,78783.0,78241.0,78412.0,2474.85883,-0.0007648963938365715
2026-09-08T20:00:00+00:00,78411.0,78588.0,78367.0,78460.0,1278.46104,0.0006119639132287114
2026-09-08T22:00:00+00:00,78460.0,78631.0,78369.0,78417.0,775.61576,-0.0005482001960373353
2026-09-09T00:00:00+00:00,78419.0,78876.0,78418.0,78864.0,1418.96657,0.005684109377652894
2026-09-09T02:00:00+00:00,78862.0,78900.0,78516.0,78609.0,421.84678,-0.003238653266128873
2026-09-09T04:00:00+00:00,78609.0,79353.0,78609.0,78910.0,2105.66193,0.0038217658360506198
2026-09-09T06:00:00+00:00,78911.0,79372.0,78822.0,79261.0,1944.91685,0.004438241854272101
2026-09-09T08:00:00+00:00,79261.0,79730.0,78852.0,78917.0,3826.65346,-0.004349537133222011
2026-09-09T10:00:00+00:00,78917.0,79374.0,78714.0,79309.0,3647.62018,0.004954948011270674
2026-09-09T12:00:00+00:00,79309.0,79650.0,79090.0,79122.0,3000.22057,-0.002360650211647461
2026-09-09T14:00:00+00:00,79122.0,79398.0,78044.0,78581.0,9886.44487,-0.0068610251198277464
2026-09-09T16:00:00+00:00,78580.0,78917.0,78437.0,78767.0,2356.9973,0.0023641874905994597
2026-09-09T18:00:00+00:00,78766.0,78786.0,78104.0,78188.0,3393.04149,-0.00737794433361326
2026-09-09T20:00:00+00:00,78189.0,78307.0,77909.0,78095.0,3284.61339,-0.0011901487810896335
2026-09-09T22:00:00+00:00,78096.0,78279.0,77718.0,78275.0,2864.04678,0.0023022329027836187
2026-09-10T00:00:00+00:00,78269.0,78467.0,77903.0,78066.0,2346.07115,-0.0026736444630754736
2026-09-10T02:00:00+00:00,78066.0,78494.0,77934.0,78295.0,1836.60352,0.0029291212480123323
2026-09-10T04:00:00+00:00,78296.0,78527.0,78229.0,78499.0,1162.71006,0.002602141856313508
2026-09-10T06:00:00+00:00,78498.0,78511.0,77868.0,78086.0,2428.71291,-0.005275102438956581
2026-09-10T08:00:00+00:00,78086.0,78207.0,77887.0,77954.0,1617.66143,-0.0016918742820664643
2026-09-10T10:00:00+00:00,77953.0,78024.0,77680.0,77822.0,2226.47226,-0.0016947415724326684
2026-09-10T12:00:00+00:00,77821.0,77935.0,76666.0,77147.0,9626.01555,-0.008711474795545746
2026-09-10T14:00:00+00:00,77148.0,77399.0,76929.0,77227.0,2242.37942,0.0010364440535508984
2026-09-10T16:00:00+00:00,77226.0,77520.0,76772.0,77305.0,2957.18149,0.001009499736288751
2026-09-10T18:00:00+00:00,77305.0,77313.0,76959.0,77132.0,1679.61347,-0.0022403966971993525
2026-09-10T20:00:00+00:00,77132.0,77332.0,77085.0,77122.0,1123.69702,-0.0001296562813802147
2026-09-10T22:00:00+00:00,77121.0,77192.0,76440.0,76533.0,2053.01098,-0.00766656320885839
2026-09-11T00:00:00+00:00,76534.0,76979.0,76527.0,76946.0,1218.38313,0.005381856760299495
2026-09-11T02:00:00+00:00,76947.0,76990.0,76681.0,76866.0,577.63919,-0.001040231025067868
2026-09-11T04:00:00+00:00,76866.0,77238.0,76855.0,77238.0,995.77832,0.004827917803200776
2026-09-11T06:00:00+00:00,77238.0,77419.0,77148.0,77195.0,1570.27649,-0.0005568758116624497
2026-09-11T08:00:00+00:00,77194.0,77470.0,76822.0,77006.0,2367.05105,-0.0024513471980514828
2026-09-11T10:00:00+00:00,77004.0,77129.0,76718.0,77020.0,1230.58007,0.00018178749092423877
2026-09-11T12:00:00+00:00,77019.0,79334.0,76021.0,79223.0,20874.39471,0.028201532314929938
2026-09-11T14:00:00+00:00,79223.0,79867.0,77255.0,77709.0,9388.83001,-0.01929557992005077
2026-09-11T16:00:00+00:00,77709.0,78037.0,77355.0,77496.0,2879.2806,-0.0027447586575582027
2026-09-11T18:00:00+00:00,77497.0,77503.0,76851.0,77243.0,3927.64322,-0.0032700253387372134
2026-09-11T20:00:00+00:00,77243.0,77458.0,77036.0,77073.0,1595.20295,-0.002203272101023587
2026-09-11T22:00:00+00:00,77072.0,77195.0,76926.0,77180.0,1026.53371,0.0013873314251496244
2026-09-12T00:00:00+00:00,77180.0,77350.0,77176.0,77242.0,1147.33355,0.000802994435138376
2026-09-12T02:00:00+00:00,77243.0,77318.0,77181.0,77227.0,515.44297,-0.00019421372634180993
2026-09-12T04:00:00+00:00,77227.0,77288.0,77127.0,77178.0,343.32896,-0.0006346944936358415
2026-09-12T06:00:00+00:00,77179.0,77315.0,77172.0,77244.0,592.00481,0.0008548005338457539
2026-09-12T08:00:00+00:00,77244.0,77335.0,77226.0,77308.0,963.6579,0.0008282002647422041
2026-09-12T10:00:00+00:00,77309.0,77360.0,77252.0,77322.0,279.32722,0.00018107741108780773
2026-09-12T12:00:00+00:00,77321.0,77359.0,77224.0,77332.0,563.85127,0.0001293209359464438
2026-09-12T14:00:00+00:00,77332.0,77460.0,77328.0,77348.0,1001.56384,0.0002068787180897432
2026-09-12T16:00:00+00:00,77348.0,77377.0,77142.0,77182.0,489.60494,-0.002148450965540323
2026-09-12T18:00:00+00:00,77182.0,77189.0,77034.0,77091.0,1086.89649,-0.0011797269846849222
2026-09-12T20:00:00+00:00,77091.0,77246.0,77090.0,77218.0,437.19071,0.0016460482366586228
2026-09-12T22:00:00+00:00,77219.0,77277.0,77160.0,77248.0,476.04621,0.0003884350002875028
2026-09-13T00:00:00+00:00,77249.0,77311.0,77107.0,77284.0,667.30348,0.000465922924070861
2026-09-13T02:00:00+00:00,77285.0,77285.0,77159.0,77159.0,403.8928,-0.0016187205285359042
2026-09-13T04:00:00+00:00,77160.0,77288.0,77160.0,77284.0,166.17594,0.0016187205285359636
2026-09-13T06:00:00+00:00,77285.0,77285.0,77021.0,77094.0,796.94056,-0.002461491869738437
2026-09-13T08:00:00+00:00,77093.0,77138.0,76526.0,76767.0,2973.69466,-0.004250596217899075
2026-09-13T10:00:00+00:00,76767.0,76768.0,76469.0,76736.0,1048.36025,-0.00040390090645053156
2026-09-13T12:00:00+00:00,76736.0,76881.0,76509.0,76804.0,1301.08112,0.000885762725621139
2026-09-13T14:00:00+00:00,76805.0,77228.0,76805.0,77090.0,2562.83828,0.0037168483405006208
2026-09-13T16:00:00+00:00,77091.0,77382.0,77090.0,77303.0,1793.85096,0.0027591942009475906
2026-09-13T18:00:00+00:00,77303.0,77381.0,77193.0,77256.0,754.64277,-0.0006081820075015184
2026-09-13T20:00:00+00:00,77257.0,77423.0,77225.0,77287.0,971.34981,0.00040118284769654396
2026-09-13T22:00:00+00:00,77288.0,77288.0,76604.0,76810.0,3187.20891,-0.006190925501722719
2026-09-14T00:00:00+00:00,76811.0,77140.0,76346.0,77091.0,2450.82817,0.0036517022275297383
2026-09-14T02:00:00+00:00,77090.0,77850.0,76985.0,77571.0,3790.36665,0.006207103763361347
2026-09-14T04:00:00+00:00,77571.0,77680.0,77461.0,77578.0,693.777,9.023583786871562e-05
2026-09-14T06:00:00+00:00,77577.0,77855.0,77347.0,77854.0,1231.19444,0.0035513959813351288
2026-09-14T08:00:00+00:00,77855.0,78344.0,77564.0,78094.0,2546.85712,0.00307795148992834
2026-09-14T10:00:00+00:00,78103.0,78128.0,77660.0,77753.0,944.46915,-0.004376093786657271
2026-09-14T12:00:00+00:00,77752.0,78488.0,77435.0,78155.0,6565.63838,0.005156898823477735
2026-09-14T14:00:00+00:00,78156.0,78699.0,78148.0,78550.0,3429.51464,0.005041330354195652
2026-09-14T16:00:00+00:00,78550.0,79028.0,78403.0,78931.0,4216.99295,0.004838688392370496
2026-09-14T18:00:00+00:00,78931.0,79310.0,78825.0,78956.0,2528.26876,0.00031668218674039787
2026-09-14T20:00:00+00:00,78965.0,79576.0,78711.0,78726.0,3198.10177,-0.0029172659291073623
2026-09-14T22:00:00+00:00,78725.0,78826.0,78081.0,78182.0,4923.92007,-0.006934027323759578
2026-09-15T00:00:00+00:00,78175.0,78235.0,77715.0,77897.0,1790.92651,-0.003652000804160557
2026-09-15T02:00:00+00:00,77896.0,77993.0,77627.0,77628.0,1192.68112,-0.003459254373864752
2026-09-15T04:00:00+00:00,77628.0,77706.0,77264.0,77609.0,2752.45216,-0.00024478700432082706
2026-09-15T06:00:00+00:00,77609.0,77715.0,76825.0,76907.0,4128.96528,-0.009086500168471163
2026-09-15T08:00:00+00:00,76902.0,77054.0,76672.0,76962.0,3951.43392,0.0007148938687120179
2026-09-15T10:00:00+00:00,76962.0,77209.0,76812.0,76908.0,2511.43346,-0.0007018912356785532
2026-09-15T12:00:00+00:00,76908.0,77122.0,76092.0,76605.0,7253.97158,-0.003947553542373133
2026-09-15T14:00:00+00:00,76605.0,76694.0,75600.0,76480.0,14242.72269,-0.0016330800245710814
2026-09-15T16:00:00+00:00,76480.0,77366.0,76151.0,76930.0,8747.20806,0.0058666487276975016
2026-09-15T18:00:00+00:00,76931.0,77205.0,74903.0,76148.0,19502.54599,-0.010217102427300983
2026-09-15T20:00:00+00:00,76149.0,76218.0,75368.0,75427.0,3299.16744,-0.009513513942944373
2026-09-15T22:00:00+00:00,75427.0,75910.0,75111.0,75608.0,3049.14796,0.0023967965921571277
2026-09-16T00:00:00+00:00,75608.0,75937.0,75430.0,75464.0,1201.71126,-0.0019063763452029342
2026-09-16T02:00:00+00:00,75464.0,76083.0,75456.0,75798.0,1223.32158,0.004416185728403236
2026-09-16T04:00:00+00:00,75798.0,75993.0,75661.0,75943.0,1020.07299,0.0019111518196716151
2026-09-16T06:00:00+00:00,75943.0,76076.0,75698.0,75742.0,2035.51217,-0.002650230644392479
2026-09-16T08:00:00+00:00,75742.0,75971.0,75326.0,75965.0,1750.71669,0.00293987964449526
2026-09-16T10:00:00+00:00,75965.0,76275.0,75858.0,76217.0,1645.46532,0.003311827027271663
2026-09-16T12:00:00+00:00,76217.0,76276.0,75562.0,75629.0,3047.67133,-0.0077447274087745314
2026-09-16T14:00:00+00:00,75629.0,75930.0,75411.0,75777.0,2560.58436,0.0019550090107227423
2026-09-16T16:00:00+00:00,75778.0,75882.0,75321.0,75668.0,2948.96795,-0.001439466721532612
2026-09-16T18:00:00+00:00,75670.0,76547.0,75000.0,76056.0,17827.87133,0.005114561253312439
2026-09-16T20:00:00+00:00,76056.0,76389.0,75900.0,75935.0,2988.9407,-0.001592199874496059
2026-09-16T22:00:00+00:00,75935.0,76247.0,75600.0,76180.0,1898.50754,0.003221249868224636
2026-09-17T00:00:00+00:00,76180.0,76750.0,76145.0,76339.0,2196.98232,0.002084986888190986
2026-09-17T02:00:00+00:00,76339.0,76500.0,76040.0,76406.0,1428.463,0.0008772791816038368
2026-09-17T04:00:00+00:00,76407.0,76613.0,76144.0,76300.0,1826.02664,-0.0013882888298415246
2026-09-17T06:00:00+00:00,76300.0,76643.0,76273.0,76424.0,1405.78372,0.0016238446772958558
2026-09-17T08:00:00+00:00,76426.0,76740.0,76355.0,76437.0,848.12955,0.00017008916638427358
2026-09-17T10:00:00+00:00,76436.0,76449.0,76138.0,76448.0,1507.31464,0.00014389900930739474
2026-09-17T12:00:00+00:00,76448.0,77150.0,76001.0,76669.0,5425.67649,0.0028866834311668276
2026-09-17T14:00:00+00:00,76669.0,77031.0,76238.0,76736.0,4150.28667,0.0008735048304832478
2026-09-17T16:00:00+00:00,76751.0,76943.0,76506.0,76641.0,2216.38474,-0.0012387778108671026
2026-09-17T18:00:00+00:00,76641.0,76750.0,76429.0,76557.0,1178.12205,-0.0010966201702114415
2026-09-17T20:00:00+00:00,76557.0,76709.0,76363.0,76378.0,840.57116,-0.0023408648345778103
2026-09-17T22:00:00+00:00,76379.0,76478.0,76210.0,76396.0,975.90303,0.0002356421915155082
2026-09-18T00:00:00+00:00,76397.0,76727.0,76259.0,76706.0,953.76847,0.004049593390629242
2026-09-18T02:00:00+00:00,76707.0,77570.0,76606.0,77346.0,2973.40332,0.008308930517485534
2026-09-18T04:00:00+00:00,77346.0,77683.0,77187.0,77455.0,2207.04381,0.0014082598693034752
2026-09-18T06:00:00+00:00,77455.0,77820.0,77369.0,77777.0,1978.568,0.00414863509885872
2026-09-18T08:00:00+00:00,77777.0,78446.0,77638.0,78181.0,4442.36758,0.00518089362095904
2026-09-18T10:00:00+00:00,78182.0,78419.0,78003.0,78039.0,2648.88719,-0.0018179495469013117
2026-09-18T12:00:00+00:00,78039.0,80509.0,78000.0,80061.0,11526.89181,0.02558014238720342
2026-09-18T14:00:00+00:00,80062.0,81147.0,80061.0,80728.0,10121.14809,0.008296635043781348
2026-09-18T16:00:00+00:00,80728.0,81292.0,80594.0,81041.0,5207.02091,0.0038697202874581533
2026-09-18T18:00:00+00:00,81041.0,81440.0,80827.0,81228.0,3023.58878,0.002304815864785093
2026-09-18T20:00:00+00:00,81227.0,81321.0,80973.0,81260.0,1528.03604,0.00039387524510971553
2026-09-18T22:00:00+00:00,81260.0,81409.0,80887.0,80916.0,1914.41546,-0.004242311019135437
2026-09-19T00:00:00+00:00,80917.0,81799.0,80873.0,81320.0,2636.13685,0.004980409219700658
2026-09-19T02:00:00+00:00,81319.0,81486.0,81164.0,81168.0,848.95142,-0.0018709079358117313
2026-09-19T04:00:00+00:00,81168.0,81266.0,80960.0,81082.0,638.02471,-0.001060092549200249
2026-09-19T06:00:00+00:00,81081.0,81320.0,80984.0,81151.0,647.42989,0.0008506284684437096
2026-09-19T08:00:00+00:00,81151.0,81574.0,81120.0,81378.0,846.512,0.002793349465055119
2026-09-19T10:00:00+00:00,81372.0,81416.0,81247.0,81352.0,834.06788,-0.0003195477197964795
2026-09-19T12:00:00+00:00,81351.0,81398.0,81212.0,81385.0,1116.25735,0.00040556235462525347
2026-09-19T14:00:00+00:00,81385.0,81996.0,81364.0,81687.0,3372.67014,0.0037038896347176787
2026-09-19T16:00:00+00:00,81687.0,81942.0,81462.0,81498.0,1877.05198,-0.002316390409770614
2026-09-19T18:00:00+00:00,81498.0,81569.0,81341.0,81382.0,857.09828,-0.001424361733936519
2026-09-19T20:00:00+00:00,81382.0,81471.0,80933.0,81119.0,1828.96203,-0.0032369059837558914
2026-09-19T22:00:00+00:00,81119.0,81403.0,81000.0,81292.0,591.18363,0.0021303983773443315
2026-09-20T00:00:00+00:00,81292.0,81364.0,81044.0,81125.0,985.23523,-0.002056435703806524
2026-09-20T02:00:00+00:00,81125.0,81185.0,80148.0,80511.0,3845.48346,-0.007597353972212607
2026-09-20T04:00:00+00:00,80512.0,80650.0,80330.0,80501.0,894.96414,-0.0001242143444321622
2026-09-20T06:00:00+00:00,80500.0,80616.0,80224.0,80327.0,779.67526,-0.0021638031672300017
2026-09-20T08:00:00+00:00,80327.0,80587.0,80172.0,80464.0,1045.49707,0.001704075889229808
2026-09-20T10:00:00+00:00,80465.0,80540.0,80279.0,80490.0,1155.91771,0.0003230736760335616
2026-09-20T12:00:00+00:00,80490.0,80664.0,80333.0,80585.0,961.09719,0.001179574869038858
2026-09-20T14:00:00+00:00,80585.0,80983.0,80414.0,80929.0,1870.81393,0.004259699099242919
2026-09-20T16:00:00+00:00,80930.0,81505.0,80801.0,81179.0,3600.72053,0.0030843659559552706
2026-09-20T18:00:00+00:00,81179.0,81341.0,81046.0,81207.0,867.96504,0.00034485731870358545
2026-09-20T20:00:00+00:00,81207.0,81249.0,80587.0,80965.0,1794.87025,-0.0029844878231489475
2026-09-20T22:00:00+00:00,80965.0,81374.0,80815.0,81221.0,1494.63439,0.0031568718952875176
2026-09-21T00:00:00+00:00,81221.0,82150.0,80888.0,81037.0,5695.67605,-0.0022679939216746275
2026-09-21T02:00:00+00:00,81036.0,81626.0,80996.0,81464.0,1799.15569,0.005255364370317164
2026-09-21T04:00:00+00:00,81463.0,81837.0,81255.0,81593.0,879.8304,0.0015822691072868778
2026-09-21T06:00:00+00:00,81592.0,81902.0,81440.0,81768.0,1204.24432,0.0021424950501239977
2026-09-21T08:00:00+00:00,81767.0,85500.0,81767.0,84735.0,14187.41772,0.03564277041856004
2026-09-21T10:00:00+00:00,84734.0,84950.0,84165.0,84921.0,4915.55409,0.002192673109364074
2026-09-21T12:00:00+00:00,84921.0,85910.0,84830.0,85524.0,10113.21301,0.007075625753034739
2026-09-21T14:00:00+00:00,85524.0,86439.0,85100.0,85985.0,7482.69153,0.005375824128428796
2026-09-21T16:00:00+00:00,85985.0,86188.0,85660.0,85946.0,2564.51794,-0.0004536703755448467
2026-09-21T18:00:00+00:00,85946.0,86954.0,85857.0,86566.0,4771.03546,0.007187936716635832
2026-09-21T20:00:00+00:00,86566.0,87471.0,86566.0,86621.0,5521.66188,0.0006351516204910979
2026-09-21T22:00:00+00:00,86620.0,86798.0,86338.0,86662.0,1269.71221,0.00047321434607098655
2026-09-22T00:00:00+00:00,86662.0,86680.0,85440.0,85658.0,3252.80683,-0.011652870949638664
2026-09-22T02:00:00+00:00,85658.0,85919.0,85342.0,85747.0,2767.01058,0.0010384762171276047
2026-09-22T04:00:00+00:00,85747.0,85791.0,85158.0,85455.0,1771.59251,-0.0034111784108359637
2026-09-22T06:00:00+00:00,85454.0,85630.0,85214.0,85407.0,1391.94636,-0.0005618569519581445
2026-09-22T08:00:00+00:00,85408.0,86418.0,85380.0,86319.0,5550.51754,0.010621671433522956
2026-09-22T10:00:00+00:00,86320.0,86326.0,85812.0,86043.0,1817.21701,-0.0032025647868747435
2026-09-22T12:00:00+00:00,86043.0,86435.0,85600.0,86396.0,2698.74367,0.004094207146848203
2026-09-22T14:00:00+00:00,86396.0,86762.0,85483.0,86453.0,4796.08226,0.0006595352251523416
2026-09-22T16:00:00+00:00,86453.0,86707.0,86102.0,86614.0,3088.45681,0.0018605516527568807
2026-09-22T18:00:00+00:00,86613.0,86689.0,86185.0,86227.0,1811.92534,-0.0044781116369916754
2026-09-22T20:00:00+00:00,86228.0,86419.0,86169.0,86222.0,1186.87432,-5.798815883417979e-05
2026-09-22T22:00:00+00:00,86222.0,86553.0,86050.0,86237.0,1986.5867,0.0001739543895978695
2026-09-23T00:00:00+00:00,86237.0,86890.0,86174.0,86419.0,2454.09862,0.0021082391276393483
2026-09-23T02:00:00+00:00,86418.0,87000.0,86306.0,86761.0,1845.70138,0.003949652899792089
2026-09-23T04:00:00+00:00,86760.0,87333.0,86466.0,86556.0,3658.99149,-0.002365608631583832
2026-09-23T06:00:00+00:00,86555.0,86673.0,86051.0,86178.0,1598.2619,-0.004376678631795169
2026-09-23T08:00:00+00:00,86179.0,86319.0,85735.0,85904.0,2118.0642,-0.0031845309975270255
2026-09-23T10:00:00+00:00,85905.0,86006.0,85468.0,85702.0,2287.26627,-0.002354231125917844
2026-09-23T12:00:00+00:00,85701.0,85922.0,85282.0,85845.0,2855.14278,0.0016671819748795421
2026-09-23T14:00:00+00:00,85845.0,85985.0,83844.0,83989.0,18452.23094,-0.021857506641825748
2026-09-23T16:00:00+00:00,83989.0,84370.0,83440.0,84295.0,8800.9462,0.0036367133804149124
2026-09-23T18:00:00+00:00,84295.0,84537.0,84102.0,84488.0,1742.06509,0.002286961176408798
2026-09-23T20:00:00+00:00,84487.0,84536.0,84172.0,84391.0,1408.37293,-0.0011487515992753387
2026-09-23T22:00:00+00:00,84391.0,84650.0,84306.0,84366.0,1590.99337,-0.00029628400816420224
2026-09-24T00:00:00+00:00,84365.0,84469.0,84029.0,84072.0,2061.67315,-0.0034909022734383797
2026-09-24T02:00:00+00:00,84072.0,84437.0,83599.0,83894.0,4749.35109,-0.0021194773541557215
2026-09-24T04:00:00+00:00,83894.0,84360.0,83737.0,83932.0,1342.57137,0.00045284998330894085
2026-09-24T06:00:00+00:00,83932.0,84578.0,83854.0,84483.0,2736.66055,0.006543383498625556
2026-09-24T08:00:00+00:00,84484.0,84587.0,82835.0,83223.0,8443.30564,-0.015026578759353246
2026-09-24T10:00:00+00:00,83224.0,83586.0,83121.0,83464.0,2681.9518,0.0028916492339473307
2026-09-24T12:00:00+00:00,83464.0,84321.0,83303.0,84239.0,4542.66047,0.009242595744388625
2026-09-24T14:00:00+00:00,84240.0,84925.0,83351.0,84407.0,9863.26013,0.001992339641282116
2026-09-24T16:00:00+00:00,84407.0,84919.0,83980.0,84086.0,5717.21392,-0.0038102519197466054
2026-09-24T18:00:00+00:00,84086.0,84641.0,83850.0,84399.0,2672.77264,0.003715468558894566
2026-09-24T20:00:00+00:00,84392.0,84485.0,84133.0,84325.0,1095.58622,-0.0008771722427730584
2026-09-24T22:00:00+00:00,84326.0,84445.0,83891.0,84385.0,2725.74014,0.0007112797407336919
2026-09-25T00:00:00+00:00,84386.0,84777.0,84333.0,84589.0,1372.3569,0.002414573829261535
2026-09-25T02:00:00+00:00,84589.0,84876.0,84052.0,84221.0,2693.47358,-0.004359938190206218
2026-09-25T04:00:00+00:00,84221.0,84339.0,84050.0,84186.0,1673.48987,-0.0004156596875892443
2026-09-25T06:00:00+00:00,84186.0,84279.0,83742.0,84027.0,1535.93838,-0.0018904608722679797
2026-09-25T08:00:00+00:00,84027.0,84830.0,84024.0,84556.0,1658.03258,0.00627586098579376
2026-09-25T10:00:00+00:00,84556.0,85277.0,84366.0,84567.0,4006.77063,0.00013008283930041926
2026-09-25T12:00:00+00:00,84568.0,84700.0,83508.0,83911.0,7977.84114,-0.0077874062510876274
2026-09-25T14:00:00+00:00,83912.0,84097.0,83133.0,83772.0,6716.68073,-0.001657890565387824
2026-09-25T16:00:00+00:00,83772.0,84114.0,83600.0,83767.0,2663.9983,-5.9687595144787605e-05
2026-09-25T18:00:00+00:00,83766.0,84074.0,83766.0,83988.0,1468.24901,0.0026347963142830063
2026-09-25T20:00:00+00:00,83988.0,84173.0,83580.0,83765.0,1751.24495,-0.0026586723499072372
2026-09-25T22:00:00+00:00,83765.0,84103.0,83729.0,84066.0,706.05554,0.0035869454716537475
2026-09-26T00:00:00+00:00,84066.0,84100.0,83748.0,84040.0,860.29438,-0.0003093286403497652
2026-09-26T02:00:00+00:00,84040.0,84111.0,83874.0,83905.0,757.57407,-0.001607669523674538
2026-09-26T04:00:00+00:00,83905.0,84009.0,83816.0,83891.0,389.83409,-0.00016686929405337084
2026-09-26T06:00:00+00:00,83891.0,84091.0,83843.0,84076.0,404.73703,0.002202814538661826
2026-09-26T08:00:00+00:00,84076.0,84321.0,83929.0,83976.0,1560.66702,-0.0011901079642369463
2026-09-26T10:00:00+00:00,83984.0,84180.0,83983.0,84142.0,880.6374,0.0019748040536759106
2026-09-26T12:00:00+00:00,84142.0,84176.0,83819.0,83915.0,942.58221,-0.002701466027029811
2026-09-26T14:00:00+00:00,83915.0,84163.0,83885.0,84133.0,530.09842,0.0025944982658225556
2026-09-26T16:00:00+00:00,84134.0,84134.0,84001.0,84110.0,402.86131,-0.00027341405161920244
2026-09-26T18:00:00+00:00,84110.0,84148.0,83935.0,83981.0,983.61317,-0.0015348831921466828
2026-09-26T20:00:00+00:00,83982.0,84219.0,83797.0,84125.0,1522.54975,0.0017132051826925815
2026-09-26T22:00:00+00:00,84125.0,84444.0,84124.0,84413.0,1400.49553,0.0034176302118768946
2026-09-27T00:00:00+00:00,84414.0,84550.0,84224.0,84471.0,547.61921,0.0006868620151140665
2026-09-27T02:00:00+00:00,84471.0,84515.0,84345.0,84382.0,481.32998,-0.0010541714774622982
2026-09-27T04:00:00+00:00,84383.0,84616.0,84277.0,84450.0,481.33571,0.0008055345393884404
2026-09-27T06:00:00+00:00,84451.0,84774.0,84442.0,84770.0,670.02014,0.003782063366505196
2026-09-27T08:00:00+00:00,84770.0,84944.0,84563.0,84926.0,2134.3006,0.0018385824526802796
2026-09-27T10:00:00+00:00,84926.0,85100.0,84763.0,84881.0,1423.98529,-0.0005300134983060562
2026-09-27T12:00:00+00:00,84881.0,85138.0,84608.0,85006.0,1502.00728,0.0014715666596899334
2026-09-27T14:00:00+00:00,85007.0,85031.0,84313.0,84434.0,1606.6549,-0.006751678150269989
2026-09-27T16:00:00+00:00,84434.0,84642.0,84299.0,84555.0,578.57994,0.0014320461175395917
2026-09-27T18:00:00+00:00,84555.0,84829.0,84539.0,84703.0,962.87639,0.0017488099554465164
2026-09-27T20:00:00+00:00,84703.0,84767.0,84419.0,84644.0,1224.21279,-0.000696794184569607
2026-09-27T22:00:00+00:00,84644.0,84738.0,84082.0,84437.0,2916.84826,-0.0024485318092400264
2026-09-28T00:00:00+00:00,84438.0,84978.0,83553.0,83651.0,3228.94647,-0.009352312229283243
2026-09-28T02:00:00+00:00,83652.0,83743.0,83162.0,83295.0,2962.73221,-0.0042648585723214704
2026-09-28T04:00:00+00:00,83296.0,83492.0,82642.0,83143.0,2674.73396,-0.0018265064739733598
2026-09-28T06:00:00+00:00,83143.0,83256.0,82884.0,82922.0,1904.33962,-0.0026616099776200744
2026-09-28T08:00:00+00:00,82922.0,83121.0,82562.0,82630.0,2203.34375,-0.0035275961969936987
2026-09-28T10:00:00+00:00,82630.0,83102.0,82630.0,83068.0,1341.70642,0.005286738767639669
2026-09-28T12:00:00+00:00,83068.0,83815.0,82995.0,83620.0,3200.04678,0.006623176447686455
2026-09-28T14:00:00+00:00,83620.0,83620.0,82551.0,83364.0,4311.21219,-0.0030661644296747976
2026-09-28T16:00:00+00:00,83356.0,84370.0,83226.0,83862.0,4663.75291,0.0059560292320801535
2026-09-28T18:00:00+00:00,83862.0,84044.0,83050.0,83354.0,3431.01328,-0.006075992283604322
2026-09-28T20:00:00+00:00,83354.0,83630.0,83171.0,83179.0,1292.45646,-0.0021016863254228546
2026-09-28T22:00:00+00:00,83179.0,83596.0,83050.0,83457.0,1524.62197,0.003336617032511163
2026-09-29T00:00:00+00:00,83458.0,83579.0,82732.0,83031.0,1950.98746,-0.005117497113319533
2026-09-29T02:00:00+00:00,83030.0,83178.0,82830.0,83032.0,911.43445,1.2043621998971347e-05
2026-09-29T04:00:00+00:00,83031.0,83399.0,82924.0,83397.0,884.53165,0.004386261831711677
2026-09-29T06:00:00+00:00,83397.0,84170.0,83383.0,83936.0,1649.92665,0.0064422661897636235
2026-09-29T08:00:00+00:00,83937.0,84334.0,83716.0,84213.0,2167.54956,0.003294699945532042
2026-09-29T10:00:00+00:00,84214.0,84469.0,83881.0,84312.0,1636.71259,0.001174900001640373
2026-09-29T12:00:00+00:00,84313.0,84522.0,83975.0,84189.0,4015.87399,-0.001459932247842748
2026-09-29T14:00:00+00:00,84186.0,84260.0,82858.0,83048.0,6133.66899,-0.013645517492848678
2026-09-29T16:00:00+00:00,83052.0,83283.0,82880.0,83049.0,1850.29114,1.20411566736287e-05
2026-09-29T18:00:00+00:00,83050.0,83679.0,83050.0,83565.0,1896.04163,0.006193977093270663
2026-09-29T20:00:00+00:00,83571.0,83627.0,83334.0,83464.0,1017.92761,-0.001209370975220221
2026-09-29T22:00:00+00:00,83465.0,83801.0,83464.0,83620.0,1137.96686,0.0018673247627506901
2026-09-30T00:00:00+00:00,83620.0,83689.0,83294.0,83405.0,1037.76736,-0.0025744663224001913
2026-09-30T02:00:00+00:00,83405.0,83581.0,83133.0,83271.0,1000.88526,-0.001607910303463339
2026-09-30T04:00:00+00:00,83271.0,83483.0,83135.0,83338.0,1395.3535,0.0008042783236397914
2026-09-30T06:00:00+00:00,83338.0,83423.0,82914.0,83258.0,1854.21497,-0.0009604072864800819
2026-09-30T08:00:00+00:00,83259.0,83769.0,82987.0,83589.0,2039.48277,0.0039677121463032325
2026-09-30T10:00:00+00:00,83589.0,83942.0,83588.0,83878.0,1945.76618,0.003451429677362643
2026-09-30T12:00:00+00:00,83878.0,85645.0,83720.0,84630.0,11567.82596,0.008925451518633562
2026-09-30T14:00:00+00:00,84630.0,84631.0,83342.0,84121.0,6464.19687,-0.006032575138811834
2026-09-30T16:00:00+00:00,84122.0,84493.0,83910.0,84011.0,2141.39832,-0.0013084958924513275
2026-09-30T18:00:00+00:00,84012.0,84066.0,83475.0,83587.0,2312.90185,-0.005059737044190556
2026-09-30T20:00:00+00:00,83586.0,83826.0,83513.0,83748.0,1313.8,0.0019242842164540756
2026-09-30T22:00:00+00:00,83749.0,83856.0,83507.0,83607.0,1564.19311,-0.0016850411802757537
